dataset,seed,alpha,method,n_orders,n_feasible,frr_matched,far_matched,frr_deployed,far_deployed,source,machine
lfw_x_fing,0,0.0001,LR-P1-N2,1,1,0.0023809523809523,9.648674726147908e-05,0.0023809523809523,7.804075146149044e-05,"E3fresh thresholds (calib boot, earlier stages) + test scores; matched_far.py --fresh",cloud
lfw_x_fing,0,0.0001,P0-Parallel,1,1,0.0285714285714285,9.932459276916965e-05,0.0333333333333333,5.959475566150179e-05,"E3fresh thresholds (calib boot, earlier stages) + test scores; matched_far.py --fresh",cloud
lfw_x_fing,0,0.0001,P1-LLR,1,1,0.0,9.932459276916965e-05,0.0,7.378398319995459e-05,"E3fresh thresholds (calib boot, earlier stages) + test scores; matched_far.py --fresh",cloud
lfw_x_fing,0,0.0001,P2-LogReg,1,1,0.0011904761904761,9.932459276916965e-05,0.0011904761904761,6.385152392303763e-05,"E3fresh thresholds (calib boot, earlier stages) + test scores; matched_far.py --fresh",cloud
lfw_x_fing,0,0.0001,S1-Marcialis,2,2,0.0011904761904761,9.932459276916965e-05,0.0011904761904761,6.1013678415347066e-05,"E3fresh thresholds (calib boot, earlier stages) + test scores; matched_far.py --fresh",cloud
lfw_x_fing,0,0.0001,S2-Symmetric,2,2,0.0011904761904761,9.932459276916965e-05,0.0011904761904761,6.1013678415347066e-05,"E3fresh thresholds (calib boot, earlier stages) + test scores; matched_far.py --fresh",cloud
lfw_x_fing,0,0.0001,S3-SPRT,1,1,0.0,9.932459276916965e-05,0.0,7.236506044610932e-05,"E3fresh thresholds (calib boot, earlier stages) + test scores; matched_far.py --fresh",cloud
lfw_x_fing,0,0.0001,S4-Direct,1,1,0.0023809523809523,8.655428798456213e-05,0.0023809523809523,6.952721493841875e-05,"E3fresh thresholds (calib boot, earlier stages) + test scores; matched_far.py --fresh",cloud
lfw_x_fing,0,0.001,HYP,1,1,0.0059523809523809,0.000998921618707,0.0059523809523809,0.000998921618707,"E3fresh thresholds (calib boot, earlier stages) + test scores; matched_far.py --fresh",cloud
lfw_x_fing,0,0.001,LR-P1-N2,2,2,0.0011904761904761,0.0009613201657301,0.0011904761904761,0.0009031443328224,"E3fresh thresholds (calib boot, earlier stages) + test scores; matched_far.py --fresh",cloud
lfw_x_fing,0,0.001,P0-Parallel,1,1,0.0083333333333333,0.000998921618707,0.0095238095238095,0.0007364209092457,"E3fresh thresholds (calib boot, earlier stages) + test scores; matched_far.py --fresh",cloud
lfw_x_fing,0,0.001,P1-LLR,1,1,0.0,0.000998921618707,0.0,0.0008016913559225,"E3fresh thresholds (calib boot, earlier stages) + test scores; matched_far.py --fresh",cloud
lfw_x_fing,0,0.001,P2-LogReg,1,1,0.0,0.000998921618707,0.0,0.000852772575061,"E3fresh thresholds (calib boot, earlier stages) + test scores; matched_far.py --fresh",cloud
lfw_x_fing,0,0.001,S1-Marcialis,2,2,0.0,0.000998921618707,0.0,0.0009506782450763,"E3fresh thresholds (calib boot, earlier stages) + test scores; matched_far.py --fresh",cloud
lfw_x_fing,0,0.001,S2-Symmetric,2,2,0.0,0.000998921618707,0.0,0.0009506782450763,"E3fresh thresholds (calib boot, earlier stages) + test scores; matched_far.py --fresh",cloud
lfw_x_fing,0,0.001,S3-SPRT,2,2,0.0,0.000998921618707,0.0,0.0008549009591917,"E3fresh thresholds (calib boot, earlier stages) + test scores; matched_far.py --fresh",cloud
lfw_x_fing,0,0.001,S4-Direct,4,4,0.0011904761904761,0.0008985328338725,0.0011904761904761,0.0007860832056302,"E3fresh thresholds (calib boot, earlier stages) + test scores; matched_far.py --fresh",cloud
lfw_x_fing,0,0.01,HYP,4,4,0.0035714285714285,0.0093372211816788,0.0035714285714285,0.009165886259152,"E3fresh thresholds (calib boot, earlier stages) + test scores; matched_far.py --fresh",cloud
lfw_x_fing,0,0.01,LR-P1-N2,3,3,0.0011904761904761,0.0097593507009478,0.0011904761904761,0.0097593507009478,"E3fresh thresholds (calib boot, earlier stages) + test scores; matched_far.py --fresh",cloud
lfw_x_fing,0,0.01,P0-Parallel,1,1,0.0035714285714285,0.0099991486463476,0.0035714285714285,0.008519212214087,"E3fresh thresholds (calib boot, earlier stages) + test scores; matched_far.py --fresh",cloud
lfw_x_fing,0,0.01,P1-LLR,1,1,0.0,0.0099991486463476,0.0,0.0090754299335944,"E3fresh thresholds (calib boot, earlier stages) + test scores; matched_far.py --fresh",cloud
lfw_x_fing,0,0.01,P2-LogReg,1,1,0.0,0.0099991486463476,0.0,0.0096827288722401,"E3fresh thresholds (calib boot, earlier stages) + test scores; matched_far.py --fresh",cloud
lfw_x_fing,0,0.01,S1-Marcialis,2,2,0.0,0.0099991486463476,0.0,0.0102914467336398,"E3fresh thresholds (calib boot, earlier stages) + test scores; matched_far.py --fresh",cloud
lfw_x_fing,0,0.01,S2-Symmetric,2,2,0.0,0.0099991486463476,0.0,0.0102914467336398,"E3fresh thresholds (calib boot, earlier stages) + test scores; matched_far.py --fresh",cloud
lfw_x_fing,0,0.01,S3-SPRT,2,2,0.0,0.0099991486463476,0.0,0.009528066292071,"E3fresh thresholds (calib boot, earlier stages) + test scores; matched_far.py --fresh",cloud
lfw_x_fing,0,0.01,S4-Direct,1,1,0.0011904761904761,0.008344684715364,0.0011904761904761,0.008344684715364,"E3fresh thresholds (calib boot, earlier stages) + test scores; matched_far.py --fresh",cloud
lfw_x_fing,1,0.0001,LR-P1-N2,3,3,0.0023809523809523,9.648674726147908e-05,0.0027777777777777,7.662182870764516e-05,"E3fresh thresholds (calib boot, earlier stages) + test scores; matched_far.py --fresh",cloud
lfw_x_fing,1,0.0001,P0-Parallel,1,1,0.0392857142857142,9.932459276916965e-05,0.0392857142857142,8.655428798456213e-05,"E3fresh thresholds (calib boot, earlier stages) + test scores; matched_far.py --fresh",cloud
lfw_x_fing,1,0.0001,P1-LLR,1,1,0.0011904761904761,9.932459276916965e-05,0.0011904761904761,7.945967421533571e-05,"E3fresh thresholds (calib boot, earlier stages) + test scores; matched_far.py --fresh",cloud
lfw_x_fing,1,0.0001,P2-LogReg,1,1,0.0011904761904761,9.932459276916965e-05,0.0011904761904761,6.952721493841875e-05,"E3fresh thresholds (calib boot, earlier stages) + test scores; matched_far.py --fresh",cloud
lfw_x_fing,1,0.0001,S1-Marcialis,2,2,0.0047619047619047,9.932459276916965e-05,0.0047619047619047,7.520290595379987e-05,"E3fresh thresholds (calib boot, earlier stages) + test scores; matched_far.py --fresh",cloud
lfw_x_fing,1,0.0001,S2-Symmetric,2,2,0.0047619047619047,9.932459276916965e-05,0.0047619047619047,7.520290595379987e-05,"E3fresh thresholds (calib boot, earlier stages) + test scores; matched_far.py --fresh",cloud
lfw_x_fing,1,0.0001,S3-SPRT,1,1,0.0011904761904761,9.932459276916965e-05,0.0011904761904761,7.804075146149044e-05,"E3fresh thresholds (calib boot, earlier stages) + test scores; matched_far.py --fresh",cloud
lfw_x_fing,1,0.0001,S4-Direct,3,3,0.0067460317460317,8.986510774353444e-05,0.0067460317460316,9.932459276912072e-05,"E3fresh thresholds (calib boot, earlier stages) + test scores; matched_far.py --fresh",cloud
lfw_x_fing,1,0.001,HYP,2,1,0.0083333333333333,0.0009975026959532,0.0083333333333333,0.0010273000737839,"E3fresh thresholds (calib boot, earlier stages) + test scores; matched_far.py --fresh",cloud
lfw_x_fing,1,0.001,LR-P1-N2,3,3,0.0019841269841269,0.000983786442666,0.0019841269841269,0.0010798002156762,"E3fresh thresholds (calib boot, earlier stages) + test scores; matched_far.py --fresh",cloud
lfw_x_fing,1,0.001,P0-Parallel,1,1,0.0178571428571428,0.000998921618707,0.0166666666666666,0.0010202054600147,"E3fresh thresholds (calib boot, earlier stages) + test scores; matched_far.py --fresh",cloud
lfw_x_fing,1,0.001,P1-LLR,1,1,0.0011904761904761,0.000998921618707,0.0011904761904761,0.0010230433055224,"E3fresh thresholds (calib boot, earlier stages) + test scores; matched_far.py --fresh",cloud
lfw_x_fing,1,0.001,P2-LogReg,1,1,0.0011904761904761,0.000998921618707,0.0011904761904761,0.0010187865372609,"E3fresh thresholds (calib boot, earlier stages) + test scores; matched_far.py --fresh",cloud
lfw_x_fing,1,0.001,S1-Marcialis,3,3,0.0035714285714285,0.000998921618707,0.0035714285714284,0.0010731785761582,"E3fresh thresholds (calib boot, earlier stages) + test scores; matched_far.py --fresh",cloud
lfw_x_fing,1,0.001,S2-Symmetric,3,3,0.0035714285714285,0.000998921618707,0.0035714285714284,0.0010731785761582,"E3fresh thresholds (calib boot, earlier stages) + test scores; matched_far.py --fresh",cloud
lfw_x_fing,1,0.001,S3-SPRT,2,2,0.0011904761904761,0.000998921618707,0.0011904761904761,0.0010790907542992,"E3fresh thresholds (calib boot, earlier stages) + test scores; matched_far.py --fresh",cloud
lfw_x_fing,1,0.001,S4-Direct,4,4,0.0017857142857142,0.0009318775185878,0.0017857142857142,0.0010021141949031,"E3fresh thresholds (calib boot, earlier stages) + test scores; matched_far.py --fresh",cloud
lfw_x_fing,1,0.01,HYP,4,4,0.0047619047619047,0.0096146205800556,0.0047619047619047,0.0094113598955672,"E3fresh thresholds (calib boot, earlier stages) + test scores; matched_far.py --fresh",cloud
lfw_x_fing,1,0.01,LR-P1-N2,3,3,0.0011904761904761,0.0097021208165427,0.0011904761904761,0.0096576612369222,"E3fresh thresholds (calib boot, earlier stages) + test scores; matched_far.py --fresh",cloud
lfw_x_fing,1,0.01,P0-Parallel,1,1,0.0059523809523809,0.0099991486463476,0.0059523809523809,0.010115500312163,"E3fresh thresholds (calib boot, earlier stages) + test scores; matched_far.py --fresh",cloud
lfw_x_fing,1,0.01,P1-LLR,1,1,0.0011904761904761,0.0099991486463476,0.0011904761904761,0.0104744877688858,"E3fresh thresholds (calib boot, earlier stages) + test scores; matched_far.py --fresh",cloud
lfw_x_fing,1,0.01,P2-LogReg,1,1,0.0011904761904761,0.0099991486463476,0.0011904761904761,0.009986378341563,"E3fresh thresholds (calib boot, earlier stages) + test scores; matched_far.py --fresh",cloud
lfw_x_fing,1,0.01,S1-Marcialis,3,3,0.0031746031746031,0.0099991486463476,0.003174603174603,0.0097588777266964,"E3fresh thresholds (calib boot, earlier stages) + test scores; matched_far.py --fresh",cloud
lfw_x_fing,1,0.01,S2-Symmetric,4,4,0.0029761904761904,0.0096798910267325,0.0029761904761903,0.009499687836994,"E3fresh thresholds (calib boot, earlier stages) + test scores; matched_far.py --fresh",cloud
lfw_x_fing,1,0.01,S3-SPRT,2,2,0.0011904761904761,0.0099991486463476,0.0011904761904761,0.0103772915602474,"E3fresh thresholds (calib boot, earlier stages) + test scores; matched_far.py --fresh",cloud
lfw_x_fing,1,0.01,S4-Direct,4,4,0.0014880952380952,0.0092453459333673,0.0014880952380951,0.0092453459333673,"E3fresh thresholds (calib boot, earlier stages) + test scores; matched_far.py --fresh",cloud
fing_x_face,10,0.001,LR-P1-N2,3,3,0.0102960102960102,0.0009876986621172,0.0115830115830115,0.0008530124809194,"E3fresh thresholds (calib boot, earlier stages) + test scores; matched_far.py --fresh",cloud
fing_x_face,10,0.001,P0-Parallel,1,1,0.0077220077220077,0.0009876986621172,0.0115830115830115,0.0007781868246984,"E3fresh thresholds (calib boot, earlier stages) + test scores; matched_far.py --fresh",cloud
fing_x_face,10,0.001,P1-LLR,1,1,0.0,0.0009876986621172,0.0,0.000897907874652,"E3fresh thresholds (calib boot, earlier stages) + test scores; matched_far.py --fresh",cloud
fing_x_face,10,0.001,P2-LogReg,1,1,0.0038610038610038,0.0009876986621172,0.0038610038610038,0.000897907874652,"E3fresh thresholds (calib boot, earlier stages) + test scores; matched_far.py --fresh",cloud
fing_x_face,10,0.001,S1-Marcialis,18,18,0.0193050193050193,0.0009153671944369,0.0205920205920205,0.0008180938413496,"E3fresh thresholds (calib boot, earlier stages) + test scores; matched_far.py --fresh",cloud
fing_x_face,10,0.001,S2-Symmetric,19,19,0.0199146514935988,0.0009191741137885,0.0211339158707579,0.0008104800026464,"E3fresh thresholds (calib boot, earlier stages) + test scores; matched_far.py --fresh",cloud
fing_x_face,10,0.001,S3-SPRT,4,4,0.0028957528957528,0.0009876986621172,0.0019305019305019,0.0010325940558498,"E3fresh thresholds (calib boot, earlier stages) + test scores; matched_far.py --fresh",cloud
fing_x_face,10,0.001,S4-Direct,8,8,0.0144787644787644,0.0008904253090299,0.0159266409266409,0.0008286941426475,"E3fresh thresholds (calib boot, earlier stages) + test scores; matched_far.py --fresh",cloud
fing_x_face,10,0.01,HYP,1,1,0.0424710424710424,0.0099967076711262,0.0424710424710424,0.0090539044027416,"E3fresh thresholds (calib boot, earlier stages) + test scores; matched_far.py --fresh",cloud
fing_x_face,10,0.01,LR-P1-N2,5,3,0.0038610038610038,0.0099917192940448,0.003088803088803,0.0107988387058153,"E3fresh thresholds (calib boot, earlier stages) + test scores; matched_far.py --fresh",cloud
fing_x_face,10,0.01,P0-Parallel,1,1,0.0,0.0099967076711262,0.0,0.0105803477896501,"E3fresh thresholds (calib boot, earlier stages) + test scores; matched_far.py --fresh",cloud
fing_x_face,10,0.01,P1-LLR,1,1,0.0,0.0099967076711262,0.0,0.0097273353087306,"E3fresh thresholds (calib boot, earlier stages) + test scores; matched_far.py --fresh",cloud
fing_x_face,10,0.01,P2-LogReg,1,1,0.0038610038610038,0.0099967076711262,0.0038610038610038,0.0088294274340785,"E3fresh thresholds (calib boot, earlier stages) + test scores; matched_far.py --fresh",cloud
fing_x_face,10,0.01,S1-Marcialis,6,6,0.0077220077220077,0.0099967076711262,0.0077220077220077,0.0089491484840322,"E3fresh thresholds (calib boot, earlier stages) + test scores; matched_far.py --fresh",cloud
fing_x_face,10,0.01,S2-Symmetric,6,6,0.0077220077220077,0.0099967076711262,0.0077220077220077,0.0089491484840322,"E3fresh thresholds (calib boot, earlier stages) + test scores; matched_far.py --fresh",cloud
fing_x_face,10,0.01,S3-SPRT,6,6,0.0012870012870012,0.0099967076711262,0.0012870012870012,0.0095028583400676,"E3fresh thresholds (calib boot, earlier stages) + test scores; matched_far.py --fresh",cloud
fing_x_face,10,0.01,S4-Direct,15,15,0.0113256113256113,0.0096714654854189,0.0113256113256112,0.0092713976434906,"E3fresh thresholds (calib boot, earlier stages) + test scores; matched_far.py --fresh",cloud
fing_x_face,11,0.001,LR-P1-N2,10,10,0.0084942084942084,0.0009712370177486,0.0092664092664092,0.0008305647840531,"E3fresh thresholds (calib boot, earlier stages) + test scores; matched_far.py --fresh",cloud
fing_x_face,11,0.001,P0-Parallel,1,1,0.0115830115830115,0.0009876986621172,0.0115830115830115,0.0013917572057106,"E3fresh thresholds (calib boot, earlier stages) + test scores; matched_far.py --fresh",cloud
fing_x_face,11,0.001,P1-LLR,1,1,0.0,0.0009876986621172,0.0,0.0007632216934542,"E3fresh thresholds (calib boot, earlier stages) + test scores; matched_far.py --fresh",cloud
fing_x_face,11,0.001,P2-LogReg,1,1,0.0038610038610038,0.0009876986621172,0.0038610038610038,0.0008829427434078,"E3fresh thresholds (calib boot, earlier stages) + test scores; matched_far.py --fresh",cloud
fing_x_face,11,0.001,S1-Marcialis,6,6,0.018018018018018,0.0008380473496752,0.0180180180180179,0.0010625243183382,"E3fresh thresholds (calib boot, earlier stages) + test scores; matched_far.py --fresh",cloud
fing_x_face,11,0.001,S2-Symmetric,6,6,0.018018018018018,0.0008380473496752,0.0180180180180179,0.0010625243183382,"E3fresh thresholds (calib boot, earlier stages) + test scores; matched_far.py --fresh",cloud
fing_x_face,11,0.001,S3-SPRT,1,1,0.0038610038610038,0.0009876986621172,0.0038610038610038,0.00074825656221,"E3fresh thresholds (calib boot, earlier stages) + test scores; matched_far.py --fresh",cloud
fing_x_face,11,0.001,S4-Direct,3,3,0.0102960102960102,0.000972733530873,0.0102960102960102,0.0008679776121636,"E3fresh thresholds (calib boot, earlier stages) + test scores; matched_far.py --fresh",cloud
fing_x_face,11,0.01,HYP,1,1,0.027027027027027,0.0099967076711262,0.027027027027027,0.0071982281284606,"E3fresh thresholds (calib boot, earlier stages) + test scores; matched_far.py --fresh",cloud
fing_x_face,11,0.01,LR-P1-N2,11,10,0.0034749034749034,0.0098560354374307,0.0038610038610038,0.0087981367051134,"E3fresh thresholds (calib boot, earlier stages) + test scores; matched_far.py --fresh",cloud
fing_x_face,11,0.01,P0-Parallel,1,1,0.0,0.0099967076711262,0.0,0.010131393852324,"E3fresh thresholds (calib boot, earlier stages) + test scores; matched_far.py --fresh",cloud
fing_x_face,11,0.01,P1-LLR,1,1,0.0,0.0099967076711262,0.0,0.0080362754781359,"E3fresh thresholds (calib boot, earlier stages) + test scores; matched_far.py --fresh",cloud
fing_x_face,11,0.01,P2-LogReg,1,1,0.0038610038610038,0.0099967076711262,0.0038610038610038,0.0082308221843105,"E3fresh thresholds (calib boot, earlier stages) + test scores; matched_far.py --fresh",cloud
fing_x_face,11,0.01,S1-Marcialis,6,6,0.0128700128700128,0.0099967076711262,0.0128700128700128,0.006255424860076,"E3fresh thresholds (calib boot, earlier stages) + test scores; matched_far.py --fresh",cloud
fing_x_face,11,0.01,S2-Symmetric,10,10,0.0119691119691119,0.0096390410343898,0.0119691119691119,0.0067298195205171,"E3fresh thresholds (calib boot, earlier stages) + test scores; matched_far.py --fresh",cloud
fing_x_face,11,0.01,S3-SPRT,2,2,0.0038610038610038,0.0099967076711262,0.0038610038610038,0.0091885905839393,"E3fresh thresholds (calib boot, earlier stages) + test scores; matched_far.py --fresh",cloud
fing_x_face,11,0.01,S4-Direct,10,10,0.0077220077220077,0.0094849001825746,0.008108108108108,0.0083819700098769,"E3fresh thresholds (calib boot, earlier stages) + test scores; matched_far.py --fresh",cloud
fing_x_face,12,0.001,LR-P1-N2,1,0,,,0.0115830115830115,0.0012570710245128,"E3fresh thresholds (calib boot, earlier stages) + test scores; matched_far.py --fresh",cloud
fing_x_face,12,0.001,P0-Parallel,1,1,0.0231660231660231,0.0009876986621172,0.0231660231660231,0.000673430905989,"E3fresh thresholds (calib boot, earlier stages) + test scores; matched_far.py --fresh",cloud
fing_x_face,12,0.001,P1-LLR,1,1,0.0038610038610038,0.0009876986621172,0.0038610038610038,0.0010026637933614,"E3fresh thresholds (calib boot, earlier stages) + test scores; matched_far.py --fresh",cloud
fing_x_face,12,0.001,P2-LogReg,1,1,0.0115830115830115,0.0009876986621172,0.0077220077220077,0.001047559187094,"E3fresh thresholds (calib boot, earlier stages) + test scores; matched_far.py --fresh",cloud
fing_x_face,12,0.001,S1-Marcialis,8,8,0.0135135135135135,0.0008829427434078,0.0135135135135134,0.0008829427434078,"E3fresh thresholds (calib boot, earlier stages) + test scores; matched_far.py --fresh",cloud
fing_x_face,12,0.001,S2-Symmetric,3,3,0.009009009009009,0.0008929194975706,0.0090090090090089,0.0011024313349894,"E3fresh thresholds (calib boot, earlier stages) + test scores; matched_far.py --fresh",cloud
fing_x_face,12,0.001,S3-SPRT,2,2,0.0115830115830115,0.0009876986621172,0.0115830115830115,0.0009128730058962,"E3fresh thresholds (calib boot, earlier stages) + test scores; matched_far.py --fresh",cloud
fing_x_face,12,0.001,S4-Direct,2,1,0.0038610038610038,0.0008679776121636,0.0096525096525096,0.0012570710245128,"E3fresh thresholds (calib boot, earlier stages) + test scores; matched_far.py --fresh",cloud
fing_x_face,12,0.01,HYP,1,0,,,0.027027027027027,0.0122265122265122,"E3fresh thresholds (calib boot, earlier stages) + test scores; matched_far.py --fresh",cloud
fing_x_face,12,0.01,LR-P1-N2,3,1,0.0077220077220077,0.0098021609649516,0.0064350064350064,0.0118324304370815,"E3fresh thresholds (calib boot, earlier stages) + test scores; matched_far.py --fresh",cloud
fing_x_face,12,0.01,P0-Parallel,1,1,0.0,0.0099967076711262,0.0,0.0106701385771153,"E3fresh thresholds (calib boot, earlier stages) + test scores; matched_far.py --fresh",cloud
fing_x_face,12,0.01,P1-LLR,1,1,0.0,0.0099967076711262,0.0,0.0112537786956391,"E3fresh thresholds (calib boot, earlier stages) + test scores; matched_far.py --fresh",cloud
fing_x_face,12,0.01,P2-LogReg,1,1,0.0038610038610038,0.0099967076711262,0.0038610038610038,0.0112837089581275,"E3fresh thresholds (calib boot, earlier stages) + test scores; matched_far.py --fresh",cloud
fing_x_face,12,0.01,S1-Marcialis,14,14,0.0091009376723662,0.0099935008572882,0.0118587975730832,0.0097561966332729,"E3fresh thresholds (calib boot, earlier stages) + test scores; matched_far.py --fresh",cloud
fing_x_face,12,0.01,S2-Symmetric,3,3,0.0064350064350064,0.0099967076711262,0.0064350064350064,0.0073927748346352,"E3fresh thresholds (calib boot, earlier stages) + test scores; matched_far.py --fresh",cloud
fing_x_face,12,0.01,S3-SPRT,3,3,0.0115830115830115,0.0099967076711262,0.0115830115830115,0.0101214170981612,"E3fresh thresholds (calib boot, earlier stages) + test scores; matched_far.py --fresh",cloud
fing_x_face,12,0.01,S4-Direct,21,19,0.0081284291810607,0.0096225793900212,0.0079058650487221,0.0108205025148546,"E3fresh thresholds (calib boot, earlier stages) + test scores; matched_far.py --fresh",cloud
fing_x_face,13,0.001,LR-P1-N2,4,4,0.0125482625482625,0.0009278381371404,0.0135135135135134,0.0005611924216575,"E3fresh thresholds (calib boot, earlier stages) + test scores; matched_far.py --fresh",cloud
fing_x_face,13,0.001,P0-Parallel,1,1,0.0115830115830115,0.0009876986621172,0.0115830115830115,0.0007632216934542,"E3fresh thresholds (calib boot, earlier stages) + test scores; matched_far.py --fresh",cloud
fing_x_face,13,0.001,P1-LLR,1,1,0.0,0.0009876986621172,0.0,0.0007781868246984,"E3fresh thresholds (calib boot, earlier stages) + test scores; matched_far.py --fresh",cloud
fing_x_face,13,0.001,P2-LogReg,1,1,0.0077220077220077,0.0009876986621172,0.0077220077220077,0.000897907874652,"E3fresh thresholds (calib boot, earlier stages) + test scores; matched_far.py --fresh",cloud
fing_x_face,13,0.001,S1-Marcialis,6,6,0.0257400257400257,0.0007781868246984,0.0257400257400256,0.0005387447247912,"E3fresh thresholds (calib boot, earlier stages) + test scores; matched_far.py --fresh",cloud
fing_x_face,13,0.001,S2-Symmetric,6,6,0.0257400257400257,0.0007781868246984,0.0257400257400256,0.0005387447247912,"E3fresh thresholds (calib boot, earlier stages) + test scores; matched_far.py --fresh",cloud
fing_x_face,13,0.001,S3-SPRT,2,2,0.0,0.0009876986621172,0.0,0.0008081170871868,"E3fresh thresholds (calib boot, earlier stages) + test scores; matched_far.py --fresh",cloud
fing_x_face,13,0.001,S4-Direct,7,7,0.0104798676227247,0.000900045750544,0.0115830115830115,0.0005900537461998,"E3fresh thresholds (calib boot, earlier stages) + test scores; matched_far.py --fresh",cloud
fing_x_face,13,0.01,HYP,1,1,0.0308880308880308,0.0099967076711262,0.0308880308880308,0.0100266379336146,"E3fresh thresholds (calib boot, earlier stages) + test scores; matched_far.py --fresh",cloud
fing_x_face,13,0.01,LR-P1-N2,4,3,0.0102960102960102,0.0099967076711262,0.0106177606177605,0.0098732453383615,"E3fresh thresholds (calib boot, earlier stages) + test scores; matched_far.py --fresh",cloud
fing_x_face,13,0.01,P0-Parallel,1,1,0.0,0.0099967076711262,0.0,0.010131393852324,"E3fresh thresholds (calib boot, earlier stages) + test scores; matched_far.py --fresh",cloud
fing_x_face,13,0.01,P1-LLR,1,1,0.0,0.0099967076711262,0.0,0.0112687438268833,"E3fresh thresholds (calib boot, earlier stages) + test scores; matched_far.py --fresh",cloud
fing_x_face,13,0.01,P2-LogReg,1,1,0.0038610038610038,0.0099967076711262,0.0038610038610038,0.0110891622519529,"E3fresh thresholds (calib boot, earlier stages) + test scores; matched_far.py --fresh",cloud
fing_x_face,13,0.01,S1-Marcialis,12,12,0.0032175032175032,0.0099967076711262,0.005148005148005,0.0101426177007571,"E3fresh thresholds (calib boot, earlier stages) + test scores; matched_far.py --fresh",cloud
fing_x_face,13,0.01,S2-Symmetric,14,14,0.0041367898510755,0.0099967076711262,0.0057915057915057,0.0100800848309153,"E3fresh thresholds (calib boot, earlier stages) + test scores; matched_far.py --fresh",cloud
fing_x_face,13,0.01,S3-SPRT,5,5,0.0007722007722007,0.0099967076711262,0.0007722007722007,0.0104127383197149,"E3fresh thresholds (calib boot, earlier stages) + test scores; matched_far.py --fresh",cloud
fing_x_face,13,0.01,S4-Direct,20,20,0.0054054054054054,0.0097161114602975,0.0057915057915057,0.00949013797851,"E3fresh thresholds (calib boot, earlier stages) + test scores; matched_far.py --fresh",cloud
fing_x_face,14,0.001,LR-P1-N2,8,7,0.0198565912851627,0.0009855607862252,0.0246138996138995,0.0008904253090299,"E3fresh thresholds (calib boot, earlier stages) + test scores; matched_far.py --fresh",cloud
fing_x_face,14,0.001,P0-Parallel,1,1,0.027027027027027,0.0009876986621172,0.0308880308880308,0.000823082218431,"E3fresh thresholds (calib boot, earlier stages) + test scores; matched_far.py --fresh",cloud
fing_x_face,14,0.001,P1-LLR,1,1,0.0,0.0009876986621172,0.0038610038610038,0.0005537098560354,"E3fresh thresholds (calib boot, earlier stages) + test scores; matched_far.py --fresh",cloud
fing_x_face,14,0.001,P2-LogReg,1,1,0.0077220077220077,0.0009876986621172,0.0115830115830115,0.0007781868246984,"E3fresh thresholds (calib boot, earlier stages) + test scores; matched_far.py --fresh",cloud
fing_x_face,14,0.001,S1-Marcialis,12,12,0.0135135135135135,0.0007819281075095,0.0135135135135134,0.0008642363293525,"E3fresh thresholds (calib boot, earlier stages) + test scores; matched_far.py --fresh",cloud
fing_x_face,14,0.001,S2-Symmetric,12,12,0.0135135135135135,0.0007819281075095,0.0135135135135134,0.0008642363293525,"E3fresh thresholds (calib boot, earlier stages) + test scores; matched_far.py --fresh",cloud
fing_x_face,14,0.001,S3-SPRT,11,11,0.0035100035100035,0.0009876986621172,0.0066690066690066,0.0005333028588842,"E3fresh thresholds (calib boot, earlier stages) + test scores; matched_far.py --fresh",cloud
fing_x_face,14,0.001,S4-Direct,2,2,0.0115830115830115,0.0009876986621172,0.0115830115830115,0.0008530124809194,"E3fresh thresholds (calib boot, earlier stages) + test scores; matched_far.py --fresh",cloud
fing_x_face,14,0.01,HYP,2,2,0.0617760617760617,0.0099967076711262,0.0617760617760617,0.0091062823620963,"E3fresh thresholds (calib boot, earlier stages) + test scores; matched_far.py --fresh",cloud
fing_x_face,14,0.01,LR-P1-N2,1,1,0.0,0.0099967076711262,0.0,0.0087396366466133,"E3fresh thresholds (calib boot, earlier stages) + test scores; matched_far.py --fresh",cloud
fing_x_face,14,0.01,P0-Parallel,1,1,0.0154440154440154,0.0099967076711262,0.0231660231660231,0.0075573912783215,"E3fresh thresholds (calib boot, earlier stages) + test scores; matched_far.py --fresh",cloud
fing_x_face,14,0.01,P1-LLR,1,1,0.0,0.0099967076711262,0.0,0.0086049504654155,"E3fresh thresholds (calib boot, earlier stages) + test scores; matched_far.py --fresh",cloud
fing_x_face,14,0.01,P2-LogReg,1,1,0.0,0.0099967076711262,0.0,0.0085750202029271,"E3fresh thresholds (calib boot, earlier stages) + test scores; matched_far.py --fresh",cloud
fing_x_face,14,0.01,S1-Marcialis,14,14,0.0113072255929398,0.0099870872296121,0.0113072255929398,0.0081378245830072,"E3fresh thresholds (calib boot, earlier stages) + test scores; matched_far.py --fresh",cloud
fing_x_face,14,0.01,S2-Symmetric,14,14,0.0113072255929398,0.0099870872296121,0.0113072255929398,0.0081378245830072,"E3fresh thresholds (calib boot, earlier stages) + test scores; matched_far.py --fresh",cloud
fing_x_face,14,0.01,S3-SPRT,15,15,0.003088803088803,0.0099348517953169,0.003088803088803,0.0084742549858828,"E3fresh thresholds (calib boot, earlier stages) + test scores; matched_far.py --fresh",cloud
fing_x_face,14,0.01,S4-Direct,4,4,0.0019305019305019,0.0094691867947681,0.0019305019305019,0.0087059651013138,"E3fresh thresholds (calib boot, earlier stages) + test scores; matched_far.py --fresh",cloud
fing_x_face,15,0.001,LR-P1-N2,2,1,0.0115830115830115,0.0009876986621172,0.0135135135135134,0.0010700068839603,"E3fresh thresholds (calib boot, earlier stages) + test scores; matched_far.py --fresh",cloud
fing_x_face,15,0.001,P0-Parallel,1,1,0.0193050193050193,0.0009876986621172,0.027027027027027,0.0004040585435934,"E3fresh thresholds (calib boot, earlier stages) + test scores; matched_far.py --fresh",cloud
fing_x_face,15,0.001,P1-LLR,1,1,0.0038610038610038,0.0009876986621172,0.0038610038610038,0.0005836401185238,"E3fresh thresholds (calib boot, earlier stages) + test scores; matched_far.py --fresh",cloud
fing_x_face,15,0.001,P2-LogReg,1,1,0.0115830115830115,0.0009876986621172,0.0231660231660231,0.0006135703810122,"E3fresh thresholds (calib boot, earlier stages) + test scores; matched_far.py --fresh",cloud
fing_x_face,15,0.001,S1-Marcialis,8,8,0.0173745173745173,0.0009839573793062,0.0173745173745173,0.0009091317230851,"E3fresh thresholds (calib boot, earlier stages) + test scores; matched_far.py --fresh",cloud
fing_x_face,15,0.001,S2-Symmetric,8,8,0.0173745173745173,0.0009839573793062,0.0173745173745173,0.0009091317230851,"E3fresh thresholds (calib boot, earlier stages) + test scores; matched_far.py --fresh",cloud
fing_x_face,15,0.001,S3-SPRT,2,2,0.0038610038610038,0.0009876986621172,0.0038610038610038,0.0005911226841459,"E3fresh thresholds (calib boot, earlier stages) + test scores; matched_far.py --fresh",cloud
fing_x_face,15,0.001,S4-Direct,11,11,0.0186030186030186,0.0009305590700939,0.0182520182520182,0.0008938264752217,"E3fresh thresholds (calib boot, earlier stages) + test scores; matched_far.py --fresh",cloud
fing_x_face,15,0.01,HYP,1,1,0.0347490347490347,0.0099967076711262,0.0347490347490347,0.0080362754781359,"E3fresh thresholds (calib boot, earlier stages) + test scores; matched_far.py --fresh",cloud
fing_x_face,15,0.01,LR-P1-N2,3,3,0.0064350064350064,0.0098370796045214,0.0064350064350063,0.0096874282920794,"E3fresh thresholds (calib boot, earlier stages) + test scores; matched_far.py --fresh",cloud
fing_x_face,15,0.01,P0-Parallel,1,1,0.0038610038610038,0.0099967076711262,0.0077220077220077,0.0055071682978659,"E3fresh thresholds (calib boot, earlier stages) + test scores; matched_far.py --fresh",cloud
fing_x_face,15,0.01,P1-LLR,1,1,0.0,0.0099967076711262,0.0,0.0069438208973092,"E3fresh thresholds (calib boot, earlier stages) + test scores; matched_far.py --fresh",cloud
fing_x_face,15,0.01,P2-LogReg,1,1,0.0,0.0099967076711262,0.0,0.0070934722097512,"E3fresh thresholds (calib boot, earlier stages) + test scores; matched_far.py --fresh",cloud
fing_x_face,15,0.01,S1-Marcialis,6,6,0.0064350064350064,0.0099967076711262,0.0102960102960102,0.0081559965280895,"E3fresh thresholds (calib boot, earlier stages) + test scores; matched_far.py --fresh",cloud
fing_x_face,15,0.01,S2-Symmetric,6,6,0.0064350064350064,0.0099967076711262,0.0102960102960102,0.0081559965280895,"E3fresh thresholds (calib boot, earlier stages) + test scores; matched_far.py --fresh",cloud
fing_x_face,15,0.01,S3-SPRT,5,5,0.0007722007722007,0.0099967076711262,0.0007722007722007,0.0070934722097512,"E3fresh thresholds (calib boot, earlier stages) + test scores; matched_far.py --fresh",cloud
fing_x_face,15,0.01,S4-Direct,13,13,0.0074250074250074,0.0093486023718581,0.01009801009801,0.0077151007383564,"E3fresh thresholds (calib boot, earlier stages) + test scores; matched_far.py --fresh",cloud
fing_x_face,16,0.001,LR-P1-N2,13,13,0.0106920106920106,0.0009013613664776,0.0148500148500147,0.0003810352647561,"E3fresh thresholds (calib boot, earlier stages) + test scores; matched_far.py --fresh",cloud
fing_x_face,16,0.001,P0-Parallel,1,1,0.0077220077220077,0.0009876986621172,0.0154440154440154,0.0003292328873724,"E3fresh thresholds (calib boot, earlier stages) + test scores; matched_far.py --fresh",cloud
fing_x_face,16,0.001,P1-LLR,1,1,0.0038610038610038,0.0009876986621172,0.0038610038610038,0.0003142677561282,"E3fresh thresholds (calib boot, earlier stages) + test scores; matched_far.py --fresh",cloud
fing_x_face,16,0.001,P2-LogReg,1,1,0.0077220077220077,0.0009876986621172,0.0115830115830115,0.0002544072311514,"E3fresh thresholds (calib boot, earlier stages) + test scores; matched_far.py --fresh",cloud
fing_x_face,16,0.001,S1-Marcialis,8,8,0.0159266409266409,0.0009876986621172,0.0197876447876447,0.0002656310795845,"E3fresh thresholds (calib boot, earlier stages) + test scores; matched_far.py --fresh",cloud
fing_x_face,16,0.001,S2-Symmetric,8,8,0.0159266409266409,0.0009876986621172,0.0173745173745173,0.0002918200592619,"E3fresh thresholds (calib boot, earlier stages) + test scores; matched_far.py --fresh",cloud
fing_x_face,16,0.001,S3-SPRT,2,2,0.0038610038610038,0.0009876986621172,0.0038610038610038,0.0003067851905061,"E3fresh thresholds (calib boot, earlier stages) + test scores; matched_far.py --fresh",cloud
fing_x_face,16,0.001,S4-Direct,1,1,0.0077220077220077,0.0008679776121636,0.0077220077220077,0.0005088144623028,"E3fresh thresholds (calib boot, earlier stages) + test scores; matched_far.py --fresh",cloud
fing_x_face,16,0.01,HYP,1,1,0.054054054054054,0.009308311633893,0.054054054054054,0.0052826913292029,"E3fresh thresholds (calib boot, earlier stages) + test scores; matched_far.py --fresh",cloud
fing_x_face,16,0.01,LR-P1-N2,8,8,0.0062741312741312,0.0098208673790069,0.0072393822393821,0.0065921403130705,"E3fresh thresholds (calib boot, earlier stages) + test scores; matched_far.py --fresh",cloud
fing_x_face,16,0.01,P0-Parallel,1,1,0.0,0.0099967076711262,0.0,0.0053275867229355,"E3fresh thresholds (calib boot, earlier stages) + test scores; matched_far.py --fresh",cloud
fing_x_face,16,0.01,P1-LLR,1,1,0.0,0.0099967076711262,0.0,0.0054622729041333,"E3fresh thresholds (calib boot, earlier stages) + test scores; matched_far.py --fresh",cloud
fing_x_face,16,0.01,P2-LogReg,1,1,0.0038610038610038,0.0099967076711262,0.0038610038610038,0.0052677261979587,"E3fresh thresholds (calib boot, earlier stages) + test scores; matched_far.py --fresh",cloud
fing_x_face,16,0.01,S1-Marcialis,6,6,0.0083655083655083,0.0099967076711262,0.0083655083655083,0.0078267636407171,"E3fresh thresholds (calib boot, earlier stages) + test scores; matched_far.py --fresh",cloud
fing_x_face,16,0.01,S2-Symmetric,4,4,0.0096525096525096,0.0099967076711262,0.0096525096525095,0.0080961360031127,"E3fresh thresholds (calib boot, earlier stages) + test scores; matched_far.py --fresh",cloud
fing_x_face,16,0.01,S3-SPRT,5,5,0.0,0.0099967076711262,0.0007722007722007,0.0052976564604471,"E3fresh thresholds (calib boot, earlier stages) + test scores; matched_far.py --fresh",cloud
fing_x_face,16,0.01,S4-Direct,18,18,0.009009009009009,0.0092958406911895,0.01008151008151,0.0064100645495993,"E3fresh thresholds (calib boot, earlier stages) + test scores; matched_far.py --fresh",cloud
fing_x_face,17,0.001,LR-P1-N2,1,1,0.0077220077220077,0.000972733530873,0.0077220077220077,0.0004040585435934,"E3fresh thresholds (calib boot, earlier stages) + test scores; matched_far.py --fresh",cloud
fing_x_face,17,0.001,P0-Parallel,1,1,0.0308880308880308,0.0009876986621172,0.0386100386100386,0.0005088144623028,"E3fresh thresholds (calib boot, earlier stages) + test scores; matched_far.py --fresh",cloud
fing_x_face,17,0.001,P1-LLR,1,1,0.0,0.0009876986621172,0.0038610038610038,0.0003292328873724,"E3fresh thresholds (calib boot, earlier stages) + test scores; matched_far.py --fresh",cloud
fing_x_face,17,0.001,P2-LogReg,1,1,0.0038610038610038,0.0009876986621172,0.0077220077220077,0.0005088144623028,"E3fresh thresholds (calib boot, earlier stages) + test scores; matched_far.py --fresh",cloud
fing_x_face,17,0.001,S1-Marcialis,26,26,0.0133650133650133,0.0009497102520358,0.0142560142560142,0.0005721284791051,"E3fresh thresholds (calib boot, earlier stages) + test scores; matched_far.py --fresh",cloud
fing_x_face,17,0.001,S2-Symmetric,26,26,0.0133650133650133,0.0009497102520358,0.0142560142560142,0.0005721284791051,"E3fresh thresholds (calib boot, earlier stages) + test scores; matched_far.py --fresh",cloud
fing_x_face,17,0.001,S3-SPRT,11,11,0.0098280098280098,0.0009876986621172,0.0136890136890136,0.0003387561527096,"E3fresh thresholds (calib boot, earlier stages) + test scores; matched_far.py --fresh",cloud
fing_x_face,17,0.001,S4-Direct,1,1,0.0115830115830115,0.0009876986621172,0.0115830115830115,0.0005537098560354,"E3fresh thresholds (calib boot, earlier stages) + test scores; matched_far.py --fresh",cloud
fing_x_face,17,0.01,HYP,1,1,0.0501930501930501,0.0099967076711262,0.0501930501930501,0.007228158390949,"E3fresh thresholds (calib boot, earlier stages) + test scores; matched_far.py --fresh",cloud
fing_x_face,17,0.01,LR-P1-N2,1,1,0.0,0.0099967076711262,0.0,0.0056717847415521,"E3fresh thresholds (calib boot, earlier stages) + test scores; matched_far.py --fresh",cloud
fing_x_face,17,0.01,P0-Parallel,1,1,0.0115830115830115,0.0099967076711262,0.0231660231660231,0.005956122235192,"E3fresh thresholds (calib boot, earlier stages) + test scores; matched_far.py --fresh",cloud
fing_x_face,17,0.01,P1-LLR,1,1,0.0,0.0099967076711262,0.0,0.0054024123791565,"E3fresh thresholds (calib boot, earlier stages) + test scores; matched_far.py --fresh",cloud
fing_x_face,17,0.01,P2-LogReg,1,1,0.0,0.0099967076711262,0.0,0.0057915057915057,"E3fresh thresholds (calib boot, earlier stages) + test scores; matched_far.py --fresh",cloud
fing_x_face,17,0.01,S1-Marcialis,8,8,0.0038610038610038,0.0099967076711262,0.0086872586872586,0.0067193439286462,"E3fresh thresholds (calib boot, earlier stages) + test scores; matched_far.py --fresh",cloud
fing_x_face,17,0.01,S2-Symmetric,8,8,0.0038610038610038,0.0099967076711262,0.0086872586872586,0.0067193439286462,"E3fresh thresholds (calib boot, earlier stages) + test scores; matched_far.py --fresh",cloud
fing_x_face,17,0.01,S3-SPRT,14,14,0.0093767236624379,0.0097380246881908,0.0093767236624379,0.0058021951709658,"E3fresh thresholds (calib boot, earlier stages) + test scores; matched_far.py --fresh",cloud
fing_x_face,17,0.01,S4-Direct,2,2,0.0173745173745173,0.0085974678997934,0.0173745173745173,0.0066220705755589,"E3fresh thresholds (calib boot, earlier stages) + test scores; matched_far.py --fresh",cloud
fing_x_face,18,0.001,LR-P1-N2,8,8,0.0154440154440154,0.0009577683996288,0.0173745173745173,0.0005518392146298,"E3fresh thresholds (calib boot, earlier stages) + test scores; matched_far.py --fresh",cloud
fing_x_face,18,0.001,P0-Parallel,1,1,0.0115830115830115,0.0009876986621172,0.0193050193050193,0.000299302624884,"E3fresh thresholds (calib boot, earlier stages) + test scores; matched_far.py --fresh",cloud
fing_x_face,18,0.001,P1-LLR,1,1,0.0038610038610038,0.0009876986621172,0.0077220077220077,0.0002843374936398,"E3fresh thresholds (calib boot, earlier stages) + test scores; matched_far.py --fresh",cloud
fing_x_face,18,0.001,P2-LogReg,1,1,0.0115830115830115,0.0009876986621172,0.0115830115830115,0.000374128281105,"E3fresh thresholds (calib boot, earlier stages) + test scores; matched_far.py --fresh",cloud
fing_x_face,18,0.001,S1-Marcialis,6,6,0.0135135135135135,0.0009876986621172,0.0173745173745173,0.000299302624884,"E3fresh thresholds (calib boot, earlier stages) + test scores; matched_far.py --fresh",cloud
fing_x_face,18,0.001,S2-Symmetric,6,6,0.0135135135135135,0.0009876986621172,0.0148005148005147,0.000299302624884,"E3fresh thresholds (calib boot, earlier stages) + test scores; matched_far.py --fresh",cloud
fing_x_face,18,0.001,S3-SPRT,9,9,0.0081510081510081,0.0009876986621172,0.0128700128700128,0.00032091892557,"E3fresh thresholds (calib boot, earlier stages) + test scores; matched_far.py --fresh",cloud
fing_x_face,18,0.001,S4-Direct,6,6,0.0102960102960102,0.0009627567767102,0.0135135135135134,0.0005113086508435,"E3fresh thresholds (calib boot, earlier stages) + test scores; matched_far.py --fresh",cloud
fing_x_face,18,0.01,HYP,1,1,0.0424710424710424,0.0099967076711262,0.0424710424710424,0.0048487025231211,"E3fresh thresholds (calib boot, earlier stages) + test scores; matched_far.py --fresh",cloud
fing_x_face,18,0.01,LR-P1-N2,24,24,0.0085263835263835,0.0098133848133848,0.010135135135135,0.0063664162501371,"E3fresh thresholds (calib boot, earlier stages) + test scores; matched_far.py --fresh",cloud
fing_x_face,18,0.01,P0-Parallel,1,1,0.0,0.0099967076711262,0.0,0.0058812965789709,"E3fresh thresholds (calib boot, earlier stages) + test scores; matched_far.py --fresh",cloud
fing_x_face,18,0.01,P1-LLR,1,1,0.0,0.0099967076711262,0.0,0.0050432492292957,"E3fresh thresholds (calib boot, earlier stages) + test scores; matched_far.py --fresh",cloud
fing_x_face,18,0.01,P2-LogReg,1,1,0.0077220077220077,0.0099967076711262,0.0077220077220077,0.0049384933105863,"E3fresh thresholds (calib boot, earlier stages) + test scores; matched_far.py --fresh",cloud
fing_x_face,18,0.01,S1-Marcialis,6,6,0.0077220077220077,0.0099967076711262,0.0115830115830115,0.0065696926162042,"E3fresh thresholds (calib boot, earlier stages) + test scores; matched_far.py --fresh",cloud
fing_x_face,18,0.01,S2-Symmetric,6,6,0.0077220077220077,0.0099967076711262,0.0115830115830115,0.0068091347161114,"E3fresh thresholds (calib boot, earlier stages) + test scores; matched_far.py --fresh",cloud
fing_x_face,18,0.01,S3-SPRT,13,13,0.0047520047520047,0.0099967076711262,0.005049005049005,0.0057489127256568,"E3fresh thresholds (calib boot, earlier stages) + test scores; matched_far.py --fresh",cloud
fing_x_face,18,0.01,S4-Direct,18,18,0.0102960102960102,0.0089424973145903,0.0109395109395108,0.0063784714947505,"E3fresh thresholds (calib boot, earlier stages) + test scores; matched_far.py --fresh",cloud
fing_x_face,19,0.001,LR-P1-N2,1,1,0.0115830115830115,0.0009876986621172,0.0115830115830115,0.0006435006435006,"E3fresh thresholds (calib boot, earlier stages) + test scores; matched_far.py --fresh",cloud
fing_x_face,19,0.001,P0-Parallel,1,1,0.0231660231660231,0.0009876986621172,0.0308880308880308,0.000374128281105,"E3fresh thresholds (calib boot, earlier stages) + test scores; matched_far.py --fresh",cloud
fing_x_face,19,0.001,P1-LLR,1,1,0.0,0.0009876986621172,0.0,0.0009278381371404,"E3fresh thresholds (calib boot, earlier stages) + test scores; matched_far.py --fresh",cloud
fing_x_face,19,0.001,P2-LogReg,1,1,0.0115830115830115,0.0009876986621172,0.0193050193050193,0.0004938493310586,"E3fresh thresholds (calib boot, earlier stages) + test scores; matched_far.py --fresh",cloud
fing_x_face,19,0.001,S1-Marcialis,6,6,0.0051480051480051,0.0009876986621172,0.0090090090090089,0.0006360180778785,"E3fresh thresholds (calib boot, earlier stages) + test scores; matched_far.py --fresh",cloud
fing_x_face,19,0.001,S2-Symmetric,6,6,0.0051480051480051,0.0009876986621172,0.0090090090090089,0.0006360180778785,"E3fresh thresholds (calib boot, earlier stages) + test scores; matched_far.py --fresh",cloud
fing_x_face,19,0.001,S3-SPRT,8,8,0.0072393822393822,0.0009876986621172,0.0072393822393821,0.0009035197988685,"E3fresh thresholds (calib boot, earlier stages) + test scores; matched_far.py --fresh",cloud
fing_x_face,19,0.001,S4-Direct,3,3,0.0051480051480051,0.0009278381371404,0.0077220077220077,0.0005936168726866,"E3fresh thresholds (calib boot, earlier stages) + test scores; matched_far.py --fresh",cloud
fing_x_face,19,0.01,HYP,4,4,0.0579150579150579,0.0099181407320942,0.0579150579150579,0.0077669031157402,"E3fresh thresholds (calib boot, earlier stages) + test scores; matched_far.py --fresh",cloud
fing_x_face,19,0.01,LR-P1-N2,1,1,0.0077220077220077,0.009233485977672,0.0115830115830115,0.0064499715662506,"E3fresh thresholds (calib boot, earlier stages) + test scores; matched_far.py --fresh",cloud
fing_x_face,19,0.01,P0-Parallel,1,1,0.0115830115830115,0.0099967076711262,0.0154440154440154,0.0075124958845889,"E3fresh thresholds (calib boot, earlier stages) + test scores; matched_far.py --fresh",cloud
fing_x_face,19,0.01,P1-LLR,1,1,0.0,0.0099967076711262,0.0,0.0079015892969381,"E3fresh thresholds (calib boot, earlier stages) + test scores; matched_far.py --fresh",cloud
fing_x_face,19,0.01,P2-LogReg,1,1,0.0,0.0099967076711262,0.0,0.007003681422286,"E3fresh thresholds (calib boot, earlier stages) + test scores; matched_far.py --fresh",cloud
fing_x_face,19,0.01,S1-Marcialis,14,14,0.0035852178709321,0.0099967076711262,0.0057915057915057,0.0078107295715268,"E3fresh thresholds (calib boot, earlier stages) + test scores; matched_far.py --fresh",cloud
fing_x_face,19,0.01,S2-Symmetric,16,16,0.004584942084942,0.0098189967376013,0.0065154440154439,0.0076387641794618,"E3fresh thresholds (calib boot, earlier stages) + test scores; matched_far.py --fresh",cloud
fing_x_face,19,0.01,S3-SPRT,14,14,0.0082735797021511,0.0097754375163013,0.008273579702151,0.0077230766599537,"E3fresh thresholds (calib boot, earlier stages) + test scores; matched_far.py --fresh",cloud
fing_x_face,19,0.01,S4-Direct,2,2,0.0,0.008859357696567,0.0019305019305019,0.0074227050971236,"E3fresh thresholds (calib boot, earlier stages) + test scores; matched_far.py --fresh",cloud
fing_x_face,20,0.001,LR-P1-N2,1,1,0.0077220077220077,0.0009876986621172,0.0077220077220077,0.0005836401185238,"E3fresh thresholds (calib boot, earlier stages) + test scores; matched_far.py --fresh",cloud
fing_x_face,20,0.001,P0-Parallel,1,1,0.0077220077220077,0.0009876986621172,0.0115830115830115,0.000374128281105,"E3fresh thresholds (calib boot, earlier stages) + test scores; matched_far.py --fresh",cloud
fing_x_face,20,0.001,P1-LLR,1,1,0.0038610038610038,0.0009876986621172,0.0038610038610038,0.0004339888060818,"E3fresh thresholds (calib boot, earlier stages) + test scores; matched_far.py --fresh",cloud
fing_x_face,20,0.001,P2-LogReg,1,1,0.0077220077220077,0.0009876986621172,0.0077220077220077,0.0004339888060818,"E3fresh thresholds (calib boot, earlier stages) + test scores; matched_far.py --fresh",cloud
fing_x_face,20,0.001,S1-Marcialis,12,12,0.0119047619047619,0.0009876986621172,0.0119047619047618,0.000673430905989,"E3fresh thresholds (calib boot, earlier stages) + test scores; matched_far.py --fresh",cloud
fing_x_face,20,0.001,S2-Symmetric,4,4,0.0173745173745173,0.0009876986621172,0.0173745173745173,0.0006771721888,"E3fresh thresholds (calib boot, earlier stages) + test scores; matched_far.py --fresh",cloud
fing_x_face,20,0.001,S3-SPRT,2,2,0.0038610038610038,0.0009876986621172,0.0057915057915057,0.0004190236748376,"E3fresh thresholds (calib boot, earlier stages) + test scores; matched_far.py --fresh",cloud
fing_x_face,20,0.001,S4-Direct,4,4,0.0106177606177606,0.0009428032683846,0.0106177606177605,0.0005312621591691,"E3fresh thresholds (calib boot, earlier stages) + test scores; matched_far.py --fresh",cloud
fing_x_face,20,0.01,HYP,1,1,0.0347490347490347,0.0099967076711262,0.0347490347490347,0.0095178234713118,"E3fresh thresholds (calib boot, earlier stages) + test scores; matched_far.py --fresh",cloud
fing_x_face,20,0.01,LR-P1-N2,17,17,0.0061321826027708,0.009948291070042,0.0061321826027707,0.0079297589557506,"E3fresh thresholds (calib boot, earlier stages) + test scores; matched_far.py --fresh",cloud
fing_x_face,20,0.01,P0-Parallel,1,1,0.0,0.0099967076711262,0.0,0.0072880189159258,"E3fresh thresholds (calib boot, earlier stages) + test scores; matched_far.py --fresh",cloud
fing_x_face,20,0.01,P1-LLR,1,1,0.0,0.0099967076711262,0.0,0.0074376702283679,"E3fresh thresholds (calib boot, earlier stages) + test scores; matched_far.py --fresh",cloud
fing_x_face,20,0.01,P2-LogReg,1,1,0.0038610038610038,0.0099967076711262,0.0038610038610038,0.0076022866720541,"E3fresh thresholds (calib boot, earlier stages) + test scores; matched_far.py --fresh",cloud
fing_x_face,20,0.01,S1-Marcialis,6,6,0.0057915057915057,0.0099967076711262,0.0096525096525096,0.0086273981622818,"E3fresh thresholds (calib boot, earlier stages) + test scores; matched_far.py --fresh",cloud
fing_x_face,20,0.01,S2-Symmetric,6,6,0.0057915057915057,0.0099967076711262,0.007078507078507,0.0084478165873514,"E3fresh thresholds (calib boot, earlier stages) + test scores; matched_far.py --fresh",cloud
fing_x_face,20,0.01,S3-SPRT,4,4,0.0,0.0099967076711262,0.0,0.0078903654485049,"E3fresh thresholds (calib boot, earlier stages) + test scores; matched_far.py --fresh",cloud
fing_x_face,20,0.01,S4-Direct,15,15,0.0082368082368082,0.0096066165833607,0.0090090090090089,0.0075563936029051,"E3fresh thresholds (calib boot, earlier stages) + test scores; matched_far.py --fresh",cloud
fing_x_face,21,0.001,LR-P1-N2,7,7,0.0126861555432984,0.0009663199031969,0.0137892995035851,0.0008038413354027,"E3fresh thresholds (calib boot, earlier stages) + test scores; matched_far.py --fresh",cloud
fing_x_face,21,0.001,P0-Parallel,1,1,0.0077220077220077,0.0009876986621172,0.0154440154440154,0.0005088144623028,"E3fresh thresholds (calib boot, earlier stages) + test scores; matched_far.py --fresh",cloud
fing_x_face,21,0.001,P1-LLR,1,1,0.0038610038610038,0.0009876986621172,0.0038610038610038,0.000448953937326,"E3fresh thresholds (calib boot, earlier stages) + test scores; matched_far.py --fresh",cloud
fing_x_face,21,0.001,P2-LogReg,1,1,0.0077220077220077,0.0009876986621172,0.0077220077220077,0.0003591631498608,"E3fresh thresholds (calib boot, earlier stages) + test scores; matched_far.py --fresh",cloud
fing_x_face,21,0.001,S1-Marcialis,6,6,0.0167310167310167,0.0009876986621172,0.0167310167310167,0.0004938493310586,"E3fresh thresholds (calib boot, earlier stages) + test scores; matched_far.py --fresh",cloud
fing_x_face,21,0.001,S2-Symmetric,6,6,0.0167310167310167,0.0009876986621172,0.0167310167310167,0.0004938493310586,"E3fresh thresholds (calib boot, earlier stages) + test scores; matched_far.py --fresh",cloud
fing_x_face,21,0.001,S3-SPRT,7,7,0.017650303364589,0.0009876986621172,0.0198565912851626,0.0004617811926781,"E3fresh thresholds (calib boot, earlier stages) + test scores; matched_far.py --fresh",cloud
fing_x_face,21,0.001,S4-Direct,1,1,0.0154440154440154,0.0009876986621172,0.0154440154440154,0.00074825656221,"E3fresh thresholds (calib boot, earlier stages) + test scores; matched_far.py --fresh",cloud
fing_x_face,21,0.01,HYP,1,1,0.0501930501930501,0.0099967076711262,0.0501930501930501,0.0074376702283679,"E3fresh thresholds (calib boot, earlier stages) + test scores; matched_far.py --fresh",cloud
fing_x_face,21,0.01,LR-P1-N2,5,5,0.0077220077220077,0.0099967076711262,0.0077220077220077,0.0086079434916643,"E3fresh thresholds (calib boot, earlier stages) + test scores; matched_far.py --fresh",cloud
fing_x_face,21,0.01,P0-Parallel,1,1,0.0,0.0099967076711262,0.0,0.0066145880099368,"E3fresh thresholds (calib boot, earlier stages) + test scores; matched_far.py --fresh",cloud
fing_x_face,21,0.01,P1-LLR,1,1,0.0,0.0099967076711262,0.0,0.0064200413037622,"E3fresh thresholds (calib boot, earlier stages) + test scores; matched_far.py --fresh",cloud
fing_x_face,21,0.01,P2-LogReg,1,1,0.0038610038610038,0.0099967076711262,0.0038610038610038,0.0063751459100296,"E3fresh thresholds (calib boot, earlier stages) + test scores; matched_far.py --fresh",cloud
fing_x_face,21,0.01,S1-Marcialis,6,6,0.0051480051480051,0.0099967076711262,0.0090090090090089,0.0065846577474484,"E3fresh thresholds (calib boot, earlier stages) + test scores; matched_far.py --fresh",cloud
fing_x_face,21,0.01,S2-Symmetric,10,10,0.005019305019305,0.0099967076711262,0.0084942084942084,0.0069527999760557,"E3fresh thresholds (calib boot, earlier stages) + test scores; matched_far.py --fresh",cloud
fing_x_face,21,0.01,S3-SPRT,10,10,0.0123552123552123,0.0098350842536889,0.0123552123552123,0.0068480440573463,"E3fresh thresholds (calib boot, earlier stages) + test scores; matched_far.py --fresh",cloud
fing_x_face,21,0.01,S4-Direct,16,16,0.0079633204633204,0.0093232767651372,0.0086872586872586,0.0076481173864894,"E3fresh thresholds (calib boot, earlier stages) + test scores; matched_far.py --fresh",cloud
fing_x_face,22,0.001,LR-P1-N2,2,2,0.0135135135135135,0.0009203555715183,0.0154440154440154,0.0005387447247912,"E3fresh thresholds (calib boot, earlier stages) + test scores; matched_far.py --fresh",cloud
fing_x_face,22,0.001,P0-Parallel,1,1,0.0231660231660231,0.0009876986621172,0.0154440154440154,0.0013318966807338,"E3fresh thresholds (calib boot, earlier stages) + test scores; matched_far.py --fresh",cloud
fing_x_face,22,0.001,P1-LLR,1,1,0.0038610038610038,0.0009876986621172,0.0038610038610038,0.0008081170871868,"E3fresh thresholds (calib boot, earlier stages) + test scores; matched_far.py --fresh",cloud
fing_x_face,22,0.001,P2-LogReg,1,1,0.0077220077220077,0.0009876986621172,0.0077220077220077,0.0011672802370476,"E3fresh thresholds (calib boot, earlier stages) + test scores; matched_far.py --fresh",cloud
fing_x_face,22,0.001,S1-Marcialis,8,8,0.0188223938223938,0.0006678189817724,0.0188223938223938,0.0009484151926011,"E3fresh thresholds (calib boot, earlier stages) + test scores; matched_far.py --fresh",cloud
fing_x_face,22,0.001,S2-Symmetric,8,8,0.0188223938223938,0.0006678189817724,0.0188223938223938,0.0009484151926011,"E3fresh thresholds (calib boot, earlier stages) + test scores; matched_far.py --fresh",cloud
fing_x_face,22,0.001,S3-SPRT,3,3,0.0038610038610038,0.0009876986621172,0.0064350064350063,0.0006883960372332,"E3fresh thresholds (calib boot, earlier stages) + test scores; matched_far.py --fresh",cloud
fing_x_face,22,0.001,S4-Direct,19,19,0.0158504369030684,0.000865614696704,0.0188985978459662,0.0006017558037141,"E3fresh thresholds (calib boot, earlier stages) + test scores; matched_far.py --fresh",cloud
fing_x_face,22,0.01,HYP,1,1,0.0115830115830115,0.0099967076711262,0.0115830115830115,0.0096974050462422,"E3fresh thresholds (calib boot, earlier stages) + test scores; matched_far.py --fresh",cloud
fing_x_face,22,0.01,LR-P1-N2,6,6,0.0064350064350064,0.0099143994492831,0.0077220077220077,0.0090838346652299,"E3fresh thresholds (calib boot, earlier stages) + test scores; matched_far.py --fresh",cloud
fing_x_face,22,0.01,P0-Parallel,1,1,0.0,0.0099967076711262,0.0,0.0105504175271617,"E3fresh thresholds (calib boot, earlier stages) + test scores; matched_far.py --fresh",cloud
fing_x_face,22,0.01,P1-LLR,1,1,0.0,0.0099967076711262,0.0,0.0093981024213582,"E3fresh thresholds (calib boot, earlier stages) + test scores; matched_far.py --fresh",cloud
fing_x_face,22,0.01,P2-LogReg,1,1,0.0038610038610038,0.0099967076711262,0.0038610038610038,0.0090688695339858,"E3fresh thresholds (calib boot, earlier stages) + test scores; matched_far.py --fresh",cloud
fing_x_face,22,0.01,S1-Marcialis,8,8,0.0101351351351351,0.0089884319535482,0.010135135135135,0.0089884319535481,"E3fresh thresholds (calib boot, earlier stages) + test scores; matched_far.py --fresh",cloud
fing_x_face,22,0.01,S2-Symmetric,8,8,0.0101351351351351,0.0089884319535482,0.010135135135135,0.0089884319535481,"E3fresh thresholds (calib boot, earlier stages) + test scores; matched_far.py --fresh",cloud
fing_x_face,22,0.01,S3-SPRT,4,4,0.0,0.0099967076711262,0.0,0.0100341204992367,"E3fresh thresholds (calib boot, earlier stages) + test scores; matched_far.py --fresh",cloud
fing_x_face,22,0.01,S4-Direct,29,29,0.0091865264279057,0.0093867495631729,0.0095859406204233,0.0090621610268762,"E3fresh thresholds (calib boot, earlier stages) + test scores; matched_far.py --fresh",cloud
fing_x_face,23,0.001,LR-P1-N2,7,4,0.0019305019305019,0.0009876986621172,0.0033094318808604,0.0011095575879628,"E3fresh thresholds (calib boot, earlier stages) + test scores; matched_far.py --fresh",cloud
fing_x_face,23,0.001,P0-Parallel,1,1,0.0308880308880308,0.0009876986621172,0.0308880308880308,0.0006435006435006,"E3fresh thresholds (calib boot, earlier stages) + test scores; matched_far.py --fresh",cloud
fing_x_face,23,0.001,P1-LLR,1,1,0.0,0.0009876986621172,0.0,0.0008380473496752,"E3fresh thresholds (calib boot, earlier stages) + test scores; matched_far.py --fresh",cloud
fing_x_face,23,0.001,P2-LogReg,1,1,0.0038610038610038,0.0009876986621172,0.0038610038610038,0.0005537098560354,"E3fresh thresholds (calib boot, earlier stages) + test scores; matched_far.py --fresh",cloud
fing_x_face,23,0.001,S1-Marcialis,18,18,0.0057915057915057,0.0009378148913032,0.0045045045045044,0.0009128730058962,"E3fresh thresholds (calib boot, earlier stages) + test scores; matched_far.py --fresh",cloud
fing_x_face,23,0.001,S2-Symmetric,18,18,0.0057915057915057,0.0009378148913032,0.0045045045045044,0.0009128730058962,"E3fresh thresholds (calib boot, earlier stages) + test scores; matched_far.py --fresh",cloud
fing_x_face,23,0.001,S3-SPRT,2,2,0.0077220077220077,0.0009876986621172,0.0077220077220077,0.0008006345215647,"E3fresh thresholds (calib boot, earlier stages) + test scores; matched_far.py --fresh",cloud
fing_x_face,23,0.001,S4-Direct,1,1,0.0,0.000972733530873,0.0,0.0010774894495824,"E3fresh thresholds (calib boot, earlier stages) + test scores; matched_far.py --fresh",cloud
fing_x_face,23,0.01,HYP,1,1,0.0193050193050193,0.0099967076711262,0.0193050193050193,0.0097871958337074,"E3fresh thresholds (calib boot, earlier stages) + test scores; matched_far.py --fresh",cloud
fing_x_face,23,0.01,LR-P1-N2,2,2,0.0019305019305019,0.0097423004399748,0.0019305019305019,0.0089641136152763,"E3fresh thresholds (calib boot, earlier stages) + test scores; matched_far.py --fresh",cloud
fing_x_face,23,0.01,P0-Parallel,1,1,0.0154440154440154,0.0099967076711262,0.0193050193050193,0.0088593576965669,"E3fresh thresholds (calib boot, earlier stages) + test scores; matched_far.py --fresh",cloud
fing_x_face,23,0.01,P1-LLR,1,1,0.0,0.0099967076711262,0.0,0.0094130675526024,"E3fresh thresholds (calib boot, earlier stages) + test scores; matched_far.py --fresh",cloud
fing_x_face,23,0.01,P2-LogReg,1,1,0.0,0.0099967076711262,0.0,0.0079165544281823,"E3fresh thresholds (calib boot, earlier stages) + test scores; matched_far.py --fresh",cloud
fing_x_face,23,0.01,S1-Marcialis,12,12,0.0019305019305019,0.0099967076711262,0.0038610038610038,0.0094579629463349,"E3fresh thresholds (calib boot, earlier stages) + test scores; matched_far.py --fresh",cloud
fing_x_face,23,0.01,S2-Symmetric,12,12,0.0019305019305019,0.0099967076711262,0.0038610038610038,0.0094579629463349,"E3fresh thresholds (calib boot, earlier stages) + test scores; matched_far.py --fresh",cloud
fing_x_face,23,0.01,S3-SPRT,18,18,0.0083655083655083,0.0099967076711262,0.0083655083655083,0.0089358461451484,"E3fresh thresholds (calib boot, earlier stages) + test scores; matched_far.py --fresh",cloud
fing_x_face,23,0.01,S4-Direct,6,6,0.009009009009009,0.0090139973860904,0.0090090090090089,0.0090588927798229,"E3fresh thresholds (calib boot, earlier stages) + test scores; matched_far.py --fresh",cloud
fing_x_face,24,0.001,LR-P1-N2,3,3,0.009009009009009,0.000947791645466,0.0102960102960102,0.0003441980186166,"E3fresh thresholds (calib boot, earlier stages) + test scores; matched_far.py --fresh",cloud
fing_x_face,24,0.001,P0-Parallel,1,1,0.0115830115830115,0.0009876986621172,0.0193050193050193,0.000299302624884,"E3fresh thresholds (calib boot, earlier stages) + test scores; matched_far.py --fresh",cloud
fing_x_face,24,0.001,P1-LLR,1,1,0.0038610038610038,0.0009876986621172,0.0038610038610038,0.0002544072311514,"E3fresh thresholds (calib boot, earlier stages) + test scores; matched_far.py --fresh",cloud
fing_x_face,24,0.001,P2-LogReg,1,1,0.0115830115830115,0.0009876986621172,0.0154440154440154,0.0002544072311514,"E3fresh thresholds (calib boot, earlier stages) + test scores; matched_far.py --fresh",cloud
fing_x_face,24,0.001,S1-Marcialis,6,6,0.0135135135135135,0.0009876986621172,0.0135135135135134,0.0004788841998144,"E3fresh thresholds (calib boot, earlier stages) + test scores; matched_far.py --fresh",cloud
fing_x_face,24,0.001,S2-Symmetric,6,6,0.0135135135135135,0.0009876986621172,0.0135135135135134,0.0004788841998144,"E3fresh thresholds (calib boot, earlier stages) + test scores; matched_far.py --fresh",cloud
fing_x_face,24,0.001,S3-SPRT,6,6,0.0077220077220077,0.0009876986621172,0.0077220077220076,0.0002569014196921,"E3fresh thresholds (calib boot, earlier stages) + test scores; matched_far.py --fresh",cloud
fing_x_face,24,0.001,S4-Direct,2,2,0.0212355212355212,0.0008305647840531,0.0212355212355212,0.0002768549280177,"E3fresh thresholds (calib boot, earlier stages) + test scores; matched_far.py --fresh",cloud
fing_x_face,24,0.01,HYP,1,1,0.0424710424710424,0.0099967076711262,0.0424710424710424,0.0063601807787854,"E3fresh thresholds (calib boot, earlier stages) + test scores; matched_far.py --fresh",cloud
fing_x_face,24,0.01,LR-P1-N2,4,4,0.0048262548262548,0.009828349944629,0.0057915057915057,0.0055782526712758,"E3fresh thresholds (calib boot, earlier stages) + test scores; matched_far.py --fresh",cloud
fing_x_face,24,0.01,P0-Parallel,1,1,0.0,0.0099967076711262,0.0,0.0045493998982371,"E3fresh thresholds (calib boot, earlier stages) + test scores; matched_far.py --fresh",cloud
fing_x_face,24,0.01,P1-LLR,1,1,0.0,0.0099967076711262,0.0,0.0058663314477267,"E3fresh thresholds (calib boot, earlier stages) + test scores; matched_far.py --fresh",cloud
fing_x_face,24,0.01,P2-LogReg,1,1,0.0077220077220077,0.0099967076711262,0.0077220077220077,0.0062404597288318,"E3fresh thresholds (calib boot, earlier stages) + test scores; matched_far.py --fresh",cloud
fing_x_face,24,0.01,S1-Marcialis,6,6,0.0109395109395109,0.0099967076711262,0.0109395109395109,0.0098470563586842,"E3fresh thresholds (calib boot, earlier stages) + test scores; matched_far.py --fresh",cloud
fing_x_face,24,0.01,S2-Symmetric,15,15,0.0097812097812097,0.0094519768938373,0.0102960102960102,0.0073997585625491,"E3fresh thresholds (calib boot, earlier stages) + test scores; matched_far.py --fresh",cloud
fing_x_face,24,0.01,S3-SPRT,12,12,0.0054697554697554,0.0099967076711262,0.0054697554697554,0.0060234653257908,"E3fresh thresholds (calib boot, earlier stages) + test scores; matched_far.py --fresh",cloud
fing_x_face,24,0.01,S4-Direct,11,11,0.0129870129870129,0.0096729166496608,0.0136890136890136,0.0067370299928438,"E3fresh thresholds (calib boot, earlier stages) + test scores; matched_far.py --fresh",cloud
fing_x_face,25,0.001,LR-P1-N2,4,4,0.0106177606177606,0.0009652509652509,0.0115830115830115,0.0009315794199514,"E3fresh thresholds (calib boot, earlier stages) + test scores; matched_far.py --fresh",cloud
fing_x_face,25,0.001,P0-Parallel,1,1,0.0347490347490347,0.0009876986621172,0.0308880308880308,0.0013618269432222,"E3fresh thresholds (calib boot, earlier stages) + test scores; matched_far.py --fresh",cloud
fing_x_face,25,0.001,P1-LLR,1,1,0.0038610038610038,0.0009876986621172,0.0038610038610038,0.0010026637933614,"E3fresh thresholds (calib boot, earlier stages) + test scores; matched_far.py --fresh",cloud
fing_x_face,25,0.001,P2-LogReg,1,1,0.0077220077220077,0.0009876986621172,0.0077220077220077,0.0010325940558498,"E3fresh thresholds (calib boot, earlier stages) + test scores; matched_far.py --fresh",cloud
fing_x_face,25,0.001,S1-Marcialis,12,12,0.0315315315315315,0.0008717188949747,0.0315315315315314,0.000602346532579,"E3fresh thresholds (calib boot, earlier stages) + test scores; matched_far.py --fresh",cloud
fing_x_face,25,0.001,S2-Symmetric,12,12,0.0315315315315315,0.0008717188949747,0.0315315315315314,0.000602346532579,"E3fresh thresholds (calib boot, earlier stages) + test scores; matched_far.py --fresh",cloud
fing_x_face,25,0.001,S3-SPRT,10,10,0.0081081081081081,0.0009876986621172,0.008108108108108,0.0009667474783753,"E3fresh thresholds (calib boot, earlier stages) + test scores; matched_far.py --fresh",cloud
fing_x_face,25,0.001,S4-Direct,9,9,0.0163020163020163,0.0009145357982567,0.0163020163020162,0.0007831752017798,"E3fresh thresholds (calib boot, earlier stages) + test scores; matched_far.py --fresh",cloud
fing_x_face,25,0.01,HYP,2,2,0.0328185328185328,0.0099967076711262,0.0328185328185327,0.0101613241148124,"E3fresh thresholds (calib boot, earlier stages) + test scores; matched_far.py --fresh",cloud
fing_x_face,25,0.01,LR-P1-N2,18,16,0.018581081081081,0.0099536829187991,0.0169455169455169,0.0094621199272361,"E3fresh thresholds (calib boot, earlier stages) + test scores; matched_far.py --fresh",cloud
fing_x_face,25,0.01,P0-Parallel,1,1,0.0115830115830115,0.0099967076711262,0.0115830115830115,0.0096375445212654,"E3fresh thresholds (calib boot, earlier stages) + test scores; matched_far.py --fresh",cloud
fing_x_face,25,0.01,P1-LLR,1,1,0.0,0.0099967076711262,0.0,0.0101613241148124,"E3fresh thresholds (calib boot, earlier stages) + test scores; matched_far.py --fresh",cloud
fing_x_face,25,0.01,P2-LogReg,1,1,0.0,0.0099967076711262,0.0,0.0094130675526024,"E3fresh thresholds (calib boot, earlier stages) + test scores; matched_far.py --fresh",cloud
fing_x_face,25,0.01,S1-Marcialis,12,12,0.0128700128700128,0.0088032384544012,0.0128700128700128,0.0080774295890574,"E3fresh thresholds (calib boot, earlier stages) + test scores; matched_far.py --fresh",cloud
fing_x_face,25,0.01,S2-Symmetric,12,12,0.0128700128700128,0.0088032384544012,0.0128700128700128,0.0080774295890574,"E3fresh thresholds (calib boot, earlier stages) + test scores; matched_far.py --fresh",cloud
fing_x_face,25,0.01,S3-SPRT,15,15,0.0051480051480051,0.0099837378907146,0.0051480051480051,0.0098390749553539,"E3fresh thresholds (calib boot, earlier stages) + test scores; matched_far.py --fresh",cloud
fing_x_face,25,0.01,S4-Direct,11,11,0.0084240084240084,0.0095708816639049,0.0084240084240083,0.0089858810789042,"E3fresh thresholds (calib boot, earlier stages) + test scores; matched_far.py --fresh",cloud
fing_x_face,26,0.001,LR-P1-N2,3,3,0.0051480051480051,0.0009028962517334,0.005148005148005,0.000448953937326,"E3fresh thresholds (calib boot, earlier stages) + test scores; matched_far.py --fresh",cloud
fing_x_face,26,0.001,P0-Parallel,1,1,0.0038610038610038,0.0009876986621172,0.0038610038610038,0.0005836401185238,"E3fresh thresholds (calib boot, earlier stages) + test scores; matched_far.py --fresh",cloud
fing_x_face,26,0.001,P1-LLR,1,1,0.0,0.0009876986621172,0.0,0.0004040585435934,"E3fresh thresholds (calib boot, earlier stages) + test scores; matched_far.py --fresh",cloud
fing_x_face,26,0.001,P2-LogReg,1,1,0.0038610038610038,0.0009876986621172,0.0038610038610038,0.0004190236748376,"E3fresh thresholds (calib boot, earlier stages) + test scores; matched_far.py --fresh",cloud
fing_x_face,26,0.001,S1-Marcialis,6,6,0.0148005148005148,0.0008081170871868,0.0148005148005147,0.0010625243183382,"E3fresh thresholds (calib boot, earlier stages) + test scores; matched_far.py --fresh",cloud
fing_x_face,26,0.001,S2-Symmetric,6,6,0.0148005148005148,0.0008081170871868,0.0148005148005147,0.0010625243183382,"E3fresh thresholds (calib boot, earlier stages) + test scores; matched_far.py --fresh",cloud
fing_x_face,26,0.001,S3-SPRT,3,3,0.0038610038610038,0.0009876986621172,0.0038610038610038,0.0004290004290004,"E3fresh thresholds (calib boot, earlier stages) + test scores; matched_far.py --fresh",cloud
fing_x_face,26,0.001,S4-Direct,2,2,0.0057915057915057,0.0009802160964951,0.0057915057915057,0.0006435006435006,"E3fresh thresholds (calib boot, earlier stages) + test scores; matched_far.py --fresh",cloud
fing_x_face,26,0.01,HYP,1,1,0.0308880308880308,0.0099967076711262,0.0308880308880308,0.0079764149531591,"E3fresh thresholds (calib boot, earlier stages) + test scores; matched_far.py --fresh",cloud
fing_x_face,26,0.01,LR-P1-N2,6,6,0.0025740025740025,0.0098645156784691,0.0038610038610038,0.006262907425698,"E3fresh thresholds (calib boot, earlier stages) + test scores; matched_far.py --fresh",cloud
fing_x_face,26,0.01,P0-Parallel,1,1,0.0,0.0099967076711262,0.0,0.0069438208973092,"E3fresh thresholds (calib boot, earlier stages) + test scores; matched_far.py --fresh",cloud
fing_x_face,26,0.01,P1-LLR,1,1,0.0,0.0099967076711262,0.0,0.0060010176289246,"E3fresh thresholds (calib boot, earlier stages) + test scores; matched_far.py --fresh",cloud
fing_x_face,26,0.01,P2-LogReg,1,1,0.0038610038610038,0.0099967076711262,0.0038610038610038,0.0058962617102151,"E3fresh thresholds (calib boot, earlier stages) + test scores; matched_far.py --fresh",cloud
fing_x_face,26,0.01,S1-Marcialis,6,6,0.0077220077220077,0.0099967076711262,0.0115830115830115,0.0082233396186884,"E3fresh thresholds (calib boot, earlier stages) + test scores; matched_far.py --fresh",cloud
fing_x_face,26,0.01,S2-Symmetric,6,6,0.0077220077220077,0.0099967076711262,0.0115830115830115,0.0082233396186884,"E3fresh thresholds (calib boot, earlier stages) + test scores; matched_far.py --fresh",cloud
fing_x_face,26,0.01,S3-SPRT,7,7,0.0022062879205736,0.0099967076711262,0.0022062879205736,0.0068860982482244,"E3fresh thresholds (calib boot, earlier stages) + test scores; matched_far.py --fresh",cloud
fing_x_face,26,0.01,S4-Direct,9,9,0.0051480051480051,0.0095028583400676,0.0060060060060059,0.0074260306818445,"E3fresh thresholds (calib boot, earlier stages) + test scores; matched_far.py --fresh",cloud
fing_x_face,27,0.001,LR-P1-N2,9,9,0.0064350064350064,0.0009295009295009,0.0107250107250106,0.0004772214074539,"E3fresh thresholds (calib boot, earlier stages) + test scores; matched_far.py --fresh",cloud
fing_x_face,27,0.001,P0-Parallel,1,1,0.0154440154440154,0.0009876986621172,0.0231660231660231,0.0003142677561282,"E3fresh thresholds (calib boot, earlier stages) + test scores; matched_far.py --fresh",cloud
fing_x_face,27,0.001,P1-LLR,1,1,0.0,0.0009876986621172,0.0,0.0004190236748376,"E3fresh thresholds (calib boot, earlier stages) + test scores; matched_far.py --fresh",cloud
fing_x_face,27,0.001,P2-LogReg,1,1,0.0,0.0009876986621172,0.0,0.0003441980186166,"E3fresh thresholds (calib boot, earlier stages) + test scores; matched_far.py --fresh",cloud
fing_x_face,27,0.001,S1-Marcialis,6,6,0.0109395109395109,0.0007332914309658,0.0109395109395108,0.0005836401185238,"E3fresh thresholds (calib boot, earlier stages) + test scores; matched_far.py --fresh",cloud
fing_x_face,27,0.001,S2-Symmetric,6,6,0.0109395109395109,0.0007332914309658,0.0109395109395108,0.0005836401185238,"E3fresh thresholds (calib boot, earlier stages) + test scores; matched_far.py --fresh",cloud
fing_x_face,27,0.001,S3-SPRT,2,2,0.0057915057915057,0.0009876986621172,0.0057915057915057,0.0004714016341923,"E3fresh thresholds (calib boot, earlier stages) + test scores; matched_far.py --fresh",cloud
fing_x_face,27,0.001,S4-Direct,3,3,0.0077220077220077,0.000972733530873,0.0077220077220076,0.0003940817894306,"E3fresh thresholds (calib boot, earlier stages) + test scores; matched_far.py --fresh",cloud
fing_x_face,27,0.01,HYP,1,1,0.027027027027027,0.0099967076711262,0.027027027027027,0.0052228308042261,"E3fresh thresholds (calib boot, earlier stages) + test scores; matched_far.py --fresh",cloud
fing_x_face,27,0.01,LR-P1-N2,2,2,0.0057915057915057,0.0099967076711262,0.0077220077220076,0.0053350692885576,"E3fresh thresholds (calib boot, earlier stages) + test scores; matched_far.py --fresh",cloud
fing_x_face,27,0.01,P0-Parallel,1,1,0.0038610038610038,0.0099967076711262,0.0115830115830115,0.0067193439286462,"E3fresh thresholds (calib boot, earlier stages) + test scores; matched_far.py --fresh",cloud
fing_x_face,27,0.01,P1-LLR,1,1,0.0,0.0099967076711262,0.0,0.0060908084163898,"E3fresh thresholds (calib boot, earlier stages) + test scores; matched_far.py --fresh",cloud
fing_x_face,27,0.01,P2-LogReg,1,1,0.0,0.0099967076711262,0.0,0.0054323426416449,"E3fresh thresholds (calib boot, earlier stages) + test scores; matched_far.py --fresh",cloud
fing_x_face,27,0.01,S1-Marcialis,6,6,0.0064350064350064,0.0099967076711262,0.0102960102960102,0.0046840860794349,"E3fresh thresholds (calib boot, earlier stages) + test scores; matched_far.py --fresh",cloud
fing_x_face,27,0.01,S2-Symmetric,6,6,0.0064350064350064,0.0099967076711262,0.0102960102960102,0.0046840860794349,"E3fresh thresholds (calib boot, earlier stages) + test scores; matched_far.py --fresh",cloud
fing_x_face,27,0.01,S3-SPRT,3,3,0.0051480051480051,0.0099019285065796,0.005148005148005,0.0058713198248081,"E3fresh thresholds (calib boot, earlier stages) + test scores; matched_far.py --fresh",cloud
fing_x_face,27,0.01,S4-Direct,4,4,0.0086872586872586,0.0085413486576277,0.0106177606177606,0.0049646822902636,"E3fresh thresholds (calib boot, earlier stages) + test scores; matched_far.py --fresh",cloud
fing_x_face,28,0.001,LR-P1-N2,6,3,0.009009009009009,0.0009627567767102,0.0064350064350063,0.0011797511797511,"E3fresh thresholds (calib boot, earlier stages) + test scores; matched_far.py --fresh",cloud
fing_x_face,28,0.001,P0-Parallel,1,1,0.027027027027027,0.0009876986621172,0.027027027027027,0.000823082218431,"E3fresh thresholds (calib boot, earlier stages) + test scores; matched_far.py --fresh",cloud
fing_x_face,28,0.001,P1-LLR,1,1,0.0,0.0009876986621172,0.0,0.0012121756307802,"E3fresh thresholds (calib boot, earlier stages) + test scores; matched_far.py --fresh",cloud
fing_x_face,28,0.001,P2-LogReg,1,1,0.0038610038610038,0.0009876986621172,0.0038610038610038,0.0008829427434078,"E3fresh thresholds (calib boot, earlier stages) + test scores; matched_far.py --fresh",cloud
fing_x_face,28,0.001,S1-Marcialis,24,24,0.0164092664092664,0.0009615096824399,0.0183397683397682,0.000897907874652,"E3fresh thresholds (calib boot, earlier stages) + test scores; matched_far.py --fresh",cloud
fing_x_face,28,0.001,S2-Symmetric,24,24,0.0164092664092664,0.0009615096824399,0.0183397683397682,0.000897907874652,"E3fresh thresholds (calib boot, earlier stages) + test scores; matched_far.py --fresh",cloud
fing_x_face,28,0.001,S3-SPRT,9,9,0.0038610038610038,0.0009876986621172,0.0038610038610038,0.0013252455112919,"E3fresh thresholds (calib boot, earlier stages) + test scores; matched_far.py --fresh",cloud
fing_x_face,28,0.001,S4-Direct,4,4,0.0096525096525096,0.0009502858340067,0.0096525096525096,0.000897907874652,"E3fresh thresholds (calib boot, earlier stages) + test scores; matched_far.py --fresh",cloud
fing_x_face,28,0.01,HYP,1,0,,,0.0193050193050193,0.0121965819640238,"E3fresh thresholds (calib boot, earlier stages) + test scores; matched_far.py --fresh",cloud
fing_x_face,28,0.01,LR-P1-N2,3,1,0.0,0.0099967076711262,0.0012870012870012,0.0117725699121047,"E3fresh thresholds (calib boot, earlier stages) + test scores; matched_far.py --fresh",cloud
fing_x_face,28,0.01,P0-Parallel,1,1,0.0115830115830115,0.0099967076711262,0.0115830115830115,0.0100416030648588,"E3fresh thresholds (calib boot, earlier stages) + test scores; matched_far.py --fresh",cloud
fing_x_face,28,0.01,P1-LLR,1,1,0.0,0.0099967076711262,0.0,0.0133189668073389,"E3fresh thresholds (calib boot, earlier stages) + test scores; matched_far.py --fresh",cloud
fing_x_face,28,0.01,P2-LogReg,1,1,0.0,0.0099967076711262,0.0,0.0122714076202448,"E3fresh thresholds (calib boot, earlier stages) + test scores; matched_far.py --fresh",cloud
fing_x_face,28,0.01,S1-Marcialis,12,12,0.0019305019305019,0.0099967076711262,0.0,0.0131917631917631,"E3fresh thresholds (calib boot, earlier stages) + test scores; matched_far.py --fresh",cloud
fing_x_face,28,0.01,S2-Symmetric,12,12,0.0019305019305019,0.0099967076711262,0.0,0.0131917631917631,"E3fresh thresholds (calib boot, earlier stages) + test scores; matched_far.py --fresh",cloud
fing_x_face,28,0.01,S3-SPRT,14,14,0.0052399338113623,0.0099924319193422,0.0052399338113623,0.0126733282879461,"E3fresh thresholds (calib boot, earlier stages) + test scores; matched_far.py --fresh",cloud
fing_x_face,28,0.01,S4-Direct,6,5,0.0061776061776061,0.0094998653138188,0.0051480051480051,0.0116403779194476,"E3fresh thresholds (calib boot, earlier stages) + test scores; matched_far.py --fresh",cloud
fing_x_face,29,0.001,LR-P1-N2,7,7,0.0038610038610038,0.0009791471585491,0.0049641478212906,0.000750394438102,"E3fresh thresholds (calib boot, earlier stages) + test scores; matched_far.py --fresh",cloud
fing_x_face,29,0.001,P0-Parallel,1,1,0.0115830115830115,0.0009876986621172,0.0154440154440154,0.0007033611684774,"E3fresh thresholds (calib boot, earlier stages) + test scores; matched_far.py --fresh",cloud
fing_x_face,29,0.001,P1-LLR,1,1,0.0,0.0009876986621172,0.0,0.0008530124809194,"E3fresh thresholds (calib boot, earlier stages) + test scores; matched_far.py --fresh",cloud
fing_x_face,29,0.001,P2-LogReg,1,1,0.0038610038610038,0.0009876986621172,0.0038610038610038,0.0006883960372332,"E3fresh thresholds (calib boot, earlier stages) + test scores; matched_far.py --fresh",cloud
fing_x_face,29,0.001,S1-Marcialis,6,6,0.0077220077220077,0.0009876986621172,0.0077220077220076,0.0005836401185238,"E3fresh thresholds (calib boot, earlier stages) + test scores; matched_far.py --fresh",cloud
fing_x_face,29,0.001,S2-Symmetric,6,6,0.0077220077220077,0.0009876986621172,0.0077220077220076,0.0005836401185238,"E3fresh thresholds (calib boot, earlier stages) + test scores; matched_far.py --fresh",cloud
fing_x_face,29,0.001,S3-SPRT,21,21,0.0075381503952932,0.0009876986621172,0.008273579702151,0.0007667848199409,"E3fresh thresholds (calib boot, earlier stages) + test scores; matched_far.py --fresh",cloud
fing_x_face,29,0.001,S4-Direct,4,4,0.0086872586872586,0.0009876986621172,0.0086872586872586,0.000897907874652,"E3fresh thresholds (calib boot, earlier stages) + test scores; matched_far.py --fresh",cloud
fing_x_face,29,0.01,HYP,1,1,0.0386100386100386,0.0099667774086378,0.0386100386100386,0.0083355781030199,"E3fresh thresholds (calib boot, earlier stages) + test scores; matched_far.py --fresh",cloud
fing_x_face,29,0.01,LR-P1-N2,2,2,0.0019305019305019,0.0095028583400676,0.0019305019305019,0.0087246715153691,"E3fresh thresholds (calib boot, earlier stages) + test scores; matched_far.py --fresh",cloud
fing_x_face,29,0.01,P0-Parallel,1,1,0.0,0.0099967076711262,0.0,0.0094429978150908,"E3fresh thresholds (calib boot, earlier stages) + test scores; matched_far.py --fresh",cloud
fing_x_face,29,0.01,P1-LLR,1,1,0.0,0.0099967076711262,0.0,0.0080512406093801,"E3fresh thresholds (calib boot, earlier stages) + test scores; matched_far.py --fresh",cloud
fing_x_face,29,0.01,P2-LogReg,1,1,0.0038610038610038,0.0099967076711262,0.0038610038610038,0.0083505432342641,"E3fresh thresholds (calib boot, earlier stages) + test scores; matched_far.py --fresh",cloud
fing_x_face,29,0.01,S1-Marcialis,8,8,0.0115830115830115,0.0077556792673071,0.0115830115830115,0.0108983568285893,"E3fresh thresholds (calib boot, earlier stages) + test scores; matched_far.py --fresh",cloud
fing_x_face,29,0.01,S2-Symmetric,11,11,0.0091260091260091,0.0083668688319851,0.009126009126009,0.010067451927917,"E3fresh thresholds (calib boot, earlier stages) + test scores; matched_far.py --fresh",cloud
fing_x_face,29,0.01,S3-SPRT,25,25,0.0075675675675675,0.0099967076711262,0.0075675675675675,0.0085965699919187,"E3fresh thresholds (calib boot, earlier stages) + test scores; matched_far.py --fresh",cloud
fing_x_face,29,0.01,S4-Direct,12,12,0.0099742599742599,0.0091848493011283,0.0099742599742599,0.010106451966917,"E3fresh thresholds (calib boot, earlier stages) + test scores; matched_far.py --fresh",cloud
fing_x_fing,10,0.0001,LR-P1-N2,2,2,0.0971666666666666,9.147493608980772e-05,0.1006666666666666,7.508058241636101e-05,"E3fresh thresholds (calib boot, earlier stages) + test scores; matched_far.py --fresh",cloud
fing_x_fing,10,0.0001,P0-Parallel,1,1,0.0876666666666666,9.936645548516172e-05,0.0893333333333333,9.291986217628098e-05,"E3fresh thresholds (calib boot, earlier stages) + test scores; matched_far.py --fresh",cloud
fing_x_fing,10,0.0001,P1-LLR,1,1,0.089,9.95887518061576e-05,0.0896666666666666,9.136378792930976e-05,"E3fresh thresholds (calib boot, earlier stages) + test scores; matched_far.py --fresh",cloud
fing_x_fing,10,0.0001,P2-LogReg,1,1,0.0873333333333333,9.95887518061576e-05,0.089,9.291986217628098e-05,"E3fresh thresholds (calib boot, earlier stages) + test scores; matched_far.py --fresh",cloud
fing_x_fing,10,0.0001,S1-Marcialis,1,1,0.123,8.336112037345781e-05,0.127,5.901967322440814e-05,"E3fresh thresholds (calib boot, earlier stages) + test scores; matched_far.py --fresh",cloud
fing_x_fing,10,0.0001,S2-Symmetric,1,1,0.123,8.336112037345781e-05,0.127,5.901967322440814e-05,"E3fresh thresholds (calib boot, earlier stages) + test scores; matched_far.py --fresh",cloud
fing_x_fing,10,0.0001,S3-SPRT,2,2,0.0861666666666666,9.975547404690452e-05,0.0869999999999999,9.003001000333445e-05,"E3fresh thresholds (calib boot, earlier stages) + test scores; matched_far.py --fresh",cloud
fing_x_fing,10,0.0001,S4-Direct,1,1,0.0963333333333333,9.236412137379128e-05,0.098,8.213849060798043e-05,"E3fresh thresholds (calib boot, earlier stages) + test scores; matched_far.py --fresh",cloud
fing_x_fing,10,0.001,LR-P1-N2,1,1,0.068,0.0009386462154051,0.068,0.0009386462154051,"E3fresh thresholds (calib boot, earlier stages) + test scores; matched_far.py --fresh",cloud
fing_x_fing,10,0.001,P0-Parallel,1,1,0.059,0.0009906635545181,0.0593333333333333,0.0009776592197399,"E3fresh thresholds (calib boot, earlier stages) + test scores; matched_far.py --fresh",cloud
fing_x_fing,10,0.001,P1-LLR,1,1,0.0593333333333333,0.0009961098143825,0.0593333333333333,0.0009811048127153,"E3fresh thresholds (calib boot, earlier stages) + test scores; matched_far.py --fresh",cloud
fing_x_fing,10,0.001,P2-LogReg,1,1,0.0583333333333333,0.000999555407358,0.0586666666666666,0.0009715460709125,"E3fresh thresholds (calib boot, earlier stages) + test scores; matched_far.py --fresh",cloud
fing_x_fing,10,0.001,S1-Marcialis,1,1,0.0893333333333333,0.0009835500722463,0.0943333333333333,0.0007016783372235,"E3fresh thresholds (calib boot, earlier stages) + test scores; matched_far.py --fresh",cloud
fing_x_fing,10,0.001,S2-Symmetric,1,1,0.0893333333333333,0.0009835500722463,0.0943333333333333,0.0007016783372235,"E3fresh thresholds (calib boot, earlier stages) + test scores; matched_far.py --fresh",cloud
fing_x_fing,10,0.001,S3-SPRT,1,1,0.0583333333333333,0.0009931088140491,0.0586666666666666,0.0009550961431588,"E3fresh thresholds (calib boot, earlier stages) + test scores; matched_far.py --fresh",cloud
fing_x_fing,10,0.001,S4-Direct,1,1,0.0666666666666666,0.0009933311103701,0.0693333333333333,0.0007998221629432,"E3fresh thresholds (calib boot, earlier stages) + test scores; matched_far.py --fresh",cloud
fing_x_fing,10,0.01,LR-P1-N2,2,2,0.039,0.0088570078915193,0.0389999999999999,0.0088570078915193,"E3fresh thresholds (calib boot, earlier stages) + test scores; matched_far.py --fresh",cloud
fing_x_fing,10,0.01,P0-Parallel,1,1,0.0376666666666666,0.0099497610314549,0.0376666666666666,0.0097910414582638,"E3fresh thresholds (calib boot, earlier stages) + test scores; matched_far.py --fresh",cloud
fing_x_fing,10,0.01,P1-LLR,1,1,0.0383333333333333,0.0099768811826164,0.039,0.0097383572301878,"E3fresh thresholds (calib boot, earlier stages) + test scores; matched_far.py --fresh",cloud
fing_x_fing,10,0.01,P2-LogReg,1,1,0.0376666666666666,0.0099764365899744,0.0376666666666666,0.0098070467933755,"E3fresh thresholds (calib boot, earlier stages) + test scores; matched_far.py --fresh",cloud
fing_x_fing,10,0.01,S1-Marcialis,1,1,0.065,0.0073256641102589,0.065,0.0073256641102589,"E3fresh thresholds (calib boot, earlier stages) + test scores; matched_far.py --fresh",cloud
fing_x_fing,10,0.01,S2-Symmetric,1,1,0.04,0.0089134155829721,0.04,0.0089134155829721,"E3fresh thresholds (calib boot, earlier stages) + test scores; matched_far.py --fresh",cloud
fing_x_fing,10,0.01,S3-SPRT,2,2,0.0383333333333333,0.0099768811826164,0.039,0.0097383572301878,"E3fresh thresholds (calib boot, earlier stages) + test scores; matched_far.py --fresh",cloud
fing_x_fing,10,0.01,S4-Direct,1,1,0.0413333333333333,0.0097890407913749,0.0413333333333333,0.0097890407913749,"E3fresh thresholds (calib boot, earlier stages) + test scores; matched_far.py --fresh",cloud
fing_x_fing,11,0.0001,LR-P1-N2,2,2,0.1011666666666666,8.730688007113483e-05,0.1056666666666666,7.224630432366345e-05,"E3fresh thresholds (calib boot, earlier stages) + test scores; matched_far.py --fresh",cloud
fing_x_fing,11,0.0001,P0-Parallel,1,1,0.0896666666666666,9.903301100366788e-05,0.093,8.891852839835501e-05,"E3fresh thresholds (calib boot, earlier stages) + test scores; matched_far.py --fresh",cloud
fing_x_fing,11,0.0001,P1-LLR,1,1,0.0896666666666666,9.95887518061576e-05,0.094,8.458375013893521e-05,"E3fresh thresholds (calib boot, earlier stages) + test scores; matched_far.py --fresh",cloud
fing_x_fing,11,0.0001,P2-LogReg,1,1,0.091,9.925530732466378e-05,0.0933333333333333,8.880738023785706e-05,"E3fresh thresholds (calib boot, earlier stages) + test scores; matched_far.py --fresh",cloud
fing_x_fing,11,0.0001,S1-Marcialis,1,1,0.1216666666666666,8.358341669445371e-05,0.1216666666666666,8.358341669445371e-05,"E3fresh thresholds (calib boot, earlier stages) + test scores; matched_far.py --fresh",cloud
fing_x_fing,11,0.0001,S2-Symmetric,1,1,0.1216666666666666,8.358341669445371e-05,0.1216666666666666,8.358341669445371e-05,"E3fresh thresholds (calib boot, earlier stages) + test scores; matched_far.py --fresh",cloud
fing_x_fing,11,0.0001,S3-SPRT,1,1,0.0903333333333333,9.936645548516172e-05,0.0913333333333333,9.01411581638324e-05,"E3fresh thresholds (calib boot, earlier stages) + test scores; matched_far.py --fresh",cloud
fing_x_fing,11,0.0001,S4-Direct,1,1,0.1006666666666666,8.780704679337557e-05,0.1036666666666666,7.269089696565522e-05,"E3fresh thresholds (calib boot, earlier stages) + test scores; matched_far.py --fresh",cloud
fing_x_fing,11,0.001,LR-P1-N2,1,1,0.0693333333333333,0.0008918528398355,0.0703333333333333,0.0007650327887073,"E3fresh thresholds (calib boot, earlier stages) + test scores; matched_far.py --fresh",cloud
fing_x_fing,11,0.001,P0-Parallel,1,1,0.063,0.000996665555185,0.0646666666666666,0.0008635100589085,"E3fresh thresholds (calib boot, earlier stages) + test scores; matched_far.py --fresh",cloud
fing_x_fing,11,0.001,P1-LLR,1,1,0.0626666666666666,0.00099555407358,0.0643333333333333,0.0008586195398466,"E3fresh thresholds (calib boot, earlier stages) + test scores; matched_far.py --fresh",cloud
fing_x_fing,11,0.001,P2-LogReg,1,1,0.0613333333333333,0.000997110147827,0.0643333333333333,0.0008453929087473,"E3fresh thresholds (calib boot, earlier stages) + test scores; matched_far.py --fresh",cloud
fing_x_fing,11,0.001,S1-Marcialis,1,1,0.0903333333333333,0.0009517616983438,0.0943333333333333,0.0006822274091363,"E3fresh thresholds (calib boot, earlier stages) + test scores; matched_far.py --fresh",cloud
fing_x_fing,11,0.001,S2-Symmetric,1,1,0.0903333333333333,0.0009517616983438,0.0943333333333333,0.0006822274091363,"E3fresh thresholds (calib boot, earlier stages) + test scores; matched_far.py --fresh",cloud
fing_x_fing,11,0.001,S3-SPRT,2,2,0.0626666666666666,0.00099555407358,0.0643333333333333,0.0008586195398466,"E3fresh thresholds (calib boot, earlier stages) + test scores; matched_far.py --fresh",cloud
fing_x_fing,11,0.001,S4-Direct,1,1,0.0676666666666666,0.0009303101033677,0.07,0.0007471379348671,"E3fresh thresholds (calib boot, earlier stages) + test scores; matched_far.py --fresh",cloud
fing_x_fing,11,0.01,HYP,1,1,0.084,0.0097917083472268,0.0866666666666666,0.0071809492052906,"E3fresh thresholds (calib boot, earlier stages) + test scores; matched_far.py --fresh",cloud
fing_x_fing,11,0.01,LR-P1-N2,1,1,0.0433333333333333,0.0083837945981994,0.0456666666666666,0.0069952206290985,"E3fresh thresholds (calib boot, earlier stages) + test scores; matched_far.py --fresh",cloud
fing_x_fing,11,0.01,P0-Parallel,1,1,0.0396666666666666,0.0099889963321107,0.0416666666666666,0.0088470601311548,"E3fresh thresholds (calib boot, earlier stages) + test scores; matched_far.py --fresh",cloud
fing_x_fing,11,0.01,P1-LLR,1,1,0.0403333333333333,0.0099802156274313,0.042,0.0086628876292097,"E3fresh thresholds (calib boot, earlier stages) + test scores; matched_far.py --fresh",cloud
fing_x_fing,11,0.01,P2-LogReg,1,1,0.0403333333333333,0.0098435033900188,0.0416666666666666,0.0088420584639324,"E3fresh thresholds (calib boot, earlier stages) + test scores; matched_far.py --fresh",cloud
fing_x_fing,11,0.01,S1-Marcialis,1,1,0.063,0.0097921529398688,0.0686666666666666,0.007024119150828,"E3fresh thresholds (calib boot, earlier stages) + test scores; matched_far.py --fresh",cloud
fing_x_fing,11,0.01,S2-Symmetric,1,1,0.042,0.0097705901967322,0.0443333333333333,0.0083905746359897,"E3fresh thresholds (calib boot, earlier stages) + test scores; matched_far.py --fresh",cloud
fing_x_fing,11,0.01,S3-SPRT,1,1,0.041,0.0099774369234189,0.0433333333333333,0.0086418806268756,"E3fresh thresholds (calib boot, earlier stages) + test scores; matched_far.py --fresh",cloud
fing_x_fing,11,0.01,S4-Direct,1,1,0.0443333333333333,0.0093247749249749,0.0463333333333333,0.0086402134044681,"E3fresh thresholds (calib boot, earlier stages) + test scores; matched_far.py --fresh",cloud
face_x_face,10,0.0001,LR-P1-N2,1,1,0.2573333333333333,9.984434067155882e-05,0.2743333333333333,5.981765621525461e-05,"E3fresh thresholds (calib boot, earlier stages) + test scores; matched_far.py --fresh",cloud
face_x_face,10,0.0001,P0-Parallel,1,1,0.2156666666666666,9.984434067155882e-05,0.2433333333333333,4.958861463197687e-05,"E3fresh thresholds (calib boot, earlier stages) + test scores; matched_far.py --fresh",cloud
face_x_face,10,0.0001,P1-LLR,1,1,0.2123333333333333,9.984434067155882e-05,0.2406666666666666,4.9143873693573496e-05,"E3fresh thresholds (calib boot, earlier stages) + test scores; matched_far.py --fresh",cloud
face_x_face,10,0.0001,P2-LogReg,1,1,0.2156666666666666,9.984434067155882e-05,0.2416666666666666,4.89215032243718e-05,"E3fresh thresholds (calib boot, earlier stages) + test scores; matched_far.py --fresh",cloud
face_x_face,10,0.0001,S1-Marcialis,1,1,0.2706666666666666,9.984434067155882e-05,0.302,5.470313542361574e-05,"E3fresh thresholds (calib boot, earlier stages) + test scores; matched_far.py --fresh",cloud
face_x_face,10,0.0001,S2-Symmetric,1,1,0.2706666666666666,9.984434067155882e-05,0.302,5.470313542361574e-05,"E3fresh thresholds (calib boot, earlier stages) + test scores; matched_far.py --fresh",cloud
face_x_face,10,0.0001,S3-SPRT,1,1,0.2096666666666666,9.984434067155882e-05,0.2403333333333333,4.8476762285968426e-05,"E3fresh thresholds (calib boot, earlier stages) + test scores; matched_far.py --fresh",cloud
face_x_face,10,0.0001,S4-Direct,1,1,0.229,9.984434067155882e-05,0.2573333333333333,5.13675783855904e-05,"E3fresh thresholds (calib boot, earlier stages) + test scores; matched_far.py --fresh",cloud
face_x_face,10,0.001,LR-P1-N2,1,1,0.144,0.0009993328885923,0.1606666666666666,0.0007146986880142,"E3fresh thresholds (calib boot, earlier stages) + test scores; matched_far.py --fresh",cloud
face_x_face,10,0.001,P0-Parallel,1,1,0.136,0.001,0.1526666666666666,0.0006477651767845,"E3fresh thresholds (calib boot, earlier stages) + test scores; matched_far.py --fresh",cloud
face_x_face,10,0.001,P1-LLR,1,1,0.1276666666666666,0.001,0.1463333333333333,0.0006508783633533,"E3fresh thresholds (calib boot, earlier stages) + test scores; matched_far.py --fresh",cloud
face_x_face,10,0.001,P2-LogReg,1,1,0.1356666666666666,0.001,0.1526666666666666,0.0006424282855236,"E3fresh thresholds (calib boot, earlier stages) + test scores; matched_far.py --fresh",cloud
face_x_face,10,0.001,S1-Marcialis,1,1,0.1746666666666666,0.0009997776295307,0.188,0.0006955748276628,"E3fresh thresholds (calib boot, earlier stages) + test scores; matched_far.py --fresh",cloud
face_x_face,10,0.001,S2-Symmetric,1,1,0.1746666666666666,0.0009997776295307,0.188,0.0006955748276628,"E3fresh thresholds (calib boot, earlier stages) + test scores; matched_far.py --fresh",cloud
face_x_face,10,0.001,S3-SPRT,1,1,0.125,0.001,0.143,0.000663775850567,"E3fresh thresholds (calib boot, earlier stages) + test scores; matched_far.py --fresh",cloud
face_x_face,10,0.001,S4-Direct,1,1,0.149,0.001,0.161,0.000684678674672,"E3fresh thresholds (calib boot, earlier stages) + test scores; matched_far.py --fresh",cloud
face_x_face,10,0.01,HYP,1,1,0.074,0.01,0.078,0.0086937958639092,"E3fresh thresholds (calib boot, earlier stages) + test scores; matched_far.py --fresh",cloud
face_x_face,10,0.01,LR-P1-N2,1,1,0.0673333333333333,0.0099988881476539,0.0706666666666666,0.0087509450744941,"E3fresh thresholds (calib boot, earlier stages) + test scores; matched_far.py --fresh",cloud
face_x_face,10,0.01,P0-Parallel,1,1,0.0763333333333333,0.01,0.081,0.0085995107849677,"E3fresh thresholds (calib boot, earlier stages) + test scores; matched_far.py --fresh",cloud
face_x_face,10,0.01,P1-LLR,1,1,0.065,0.01,0.0683333333333333,0.0085906159661996,"E3fresh thresholds (calib boot, earlier stages) + test scores; matched_far.py --fresh",cloud
face_x_face,10,0.01,P2-LogReg,1,1,0.078,0.01,0.0806666666666666,0.0085863909272848,"E3fresh thresholds (calib boot, earlier stages) + test scores; matched_far.py --fresh",cloud
face_x_face,10,0.01,S1-Marcialis,1,1,0.0903333333333333,0.0099955525906159,0.0923333333333333,0.0086597731821214,"E3fresh thresholds (calib boot, earlier stages) + test scores; matched_far.py --fresh",cloud
face_x_face,10,0.01,S2-Symmetric,1,1,0.0686666666666666,0.01,0.0713333333333333,0.0087794084945519,"E3fresh thresholds (calib boot, earlier stages) + test scores; matched_far.py --fresh",cloud
face_x_face,10,0.01,S3-SPRT,1,1,0.063,0.01,0.0676666666666666,0.0086248610184567,"E3fresh thresholds (calib boot, earlier stages) + test scores; matched_far.py --fresh",cloud
face_x_face,10,0.01,S4-Direct,1,1,0.068,0.0099962197020235,0.0703333333333333,0.0087440515899488,"E3fresh thresholds (calib boot, earlier stages) + test scores; matched_far.py --fresh",cloud
face_x_face,11,0.0001,LR-P1-N2,1,1,0.2726666666666666,9.984434067155882e-05,0.2756666666666666,9.406270847231488e-05,"E3fresh thresholds (calib boot, earlier stages) + test scores; matched_far.py --fresh",cloud
face_x_face,11,0.0001,P0-Parallel,1,1,0.241,9.984434067155882e-05,0.2463333333333333,8.227707360462531e-05,"E3fresh thresholds (calib boot, earlier stages) + test scores; matched_far.py --fresh",cloud
face_x_face,11,0.0001,P1-LLR,1,1,0.2366666666666666,9.984434067155882e-05,0.2423333333333333,8.650211251945742e-05,"E3fresh thresholds (calib boot, earlier stages) + test scores; matched_far.py --fresh",cloud
face_x_face,11,0.0001,P2-LogReg,1,1,0.2433333333333333,9.984434067155882e-05,0.2486666666666666,8.472314876584389e-05,"E3fresh thresholds (calib boot, earlier stages) + test scores; matched_far.py --fresh",cloud
face_x_face,11,0.0001,S1-Marcialis,1,1,0.2843333333333333,9.984434067155882e-05,0.2866666666666667,9.739826551034024e-05,"E3fresh thresholds (calib boot, earlier stages) + test scores; matched_far.py --fresh",cloud
face_x_face,11,0.0001,S2-Symmetric,1,1,0.2843333333333333,9.984434067155882e-05,0.2866666666666667,9.739826551034024e-05,"E3fresh thresholds (calib boot, earlier stages) + test scores; matched_far.py --fresh",cloud
face_x_face,11,0.0001,S3-SPRT,1,1,0.235,9.984434067155882e-05,0.2396666666666666,9.183900378029796e-05,"E3fresh thresholds (calib boot, earlier stages) + test scores; matched_far.py --fresh",cloud
face_x_face,11,0.0001,S4-Direct,1,1,0.2533333333333333,9.984434067155882e-05,0.2576666666666666,8.672448298865911e-05,"E3fresh thresholds (calib boot, earlier stages) + test scores; matched_far.py --fresh",cloud
face_x_face,11,0.001,LR-P1-N2,1,1,0.163,0.001,0.164,0.0009490771625528,"E3fresh thresholds (calib boot, earlier stages) + test scores; matched_far.py --fresh",cloud
face_x_face,11,0.001,P0-Parallel,1,1,0.1523333333333333,0.001,0.1586666666666666,0.0008872581721147,"E3fresh thresholds (calib boot, earlier stages) + test scores; matched_far.py --fresh",cloud
face_x_face,11,0.001,P1-LLR,1,1,0.1433333333333333,0.001,0.1506666666666666,0.0008923726929063,"E3fresh thresholds (calib boot, earlier stages) + test scores; matched_far.py --fresh",cloud
face_x_face,11,0.001,P2-LogReg,1,1,0.1563333333333333,0.001,0.1596666666666666,0.0009179452968645,"E3fresh thresholds (calib boot, earlier stages) + test scores; matched_far.py --fresh",cloud
face_x_face,11,0.001,S1-Marcialis,1,1,0.18,0.0009991105181231,0.182,0.000951523237714,"E3fresh thresholds (calib boot, earlier stages) + test scores; matched_far.py --fresh",cloud
face_x_face,11,0.001,S2-Symmetric,1,1,0.18,0.0009991105181231,0.182,0.000951523237714,"E3fresh thresholds (calib boot, earlier stages) + test scores; matched_far.py --fresh",cloud
face_x_face,11,0.001,S3-SPRT,1,1,0.143,0.001,0.1473333333333333,0.0009070491438736,"E3fresh thresholds (calib boot, earlier stages) + test scores; matched_far.py --fresh",cloud
face_x_face,11,0.001,S4-Direct,1,1,0.1656666666666666,0.001,0.1696666666666666,0.0009419613075383,"E3fresh thresholds (calib boot, earlier stages) + test scores; matched_far.py --fresh",cloud
face_x_face,11,0.01,HYP,1,1,0.0833333333333333,0.01,0.0843333333333333,0.0093998221036246,"E3fresh thresholds (calib boot, earlier stages) + test scores; matched_far.py --fresh",cloud
face_x_face,11,0.01,LR-P1-N2,1,1,0.0726666666666666,0.01,0.075,0.0093873693573493,"E3fresh thresholds (calib boot, earlier stages) + test scores; matched_far.py --fresh",cloud
face_x_face,11,0.01,P0-Parallel,1,1,0.0853333333333333,0.01,0.0873333333333333,0.0093602401601067,"E3fresh thresholds (calib boot, earlier stages) + test scores; matched_far.py --fresh",cloud
face_x_face,11,0.01,P1-LLR,1,1,0.0716666666666666,0.01,0.0736666666666666,0.009398043139871,"E3fresh thresholds (calib boot, earlier stages) + test scores; matched_far.py --fresh",cloud
face_x_face,11,0.01,P2-LogReg,1,1,0.0833333333333333,0.01,0.0853333333333333,0.0094111629975539,"E3fresh thresholds (calib boot, earlier stages) + test scores; matched_far.py --fresh",cloud
face_x_face,11,0.01,S1-Marcialis,1,1,0.093,0.0099939959973315,0.0946666666666666,0.0093090949521903,"E3fresh thresholds (calib boot, earlier stages) + test scores; matched_far.py --fresh",cloud
face_x_face,11,0.01,S2-Symmetric,1,1,0.0846666666666666,0.01,0.087,0.0091514342895263,"E3fresh thresholds (calib boot, earlier stages) + test scores; matched_far.py --fresh",cloud
face_x_face,11,0.01,S3-SPRT,1,1,0.0676666666666666,0.01,0.069,0.0093673560151211,"E3fresh thresholds (calib boot, earlier stages) + test scores; matched_far.py --fresh",cloud
face_x_face,11,0.01,S4-Direct,1,1,0.0746666666666666,0.01,0.077,0.0093731376473204,"E3fresh thresholds (calib boot, earlier stages) + test scores; matched_far.py --fresh",cloud
lfw_x_fing,2,0.0001,LR-P1-N2,2,2,0.0035714285714285,9.8615131392247e-05,0.0035714285714285,9.8615131392247e-05,"E3fresh thresholds (calib boot, earlier stages) + test scores; matched_far.py --fresh",local
lfw_x_fing,2,0.0001,P0-Parallel,1,1,0.0404761904761904,9.932459276916965e-05,0.0452380952380952,4.966229638458482e-05,"E3fresh thresholds (calib boot, earlier stages) + test scores; matched_far.py --fresh",local
lfw_x_fing,2,0.0001,P1-LLR,1,1,0.0011904761904761,9.932459276916965e-05,0.0011904761904761,9.648674726147908e-05,"E3fresh thresholds (calib boot, earlier stages) + test scores; matched_far.py --fresh",local
lfw_x_fing,2,0.0001,P2-LogReg,1,1,0.0011904761904761,9.932459276916965e-05,0.0011904761904761,0.0001064192065383,"E3fresh thresholds (calib boot, earlier stages) + test scores; matched_far.py --fresh",local
lfw_x_fing,2,0.0001,S1-Marcialis,2,2,0.0035714285714285,9.932459276916965e-05,0.0035714285714285,0.0001177705885691,"E3fresh thresholds (calib boot, earlier stages) + test scores; matched_far.py --fresh",local
lfw_x_fing,2,0.0001,S2-Symmetric,2,2,0.0035714285714285,9.932459276916965e-05,0.0035714285714285,0.0001177705885691,"E3fresh thresholds (calib boot, earlier stages) + test scores; matched_far.py --fresh",local
lfw_x_fing,2,0.0001,S3-SPRT,1,1,0.0011904761904761,9.932459276916965e-05,0.0011904761904761,8.939213349225268e-05,"E3fresh thresholds (calib boot, earlier stages) + test scores; matched_far.py --fresh",local
lfw_x_fing,2,0.0001,S4-Direct,1,1,0.0035714285714285,9.932459276916965e-05,0.0035714285714285,7.804075146149044e-05,"E3fresh thresholds (calib boot, earlier stages) + test scores; matched_far.py --fresh",local
lfw_x_fing,2,0.001,HYP,2,0,,,0.0071428571428571,0.0011323003575684,"E3fresh thresholds (calib boot, earlier stages) + test scores; matched_far.py --fresh",local
lfw_x_fing,2,0.001,LR-P1-N2,3,3,0.0035714285714285,0.0009681782923737,0.0035714285714284,0.0009667593696198,"E3fresh thresholds (calib boot, earlier stages) + test scores; matched_far.py --fresh",local
lfw_x_fing,2,0.001,P0-Parallel,1,1,0.0178571428571428,0.000998921618707,0.019047619047619,0.0007052046086611,"E3fresh thresholds (calib boot, earlier stages) + test scores; matched_far.py --fresh",local
lfw_x_fing,2,0.001,P1-LLR,1,1,0.0011904761904761,0.000998921618707,0.0011904761904761,0.0008584482660763,"E3fresh thresholds (calib boot, earlier stages) + test scores; matched_far.py --fresh",local
lfw_x_fing,2,0.001,P2-LogReg,1,1,0.0011904761904761,0.000998921618707,0.0011904761904761,0.0011351382030762,"E3fresh thresholds (calib boot, earlier stages) + test scores; matched_far.py --fresh",local
lfw_x_fing,2,0.001,S1-Marcialis,2,2,0.0011904761904761,0.000998921618707,0.0011904761904761,0.0011777058856915,"E3fresh thresholds (calib boot, earlier stages) + test scores; matched_far.py --fresh",local
lfw_x_fing,2,0.001,S2-Symmetric,2,2,0.0011904761904761,0.000998921618707,0.0011904761904761,0.0011777058856915,"E3fresh thresholds (calib boot, earlier stages) + test scores; matched_far.py --fresh",local
lfw_x_fing,2,0.001,S3-SPRT,2,2,0.0011904761904761,0.000998921618707,0.0011904761904761,0.0009726715477609,"E3fresh thresholds (calib boot, earlier stages) + test scores; matched_far.py --fresh",local
lfw_x_fing,2,0.001,S4-Direct,3,3,0.0011904761904761,0.0009222997899994,0.0011904761904761,0.0008002724331686,"E3fresh thresholds (calib boot, earlier stages) + test scores; matched_far.py --fresh",local
lfw_x_fing,2,0.01,HYP,4,4,0.0035714285714285,0.0095106844883364,0.0035714285714285,0.009005193257279,"E3fresh thresholds (calib boot, earlier stages) + test scores; matched_far.py --fresh",local
lfw_x_fing,2,0.01,LR-P1-N2,5,5,0.0045238095238095,0.0097077019127078,0.0045238095238094,0.0091162949089051,"E3fresh thresholds (calib boot, earlier stages) + test scores; matched_far.py --fresh",local
lfw_x_fing,2,0.01,P0-Parallel,1,1,0.0059523809523809,0.0099991486463476,0.0059523809523809,0.0084681309949486,"E3fresh thresholds (calib boot, earlier stages) + test scores; matched_far.py --fresh",local
lfw_x_fing,2,0.01,P1-LLR,1,1,0.0011904761904761,0.0099991486463476,0.0011904761904761,0.0091492139167943,"E3fresh thresholds (calib boot, earlier stages) + test scores; matched_far.py --fresh",local
lfw_x_fing,2,0.01,P2-LogReg,1,1,0.0011904761904761,0.0099991486463476,0.0011904761904761,0.0103255008797321,"E3fresh thresholds (calib boot, earlier stages) + test scores; matched_far.py --fresh",local
lfw_x_fing,2,0.01,S1-Marcialis,2,2,0.0011904761904761,0.0099991486463476,0.0011904761904761,0.0108561779896702,"E3fresh thresholds (calib boot, earlier stages) + test scores; matched_far.py --fresh",local
lfw_x_fing,2,0.01,S2-Symmetric,2,2,0.0011904761904761,0.0099991486463476,0.0011904761904761,0.0108561779896702,"E3fresh thresholds (calib boot, earlier stages) + test scores; matched_far.py --fresh",local
lfw_x_fing,2,0.01,S3-SPRT,2,2,0.0011904761904761,0.0099991486463476,0.0011904761904761,0.0096458368806401,"E3fresh thresholds (calib boot, earlier stages) + test scores; matched_far.py --fresh",local
lfw_x_fing,2,0.01,S4-Direct,5,5,0.0016666666666666,0.0089221862761791,0.0016666666666665,0.008203360009081,"E3fresh thresholds (calib boot, earlier stages) + test scores; matched_far.py --fresh",local
lfw_x_fing,3,0.0001,LR-P1-N2,1,1,0.0023809523809523,9.364890175378852e-05,0.0035714285714285,6.527044667688292e-05,"E3fresh thresholds (calib boot, earlier stages) + test scores; matched_far.py --fresh",local
lfw_x_fing,3,0.0001,P0-Parallel,1,1,0.0321428571428571,9.932459276916965e-05,0.0369047619047619,5.959475566150179e-05,"E3fresh thresholds (calib boot, earlier stages) + test scores; matched_far.py --fresh",local
lfw_x_fing,3,0.0001,P1-LLR,1,1,0.0,9.932459276916965e-05,0.0,4.824337363073954e-05,"E3fresh thresholds (calib boot, earlier stages) + test scores; matched_far.py --fresh",local
lfw_x_fing,3,0.0001,P2-LogReg,1,1,0.0011904761904761,9.932459276916965e-05,0.0011904761904761,3.547306884613202e-05,"E3fresh thresholds (calib boot, earlier stages) + test scores; matched_far.py --fresh",local
lfw_x_fing,3,0.0001,S1-Marcialis,2,2,0.0047619047619047,9.932459276916965e-05,0.0047619047619047,6.1013678415347066e-05,"E3fresh thresholds (calib boot, earlier stages) + test scores; matched_far.py --fresh",local
lfw_x_fing,3,0.0001,S2-Symmetric,2,2,0.0047619047619047,9.932459276916965e-05,0.0047619047619047,6.1013678415347066e-05,"E3fresh thresholds (calib boot, earlier stages) + test scores; matched_far.py --fresh",local
lfw_x_fing,3,0.0001,S3-SPRT,2,2,0.000595238095238,9.932459276916965e-05,0.000595238095238,5.037175776150747e-05,"E3fresh thresholds (calib boot, earlier stages) + test scores; matched_far.py --fresh",local
lfw_x_fing,3,0.0001,S4-Direct,1,1,0.0059523809523809,8.087859696918099e-05,0.0059523809523809,5.959475566150179e-05,"E3fresh thresholds (calib boot, earlier stages) + test scores; matched_far.py --fresh",local
lfw_x_fing,3,0.001,HYP,1,1,0.0095238095238095,0.0009648674726147,0.0095238095238095,0.0008400022702764,"E3fresh thresholds (calib boot, earlier stages) + test scores; matched_far.py --fresh",local
lfw_x_fing,3,0.001,LR-P1-N2,2,2,0.0011904761904761,0.000971962086384,0.0011904761904761,0.0008733469549917,"E3fresh thresholds (calib boot, earlier stages) + test scores; matched_far.py --fresh",local
lfw_x_fing,3,0.001,P0-Parallel,1,1,0.0119047619047619,0.000998921618707,0.0142857142857142,0.0006995289176457,"E3fresh thresholds (calib boot, earlier stages) + test scores; matched_far.py --fresh",local
lfw_x_fing,3,0.001,P1-LLR,1,1,0.0,0.000998921618707,0.0,0.0007364209092457,"E3fresh thresholds (calib boot, earlier stages) + test scores; matched_far.py --fresh",local
lfw_x_fing,3,0.001,P2-LogReg,1,1,0.0,0.000998921618707,0.0,0.0007491912140303,"E3fresh thresholds (calib boot, earlier stages) + test scores; matched_far.py --fresh",local
lfw_x_fing,3,0.001,S1-Marcialis,2,2,0.0011904761904761,0.000998921618707,0.0011904761904761,0.0008854077983994,"E3fresh thresholds (calib boot, earlier stages) + test scores; matched_far.py --fresh",local
lfw_x_fing,3,0.001,S2-Symmetric,2,2,0.0011904761904761,0.000998921618707,0.0011904761904761,0.0008854077983994,"E3fresh thresholds (calib boot, earlier stages) + test scores; matched_far.py --fresh",local
lfw_x_fing,3,0.001,S3-SPRT,3,3,0.0003968253968253,0.000998921618707,0.0003968253968253,0.0007619615188148,"E3fresh thresholds (calib boot, earlier stages) + test scores; matched_far.py --fresh",local
lfw_x_fing,3,0.001,S4-Direct,6,6,0.0021825396825396,0.000937671453166,0.0021825396825396,0.0007910494352686,"E3fresh thresholds (calib boot, earlier stages) + test scores; matched_far.py --fresh",local
lfw_x_fing,3,0.01,HYP,4,4,0.0047619047619047,0.0091921363300981,0.0047619047619047,0.0084333673874794,"E3fresh thresholds (calib boot, earlier stages) + test scores; matched_far.py --fresh",local
lfw_x_fing,3,0.01,LR-P1-N2,4,4,0.0014880952380952,0.0096969180997786,0.0014880952380951,0.0090204466768828,"E3fresh thresholds (calib boot, earlier stages) + test scores; matched_far.py --fresh",local
lfw_x_fing,3,0.01,P0-Parallel,1,1,0.0011904761904761,0.0099991486463476,0.0023809523809523,0.0079558998808104,"E3fresh thresholds (calib boot, earlier stages) + test scores; matched_far.py --fresh",local
lfw_x_fing,3,0.01,P1-LLR,1,1,0.0,0.0099991486463476,0.0,0.0083035359555025,"E3fresh thresholds (calib boot, earlier stages) + test scores; matched_far.py --fresh",local
lfw_x_fing,3,0.01,P2-LogReg,1,1,0.0,0.0099991486463476,0.0,0.0088157670696407,"E3fresh thresholds (calib boot, earlier stages) + test scores; matched_far.py --fresh",local
lfw_x_fing,3,0.01,S1-Marcialis,3,3,0.0015873015873015,0.0099991486463476,0.0015873015873015,0.0092906332179275,"E3fresh thresholds (calib boot, earlier stages) + test scores; matched_far.py --fresh",local
lfw_x_fing,3,0.01,S2-Symmetric,3,3,0.0015873015873015,0.0099991486463476,0.0015873015873015,0.0092906332179275,"E3fresh thresholds (calib boot, earlier stages) + test scores; matched_far.py --fresh",local
lfw_x_fing,3,0.01,S3-SPRT,4,4,0.000595238095238,0.0092496027016289,0.000595238095238,0.0086444321471138,"E3fresh thresholds (calib boot, earlier stages) + test scores; matched_far.py --fresh",local
lfw_x_fing,3,0.01,S4-Direct,2,2,0.0017857142857142,0.0085788069697485,0.0017857142857142,0.0077075883988875,"E3fresh thresholds (calib boot, earlier stages) + test scores; matched_far.py --fresh",local
lfw_x_fing,4,0.0001,LR-P1-N2,2,2,0.0023809523809523,9.648674726147908e-05,0.0023809523809523,8.300698109994892e-05,"E3fresh thresholds (calib boot, earlier stages) + test scores; matched_far.py --fresh",local
lfw_x_fing,4,0.0001,P0-Parallel,1,1,0.0345238095238095,9.932459276916965e-05,0.0404761904761904,6.385152392303763e-05,"E3fresh thresholds (calib boot, earlier stages) + test scores; matched_far.py --fresh",local
lfw_x_fing,4,0.0001,P1-LLR,1,1,0.0011904761904761,9.932459276916965e-05,0.0011904761904761,8.939213349225268e-05,"E3fresh thresholds (calib boot, earlier stages) + test scores; matched_far.py --fresh",local
lfw_x_fing,4,0.0001,P2-LogReg,1,1,0.0011904761904761,9.932459276916965e-05,0.0011904761904761,8.229751972302628e-05,"E3fresh thresholds (calib boot, earlier stages) + test scores; matched_far.py --fresh",local
lfw_x_fing,4,0.0001,S1-Marcialis,2,2,0.0035714285714285,9.932459276916965e-05,0.0035714285714285,7.520290595379987e-05,"E3fresh thresholds (calib boot, earlier stages) + test scores; matched_far.py --fresh",local
lfw_x_fing,4,0.0001,S2-Symmetric,2,2,0.0035714285714285,9.932459276916965e-05,0.0035714285714285,7.520290595379987e-05,"E3fresh thresholds (calib boot, earlier stages) + test scores; matched_far.py --fresh",local
lfw_x_fing,4,0.0001,S3-SPRT,1,1,0.0011904761904761,9.932459276916965e-05,0.0011904761904761,8.655428798456213e-05,"E3fresh thresholds (calib boot, earlier stages) + test scores; matched_far.py --fresh",local
lfw_x_fing,4,0.0001,S4-Direct,2,2,0.0041666666666666,8.300698109994892e-05,0.0041666666666666,8.300698109994892e-05,"E3fresh thresholds (calib boot, earlier stages) + test scores; matched_far.py --fresh",local
lfw_x_fing,4,0.001,HYP,4,4,0.006547619047619,0.0009797661615301,0.006547619047619,0.0009013706793801,"E3fresh thresholds (calib boot, earlier stages) + test scores; matched_far.py --fresh",local
lfw_x_fing,4,0.001,LR-P1-N2,2,2,0.0011904761904761,0.0009875702366763,0.0011904761904761,0.0009393268630455,"E3fresh thresholds (calib boot, earlier stages) + test scores; matched_far.py --fresh",local
lfw_x_fing,4,0.001,P0-Parallel,1,1,0.0178571428571428,0.000998921618707,0.0178571428571428,0.0010003405414609,"E3fresh thresholds (calib boot, earlier stages) + test scores; matched_far.py --fresh",local
lfw_x_fing,4,0.001,P1-LLR,1,1,0.0011904761904761,0.000998921618707,0.0011904761904761,0.0009549350133378,"E3fresh thresholds (calib boot, earlier stages) + test scores; matched_far.py --fresh",local
lfw_x_fing,4,0.001,P2-LogReg,1,1,0.0011904761904761,0.000998921618707,0.0011904761904761,0.0009095294852148,"E3fresh thresholds (calib boot, earlier stages) + test scores; matched_far.py --fresh",local
lfw_x_fing,4,0.001,S1-Marcialis,2,2,0.0011904761904761,0.000998921618707,0.0011904761904761,0.0009393268630455,"E3fresh thresholds (calib boot, earlier stages) + test scores; matched_far.py --fresh",local
lfw_x_fing,4,0.001,S2-Symmetric,2,2,0.0011904761904761,0.000998921618707,0.0011904761904761,0.0009393268630455,"E3fresh thresholds (calib boot, earlier stages) + test scores; matched_far.py --fresh",local
lfw_x_fing,4,0.001,S3-SPRT,2,2,0.0011904761904761,0.000998921618707,0.0011904761904761,0.0008811510301378,"E3fresh thresholds (calib boot, earlier stages) + test scores; matched_far.py --fresh",local
lfw_x_fing,4,0.001,S4-Direct,3,3,0.0023809523809523,0.0009227727642507,0.0023809523809523,0.0008050021756815,"E3fresh thresholds (calib boot, earlier stages) + test scores; matched_far.py --fresh",local
lfw_x_fing,4,0.01,HYP,4,4,0.0035714285714285,0.0092173222089789,0.0035714285714285,0.0085408507860831,"E3fresh thresholds (calib boot, earlier stages) + test scores; matched_far.py --fresh",local
lfw_x_fing,4,0.01,LR-P1-N2,3,3,0.0011904761904761,0.0097498912159222,0.0011904761904761,0.0091392814575174,"E3fresh thresholds (calib boot, earlier stages) + test scores; matched_far.py --fresh",local
lfw_x_fing,4,0.01,P0-Parallel,1,1,0.0059523809523809,0.0099991486463476,0.0059523809523809,0.0088228616834099,"E3fresh thresholds (calib boot, earlier stages) + test scores; matched_far.py --fresh",local
lfw_x_fing,4,0.01,P1-LLR,1,1,0.0011904761904761,0.0099991486463476,0.0011904761904761,0.0092754980418866,"E3fresh thresholds (calib boot, earlier stages) + test scores; matched_far.py --fresh",local
lfw_x_fing,4,0.01,P2-LogReg,1,1,0.0011904761904761,0.0099991486463476,0.0011904761904761,0.0093421874113173,"E3fresh thresholds (calib boot, earlier stages) + test scores; matched_far.py --fresh",local
lfw_x_fing,4,0.01,S1-Marcialis,2,2,0.0011904761904761,0.0099991486463476,0.0011904761904761,0.0094315795448095,"E3fresh thresholds (calib boot, earlier stages) + test scores; matched_far.py --fresh",local
lfw_x_fing,4,0.01,S2-Symmetric,2,2,0.0011904761904761,0.0099991486463476,0.0011904761904761,0.0094315795448095,"E3fresh thresholds (calib boot, earlier stages) + test scores; matched_far.py --fresh",local
lfw_x_fing,4,0.01,S3-SPRT,2,2,0.0011904761904761,0.0099991486463476,0.0011904761904761,0.0091747545263635,"E3fresh thresholds (calib boot, earlier stages) + test scores; matched_far.py --fresh",local
lfw_x_fing,4,0.01,S4-Direct,4,4,0.0011904761904761,0.0090147709858675,0.0011904761904761,0.0080005959475565,"E3fresh thresholds (calib boot, earlier stages) + test scores; matched_far.py --fresh",local
lfw_x_fing,5,0.0001,LR-P1-N2,1,1,0.0023809523809523,9.364890175378852e-05,0.0023809523809523,6.1013678415347066e-05,"E3fresh thresholds (calib boot, earlier stages) + test scores; matched_far.py --fresh",local
lfw_x_fing,5,0.0001,P0-Parallel,1,1,0.0345238095238095,9.932459276916965e-05,0.0369047619047619,9.50678245076338e-05,"E3fresh thresholds (calib boot, earlier stages) + test scores; matched_far.py --fresh",local
lfw_x_fing,5,0.0001,P1-LLR,1,1,0.0,9.932459276916965e-05,0.0,6.810829218457347e-05,"E3fresh thresholds (calib boot, earlier stages) + test scores; matched_far.py --fresh",local
lfw_x_fing,5,0.0001,P2-LogReg,1,1,0.0,9.932459276916965e-05,0.0,6.952721493841875e-05,"E3fresh thresholds (calib boot, earlier stages) + test scores; matched_far.py --fresh",local
lfw_x_fing,5,0.0001,S1-Marcialis,2,2,0.0011904761904761,9.932459276916965e-05,0.0023809523809523,3.972983710766786e-05,"E3fresh thresholds (calib boot, earlier stages) + test scores; matched_far.py --fresh",local
lfw_x_fing,5,0.0001,S2-Symmetric,2,2,0.0011904761904761,9.932459276916965e-05,0.0023809523809523,3.972983710766786e-05,"E3fresh thresholds (calib boot, earlier stages) + test scores; matched_far.py --fresh",local
lfw_x_fing,5,0.0001,S3-SPRT,1,1,0.0,9.932459276916965e-05,0.0,5.675691015381123e-05,"E3fresh thresholds (calib boot, earlier stages) + test scores; matched_far.py --fresh",local
lfw_x_fing,5,0.0001,S4-Direct,2,2,0.0023809523809523,8.868267211533003e-05,0.0029761904761904,6.952721493841875e-05,"E3fresh thresholds (calib boot, earlier stages) + test scores; matched_far.py --fresh",local
lfw_x_fing,5,0.001,HYP,2,2,0.006547619047619,0.0009818945456609,0.006547619047619,0.0007981440490379,"E3fresh thresholds (calib boot, earlier stages) + test scores; matched_far.py --fresh",local
lfw_x_fing,5,0.001,LR-P1-N2,2,2,0.0,0.0009705431636301,0.0,0.0008329076565071,"E3fresh thresholds (calib boot, earlier stages) + test scores; matched_far.py --fresh",local
lfw_x_fing,5,0.001,P0-Parallel,1,1,0.0166666666666666,0.000998921618707,0.0166666666666666,0.0008854077983994,"E3fresh thresholds (calib boot, earlier stages) + test scores; matched_far.py --fresh",local
lfw_x_fing,5,0.001,P1-LLR,1,1,0.0,0.000998921618707,0.0,0.0009066916397071,"E3fresh thresholds (calib boot, earlier stages) + test scores; matched_far.py --fresh",local
lfw_x_fing,5,0.001,P2-LogReg,1,1,0.0,0.000998921618707,0.0,0.0008456779612917,"E3fresh thresholds (calib boot, earlier stages) + test scores; matched_far.py --fresh",local
lfw_x_fing,5,0.001,S1-Marcialis,2,2,0.0,0.000998921618707,0.0,0.0007647993643226,"E3fresh thresholds (calib boot, earlier stages) + test scores; matched_far.py --fresh",local
lfw_x_fing,5,0.001,S2-Symmetric,2,2,0.0,0.000998921618707,0.0,0.0007647993643226,"E3fresh thresholds (calib boot, earlier stages) + test scores; matched_far.py --fresh",local
lfw_x_fing,5,0.001,S3-SPRT,2,2,0.0,0.000998921618707,0.0,0.0009173335603609,"E3fresh thresholds (calib boot, earlier stages) + test scores; matched_far.py --fresh",local
lfw_x_fing,5,0.001,S4-Direct,3,3,0.0003968253968253,0.000990408082184,0.0003968253968253,0.0008163535577122,"E3fresh thresholds (calib boot, earlier stages) + test scores; matched_far.py --fresh",local
lfw_x_fing,5,0.01,HYP,4,4,0.0023809523809523,0.0090963590442136,0.0023809523809523,0.0084071173165332,"E3fresh thresholds (calib boot, earlier stages) + test scores; matched_far.py --fresh",local
lfw_x_fing,5,0.01,LR-P1-N2,3,3,0.0,0.0097517831129273,0.0,0.0088469833702252,"E3fresh thresholds (calib boot, earlier stages) + test scores; matched_far.py --fresh",local
lfw_x_fing,5,0.01,P0-Parallel,1,1,0.0047619047619047,0.0099991486463476,0.0059523809523809,0.0092627277371019,"E3fresh thresholds (calib boot, earlier stages) + test scores; matched_far.py --fresh",local
lfw_x_fing,5,0.01,P1-LLR,1,1,0.0,0.0099991486463476,0.0,0.0093961064759634,"E3fresh thresholds (calib boot, earlier stages) + test scores; matched_far.py --fresh",local
lfw_x_fing,5,0.01,P2-LogReg,1,1,0.0,0.0099991486463476,0.0,0.0091407003802712,"E3fresh thresholds (calib boot, earlier stages) + test scores; matched_far.py --fresh",local
lfw_x_fing,5,0.01,S1-Marcialis,2,2,0.0,0.0099991486463476,0.0,0.0089448890402406,"E3fresh thresholds (calib boot, earlier stages) + test scores; matched_far.py --fresh",local
lfw_x_fing,5,0.01,S2-Symmetric,2,2,0.0,0.0099991486463476,0.0,0.0089448890402406,"E3fresh thresholds (calib boot, earlier stages) + test scores; matched_far.py --fresh",local
lfw_x_fing,5,0.01,S3-SPRT,2,2,0.0,0.0099991486463476,0.0,0.0100424257903399,"E3fresh thresholds (calib boot, earlier stages) + test scores; matched_far.py --fresh",local
lfw_x_fing,5,0.01,S4-Direct,5,5,0.0002380952380952,0.0087445371473976,0.0002380952380952,0.0087445371473976,"E3fresh thresholds (calib boot, earlier stages) + test scores; matched_far.py --fresh",local
lfw_x_fing,6,0.0001,LR-P1-N2,2,2,0.0095238095238095,9.293944037686589e-05,0.0101190476190476,6.810829218457347e-05,"E3fresh thresholds (calib boot, earlier stages) + test scores; matched_far.py --fresh",local
lfw_x_fing,6,0.0001,P0-Parallel,1,1,0.0392857142857142,9.932459276916965e-05,0.0416666666666666,6.66893694307282e-05,"E3fresh thresholds (calib boot, earlier stages) + test scores; matched_far.py --fresh",local
lfw_x_fing,6,0.0001,P1-LLR,1,1,0.0011904761904761,9.932459276916965e-05,0.0011904761904761,7.945967421533571e-05,"E3fresh thresholds (calib boot, earlier stages) + test scores; matched_far.py --fresh",local
lfw_x_fing,6,0.0001,P2-LogReg,1,1,0.0011904761904761,9.932459276916965e-05,0.0011904761904761,7.378398319995459e-05,"E3fresh thresholds (calib boot, earlier stages) + test scores; matched_far.py --fresh",local
lfw_x_fing,6,0.0001,S1-Marcialis,2,2,0.0035714285714285,9.932459276916965e-05,0.0047619047619047,6.66893694307282e-05,"E3fresh thresholds (calib boot, earlier stages) + test scores; matched_far.py --fresh",local
lfw_x_fing,6,0.0001,S2-Symmetric,2,2,0.0035714285714285,9.932459276916965e-05,0.0047619047619047,6.66893694307282e-05,"E3fresh thresholds (calib boot, earlier stages) + test scores; matched_far.py --fresh",local
lfw_x_fing,6,0.0001,S3-SPRT,1,1,0.0011904761904761,9.932459276916965e-05,0.0011904761904761,7.520290595379987e-05,"E3fresh thresholds (calib boot, earlier stages) + test scores; matched_far.py --fresh",local
lfw_x_fing,6,0.0001,S4-Direct,4,4,0.0074404761904761,9.790567001532436e-05,0.0077380952380952,7.484817526533856e-05,"E3fresh thresholds (calib boot, earlier stages) + test scores; matched_far.py --fresh",local
lfw_x_fing,6,0.001,HYP,2,2,0.0047619047619047,0.000989698620807,0.0047619047619047,0.0008960497190532,"E3fresh thresholds (calib boot, earlier stages) + test scores; matched_far.py --fresh",local
lfw_x_fing,6,0.001,LR-P1-N2,4,4,0.0044642857142857,0.0009411005164878,0.0044642857142856,0.0008073670469379,"E3fresh thresholds (calib boot, earlier stages) + test scores; matched_far.py --fresh",local
lfw_x_fing,6,0.001,P0-Parallel,1,1,0.0214285714285714,0.000998921618707,0.0238095238095238,0.0007264884499687,"E3fresh thresholds (calib boot, earlier stages) + test scores; matched_far.py --fresh",local
lfw_x_fing,6,0.001,P1-LLR,1,1,0.0011904761904761,0.000998921618707,0.0011904761904761,0.0007633804415687,"E3fresh thresholds (calib boot, earlier stages) + test scores; matched_far.py --fresh",local
lfw_x_fing,6,0.001,P2-LogReg,1,1,0.0011904761904761,0.000998921618707,0.0011904761904761,0.000871218570861,"E3fresh thresholds (calib boot, earlier stages) + test scores; matched_far.py --fresh",local
lfw_x_fing,6,0.001,S1-Marcialis,2,2,0.0011904761904761,0.000998921618707,0.0011904761904761,0.000953516090584,"E3fresh thresholds (calib boot, earlier stages) + test scores; matched_far.py --fresh",local
lfw_x_fing,6,0.001,S2-Symmetric,2,2,0.0011904761904761,0.000998921618707,0.0011904761904761,0.000953516090584,"E3fresh thresholds (calib boot, earlier stages) + test scores; matched_far.py --fresh",local
lfw_x_fing,6,0.001,S3-SPRT,2,2,0.0011904761904761,0.000998921618707,0.0011904761904761,0.0007910494352686,"E3fresh thresholds (calib boot, earlier stages) + test scores; matched_far.py --fresh",local
lfw_x_fing,6,0.001,S4-Direct,3,3,0.0027777777777777,0.0009492593223224,0.0027777777777777,0.0006503395955123,"E3fresh thresholds (calib boot, earlier stages) + test scores; matched_far.py --fresh",local
lfw_x_fing,6,0.01,HYP,4,4,0.0023809523809523,0.0094571201543787,0.0023809523809523,0.0086820336000907,"E3fresh thresholds (calib boot, earlier stages) + test scores; matched_far.py --fresh",local
lfw_x_fing,6,0.01,LR-P1-N2,6,6,0.0043650793650793,0.0096030327108992,0.0043650793650793,0.0082612047600128,"E3fresh thresholds (calib boot, earlier stages) + test scores; matched_far.py --fresh",local
lfw_x_fing,6,0.01,P0-Parallel,1,1,0.0059523809523809,0.0099991486463476,0.0071428571428571,0.00735427663318,"E3fresh thresholds (calib boot, earlier stages) + test scores; matched_far.py --fresh",local
lfw_x_fing,6,0.01,P1-LLR,1,1,0.0011904761904761,0.0099991486463476,0.0011904761904761,0.0079402917305181,"E3fresh thresholds (calib boot, earlier stages) + test scores; matched_far.py --fresh",local
lfw_x_fing,6,0.01,P2-LogReg,1,1,0.0011904761904761,0.0099991486463476,0.0011904761904761,0.0092740791191327,"E3fresh thresholds (calib boot, earlier stages) + test scores; matched_far.py --fresh",local
lfw_x_fing,6,0.01,S1-Marcialis,2,2,0.0011904761904761,0.0099991486463476,0.0011904761904761,0.009729553323117,"E3fresh thresholds (calib boot, earlier stages) + test scores; matched_far.py --fresh",local
lfw_x_fing,6,0.01,S2-Symmetric,2,2,0.0011904761904761,0.0099991486463476,0.0011904761904761,0.009729553323117,"E3fresh thresholds (calib boot, earlier stages) + test scores; matched_far.py --fresh",local
lfw_x_fing,6,0.01,S3-SPRT,2,2,0.0011904761904761,0.0099991486463476,0.0011904761904761,0.0081673193711334,"E3fresh thresholds (calib boot, earlier stages) + test scores; matched_far.py --fresh",local
lfw_x_fing,6,0.01,S4-Direct,4,4,0.0014880952380952,0.0089314092740791,0.0014880952380951,0.0070502724331686,"E3fresh thresholds (calib boot, earlier stages) + test scores; matched_far.py --fresh",local
lfw_x_fing,7,0.0001,LR-P1-N2,1,0,,,0.0071428571428571,0.000109257052046,"E3fresh thresholds (calib boot, earlier stages) + test scores; matched_far.py --fresh",local
lfw_x_fing,7,0.0001,P0-Parallel,1,1,0.0357142857142857,9.932459276916965e-05,0.0428571428571428,5.959475566150179e-05,"E3fresh thresholds (calib boot, earlier stages) + test scores; matched_far.py --fresh",local
lfw_x_fing,7,0.0001,P1-LLR,1,1,0.0011904761904761,9.932459276916965e-05,0.0011904761904761,6.1013678415347066e-05,"E3fresh thresholds (calib boot, earlier stages) + test scores; matched_far.py --fresh",local
lfw_x_fing,7,0.0001,P2-LogReg,1,1,0.0011904761904761,9.932459276916965e-05,0.0011904761904761,8.087859696918099e-05,"E3fresh thresholds (calib boot, earlier stages) + test scores; matched_far.py --fresh",local
lfw_x_fing,7,0.0001,S1-Marcialis,3,3,0.0055555555555555,9.932459276916965e-05,0.0055555555555555,0.0001220273568306,"E3fresh thresholds (calib boot, earlier stages) + test scores; matched_far.py --fresh",local
lfw_x_fing,7,0.0001,S2-Symmetric,3,3,0.0055555555555555,9.932459276916965e-05,0.0055555555555555,0.0001220273568306,"E3fresh thresholds (calib boot, earlier stages) + test scores; matched_far.py --fresh",local
lfw_x_fing,7,0.0001,S3-SPRT,3,3,0.0023809523809523,9.932459276916965e-05,0.0023809523809523,6.763531793329171e-05,"E3fresh thresholds (calib boot, earlier stages) + test scores; matched_far.py --fresh",local
lfw_x_fing,7,0.0001,S4-Direct,2,2,0.0053571428571428,9.15205176230206e-05,0.0053571428571428,8.584482660760089e-05,"E3fresh thresholds (calib boot, earlier stages) + test scores; matched_far.py --fresh",local
lfw_x_fing,7,0.001,HYP,3,3,0.0095238095238095,0.0009809485971583,0.0095238095238095,0.000995610798948,"E3fresh thresholds (calib boot, earlier stages) + test scores; matched_far.py --fresh",local
lfw_x_fing,7,0.001,LR-P1-N2,5,5,0.0045238095238095,0.0009821783302117,0.0045238095238094,0.0009299619728701,"E3fresh thresholds (calib boot, earlier stages) + test scores; matched_far.py --fresh",local
lfw_x_fing,7,0.001,P0-Parallel,1,1,0.0166666666666666,0.000998921618707,0.0178571428571428,0.0007577047505533,"E3fresh thresholds (calib boot, earlier stages) + test scores; matched_far.py --fresh",local
lfw_x_fing,7,0.001,P1-LLR,1,1,0.0011904761904761,0.000998921618707,0.0011904761904761,0.0009095294852148,"E3fresh thresholds (calib boot, earlier stages) + test scores; matched_far.py --fresh",local
lfw_x_fing,7,0.001,P2-LogReg,1,1,0.0011904761904761,0.000998921618707,0.0011904761904761,0.0010088540779839,"E3fresh thresholds (calib boot, earlier stages) + test scores; matched_far.py --fresh",local
lfw_x_fing,7,0.001,S1-Marcialis,3,3,0.0015873015873015,0.000998921618707,0.0015873015873015,0.0010400703785685,"E3fresh thresholds (calib boot, earlier stages) + test scores; matched_far.py --fresh",local
lfw_x_fing,7,0.001,S2-Symmetric,3,3,0.0015873015873015,0.000998921618707,0.0015873015873015,0.0010400703785685,"E3fresh thresholds (calib boot, earlier stages) + test scores; matched_far.py --fresh",local
lfw_x_fing,7,0.001,S3-SPRT,4,4,0.0020833333333333,0.000998921618707,0.0020833333333332,0.0009240734434417,"E3fresh thresholds (calib boot, earlier stages) + test scores; matched_far.py --fresh",local
lfw_x_fing,7,0.001,S4-Direct,5,5,0.0028571428571428,0.0009415971394517,0.003095238095238,0.0008019751404732,"E3fresh thresholds (calib boot, earlier stages) + test scores; matched_far.py --fresh",local
lfw_x_fing,7,0.01,HYP,4,4,0.0044642857142857,0.0094517991940518,0.0044642857142856,0.0097856007718939,"E3fresh thresholds (calib boot, earlier stages) + test scores; matched_far.py --fresh",local
lfw_x_fing,7,0.01,LR-P1-N2,6,4,0.0053571428571428,0.0097107525966286,0.0039682539682538,0.0099589458349886,"E3fresh thresholds (calib boot, earlier stages) + test scores; matched_far.py --fresh",local
lfw_x_fing,7,0.01,P0-Parallel,1,1,0.0059523809523809,0.0099991486463476,0.0071428571428571,0.0078466428287644,"E3fresh thresholds (calib boot, earlier stages) + test scores; matched_far.py --fresh",local
lfw_x_fing,7,0.01,P1-LLR,1,1,0.0011904761904761,0.0099991486463476,0.0011904761904761,0.0084766445314717,"E3fresh thresholds (calib boot, earlier stages) + test scores; matched_far.py --fresh",local
lfw_x_fing,7,0.01,P2-LogReg,1,1,0.0011904761904761,0.0099991486463476,0.0011904761904761,0.0103098927294398,"E3fresh thresholds (calib boot, earlier stages) + test scores; matched_far.py --fresh",local
lfw_x_fing,7,0.01,S1-Marcialis,3,3,0.0015873015873015,0.0099991486463476,0.0015873015873015,0.0108377319938702,"E3fresh thresholds (calib boot, earlier stages) + test scores; matched_far.py --fresh",local
lfw_x_fing,7,0.01,S2-Symmetric,3,3,0.0015873015873015,0.0099991486463476,0.0015873015873015,0.0108377319938702,"E3fresh thresholds (calib boot, earlier stages) + test scores; matched_far.py --fresh",local
lfw_x_fing,7,0.01,S3-SPRT,4,4,0.0017857142857142,0.0095979482376979,0.0017857142857142,0.0094901101084056,"E3fresh thresholds (calib boot, earlier stages) + test scores; matched_far.py --fresh",local
lfw_x_fing,7,0.01,S4-Direct,6,6,0.0019841269841269,0.008650935543069,0.0019841269841269,0.0082051573112359,"E3fresh thresholds (calib boot, earlier stages) + test scores; matched_far.py --fresh",local
lfw_x_fing,8,0.0001,LR-P1-N2,2,2,0.0035714285714285,9.15205176230206e-05,0.0041666666666666,6.739883080765083e-05,"E3fresh thresholds (calib boot, earlier stages) + test scores; matched_far.py --fresh",local
lfw_x_fing,8,0.0001,P0-Parallel,1,1,0.0369047619047619,9.932459276916965e-05,0.0321428571428571,0.000127703047846,"E3fresh thresholds (calib boot, earlier stages) + test scores; matched_far.py --fresh",local
lfw_x_fing,8,0.0001,P1-LLR,1,1,0.0,9.932459276916965e-05,0.0,0.0001206084340768,"E3fresh thresholds (calib boot, earlier stages) + test scores; matched_far.py --fresh",local
lfw_x_fing,8,0.0001,P2-LogReg,1,1,0.0,9.932459276916965e-05,0.0,0.0001120948975537,"E3fresh thresholds (calib boot, earlier stages) + test scores; matched_far.py --fresh",local
lfw_x_fing,8,0.0001,S1-Marcialis,2,2,0.0023809523809523,9.932459276916965e-05,0.0023809523809523,7.945967421533571e-05,"E3fresh thresholds (calib boot, earlier stages) + test scores; matched_far.py --fresh",local
lfw_x_fing,8,0.0001,S2-Symmetric,2,2,0.0023809523809523,9.932459276916965e-05,0.0023809523809523,7.945967421533571e-05,"E3fresh thresholds (calib boot, earlier stages) + test scores; matched_far.py --fresh",local
lfw_x_fing,8,0.0001,S3-SPRT,2,2,0.0011904761904761,9.932459276916965e-05,0.0011904761904761,0.0001064192065383,"E3fresh thresholds (calib boot, earlier stages) + test scores; matched_far.py --fresh",local
lfw_x_fing,8,0.0001,S4-Direct,3,3,0.0027777777777777,9.03380819948162e-05,0.0027777777777777,7.756777721020868e-05,"E3fresh thresholds (calib boot, earlier stages) + test scores; matched_far.py --fresh",local
lfw_x_fing,8,0.001,HYP,2,2,0.0047619047619047,0.0009343606334071,0.0047619047619047,0.0008619955729609,"E3fresh thresholds (calib boot, earlier stages) + test scores; matched_far.py --fresh",local
lfw_x_fing,8,0.001,LR-P1-N2,3,3,0.0027777777777777,0.0009478403995686,0.0027777777777777,0.0009256106097583,"E3fresh thresholds (calib boot, earlier stages) + test scores; matched_far.py --fresh",local
lfw_x_fing,8,0.001,P0-Parallel,1,1,0.0154761904761904,0.000998921618707,0.013095238095238,0.0011989897269992,"E3fresh thresholds (calib boot, earlier stages) + test scores; matched_far.py --fresh",local
lfw_x_fing,8,0.001,P1-LLR,1,1,0.0,0.000998921618707,0.0,0.0012358817185992,"E3fresh thresholds (calib boot, earlier stages) + test scores; matched_far.py --fresh",local
lfw_x_fing,8,0.001,P2-LogReg,1,1,0.0,0.000998921618707,0.0,0.0010954083659685,"E3fresh thresholds (calib boot, earlier stages) + test scores; matched_far.py --fresh",local
lfw_x_fing,8,0.001,S1-Marcialis,2,2,0.0,0.000998921618707,0.0,0.0008016913559225,"E3fresh thresholds (calib boot, earlier stages) + test scores; matched_far.py --fresh",local
lfw_x_fing,8,0.001,S2-Symmetric,2,2,0.0,0.000998921618707,0.0,0.0008016913559225,"E3fresh thresholds (calib boot, earlier stages) + test scores; matched_far.py --fresh",local
lfw_x_fing,8,0.001,S3-SPRT,4,4,0.0011904761904761,0.000998921618707,0.0011904761904761,0.0011198847834723,"E3fresh thresholds (calib boot, earlier stages) + test scores; matched_far.py --fresh",local
lfw_x_fing,8,0.001,S4-Direct,4,4,0.0023809523809523,0.0008988875645609,0.0023809523809522,0.001017367614507,"E3fresh thresholds (calib boot, earlier stages) + test scores; matched_far.py --fresh",local
lfw_x_fing,8,0.01,HYP,4,4,0.0047619047619047,0.009312744764175,0.0047619047619047,0.0085582325898177,"E3fresh thresholds (calib boot, earlier stages) + test scores; matched_far.py --fresh",local
lfw_x_fing,8,0.01,LR-P1-N2,3,3,0.0023809523809523,0.0095635393609171,0.0023809523809523,0.0091979302646763,"E3fresh thresholds (calib boot, earlier stages) + test scores; matched_far.py --fresh",local
lfw_x_fing,8,0.01,P0-Parallel,1,1,0.0047619047619047,0.0099991486463476,0.0023809523809523,0.0114833418468698,"E3fresh thresholds (calib boot, earlier stages) + test scores; matched_far.py --fresh",local
lfw_x_fing,8,0.01,P1-LLR,1,1,0.0,0.0099991486463476,0.0,0.0109455701231624,"E3fresh thresholds (calib boot, earlier stages) + test scores; matched_far.py --fresh",local
lfw_x_fing,8,0.01,P2-LogReg,1,1,0.0,0.0099991486463476,0.0,0.0102304330552244,"E3fresh thresholds (calib boot, earlier stages) + test scores; matched_far.py --fresh",local
lfw_x_fing,8,0.01,S1-Marcialis,2,2,0.0,0.0099991486463476,0.0,0.008831375219933,"E3fresh thresholds (calib boot, earlier stages) + test scores; matched_far.py --fresh",local
lfw_x_fing,8,0.01,S2-Symmetric,2,2,0.0,0.0099991486463476,0.0,0.008831375219933,"E3fresh thresholds (calib boot, earlier stages) + test scores; matched_far.py --fresh",local
lfw_x_fing,8,0.01,S3-SPRT,4,4,0.0011904761904761,0.0099991486463476,0.0011904761904761,0.0100956353936091,"E3fresh thresholds (calib boot, earlier stages) + test scores; matched_far.py --fresh",local
lfw_x_fing,8,0.01,S4-Direct,2,2,0.0011904761904761,0.0090527271695328,0.0011904761904761,0.0101750950678244,"E3fresh thresholds (calib boot, earlier stages) + test scores; matched_far.py --fresh",local
lfw_x_fing,9,0.0001,LR-P1-N2,3,3,0.0031746031746031,9.790567001532436e-05,0.003174603174603,9.695972151276082e-05,"E3fresh thresholds (calib boot, earlier stages) + test scores; matched_far.py --fresh",local
lfw_x_fing,9,0.0001,P0-Parallel,1,1,0.0333333333333333,9.932459276916965e-05,0.0392857142857142,3.831091435382258e-05,"E3fresh thresholds (calib boot, earlier stages) + test scores; matched_far.py --fresh",local
lfw_x_fing,9,0.0001,P1-LLR,1,1,0.0011904761904761,9.932459276916965e-05,0.0011904761904761,8.087859696918099e-05,"E3fresh thresholds (calib boot, earlier stages) + test scores; matched_far.py --fresh",local
lfw_x_fing,9,0.0001,P2-LogReg,1,1,0.0023809523809523,9.932459276916965e-05,0.0023809523809523,0.0001064192065383,"E3fresh thresholds (calib boot, earlier stages) + test scores; matched_far.py --fresh",local
lfw_x_fing,9,0.0001,S1-Marcialis,2,2,0.0035714285714285,9.932459276916965e-05,0.0035714285714285,9.932459276916965e-05,"E3fresh thresholds (calib boot, earlier stages) + test scores; matched_far.py --fresh",local
lfw_x_fing,9,0.0001,S2-Symmetric,2,2,0.0035714285714285,9.932459276916965e-05,0.0035714285714285,9.932459276916965e-05,"E3fresh thresholds (calib boot, earlier stages) + test scores; matched_far.py --fresh",local
lfw_x_fing,9,0.0001,S3-SPRT,3,3,0.0023809523809523,9.932459276916965e-05,0.0023809523809523,9.270295325120244e-05,"E3fresh thresholds (calib boot, earlier stages) + test scores; matched_far.py --fresh",local
lfw_x_fing,9,0.0001,S4-Direct,3,3,0.0031746031746031,9.081105624609796e-05,0.0031746031746031,7.189208619482754e-05,"E3fresh thresholds (calib boot, earlier stages) + test scores; matched_far.py --fresh",local
lfw_x_fing,9,0.001,HYP,4,4,0.0110119047619047,0.0009492593223224,0.0110119047619047,0.000815880583461,"E3fresh thresholds (calib boot, earlier stages) + test scores; matched_far.py --fresh",local
lfw_x_fing,9,0.001,LR-P1-N2,3,3,0.0031746031746031,0.0009634485498609,0.003174603174603,0.0008636509828404,"E3fresh thresholds (calib boot, earlier stages) + test scores; matched_far.py --fresh",local
lfw_x_fing,9,0.001,P0-Parallel,1,1,0.019047619047619,0.000998921618707,0.0226190476190476,0.000577501560815,"E3fresh thresholds (calib boot, earlier stages) + test scores; matched_far.py --fresh",local
lfw_x_fing,9,0.001,P1-LLR,1,1,0.0011904761904761,0.000998921618707,0.0011904761904761,0.0007250695272149,"E3fresh thresholds (calib boot, earlier stages) + test scores; matched_far.py --fresh",local
lfw_x_fing,9,0.001,P2-LogReg,1,1,0.0023809523809523,0.000998921618707,0.0023809523809523,0.0008896645666609,"E3fresh thresholds (calib boot, earlier stages) + test scores; matched_far.py --fresh",local
lfw_x_fing,9,0.001,S1-Marcialis,3,3,0.0015873015873015,0.000998921618707,0.0015873015873015,0.0008882456439071,"E3fresh thresholds (calib boot, earlier stages) + test scores; matched_far.py --fresh",local
lfw_x_fing,9,0.001,S2-Symmetric,3,3,0.0015873015873015,0.000998921618707,0.0015873015873015,0.0008882456439071,"E3fresh thresholds (calib boot, earlier stages) + test scores; matched_far.py --fresh",local
lfw_x_fing,9,0.001,S3-SPRT,4,4,0.0020833333333333,0.000998921618707,0.0020833333333332,0.0008275866961802,"E3fresh thresholds (calib boot, earlier stages) + test scores; matched_far.py --fresh",local
lfw_x_fing,9,0.001,S4-Direct,5,5,0.0026190476190476,0.0009379079402917,0.0026190476190475,0.0007704750553379,"E3fresh thresholds (calib boot, earlier stages) + test scores; matched_far.py --fresh",local
lfw_x_fing,9,0.01,HYP,4,4,0.0059523809523809,0.0093861740166865,0.0059523809523809,0.0081392956467449,"E3fresh thresholds (calib boot, earlier stages) + test scores; matched_far.py --fresh",local
lfw_x_fing,9,0.01,LR-P1-N2,4,4,0.0026785714285714,0.0097930501163516,0.0026785714285713,0.0090970685055905,"E3fresh thresholds (calib boot, earlier stages) + test scores; matched_far.py --fresh",local
lfw_x_fing,9,0.01,P0-Parallel,1,1,0.0071428571428571,0.0099991486463476,0.0083333333333333,0.0080282649412565,"E3fresh thresholds (calib boot, earlier stages) + test scores; matched_far.py --fresh",local
lfw_x_fing,9,0.01,P1-LLR,1,1,0.0011904761904761,0.0099991486463476,0.0011904761904761,0.0085092797548101,"E3fresh thresholds (calib boot, earlier stages) + test scores; matched_far.py --fresh",local
lfw_x_fing,9,0.01,P2-LogReg,1,1,0.0011904761904761,0.0099991486463476,0.0011904761904761,0.0092996197287019,"E3fresh thresholds (calib boot, earlier stages) + test scores; matched_far.py --fresh",local
lfw_x_fing,9,0.01,S1-Marcialis,3,3,0.0015873015873015,0.0099991486463476,0.0015873015873015,0.0095186068070454,"E3fresh thresholds (calib boot, earlier stages) + test scores; matched_far.py --fresh",local
lfw_x_fing,9,0.01,S2-Symmetric,3,3,0.0015873015873015,0.0099991486463476,0.0015873015873015,0.0095186068070454,"E3fresh thresholds (calib boot, earlier stages) + test scores; matched_far.py --fresh",local
lfw_x_fing,9,0.01,S3-SPRT,4,4,0.0017857142857142,0.0088562063681253,0.0017857142857142,0.008395411203814,"E3fresh thresholds (calib boot, earlier stages) + test scores; matched_far.py --fresh",local
lfw_x_fing,9,0.01,S4-Direct,6,6,0.0023809523809523,0.0093204305957583,0.0023809523809523,0.0080263730442514,"E3fresh thresholds (calib boot, earlier stages) + test scores; matched_far.py --fresh",local
fing_x_fing,12,0.0001,LR-P1-N2,1,1,0.105,8.602867622540847e-05,0.103,0.0001009225297321,"E3fresh thresholds (calib boot, earlier stages) + test scores; matched_far.py --fresh",local
fing_x_fing,12,0.0001,P0-Parallel,1,1,0.092,9.947760364565966e-05,0.0906666666666666,0.0001122596421029,"E3fresh thresholds (calib boot, earlier stages) + test scores; matched_far.py --fresh",local
fing_x_fing,12,0.0001,P1-LLR,1,1,0.093,9.814382571968434e-05,0.091,0.0001091474936089,"E3fresh thresholds (calib boot, earlier stages) + test scores; matched_far.py --fresh",local
fing_x_fing,12,0.0001,P2-LogReg,1,1,0.093,9.947760364565966e-05,0.091,0.00010714682672,"E3fresh thresholds (calib boot, earlier stages) + test scores; matched_far.py --fresh",local
fing_x_fing,12,0.0001,S1-Marcialis,1,1,0.1236666666666666,9.614315883072137e-05,0.1236666666666666,9.614315883072137e-05,"E3fresh thresholds (calib boot, earlier stages) + test scores; matched_far.py --fresh",local
fing_x_fing,12,0.0001,S2-Symmetric,1,1,0.1236666666666666,9.614315883072137e-05,0.1236666666666666,9.614315883072137e-05,"E3fresh thresholds (calib boot, earlier stages) + test scores; matched_far.py --fresh",local
fing_x_fing,12,0.0001,S3-SPRT,1,1,0.0926666666666666,9.992219628765144e-05,0.089,0.0001132599755474,"E3fresh thresholds (calib boot, earlier stages) + test scores; matched_far.py --fresh",local
fing_x_fing,12,0.0001,S4-Direct,1,1,0.1003333333333333,9.547626986773367e-05,0.0996666666666666,0.0001057019006335,"E3fresh thresholds (calib boot, earlier stages) + test scores; matched_far.py --fresh",local
fing_x_fing,12,0.001,LR-P1-N2,1,1,0.0693333333333333,0.0008500611314882,0.0676666666666666,0.0010067800377903,"E3fresh thresholds (calib boot, earlier stages) + test scores; matched_far.py --fresh",local
fing_x_fing,12,0.001,P0-Parallel,1,1,0.0636666666666666,0.0009901078137156,0.0633333333333333,0.0010995887518061,"E3fresh thresholds (calib boot, earlier stages) + test scores; matched_far.py --fresh",local
fing_x_fing,12,0.001,P1-LLR,1,1,0.0653333333333333,0.000996220962543,0.0646666666666666,0.0010826942314104,"E3fresh thresholds (calib boot, earlier stages) + test scores; matched_far.py --fresh",local
fing_x_fing,12,0.001,P2-LogReg,1,1,0.0633333333333333,0.0009871068133822,0.063,0.0010982549738801,"E3fresh thresholds (calib boot, earlier stages) + test scores; matched_far.py --fresh",local
fing_x_fing,12,0.001,S1-Marcialis,1,1,0.0983333333333333,0.0007650327887073,0.093,0.0010699121929532,"E3fresh thresholds (calib boot, earlier stages) + test scores; matched_far.py --fresh",local
fing_x_fing,12,0.001,S2-Symmetric,1,1,0.0983333333333333,0.0007650327887073,0.093,0.0010699121929532,"E3fresh thresholds (calib boot, earlier stages) + test scores; matched_far.py --fresh",local
fing_x_fing,12,0.001,S3-SPRT,1,1,0.0646666666666666,0.0009893297765921,0.0636666666666666,0.001105368456152,"E3fresh thresholds (calib boot, earlier stages) + test scores; matched_far.py --fresh",local
fing_x_fing,12,0.001,S4-Direct,1,1,0.0703333333333333,0.0009889963321107,0.0673333333333333,0.0010879181949538,"E3fresh thresholds (calib boot, earlier stages) + test scores; matched_far.py --fresh",local
fing_x_fing,12,0.01,HYP,1,1,0.08,0.0095283983550072,0.0803333333333333,0.008782816494387,"E3fresh thresholds (calib boot, earlier stages) + test scores; matched_far.py --fresh",local
fing_x_fing,12,0.01,LR-P1-N2,1,1,0.045,0.0089837723685673,0.0436666666666666,0.010322996554407,"E3fresh thresholds (calib boot, earlier stages) + test scores; matched_far.py --fresh",local
fing_x_fing,12,0.01,P0-Parallel,1,1,0.042,0.0099304212515282,0.041,0.0107483605646326,"E3fresh thresholds (calib boot, earlier stages) + test scores; matched_far.py --fresh",local
fing_x_fing,12,0.01,P1-LLR,1,1,0.0416666666666666,0.0099384239190841,0.0416666666666666,0.0106009781038123,"E3fresh thresholds (calib boot, earlier stages) + test scores; matched_far.py --fresh",local
fing_x_fing,12,0.01,P2-LogReg,1,1,0.042,0.0099617650327887,0.041,0.0108244970545737,"E3fresh thresholds (calib boot, earlier stages) + test scores; matched_far.py --fresh",local
fing_x_fing,12,0.01,S1-Marcialis,1,1,0.072,0.007809825497388,0.072,0.007809825497388,"E3fresh thresholds (calib boot, earlier stages) + test scores; matched_far.py --fresh",local
fing_x_fing,12,0.01,S2-Symmetric,1,1,0.045,0.0092115149494275,0.045,0.0092115149494275,"E3fresh thresholds (calib boot, earlier stages) + test scores; matched_far.py --fresh",local
fing_x_fing,12,0.01,S3-SPRT,1,1,0.0416666666666666,0.0098742914304768,0.0413333333333333,0.0107105701900633,"E3fresh thresholds (calib boot, earlier stages) + test scores; matched_far.py --fresh",local
fing_x_fing,12,0.01,S4-Direct,1,1,0.0456666666666666,0.0079823274424808,0.044,0.0100105590752473,"E3fresh thresholds (calib boot, earlier stages) + test scores; matched_far.py --fresh",local
fing_x_fing,13,0.0001,LR-P1-N2,2,2,0.0978333333333333,9.10859175280649e-05,0.1013333333333333,7.458041569412026e-05,"E3fresh thresholds (calib boot, earlier stages) + test scores; matched_far.py --fresh",local
fing_x_fing,13,0.0001,P0-Parallel,1,1,0.0886666666666666,9.892186284316994e-05,0.0913333333333333,8.347226853395576e-05,"E3fresh thresholds (calib boot, earlier stages) + test scores; matched_far.py --fresh",local
fing_x_fing,13,0.0001,P1-LLR,1,1,0.089,9.992219628765144e-05,0.0913333333333333,8.336112037345781e-05,"E3fresh thresholds (calib boot, earlier stages) + test scores; matched_far.py --fresh",local
fing_x_fing,13,0.0001,P2-LogReg,1,1,0.089,9.969989996665556e-05,0.0913333333333333,7.913749027453596e-05,"E3fresh thresholds (calib boot, earlier stages) + test scores; matched_far.py --fresh",local
fing_x_fing,13,0.0001,S1-Marcialis,1,1,0.119,8.269423141047015e-05,0.122,5.801933977992664e-05,"E3fresh thresholds (calib boot, earlier stages) + test scores; matched_far.py --fresh",local
fing_x_fing,13,0.0001,S2-Symmetric,1,1,0.119,8.269423141047015e-05,0.122,5.801933977992664e-05,"E3fresh thresholds (calib boot, earlier stages) + test scores; matched_far.py --fresh",local
fing_x_fing,13,0.0001,S3-SPRT,1,1,0.087,9.947760364565966e-05,0.089,8.258308324997222e-05,"E3fresh thresholds (calib boot, earlier stages) + test scores; matched_far.py --fresh",local
fing_x_fing,13,0.0001,S4-Direct,1,1,0.0973333333333333,9.125263976881182e-05,0.0983333333333333,8.1027009003001e-05,"E3fresh thresholds (calib boot, earlier stages) + test scores; matched_far.py --fresh",local
fing_x_fing,13,0.001,LR-P1-N2,2,2,0.0693333333333333,0.0009188062687562,0.0693333333333333,0.0009188062687561,"E3fresh thresholds (calib boot, earlier stages) + test scores; matched_far.py --fresh",local
fing_x_fing,13,0.001,P0-Parallel,1,1,0.06,0.0009874402578637,0.0603333333333333,0.000889963321107,"E3fresh thresholds (calib boot, earlier stages) + test scores; matched_far.py --fresh",local
fing_x_fing,13,0.001,P1-LLR,1,1,0.06,0.0009965544070245,0.061,0.0008928531732799,"E3fresh thresholds (calib boot, earlier stages) + test scores; matched_far.py --fresh",local
fing_x_fing,13,0.001,P2-LogReg,1,1,0.0596666666666666,0.0009886628876292,0.061,0.0008849616538846,"E3fresh thresholds (calib boot, earlier stages) + test scores; matched_far.py --fresh",local
fing_x_fing,13,0.001,S1-Marcialis,1,1,0.0896666666666666,0.0009505390685784,0.0963333333333333,0.0006755585195065,"E3fresh thresholds (calib boot, earlier stages) + test scores; matched_far.py --fresh",local
fing_x_fing,13,0.001,S2-Symmetric,1,1,0.0896666666666666,0.0009505390685784,0.0963333333333333,0.0006755585195065,"E3fresh thresholds (calib boot, earlier stages) + test scores; matched_far.py --fresh",local
fing_x_fing,13,0.001,S3-SPRT,1,1,0.06,0.0009939979993331,0.0603333333333333,0.000890407913749,"E3fresh thresholds (calib boot, earlier stages) + test scores; matched_far.py --fresh",local
fing_x_fing,13,0.001,S4-Direct,1,1,0.0686666666666666,0.0009673224408136,0.071,0.0007733689007446,"E3fresh thresholds (calib boot, earlier stages) + test scores; matched_far.py --fresh",local
fing_x_fing,13,0.01,HYP,1,1,0.073,0.0095299544292541,0.075,0.008268311659442,"E3fresh thresholds (calib boot, earlier stages) + test scores; matched_far.py --fresh",local
fing_x_fing,13,0.01,LR-P1-N2,1,1,0.042,0.0088204957207958,0.042,0.0088204957207958,"E3fresh thresholds (calib boot, earlier stages) + test scores; matched_far.py --fresh",local
fing_x_fing,13,0.01,P0-Parallel,1,1,0.039,0.0098826275425141,0.0393333333333333,0.0095741913971323,"E3fresh thresholds (calib boot, earlier stages) + test scores; matched_far.py --fresh",local
fing_x_fing,13,0.01,P1-LLR,1,1,0.0383333333333333,0.0098333889074135,0.039,0.0095828609536512,"E3fresh thresholds (calib boot, earlier stages) + test scores; matched_far.py --fresh",local
fing_x_fing,13,0.01,P2-LogReg,1,1,0.0393333333333333,0.0099353117705901,0.0393333333333333,0.0095108369456485,"E3fresh thresholds (calib boot, earlier stages) + test scores; matched_far.py --fresh",local
fing_x_fing,13,0.01,S1-Marcialis,1,1,0.0673333333333333,0.0073435589640991,0.0673333333333333,0.0073435589640991,"E3fresh thresholds (calib boot, earlier stages) + test scores; matched_far.py --fresh",local
fing_x_fing,13,0.01,S2-Symmetric,1,1,0.042,0.0086803378904079,0.042,0.0086803378904079,"E3fresh thresholds (calib boot, earlier stages) + test scores; matched_far.py --fresh",local
fing_x_fing,13,0.01,S3-SPRT,1,1,0.0393333333333333,0.009999555407358,0.0396666666666666,0.0095877514727131,"E3fresh thresholds (calib boot, earlier stages) + test scores; matched_far.py --fresh",local
fing_x_fing,13,0.01,S4-Direct,2,2,0.043,0.0090480160053351,0.0429999999999999,0.009048016005335,"E3fresh thresholds (calib boot, earlier stages) + test scores; matched_far.py --fresh",local
fing_x_fing,14,0.0001,LR-P1-N2,2,2,0.0968333333333333,9.080804712682004e-05,0.1006666666666666,7.402467489163054e-05,"E3fresh thresholds (calib boot, earlier stages) + test scores; matched_far.py --fresh",local
fing_x_fing,14,0.0001,P0-Parallel,1,1,0.0903333333333333,9.95887518061576e-05,0.0903333333333333,9.70323441147049e-05,"E3fresh thresholds (calib boot, earlier stages) + test scores; matched_far.py --fresh",local
fing_x_fing,14,0.0001,P1-LLR,1,1,0.0903333333333333,9.981104812715348e-05,0.0906666666666666,9.60320106702234e-05,"E3fresh thresholds (calib boot, earlier stages) + test scores; matched_far.py --fresh",local
fing_x_fing,14,0.0001,P2-LogReg,1,1,0.09,9.947760364565966e-05,0.0906666666666666,9.658775147271312e-05,"E3fresh thresholds (calib boot, earlier stages) + test scores; matched_far.py --fresh",local
fing_x_fing,14,0.0001,S1-Marcialis,1,1,0.1216666666666666,8.769589863287763e-05,0.1216666666666666,8.769589863287763e-05,"E3fresh thresholds (calib boot, earlier stages) + test scores; matched_far.py --fresh",local
fing_x_fing,14,0.0001,S2-Symmetric,1,1,0.1216666666666666,8.769589863287763e-05,0.1216666666666666,8.769589863287763e-05,"E3fresh thresholds (calib boot, earlier stages) + test scores; matched_far.py --fresh",local
fing_x_fing,14,0.0001,S3-SPRT,1,1,0.0886666666666666,9.914415916416584e-05,0.0886666666666666,9.769923307769256e-05,"E3fresh thresholds (calib boot, earlier stages) + test scores; matched_far.py --fresh",local
fing_x_fing,14,0.0001,S4-Direct,1,1,0.1016666666666666,9.592086250972548e-05,0.1016666666666666,7.358008224963876e-05,"E3fresh thresholds (calib boot, earlier stages) + test scores; matched_far.py --fresh",local
fing_x_fing,14,0.001,LR-P1-N2,2,2,0.068,0.0009239190841391,0.0679999999999999,0.0009239190841391,"E3fresh thresholds (calib boot, earlier stages) + test scores; matched_far.py --fresh",local
fing_x_fing,14,0.001,P0-Parallel,1,1,0.0603333333333333,0.0009934422585306,0.0616666666666666,0.0009385350672446,"E3fresh thresholds (calib boot, earlier stages) + test scores; matched_far.py --fresh",local
fing_x_fing,14,0.001,P1-LLR,1,1,0.061,0.0009972212959875,0.0613333333333333,0.0009465377348004,"E3fresh thresholds (calib boot, earlier stages) + test scores; matched_far.py --fresh",local
fing_x_fing,14,0.001,P2-LogReg,1,1,0.0596666666666666,0.000997332444148,0.061,0.0009584305879737,"E3fresh thresholds (calib boot, earlier stages) + test scores; matched_far.py --fresh",local
fing_x_fing,14,0.001,S1-Marcialis,1,1,0.0906666666666666,0.0009895520729131,0.0963333333333333,0.0007014560409025,"E3fresh thresholds (calib boot, earlier stages) + test scores; matched_far.py --fresh",local
fing_x_fing,14,0.001,S2-Symmetric,1,1,0.0906666666666666,0.0009895520729131,0.0963333333333333,0.0007014560409025,"E3fresh thresholds (calib boot, earlier stages) + test scores; matched_far.py --fresh",local
fing_x_fing,14,0.001,S3-SPRT,1,1,0.0603333333333333,0.000994664888296,0.061,0.0009669889963321,"E3fresh thresholds (calib boot, earlier stages) + test scores; matched_far.py --fresh",local
fing_x_fing,14,0.001,S4-Direct,1,1,0.0696666666666666,0.0009579859953317,0.072,0.0007675891963987,"E3fresh thresholds (calib boot, earlier stages) + test scores; matched_far.py --fresh",local
fing_x_fing,14,0.01,HYP,1,1,0.07,0.009509169723241,0.072,0.0077678114927197,"E3fresh thresholds (calib boot, earlier stages) + test scores; matched_far.py --fresh",local
fing_x_fing,14,0.01,LR-P1-N2,2,2,0.0423333333333333,0.0086923974658219,0.0423333333333333,0.0086923974658218,"E3fresh thresholds (calib boot, earlier stages) + test scores; matched_far.py --fresh",local
fing_x_fing,14,0.01,P0-Parallel,1,1,0.0373333333333333,0.0098905190619095,0.0376666666666666,0.0092986551072579,"E3fresh thresholds (calib boot, earlier stages) + test scores; matched_far.py --fresh",local
fing_x_fing,14,0.01,P1-LLR,1,1,0.0376666666666666,0.009941091474936,0.0383333333333333,0.0093352228520617,"E3fresh thresholds (calib boot, earlier stages) + test scores; matched_far.py --fresh",local
fing_x_fing,14,0.01,P2-LogReg,1,1,0.037,0.0099116372124041,0.0373333333333333,0.0093744581527175,"E3fresh thresholds (calib boot, earlier stages) + test scores; matched_far.py --fresh",local
fing_x_fing,14,0.01,S1-Marcialis,1,1,0.066,0.0073813493386684,0.066,0.0073813493386684,"E3fresh thresholds (calib boot, earlier stages) + test scores; matched_far.py --fresh",local
fing_x_fing,14,0.01,S2-Symmetric,1,1,0.0413333333333333,0.008670779148605,0.0413333333333333,0.008670779148605,"E3fresh thresholds (calib boot, earlier stages) + test scores; matched_far.py --fresh",local
fing_x_fing,14,0.01,S3-SPRT,1,1,0.0376666666666666,0.009941091474936,0.0383333333333333,0.0093352228520617,"E3fresh thresholds (calib boot, earlier stages) + test scores; matched_far.py --fresh",local
fing_x_fing,14,0.01,S4-Direct,1,1,0.0433333333333333,0.0094722685339557,0.0453333333333333,0.0087678114927197,"E3fresh thresholds (calib boot, earlier stages) + test scores; matched_far.py --fresh",local
fing_x_fing,15,0.0001,LR-P1-N2,1,1,0.0993333333333333,8.613982438590642e-05,0.0993333333333333,8.613982438590642e-05,"E3fresh thresholds (calib boot, earlier stages) + test scores; matched_far.py --fresh",local
fing_x_fing,15,0.0001,P0-Parallel,1,1,0.0866666666666666,9.992219628765144e-05,0.0866666666666666,0.0001045904190285,"E3fresh thresholds (calib boot, earlier stages) + test scores; matched_far.py --fresh",local
fing_x_fing,15,0.0001,P1-LLR,1,1,0.0883333333333333,9.969989996665556e-05,0.087,0.000104034678226,"E3fresh thresholds (calib boot, earlier stages) + test scores; matched_far.py --fresh",local
fing_x_fing,15,0.0001,P2-LogReg,1,1,0.0883333333333333,9.892186284316994e-05,0.0866666666666666,0.000104479270868,"E3fresh thresholds (calib boot, earlier stages) + test scores; matched_far.py --fresh",local
fing_x_fing,15,0.0001,S1-Marcialis,1,1,0.1146666666666666,9.492052906524396e-05,0.1146666666666666,9.492052906524396e-05,"E3fresh thresholds (calib boot, earlier stages) + test scores; matched_far.py --fresh",local
fing_x_fing,15,0.0001,S2-Symmetric,1,1,0.1146666666666666,9.492052906524396e-05,0.1146666666666666,9.492052906524396e-05,"E3fresh thresholds (calib boot, earlier stages) + test scores; matched_far.py --fresh",local
fing_x_fing,15,0.0001,S3-SPRT,1,1,0.088,9.969989996665556e-05,0.0863333333333333,0.0001090363454484,"E3fresh thresholds (calib boot, earlier stages) + test scores; matched_far.py --fresh",local
fing_x_fing,15,0.0001,S4-Direct,1,1,0.0976666666666666,9.303101033677892e-05,0.0956666666666666,0.0001052573079915,"E3fresh thresholds (calib boot, earlier stages) + test scores; matched_far.py --fresh",local
fing_x_fing,15,0.001,LR-P1-N2,2,2,0.0663333333333333,0.000999777703679,0.0663333333333333,0.000999777703679,"E3fresh thresholds (calib boot, earlier stages) + test scores; matched_far.py --fresh",local
fing_x_fing,15,0.001,P0-Parallel,1,1,0.0596666666666666,0.0009901078137156,0.059,0.0010583527842614,"E3fresh thresholds (calib boot, earlier stages) + test scores; matched_far.py --fresh",local
fing_x_fing,15,0.001,P1-LLR,1,1,0.061,0.000996220962543,0.0603333333333333,0.001052017339113,"E3fresh thresholds (calib boot, earlier stages) + test scores; matched_far.py --fresh",local
fing_x_fing,15,0.001,P2-LogReg,1,1,0.0616666666666666,0.000998888518395,0.06,0.0010406802267422,"E3fresh thresholds (calib boot, earlier stages) + test scores; matched_far.py --fresh",local
fing_x_fing,15,0.001,S1-Marcialis,1,1,0.0906666666666666,0.0007423585639657,0.0906666666666666,0.0007423585639657,"E3fresh thresholds (calib boot, earlier stages) + test scores; matched_far.py --fresh",local
fing_x_fing,15,0.001,S2-Symmetric,1,1,0.0906666666666666,0.0007423585639657,0.0906666666666666,0.0007423585639657,"E3fresh thresholds (calib boot, earlier stages) + test scores; matched_far.py --fresh",local
fing_x_fing,15,0.001,S3-SPRT,2,2,0.0601666666666666,0.0009989996665555,0.0598333333333333,0.0010474046904523,"E3fresh thresholds (calib boot, earlier stages) + test scores; matched_far.py --fresh",local
fing_x_fing,15,0.001,S4-Direct,1,1,0.068,0.0008466155385128,0.0666666666666666,0.00104912748694,"E3fresh thresholds (calib boot, earlier stages) + test scores; matched_far.py --fresh",local
fing_x_fing,15,0.01,LR-P1-N2,1,1,0.042,0.0091287095698566,0.042,0.0091287095698566,"E3fresh thresholds (calib boot, earlier stages) + test scores; matched_far.py --fresh",local
fing_x_fing,15,0.01,P0-Parallel,1,1,0.0396666666666666,0.0099497610314549,0.0396666666666666,0.010455596309881,"E3fresh thresholds (calib boot, earlier stages) + test scores; matched_far.py --fresh",local
fing_x_fing,15,0.01,P1-LLR,1,1,0.0406666666666666,0.0099211959542069,0.0403333333333333,0.0103823496721129,"E3fresh thresholds (calib boot, earlier stages) + test scores; matched_far.py --fresh",local
fing_x_fing,15,0.01,P2-LogReg,1,1,0.04,0.0099623207735911,0.04,0.0102498610647993,"E3fresh thresholds (calib boot, earlier stages) + test scores; matched_far.py --fresh",local
fing_x_fing,15,0.01,S1-Marcialis,1,1,0.0643333333333333,0.0075686339891074,0.0643333333333333,0.0075686339891074,"E3fresh thresholds (calib boot, earlier stages) + test scores; matched_far.py --fresh",local
fing_x_fing,15,0.01,S2-Symmetric,1,1,0.0446666666666666,0.0079376458819606,0.0426666666666666,0.010023896854507,"E3fresh thresholds (calib boot, earlier stages) + test scores; matched_far.py --fresh",local
fing_x_fing,15,0.01,S3-SPRT,2,2,0.0406666666666666,0.0099211959542069,0.0403333333333333,0.0103823496721129,"E3fresh thresholds (calib boot, earlier stages) + test scores; matched_far.py --fresh",local
fing_x_fing,15,0.01,S4-Direct,1,1,0.0446666666666666,0.0079376458819606,0.0426666666666666,0.010023896854507,"E3fresh thresholds (calib boot, earlier stages) + test scores; matched_far.py --fresh",local
fing_x_fing,16,0.0001,LR-P1-N2,2,2,0.0958333333333333,8.608425030565744e-05,0.099,7.035678559519839e-05,"E3fresh thresholds (calib boot, earlier stages) + test scores; matched_far.py --fresh",local
fing_x_fing,16,0.0001,P0-Parallel,1,1,0.0843333333333333,9.969989996665556e-05,0.0873333333333333,8.147160164499277e-05,"E3fresh thresholds (calib boot, earlier stages) + test scores; matched_far.py --fresh",local
fing_x_fing,16,0.0001,P1-LLR,1,1,0.0836666666666666,9.992219628765144e-05,0.0863333333333333,8.024897187951539e-05,"E3fresh thresholds (calib boot, earlier stages) + test scores; matched_far.py --fresh",local
fing_x_fing,16,0.0001,P2-LogReg,1,1,0.0833333333333333,9.981104812715348e-05,0.087,7.735911970656885e-05,"E3fresh thresholds (calib boot, earlier stages) + test scores; matched_far.py --fresh",local
fing_x_fing,16,0.0001,S1-Marcialis,1,1,0.1216666666666666,7.691452706457708e-05,0.125,5.4018006002000665e-05,"E3fresh thresholds (calib boot, earlier stages) + test scores; matched_far.py --fresh",local
fing_x_fing,16,0.0001,S2-Symmetric,1,1,0.1216666666666666,7.691452706457708e-05,0.125,5.4018006002000665e-05,"E3fresh thresholds (calib boot, earlier stages) + test scores; matched_far.py --fresh",local
fing_x_fing,16,0.0001,S3-SPRT,1,1,0.0806666666666666,9.95887518061576e-05,0.0836666666666666,7.658108258308325e-05,"E3fresh thresholds (calib boot, earlier stages) + test scores; matched_far.py --fresh",local
fing_x_fing,16,0.0001,S4-Direct,1,1,0.0946666666666666,8.869623207735911e-05,0.096,7.858174947204623e-05,"E3fresh thresholds (calib boot, earlier stages) + test scores; matched_far.py --fresh",local
fing_x_fing,16,0.001,LR-P1-N2,1,1,0.0666666666666666,0.0009043014338112,0.0676666666666666,0.0007770367900411,"E3fresh thresholds (calib boot, earlier stages) + test scores; matched_far.py --fresh",local
fing_x_fing,16,0.001,P0-Parallel,1,1,0.0576666666666666,0.0009921084806046,0.0603333333333333,0.0008475047237968,"E3fresh thresholds (calib boot, earlier stages) + test scores; matched_far.py --fresh",local
fing_x_fing,16,0.001,P1-LLR,1,1,0.0573333333333333,0.000995109480938,0.0616666666666666,0.0008390574635989,"E3fresh thresholds (calib boot, earlier stages) + test scores; matched_far.py --fresh",local
fing_x_fing,16,0.001,P2-LogReg,1,1,0.0573333333333333,0.000995776369901,0.06,0.0008417250194509,"E3fresh thresholds (calib boot, earlier stages) + test scores; matched_far.py --fresh",local
fing_x_fing,16,0.001,S1-Marcialis,1,1,0.089,0.0009529843281093,0.095,0.0006755585195065,"E3fresh thresholds (calib boot, earlier stages) + test scores; matched_far.py --fresh",local
fing_x_fing,16,0.001,S2-Symmetric,1,1,0.089,0.0009529843281093,0.095,0.0006755585195065,"E3fresh thresholds (calib boot, earlier stages) + test scores; matched_far.py --fresh",local
fing_x_fing,16,0.001,S3-SPRT,1,1,0.059,0.0009905524063576,0.061,0.0008676225408469,"E3fresh thresholds (calib boot, earlier stages) + test scores; matched_far.py --fresh",local
fing_x_fing,16,0.001,S4-Direct,1,1,0.0663333333333333,0.0009510948093809,0.0676666666666666,0.0007659219739913,"E3fresh thresholds (calib boot, earlier stages) + test scores; matched_far.py --fresh",local
fing_x_fing,16,0.01,LR-P1-N2,2,2,0.039,0.0091985661887295,0.04,0.0085123374458151,"E3fresh thresholds (calib boot, earlier stages) + test scores; matched_far.py --fresh",local
fing_x_fing,16,0.01,P0-Parallel,1,1,0.0356666666666666,0.0098508391686117,0.0366666666666666,0.0088791819495387,"E3fresh thresholds (calib boot, earlier stages) + test scores; matched_far.py --fresh",local
fing_x_fing,16,0.01,P1-LLR,1,1,0.0363333333333333,0.0098403912415249,0.037,0.0090176725575191,"E3fresh thresholds (calib boot, earlier stages) + test scores; matched_far.py --fresh",local
fing_x_fing,16,0.01,P2-LogReg,1,1,0.0356666666666666,0.0098874069134155,0.0366666666666666,0.0088708458375013,"E3fresh thresholds (calib boot, earlier stages) + test scores; matched_far.py --fresh",local
fing_x_fing,16,0.01,S1-Marcialis,1,1,0.064,0.0071536067578081,0.064,0.0071536067578081,"E3fresh thresholds (calib boot, earlier stages) + test scores; matched_far.py --fresh",local
fing_x_fing,16,0.01,S2-Symmetric,1,1,0.0383333333333333,0.0099270868067133,0.0396666666666666,0.0081231521618317,"E3fresh thresholds (calib boot, earlier stages) + test scores; matched_far.py --fresh",local
fing_x_fing,16,0.01,S3-SPRT,1,1,0.0363333333333333,0.0099754362565299,0.0373333333333333,0.0090380126708902,"E3fresh thresholds (calib boot, earlier stages) + test scores; matched_far.py --fresh",local
fing_x_fing,16,0.01,S4-Direct,1,1,0.0416666666666666,0.0094028009336445,0.0433333333333333,0.0087284650439035,"E3fresh thresholds (calib boot, earlier stages) + test scores; matched_far.py --fresh",local
fing_x_fing,17,0.0001,LR-P1-N2,1,1,0.0923333333333333,8.91408247193509e-05,0.0993333333333333,6.002000666888963e-05,"E3fresh thresholds (calib boot, earlier stages) + test scores; matched_far.py --fresh",local
fing_x_fing,17,0.0001,P0-Parallel,1,1,0.0833333333333333,9.969989996665556e-05,0.0866666666666666,7.224630432366345e-05,"E3fresh thresholds (calib boot, earlier stages) + test scores; matched_far.py --fresh",local
fing_x_fing,17,0.0001,P1-LLR,1,1,0.0846666666666666,9.947760364565966e-05,0.0866666666666666,7.335778592864288e-05,"E3fresh thresholds (calib boot, earlier stages) + test scores; matched_far.py --fresh",local
fing_x_fing,17,0.0001,P2-LogReg,1,1,0.0826666666666666,9.947760364565966e-05,0.0863333333333333,7.302434144714905e-05,"E3fresh thresholds (calib boot, earlier stages) + test scores; matched_far.py --fresh",local
fing_x_fing,17,0.0001,S1-Marcialis,1,1,0.1246666666666666,7.624763810158942e-05,0.1283333333333333,5.501833944648216e-05,"E3fresh thresholds (calib boot, earlier stages) + test scores; matched_far.py --fresh",local
fing_x_fing,17,0.0001,S2-Symmetric,1,1,0.1246666666666666,7.624763810158942e-05,0.1283333333333333,5.501833944648216e-05,"E3fresh thresholds (calib boot, earlier stages) + test scores; matched_far.py --fresh",local
fing_x_fing,17,0.0001,S3-SPRT,1,1,0.0843333333333333,9.869956652217406e-05,0.0866666666666666,7.424697121262643e-05,"E3fresh thresholds (calib boot, earlier stages) + test scores; matched_far.py --fresh",local
fing_x_fing,17,0.0001,S4-Direct,1,1,0.0926666666666666,8.858508391686118e-05,0.097,7.002334111370457e-05,"E3fresh thresholds (calib boot, earlier stages) + test scores; matched_far.py --fresh",local
fing_x_fing,17,0.001,LR-P1-N2,1,1,0.064,0.0009366455485161,0.0663333333333333,0.0007468044903856,"E3fresh thresholds (calib boot, earlier stages) + test scores; matched_far.py --fresh",local
fing_x_fing,17,0.001,P0-Parallel,1,1,0.057,0.000999777703679,0.0593333333333333,0.0008233855729687,"E3fresh thresholds (calib boot, earlier stages) + test scores; matched_far.py --fresh",local
fing_x_fing,17,0.001,P1-LLR,1,1,0.0573333333333333,0.0009882182949872,0.059,0.0008211626097588,"E3fresh thresholds (calib boot, earlier stages) + test scores; matched_far.py --fresh",local
fing_x_fing,17,0.001,P2-LogReg,1,1,0.0563333333333333,0.0009914415916416,0.06,0.0008099366455485,"E3fresh thresholds (calib boot, earlier stages) + test scores; matched_far.py --fresh",local
fing_x_fing,17,0.001,S1-Marcialis,1,1,0.091,0.0008931866177614,0.0963333333333333,0.0006283205512948,"E3fresh thresholds (calib boot, earlier stages) + test scores; matched_far.py --fresh",local
fing_x_fing,17,0.001,S2-Symmetric,1,1,0.091,0.0008931866177614,0.0963333333333333,0.0006283205512948,"E3fresh thresholds (calib boot, earlier stages) + test scores; matched_far.py --fresh",local
fing_x_fing,17,0.001,S3-SPRT,1,1,0.0563333333333333,0.0009923307769256,0.059,0.0008109369789929,"E3fresh thresholds (calib boot, earlier stages) + test scores; matched_far.py --fresh",local
fing_x_fing,17,0.001,S4-Direct,1,1,0.0643333333333333,0.0009244192508613,0.0666666666666666,0.0007390241191508,"E3fresh thresholds (calib boot, earlier stages) + test scores; matched_far.py --fresh",local
fing_x_fing,17,0.01,HYP,1,1,0.0686666666666666,0.009566299877737,0.0696666666666666,0.0080200066688896,"E3fresh thresholds (calib boot, earlier stages) + test scores; matched_far.py --fresh",local
fing_x_fing,17,0.01,LR-P1-N2,1,1,0.0393333333333333,0.0084734911637212,0.0413333333333333,0.007050016672224,"E3fresh thresholds (calib boot, earlier stages) + test scores; matched_far.py --fresh",local
fing_x_fing,17,0.01,P0-Parallel,1,1,0.0333333333333333,0.0099400911414916,0.035,0.0087893742358563,"E3fresh thresholds (calib boot, earlier stages) + test scores; matched_far.py --fresh",local
fing_x_fing,17,0.01,P1-LLR,1,1,0.034,0.0098603979104145,0.0353333333333333,0.0088399466488829,"E3fresh thresholds (calib boot, earlier stages) + test scores; matched_far.py --fresh",local
fing_x_fing,17,0.01,P2-LogReg,1,1,0.034,0.0099125263976881,0.0346666666666666,0.0088321662776481,"E3fresh thresholds (calib boot, earlier stages) + test scores; matched_far.py --fresh",local
fing_x_fing,17,0.01,S1-Marcialis,1,1,0.0603333333333333,0.0096156496609981,0.0656666666666666,0.0068580637990441,"E3fresh thresholds (calib boot, earlier stages) + test scores; matched_far.py --fresh",local
fing_x_fing,17,0.01,S2-Symmetric,1,1,0.038,0.0097113482271868,0.04,0.0083318884072468,"E3fresh thresholds (calib boot, earlier stages) + test scores; matched_far.py --fresh",local
fing_x_fing,17,0.01,S3-SPRT,2,2,0.034,0.0098603979104145,0.0353333333333333,0.0088399466488829,"E3fresh thresholds (calib boot, earlier stages) + test scores; matched_far.py --fresh",local
fing_x_fing,17,0.01,S4-Direct,1,1,0.0386666666666666,0.0092827609203067,0.0406666666666666,0.0085668556185395,"E3fresh thresholds (calib boot, earlier stages) + test scores; matched_far.py --fresh",local
fing_x_fing,18,0.0001,LR-P1-N2,1,1,0.0993333333333333,8.647326886740025e-05,0.1026666666666666,7.235745248416138e-05,"E3fresh thresholds (calib boot, earlier stages) + test scores; matched_far.py --fresh",local
fing_x_fing,18,0.0001,P0-Parallel,1,1,0.0856666666666666,9.858841836167612e-05,0.088,8.269423141047015e-05,"E3fresh thresholds (calib boot, earlier stages) + test scores; matched_far.py --fresh",local
fing_x_fing,18,0.0001,P1-LLR,1,1,0.0863333333333333,9.847727020117818e-05,0.0886666666666666,8.347226853395576e-05,"E3fresh thresholds (calib boot, earlier stages) + test scores; matched_far.py --fresh",local
fing_x_fing,18,0.0001,P2-LogReg,1,1,0.0873333333333333,9.969989996665556e-05,0.089,8.024897187951539e-05,"E3fresh thresholds (calib boot, earlier stages) + test scores; matched_far.py --fresh",local
fing_x_fing,18,0.0001,S1-Marcialis,1,1,0.1196666666666666,8.013782371901746e-05,0.1236666666666666,5.6685561853951314e-05,"E3fresh thresholds (calib boot, earlier stages) + test scores; matched_far.py --fresh",local
fing_x_fing,18,0.0001,S2-Symmetric,1,1,0.1196666666666666,8.013782371901746e-05,0.1236666666666666,5.6685561853951314e-05,"E3fresh thresholds (calib boot, earlier stages) + test scores; matched_far.py --fresh",local
fing_x_fing,18,0.0001,S3-SPRT,1,1,0.087,9.981104812715348e-05,0.09,7.39135267311326e-05,"E3fresh thresholds (calib boot, earlier stages) + test scores; matched_far.py --fresh",local
fing_x_fing,18,0.0001,S4-Direct,1,1,0.0996666666666666,8.53617872624208e-05,0.103,7.157941536067579e-05,"E3fresh thresholds (calib boot, earlier stages) + test scores; matched_far.py --fresh",local
fing_x_fing,18,0.001,LR-P1-N2,2,2,0.0681666666666666,0.0009194175836389,0.0696666666666666,0.0007555851950649,"E3fresh thresholds (calib boot, earlier stages) + test scores; matched_far.py --fresh",local
fing_x_fing,18,0.001,P0-Parallel,1,1,0.0613333333333333,0.000998221629432,0.0633333333333333,0.0008443925753028,"E3fresh thresholds (calib boot, earlier stages) + test scores; matched_far.py --fresh",local
fing_x_fing,18,0.001,P1-LLR,1,1,0.0626666666666666,0.0009878848505057,0.064,0.0008389463154384,"E3fresh thresholds (calib boot, earlier stages) + test scores; matched_far.py --fresh",local
fing_x_fing,18,0.001,P2-LogReg,1,1,0.06,0.0009882182949872,0.063,0.0008402800933644,"E3fresh thresholds (calib boot, earlier stages) + test scores; matched_far.py --fresh",local
fing_x_fing,18,0.001,S1-Marcialis,1,1,0.0873333333333333,0.0009359786595531,0.0936666666666666,0.0006625541847282,"E3fresh thresholds (calib boot, earlier stages) + test scores; matched_far.py --fresh",local
fing_x_fing,18,0.001,S2-Symmetric,1,1,0.0873333333333333,0.0009359786595531,0.0936666666666666,0.0006625541847282,"E3fresh thresholds (calib boot, earlier stages) + test scores; matched_far.py --fresh",local
fing_x_fing,18,0.001,S3-SPRT,2,2,0.0621666666666666,0.0009912748694009,0.0638333333333333,0.0008377792597532,"E3fresh thresholds (calib boot, earlier stages) + test scores; matched_far.py --fresh",local
fing_x_fing,18,0.001,S4-Direct,1,1,0.068,0.0009366455485161,0.0703333333333333,0.0007479159719906,"E3fresh thresholds (calib boot, earlier stages) + test scores; matched_far.py --fresh",local
fing_x_fing,18,0.01,HYP,1,1,0.071,0.0096218739579859,0.072,0.0085128376125375,"E3fresh thresholds (calib boot, earlier stages) + test scores; matched_far.py --fresh",local
fing_x_fing,18,0.01,LR-P1-N2,2,2,0.0433333333333333,0.0091763921307102,0.0443333333333333,0.0084746582194064,"E3fresh thresholds (calib boot, earlier stages) + test scores; matched_far.py --fresh",local
fing_x_fing,18,0.01,P0-Parallel,1,1,0.039,0.0099989996665555,0.0403333333333333,0.0087940424585973,"E3fresh thresholds (calib boot, earlier stages) + test scores; matched_far.py --fresh",local
fing_x_fing,18,0.01,P1-LLR,1,1,0.0396666666666666,0.0099208625097254,0.041,0.0088349449816605,"E3fresh thresholds (calib boot, earlier stages) + test scores; matched_far.py --fresh",local
fing_x_fing,18,0.01,P2-LogReg,1,1,0.0393333333333333,0.0098836278759586,0.0403333333333333,0.0088499499833277,"E3fresh thresholds (calib boot, earlier stages) + test scores; matched_far.py --fresh",local
fing_x_fing,18,0.01,S1-Marcialis,1,1,0.0596666666666666,0.0099399799933311,0.0663333333333333,0.0071217072357452,"E3fresh thresholds (calib boot, earlier stages) + test scores; matched_far.py --fresh",local
fing_x_fing,18,0.01,S2-Symmetric,1,1,0.043,0.0085050572413026,0.043,0.0085050572413026,"E3fresh thresholds (calib boot, earlier stages) + test scores; matched_far.py --fresh",local
fing_x_fing,18,0.01,S3-SPRT,2,2,0.0396666666666666,0.0099208625097254,0.041,0.0088349449816605,"E3fresh thresholds (calib boot, earlier stages) + test scores; matched_far.py --fresh",local
fing_x_fing,18,0.01,S4-Direct,1,1,0.0426666666666666,0.0093424474824941,0.0456666666666666,0.007376569967767,"E3fresh thresholds (calib boot, earlier stages) + test scores; matched_far.py --fresh",local
fing_x_fing,19,0.0001,LR-P1-N2,2,2,0.1013333333333333,9.592086250972548e-05,0.1041666666666666,7.891519395354006e-05,"E3fresh thresholds (calib boot, earlier stages) + test scores; matched_far.py --fresh",local
fing_x_fing,19,0.0001,P0-Parallel,1,1,0.0906666666666666,9.992219628765144e-05,0.0906666666666666,0.000103812381905,"E3fresh thresholds (calib boot, earlier stages) + test scores; matched_far.py --fresh",local
fing_x_fing,19,0.0001,P1-LLR,1,1,0.0906666666666666,9.847727020117818e-05,0.09,0.000104034678226,"E3fresh thresholds (calib boot, earlier stages) + test scores; matched_far.py --fresh",local
fing_x_fing,19,0.0001,P2-LogReg,1,1,0.0913333333333333,9.992219628765144e-05,0.0913333333333333,0.000103590085584,"E3fresh thresholds (calib boot, earlier stages) + test scores; matched_far.py --fresh",local
fing_x_fing,19,0.0001,S1-Marcialis,1,1,0.1233333333333333,8.758475047237968e-05,0.1233333333333333,8.758475047237968e-05,"E3fresh thresholds (calib boot, earlier stages) + test scores; matched_far.py --fresh",local
fing_x_fing,19,0.0001,S2-Symmetric,1,1,0.1233333333333333,8.758475047237968e-05,0.1233333333333333,8.758475047237968e-05,"E3fresh thresholds (calib boot, earlier stages) + test scores; matched_far.py --fresh",local
fing_x_fing,19,0.0001,S3-SPRT,1,1,0.0913333333333333,9.992219628765144e-05,0.0923333333333333,9.380904746026451e-05,"E3fresh thresholds (calib boot, earlier stages) + test scores; matched_far.py --fresh",local
fing_x_fing,19,0.0001,S4-Direct,1,1,0.1003333333333333,9.725464043570078e-05,0.1016666666666666,8.747360231188173e-05,"E3fresh thresholds (calib boot, earlier stages) + test scores; matched_far.py --fresh",local
fing_x_fing,19,0.001,LR-P1-N2,2,2,0.0703333333333333,0.0009493164388129,0.0703333333333333,0.0009493164388129,"E3fresh thresholds (calib boot, earlier stages) + test scores; matched_far.py --fresh",local
fing_x_fing,19,0.001,P0-Parallel,1,1,0.0626666666666666,0.0009895520729131,0.0633333333333333,0.0009761031454929,"E3fresh thresholds (calib boot, earlier stages) + test scores; matched_far.py --fresh",local
fing_x_fing,19,0.001,P1-LLR,1,1,0.0646666666666666,0.000997110147827,0.0646666666666666,0.0009809936645548,"E3fresh thresholds (calib boot, earlier stages) + test scores; matched_far.py --fresh",local
fing_x_fing,19,0.001,P2-LogReg,1,1,0.0633333333333333,0.0009969989996665,0.0633333333333333,0.0009821051461598,"E3fresh thresholds (calib boot, earlier stages) + test scores; matched_far.py --fresh",local
fing_x_fing,19,0.001,S1-Marcialis,1,1,0.0963333333333333,0.0007231299321996,0.0963333333333333,0.0007231299321996,"E3fresh thresholds (calib boot, earlier stages) + test scores; matched_far.py --fresh",local
fing_x_fing,19,0.001,S2-Symmetric,1,1,0.0963333333333333,0.0007231299321996,0.0963333333333333,0.0007231299321996,"E3fresh thresholds (calib boot, earlier stages) + test scores; matched_far.py --fresh",local
fing_x_fing,19,0.001,S3-SPRT,1,1,0.064,0.000995776369901,0.064,0.0009781038123819,"E3fresh thresholds (calib boot, earlier stages) + test scores; matched_far.py --fresh",local
fing_x_fing,19,0.001,S4-Direct,1,1,0.0706666666666666,0.000940869178615,0.0706666666666666,0.000940869178615,"E3fresh thresholds (calib boot, earlier stages) + test scores; matched_far.py --fresh",local
fing_x_fing,19,0.01,LR-P1-N2,2,2,0.042,0.0089828831832833,0.042,0.0089828831832833,"E3fresh thresholds (calib boot, earlier stages) + test scores; matched_far.py --fresh",local
fing_x_fing,19,0.01,P0-Parallel,1,1,0.038,0.0099989996665555,0.038,0.0099989996665555,"E3fresh thresholds (calib boot, earlier stages) + test scores; matched_far.py --fresh",local
fing_x_fing,19,0.01,P1-LLR,1,1,0.0393333333333333,0.0099600978103812,0.0393333333333333,0.0099600978103812,"E3fresh thresholds (calib boot, earlier stages) + test scores; matched_far.py --fresh",local
fing_x_fing,19,0.01,P2-LogReg,1,1,0.0386666666666666,0.009890407913749,0.0386666666666666,0.009890407913749,"E3fresh thresholds (calib boot, earlier stages) + test scores; matched_far.py --fresh",local
fing_x_fing,19,0.01,S1-Marcialis,1,1,0.0676666666666666,0.0075516283205512,0.0676666666666666,0.0075516283205512,"E3fresh thresholds (calib boot, earlier stages) + test scores; matched_far.py --fresh",local
fing_x_fing,19,0.01,S2-Symmetric,1,1,0.041,0.0089475380682449,0.041,0.0089475380682449,"E3fresh thresholds (calib boot, earlier stages) + test scores; matched_far.py --fresh",local
fing_x_fing,19,0.01,S3-SPRT,1,1,0.0393333333333333,0.0098397243525619,0.0393333333333333,0.0098397243525619,"E3fresh thresholds (calib boot, earlier stages) + test scores; matched_far.py --fresh",local
fing_x_fing,19,0.01,S4-Direct,2,2,0.043,0.0091946204290319,0.0429999999999999,0.0091946204290318,"E3fresh thresholds (calib boot, earlier stages) + test scores; matched_far.py --fresh",local
fing_x_fing,20,0.0001,LR-P1-N2,1,1,0.1006666666666666,9.36978992997666e-05,0.1026666666666666,7.913749027453596e-05,"E3fresh thresholds (calib boot, earlier stages) + test scores; matched_far.py --fresh",local
fing_x_fing,20,0.0001,P0-Parallel,1,1,0.0866666666666666,9.8810714682672e-05,0.0866666666666666,0.0001000333444481,"E3fresh thresholds (calib boot, earlier stages) + test scores; matched_far.py --fresh",local
fing_x_fing,20,0.0001,P1-LLR,1,1,0.0873333333333333,9.936645548516172e-05,0.0873333333333333,9.936645548516172e-05,"E3fresh thresholds (calib boot, earlier stages) + test scores; matched_far.py --fresh",local
fing_x_fing,20,0.0001,P2-LogReg,1,1,0.0866666666666666,9.8810714682672e-05,0.0866666666666666,0.0001000333444481,"E3fresh thresholds (calib boot, earlier stages) + test scores; matched_far.py --fresh",local
fing_x_fing,20,0.0001,S1-Marcialis,1,1,0.12,8.469489829943314e-05,0.123,5.96865621873958e-05,"E3fresh thresholds (calib boot, earlier stages) + test scores; matched_far.py --fresh",local
fing_x_fing,20,0.0001,S2-Symmetric,1,1,0.12,8.469489829943314e-05,0.123,5.96865621873958e-05,"E3fresh thresholds (calib boot, earlier stages) + test scores; matched_far.py --fresh",local
fing_x_fing,20,0.0001,S3-SPRT,1,1,0.0853333333333333,9.981104812715348e-05,0.0856666666666666,9.769923307769256e-05,"E3fresh thresholds (calib boot, earlier stages) + test scores; matched_far.py --fresh",local
fing_x_fing,20,0.0001,S4-Direct,1,1,0.0993333333333333,9.681004779370902e-05,0.1006666666666666,8.547293542291875e-05,"E3fresh thresholds (calib boot, earlier stages) + test scores; matched_far.py --fresh",local
fing_x_fing,20,0.001,LR-P1-N2,1,1,0.068,0.000943759030788,0.068,0.000943759030788,"E3fresh thresholds (calib boot, earlier stages) + test scores; matched_far.py --fresh",local
fing_x_fing,20,0.001,P0-Parallel,1,1,0.061,0.0009918861842836,0.062,0.0009654329220851,"E3fresh thresholds (calib boot, earlier stages) + test scores; matched_far.py --fresh",local
fing_x_fing,20,0.001,P1-LLR,1,1,0.0603333333333333,0.0009994442591975,0.061,0.0009738801822829,"E3fresh thresholds (calib boot, earlier stages) + test scores; matched_far.py --fresh",local
fing_x_fing,20,0.001,P2-LogReg,1,1,0.061,0.0009918861842836,0.062,0.0009654329220851,"E3fresh thresholds (calib boot, earlier stages) + test scores; matched_far.py --fresh",local
fing_x_fing,20,0.001,S1-Marcialis,1,1,0.089,0.000997554740469,0.0943333333333333,0.0007126820051128,"E3fresh thresholds (calib boot, earlier stages) + test scores; matched_far.py --fresh",local
fing_x_fing,20,0.001,S2-Symmetric,1,1,0.089,0.000997554740469,0.0943333333333333,0.0007126820051128,"E3fresh thresholds (calib boot, earlier stages) + test scores; matched_far.py --fresh",local
fing_x_fing,20,0.001,S3-SPRT,1,1,0.0613333333333333,0.000997332444148,0.0613333333333333,0.0009668778481716,"E3fresh thresholds (calib boot, earlier stages) + test scores; matched_far.py --fresh",local
fing_x_fing,20,0.001,S4-Direct,1,1,0.069,0.0009802156274313,0.069,0.0009802156274313,"E3fresh thresholds (calib boot, earlier stages) + test scores; matched_far.py --fresh",local
fing_x_fing,20,0.01,LR-P1-N2,1,1,0.0426666666666666,0.008780593531177,0.0426666666666666,0.008780593531177,"E3fresh thresholds (calib boot, earlier stages) + test scores; matched_far.py --fresh",local
fing_x_fing,20,0.01,P0-Parallel,1,1,0.0386666666666666,0.0099972212959875,0.039,0.0095307324663776,"E3fresh thresholds (calib boot, earlier stages) + test scores; matched_far.py --fresh",local
fing_x_fing,20,0.01,P1-LLR,1,1,0.039,0.0098256085361787,0.0393333333333333,0.009645993108814,"E3fresh thresholds (calib boot, earlier stages) + test scores; matched_far.py --fresh",local
fing_x_fing,20,0.01,P2-LogReg,1,1,0.0386666666666666,0.0099972212959875,0.039,0.0095307324663776,"E3fresh thresholds (calib boot, earlier stages) + test scores; matched_far.py --fresh",local
fing_x_fing,20,0.01,S1-Marcialis,1,1,0.0653333333333333,0.0073311103701233,0.0653333333333333,0.0073311103701233,"E3fresh thresholds (calib boot, earlier stages) + test scores; matched_far.py --fresh",local
fing_x_fing,20,0.01,S2-Symmetric,1,1,0.0423333333333333,0.0087554740469045,0.0423333333333333,0.0087554740469045,"E3fresh thresholds (calib boot, earlier stages) + test scores; matched_far.py --fresh",local
fing_x_fing,20,0.01,S3-SPRT,2,2,0.039,0.0098256085361787,0.0393333333333333,0.009645993108814,"E3fresh thresholds (calib boot, earlier stages) + test scores; matched_far.py --fresh",local
fing_x_fing,20,0.01,S4-Direct,1,1,0.043,0.0086955651883961,0.043,0.0086955651883961,"E3fresh thresholds (calib boot, earlier stages) + test scores; matched_far.py --fresh",local
fing_x_fing,21,0.0001,LR-P1-N2,1,1,0.101,8.447260197843726e-05,0.1036666666666666,7.224630432366345e-05,"E3fresh thresholds (calib boot, earlier stages) + test scores; matched_far.py --fresh",local
fing_x_fing,21,0.0001,P0-Parallel,1,1,0.0903333333333333,9.936645548516172e-05,0.0936666666666666,7.56918972990997e-05,"E3fresh thresholds (calib boot, earlier stages) + test scores; matched_far.py --fresh",local
fing_x_fing,21,0.0001,P1-LLR,1,1,0.0906666666666666,9.947760364565966e-05,0.094,7.702567522507502e-05,"E3fresh thresholds (calib boot, earlier stages) + test scores; matched_far.py --fresh",local
fing_x_fing,21,0.0001,P2-LogReg,1,1,0.0886666666666666,9.981104812715348e-05,0.0933333333333333,7.813715683005446e-05,"E3fresh thresholds (calib boot, earlier stages) + test scores; matched_far.py --fresh",local
fing_x_fing,21,0.0001,S1-Marcialis,1,1,0.117,8.358341669445371e-05,0.117,8.358341669445371e-05,"E3fresh thresholds (calib boot, earlier stages) + test scores; matched_far.py --fresh",local
fing_x_fing,21,0.0001,S2-Symmetric,1,1,0.117,8.358341669445371e-05,0.117,8.358341669445371e-05,"E3fresh thresholds (calib boot, earlier stages) + test scores; matched_far.py --fresh",local
fing_x_fing,21,0.0001,S3-SPRT,1,1,0.09,9.95887518061576e-05,0.0916666666666666,7.980437923752362e-05,"E3fresh thresholds (calib boot, earlier stages) + test scores; matched_far.py --fresh",local
fing_x_fing,21,0.0001,S4-Direct,1,1,0.099,8.91408247193509e-05,0.1003333333333333,8.024897187951539e-05,"E3fresh thresholds (calib boot, earlier stages) + test scores; matched_far.py --fresh",local
fing_x_fing,21,0.001,LR-P1-N2,1,1,0.07,0.0008862954318106,0.071,0.0007634767144603,"E3fresh thresholds (calib boot, earlier stages) + test scores; matched_far.py --fresh",local
fing_x_fing,21,0.001,P0-Parallel,1,1,0.0633333333333333,0.0009972212959875,0.065,0.0008340557963765,"E3fresh thresholds (calib boot, earlier stages) + test scores; matched_far.py --fresh",local
fing_x_fing,21,0.001,P1-LLR,1,1,0.0633333333333333,0.0009954429254195,0.0656666666666666,0.0008496165388462,"E3fresh thresholds (calib boot, earlier stages) + test scores; matched_far.py --fresh",local
fing_x_fing,21,0.001,P2-LogReg,1,1,0.0636666666666666,0.000995109480938,0.0646666666666666,0.000837279093031,"E3fresh thresholds (calib boot, earlier stages) + test scores; matched_far.py --fresh",local
fing_x_fing,21,0.001,S1-Marcialis,1,1,0.0906666666666666,0.000969211959542,0.0953333333333333,0.0006911192619762,"E3fresh thresholds (calib boot, earlier stages) + test scores; matched_far.py --fresh",local
fing_x_fing,21,0.001,S2-Symmetric,1,1,0.0906666666666666,0.000969211959542,0.0953333333333333,0.0006911192619762,"E3fresh thresholds (calib boot, earlier stages) + test scores; matched_far.py --fresh",local
fing_x_fing,21,0.001,S3-SPRT,1,1,0.0633333333333333,0.0009924419250861,0.066,0.0008329443147715,"E3fresh thresholds (calib boot, earlier stages) + test scores; matched_far.py --fresh",local
fing_x_fing,21,0.001,S4-Direct,1,1,0.0703333333333333,0.0008797376903412,0.0713333333333333,0.0007596976770034,"E3fresh thresholds (calib boot, earlier stages) + test scores; matched_far.py --fresh",local
fing_x_fing,21,0.01,LR-P1-N2,1,1,0.0433333333333333,0.008459153051017,0.0453333333333333,0.0070836945648549,"E3fresh thresholds (calib boot, earlier stages) + test scores; matched_far.py --fresh",local
fing_x_fing,21,0.01,P0-Parallel,1,1,0.039,0.0099907747026786,0.0403333333333333,0.0089500944759364,"E3fresh thresholds (calib boot, earlier stages) + test scores; matched_far.py --fresh",local
fing_x_fing,21,0.01,P1-LLR,1,1,0.0396666666666666,0.0099769923307769,0.0406666666666666,0.0090463487829276,"E3fresh thresholds (calib boot, earlier stages) + test scores; matched_far.py --fresh",local
fing_x_fing,21,0.01,P2-LogReg,1,1,0.0386666666666666,0.0099090808047126,0.04,0.0089677670334555,"E3fresh thresholds (calib boot, earlier stages) + test scores; matched_far.py --fresh",local
fing_x_fing,21,0.01,S1-Marcialis,1,1,0.069,0.0072141825052795,0.069,0.0072141825052795,"E3fresh thresholds (calib boot, earlier stages) + test scores; matched_far.py --fresh",local
fing_x_fing,21,0.01,S2-Symmetric,1,1,0.0436666666666666,0.0083496721129265,0.0436666666666666,0.0083496721129265,"E3fresh thresholds (calib boot, earlier stages) + test scores; matched_far.py --fresh",local
fing_x_fing,21,0.01,S3-SPRT,1,1,0.0396666666666666,0.0099769923307769,0.0406666666666666,0.0090463487829276,"E3fresh thresholds (calib boot, earlier stages) + test scores; matched_far.py --fresh",local
fing_x_fing,21,0.01,S4-Direct,1,1,0.0433333333333333,0.0095869734355896,0.0463333333333333,0.008916972324108,"E3fresh thresholds (calib boot, earlier stages) + test scores; matched_far.py --fresh",local
fing_x_fing,22,0.0001,LR-P1-N2,1,1,0.094,9.692119595420696e-05,0.099,7.969323107702568e-05,"E3fresh thresholds (calib boot, earlier stages) + test scores; matched_far.py --fresh",local
fing_x_fing,22,0.0001,P0-Parallel,1,1,0.086,9.847727020117818e-05,0.0866666666666666,9.16972324108036e-05,"E3fresh thresholds (calib boot, earlier stages) + test scores; matched_far.py --fresh",local
fing_x_fing,22,0.0001,P1-LLR,1,1,0.0863333333333333,9.981104812715348e-05,0.088,8.791819495387351e-05,"E3fresh thresholds (calib boot, earlier stages) + test scores; matched_far.py --fresh",local
fing_x_fing,22,0.0001,P2-LogReg,1,1,0.0833333333333333,9.936645548516172e-05,0.0883333333333333,8.880738023785706e-05,"E3fresh thresholds (calib boot, earlier stages) + test scores; matched_far.py --fresh",local
fing_x_fing,22,0.0001,S1-Marcialis,1,1,0.1176666666666666,8.936312104034678e-05,0.1176666666666666,8.936312104034678e-05,"E3fresh thresholds (calib boot, earlier stages) + test scores; matched_far.py --fresh",local
fing_x_fing,22,0.0001,S2-Symmetric,1,1,0.1176666666666666,8.936312104034678e-05,0.1176666666666666,8.936312104034678e-05,"E3fresh thresholds (calib boot, earlier stages) + test scores; matched_far.py --fresh",local
fing_x_fing,22,0.0001,S3-SPRT,1,1,0.083,9.947760364565966e-05,0.0846666666666666,8.680671334889407e-05,"E3fresh thresholds (calib boot, earlier stages) + test scores; matched_far.py --fresh",local
fing_x_fing,22,0.0001,S4-Direct,1,1,0.0936666666666666,9.736578859619872e-05,0.095,8.880738023785706e-05,"E3fresh thresholds (calib boot, earlier stages) + test scores; matched_far.py --fresh",local
fing_x_fing,22,0.001,LR-P1-N2,1,1,0.0646666666666666,0.0009216405468489,0.0646666666666666,0.0009216405468489,"E3fresh thresholds (calib boot, earlier stages) + test scores; matched_far.py --fresh",local
fing_x_fing,22,0.001,P0-Parallel,1,1,0.059,0.000995109480938,0.06,0.0009392019562076,"E3fresh thresholds (calib boot, earlier stages) + test scores; matched_far.py --fresh",local
fing_x_fing,22,0.001,P1-LLR,1,1,0.0596666666666666,0.0009889963321107,0.0596666666666666,0.0009294209180838,"E3fresh thresholds (calib boot, earlier stages) + test scores; matched_far.py --fresh",local
fing_x_fing,22,0.001,P2-LogReg,1,1,0.058,0.000995998666222,0.0586666666666666,0.0009309769923307,"E3fresh thresholds (calib boot, earlier stages) + test scores; matched_far.py --fresh",local
fing_x_fing,22,0.001,S1-Marcialis,1,1,0.0866666666666666,0.0009664332555296,0.091,0.0006907858174947,"E3fresh thresholds (calib boot, earlier stages) + test scores; matched_far.py --fresh",local
fing_x_fing,22,0.001,S2-Symmetric,1,1,0.0866666666666666,0.0009664332555296,0.091,0.0006907858174947,"E3fresh thresholds (calib boot, earlier stages) + test scores; matched_far.py --fresh",local
fing_x_fing,22,0.001,S3-SPRT,1,1,0.0583333333333333,0.000999555407358,0.0596666666666666,0.0009280871401578,"E3fresh thresholds (calib boot, earlier stages) + test scores; matched_far.py --fresh",local
fing_x_fing,22,0.001,S4-Direct,1,1,0.0636666666666666,0.000971657219073,0.066,0.000782371901745,"E3fresh thresholds (calib boot, earlier stages) + test scores; matched_far.py --fresh",local
fing_x_fing,22,0.01,LR-P1-N2,2,2,0.0406666666666666,0.0086910081138157,0.0419999999999999,0.0072514171390463,"E3fresh thresholds (calib boot, earlier stages) + test scores; matched_far.py --fresh",local
fing_x_fing,22,0.01,P0-Parallel,1,1,0.036,0.0099399799933311,0.036,0.0094724908302767,"E3fresh thresholds (calib boot, earlier stages) + test scores; matched_far.py --fresh",local
fing_x_fing,22,0.01,P1-LLR,1,1,0.0356666666666666,0.0098548405023896,0.0363333333333333,0.0094174724908302,"E3fresh thresholds (calib boot, earlier stages) + test scores; matched_far.py --fresh",local
fing_x_fing,22,0.01,P2-LogReg,1,1,0.0356666666666666,0.0098274980549071,0.0366666666666666,0.0094942758697343,"E3fresh thresholds (calib boot, earlier stages) + test scores; matched_far.py --fresh",local
fing_x_fing,22,0.01,S1-Marcialis,1,1,0.0623333333333333,0.0073552295209514,0.0623333333333333,0.0073552295209514,"E3fresh thresholds (calib boot, earlier stages) + test scores; matched_far.py --fresh",local
fing_x_fing,22,0.01,S2-Symmetric,1,1,0.0423333333333333,0.0082483049905524,0.0423333333333333,0.0082483049905524,"E3fresh thresholds (calib boot, earlier stages) + test scores; matched_far.py --fresh",local
fing_x_fing,22,0.01,S3-SPRT,1,1,0.036,0.0099550961431588,0.0363333333333333,0.0095218406135378,"E3fresh thresholds (calib boot, earlier stages) + test scores; matched_far.py --fresh",local
fing_x_fing,22,0.01,S4-Direct,1,1,0.043,0.0098144937201289,0.0446666666666666,0.008458263865733,"E3fresh thresholds (calib boot, earlier stages) + test scores; matched_far.py --fresh",local
fing_x_fing,23,0.0001,LR-P1-N2,1,1,0.0976666666666666,8.91408247193509e-05,0.1016666666666666,7.280204512615317e-05,"E3fresh thresholds (calib boot, earlier stages) + test scores; matched_far.py --fresh",local
fing_x_fing,23,0.0001,P0-Parallel,1,1,0.086,9.992219628765144e-05,0.088,9.103034344781594e-05,"E3fresh thresholds (calib boot, earlier stages) + test scores; matched_far.py --fresh",local
fing_x_fing,23,0.0001,P1-LLR,1,1,0.0873333333333333,9.947760364565966e-05,0.0886666666666666,9.180838057130156e-05,"E3fresh thresholds (calib boot, earlier stages) + test scores; matched_far.py --fresh",local
fing_x_fing,23,0.0001,P2-LogReg,1,1,0.0866666666666666,9.981104812715348e-05,0.0876666666666666,8.647326886740025e-05,"E3fresh thresholds (calib boot, earlier stages) + test scores; matched_far.py --fresh",local
fing_x_fing,23,0.0001,S1-Marcialis,1,1,0.1196666666666666,7.791486050905858e-05,0.1236666666666666,5.379570968100478e-05,"E3fresh thresholds (calib boot, earlier stages) + test scores; matched_far.py --fresh",local
fing_x_fing,23,0.0001,S2-Symmetric,1,1,0.1196666666666666,7.791486050905858e-05,0.1236666666666666,5.379570968100478e-05,"E3fresh thresholds (calib boot, earlier stages) + test scores; matched_far.py --fresh",local
fing_x_fing,23,0.0001,S3-SPRT,1,1,0.0853333333333333,9.95887518061576e-05,0.087,7.524730465710792e-05,"E3fresh thresholds (calib boot, earlier stages) + test scores; matched_far.py --fresh",local
fing_x_fing,23,0.0001,S4-Direct,1,1,0.098,8.858508391686118e-05,0.1006666666666666,6.946760031121485e-05,"E3fresh thresholds (calib boot, earlier stages) + test scores; matched_far.py --fresh",local
fing_x_fing,23,0.001,LR-P1-N2,1,1,0.066,0.0009168611759475,0.066,0.0009168611759475,"E3fresh thresholds (calib boot, earlier stages) + test scores; matched_far.py --fresh",local
fing_x_fing,23,0.001,P0-Parallel,1,1,0.063,0.0009887740357897,0.0636666666666666,0.0009355340669111,"E3fresh thresholds (calib boot, earlier stages) + test scores; matched_far.py --fresh",local
fing_x_fing,23,0.001,P1-LLR,1,1,0.064,0.0009918861842836,0.0643333333333333,0.0009368678448371,"E3fresh thresholds (calib boot, earlier stages) + test scores; matched_far.py --fresh",local
fing_x_fing,23,0.001,P2-LogReg,1,1,0.063,0.000995776369901,0.0646666666666666,0.000917861509392,"E3fresh thresholds (calib boot, earlier stages) + test scores; matched_far.py --fresh",local
fing_x_fing,23,0.001,S1-Marcialis,1,1,0.091,0.0009575414026897,0.097,0.0006762254084694,"E3fresh thresholds (calib boot, earlier stages) + test scores; matched_far.py --fresh",local
fing_x_fing,23,0.001,S2-Symmetric,1,1,0.091,0.0009575414026897,0.097,0.0006762254084694,"E3fresh thresholds (calib boot, earlier stages) + test scores; matched_far.py --fresh",local
fing_x_fing,23,0.001,S3-SPRT,1,1,0.064,0.0009918861842836,0.0643333333333333,0.0009368678448371,"E3fresh thresholds (calib boot, earlier stages) + test scores; matched_far.py --fresh",local
fing_x_fing,23,0.001,S4-Direct,1,1,0.0656666666666666,0.0009761031454929,0.0683333333333333,0.0007807046793375,"E3fresh thresholds (calib boot, earlier stages) + test scores; matched_far.py --fresh",local
fing_x_fing,23,0.01,HYP,1,1,0.0816666666666666,0.0072035122818717,0.0816666666666666,0.0072035122818717,"E3fresh thresholds (calib boot, earlier stages) + test scores; matched_far.py --fresh",local
fing_x_fing,23,0.01,LR-P1-N2,1,1,0.0403333333333333,0.0086618872957652,0.0403333333333333,0.0086618872957652,"E3fresh thresholds (calib boot, earlier stages) + test scores; matched_far.py --fresh",local
fing_x_fing,23,0.01,P0-Parallel,1,1,0.036,0.0099553184394798,0.0363333333333333,0.0094798266088696,"E3fresh thresholds (calib boot, earlier stages) + test scores; matched_far.py --fresh",local
fing_x_fing,23,0.01,P1-LLR,1,1,0.0366666666666666,0.0098385017227964,0.037,0.0095689674335889,"E3fresh thresholds (calib boot, earlier stages) + test scores; matched_far.py --fresh",local
fing_x_fing,23,0.01,P2-LogReg,1,1,0.0363333333333333,0.0098876292097365,0.0363333333333333,0.0093956874513726,"E3fresh thresholds (calib boot, earlier stages) + test scores; matched_far.py --fresh",local
fing_x_fing,23,0.01,S1-Marcialis,1,1,0.0643333333333333,0.0071986217628098,0.0643333333333333,0.0071986217628098,"E3fresh thresholds (calib boot, earlier stages) + test scores; matched_far.py --fresh",local
fing_x_fing,23,0.01,S2-Symmetric,1,1,0.0403333333333333,0.0086330999221962,0.0403333333333333,0.0086330999221962,"E3fresh thresholds (calib boot, earlier stages) + test scores; matched_far.py --fresh",local
fing_x_fing,23,0.01,S3-SPRT,2,2,0.0366666666666666,0.0098385017227964,0.037,0.0095689674335889,"E3fresh thresholds (calib boot, earlier stages) + test scores; matched_far.py --fresh",local
fing_x_fing,23,0.01,S4-Direct,1,1,0.0406666666666666,0.0096226519951094,0.0406666666666666,0.0096226519951094,"E3fresh thresholds (calib boot, earlier stages) + test scores; matched_far.py --fresh",local
fing_x_fing,24,0.0001,LR-P1-N2,1,1,0.0936666666666666,9.403134378126044e-05,0.0966666666666666,7.769256418806268e-05,"E3fresh thresholds (calib boot, earlier stages) + test scores; matched_far.py --fresh",local
fing_x_fing,24,0.0001,P0-Parallel,1,1,0.085,9.925530732466378e-05,0.085,9.380904746026451e-05,"E3fresh thresholds (calib boot, earlier stages) + test scores; matched_far.py --fresh",local
fing_x_fing,24,0.0001,P1-LLR,1,1,0.0846666666666666,9.903301100366788e-05,0.0856666666666666,9.314215849727686e-05,"E3fresh thresholds (calib boot, earlier stages) + test scores; matched_far.py --fresh",local
fing_x_fing,24,0.0001,P2-LogReg,1,1,0.0843333333333333,9.8810714682672e-05,0.0853333333333333,9.480938090474602e-05,"E3fresh thresholds (calib boot, earlier stages) + test scores; matched_far.py --fresh",local
fing_x_fing,24,0.0001,S1-Marcialis,1,1,0.1176666666666666,8.436145381793931e-05,0.1176666666666666,8.436145381793931e-05,"E3fresh thresholds (calib boot, earlier stages) + test scores; matched_far.py --fresh",local
fing_x_fing,24,0.0001,S2-Symmetric,1,1,0.1176666666666666,8.436145381793931e-05,0.1176666666666666,8.436145381793931e-05,"E3fresh thresholds (calib boot, earlier stages) + test scores; matched_far.py --fresh",local
fing_x_fing,24,0.0001,S3-SPRT,1,1,0.0823333333333333,9.981104812715348e-05,0.0856666666666666,8.658441702789819e-05,"E3fresh thresholds (calib boot, earlier stages) + test scores; matched_far.py --fresh",local
fing_x_fing,24,0.0001,S4-Direct,1,1,0.094,9.358675113926864e-05,0.0943333333333333,8.258308324997222e-05,"E3fresh thresholds (calib boot, earlier stages) + test scores; matched_far.py --fresh",local
fing_x_fing,24,0.001,LR-P1-N2,1,1,0.0653333333333333,0.0009452039568745,0.0653333333333333,0.0009452039568745,"E3fresh thresholds (calib boot, earlier stages) + test scores; matched_far.py --fresh",local
fing_x_fing,24,0.001,P0-Parallel,1,1,0.0596666666666666,0.0009875514060242,0.0593333333333333,0.0010033344448149,"E3fresh thresholds (calib boot, earlier stages) + test scores; matched_far.py --fresh",local
fing_x_fing,24,0.001,P1-LLR,1,1,0.0596666666666666,0.000996443258864,0.0596666666666666,0.0010027787040124,"E3fresh thresholds (calib boot, earlier stages) + test scores; matched_far.py --fresh",local
fing_x_fing,24,0.001,P2-LogReg,1,1,0.059,0.000995776369901,0.059,0.0009956652217405,"E3fresh thresholds (calib boot, earlier stages) + test scores; matched_far.py --fresh",local
fing_x_fing,24,0.001,S1-Marcialis,1,1,0.087,0.0009872179615427,0.0923333333333333,0.0006998999666555,"E3fresh thresholds (calib boot, earlier stages) + test scores; matched_far.py --fresh",local
fing_x_fing,24,0.001,S2-Symmetric,1,1,0.087,0.0009872179615427,0.0923333333333333,0.0006998999666555,"E3fresh thresholds (calib boot, earlier stages) + test scores; matched_far.py --fresh",local
fing_x_fing,24,0.001,S3-SPRT,1,1,0.0603333333333333,0.0009974435923085,0.06,0.0010114482605312,"E3fresh thresholds (calib boot, earlier stages) + test scores; matched_far.py --fresh",local
fing_x_fing,24,0.001,S4-Direct,1,1,0.0653333333333333,0.0009831054796043,0.067,0.0007905968656218,"E3fresh thresholds (calib boot, earlier stages) + test scores; matched_far.py --fresh",local
fing_x_fing,24,0.01,LR-P1-N2,2,2,0.04,0.0090113371123707,0.04,0.0090113371123707,"E3fresh thresholds (calib boot, earlier stages) + test scores; matched_far.py --fresh",local
fing_x_fing,24,0.01,P0-Parallel,1,1,0.0383333333333333,0.0098807380237857,0.0383333333333333,0.0102046237634767,"E3fresh thresholds (calib boot, earlier stages) + test scores; matched_far.py --fresh",local
fing_x_fing,24,0.01,P1-LLR,1,1,0.0383333333333333,0.0099200844726019,0.038,0.0102890963654551,"E3fresh thresholds (calib boot, earlier stages) + test scores; matched_far.py --fresh",local
fing_x_fing,24,0.01,P2-LogReg,1,1,0.038,0.0098351672779815,0.0373333333333333,0.0102119595420695,"E3fresh thresholds (calib boot, earlier stages) + test scores; matched_far.py --fresh",local
fing_x_fing,24,0.01,S1-Marcialis,1,1,0.0636666666666666,0.0074788262754251,0.0636666666666666,0.0074788262754251,"E3fresh thresholds (calib boot, earlier stages) + test scores; matched_far.py --fresh",local
fing_x_fing,24,0.01,S2-Symmetric,1,1,0.0413333333333333,0.008567633655663,0.0413333333333333,0.008567633655663,"E3fresh thresholds (calib boot, earlier stages) + test scores; matched_far.py --fresh",local
fing_x_fing,24,0.01,S3-SPRT,2,2,0.0383333333333333,0.0099434811603867,0.038,0.0102975991997332,"E3fresh thresholds (calib boot, earlier stages) + test scores; matched_far.py --fresh",local
fing_x_fing,24,0.01,S4-Direct,1,1,0.0406666666666666,0.0099478715127264,0.0406666666666666,0.0099478715127264,"E3fresh thresholds (calib boot, earlier stages) + test scores; matched_far.py --fresh",local
fing_x_fing,25,0.0001,LR-P1-N2,1,1,0.1003333333333333,9.32533066577748e-05,0.1003333333333333,9.32533066577748e-05,"E3fresh thresholds (calib boot, earlier stages) + test scores; matched_far.py --fresh",local
fing_x_fing,25,0.0001,P0-Parallel,1,1,0.0883333333333333,9.914415916416584e-05,0.0913333333333333,8.691786150939202e-05,"E3fresh thresholds (calib boot, earlier stages) + test scores; matched_far.py --fresh",local
fing_x_fing,25,0.0001,P1-LLR,1,1,0.0883333333333333,9.992219628765144e-05,0.0906666666666666,8.925197287984884e-05,"E3fresh thresholds (calib boot, earlier stages) + test scores; matched_far.py --fresh",local
fing_x_fing,25,0.0001,P2-LogReg,1,1,0.0883333333333333,9.981104812715348e-05,0.091,8.791819495387351e-05,"E3fresh thresholds (calib boot, earlier stages) + test scores; matched_far.py --fresh",local
fing_x_fing,25,0.0001,S1-Marcialis,1,1,0.1213333333333333,7.713682338557297e-05,0.124,5.557408024897188e-05,"E3fresh thresholds (calib boot, earlier stages) + test scores; matched_far.py --fresh",local
fing_x_fing,25,0.0001,S2-Symmetric,1,1,0.1213333333333333,7.713682338557297e-05,0.124,5.557408024897188e-05,"E3fresh thresholds (calib boot, earlier stages) + test scores; matched_far.py --fresh",local
fing_x_fing,25,0.0001,S3-SPRT,1,1,0.086,9.925530732466378e-05,0.0873333333333333,8.769589863287763e-05,"E3fresh thresholds (calib boot, earlier stages) + test scores; matched_far.py --fresh",local
fing_x_fing,25,0.0001,S4-Direct,1,1,0.1036666666666666,8.802934311437146e-05,0.1036666666666666,8.802934311437146e-05,"E3fresh thresholds (calib boot, earlier stages) + test scores; matched_far.py --fresh",local
fing_x_fing,25,0.001,LR-P1-N2,1,1,0.0713333333333333,0.0009099699899966,0.0713333333333333,0.0009099699899966,"E3fresh thresholds (calib boot, earlier stages) + test scores; matched_far.py --fresh",local
fing_x_fing,25,0.001,P0-Parallel,1,1,0.0626666666666666,0.0009884405913082,0.0636666666666666,0.0009078581749472,"E3fresh thresholds (calib boot, earlier stages) + test scores; matched_far.py --fresh",local
fing_x_fing,25,0.001,P1-LLR,1,1,0.0633333333333333,0.000998888518395,0.0643333333333333,0.0008956318772924,"E3fresh thresholds (calib boot, earlier stages) + test scores; matched_far.py --fresh",local
fing_x_fing,25,0.001,P2-LogReg,1,1,0.0626666666666666,0.0009896632210736,0.0636666666666666,0.0008849616538846,"E3fresh thresholds (calib boot, earlier stages) + test scores; matched_far.py --fresh",local
fing_x_fing,25,0.001,S1-Marcialis,1,1,0.0906666666666666,0.0009254195843058,0.096,0.0006552184061353,"E3fresh thresholds (calib boot, earlier stages) + test scores; matched_far.py --fresh",local
fing_x_fing,25,0.001,S2-Symmetric,1,1,0.0906666666666666,0.0009254195843058,0.096,0.0006552184061353,"E3fresh thresholds (calib boot, earlier stages) + test scores; matched_far.py --fresh",local
fing_x_fing,25,0.001,S3-SPRT,1,1,0.0623333333333333,0.0009978881849505,0.0633333333333333,0.0008865177281315,"E3fresh thresholds (calib boot, earlier stages) + test scores; matched_far.py --fresh",local
fing_x_fing,25,0.001,S4-Direct,1,1,0.0706666666666666,0.0009547626986773,0.0726666666666666,0.0007682560853617,"E3fresh thresholds (calib boot, earlier stages) + test scores; matched_far.py --fresh",local
fing_x_fing,25,0.01,HYP,1,1,0.0803333333333333,0.0097599199733244,0.083,0.0075552962098477,"E3fresh thresholds (calib boot, earlier stages) + test scores; matched_far.py --fresh",local
fing_x_fing,25,0.01,LR-P1-N2,1,1,0.0453333333333333,0.0084661553851283,0.0473333333333333,0.0070694676003112,"E3fresh thresholds (calib boot, earlier stages) + test scores; matched_far.py --fresh",local
fing_x_fing,25,0.01,P0-Parallel,1,1,0.0406666666666666,0.0099193064354784,0.0413333333333333,0.0091532733133266,"E3fresh thresholds (calib boot, earlier stages) + test scores; matched_far.py --fresh",local
fing_x_fing,25,0.01,P1-LLR,1,1,0.041,0.0099996665555185,0.0416666666666666,0.0091574969434255,"E3fresh thresholds (calib boot, earlier stages) + test scores; matched_far.py --fresh",local
fing_x_fing,25,0.01,P2-LogReg,1,1,0.0403333333333333,0.009941758363899,0.0413333333333333,0.0091619428698455,"E3fresh thresholds (calib boot, earlier stages) + test scores; matched_far.py --fresh",local
fing_x_fing,25,0.01,S1-Marcialis,1,1,0.063,0.0096852284094698,0.0683333333333333,0.0069305323996887,"E3fresh thresholds (calib boot, earlier stages) + test scores; matched_far.py --fresh",local
fing_x_fing,25,0.01,S2-Symmetric,1,1,0.0433333333333333,0.0099656552184061,0.0453333333333333,0.0085405135045015,"E3fresh thresholds (calib boot, earlier stages) + test scores; matched_far.py --fresh",local
fing_x_fing,25,0.01,S3-SPRT,1,1,0.0413333333333333,0.0099193064354784,0.042,0.0091281538290541,"E3fresh thresholds (calib boot, earlier stages) + test scores; matched_far.py --fresh",local
fing_x_fing,25,0.01,S4-Direct,1,1,0.0456666666666666,0.009618539513171,0.0476666666666666,0.0083303323329998,"E3fresh thresholds (calib boot, earlier stages) + test scores; matched_far.py --fresh",local
fing_x_fing,26,0.0001,LR-P1-N2,1,1,0.1003333333333333,9.26975658552851e-05,0.105,7.435811937312438e-05,"E3fresh thresholds (calib boot, earlier stages) + test scores; matched_far.py --fresh",local
fing_x_fing,26,0.0001,P0-Parallel,1,1,0.091,9.992219628765144e-05,0.0926666666666666,7.969323107702568e-05,"E3fresh thresholds (calib boot, earlier stages) + test scores; matched_far.py --fresh",local
fing_x_fing,26,0.0001,P1-LLR,1,1,0.09,9.936645548516172e-05,0.0926666666666666,8.191619428698455e-05,"E3fresh thresholds (calib boot, earlier stages) + test scores; matched_far.py --fresh",local
fing_x_fing,26,0.0001,P2-LogReg,1,1,0.0883333333333333,9.925530732466378e-05,0.091,7.835945315105035e-05,"E3fresh thresholds (calib boot, earlier stages) + test scores; matched_far.py --fresh",local
fing_x_fing,26,0.0001,S1-Marcialis,1,1,0.1236666666666666,8.324997221295988e-05,0.127,6.079804379237523e-05,"E3fresh thresholds (calib boot, earlier stages) + test scores; matched_far.py --fresh",local
fing_x_fing,26,0.0001,S2-Symmetric,1,1,0.1236666666666666,8.324997221295988e-05,0.127,6.079804379237523e-05,"E3fresh thresholds (calib boot, earlier stages) + test scores; matched_far.py --fresh",local
fing_x_fing,26,0.0001,S3-SPRT,1,1,0.0876666666666666,9.947760364565966e-05,0.0906666666666666,8.169389796598867e-05,"E3fresh thresholds (calib boot, earlier stages) + test scores; matched_far.py --fresh",local
fing_x_fing,26,0.0001,S4-Direct,1,1,0.1,9.314215849727686e-05,0.1013333333333333,8.347226853395576e-05,"E3fresh thresholds (calib boot, earlier stages) + test scores; matched_far.py --fresh",local
fing_x_fing,26,0.001,LR-P1-N2,1,1,0.071,0.0009089696565521,0.0716666666666666,0.000780815827498,"E3fresh thresholds (calib boot, earlier stages) + test scores; matched_far.py --fresh",local
fing_x_fing,26,0.001,P0-Parallel,1,1,0.0623333333333333,0.0009925530732466,0.064,0.0008880738023785,"E3fresh thresholds (calib boot, earlier stages) + test scores; matched_far.py --fresh",local
fing_x_fing,26,0.001,P1-LLR,1,1,0.0626666666666666,0.0009967767033455,0.064,0.000890852506391,"E3fresh thresholds (calib boot, earlier stages) + test scores; matched_far.py --fresh",local
fing_x_fing,26,0.001,P2-LogReg,1,1,0.0626666666666666,0.0009965544070245,0.0643333333333333,0.000887962654218,"E3fresh thresholds (calib boot, earlier stages) + test scores; matched_far.py --fresh",local
fing_x_fing,26,0.001,S1-Marcialis,1,1,0.0916666666666666,0.0009492052906524,0.0973333333333333,0.0006801155940869,"E3fresh thresholds (calib boot, earlier stages) + test scores; matched_far.py --fresh",local
fing_x_fing,26,0.001,S2-Symmetric,1,1,0.0916666666666666,0.0009492052906524,0.0973333333333333,0.0006801155940869,"E3fresh thresholds (calib boot, earlier stages) + test scores; matched_far.py --fresh",local
fing_x_fing,26,0.001,S3-SPRT,1,1,0.062,0.0009928865177281,0.064,0.0008819606535511,"E3fresh thresholds (calib boot, earlier stages) + test scores; matched_far.py --fresh",local
fing_x_fing,26,0.001,S4-Direct,1,1,0.071,0.0009009669889963,0.0716666666666666,0.0007754807157941,"E3fresh thresholds (calib boot, earlier stages) + test scores; matched_far.py --fresh",local
fing_x_fing,26,0.01,HYP,1,1,0.0723333333333333,0.0097410247860397,0.0733333333333333,0.0090911414916083,"E3fresh thresholds (calib boot, earlier stages) + test scores; matched_far.py --fresh",local
fing_x_fing,26,0.01,LR-P1-N2,2,2,0.0443333333333333,0.0086247082360786,0.0443333333333332,0.0086247082360786,"E3fresh thresholds (calib boot, earlier stages) + test scores; matched_far.py --fresh",local
fing_x_fing,26,0.01,P0-Parallel,1,1,0.04,0.0099257530287873,0.04,0.0094514838279426,"E3fresh thresholds (calib boot, earlier stages) + test scores; matched_far.py --fresh",local
fing_x_fing,26,0.01,P1-LLR,1,1,0.0403333333333333,0.0099382016227631,0.0406666666666666,0.0093104368122707,"E3fresh thresholds (calib boot, earlier stages) + test scores; matched_far.py --fresh",local
fing_x_fing,26,0.01,P2-LogReg,1,1,0.04,0.0098675113926864,0.0403333333333333,0.0094280315660775,"E3fresh thresholds (calib boot, earlier stages) + test scores; matched_far.py --fresh",local
fing_x_fing,26,0.01,S1-Marcialis,1,1,0.07,0.0071826164276981,0.07,0.0071826164276981,"E3fresh thresholds (calib boot, earlier stages) + test scores; matched_far.py --fresh",local
fing_x_fing,26,0.01,S2-Symmetric,1,1,0.044,0.0086634433700122,0.044,0.0086634433700122,"E3fresh thresholds (calib boot, earlier stages) + test scores; matched_far.py --fresh",local
fing_x_fing,26,0.01,S3-SPRT,2,2,0.0409999999999999,0.0099542069578748,0.0414999999999999,0.0093797932644213,"E3fresh thresholds (calib boot, earlier stages) + test scores; matched_far.py --fresh",local
fing_x_fing,26,0.01,S4-Direct,1,1,0.0433333333333333,0.0095973102145159,0.0453333333333333,0.0088969656552184,"E3fresh thresholds (calib boot, earlier stages) + test scores; matched_far.py --fresh",local
fing_x_fing,27,0.0001,LR-P1-N2,2,2,0.0963333333333333,9.136378792930976e-05,0.0996666666666666,7.385795265088363e-05,"E3fresh thresholds (calib boot, earlier stages) + test scores; matched_far.py --fresh",local
fing_x_fing,27,0.0001,P0-Parallel,1,1,0.0886666666666666,9.8810714682672e-05,0.0896666666666666,8.336112037345781e-05,"E3fresh thresholds (calib boot, earlier stages) + test scores; matched_far.py --fresh",local
fing_x_fing,27,0.0001,P1-LLR,1,1,0.0886666666666666,9.8810714682672e-05,0.092,8.491719462042903e-05,"E3fresh thresholds (calib boot, earlier stages) + test scores; matched_far.py --fresh",local
fing_x_fing,27,0.0001,P2-LogReg,1,1,0.0876666666666666,9.925530732466378e-05,0.0906666666666666,8.291652773146605e-05,"E3fresh thresholds (calib boot, earlier stages) + test scores; matched_far.py --fresh",local
fing_x_fing,27,0.0001,S1-Marcialis,1,1,0.1226666666666666,8.613982438590642e-05,0.1256666666666666,6.246526619984439e-05,"E3fresh thresholds (calib boot, earlier stages) + test scores; matched_far.py --fresh",local
fing_x_fing,27,0.0001,S2-Symmetric,1,1,0.1226666666666666,8.613982438590642e-05,0.1256666666666666,6.246526619984439e-05,"E3fresh thresholds (calib boot, earlier stages) + test scores; matched_far.py --fresh",local
fing_x_fing,27,0.0001,S3-SPRT,1,1,0.0876666666666666,9.992219628765144e-05,0.0896666666666666,8.313882405246193e-05,"E3fresh thresholds (calib boot, earlier stages) + test scores; matched_far.py --fresh",local
fing_x_fing,27,0.0001,S4-Direct,1,1,0.096,9.358675113926864e-05,0.097,8.602867622540847e-05,"E3fresh thresholds (calib boot, earlier stages) + test scores; matched_far.py --fresh",local
fing_x_fing,27,0.001,LR-P1-N2,1,1,0.0693333333333333,0.0009031899522062,0.07,0.0007754807157941,"E3fresh thresholds (calib boot, earlier stages) + test scores; matched_far.py --fresh",local
fing_x_fing,27,0.001,P0-Parallel,1,1,0.0586666666666666,0.0009868845170612,0.0596666666666666,0.0009326442147382,"E3fresh thresholds (calib boot, earlier stages) + test scores; matched_far.py --fresh",local
fing_x_fing,27,0.001,P1-LLR,1,1,0.0586666666666666,0.00099555407358,0.06,0.0009250861398243,"E3fresh thresholds (calib boot, earlier stages) + test scores; matched_far.py --fresh",local
fing_x_fing,27,0.001,P2-LogReg,1,1,0.0586666666666666,0.0009944425919751,0.0603333333333333,0.0009203067689229,"E3fresh thresholds (calib boot, earlier stages) + test scores; matched_far.py --fresh",local
fing_x_fing,27,0.001,S1-Marcialis,1,1,0.0936666666666666,0.0009550961431588,0.0996666666666666,0.0006802267422474,"E3fresh thresholds (calib boot, earlier stages) + test scores; matched_far.py --fresh",local
fing_x_fing,27,0.001,S2-Symmetric,1,1,0.0936666666666666,0.0009550961431588,0.0996666666666666,0.0006802267422474,"E3fresh thresholds (calib boot, earlier stages) + test scores; matched_far.py --fresh",local
fing_x_fing,27,0.001,S3-SPRT,1,1,0.0613333333333333,0.000999777703679,0.064,0.0009108591752806,"E3fresh thresholds (calib boot, earlier stages) + test scores; matched_far.py --fresh",local
fing_x_fing,27,0.001,S4-Direct,1,1,0.0686666666666666,0.0009466488829609,0.07,0.0007626986773368,"E3fresh thresholds (calib boot, earlier stages) + test scores; matched_far.py --fresh",local
fing_x_fing,27,0.01,LR-P1-N2,2,2,0.0426666666666666,0.0093185506279871,0.0433333333333332,0.008631043681227,"E3fresh thresholds (calib boot, earlier stages) + test scores; matched_far.py --fresh",local
fing_x_fing,27,0.01,P0-Parallel,1,1,0.0383333333333333,0.0099793264421473,0.0383333333333333,0.0092139602089585,"E3fresh thresholds (calib boot, earlier stages) + test scores; matched_far.py --fresh",local
fing_x_fing,27,0.01,P1-LLR,1,1,0.0376666666666666,0.0099295320662443,0.038,0.0091677225741913,"E3fresh thresholds (calib boot, earlier stages) + test scores; matched_far.py --fresh",local
fing_x_fing,27,0.01,P2-LogReg,1,1,0.0373333333333333,0.0098409469823274,0.0383333333333333,0.009214515949761,"E3fresh thresholds (calib boot, earlier stages) + test scores; matched_far.py --fresh",local
fing_x_fing,27,0.01,S1-Marcialis,1,1,0.0683333333333333,0.0072300766922307,0.0683333333333333,0.0072300766922307,"E3fresh thresholds (calib boot, earlier stages) + test scores; matched_far.py --fresh",local
fing_x_fing,27,0.01,S2-Symmetric,1,1,0.0446666666666666,0.0082121818383905,0.0446666666666666,0.0082121818383905,"E3fresh thresholds (calib boot, earlier stages) + test scores; matched_far.py --fresh",local
fing_x_fing,27,0.01,S3-SPRT,2,2,0.0376666666666666,0.0099295320662443,0.038,0.0091677225741913,"E3fresh thresholds (calib boot, earlier stages) + test scores; matched_far.py --fresh",local
fing_x_fing,27,0.01,S4-Direct,2,2,0.0426666666666666,0.0095976992330776,0.0446666666666666,0.0079489274202511,"E3fresh thresholds (calib boot, earlier stages) + test scores; matched_far.py --fresh",local
fing_x_fing,28,0.0001,LR-P1-N2,1,1,0.0916666666666666,9.191952873179948e-05,0.0916666666666666,9.191952873179948e-05,"E3fresh thresholds (calib boot, earlier stages) + test scores; matched_far.py --fresh",local
fing_x_fing,28,0.0001,P0-Parallel,1,1,0.0833333333333333,9.892186284316994e-05,0.0853333333333333,8.258308324997222e-05,"E3fresh thresholds (calib boot, earlier stages) + test scores; matched_far.py --fresh",local
fing_x_fing,28,0.0001,P1-LLR,1,1,0.083,9.992219628765144e-05,0.0856666666666666,8.302767589196398e-05,"E3fresh thresholds (calib boot, earlier stages) + test scores; matched_far.py --fresh",local
fing_x_fing,28,0.0001,P2-LogReg,1,1,0.081,9.903301100366788e-05,0.0863333333333333,7.969323107702568e-05,"E3fresh thresholds (calib boot, earlier stages) + test scores; matched_far.py --fresh",local
fing_x_fing,28,0.0001,S1-Marcialis,1,1,0.1126666666666666,7.980437923752362e-05,0.1156666666666666,5.735245081693898e-05,"E3fresh thresholds (calib boot, earlier stages) + test scores; matched_far.py --fresh",local
fing_x_fing,28,0.0001,S2-Symmetric,1,1,0.1126666666666666,7.980437923752362e-05,0.1156666666666666,5.735245081693898e-05,"E3fresh thresholds (calib boot, earlier stages) + test scores; matched_far.py --fresh",local
fing_x_fing,28,0.0001,S3-SPRT,1,1,0.0793333333333333,9.903301100366788e-05,0.0836666666666666,8.024897187951539e-05,"E3fresh thresholds (calib boot, earlier stages) + test scores; matched_far.py --fresh",local
fing_x_fing,28,0.0001,S4-Direct,1,1,0.09,9.158608425030564e-05,0.0913333333333333,8.013782371901746e-05,"E3fresh thresholds (calib boot, earlier stages) + test scores; matched_far.py --fresh",local
fing_x_fing,28,0.001,LR-P1-N2,1,1,0.062,0.0009466488829609,0.062,0.0009466488829609,"E3fresh thresholds (calib boot, earlier stages) + test scores; matched_far.py --fresh",local
fing_x_fing,28,0.001,P0-Parallel,1,1,0.055,0.0009996665555185,0.0566666666666666,0.0009168611759475,"E3fresh thresholds (calib boot, earlier stages) + test scores; matched_far.py --fresh",local
fing_x_fing,28,0.001,P1-LLR,1,1,0.0546666666666666,0.0009996665555185,0.0563333333333333,0.0008982994331443,"E3fresh thresholds (calib boot, earlier stages) + test scores; matched_far.py --fresh",local
fing_x_fing,28,0.001,P2-LogReg,1,1,0.054,0.0009873291097032,0.056,0.0008799599866622,"E3fresh thresholds (calib boot, earlier stages) + test scores; matched_far.py --fresh",local
fing_x_fing,28,0.001,S1-Marcialis,1,1,0.0806666666666666,0.0009554295876403,0.088,0.0006836723352228,"E3fresh thresholds (calib boot, earlier stages) + test scores; matched_far.py --fresh",local
fing_x_fing,28,0.001,S2-Symmetric,1,1,0.0806666666666666,0.0009554295876403,0.088,0.0006836723352228,"E3fresh thresholds (calib boot, earlier stages) + test scores; matched_far.py --fresh",local
fing_x_fing,28,0.001,S3-SPRT,1,1,0.0546666666666666,0.000996443258864,0.0556666666666666,0.0008926308769589,"E3fresh thresholds (calib boot, earlier stages) + test scores; matched_far.py --fresh",local
fing_x_fing,28,0.001,S4-Direct,1,1,0.064,0.0009894409247526,0.064,0.0009894409247526,"E3fresh thresholds (calib boot, earlier stages) + test scores; matched_far.py --fresh",local
fing_x_fing,28,0.01,LR-P1-N2,1,1,0.039,0.0088729576525508,0.0403333333333333,0.0073849060798043,"E3fresh thresholds (calib boot, earlier stages) + test scores; matched_far.py --fresh",local
fing_x_fing,28,0.01,P0-Parallel,1,1,0.0356666666666666,0.0098957430254529,0.0356666666666666,0.0097271312659775,"E3fresh thresholds (calib boot, earlier stages) + test scores; matched_far.py --fresh",local
fing_x_fing,28,0.01,P1-LLR,1,1,0.0353333333333333,0.0099509836612204,0.0356666666666666,0.009729243081027,"E3fresh thresholds (calib boot, earlier stages) + test scores; matched_far.py --fresh",local
fing_x_fing,28,0.01,P2-LogReg,1,1,0.0346666666666666,0.009890407913749,0.0346666666666666,0.009729020784706,"E3fresh thresholds (calib boot, earlier stages) + test scores; matched_far.py --fresh",local
fing_x_fing,28,0.01,S1-Marcialis,1,1,0.0586666666666666,0.0072065132822051,0.0586666666666666,0.0072065132822051,"E3fresh thresholds (calib boot, earlier stages) + test scores; matched_far.py --fresh",local
fing_x_fing,28,0.01,S2-Symmetric,1,1,0.0396666666666666,0.0083933533400022,0.0396666666666666,0.0083933533400022,"E3fresh thresholds (calib boot, earlier stages) + test scores; matched_far.py --fresh",local
fing_x_fing,28,0.01,S3-SPRT,2,2,0.0353333333333333,0.0099509836612204,0.0356666666666666,0.009729243081027,"E3fresh thresholds (calib boot, earlier stages) + test scores; matched_far.py --fresh",local
fing_x_fing,28,0.01,S4-Direct,1,1,0.0393333333333333,0.0087389129709903,0.0393333333333333,0.0087389129709903,"E3fresh thresholds (calib boot, earlier stages) + test scores; matched_far.py --fresh",local
fing_x_fing,29,0.0001,LR-P1-N2,1,1,0.104,8.71401578303879e-05,0.104,8.71401578303879e-05,"E3fresh thresholds (calib boot, earlier stages) + test scores; matched_far.py --fresh",local
fing_x_fing,29,0.0001,P0-Parallel,1,1,0.094,9.992219628765144e-05,0.0943333333333333,9.658775147271312e-05,"E3fresh thresholds (calib boot, earlier stages) + test scores; matched_far.py --fresh",local
fing_x_fing,29,0.0001,P1-LLR,1,1,0.0946666666666666,9.992219628765144e-05,0.095,9.647660331221518e-05,"E3fresh thresholds (calib boot, earlier stages) + test scores; matched_far.py --fresh",local
fing_x_fing,29,0.0001,P2-LogReg,1,1,0.094,9.925530732466378e-05,0.0953333333333333,9.592086250972548e-05,"E3fresh thresholds (calib boot, earlier stages) + test scores; matched_far.py --fresh",local
fing_x_fing,29,0.0001,S1-Marcialis,1,1,0.1296666666666666,8.925197287984884e-05,0.1296666666666666,8.925197287984884e-05,"E3fresh thresholds (calib boot, earlier stages) + test scores; matched_far.py --fresh",local
fing_x_fing,29,0.0001,S2-Symmetric,1,1,0.1296666666666666,8.925197287984884e-05,0.1296666666666666,8.925197287984884e-05,"E3fresh thresholds (calib boot, earlier stages) + test scores; matched_far.py --fresh",local
fing_x_fing,29,0.0001,S3-SPRT,1,1,0.0913333333333333,9.981104812715348e-05,0.0913333333333333,9.8810714682672e-05,"E3fresh thresholds (calib boot, earlier stages) + test scores; matched_far.py --fresh",local
fing_x_fing,29,0.0001,S4-Direct,1,1,0.1023333333333333,9.34756029787707e-05,0.1023333333333333,9.34756029787707e-05,"E3fresh thresholds (calib boot, earlier stages) + test scores; matched_far.py --fresh",local
fing_x_fing,29,0.001,LR-P1-N2,1,1,0.072,0.0009854395909747,0.072,0.0009854395909747,"E3fresh thresholds (calib boot, earlier stages) + test scores; matched_far.py --fresh",local
fing_x_fing,29,0.001,P0-Parallel,1,1,0.067,0.0009998888518395,0.0666666666666666,0.0010285650772479,"E3fresh thresholds (calib boot, earlier stages) + test scores; matched_far.py --fresh",local
fing_x_fing,29,0.001,P1-LLR,1,1,0.0676666666666666,0.0009925530732466,0.0673333333333333,0.001026342114038,"E3fresh thresholds (calib boot, earlier stages) + test scores; matched_far.py --fresh",local
fing_x_fing,29,0.001,P2-LogReg,1,1,0.0666666666666666,0.0009976658886295,0.0666666666666666,0.001023674558186,"E3fresh thresholds (calib boot, earlier stages) + test scores; matched_far.py --fresh",local
fing_x_fing,29,0.001,S1-Marcialis,1,1,0.0993333333333333,0.0009899966655551,0.1053333333333333,0.0007096810047793,"E3fresh thresholds (calib boot, earlier stages) + test scores; matched_far.py --fresh",local
fing_x_fing,29,0.001,S2-Symmetric,1,1,0.0993333333333333,0.0009899966655551,0.1053333333333333,0.0007096810047793,"E3fresh thresholds (calib boot, earlier stages) + test scores; matched_far.py --fresh",local
fing_x_fing,29,0.001,S3-SPRT,1,1,0.0666666666666666,0.0009967767033455,0.0666666666666666,0.0010092252973213,"E3fresh thresholds (calib boot, earlier stages) + test scores; matched_far.py --fresh",local
fing_x_fing,29,0.001,S4-Direct,1,1,0.074,0.0008293875736356,0.0713333333333333,0.0010287873735689,"E3fresh thresholds (calib boot, earlier stages) + test scores; matched_far.py --fresh",local
fing_x_fing,29,0.01,HYP,1,1,0.0793333333333333,0.009756029787707,0.081,0.0087646993442258,"E3fresh thresholds (calib boot, earlier stages) + test scores; matched_far.py --fresh",local
fing_x_fing,29,0.01,LR-P1-N2,1,1,0.044,0.0090693564521507,0.044,0.0090693564521507,"E3fresh thresholds (calib boot, earlier stages) + test scores; matched_far.py --fresh",local
fing_x_fing,29,0.01,P0-Parallel,1,1,0.0413333333333333,0.0099255307324663,0.041,0.0104186951205957,"E3fresh thresholds (calib boot, earlier stages) + test scores; matched_far.py --fresh",local
fing_x_fing,29,0.01,P1-LLR,1,1,0.0413333333333333,0.0098959653217739,0.041,0.0103790152272979,"E3fresh thresholds (calib boot, earlier stages) + test scores; matched_far.py --fresh",local
fing_x_fing,29,0.01,P2-LogReg,1,1,0.0413333333333333,0.009945981993998,0.0406666666666666,0.0104769367566966,"E3fresh thresholds (calib boot, earlier stages) + test scores; matched_far.py --fresh",local
fing_x_fing,29,0.01,S1-Marcialis,1,1,0.0743333333333333,0.0073850172279648,0.0743333333333333,0.0073850172279648,"E3fresh thresholds (calib boot, earlier stages) + test scores; matched_far.py --fresh",local
fing_x_fing,29,0.01,S2-Symmetric,1,1,0.0453333333333333,0.0080062242969878,0.0426666666666666,0.0101436034233633,"E3fresh thresholds (calib boot, earlier stages) + test scores; matched_far.py --fresh",local
fing_x_fing,29,0.01,S3-SPRT,2,2,0.0413333333333333,0.0098959653217739,0.041,0.0103790152272979,"E3fresh thresholds (calib boot, earlier stages) + test scores; matched_far.py --fresh",local
fing_x_fing,29,0.01,S4-Direct,1,1,0.0466666666666666,0.0095720795820829,0.0466666666666666,0.0095720795820829,"E3fresh thresholds (calib boot, earlier stages) + test scores; matched_far.py --fresh",local
face_x_face,12,0.0001,LR-P1-N2,1,1,0.2986666666666667,9.984434067155882e-05,0.277,0.0001363130976206,"E3fresh thresholds (calib boot, earlier stages) + test scores; matched_far.py --fresh",local
face_x_face,12,0.0001,P0-Parallel,1,1,0.2613333333333333,9.984434067155882e-05,0.2603333333333333,0.0001040693795863,"E3fresh thresholds (calib boot, earlier stages) + test scores; matched_far.py --fresh",local
face_x_face,12,0.0001,P1-LLR,1,1,0.2576666666666666,9.984434067155882e-05,0.2573333333333333,0.0001027351567711,"E3fresh thresholds (calib boot, earlier stages) + test scores; matched_far.py --fresh",local
face_x_face,12,0.0001,P2-LogReg,1,1,0.2683333333333333,9.984434067155882e-05,0.2616666666666666,0.0001167444963308,"E3fresh thresholds (calib boot, earlier stages) + test scores; matched_far.py --fresh",local
face_x_face,12,0.0001,S1-Marcialis,1,1,0.3093333333333333,9.984434067155882e-05,0.2903333333333333,0.0001387591727818,"E3fresh thresholds (calib boot, earlier stages) + test scores; matched_far.py --fresh",local
face_x_face,12,0.0001,S2-Symmetric,1,1,0.3093333333333333,9.984434067155882e-05,0.2903333333333333,0.0001387591727818,"E3fresh thresholds (calib boot, earlier stages) + test scores; matched_far.py --fresh",local
face_x_face,12,0.0001,S3-SPRT,1,1,0.2553333333333333,9.984434067155882e-05,0.2523333333333333,0.0001082944185012,"E3fresh thresholds (calib boot, earlier stages) + test scores; matched_far.py --fresh",local
face_x_face,12,0.0001,S4-Direct,1,0,,,0.269,0.0001365354680898,"E3fresh thresholds (calib boot, earlier stages) + test scores; matched_far.py --fresh",local
face_x_face,12,0.001,LR-P1-N2,1,1,0.1826666666666666,0.001,0.176,0.0011625528129864,"E3fresh thresholds (calib boot, earlier stages) + test scores; matched_far.py --fresh",local
face_x_face,12,0.001,P0-Parallel,1,1,0.1683333333333333,0.001,0.1683333333333333,0.0009915499221703,"E3fresh thresholds (calib boot, earlier stages) + test scores; matched_far.py --fresh",local
face_x_face,12,0.001,P1-LLR,1,1,0.1553333333333333,0.001,0.1563333333333333,0.000976873471203,"E3fresh thresholds (calib boot, earlier stages) + test scores; matched_far.py --fresh",local
face_x_face,12,0.001,P2-LogReg,1,1,0.1756666666666666,0.001,0.172,0.0010693795863909,"E3fresh thresholds (calib boot, earlier stages) + test scores; matched_far.py --fresh",local
face_x_face,12,0.001,S1-Marcialis,1,1,0.2026666666666666,0.0009993328885923,0.198,0.0011592172559484,"E3fresh thresholds (calib boot, earlier stages) + test scores; matched_far.py --fresh",local
face_x_face,12,0.001,S2-Symmetric,1,1,0.2026666666666666,0.0009993328885923,0.198,0.0011592172559484,"E3fresh thresholds (calib boot, earlier stages) + test scores; matched_far.py --fresh",local
face_x_face,12,0.001,S3-SPRT,1,1,0.1613333333333333,0.001,0.1573333333333333,0.0010567044696464,"E3fresh thresholds (calib boot, earlier stages) + test scores; matched_far.py --fresh",local
face_x_face,12,0.001,S4-Direct,1,1,0.185,0.001,0.1783333333333333,0.0011581054036024,"E3fresh thresholds (calib boot, earlier stages) + test scores; matched_far.py --fresh",local
face_x_face,12,0.01,HYP,1,1,0.0913333333333333,0.01,0.091,0.0101661107404936,"E3fresh thresholds (calib boot, earlier stages) + test scores; matched_far.py --fresh",local
face_x_face,12,0.01,LR-P1-N2,2,2,0.0814999999999999,0.0099978874805425,0.08,0.010433400044474,"E3fresh thresholds (calib boot, earlier stages) + test scores; matched_far.py --fresh",local
face_x_face,12,0.01,P0-Parallel,1,1,0.0943333333333333,0.01,0.0936666666666666,0.0101783411162997,"E3fresh thresholds (calib boot, earlier stages) + test scores; matched_far.py --fresh",local
face_x_face,12,0.01,P1-LLR,1,1,0.081,0.01,0.081,0.0101162997553924,"E3fresh thresholds (calib boot, earlier stages) + test scores; matched_far.py --fresh",local
face_x_face,12,0.01,P2-LogReg,1,1,0.0926666666666666,0.01,0.09,0.0103433400044474,"E3fresh thresholds (calib boot, earlier stages) + test scores; matched_far.py --fresh",local
face_x_face,12,0.01,S1-Marcialis,1,1,0.1066666666666666,0.0099957749610851,0.105,0.010607516121859,"E3fresh thresholds (calib boot, earlier stages) + test scores; matched_far.py --fresh",local
face_x_face,12,0.01,S2-Symmetric,1,1,0.1066666666666666,0.0099957749610851,0.105,0.010607516121859,"E3fresh thresholds (calib boot, earlier stages) + test scores; matched_far.py --fresh",local
face_x_face,12,0.01,S3-SPRT,1,1,0.0783333333333333,0.01,0.078,0.0101883477874138,"E3fresh thresholds (calib boot, earlier stages) + test scores; matched_far.py --fresh",local
face_x_face,12,0.01,S4-Direct,1,1,0.084,0.01,0.0816666666666666,0.0105628196575494,"E3fresh thresholds (calib boot, earlier stages) + test scores; matched_far.py --fresh",local
face_x_face,13,0.0001,LR-P1-N2,1,1,0.262,9.984434067155882e-05,0.2666666666666666,8.828107627307094e-05,"E3fresh thresholds (calib boot, earlier stages) + test scores; matched_far.py --fresh",local
face_x_face,13,0.0001,P0-Parallel,1,1,0.2403333333333333,9.984434067155882e-05,0.2456666666666666,8.160996219702023e-05,"E3fresh thresholds (calib boot, earlier stages) + test scores; matched_far.py --fresh",local
face_x_face,13,0.0001,P1-LLR,1,1,0.236,9.984434067155882e-05,0.2433333333333333,8.539026017344897e-05,"E3fresh thresholds (calib boot, earlier stages) + test scores; matched_far.py --fresh",local
face_x_face,13,0.0001,P2-LogReg,1,1,0.242,9.984434067155882e-05,0.2523333333333333,7.871914609739826e-05,"E3fresh thresholds (calib boot, earlier stages) + test scores; matched_far.py --fresh",local
face_x_face,13,0.0001,S1-Marcialis,1,1,0.2723333333333333,9.962197020235712e-05,0.289,6.804536357571714e-05,"E3fresh thresholds (calib boot, earlier stages) + test scores; matched_far.py --fresh",local
face_x_face,13,0.0001,S2-Symmetric,1,1,0.2723333333333333,9.962197020235712e-05,0.289,6.804536357571714e-05,"E3fresh thresholds (calib boot, earlier stages) + test scores; matched_far.py --fresh",local
face_x_face,13,0.0001,S3-SPRT,1,1,0.237,9.984434067155882e-05,0.242,8.961529908828108e-05,"E3fresh thresholds (calib boot, earlier stages) + test scores; matched_far.py --fresh",local
face_x_face,13,0.0001,S4-Direct,1,1,0.2506666666666666,9.984434067155882e-05,0.2546666666666666,9.228374471870136e-05,"E3fresh thresholds (calib boot, earlier stages) + test scores; matched_far.py --fresh",local
face_x_face,13,0.001,LR-P1-N2,1,1,0.1626666666666666,0.0009995552590615,0.1683333333333333,0.0008959306204136,"E3fresh thresholds (calib boot, earlier stages) + test scores; matched_far.py --fresh",local
face_x_face,13,0.001,P0-Parallel,1,1,0.155,0.001,0.1583333333333333,0.0008474538581276,"E3fresh thresholds (calib boot, earlier stages) + test scores; matched_far.py --fresh",local
face_x_face,13,0.001,P1-LLR,1,1,0.1443333333333333,0.001,0.1503333333333333,0.0008561263064265,"E3fresh thresholds (calib boot, earlier stages) + test scores; matched_far.py --fresh",local
face_x_face,13,0.001,P2-LogReg,1,1,0.158,0.001,0.164,0.0008350011118523,"E3fresh thresholds (calib boot, earlier stages) + test scores; matched_far.py --fresh",local
face_x_face,13,0.001,S1-Marcialis,1,1,0.1826666666666666,0.0009995552590615,0.1896666666666666,0.0008425617078052,"E3fresh thresholds (calib boot, earlier stages) + test scores; matched_far.py --fresh",local
face_x_face,13,0.001,S2-Symmetric,1,1,0.1826666666666666,0.0009995552590615,0.1896666666666666,0.0008425617078052,"E3fresh thresholds (calib boot, earlier stages) + test scores; matched_far.py --fresh",local
face_x_face,13,0.001,S3-SPRT,1,1,0.1416666666666666,0.001,0.1483333333333333,0.0008454525239048,"E3fresh thresholds (calib boot, earlier stages) + test scores; matched_far.py --fresh",local
face_x_face,13,0.001,S4-Direct,1,1,0.1613333333333333,0.001,0.168,0.0008347787413831,"E3fresh thresholds (calib boot, earlier stages) + test scores; matched_far.py --fresh",local
face_x_face,13,0.01,HYP,1,1,0.083,0.01,0.0876666666666666,0.0089659773182121,"E3fresh thresholds (calib boot, earlier stages) + test scores; matched_far.py --fresh",local
face_x_face,13,0.01,LR-P1-N2,2,2,0.0806666666666666,0.0099991105181231,0.083,0.0090990660440293,"E3fresh thresholds (calib boot, earlier stages) + test scores; matched_far.py --fresh",local
face_x_face,13,0.01,P0-Parallel,1,1,0.085,0.01,0.088,0.0089822103624638,"E3fresh thresholds (calib boot, earlier stages) + test scores; matched_far.py --fresh",local
face_x_face,13,0.01,P1-LLR,1,1,0.0733333333333333,0.01,0.0766666666666666,0.009008894818768,"E3fresh thresholds (calib boot, earlier stages) + test scores; matched_far.py --fresh",local
face_x_face,13,0.01,P2-LogReg,1,1,0.0806666666666666,0.01,0.085,0.0089933288859239,"E3fresh thresholds (calib boot, earlier stages) + test scores; matched_far.py --fresh",local
face_x_face,13,0.01,S1-Marcialis,1,1,0.0993333333333333,0.0099991105181231,0.103,0.0088530131198576,"E3fresh thresholds (calib boot, earlier stages) + test scores; matched_far.py --fresh",local
face_x_face,13,0.01,S2-Symmetric,1,1,0.0903333333333333,0.01,0.092,0.0090718256615521,"E3fresh thresholds (calib boot, earlier stages) + test scores; matched_far.py --fresh",local
face_x_face,13,0.01,S3-SPRT,1,1,0.0743333333333333,0.01,0.0786666666666666,0.0089226150767178,"E3fresh thresholds (calib boot, earlier stages) + test scores; matched_far.py --fresh",local
face_x_face,13,0.01,S4-Direct,1,1,0.0826666666666666,0.01,0.085,0.0090869468534578,"E3fresh thresholds (calib boot, earlier stages) + test scores; matched_far.py --fresh",local
face_x_face,14,0.0001,LR-P1-N2,1,1,0.2843333333333333,9.984434067155882e-05,0.2843333333333333,0.0001002890816099,"E3fresh thresholds (calib boot, earlier stages) + test scores; matched_far.py --fresh",local
face_x_face,14,0.0001,P0-Parallel,1,1,0.247,9.984434067155882e-05,0.25,9.117189237269292e-05,"E3fresh thresholds (calib boot, earlier stages) + test scores; matched_far.py --fresh",local
face_x_face,14,0.0001,P1-LLR,1,1,0.243,9.984434067155882e-05,0.2456666666666666,9.406270847231488e-05,"E3fresh thresholds (calib boot, earlier stages) + test scores; matched_far.py --fresh",local
face_x_face,14,0.0001,P2-LogReg,1,1,0.256,9.984434067155882e-05,0.2603333333333333,8.850344674227263e-05,"E3fresh thresholds (calib boot, earlier stages) + test scores; matched_far.py --fresh",local
face_x_face,14,0.0001,S1-Marcialis,1,1,0.2863333333333333,9.962197020235712e-05,0.2893333333333333,9.317322659550811e-05,"E3fresh thresholds (calib boot, earlier stages) + test scores; matched_far.py --fresh",local
face_x_face,14,0.0001,S2-Symmetric,1,1,0.2863333333333333,9.962197020235712e-05,0.2893333333333333,9.317322659550811e-05,"E3fresh thresholds (calib boot, earlier stages) + test scores; matched_far.py --fresh",local
face_x_face,14,0.0001,S3-SPRT,1,1,0.241,9.984434067155882e-05,0.2433333333333333,9.539693128752502e-05,"E3fresh thresholds (calib boot, earlier stages) + test scores; matched_far.py --fresh",local
face_x_face,14,0.0001,S4-Direct,1,1,0.2643333333333333,9.984434067155882e-05,0.268,9.650878363353346e-05,"E3fresh thresholds (calib boot, earlier stages) + test scores; matched_far.py --fresh",local
face_x_face,14,0.001,LR-P1-N2,1,1,0.1663333333333333,0.0009997776295307,0.171,0.0009210584834334,"E3fresh thresholds (calib boot, earlier stages) + test scores; matched_far.py --fresh",local
face_x_face,14,0.001,P0-Parallel,1,1,0.154,0.001,0.1553333333333333,0.0009226150767178,"E3fresh thresholds (calib boot, earlier stages) + test scores; matched_far.py --fresh",local
face_x_face,14,0.001,P1-LLR,1,1,0.144,0.001,0.146,0.0009457416055147,"E3fresh thresholds (calib boot, earlier stages) + test scores; matched_far.py --fresh",local
face_x_face,14,0.001,P2-LogReg,1,1,0.161,0.001,0.1616666666666666,0.0009308427840782,"E3fresh thresholds (calib boot, earlier stages) + test scores; matched_far.py --fresh",local
face_x_face,14,0.001,S1-Marcialis,1,1,0.185,0.0009995552590615,0.1853333333333333,0.000960418056482,"E3fresh thresholds (calib boot, earlier stages) + test scores; matched_far.py --fresh",local
face_x_face,14,0.001,S2-Symmetric,1,1,0.185,0.0009995552590615,0.1853333333333333,0.000960418056482,"E3fresh thresholds (calib boot, earlier stages) + test scores; matched_far.py --fresh",local
face_x_face,14,0.001,S3-SPRT,1,1,0.1443333333333333,0.001,0.1453333333333333,0.0009624193907049,"E3fresh thresholds (calib boot, earlier stages) + test scores; matched_far.py --fresh",local
face_x_face,14,0.001,S4-Direct,2,2,0.1666666666666666,0.001,0.1686666666666666,0.000960973982655,"E3fresh thresholds (calib boot, earlier stages) + test scores; matched_far.py --fresh",local
face_x_face,14,0.01,HYP,1,1,0.0833333333333333,0.01,0.085,0.0091456526573271,"E3fresh thresholds (calib boot, earlier stages) + test scores; matched_far.py --fresh",local
face_x_face,14,0.01,LR-P1-N2,1,1,0.077,0.0099982210362463,0.0803333333333333,0.0090180120080053,"E3fresh thresholds (calib boot, earlier stages) + test scores; matched_far.py --fresh",local
face_x_face,14,0.01,P0-Parallel,1,1,0.081,0.01,0.0853333333333333,0.0088923726929063,"E3fresh thresholds (calib boot, earlier stages) + test scores; matched_far.py --fresh",local
face_x_face,14,0.01,P1-LLR,1,1,0.075,0.01,0.0776666666666666,0.0088559039359573,"E3fresh thresholds (calib boot, earlier stages) + test scores; matched_far.py --fresh",local
face_x_face,14,0.01,P2-LogReg,1,1,0.0816666666666666,0.01,0.0846666666666666,0.0090382477207026,"E3fresh thresholds (calib boot, earlier stages) + test scores; matched_far.py --fresh",local
face_x_face,14,0.01,S1-Marcialis,1,1,0.0923333333333333,0.0099997776295307,0.0933333333333333,0.0095014454080498,"E3fresh thresholds (calib boot, earlier stages) + test scores; matched_far.py --fresh",local
face_x_face,14,0.01,S2-Symmetric,1,1,0.0863333333333333,0.01,0.0896666666666666,0.0086468756949077,"E3fresh thresholds (calib boot, earlier stages) + test scores; matched_far.py --fresh",local
face_x_face,14,0.01,S3-SPRT,1,1,0.0746666666666666,0.01,0.0783333333333333,0.0087340449188347,"E3fresh thresholds (calib boot, earlier stages) + test scores; matched_far.py --fresh",local
face_x_face,14,0.01,S4-Direct,1,1,0.08,0.01,0.0823333333333333,0.0091534356237491,"E3fresh thresholds (calib boot, earlier stages) + test scores; matched_far.py --fresh",local
face_x_face,15,0.0001,LR-P1-N2,2,2,0.2761666666666666,9.984434067155882e-05,0.2801666666666667,8.972648432288192e-05,"E3fresh thresholds (calib boot, earlier stages) + test scores; matched_far.py --fresh",local
face_x_face,15,0.0001,P0-Parallel,1,1,0.24,9.984434067155882e-05,0.2426666666666666,9.317322659550811e-05,"E3fresh thresholds (calib boot, earlier stages) + test scores; matched_far.py --fresh",local
face_x_face,15,0.0001,P1-LLR,1,1,0.238,9.984434067155882e-05,0.24,9.517456081832332e-05,"E3fresh thresholds (calib boot, earlier stages) + test scores; matched_far.py --fresh",local
face_x_face,15,0.0001,P2-LogReg,1,1,0.2406666666666666,9.984434067155882e-05,0.2426666666666666,9.206137424949966e-05,"E3fresh thresholds (calib boot, earlier stages) + test scores; matched_far.py --fresh",local
face_x_face,15,0.0001,S1-Marcialis,1,1,0.288,9.984434067155882e-05,0.296,8.539026017344897e-05,"E3fresh thresholds (calib boot, earlier stages) + test scores; matched_far.py --fresh",local
face_x_face,15,0.0001,S2-Symmetric,1,1,0.288,9.984434067155882e-05,0.296,8.539026017344897e-05,"E3fresh thresholds (calib boot, earlier stages) + test scores; matched_far.py --fresh",local
face_x_face,15,0.0001,S3-SPRT,1,1,0.2383333333333333,9.984434067155882e-05,0.239,9.673115410273516e-05,"E3fresh thresholds (calib boot, earlier stages) + test scores; matched_far.py --fresh",local
face_x_face,15,0.0001,S4-Direct,1,1,0.256,9.984434067155882e-05,0.2583333333333333,9.428507894151655e-05,"E3fresh thresholds (calib boot, earlier stages) + test scores; matched_far.py --fresh",local
face_x_face,15,0.001,LR-P1-N2,1,1,0.16,0.001,0.165,0.0009141649988881,"E3fresh thresholds (calib boot, earlier stages) + test scores; matched_far.py --fresh",local
face_x_face,15,0.001,P0-Parallel,1,1,0.15,0.001,0.1553333333333333,0.0009046030687124,"E3fresh thresholds (calib boot, earlier stages) + test scores; matched_far.py --fresh",local
face_x_face,15,0.001,P1-LLR,1,1,0.1433333333333333,0.001,0.1483333333333333,0.0009079386257505,"E3fresh thresholds (calib boot, earlier stages) + test scores; matched_far.py --fresh",local
face_x_face,15,0.001,P2-LogReg,1,1,0.1503333333333333,0.001,0.1546666666666666,0.0009043806982432,"E3fresh thresholds (calib boot, earlier stages) + test scores; matched_far.py --fresh",local
face_x_face,15,0.001,S1-Marcialis,1,1,0.18,0.0009997776295307,0.185,0.0008970424727596,"E3fresh thresholds (calib boot, earlier stages) + test scores; matched_far.py --fresh",local
face_x_face,15,0.001,S2-Symmetric,1,1,0.18,0.0009997776295307,0.185,0.0008970424727596,"E3fresh thresholds (calib boot, earlier stages) + test scores; matched_far.py --fresh",local
face_x_face,15,0.001,S3-SPRT,1,1,0.1406666666666666,0.001,0.145,0.0008979319546364,"E3fresh thresholds (calib boot, earlier stages) + test scores; matched_far.py --fresh",local
face_x_face,15,0.001,S4-Direct,1,1,0.1553333333333333,0.001,0.1606666666666666,0.0008719146097398,"E3fresh thresholds (calib boot, earlier stages) + test scores; matched_far.py --fresh",local
face_x_face,15,0.01,HYP,1,1,0.079,0.01,0.0826666666666666,0.0089975539248387,"E3fresh thresholds (calib boot, earlier stages) + test scores; matched_far.py --fresh",local
face_x_face,15,0.01,LR-P1-N2,1,1,0.073,0.0099997776295307,0.0756666666666666,0.0089706470980653,"E3fresh thresholds (calib boot, earlier stages) + test scores; matched_far.py --fresh",local
face_x_face,15,0.01,P0-Parallel,1,1,0.0833333333333333,0.01,0.087,0.0087538358905937,"E3fresh thresholds (calib boot, earlier stages) + test scores; matched_far.py --fresh",local
face_x_face,15,0.01,P1-LLR,1,1,0.0696666666666666,0.01,0.0726666666666666,0.0087404936624416,"E3fresh thresholds (calib boot, earlier stages) + test scores; matched_far.py --fresh",local
face_x_face,15,0.01,P2-LogReg,1,1,0.0826666666666666,0.01,0.0866666666666666,0.0087529464087169,"E3fresh thresholds (calib boot, earlier stages) + test scores; matched_far.py --fresh",local
face_x_face,15,0.01,S1-Marcialis,1,1,0.0953333333333333,0.0099946631087391,0.097,0.0090947298198799,"E3fresh thresholds (calib boot, earlier stages) + test scores; matched_far.py --fresh",local
face_x_face,15,0.01,S2-Symmetric,1,1,0.076,0.01,0.0783333333333333,0.0090153435623749,"E3fresh thresholds (calib boot, earlier stages) + test scores; matched_far.py --fresh",local
face_x_face,15,0.01,S3-SPRT,1,1,0.0683333333333333,0.01,0.0706666666666666,0.008881031798977,"E3fresh thresholds (calib boot, earlier stages) + test scores; matched_far.py --fresh",local
face_x_face,15,0.01,S4-Direct,1,1,0.076,0.0099955525906159,0.078,0.009089392928619,"E3fresh thresholds (calib boot, earlier stages) + test scores; matched_far.py --fresh",local
face_x_face,16,0.0001,LR-P1-N2,1,1,0.279,9.984434067155882e-05,0.2746666666666666,0.0001040693795863,"E3fresh thresholds (calib boot, earlier stages) + test scores; matched_far.py --fresh",local
face_x_face,16,0.0001,P0-Parallel,1,1,0.2456666666666666,9.984434067155882e-05,0.257,7.649544140538137e-05,"E3fresh thresholds (calib boot, earlier stages) + test scores; matched_far.py --fresh",local
face_x_face,16,0.0001,P1-LLR,1,1,0.2426666666666666,9.984434067155882e-05,0.251,8.138759172781854e-05,"E3fresh thresholds (calib boot, earlier stages) + test scores; matched_far.py --fresh",local
face_x_face,16,0.0001,P2-LogReg,1,1,0.252,9.984434067155882e-05,0.2596666666666666,8.383366688903714e-05,"E3fresh thresholds (calib boot, earlier stages) + test scores; matched_far.py --fresh",local
face_x_face,16,0.0001,S1-Marcialis,1,1,0.297,9.984434067155882e-05,0.292,0.0001127418278852,"E3fresh thresholds (calib boot, earlier stages) + test scores; matched_far.py --fresh",local
face_x_face,16,0.0001,S2-Symmetric,1,1,0.297,9.984434067155882e-05,0.292,0.0001127418278852,"E3fresh thresholds (calib boot, earlier stages) + test scores; matched_far.py --fresh",local
face_x_face,16,0.0001,S3-SPRT,1,1,0.24,9.984434067155882e-05,0.2486666666666666,8.205470313542362e-05,"E3fresh thresholds (calib boot, earlier stages) + test scores; matched_far.py --fresh",local
face_x_face,16,0.0001,S4-Direct,1,1,0.2606666666666666,9.984434067155882e-05,0.2693333333333333,8.516788970424728e-05,"E3fresh thresholds (calib boot, earlier stages) + test scores; matched_far.py --fresh",local
face_x_face,16,0.001,LR-P1-N2,1,1,0.1663333333333333,0.0009995552590615,0.1676666666666666,0.0009410718256615,"E3fresh thresholds (calib boot, earlier stages) + test scores; matched_far.py --fresh",local
face_x_face,16,0.001,P0-Parallel,1,1,0.152,0.001,0.1576666666666666,0.0008552368245496,"E3fresh thresholds (calib boot, earlier stages) + test scores; matched_far.py --fresh",local
face_x_face,16,0.001,P1-LLR,1,1,0.1443333333333333,0.001,0.1493333333333333,0.0008681343117633,"E3fresh thresholds (calib boot, earlier stages) + test scores; matched_far.py --fresh",local
face_x_face,16,0.001,P2-LogReg,1,1,0.1546666666666666,0.001,0.1593333333333333,0.0008901489882143,"E3fresh thresholds (calib boot, earlier stages) + test scores; matched_far.py --fresh",local
face_x_face,16,0.001,S1-Marcialis,1,1,0.1933333333333333,0.0009997776295307,0.1963333333333333,0.0009126084056037,"E3fresh thresholds (calib boot, earlier stages) + test scores; matched_far.py --fresh",local
face_x_face,16,0.001,S2-Symmetric,1,1,0.1933333333333333,0.0009997776295307,0.1963333333333333,0.0009126084056037,"E3fresh thresholds (calib boot, earlier stages) + test scores; matched_far.py --fresh",local
face_x_face,16,0.001,S3-SPRT,1,1,0.1413333333333333,0.001,0.1453333333333333,0.0008837002446075,"E3fresh thresholds (calib boot, earlier stages) + test scores; matched_far.py --fresh",local
face_x_face,16,0.001,S4-Direct,2,2,0.1625,0.001,0.1658333333333333,0.0009144985545919,"E3fresh thresholds (calib boot, earlier stages) + test scores; matched_far.py --fresh",local
face_x_face,16,0.01,HYP,1,1,0.0813333333333333,0.01,0.0843333333333333,0.0088796975761618,"E3fresh thresholds (calib boot, earlier stages) + test scores; matched_far.py --fresh",local
face_x_face,16,0.01,LR-P1-N2,2,2,0.0765,0.0099998888147654,0.0796666666666666,0.0090289081609962,"E3fresh thresholds (calib boot, earlier stages) + test scores; matched_far.py --fresh",local
face_x_face,16,0.01,P0-Parallel,1,1,0.0846666666666666,0.01,0.0883333333333333,0.0087238158772515,"E3fresh thresholds (calib boot, earlier stages) + test scores; matched_far.py --fresh",local
face_x_face,16,0.01,P1-LLR,1,1,0.0716666666666666,0.01,0.0746666666666666,0.0088032021347565,"E3fresh thresholds (calib boot, earlier stages) + test scores; matched_far.py --fresh",local
face_x_face,16,0.01,P2-LogReg,1,1,0.0806666666666666,0.01,0.0856666666666666,0.0086844563042028,"E3fresh thresholds (calib boot, earlier stages) + test scores; matched_far.py --fresh",local
face_x_face,16,0.01,S1-Marcialis,1,1,0.0953333333333333,0.0099986657771847,0.0993333333333333,0.0089232821881254,"E3fresh thresholds (calib boot, earlier stages) + test scores; matched_far.py --fresh",local
face_x_face,16,0.01,S2-Symmetric,1,1,0.0853333333333333,0.01,0.0883333333333333,0.0089181676673337,"E3fresh thresholds (calib boot, earlier stages) + test scores; matched_far.py --fresh",local
face_x_face,16,0.01,S3-SPRT,1,1,0.0703333333333333,0.01,0.074,0.0088859239492995,"E3fresh thresholds (calib boot, earlier stages) + test scores; matched_far.py --fresh",local
face_x_face,16,0.01,S4-Direct,1,1,0.0783333333333333,0.01,0.08,0.009057371581054,"E3fresh thresholds (calib boot, earlier stages) + test scores; matched_far.py --fresh",local
face_x_face,17,0.0001,LR-P1-N2,1,1,0.2646666666666666,9.984434067155882e-05,0.279,6.760062263731377e-05,"E3fresh thresholds (calib boot, earlier stages) + test scores; matched_far.py --fresh",local
face_x_face,17,0.0001,P0-Parallel,1,1,0.2296666666666666,9.984434067155882e-05,0.2416666666666666,7.694018234378474e-05,"E3fresh thresholds (calib boot, earlier stages) + test scores; matched_far.py --fresh",local
face_x_face,17,0.0001,P1-LLR,1,1,0.2273333333333333,9.984434067155882e-05,0.2396666666666666,7.605070046697799e-05,"E3fresh thresholds (calib boot, earlier stages) + test scores; matched_far.py --fresh",local
face_x_face,17,0.0001,P2-LogReg,1,1,0.2326666666666666,9.984434067155882e-05,0.2443333333333333,7.182566155214588e-05,"E3fresh thresholds (calib boot, earlier stages) + test scores; matched_far.py --fresh",local
face_x_face,17,0.0001,S1-Marcialis,1,1,0.282,9.984434067155882e-05,0.3,7.11585501445408e-05,"E3fresh thresholds (calib boot, earlier stages) + test scores; matched_far.py --fresh",local
face_x_face,17,0.0001,S2-Symmetric,1,1,0.282,9.984434067155882e-05,0.3,7.11585501445408e-05,"E3fresh thresholds (calib boot, earlier stages) + test scores; matched_far.py --fresh",local
face_x_face,17,0.0001,S3-SPRT,1,1,0.2263333333333333,9.984434067155882e-05,0.2423333333333333,6.91572159217256e-05,"E3fresh thresholds (calib boot, earlier stages) + test scores; matched_far.py --fresh",local
face_x_face,17,0.0001,S4-Direct,1,1,0.2426666666666666,9.984434067155882e-05,0.2543333333333333,7.827440515899489e-05,"E3fresh thresholds (calib boot, earlier stages) + test scores; matched_far.py --fresh",local
face_x_face,17,0.001,LR-P1-N2,2,2,0.1525,0.001,0.1656666666666666,0.000796086279742,"E3fresh thresholds (calib boot, earlier stages) + test scores; matched_far.py --fresh",local
face_x_face,17,0.001,P0-Parallel,1,1,0.1406666666666666,0.001,0.1513333333333333,0.0007929730931732,"E3fresh thresholds (calib boot, earlier stages) + test scores; matched_far.py --fresh",local
face_x_face,17,0.001,P1-LLR,1,1,0.134,0.001,0.1443333333333333,0.0007874138314431,"E3fresh thresholds (calib boot, earlier stages) + test scores; matched_far.py --fresh",local
face_x_face,17,0.001,P2-LogReg,1,1,0.142,0.001,0.1523333333333333,0.0007865243495663,"E3fresh thresholds (calib boot, earlier stages) + test scores; matched_far.py --fresh",local
face_x_face,17,0.001,S1-Marcialis,1,1,0.1783333333333333,0.001,0.1886666666666666,0.0007780742717367,"E3fresh thresholds (calib boot, earlier stages) + test scores; matched_far.py --fresh",local
face_x_face,17,0.001,S2-Symmetric,1,1,0.1783333333333333,0.001,0.1886666666666666,0.0007780742717367,"E3fresh thresholds (calib boot, earlier stages) + test scores; matched_far.py --fresh",local
face_x_face,17,0.001,S3-SPRT,1,1,0.13,0.001,0.141,0.0007976428730264,"E3fresh thresholds (calib boot, earlier stages) + test scores; matched_far.py --fresh",local
face_x_face,17,0.001,S4-Direct,2,2,0.1531666666666666,0.0009998888147653,0.161,0.0008035356904602,"E3fresh thresholds (calib boot, earlier stages) + test scores; matched_far.py --fresh",local
face_x_face,17,0.01,HYP,1,1,0.0786666666666666,0.01,0.082,0.0086806760062263,"E3fresh thresholds (calib boot, earlier stages) + test scores; matched_far.py --fresh",local
face_x_face,17,0.01,LR-P1-N2,1,1,0.0716666666666666,0.01,0.0736666666666666,0.0086822325995107,"E3fresh thresholds (calib boot, earlier stages) + test scores; matched_far.py --fresh",local
face_x_face,17,0.01,P0-Parallel,1,1,0.079,0.01,0.083,0.0083924838781409,"E3fresh thresholds (calib boot, earlier stages) + test scores; matched_far.py --fresh",local
face_x_face,17,0.01,P1-LLR,1,1,0.0676666666666666,0.01,0.0703333333333333,0.0084189459639759,"E3fresh thresholds (calib boot, earlier stages) + test scores; matched_far.py --fresh",local
face_x_face,17,0.01,P2-LogReg,1,1,0.0793333333333333,0.01,0.084,0.0083486768957082,"E3fresh thresholds (calib boot, earlier stages) + test scores; matched_far.py --fresh",local
face_x_face,17,0.01,S1-Marcialis,1,1,0.0946666666666666,0.0099991105181231,0.0966666666666666,0.008662663998221,"E3fresh thresholds (calib boot, earlier stages) + test scores; matched_far.py --fresh",local
face_x_face,17,0.01,S2-Symmetric,1,1,0.0736666666666666,0.01,0.0756666666666666,0.0086546586613297,"E3fresh thresholds (calib boot, earlier stages) + test scores; matched_far.py --fresh",local
face_x_face,17,0.01,S3-SPRT,1,1,0.0666666666666666,0.01,0.0716666666666666,0.0086017344896597,"E3fresh thresholds (calib boot, earlier stages) + test scores; matched_far.py --fresh",local
face_x_face,17,0.01,S4-Direct,1,1,0.074,0.0099979986657771,0.0776666666666666,0.0086433177674004,"E3fresh thresholds (calib boot, earlier stages) + test scores; matched_far.py --fresh",local
face_x_face,18,0.0001,LR-P1-N2,1,1,0.2726666666666666,9.984434067155882e-05,0.2763333333333333,9.228374471870136e-05,"E3fresh thresholds (calib boot, earlier stages) + test scores; matched_far.py --fresh",local
face_x_face,18,0.0001,P0-Parallel,1,1,0.2433333333333333,9.984434067155882e-05,0.252,7.782966422059151e-05,"E3fresh thresholds (calib boot, earlier stages) + test scores; matched_far.py --fresh",local
face_x_face,18,0.0001,P1-LLR,1,1,0.24,9.984434067155882e-05,0.2476666666666666,8.116522125861686e-05,"E3fresh thresholds (calib boot, earlier stages) + test scores; matched_far.py --fresh",local
face_x_face,18,0.0001,P2-LogReg,1,1,0.244,9.984434067155882e-05,0.2543333333333333,7.493884812096954e-05,"E3fresh thresholds (calib boot, earlier stages) + test scores; matched_far.py --fresh",local
face_x_face,18,0.0001,S1-Marcialis,1,1,0.2926666666666667,9.984434067155882e-05,0.3023333333333333,8.383366688903714e-05,"E3fresh thresholds (calib boot, earlier stages) + test scores; matched_far.py --fresh",local
face_x_face,18,0.0001,S2-Symmetric,1,1,0.2926666666666667,9.984434067155882e-05,0.3023333333333333,8.383366688903714e-05,"E3fresh thresholds (calib boot, earlier stages) + test scores; matched_far.py --fresh",local
face_x_face,18,0.0001,S3-SPRT,1,1,0.2356666666666666,9.984434067155882e-05,0.2433333333333333,8.405603735823883e-05,"E3fresh thresholds (calib boot, earlier stages) + test scores; matched_far.py --fresh",local
face_x_face,18,0.0001,S4-Direct,1,1,0.2513333333333333,9.984434067155882e-05,0.2643333333333333,7.315988436735602e-05,"E3fresh thresholds (calib boot, earlier stages) + test scores; matched_far.py --fresh",local
face_x_face,18,0.001,LR-P1-N2,1,1,0.1653333333333333,0.001,0.1673333333333333,0.0009415165665999,"E3fresh thresholds (calib boot, earlier stages) + test scores; matched_far.py --fresh",local
face_x_face,18,0.001,P0-Parallel,1,1,0.1473333333333333,0.001,0.149,0.0009201690015565,"E3fresh thresholds (calib boot, earlier stages) + test scores; matched_far.py --fresh",local
face_x_face,18,0.001,P1-LLR,1,1,0.1386666666666666,0.001,0.1423333333333333,0.0009270624861018,"E3fresh thresholds (calib boot, earlier stages) + test scores; matched_far.py --fresh",local
face_x_face,18,0.001,P2-LogReg,1,1,0.1483333333333333,0.001,0.1513333333333333,0.0009201690015565,"E3fresh thresholds (calib boot, earlier stages) + test scores; matched_far.py --fresh",local
face_x_face,18,0.001,S1-Marcialis,1,1,0.19,0.0009995552590615,0.1963333333333333,0.0008808094285078,"E3fresh thresholds (calib boot, earlier stages) + test scores; matched_far.py --fresh",local
face_x_face,18,0.001,S2-Symmetric,1,1,0.19,0.0009995552590615,0.1963333333333333,0.0008808094285078,"E3fresh thresholds (calib boot, earlier stages) + test scores; matched_far.py --fresh",local
face_x_face,18,0.001,S3-SPRT,1,1,0.1353333333333333,0.001,0.1396666666666666,0.0009286190793862,"E3fresh thresholds (calib boot, earlier stages) + test scores; matched_far.py --fresh",local
face_x_face,18,0.001,S4-Direct,1,1,0.1576666666666666,0.001,0.1626666666666666,0.0009059372915276,"E3fresh thresholds (calib boot, earlier stages) + test scores; matched_far.py --fresh",local
face_x_face,18,0.01,HYP,1,1,0.0763333333333333,0.01,0.0796666666666666,0.0091507671781187,"E3fresh thresholds (calib boot, earlier stages) + test scores; matched_far.py --fresh",local
face_x_face,18,0.01,LR-P1-N2,1,1,0.07,0.01,0.071,0.0093480097843006,"E3fresh thresholds (calib boot, earlier stages) + test scores; matched_far.py --fresh",local
face_x_face,18,0.01,P0-Parallel,1,1,0.077,0.01,0.0796666666666666,0.0092337113631309,"E3fresh thresholds (calib boot, earlier stages) + test scores; matched_far.py --fresh",local
face_x_face,18,0.01,P1-LLR,1,1,0.066,0.01,0.0686666666666666,0.0091976873471203,"E3fresh thresholds (calib boot, earlier stages) + test scores; matched_far.py --fresh",local
face_x_face,18,0.01,P2-LogReg,1,1,0.0753333333333333,0.01,0.0786666666666666,0.0090947298198799,"E3fresh thresholds (calib boot, earlier stages) + test scores; matched_far.py --fresh",local
face_x_face,18,0.01,S1-Marcialis,1,1,0.0953333333333333,0.0099946631087391,0.0986666666666666,0.0088547920836112,"E3fresh thresholds (calib boot, earlier stages) + test scores; matched_far.py --fresh",local
face_x_face,18,0.01,S2-Symmetric,1,1,0.0716666666666666,0.01,0.075,0.0091054036024016,"E3fresh thresholds (calib boot, earlier stages) + test scores; matched_far.py --fresh",local
face_x_face,18,0.01,S3-SPRT,1,1,0.0613333333333333,0.01,0.0623333333333333,0.0092274849899933,"E3fresh thresholds (calib boot, earlier stages) + test scores; matched_far.py --fresh",local
face_x_face,18,0.01,S4-Direct,1,1,0.072,0.0099997776295307,0.0743333333333333,0.0091879030464754,"E3fresh thresholds (calib boot, earlier stages) + test scores; matched_far.py --fresh",local
face_x_face,19,0.0001,LR-P1-N2,1,1,0.2653333333333333,9.984434067155882e-05,0.2843333333333333,6.404269513008672e-05,"E3fresh thresholds (calib boot, earlier stages) + test scores; matched_far.py --fresh",local
face_x_face,19,0.0001,P0-Parallel,1,1,0.2456666666666666,9.984434067155882e-05,0.2476666666666666,9.317322659550811e-05,"E3fresh thresholds (calib boot, earlier stages) + test scores; matched_far.py --fresh",local
face_x_face,19,0.0001,P1-LLR,1,1,0.2423333333333333,9.984434067155882e-05,0.2446666666666666,9.33955970647098e-05,"E3fresh thresholds (calib boot, earlier stages) + test scores; matched_far.py --fresh",local
face_x_face,19,0.0001,P2-LogReg,1,1,0.2453333333333333,9.984434067155882e-05,0.2473333333333333,9.450744941071826e-05,"E3fresh thresholds (calib boot, earlier stages) + test scores; matched_far.py --fresh",local
face_x_face,19,0.0001,S1-Marcialis,1,1,0.2863333333333333,9.984434067155882e-05,0.3066666666666666,6.782299310651546e-05,"E3fresh thresholds (calib boot, earlier stages) + test scores; matched_far.py --fresh",local
face_x_face,19,0.0001,S2-Symmetric,1,1,0.2863333333333333,9.984434067155882e-05,0.3066666666666666,6.782299310651546e-05,"E3fresh thresholds (calib boot, earlier stages) + test scores; matched_far.py --fresh",local
face_x_face,19,0.0001,S3-SPRT,1,1,0.2423333333333333,9.984434067155882e-05,0.2433333333333333,9.472981987991994e-05,"E3fresh thresholds (calib boot, earlier stages) + test scores; matched_far.py --fresh",local
face_x_face,19,0.0001,S4-Direct,1,1,0.2583333333333333,9.984434067155882e-05,0.2626666666666666,8.917055814987769e-05,"E3fresh thresholds (calib boot, earlier stages) + test scores; matched_far.py --fresh",local
face_x_face,19,0.001,LR-P1-N2,1,1,0.1593333333333333,0.001,0.167,0.0007954191683344,"E3fresh thresholds (calib boot, earlier stages) + test scores; matched_far.py --fresh",local
face_x_face,19,0.001,P0-Parallel,1,1,0.151,0.001,0.1563333333333333,0.0008761396486546,"E3fresh thresholds (calib boot, earlier stages) + test scores; matched_far.py --fresh",local
face_x_face,19,0.001,P1-LLR,1,1,0.142,0.001,0.1503333333333333,0.0008748054258394,"E3fresh thresholds (calib boot, earlier stages) + test scores; matched_far.py --fresh",local
face_x_face,19,0.001,P2-LogReg,1,1,0.1503333333333333,0.001,0.157,0.0008601289748721,"E3fresh thresholds (calib boot, earlier stages) + test scores; matched_far.py --fresh",local
face_x_face,19,0.001,S1-Marcialis,1,1,0.1816666666666666,0.001,0.1903333333333333,0.0007742939737602,"E3fresh thresholds (calib boot, earlier stages) + test scores; matched_far.py --fresh",local
face_x_face,19,0.001,S2-Symmetric,1,1,0.1816666666666666,0.001,0.1903333333333333,0.0007742939737602,"E3fresh thresholds (calib boot, earlier stages) + test scores; matched_far.py --fresh",local
face_x_face,19,0.001,S3-SPRT,1,1,0.1386666666666666,0.001,0.1473333333333333,0.0008596842339337,"E3fresh thresholds (calib boot, earlier stages) + test scores; matched_far.py --fresh",local
face_x_face,19,0.001,S4-Direct,1,1,0.164,0.001,0.1666666666666666,0.0008716922392706,"E3fresh thresholds (calib boot, earlier stages) + test scores; matched_far.py --fresh",local
face_x_face,19,0.01,HYP,1,1,0.0813333333333333,0.01,0.0856666666666666,0.0086833444518567,"E3fresh thresholds (calib boot, earlier stages) + test scores; matched_far.py --fresh",local
face_x_face,19,0.01,LR-P1-N2,1,1,0.0723333333333333,0.0099964420724927,0.078,0.0084180564820991,"E3fresh thresholds (calib boot, earlier stages) + test scores; matched_far.py --fresh",local
face_x_face,19,0.01,P0-Parallel,1,1,0.0876666666666666,0.01,0.091,0.0087869690905047,"E3fresh thresholds (calib boot, earlier stages) + test scores; matched_far.py --fresh",local
face_x_face,19,0.01,P1-LLR,1,1,0.075,0.01,0.0773333333333333,0.0087622859684233,"E3fresh thresholds (calib boot, earlier stages) + test scores; matched_far.py --fresh",local
face_x_face,19,0.01,P2-LogReg,1,1,0.0863333333333333,0.01,0.0893333333333333,0.0088234378474538,"E3fresh thresholds (calib boot, earlier stages) + test scores; matched_far.py --fresh",local
face_x_face,19,0.01,S1-Marcialis,1,1,0.0936666666666666,0.0099995552590615,0.0976666666666666,0.0085852790749388,"E3fresh thresholds (calib boot, earlier stages) + test scores; matched_far.py --fresh",local
face_x_face,19,0.01,S2-Symmetric,1,1,0.0826666666666666,0.01,0.0863333333333333,0.0083818100956193,"E3fresh thresholds (calib boot, earlier stages) + test scores; matched_far.py --fresh",local
face_x_face,19,0.01,S3-SPRT,1,1,0.071,0.01,0.074,0.0086313097620635,"E3fresh thresholds (calib boot, earlier stages) + test scores; matched_far.py --fresh",local
face_x_face,19,0.01,S4-Direct,1,1,0.0763333333333333,0.0099997776295307,0.08,0.0084416277518345,"E3fresh thresholds (calib boot, earlier stages) + test scores; matched_far.py --fresh",local
face_x_face,20,0.0001,LR-P1-N2,1,1,0.2686666666666666,9.984434067155882e-05,0.2663333333333333,0.0001071825661552,"E3fresh thresholds (calib boot, earlier stages) + test scores; matched_far.py --fresh",local
face_x_face,20,0.0001,P0-Parallel,1,1,0.24,9.984434067155882e-05,0.2436666666666666,8.805870580386925e-05,"E3fresh thresholds (calib boot, earlier stages) + test scores; matched_far.py --fresh",local
face_x_face,20,0.0001,P1-LLR,1,1,0.236,9.984434067155882e-05,0.2386666666666666,9.272848565710474e-05,"E3fresh thresholds (calib boot, earlier stages) + test scores; matched_far.py --fresh",local
face_x_face,20,0.0001,P2-LogReg,1,1,0.2406666666666666,9.984434067155882e-05,0.246,8.561263064265066e-05,"E3fresh thresholds (calib boot, earlier stages) + test scores; matched_far.py --fresh",local
face_x_face,20,0.0001,S1-Marcialis,1,1,0.2743333333333333,9.939959973315545e-05,0.288,7.404936624416277e-05,"E3fresh thresholds (calib boot, earlier stages) + test scores; matched_far.py --fresh",local
face_x_face,20,0.0001,S2-Symmetric,1,1,0.2743333333333333,9.939959973315545e-05,0.288,7.404936624416277e-05,"E3fresh thresholds (calib boot, earlier stages) + test scores; matched_far.py --fresh",local
face_x_face,20,0.0001,S3-SPRT,1,1,0.232,9.984434067155882e-05,0.235,9.117189237269292e-05,"E3fresh thresholds (calib boot, earlier stages) + test scores; matched_far.py --fresh",local
face_x_face,20,0.0001,S4-Direct,1,1,0.2616666666666666,9.984434067155882e-05,0.2516666666666666,0.0001109628641316,"E3fresh thresholds (calib boot, earlier stages) + test scores; matched_far.py --fresh",local
face_x_face,20,0.001,LR-P1-N2,1,1,0.1606666666666666,0.0009997776295307,0.1546666666666666,0.0010898376695574,"E3fresh thresholds (calib boot, earlier stages) + test scores; matched_far.py --fresh",local
face_x_face,20,0.001,P0-Parallel,1,1,0.145,0.001,0.1466666666666666,0.0009573048699132,"E3fresh thresholds (calib boot, earlier stages) + test scores; matched_far.py --fresh",local
face_x_face,20,0.001,P1-LLR,1,1,0.1353333333333333,0.001,0.1363333333333333,0.0009819879919946,"E3fresh thresholds (calib boot, earlier stages) + test scores; matched_far.py --fresh",local
face_x_face,20,0.001,P2-LogReg,1,1,0.1456666666666666,0.001,0.149,0.0009212808539026,"E3fresh thresholds (calib boot, earlier stages) + test scores; matched_far.py --fresh",local
face_x_face,20,0.001,S1-Marcialis,1,1,0.1756666666666666,0.001,0.1806666666666666,0.0008730264620858,"E3fresh thresholds (calib boot, earlier stages) + test scores; matched_far.py --fresh",local
face_x_face,20,0.001,S2-Symmetric,1,1,0.1756666666666666,0.001,0.1806666666666666,0.0008730264620858,"E3fresh thresholds (calib boot, earlier stages) + test scores; matched_far.py --fresh",local
face_x_face,20,0.001,S3-SPRT,1,1,0.1326666666666666,0.001,0.1346666666666666,0.0009573048699132,"E3fresh thresholds (calib boot, earlier stages) + test scores; matched_far.py --fresh",local
face_x_face,20,0.001,S4-Direct,1,1,0.153,0.001,0.156,0.000930620413609,"E3fresh thresholds (calib boot, earlier stages) + test scores; matched_far.py --fresh",local
face_x_face,20,0.01,HYP,1,1,0.0773333333333333,0.01,0.0776666666666666,0.0097911941294196,"E3fresh thresholds (calib boot, earlier stages) + test scores; matched_far.py --fresh",local
face_x_face,20,0.01,LR-P1-N2,2,2,0.0695,0.0099994440738269,0.0688333333333333,0.0103577940849454,"E3fresh thresholds (calib boot, earlier stages) + test scores; matched_far.py --fresh",local
face_x_face,20,0.01,P0-Parallel,1,1,0.0776666666666666,0.01,0.0776666666666666,0.0100008894818768,"E3fresh thresholds (calib boot, earlier stages) + test scores; matched_far.py --fresh",local
face_x_face,20,0.01,P1-LLR,1,1,0.066,0.01,0.066,0.0100304647542806,"E3fresh thresholds (calib boot, earlier stages) + test scores; matched_far.py --fresh",local
face_x_face,20,0.01,P2-LogReg,1,1,0.076,0.01,0.076,0.0099066044029352,"E3fresh thresholds (calib boot, earlier stages) + test scores; matched_far.py --fresh",local
face_x_face,20,0.01,S1-Marcialis,1,1,0.0883333333333333,0.0099993328885923,0.089,0.0095263509006004,"E3fresh thresholds (calib boot, earlier stages) + test scores; matched_far.py --fresh",local
face_x_face,20,0.01,S2-Symmetric,1,1,0.0766666666666666,0.01,0.076,0.0105543695797198,"E3fresh thresholds (calib boot, earlier stages) + test scores; matched_far.py --fresh",local
face_x_face,20,0.01,S3-SPRT,1,1,0.0643333333333333,0.01,0.0643333333333333,0.0100002223704692,"E3fresh thresholds (calib boot, earlier stages) + test scores; matched_far.py --fresh",local
face_x_face,20,0.01,S4-Direct,1,1,0.07,0.01,0.0696666666666666,0.0103422281521014,"E3fresh thresholds (calib boot, earlier stages) + test scores; matched_far.py --fresh",local
face_x_face,21,0.0001,LR-P1-N2,1,1,0.2686666666666666,9.984434067155882e-05,0.281,6.737825216811208e-05,"E3fresh thresholds (calib boot, earlier stages) + test scores; matched_far.py --fresh",local
face_x_face,21,0.0001,P0-Parallel,1,1,0.2213333333333333,9.984434067155882e-05,0.2426666666666666,5.870580386924617e-05,"E3fresh thresholds (calib boot, earlier stages) + test scores; matched_far.py --fresh",local
face_x_face,21,0.0001,P1-LLR,1,1,0.2183333333333333,9.984434067155882e-05,0.2396666666666666,6.092950856126307e-05,"E3fresh thresholds (calib boot, earlier stages) + test scores; matched_far.py --fresh",local
face_x_face,21,0.0001,P2-LogReg,1,1,0.2283333333333333,9.984434067155882e-05,0.2466666666666666,6.181899043806983e-05,"E3fresh thresholds (calib boot, earlier stages) + test scores; matched_far.py --fresh",local
face_x_face,21,0.0001,S1-Marcialis,1,1,0.2793333333333333,9.962197020235712e-05,0.3043333333333333,6.293084278407828e-05,"E3fresh thresholds (calib boot, earlier stages) + test scores; matched_far.py --fresh",local
face_x_face,21,0.0001,S2-Symmetric,1,1,0.2793333333333333,9.962197020235712e-05,0.3043333333333333,6.293084278407828e-05,"E3fresh thresholds (calib boot, earlier stages) + test scores; matched_far.py --fresh",local
face_x_face,21,0.0001,S3-SPRT,1,1,0.2183333333333333,9.984434067155882e-05,0.2396666666666666,6.448743606849011e-05,"E3fresh thresholds (calib boot, earlier stages) + test scores; matched_far.py --fresh",local
face_x_face,21,0.0001,S4-Direct,1,1,0.2403333333333333,9.984434067155882e-05,0.258,6.47098065376918e-05,"E3fresh thresholds (calib boot, earlier stages) + test scores; matched_far.py --fresh",local
face_x_face,21,0.001,LR-P1-N2,1,1,0.1523333333333333,0.001,0.1656666666666666,0.0007280409161663,"E3fresh thresholds (calib boot, earlier stages) + test scores; matched_far.py --fresh",local
face_x_face,21,0.001,P0-Parallel,1,1,0.1416666666666666,0.001,0.1543333333333333,0.0006953524571936,"E3fresh thresholds (calib boot, earlier stages) + test scores; matched_far.py --fresh",local
face_x_face,21,0.001,P1-LLR,1,1,0.1326666666666666,0.001,0.147,0.0006955748276628,"E3fresh thresholds (calib boot, earlier stages) + test scores; matched_far.py --fresh",local
face_x_face,21,0.001,P2-LogReg,1,1,0.1456666666666666,0.001,0.1583333333333333,0.0007102512786301,"E3fresh thresholds (calib boot, earlier stages) + test scores; matched_far.py --fresh",local
face_x_face,21,0.001,S1-Marcialis,1,1,0.179,0.0009988881476539,0.1923333333333333,0.0007416055147876,"E3fresh thresholds (calib boot, earlier stages) + test scores; matched_far.py --fresh",local
face_x_face,21,0.001,S2-Symmetric,1,1,0.179,0.0009988881476539,0.1923333333333333,0.0007416055147876,"E3fresh thresholds (calib boot, earlier stages) + test scores; matched_far.py --fresh",local
face_x_face,21,0.001,S3-SPRT,1,1,0.1306666666666666,0.001,0.1443333333333333,0.0007249277295975,"E3fresh thresholds (calib boot, earlier stages) + test scores; matched_far.py --fresh",local
face_x_face,21,0.001,S4-Direct,1,1,0.1513333333333333,0.001,0.167,0.0007278185456971,"E3fresh thresholds (calib boot, earlier stages) + test scores; matched_far.py --fresh",local
face_x_face,21,0.01,HYP,1,1,0.0753333333333333,0.01,0.082,0.0080749388481209,"E3fresh thresholds (calib boot, earlier stages) + test scores; matched_far.py --fresh",local
face_x_face,21,0.01,LR-P1-N2,1,1,0.075,0.0099997776295307,0.079,0.0080340226817878,"E3fresh thresholds (calib boot, earlier stages) + test scores; matched_far.py --fresh",local
face_x_face,21,0.01,P0-Parallel,1,1,0.0783333333333333,0.01,0.0823333333333333,0.007959306204136,"E3fresh thresholds (calib boot, earlier stages) + test scores; matched_far.py --fresh",local
face_x_face,21,0.01,P1-LLR,1,1,0.0673333333333333,0.01,0.0723333333333333,0.0079410718256615,"E3fresh thresholds (calib boot, earlier stages) + test scores; matched_far.py --fresh",local
face_x_face,21,0.01,P2-LogReg,1,1,0.0763333333333333,0.01,0.083,0.0079415165665999,"E3fresh thresholds (calib boot, earlier stages) + test scores; matched_far.py --fresh",local
face_x_face,21,0.01,S1-Marcialis,1,1,0.092,0.0099962197020235,0.096,0.0082283744718701,"E3fresh thresholds (calib boot, earlier stages) + test scores; matched_far.py --fresh",local
face_x_face,21,0.01,S2-Symmetric,1,1,0.0786666666666666,0.01,0.0823333333333333,0.0080422503891483,"E3fresh thresholds (calib boot, earlier stages) + test scores; matched_far.py --fresh",local
face_x_face,21,0.01,S3-SPRT,1,1,0.067,0.01,0.075,0.0079586390927284,"E3fresh thresholds (calib boot, earlier stages) + test scores; matched_far.py --fresh",local
face_x_face,21,0.01,S4-Direct,1,1,0.072,0.01,0.081,0.0080346897931954,"E3fresh thresholds (calib boot, earlier stages) + test scores; matched_far.py --fresh",local
face_x_face,22,0.0001,LR-P1-N2,1,1,0.2773333333333333,9.984434067155882e-05,0.2866666666666667,8.361129641983545e-05,"E3fresh thresholds (calib boot, earlier stages) + test scores; matched_far.py --fresh",local
face_x_face,22,0.0001,P0-Parallel,1,1,0.252,9.984434067155882e-05,0.2563333333333333,9.006004002668446e-05,"E3fresh thresholds (calib boot, earlier stages) + test scores; matched_far.py --fresh",local
face_x_face,22,0.0001,P1-LLR,1,1,0.248,9.984434067155882e-05,0.253,9.050478096508785e-05,"E3fresh thresholds (calib boot, earlier stages) + test scores; matched_far.py --fresh",local
face_x_face,22,0.0001,P2-LogReg,1,1,0.2536666666666666,9.984434067155882e-05,0.2556666666666666,9.58416722259284e-05,"E3fresh thresholds (calib boot, earlier stages) + test scores; matched_far.py --fresh",local
face_x_face,22,0.0001,S1-Marcialis,1,1,0.2913333333333333,9.984434067155882e-05,0.2916666666666667,9.78430064487436e-05,"E3fresh thresholds (calib boot, earlier stages) + test scores; matched_far.py --fresh",local
face_x_face,22,0.0001,S2-Symmetric,1,1,0.2913333333333333,9.984434067155882e-05,0.2916666666666667,9.78430064487436e-05,"E3fresh thresholds (calib boot, earlier stages) + test scores; matched_far.py --fresh",local
face_x_face,22,0.0001,S3-SPRT,1,1,0.2456666666666666,9.984434067155882e-05,0.2496666666666666,9.206137424949966e-05,"E3fresh thresholds (calib boot, earlier stages) + test scores; matched_far.py --fresh",local
face_x_face,22,0.0001,S4-Direct,1,1,0.263,9.984434067155882e-05,0.261,0.0001036246386479,"E3fresh thresholds (calib boot, earlier stages) + test scores; matched_far.py --fresh",local
face_x_face,22,0.001,LR-P1-N2,1,1,0.1623333333333333,0.0009993328885923,0.1706666666666666,0.0008365577051367,"E3fresh thresholds (calib boot, earlier stages) + test scores; matched_far.py --fresh",local
face_x_face,22,0.001,P0-Parallel,1,1,0.1546666666666666,0.001,0.1633333333333333,0.0008452301534356,"E3fresh thresholds (calib boot, earlier stages) + test scores; matched_far.py --fresh",local
face_x_face,22,0.001,P1-LLR,1,1,0.1456666666666666,0.001,0.1553333333333333,0.0008387814098287,"E3fresh thresholds (calib boot, earlier stages) + test scores; matched_far.py --fresh",local
face_x_face,22,0.001,P2-LogReg,1,1,0.1553333333333333,0.001,0.1616666666666666,0.0008650211251945,"E3fresh thresholds (calib boot, earlier stages) + test scores; matched_far.py --fresh",local
face_x_face,22,0.001,S1-Marcialis,1,1,0.1866666666666666,0.0009988881476539,0.1883333333333333,0.0009210584834334,"E3fresh thresholds (calib boot, earlier stages) + test scores; matched_far.py --fresh",local
face_x_face,22,0.001,S2-Symmetric,1,1,0.1866666666666666,0.0009988881476539,0.1883333333333333,0.0009210584834334,"E3fresh thresholds (calib boot, earlier stages) + test scores; matched_far.py --fresh",local
face_x_face,22,0.001,S3-SPRT,1,1,0.142,0.001,0.15,0.0008392261507671,"E3fresh thresholds (calib boot, earlier stages) + test scores; matched_far.py --fresh",local
face_x_face,22,0.001,S4-Direct,1,1,0.1716666666666666,0.0009997776295307,0.1743333333333333,0.0009197242606181,"E3fresh thresholds (calib boot, earlier stages) + test scores; matched_far.py --fresh",local
face_x_face,22,0.01,HYP,1,1,0.078,0.01,0.079,0.0094340671558816,"E3fresh thresholds (calib boot, earlier stages) + test scores; matched_far.py --fresh",local
face_x_face,22,0.01,LR-P1-N2,1,1,0.0723333333333333,0.0099997776295307,0.0733333333333333,0.0092203691349788,"E3fresh thresholds (calib boot, earlier stages) + test scores; matched_far.py --fresh",local
face_x_face,22,0.01,P0-Parallel,1,1,0.0833333333333333,0.01,0.0856666666666666,0.0092917500555926,"E3fresh thresholds (calib boot, earlier stages) + test scores; matched_far.py --fresh",local
face_x_face,22,0.01,P1-LLR,1,1,0.0673333333333333,0.01,0.0693333333333333,0.0092572826328663,"E3fresh thresholds (calib boot, earlier stages) + test scores; matched_far.py --fresh",local
face_x_face,22,0.01,P2-LogReg,1,1,0.0826666666666666,0.01,0.0833333333333333,0.0093299977762953,"E3fresh thresholds (calib boot, earlier stages) + test scores; matched_far.py --fresh",local
face_x_face,22,0.01,S1-Marcialis,1,1,0.094,0.0099968868134311,0.094,0.0095848343340004,"E3fresh thresholds (calib boot, earlier stages) + test scores; matched_far.py --fresh",local
face_x_face,22,0.01,S2-Symmetric,1,1,0.0756666666666666,0.01,0.0786666666666666,0.009027573938181,"E3fresh thresholds (calib boot, earlier stages) + test scores; matched_far.py --fresh",local
face_x_face,22,0.01,S3-SPRT,1,1,0.066,0.01,0.0683333333333333,0.0093758060929508,"E3fresh thresholds (calib boot, earlier stages) + test scores; matched_far.py --fresh",local
face_x_face,22,0.01,S4-Direct,1,1,0.0763333333333333,0.0099968868134311,0.0773333333333333,0.0093380031131865,"E3fresh thresholds (calib boot, earlier stages) + test scores; matched_far.py --fresh",local
face_x_face,23,0.0001,LR-P1-N2,1,1,0.2533333333333333,9.984434067155882e-05,0.291,5.225706026239716e-05,"E3fresh thresholds (calib boot, earlier stages) + test scores; matched_far.py --fresh",local
face_x_face,23,0.0001,P0-Parallel,1,1,0.2286666666666666,9.984434067155882e-05,0.252,6.137424949966645e-05,"E3fresh thresholds (calib boot, earlier stages) + test scores; matched_far.py --fresh",local
face_x_face,23,0.0001,P1-LLR,1,1,0.225,9.984434067155882e-05,0.2486666666666666,6.159661996886814e-05,"E3fresh thresholds (calib boot, earlier stages) + test scores; matched_far.py --fresh",local
face_x_face,23,0.0001,P2-LogReg,1,1,0.231,9.984434067155882e-05,0.2516666666666666,5.648209917722927e-05,"E3fresh thresholds (calib boot, earlier stages) + test scores; matched_far.py --fresh",local
face_x_face,23,0.0001,S1-Marcialis,1,1,0.2673333333333333,9.984434067155882e-05,0.306,4.8699132755170114e-05,"E3fresh thresholds (calib boot, earlier stages) + test scores; matched_far.py --fresh",local
face_x_face,23,0.0001,S2-Symmetric,1,1,0.2673333333333333,9.984434067155882e-05,0.306,4.8699132755170114e-05,"E3fresh thresholds (calib boot, earlier stages) + test scores; matched_far.py --fresh",local
face_x_face,23,0.0001,S3-SPRT,2,2,0.2231666666666666,9.984434067155882e-05,0.2481666666666666,6.12630642650656e-05,"E3fresh thresholds (calib boot, earlier stages) + test scores; matched_far.py --fresh",local
face_x_face,23,0.0001,S4-Direct,1,1,0.2516666666666666,9.984434067155882e-05,0.266,6.448743606849011e-05,"E3fresh thresholds (calib boot, earlier stages) + test scores; matched_far.py --fresh",local
face_x_face,23,0.001,LR-P1-N2,1,1,0.1476666666666666,0.0009997776295307,0.169,0.0007187013564598,"E3fresh thresholds (calib boot, earlier stages) + test scores; matched_far.py --fresh",local
face_x_face,23,0.001,P0-Parallel,1,1,0.1413333333333333,0.0009997776295307,0.154,0.000686902379364,"E3fresh thresholds (calib boot, earlier stages) + test scores; matched_far.py --fresh",local
face_x_face,23,0.001,P1-LLR,1,1,0.132,0.001,0.145,0.0007018012008005,"E3fresh thresholds (calib boot, earlier stages) + test scores; matched_far.py --fresh",local
face_x_face,23,0.001,P2-LogReg,1,1,0.143,0.001,0.1553333333333333,0.0006717811874583,"E3fresh thresholds (calib boot, earlier stages) + test scores; matched_far.py --fresh",local
face_x_face,23,0.001,S1-Marcialis,1,1,0.1653333333333333,0.001,0.1856666666666666,0.0006168556815654,"E3fresh thresholds (calib boot, earlier stages) + test scores; matched_far.py --fresh",local
face_x_face,23,0.001,S2-Symmetric,1,1,0.1653333333333333,0.001,0.1856666666666666,0.0006168556815654,"E3fresh thresholds (calib boot, earlier stages) + test scores; matched_far.py --fresh",local
face_x_face,23,0.001,S3-SPRT,1,1,0.1263333333333333,0.001,0.144,0.000670446964643,"E3fresh thresholds (calib boot, earlier stages) + test scores; matched_far.py --fresh",local
face_x_face,23,0.001,S4-Direct,1,1,0.1453333333333333,0.001,0.1566666666666666,0.0007024683122081,"E3fresh thresholds (calib boot, earlier stages) + test scores; matched_far.py --fresh",local
face_x_face,23,0.01,HYP,1,1,0.0746666666666666,0.01,0.0813333333333333,0.0079390704914387,"E3fresh thresholds (calib boot, earlier stages) + test scores; matched_far.py --fresh",local
face_x_face,23,0.01,LR-P1-N2,1,1,0.0703333333333333,0.0099993328885923,0.0763333333333333,0.0082352679564153,"E3fresh thresholds (calib boot, earlier stages) + test scores; matched_far.py --fresh",local
face_x_face,23,0.01,P0-Parallel,1,1,0.0826666666666666,0.01,0.0886666666666666,0.0078819212808539,"E3fresh thresholds (calib boot, earlier stages) + test scores; matched_far.py --fresh",local
face_x_face,23,0.01,P1-LLR,1,1,0.068,0.01,0.0733333333333333,0.0079290638203246,"E3fresh thresholds (calib boot, earlier stages) + test scores; matched_far.py --fresh",local
face_x_face,23,0.01,P2-LogReg,1,1,0.0823333333333333,0.01,0.0866666666666666,0.0078654658661329,"E3fresh thresholds (calib boot, earlier stages) + test scores; matched_far.py --fresh",local
face_x_face,23,0.01,S1-Marcialis,1,1,0.0853333333333333,0.0099944407382699,0.09,0.0079221703357794,"E3fresh thresholds (calib boot, earlier stages) + test scores; matched_far.py --fresh",local
face_x_face,23,0.01,S2-Symmetric,1,1,0.0746666666666666,0.0099997776295307,0.077,0.008118078719146,"E3fresh thresholds (calib boot, earlier stages) + test scores; matched_far.py --fresh",local
face_x_face,23,0.01,S3-SPRT,1,1,0.066,0.01,0.0703333333333333,0.0079332888592394,"E3fresh thresholds (calib boot, earlier stages) + test scores; matched_far.py --fresh",local
face_x_face,23,0.01,S4-Direct,1,1,0.073,0.0099997776295307,0.0813333333333333,0.008299977762953,"E3fresh thresholds (calib boot, earlier stages) + test scores; matched_far.py --fresh",local
face_x_face,24,0.0001,LR-P1-N2,1,1,0.2793333333333333,9.984434067155882e-05,0.2923333333333333,6.448743606849011e-05,"E3fresh thresholds (calib boot, earlier stages) + test scores; matched_far.py --fresh",local
face_x_face,24,0.0001,P0-Parallel,1,1,0.242,9.984434067155882e-05,0.258,6.270847231487658e-05,"E3fresh thresholds (calib boot, earlier stages) + test scores; matched_far.py --fresh",local
face_x_face,24,0.0001,P1-LLR,1,1,0.2373333333333333,9.984434067155882e-05,0.256,6.137424949966645e-05,"E3fresh thresholds (calib boot, earlier stages) + test scores; matched_far.py --fresh",local
face_x_face,24,0.0001,P2-LogReg,1,1,0.245,9.984434067155882e-05,0.2596666666666666,6.315321325327997e-05,"E3fresh thresholds (calib boot, earlier stages) + test scores; matched_far.py --fresh",local
face_x_face,24,0.0001,S1-Marcialis,1,1,0.2953333333333333,9.984434067155882e-05,0.3166666666666666,6.181899043806983e-05,"E3fresh thresholds (calib boot, earlier stages) + test scores; matched_far.py --fresh",local
face_x_face,24,0.0001,S2-Symmetric,1,1,0.2953333333333333,9.984434067155882e-05,0.3166666666666666,6.181899043806983e-05,"E3fresh thresholds (calib boot, earlier stages) + test scores; matched_far.py --fresh",local
face_x_face,24,0.0001,S3-SPRT,1,1,0.2366666666666666,9.984434067155882e-05,0.2556666666666666,6.159661996886814e-05,"E3fresh thresholds (calib boot, earlier stages) + test scores; matched_far.py --fresh",local
face_x_face,24,0.0001,S4-Direct,1,1,0.2536666666666666,9.984434067155882e-05,0.279,5.937291527685123e-05,"E3fresh thresholds (calib boot, earlier stages) + test scores; matched_far.py --fresh",local
face_x_face,24,0.001,LR-P1-N2,1,1,0.166,0.001,0.1866666666666666,0.0007327106960195,"E3fresh thresholds (calib boot, earlier stages) + test scores; matched_far.py --fresh",local
face_x_face,24,0.001,P0-Parallel,1,1,0.1483333333333333,0.001,0.1593333333333333,0.0007351567711807,"E3fresh thresholds (calib boot, earlier stages) + test scores; matched_far.py --fresh",local
face_x_face,24,0.001,P1-LLR,1,1,0.1416666666666666,0.001,0.1533333333333333,0.0007389370691572,"E3fresh thresholds (calib boot, earlier stages) + test scores; matched_far.py --fresh",local
face_x_face,24,0.001,P2-LogReg,1,1,0.1493333333333333,0.001,0.1596666666666666,0.0007324883255503,"E3fresh thresholds (calib boot, earlier stages) + test scores; matched_far.py --fresh",local
face_x_face,24,0.001,S1-Marcialis,1,1,0.1873333333333333,0.0009997776295307,0.2016666666666666,0.0007058038692461,"E3fresh thresholds (calib boot, earlier stages) + test scores; matched_far.py --fresh",local
face_x_face,24,0.001,S2-Symmetric,1,1,0.1873333333333333,0.0009997776295307,0.2016666666666666,0.0007058038692461,"E3fresh thresholds (calib boot, earlier stages) + test scores; matched_far.py --fresh",local
face_x_face,24,0.001,S3-SPRT,1,1,0.1403333333333333,0.001,0.1513333333333333,0.0007436068490104,"E3fresh thresholds (calib boot, earlier stages) + test scores; matched_far.py --fresh",local
face_x_face,24,0.001,S4-Direct,1,1,0.165,0.0009995552590615,0.18,0.0007338225483655,"E3fresh thresholds (calib boot, earlier stages) + test scores; matched_far.py --fresh",local
face_x_face,24,0.01,HYP,1,1,0.0803333333333333,0.01,0.0863333333333333,0.0082941961307538,"E3fresh thresholds (calib boot, earlier stages) + test scores; matched_far.py --fresh",local
face_x_face,24,0.01,LR-P1-N2,1,1,0.0776666666666666,0.0099997776295307,0.081,0.0082779630865021,"E3fresh thresholds (calib boot, earlier stages) + test scores; matched_far.py --fresh",local
face_x_face,24,0.01,P0-Parallel,1,1,0.084,0.01,0.089,0.0083030909495219,"E3fresh thresholds (calib boot, earlier stages) + test scores; matched_far.py --fresh",local
face_x_face,24,0.01,P1-LLR,1,1,0.0716666666666666,0.01,0.0766666666666666,0.0082906382032466,"E3fresh thresholds (calib boot, earlier stages) + test scores; matched_far.py --fresh",local
face_x_face,24,0.01,P2-LogReg,1,1,0.0813333333333333,0.01,0.087,0.0082443851456526,"E3fresh thresholds (calib boot, earlier stages) + test scores; matched_far.py --fresh",local
face_x_face,24,0.01,S1-Marcialis,1,1,0.096,0.0099993328885923,0.1003333333333333,0.0083277740716032,"E3fresh thresholds (calib boot, earlier stages) + test scores; matched_far.py --fresh",local
face_x_face,24,0.01,S2-Symmetric,1,1,0.08,0.01,0.0833333333333333,0.0082610629308427,"E3fresh thresholds (calib boot, earlier stages) + test scores; matched_far.py --fresh",local
face_x_face,24,0.01,S3-SPRT,1,1,0.0703333333333333,0.01,0.0746666666666666,0.0082850789415165,"E3fresh thresholds (calib boot, earlier stages) + test scores; matched_far.py --fresh",local
face_x_face,24,0.01,S4-Direct,1,1,0.0783333333333333,0.01,0.082,0.0083629086057371,"E3fresh thresholds (calib boot, earlier stages) + test scores; matched_far.py --fresh",local
face_x_face,25,0.0001,LR-P1-N2,1,1,0.2696666666666666,9.984434067155882e-05,0.2706666666666666,9.739826551034024e-05,"E3fresh thresholds (calib boot, earlier stages) + test scores; matched_far.py --fresh",local
face_x_face,25,0.0001,P0-Parallel,1,1,0.2393333333333333,9.984434067155882e-05,0.2473333333333333,7.960862797420503e-05,"E3fresh thresholds (calib boot, earlier stages) + test scores; matched_far.py --fresh",local
face_x_face,25,0.0001,P1-LLR,1,1,0.238,9.984434067155882e-05,0.246,8.116522125861686e-05,"E3fresh thresholds (calib boot, earlier stages) + test scores; matched_far.py --fresh",local
face_x_face,25,0.0001,P2-LogReg,1,1,0.2423333333333333,9.984434067155882e-05,0.2496666666666666,8.205470313542362e-05,"E3fresh thresholds (calib boot, earlier stages) + test scores; matched_far.py --fresh",local
face_x_face,25,0.0001,S1-Marcialis,1,1,0.2933333333333333,9.984434067155882e-05,0.3036666666666666,8.739159439626417e-05,"E3fresh thresholds (calib boot, earlier stages) + test scores; matched_far.py --fresh",local
face_x_face,25,0.0001,S2-Symmetric,1,1,0.2933333333333333,9.984434067155882e-05,0.3036666666666666,8.739159439626417e-05,"E3fresh thresholds (calib boot, earlier stages) + test scores; matched_far.py --fresh",local
face_x_face,25,0.0001,S3-SPRT,1,1,0.2343333333333333,9.984434067155882e-05,0.242,8.494551923504559e-05,"E3fresh thresholds (calib boot, earlier stages) + test scores; matched_far.py --fresh",local
face_x_face,25,0.0001,S4-Direct,1,1,0.2526666666666666,9.984434067155882e-05,0.2603333333333333,8.205470313542362e-05,"E3fresh thresholds (calib boot, earlier stages) + test scores; matched_far.py --fresh",local
face_x_face,25,0.001,LR-P1-N2,1,1,0.158,0.0009997776295307,0.1656666666666666,0.0009170558149877,"E3fresh thresholds (calib boot, earlier stages) + test scores; matched_far.py --fresh",local
face_x_face,25,0.001,P0-Parallel,1,1,0.146,0.001,0.1503333333333333,0.0008863686902379,"E3fresh thresholds (calib boot, earlier stages) + test scores; matched_far.py --fresh",local
face_x_face,25,0.001,P1-LLR,1,1,0.1383333333333333,0.001,0.143,0.0008879252835223,"E3fresh thresholds (calib boot, earlier stages) + test scores; matched_far.py --fresh",local
face_x_face,25,0.001,P2-LogReg,1,1,0.1493333333333333,0.001,0.1526666666666666,0.0008705803869246,"E3fresh thresholds (calib boot, earlier stages) + test scores; matched_far.py --fresh",local
face_x_face,25,0.001,S1-Marcialis,1,1,0.1806666666666666,0.0009997776295307,0.1856666666666666,0.000878808094285,"E3fresh thresholds (calib boot, earlier stages) + test scores; matched_far.py --fresh",local
face_x_face,25,0.001,S2-Symmetric,1,1,0.1806666666666666,0.0009997776295307,0.1856666666666666,0.000878808094285,"E3fresh thresholds (calib boot, earlier stages) + test scores; matched_far.py --fresh",local
face_x_face,25,0.001,S3-SPRT,1,1,0.1353333333333333,0.001,0.1403333333333333,0.0008897042472759,"E3fresh thresholds (calib boot, earlier stages) + test scores; matched_far.py --fresh",local
face_x_face,25,0.001,S4-Direct,1,1,0.1516666666666666,0.001,0.1576666666666666,0.0008641316433177,"E3fresh thresholds (calib boot, earlier stages) + test scores; matched_far.py --fresh",local
face_x_face,25,0.01,HYP,1,1,0.077,0.01,0.079,0.0090776072937513,"E3fresh thresholds (calib boot, earlier stages) + test scores; matched_far.py --fresh",local
face_x_face,25,0.01,LR-P1-N2,1,1,0.0706666666666666,0.0099959973315543,0.0736666666666666,0.0090567044696464,"E3fresh thresholds (calib boot, earlier stages) + test scores; matched_far.py --fresh",local
face_x_face,25,0.01,P0-Parallel,1,1,0.0846666666666666,0.01,0.0863333333333333,0.0089946631087391,"E3fresh thresholds (calib boot, earlier stages) + test scores; matched_far.py --fresh",local
face_x_face,25,0.01,P1-LLR,1,1,0.0713333333333333,0.01,0.0723333333333333,0.0090220146764509,"E3fresh thresholds (calib boot, earlier stages) + test scores; matched_far.py --fresh",local
face_x_face,25,0.01,P2-LogReg,1,1,0.0803333333333333,0.01,0.0826666666666666,0.0090273515677118,"E3fresh thresholds (calib boot, earlier stages) + test scores; matched_far.py --fresh",local
face_x_face,25,0.01,S1-Marcialis,1,1,0.092,0.0099993328885923,0.0946666666666666,0.0090360240160106,"E3fresh thresholds (calib boot, earlier stages) + test scores; matched_far.py --fresh",local
face_x_face,25,0.01,S2-Symmetric,1,1,0.0776666666666666,0.01,0.079,0.0090500333555703,"E3fresh thresholds (calib boot, earlier stages) + test scores; matched_far.py --fresh",local
face_x_face,25,0.01,S3-SPRT,1,1,0.0696666666666666,0.01,0.0703333333333333,0.0090760507004669,"E3fresh thresholds (calib boot, earlier stages) + test scores; matched_far.py --fresh",local
face_x_face,25,0.01,S4-Direct,1,1,0.071,0.01,0.0736666666666666,0.0091274182788525,"E3fresh thresholds (calib boot, earlier stages) + test scores; matched_far.py --fresh",local
face_x_face,26,0.0001,LR-P1-N2,1,1,0.276,9.984434067155882e-05,0.2706666666666666,0.0001045141205247,"E3fresh thresholds (calib boot, earlier stages) + test scores; matched_far.py --fresh",local
face_x_face,26,0.0001,P0-Parallel,1,1,0.2363333333333333,9.984434067155882e-05,0.2456666666666666,7.382699577496108e-05,"E3fresh thresholds (calib boot, earlier stages) + test scores; matched_far.py --fresh",local
face_x_face,26,0.0001,P1-LLR,1,1,0.2303333333333333,9.984434067155882e-05,0.2413333333333333,8.072048032021348e-05,"E3fresh thresholds (calib boot, earlier stages) + test scores; matched_far.py --fresh",local
face_x_face,26,0.0001,P2-LogReg,1,1,0.2396666666666666,9.984434067155882e-05,0.2546666666666666,6.359795419168334e-05,"E3fresh thresholds (calib boot, earlier stages) + test scores; matched_far.py --fresh",local
face_x_face,26,0.0001,S1-Marcialis,1,1,0.2706666666666666,9.962197020235712e-05,0.298,6.181899043806983e-05,"E3fresh thresholds (calib boot, earlier stages) + test scores; matched_far.py --fresh",local
face_x_face,26,0.0001,S2-Symmetric,1,1,0.2706666666666666,9.962197020235712e-05,0.298,6.181899043806983e-05,"E3fresh thresholds (calib boot, earlier stages) + test scores; matched_far.py --fresh",local
face_x_face,26,0.0001,S3-SPRT,1,1,0.2326666666666666,9.984434067155882e-05,0.239,8.539026017344897e-05,"E3fresh thresholds (calib boot, earlier stages) + test scores; matched_far.py --fresh",local
face_x_face,26,0.0001,S4-Direct,1,1,0.25,9.984434067155882e-05,0.2556666666666666,8.160996219702023e-05,"E3fresh thresholds (calib boot, earlier stages) + test scores; matched_far.py --fresh",local
face_x_face,26,0.001,LR-P1-N2,1,1,0.16,0.001,0.163,0.0009143873693573,"E3fresh thresholds (calib boot, earlier stages) + test scores; matched_far.py --fresh",local
face_x_face,26,0.001,P0-Parallel,1,1,0.1466666666666666,0.001,0.1546666666666666,0.0007720702690682,"E3fresh thresholds (calib boot, earlier stages) + test scores; matched_far.py --fresh",local
face_x_face,26,0.001,P1-LLR,1,1,0.1356666666666666,0.001,0.1466666666666666,0.0008038692461641,"E3fresh thresholds (calib boot, earlier stages) + test scores; matched_far.py --fresh",local
face_x_face,26,0.001,P2-LogReg,1,1,0.1523333333333333,0.001,0.1626666666666666,0.0007220369134978,"E3fresh thresholds (calib boot, earlier stages) + test scores; matched_far.py --fresh",local
face_x_face,26,0.001,S1-Marcialis,1,1,0.172,0.0009993328885923,0.1873333333333333,0.0006906826773404,"E3fresh thresholds (calib boot, earlier stages) + test scores; matched_far.py --fresh",local
face_x_face,26,0.001,S2-Symmetric,1,1,0.172,0.0009993328885923,0.1873333333333333,0.0006906826773404,"E3fresh thresholds (calib boot, earlier stages) + test scores; matched_far.py --fresh",local
face_x_face,26,0.001,S3-SPRT,1,1,0.132,0.001,0.144,0.0007807427173671,"E3fresh thresholds (calib boot, earlier stages) + test scores; matched_far.py --fresh",local
face_x_face,26,0.001,S4-Direct,1,1,0.1503333333333333,0.001,0.1586666666666666,0.0007820769401823,"E3fresh thresholds (calib boot, earlier stages) + test scores; matched_far.py --fresh",local
face_x_face,26,0.01,HYP,1,1,0.0746666666666666,0.0099997776295307,0.0793333333333333,0.0083806982432732,"E3fresh thresholds (calib boot, earlier stages) + test scores; matched_far.py --fresh",local
face_x_face,26,0.01,LR-P1-N2,1,1,0.067,0.0099993328885923,0.0686666666666666,0.0093798087613964,"E3fresh thresholds (calib boot, earlier stages) + test scores; matched_far.py --fresh",local
face_x_face,26,0.01,P0-Parallel,1,1,0.0736666666666666,0.01,0.079,0.0086571047364909,"E3fresh thresholds (calib boot, earlier stages) + test scores; matched_far.py --fresh",local
face_x_face,26,0.01,P1-LLR,1,1,0.0623333333333333,0.01,0.0646666666666666,0.0088125416944629,"E3fresh thresholds (calib boot, earlier stages) + test scores; matched_far.py --fresh",local
face_x_face,26,0.01,P2-LogReg,1,1,0.0733333333333333,0.01,0.0783333333333333,0.0083851456526573,"E3fresh thresholds (calib boot, earlier stages) + test scores; matched_far.py --fresh",local
face_x_face,26,0.01,S1-Marcialis,1,1,0.0916666666666666,0.0099988881476539,0.096,0.0079597509450744,"E3fresh thresholds (calib boot, earlier stages) + test scores; matched_far.py --fresh",local
face_x_face,26,0.01,S2-Symmetric,1,1,0.079,0.01,0.0783333333333333,0.0101065154547476,"E3fresh thresholds (calib boot, earlier stages) + test scores; matched_far.py --fresh",local
face_x_face,26,0.01,S3-SPRT,1,1,0.0616666666666666,0.01,0.0666666666666666,0.0084456304202801,"E3fresh thresholds (calib boot, earlier stages) + test scores; matched_far.py --fresh",local
face_x_face,26,0.01,S4-Direct,1,1,0.0676666666666666,0.0099964420724927,0.0703333333333333,0.009057371581054,"E3fresh thresholds (calib boot, earlier stages) + test scores; matched_far.py --fresh",local
face_x_face,27,0.0001,LR-P1-N2,1,1,0.2773333333333333,9.984434067155882e-05,0.272,0.0001185234600845,"E3fresh thresholds (calib boot, earlier stages) + test scores; matched_far.py --fresh",local
face_x_face,27,0.0001,P0-Parallel,1,1,0.2416666666666666,9.984434067155882e-05,0.2423333333333333,9.739826551034024e-05,"E3fresh thresholds (calib boot, earlier stages) + test scores; matched_far.py --fresh",local
face_x_face,27,0.0001,P1-LLR,1,1,0.238,9.984434067155882e-05,0.2366666666666666,0.0001056259728708,"E3fresh thresholds (calib boot, earlier stages) + test scores; matched_far.py --fresh",local
face_x_face,27,0.0001,P2-LogReg,1,1,0.2443333333333333,9.984434067155882e-05,0.2476666666666666,9.250611518790304e-05,"E3fresh thresholds (calib boot, earlier stages) + test scores; matched_far.py --fresh",local
face_x_face,27,0.0001,S1-Marcialis,1,1,0.28,9.984434067155882e-05,0.292,8.072048032021348e-05,"E3fresh thresholds (calib boot, earlier stages) + test scores; matched_far.py --fresh",local
face_x_face,27,0.0001,S2-Symmetric,1,1,0.28,9.984434067155882e-05,0.292,8.072048032021348e-05,"E3fresh thresholds (calib boot, earlier stages) + test scores; matched_far.py --fresh",local
face_x_face,27,0.0001,S3-SPRT,1,1,0.2366666666666666,9.984434067155882e-05,0.2343333333333333,0.0001047364909939,"E3fresh thresholds (calib boot, earlier stages) + test scores; matched_far.py --fresh",local
face_x_face,27,0.0001,S4-Direct,1,1,0.257,9.984434067155882e-05,0.2486666666666666,0.000112519457416,"E3fresh thresholds (calib boot, earlier stages) + test scores; matched_far.py --fresh",local
face_x_face,27,0.001,LR-P1-N2,1,1,0.1586666666666666,0.001,0.1556666666666666,0.0010751612185901,"E3fresh thresholds (calib boot, earlier stages) + test scores; matched_far.py --fresh",local
face_x_face,27,0.001,P0-Parallel,1,1,0.1456666666666666,0.001,0.148,0.0009597509450744,"E3fresh thresholds (calib boot, earlier stages) + test scores; matched_far.py --fresh",local
face_x_face,27,0.001,P1-LLR,1,1,0.1393333333333333,0.001,0.1403333333333333,0.0009828774738714,"E3fresh thresholds (calib boot, earlier stages) + test scores; matched_far.py --fresh",local
face_x_face,27,0.001,P2-LogReg,1,1,0.1486666666666666,0.001,0.152,0.000897487213698,"E3fresh thresholds (calib boot, earlier stages) + test scores; matched_far.py --fresh",local
face_x_face,27,0.001,S1-Marcialis,1,1,0.1723333333333333,0.001,0.18,0.0008663553480097,"E3fresh thresholds (calib boot, earlier stages) + test scores; matched_far.py --fresh",local
face_x_face,27,0.001,S2-Symmetric,1,1,0.1723333333333333,0.001,0.18,0.0008663553480097,"E3fresh thresholds (calib boot, earlier stages) + test scores; matched_far.py --fresh",local
face_x_face,27,0.001,S3-SPRT,1,1,0.1386666666666666,0.001,0.1393333333333333,0.0009810985101178,"E3fresh thresholds (calib boot, earlier stages) + test scores; matched_far.py --fresh",local
face_x_face,27,0.001,S4-Direct,1,1,0.1546666666666666,0.001,0.1546666666666666,0.0009797642873026,"E3fresh thresholds (calib boot, earlier stages) + test scores; matched_far.py --fresh",local
face_x_face,27,0.01,HYP,1,1,0.0783333333333333,0.01,0.0786666666666666,0.0096502112519457,"E3fresh thresholds (calib boot, earlier stages) + test scores; matched_far.py --fresh",local
face_x_face,27,0.01,LR-P1-N2,2,2,0.0678333333333333,0.0099989993328885,0.0676666666666666,0.0101040693795863,"E3fresh thresholds (calib boot, earlier stages) + test scores; matched_far.py --fresh",local
face_x_face,27,0.01,P0-Parallel,1,1,0.0793333333333333,0.0099997776295307,0.0793333333333333,0.0100015565932844,"E3fresh thresholds (calib boot, earlier stages) + test scores; matched_far.py --fresh",local
face_x_face,27,0.01,P1-LLR,1,1,0.0683333333333333,0.01,0.068,0.0100389148321102,"E3fresh thresholds (calib boot, earlier stages) + test scores; matched_far.py --fresh",local
face_x_face,27,0.01,P2-LogReg,1,1,0.0766666666666666,0.01,0.079,0.009661552145875,"E3fresh thresholds (calib boot, earlier stages) + test scores; matched_far.py --fresh",local
face_x_face,27,0.01,S1-Marcialis,1,1,0.0866666666666666,0.0099959973315543,0.0883333333333333,0.0090707138092061,"E3fresh thresholds (calib boot, earlier stages) + test scores; matched_far.py --fresh",local
face_x_face,27,0.01,S2-Symmetric,1,1,0.0733333333333333,0.01,0.0733333333333333,0.0102697353791416,"E3fresh thresholds (calib boot, earlier stages) + test scores; matched_far.py --fresh",local
face_x_face,27,0.01,S3-SPRT,1,1,0.0643333333333333,0.01,0.065,0.0098492328218812,"E3fresh thresholds (calib boot, earlier stages) + test scores; matched_far.py --fresh",local
face_x_face,27,0.01,S4-Direct,1,1,0.0716666666666666,0.01,0.0713333333333333,0.0100157883033133,"E3fresh thresholds (calib boot, earlier stages) + test scores; matched_far.py --fresh",local
face_x_face,28,0.0001,LR-P1-N2,1,1,0.256,9.984434067155882e-05,0.2753333333333333,6.47098065376918e-05,"E3fresh thresholds (calib boot, earlier stages) + test scores; matched_far.py --fresh",local
face_x_face,28,0.0001,P0-Parallel,1,1,0.2343333333333333,9.984434067155882e-05,0.2486666666666666,7.11585501445408e-05,"E3fresh thresholds (calib boot, earlier stages) + test scores; matched_far.py --fresh",local
face_x_face,28,0.0001,P1-LLR,1,1,0.2346666666666666,9.984434067155882e-05,0.2453333333333333,7.204803202134757e-05,"E3fresh thresholds (calib boot, earlier stages) + test scores; matched_far.py --fresh",local
face_x_face,28,0.0001,P2-LogReg,1,1,0.2343333333333333,9.984434067155882e-05,0.2486666666666666,7.11585501445408e-05,"E3fresh thresholds (calib boot, earlier stages) + test scores; matched_far.py --fresh",local
face_x_face,28,0.0001,S1-Marcialis,1,1,0.2763333333333333,9.984434067155882e-05,0.2836666666666667,8.561263064265066e-05,"E3fresh thresholds (calib boot, earlier stages) + test scores; matched_far.py --fresh",local
face_x_face,28,0.0001,S2-Symmetric,1,1,0.2763333333333333,9.984434067155882e-05,0.2836666666666667,8.561263064265066e-05,"E3fresh thresholds (calib boot, earlier stages) + test scores; matched_far.py --fresh",local
face_x_face,28,0.0001,S3-SPRT,1,1,0.2303333333333333,9.984434067155882e-05,0.2413333333333333,7.071380920613743e-05,"E3fresh thresholds (calib boot, earlier stages) + test scores; matched_far.py --fresh",local
face_x_face,28,0.0001,S4-Direct,1,1,0.2476666666666666,9.984434067155882e-05,0.2566666666666666,7.471647765176785e-05,"E3fresh thresholds (calib boot, earlier stages) + test scores; matched_far.py --fresh",local
face_x_face,28,0.001,LR-P1-N2,1,1,0.1493333333333333,0.001,0.159,0.0008163219924394,"E3fresh thresholds (calib boot, earlier stages) + test scores; matched_far.py --fresh",local
face_x_face,28,0.001,P0-Parallel,1,1,0.1463333333333333,0.001,0.1486666666666666,0.0009368467867467,"E3fresh thresholds (calib boot, earlier stages) + test scores; matched_far.py --fresh",local
face_x_face,28,0.001,P1-LLR,1,1,0.1363333333333333,0.001,0.1406666666666666,0.0009337336001778,"E3fresh thresholds (calib boot, earlier stages) + test scores; matched_far.py --fresh",local
face_x_face,28,0.001,P2-LogReg,1,1,0.1463333333333333,0.001,0.1486666666666666,0.0009361796753391,"E3fresh thresholds (calib boot, earlier stages) + test scores; matched_far.py --fresh",local
face_x_face,28,0.001,S1-Marcialis,1,1,0.178,0.0009993328885923,0.178,0.0010020013342228,"E3fresh thresholds (calib boot, earlier stages) + test scores; matched_far.py --fresh",local
face_x_face,28,0.001,S2-Symmetric,1,1,0.178,0.0009993328885923,0.178,0.0010020013342228,"E3fresh thresholds (calib boot, earlier stages) + test scores; matched_far.py --fresh",local
face_x_face,28,0.001,S3-SPRT,1,1,0.1326666666666666,0.001,0.136,0.0009368467867467,"E3fresh thresholds (calib boot, earlier stages) + test scores; matched_far.py --fresh",local
face_x_face,28,0.001,S4-Direct,1,1,0.1556666666666666,0.001,0.1556666666666666,0.0010040026684456,"E3fresh thresholds (calib boot, earlier stages) + test scores; matched_far.py --fresh",local
face_x_face,28,0.01,HYP,1,1,0.0753333333333333,0.01,0.074,0.01042895263509,"E3fresh thresholds (calib boot, earlier stages) + test scores; matched_far.py --fresh",local
face_x_face,28,0.01,LR-P1-N2,1,1,0.0666666666666666,0.0099984434067155,0.0686666666666666,0.0096702245941738,"E3fresh thresholds (calib boot, earlier stages) + test scores; matched_far.py --fresh",local
face_x_face,28,0.01,P0-Parallel,1,1,0.0813333333333333,0.01,0.0813333333333333,0.0102250389148321,"E3fresh thresholds (calib boot, earlier stages) + test scores; matched_far.py --fresh",local
face_x_face,28,0.01,P1-LLR,1,1,0.0663333333333333,0.01,0.0656666666666666,0.0102748498999332,"E3fresh thresholds (calib boot, earlier stages) + test scores; matched_far.py --fresh",local
face_x_face,28,0.01,P2-LogReg,1,1,0.0813333333333333,0.01,0.0813333333333333,0.0102314876584389,"E3fresh thresholds (calib boot, earlier stages) + test scores; matched_far.py --fresh",local
face_x_face,28,0.01,S1-Marcialis,1,1,0.0873333333333333,0.0099968868134311,0.0853333333333333,0.0106248610184567,"E3fresh thresholds (calib boot, earlier stages) + test scores; matched_far.py --fresh",local
face_x_face,28,0.01,S2-Symmetric,1,1,0.068,0.01,0.068,0.0099830998443406,"E3fresh thresholds (calib boot, earlier stages) + test scores; matched_far.py --fresh",local
face_x_face,28,0.01,S3-SPRT,1,1,0.0636666666666666,0.01,0.0636666666666666,0.0102850789415165,"E3fresh thresholds (calib boot, earlier stages) + test scores; matched_far.py --fresh",local
face_x_face,28,0.01,S4-Direct,1,1,0.069,0.0099957749610851,0.069,0.0099163887035801,"E3fresh thresholds (calib boot, earlier stages) + test scores; matched_far.py --fresh",local
face_x_face,29,0.0001,LR-P1-N2,1,1,0.2606666666666666,9.984434067155882e-05,0.2813333333333333,5.025572603958194e-05,"E3fresh thresholds (calib boot, earlier stages) + test scores; matched_far.py --fresh",local
face_x_face,29,0.0001,P0-Parallel,1,1,0.229,9.984434067155882e-05,0.2466666666666666,5.8261062930842784e-05,"E3fresh thresholds (calib boot, earlier stages) + test scores; matched_far.py --fresh",local
face_x_face,29,0.0001,P1-LLR,1,1,0.2236666666666666,9.984434067155882e-05,0.2456666666666666,5.870580386924617e-05,"E3fresh thresholds (calib boot, earlier stages) + test scores; matched_far.py --fresh",local
face_x_face,29,0.0001,P2-LogReg,1,1,0.2296666666666666,9.984434067155882e-05,0.2513333333333333,5.692684011563264e-05,"E3fresh thresholds (calib boot, earlier stages) + test scores; matched_far.py --fresh",local
face_x_face,29,0.0001,S1-Marcialis,1,1,0.2606666666666666,9.984434067155882e-05,0.2913333333333333,5.7593951523237714e-05,"E3fresh thresholds (calib boot, earlier stages) + test scores; matched_far.py --fresh",local
face_x_face,29,0.0001,S2-Symmetric,1,1,0.2606666666666666,9.984434067155882e-05,0.2913333333333333,5.7593951523237714e-05,"E3fresh thresholds (calib boot, earlier stages) + test scores; matched_far.py --fresh",local
face_x_face,29,0.0001,S3-SPRT,1,1,0.2236666666666666,9.984434067155882e-05,0.2453333333333333,5.7371581054036026e-05,"E3fresh thresholds (calib boot, earlier stages) + test scores; matched_far.py --fresh",local
face_x_face,29,0.0001,S4-Direct,1,1,0.238,9.984434067155882e-05,0.2533333333333333,6.47098065376918e-05,"E3fresh thresholds (calib boot, earlier stages) + test scores; matched_far.py --fresh",local
face_x_face,29,0.001,LR-P1-N2,2,2,0.1521666666666666,0.0009998888147653,0.1648333333333333,0.0007399377362685,"E3fresh thresholds (calib boot, earlier stages) + test scores; matched_far.py --fresh",local
face_x_face,29,0.001,P0-Parallel,1,1,0.14,0.001,0.1503333333333333,0.0007264843228819,"E3fresh thresholds (calib boot, earlier stages) + test scores; matched_far.py --fresh",local
face_x_face,29,0.001,P1-LLR,1,1,0.1303333333333333,0.001,0.144,0.0007300422503891,"E3fresh thresholds (calib boot, earlier stages) + test scores; matched_far.py --fresh",local
face_x_face,29,0.001,P2-LogReg,1,1,0.144,0.001,0.1556666666666666,0.0007131420947298,"E3fresh thresholds (calib boot, earlier stages) + test scores; matched_far.py --fresh",local
face_x_face,29,0.001,S1-Marcialis,1,1,0.1686666666666666,0.0009991105181231,0.1836666666666666,0.0006917945296864,"E3fresh thresholds (calib boot, earlier stages) + test scores; matched_far.py --fresh",local
face_x_face,29,0.001,S2-Symmetric,1,1,0.1686666666666666,0.0009991105181231,0.1836666666666666,0.0006917945296864,"E3fresh thresholds (calib boot, earlier stages) + test scores; matched_far.py --fresh",local
face_x_face,29,0.001,S3-SPRT,1,1,0.128,0.001,0.1443333333333333,0.0007086946853457,"E3fresh thresholds (calib boot, earlier stages) + test scores; matched_far.py --fresh",local
face_x_face,29,0.001,S4-Direct,1,1,0.144,0.001,0.1536666666666666,0.0007400489215032,"E3fresh thresholds (calib boot, earlier stages) + test scores; matched_far.py --fresh",local
face_x_face,29,0.01,HYP,1,1,0.0723333333333333,0.01,0.0793333333333333,0.0084881031798977,"E3fresh thresholds (calib boot, earlier stages) + test scores; matched_far.py --fresh",local
face_x_face,29,0.01,LR-P1-N2,1,1,0.0706666666666666,0.0099977762953079,0.0746666666666666,0.0084118301089615,"E3fresh thresholds (calib boot, earlier stages) + test scores; matched_far.py --fresh",local
face_x_face,29,0.01,P0-Parallel,1,1,0.08,0.01,0.083,0.0085290193462308,"E3fresh thresholds (calib boot, earlier stages) + test scores; matched_far.py --fresh",local
face_x_face,29,0.01,P1-LLR,1,1,0.067,0.01,0.07,0.0085592617300422,"E3fresh thresholds (calib boot, earlier stages) + test scores; matched_far.py --fresh",local
face_x_face,29,0.01,P2-LogReg,1,1,0.0763333333333333,0.01,0.0806666666666666,0.0085761618857015,"E3fresh thresholds (calib boot, earlier stages) + test scores; matched_far.py --fresh",local
face_x_face,29,0.01,S1-Marcialis,1,1,0.085,0.0099977762953079,0.0903333333333333,0.0083084278407827,"E3fresh thresholds (calib boot, earlier stages) + test scores; matched_far.py --fresh",local
face_x_face,29,0.01,S2-Symmetric,1,1,0.0736666666666666,0.01,0.0773333333333333,0.0084196130753835,"E3fresh thresholds (calib boot, earlier stages) + test scores; matched_far.py --fresh",local
face_x_face,29,0.01,S3-SPRT,1,1,0.0643333333333333,0.01,0.069,0.0084792083611296,"E3fresh thresholds (calib boot, earlier stages) + test scores; matched_far.py --fresh",local
face_x_face,29,0.01,S4-Direct,1,1,0.0733333333333333,0.0099962197020235,0.0766666666666666,0.0084178341116299,"E3fresh thresholds (calib boot, earlier stages) + test scores; matched_far.py --fresh",local
