dataset,seed,alpha,order,n_stages,method,kind,calib,B,feasible,far_foldA,frr_foldA,far_test,frr_test,stages_gen,stages_imp,thr
fing_x_face,15,0.01,face_C,1,LR-P1-N2,GP,foldA,300,True,0.006722383720930232,0.10852713178294573,0.005926191972703601,0.08108108108108109,1.0,1.0,[0.6210100054740906]
fing_x_face,15,0.01,face_C,1,HYP,GP,foldA,300,True,0.006722383720930232,0.10852713178294573,0.005926191972703601,0.08108108108108109,1.0,1.0,[0.6210100054740906]
fing_x_face,15,0.01,face_G,1,LR-P1-N2,GP,foldA,300,True,0.00720687984496124,0.13178294573643412,0.006524797222471641,0.13513513513513514,1.0,1.0,[74.04251098632812]
fing_x_face,15,0.01,face_G,1,HYP,GP,foldA,300,False,,,,,,,
fing_x_face,15,0.01,li_V,1,LR-P1-N2,GP,foldA,300,True,0.005026647286821706,0.1937984496124031,0.005207865672981952,0.11583011583011583,1.0,1.0,[20.0]
fing_x_face,15,0.01,li_V,1,HYP,GP,foldA,300,False,,,,,,,
fing_x_face,15,0.01,ri_V,1,LR-P1-N2,GP,foldA,300,True,0.005813953488372093,0.07751937984496124,0.00547723803537757,0.06177606177606178,1.0,1.0,[20.0]
fing_x_face,15,0.01,ri_V,1,HYP,GP,foldA,300,False,,,,,,,
fing_x_face,15,0.01,face_C>face_G,2,LR-P1-N2,GP,foldA,300,True,0.00720687984496124,0.07751937984496124,0.0068240998473556615,0.05791505791505792,1.0965250965250966,1.9966328454700548,"[[0.6289300322532654, -Infinity], 74.32698059082031]"
fing_x_face,15,0.01,face_C>face_G,2,HYP,GP,foldA,300,True,0.006782945736434108,0.10852713178294573,0.005926191972703601,0.08108108108108109,1.027027027027027,1.0243781987968035,"[[0.6210100650787354, 0.5950600504875183], 75.74730682373047]"
fing_x_face,15,0.01,face_C>face_G,2,S1-Marcialis,rule,foldA,300,True,0.00720687984496124,0.12403100775193798,0.006539762353715842,0.1274131274131274,1.386100386100386,1.9999551046062674,"[[0.6979800462722778, -1.0], 74.04251098632812]"
fing_x_face,15,0.01,face_C>face_G,2,S2-Symmetric,rule,foldA,300,True,0.00720687984496124,0.12403100775193798,0.006539762353715842,0.1274131274131274,1.386100386100386,1.9999551046062674,"[[0.6979800462722778, -1.0], 74.04251098632812]"
fing_x_face,15,0.01,face_C>face_G,2,S3-SPRT,rule,foldA,300,True,0.007267441860465116,0.06976744186046512,0.005926191972703601,0.05405405405405406,1.1737451737451738,1.3866092005626889,"[[3.1833570634647748, -2.5987430615010703], 1.2402812805734067]"
fing_x_face,15,0.01,face_C>face_G,2,S4-Direct,rule,foldA,300,True,0.0068435077519379845,0.06201550387596899,0.006449971566250636,0.07722007722007722,1.1158301158301158,1.0961808985064798,"[[0.639430046081543, 0.5728700757026672], 73.85983276367188]"
fing_x_face,15,0.01,face_C>li_V,2,LR-P1-N2,GP,foldA,300,True,0.0068435077519379845,0.007751937984496124,0.006464936697494837,0.015444015444015444,1.0926640926640927,1.9948070994582623,"[[0.6230100393295288, -Infinity], 24.0]"
fing_x_face,15,0.01,face_C>li_V,2,HYP,GP,foldA,300,True,0.006722383720930232,0.08527131782945736,0.005971087366436203,0.06177606177606178,1.0193050193050193,1.0122714076202448,"[[0.6210100650787354, 0.6039800643920898], 21.0]"
fing_x_face,15,0.01,face_C>li_V,2,S1-Marcialis,rule,foldA,300,True,0.005026647286821706,0.031007751937984496,0.005252761066714555,0.03861003861003861,1.386100386100386,1.9999551046062674,"[[0.6979800462722778, -1.0], 20.0]"
fing_x_face,15,0.01,face_C>li_V,2,S2-Symmetric,rule,foldA,300,True,0.005026647286821706,0.031007751937984496,0.005252761066714555,0.03861003861003861,1.386100386100386,1.9999551046062674,"[[0.6979800462722778, -1.0], 20.0]"
fing_x_face,15,0.01,face_C>li_V,2,S3-SPRT,rule,foldA,300,True,0.007085755813953488,0.015503875968992248,0.005073179491784143,0.023166023166023165,1.2548262548262548,1.3871180150249918,"[[4.751899759315907, -2.5987430615010703], -0.42424509763347656]"
fing_x_face,15,0.01,face_C>li_V,2,S4-Direct,rule,foldA,300,True,0.006237887596899225,0.015503875968992248,0.005073179491784143,0.02702702702702703,1.1544401544401544,1.557615755290174,"[[0.6503000855445862, 0.52482008934021], 19.0]"
fing_x_face,15,0.01,face_C>ri_V,2,LR-P1-N2,GP,foldA,300,True,0.006904069767441861,0.0,0.007198228128460687,0.011583011583011582,1.0965250965250966,1.9957050073329143,"[[0.6256100535392761, -Infinity], 22.0]"
fing_x_face,15,0.01,face_C>ri_V,2,HYP,GP,foldA,300,True,0.006722383720930232,0.06976744186046512,0.006030947891413008,0.05791505791505792,1.027027027027027,1.025395827721409,"[[0.6210100650787354, 0.5945200324058533], 23.0]"
fing_x_face,15,0.01,face_C>ri_V,2,S1-Marcialis,rule,foldA,300,True,0.005813953488372093,0.0,0.005522133429110173,0.023166023166023165,1.386100386100386,1.9999551046062674,"[[0.6979800462722778, -1.0], 20.0]"
fing_x_face,15,0.01,face_C>ri_V,2,S2-Symmetric,rule,foldA,300,True,0.005813953488372093,0.0,0.005522133429110173,0.023166023166023165,1.386100386100386,1.9999551046062674,"[[0.6979800462722778, -1.0], 20.0]"
fing_x_face,15,0.01,face_C>ri_V,2,S3-SPRT,rule,foldA,300,True,0.006661821705426356,0.007751937984496124,0.004654155816946515,0.015444015444015444,1.2548262548262548,1.3871180150249918,"[[4.751899759315907, -2.5987430615010703], -0.8324531306258593]"
fing_x_face,15,0.01,face_C>ri_V,2,S4-Direct,rule,foldA,300,True,0.005450581395348837,0.007751937984496124,0.004848702523121128,0.03088803088803089,1.3783783783783783,1.558364011852384,"[[0.6979800462722778, 0.52482008934021], 19.0]"
fing_x_face,15,0.01,face_G>face_C,2,LR-P1-N2,GP,foldA,300,True,0.007328003875968992,0.07751937984496124,0.006943820897309269,0.05791505791505792,1.1467181467181466,1.8290383406662476,"[[74.28726959228516, 64.83816528320312], 0.6299200057983398]"
fing_x_face,15,0.01,face_G>face_C,2,HYP,GP,foldA,300,False,,,,,,,
fing_x_face,15,0.01,face_G>face_C,2,S1-Marcialis,rule,foldA,300,True,0.006722383720930232,0.08527131782945736,0.0059112268414594,0.06563706563706563,1.3397683397683398,1.8384514082188501,"[[75.97413635253906, 64.80564880371094], 0.6209700107574463]"
fing_x_face,15,0.01,face_G>face_C,2,S2-Symmetric,rule,foldA,300,True,0.007267441860465116,0.07751937984496124,0.007003681422286074,0.05791505791505792,1.1467181467181466,1.8343808925204275,"[[74.30677795410156, 64.80564880371094], 0.6291599869728088]"
fing_x_face,15,0.01,face_G>face_C,2,S3-SPRT,rule,foldA,300,True,0.007328003875968992,0.09302325581395349,0.006809134716111461,0.07722007722007722,1.1312741312741312,1.78394840022747,"[[1.5456230290702233, -3.482222103528612], 2.4296718284496155]"
fing_x_face,15,0.01,face_G>face_C,2,S4-Direct,rule,foldA,300,False,,,,,,,
fing_x_face,15,0.01,face_G>li_V,2,LR-P1-N2,GP,foldA,300,True,0.007085755813953488,0.031007751937984496,0.006599622878692646,0.015444015444015444,1.135135135135135,1.827721409116758,"[[74.119140625, 64.83816528320312], 24.0]"
fing_x_face,15,0.01,face_G>li_V,2,HYP,GP,foldA,300,False,,,,,,,
fing_x_face,15,0.01,face_G>li_V,2,S1-Marcialis,rule,foldA,300,True,0.007025193798449613,0.046511627906976744,0.006135703810122415,0.02702702702702703,1.3397683397683398,1.8384514082188501,"[[75.97413635253906, 64.80564880371094], 19.0]"
fing_x_face,15,0.01,face_G>li_V,2,S2-Symmetric,rule,foldA,300,True,0.006359011627906977,0.023255813953488372,0.006405076172518033,0.011583011583011582,1.1467181467181466,1.8343808925204275,"[[74.30677795410156, 64.80564880371094], 22.0]"
fing_x_face,15,0.01,face_G>li_V,2,S3-SPRT,rule,foldA,300,True,0.006782945736434108,0.031007751937984496,0.004998353835563138,0.015444015444015444,1.3204633204633205,1.7898296968064409,"[[5.426132977334145, -3.482222103528612], -0.028689149369827915]"
fing_x_face,15,0.01,face_G>li_V,2,S4-Direct,rule,foldA,300,True,0.005692829457364341,0.023255813953488372,0.00532758672293556,0.019305019305019305,1.2316602316602316,1.918320313669151,"[[75.07616424560547, 64.01529693603516], 20.0]"
fing_x_face,15,0.01,face_G>ri_V,2,LR-P1-N2,GP,foldA,300,True,0.006904069767441861,0.007751937984496124,0.00665948340366945,0.007722007722007722,1.1467181467181466,1.8290233755350034,"[[74.28347778320312, 64.83816528320312], 22.0]"
fing_x_face,15,0.01,face_G>ri_V,2,HYP,GP,foldA,300,False,,,,,,,
fing_x_face,15,0.01,face_G>ri_V,2,S1-Marcialis,rule,foldA,300,True,0.005147771317829457,0.007751937984496124,0.004624225554458112,0.011583011583011582,1.3397683397683398,1.8384514082188501,"[[75.97413635253906, 64.80564880371094], 20.0]"
fing_x_face,15,0.01,face_G>ri_V,2,S2-Symmetric,rule,foldA,300,True,0.006540697674418605,0.0,0.006554727484960043,0.007722007722007722,1.1467181467181466,1.8343808925204275,"[[74.30677795410156, 64.80564880371094], 22.0]"
fing_x_face,15,0.01,face_G>ri_V,2,S3-SPRT,rule,foldA,300,True,0.007025193798449613,0.007751937984496124,0.006135703810122415,0.007722007722007722,1.3204633204633205,1.7898296968064409,"[[5.426132977334145, -3.482222103528612], -0.70915012139058]"
fing_x_face,15,0.01,face_G>ri_V,2,S4-Direct,rule,foldA,300,True,0.005632267441860465,0.0,0.005073179491784143,0.011583011583011582,1.2934362934362935,1.918769267606477,"[[75.55891418457031, 64.01529693603516], 20.0]"
fing_x_face,15,0.01,li_V>face_C,2,LR-P1-N2,GP,foldA,300,True,0.007085755813953488,0.023255813953488372,0.006225494597587621,0.04247104247104247,1.1042471042471043,1.4927269462153183,"[[21.000001907348633, 6.000000476837158], 0.6192100048065186]"
fing_x_face,15,0.01,li_V>face_C,2,HYP,GP,foldA,300,False,,,,,,,
fing_x_face,15,0.01,li_V>face_C,2,S1-Marcialis,rule,foldA,300,True,0.006782945736434108,0.007751937984496124,0.005402412379156565,0.05019305019305019,1.1891891891891893,1.6665918410104457,"[[30.000001907348633, 6.0], 0.6179199814796448]"
fing_x_face,15,0.01,li_V>face_C,2,S2-Symmetric,rule,foldA,300,True,0.006782945736434108,0.007751937984496124,0.005402412379156565,0.05019305019305019,1.1891891891891893,1.6665918410104457,"[[30.000001907348633, 6.0], 0.6179199814796448]"
fing_x_face,15,0.01,li_V>face_C,2,S3-SPRT,rule,foldA,300,True,0.006964631782945737,0.007751937984496124,0.005626889347819581,0.015444015444015444,1.193050193050193,1.9996408368501393,"[[4.871571932825799, -3.523733219687808], -0.344918368243892]"
fing_x_face,15,0.01,li_V>face_C,2,S4-Direct,rule,foldA,300,True,0.006782945736434108,0.007751937984496124,0.005402412379156565,0.05019305019305019,1.1891891891891893,1.6665918410104457,"[[30.000001907348633, 5.000000476837158], 0.6179199814796448]"
fing_x_face,15,0.01,li_V>face_G,2,LR-P1-N2,GP,foldA,300,True,0.006782945736434108,0.03875968992248062,0.006300320253808626,0.04633204633204633,1.1081081081081081,1.493594923827482,"[[22.000001907348633, 6.000000476837158], 73.9498291015625]"
fing_x_face,15,0.01,li_V>face_G,2,HYP,GP,foldA,300,False,,,,,,,
fing_x_face,15,0.01,li_V>face_G,2,S1-Marcialis,rule,foldA,300,True,0.007085755813953488,0.023255813953488372,0.006734309059890455,0.05405405405405406,1.1891891891891893,1.6665918410104457,"[[30.000001907348633, 6.0], 73.86939239501953]"
fing_x_face,15,0.01,li_V>face_G,2,S2-Symmetric,rule,foldA,300,True,0.007085755813953488,0.023255813953488372,0.006734309059890455,0.05405405405405406,1.1891891891891893,1.6665918410104457,"[[30.000001907348633, 6.0], 73.86939239501953]"
fing_x_face,15,0.01,li_V>face_G,2,S3-SPRT,rule,foldA,300,True,0.0068435077519379845,0.023255813953488372,0.005148005148005148,0.011583011583011582,1.193050193050193,1.9996408368501393,"[[4.871571932825799, -3.523733219687808], -0.019464429720840393]"
fing_x_face,15,0.01,li_V>face_G,2,S4-Direct,rule,foldA,300,True,0.007085755813953488,0.023255813953488372,0.006734309059890455,0.05405405405405406,1.1891891891891893,1.6665918410104457,"[[30.000001907348633, 5.000000476837158], 73.86939239501953]"
fing_x_face,15,0.01,li_V>ri_V,2,LR-P1-N2,GP,foldA,300,True,0.0068435077519379845,0.06201550387596899,0.0063452156475412285,0.05019305019305019,1.1042471042471043,1.4927269462153183,"[[21.000001907348633, 6.000000476837158], 20.0]"
fing_x_face,15,0.01,li_V>ri_V,2,HYP,GP,foldA,300,False,,,,,,,
fing_x_face,15,0.01,li_V>ri_V,2,S1-Marcialis,rule,foldA,300,True,0.005208333333333333,0.06201550387596899,0.004534434766992906,0.05405405405405406,1.1891891891891893,1.6665918410104457,"[[30.000001907348633, 6.0], 20.0]"
fing_x_face,15,0.01,li_V>ri_V,2,S2-Symmetric,rule,foldA,300,True,0.005208333333333333,0.06201550387596899,0.004534434766992906,0.05405405405405406,1.1891891891891893,1.6665918410104457,"[[30.000001907348633, 6.0], 20.0]"
fing_x_face,15,0.01,li_V>ri_V,2,S3-SPRT,rule,foldA,300,True,0.006964631782945737,0.05426356589147287,0.006135703810122415,0.03088803088803089,1.193050193050193,1.9996408368501393,"[[4.871571932825799, -3.523733219687808], -0.6538668260064324]"
fing_x_face,15,0.01,li_V>ri_V,2,S4-Direct,rule,foldA,300,True,0.005268895348837209,0.05426356589147287,0.00457933016072551,0.05405405405405406,1.1737451737451738,1.666546945616713,"[[29.000001907348633, 5.000000476837158], 20.0]"
fing_x_face,15,0.01,ri_V>face_C,2,LR-P1-N2,GP,foldA,300,True,0.006904069767441861,0.007751937984496124,0.007033611684774475,0.019305019305019305,1.0617760617760619,1.9363832270809016,"[[20.000001907348633, 3.000000238418579], 0.6308500170707703]"
fing_x_face,15,0.01,ri_V>face_C,2,HYP,GP,foldA,300,False,,,,,,,
fing_x_face,15,0.01,ri_V>face_C,2,S1-Marcialis,rule,foldA,300,True,0.006722383720930232,0.015503875968992248,0.005941157103947802,0.015444015444015444,1.138996138996139,1.9914698751908053,"[[35.000003814697266, 3.0], 0.6210100054740906]"
fing_x_face,15,0.01,ri_V>face_C,2,S2-Symmetric,rule,foldA,300,True,0.006722383720930232,0.015503875968992248,0.005941157103947802,0.015444015444015444,1.138996138996139,1.9914698751908053,"[[35.000003814697266, 3.0], 0.6210100054740906]"
fing_x_face,15,0.01,ri_V>face_C,2,S3-SPRT,rule,foldA,300,True,0.006964631782945737,0.007751937984496124,0.005357516985423963,0.011583011583011582,1.1158301158301158,1.6580018556762743,"[[4.472440495776489, -3.995385948470832], -0.7877712287615644]"
fing_x_face,15,0.01,ri_V>face_C,2,S4-Direct,rule,foldA,300,True,0.0068435077519379845,0.007751937984496124,0.005686749872796384,0.019305019305019305,1.1003861003861004,1.8144473377031516,"[[27.000001907348633, 4.000000476837158], 0.6209200024604797]"
fing_x_face,15,0.01,ri_V>face_G,2,LR-P1-N2,GP,foldA,300,True,0.00720687984496124,0.007751937984496124,0.007003681422286074,0.011583011583011582,1.0656370656370657,1.9375355421867049,"[[21.000001907348633, 3.000000238418579], 74.28334045410156]"
fing_x_face,15,0.01,ri_V>face_G,2,HYP,GP,foldA,300,False,,,,,,,
fing_x_face,15,0.01,ri_V>face_G,2,S1-Marcialis,rule,foldA,300,True,0.00720687984496124,0.015503875968992248,0.00650983209122744,0.023166023166023165,1.138996138996139,1.9914698751908053,"[[35.000003814697266, 3.0], 74.04251098632812]"
fing_x_face,15,0.01,ri_V>face_G,2,S2-Symmetric,rule,foldA,300,True,0.00720687984496124,0.015503875968992248,0.00650983209122744,0.023166023166023165,1.138996138996139,1.9914698751908053,"[[35.000003814697266, 3.0], 74.04251098632812]"
fing_x_face,15,0.01,ri_V>face_G,2,S3-SPRT,rule,foldA,300,True,0.006964631782945737,0.007751937984496124,0.0059561222351920025,0.007722007722007722,1.1158301158301158,1.6580018556762743,"[[4.472440495776489, -3.995385948470832], -0.7091828499982005]"
fing_x_face,15,0.01,ri_V>face_G,2,S4-Direct,rule,foldA,300,True,0.007146317829457364,0.015503875968992248,0.006090808416389812,0.019305019305019305,1.1081081081081081,1.8145670587531053,"[[28.000001907348633, 4.000000476837158], 74.02635955810547]"
fing_x_face,15,0.01,ri_V>li_V,2,LR-P1-N2,GP,foldA,300,True,0.0061167635658914725,0.05426356589147287,0.006734309059890455,0.03088803088803089,1.0617760617760619,1.9363832270809016,"[[20.000001907348633, 3.000000238418579], 22.0]"
fing_x_face,15,0.01,ri_V>li_V,2,HYP,GP,foldA,300,False,,,,,,,
fing_x_face,15,0.01,ri_V>li_V,2,S1-Marcialis,rule,foldA,300,True,0.005026647286821706,0.06976744186046512,0.005222830804226153,0.05791505791505792,1.138996138996139,1.9914698751908053,"[[35.000003814697266, 3.0], 20.0]"
fing_x_face,15,0.01,ri_V>li_V,2,S2-Symmetric,rule,foldA,300,True,0.005026647286821706,0.06976744186046512,0.005222830804226153,0.05791505791505792,1.138996138996139,1.9914698751908053,"[[35.000003814697266, 3.0], 20.0]"
fing_x_face,15,0.01,ri_V>li_V,2,S3-SPRT,rule,foldA,300,False,,,,,,,
fing_x_face,15,0.01,ri_V>li_V,2,S4-Direct,rule,foldA,300,True,0.005874515503875969,0.046511627906976744,0.005387447247912364,0.05019305019305019,1.05019305019305,1.1097243422824818,"[[23.000001907348633, 10.000000953674316], 16.0]"
fing_x_face,15,0.01,face_C>face_G>li_V,3,LR-P1-N2,GP,foldA,300,True,0.007085755813953488,0.015503875968992248,0.006689413666157852,0.011583011583011582,1.1583011583011582,2.82252850857502,"[[0.6246400475502014, -Infinity], [74.63272094726562, 64.83816528320312], 26.0]"
fing_x_face,15,0.01,face_C>face_G>li_V,3,HYP,GP,foldA,300,False,,,,,,,
fing_x_face,15,0.01,face_C>face_G>li_V,3,S1-Marcialis,rule,foldA,300,True,0.007025193798449613,0.023255813953488372,0.006180599203855018,0.015444015444015444,1.6563706563706564,2.838361617431385,"[[0.6979800462722778, -1.0], [75.97413635253906, 64.80564880371094], 19.0]"
fing_x_face,15,0.01,face_C>face_G>li_V,3,S2-Symmetric,rule,foldA,300,True,0.006359011627906977,0.015503875968992248,0.006420041303762234,0.007722007722007722,1.5250965250965252,2.8343210319954504,"[[0.6979800462722778, -1.0], [74.30677795410156, 64.80564880371094], 22.0]"
fing_x_face,15,0.01,face_C>face_G>li_V,3,S3-SPRT,rule,foldA,300,True,0.007025193798449613,0.031007751937984496,0.0051779354104935504,0.02702702702702703,1.3552123552123552,1.4451827242524917,"[[4.751899759315907, -2.5987430615010703], [4.751899759315907, -2.5987430615010703], -0.8934482006862132]"
fing_x_face,15,0.01,face_C>face_G>li_V,3,S4-Direct,rule,foldA,300,True,0.006298449612403101,0.015503875968992248,0.004773876866900123,0.015444015444015444,1.2664092664092663,2.049893747568166,"[[0.648870050907135, 0.5260200500488281], [75.97413635253906, 64.01529693603516], 19.0]"
fing_x_face,15,0.01,face_C>face_G>ri_V,3,LR-P1-N2,GP,foldA,300,True,0.0068435077519379845,0.007751937984496124,0.006809134716111461,0.007722007722007722,1.1544401544401544,2.822438717787555,"[[0.6240100860595703, -Infinity], [74.74758911132812, 64.83816528320312], 25.0]"
fing_x_face,15,0.01,face_C>face_G>ri_V,3,HYP,GP,foldA,300,False,,,,,,,
fing_x_face,15,0.01,face_C>face_G>ri_V,3,S1-Marcialis,rule,foldA,300,True,0.005147771317829457,0.0,0.004669120948190716,0.011583011583011582,1.6563706563706564,2.838361617431385,"[[0.6979800462722778, -1.0], [75.97413635253906, 64.80564880371094], 20.0]"
fing_x_face,15,0.01,face_C>face_G>ri_V,3,S2-Symmetric,rule,foldA,300,True,0.006540697674418605,0.0,0.006569692616204244,0.007722007722007722,1.5250965250965252,2.8343210319954504,"[[0.6979800462722778, -1.0], [74.30677795410156, 64.80564880371094], 22.0]"
fing_x_face,15,0.01,face_C>face_G>ri_V,3,S3-SPRT,rule,foldA,300,True,0.00660125968992248,0.023255813953488372,0.005447307772889169,0.023166023166023165,1.3552123552123552,1.4451827242524917,"[[4.751899759315907, -2.5987430615010703], [4.751899759315907, -2.5987430615010703], -1.4778495814893482]"
fing_x_face,15,0.01,face_C>face_G>ri_V,3,S4-Direct,rule,foldA,300,True,0.0061167635658914725,0.007751937984496124,0.005162970279249349,0.019305019305019305,1.2664092664092663,2.049893747568166,"[[0.648870050907135, 0.5260200500488281], [75.97413635253906, 64.01529693603516], 19.0]"
fing_x_face,15,0.01,face_C>li_V>face_G,3,LR-P1-N2,GP,foldA,300,True,0.006964631782945737,0.007751937984496124,0.006225494597587621,0.015444015444015444,1.1158301158301158,2.486740893717638,"[[0.6224400401115417, -Infinity], [26.000001907348633, 6.000000476837158], 74.96790313720703]"
fing_x_face,15,0.01,face_C>li_V>face_G,3,HYP,GP,foldA,300,False,,,,,,,
fing_x_face,15,0.01,face_C>li_V>face_G,3,S1-Marcialis,rule,foldA,300,True,0.007085755813953488,0.015503875968992248,0.006749274191134656,0.03088803088803089,1.4671814671814671,2.666517015354225,"[[0.6979800462722778, -1.0], [30.000001907348633, 6.0], 73.86939239501953]"
fing_x_face,15,0.01,face_C>li_V>face_G,3,S2-Symmetric,rule,foldA,300,True,0.007085755813953488,0.015503875968992248,0.006749274191134656,0.03088803088803089,1.4671814671814671,2.666517015354225,"[[0.6979800462722778, -1.0], [30.000001907348633, 6.0], 73.86939239501953]"
fing_x_face,15,0.01,face_C>li_V>face_G,3,S3-SPRT,rule,foldA,300,True,0.007146317829457364,0.015503875968992248,0.005552063691598576,0.015444015444015444,1.2972972972972974,1.4192032564125587,"[[4.751899759315907, -2.5987430615010703], [4.751899759315907, -2.5987430615010703], -1.2339673342320259]"
fing_x_face,15,0.01,face_C>li_V>face_G,3,S4-Direct,rule,foldA,300,True,0.007025193798449613,0.015503875968992248,0.006435006435006435,0.023166023166023165,1.250965250965251,1.739651611744635,"[[0.6708900332450867, 0.5260200500488281], [21.000001907348633, 7.000000476837158], 73.62840270996094]"
fing_x_face,15,0.01,face_C>li_V>ri_V,3,LR-P1-N2,GP,foldA,300,False,,,,,,,
fing_x_face,15,0.01,face_C>li_V>ri_V,3,HYP,GP,foldA,300,False,,,,,,,
fing_x_face,15,0.01,face_C>li_V>ri_V,3,S1-Marcialis,rule,foldA,300,True,0.005208333333333333,0.0,0.00457933016072551,0.019305019305019305,1.4671814671814671,2.666517015354225,"[[0.6979800462722778, -1.0], [30.000001907348633, 6.0], 20.0]"
fing_x_face,15,0.01,face_C>li_V>ri_V,3,S2-Symmetric,rule,foldA,300,True,0.005208333333333333,0.0,0.00457933016072551,0.019305019305019305,1.4671814671814671,2.666517015354225,"[[0.6979800462722778, -1.0], [30.000001907348633, 6.0], 20.0]"
fing_x_face,15,0.01,face_C>li_V>ri_V,3,S3-SPRT,rule,foldA,300,True,0.0068435077519379845,0.015503875968992248,0.004025620304690072,0.007722007722007722,1.2972972972972974,1.4192032564125587,"[[4.751899759315907, -2.5987430615010703], [4.751899759315907, -2.5987430615010703], -2.8824067890508918]"
fing_x_face,15,0.01,face_C>li_V>ri_V,3,S4-Direct,rule,foldA,300,True,0.005511143410852713,0.007751937984496124,0.004354853192062494,0.02702702702702703,1.277992277992278,1.8188470862889468,"[[0.6708900332450867, 0.5260200500488281], [30.000001907348633, 6.000000476837158], 18.0]"
fing_x_face,15,0.01,face_C>ri_V>face_G,3,LR-P1-N2,GP,foldA,300,True,0.006904069767441861,0.0,0.007033611684774475,0.007722007722007722,1.1081081081081081,2.9296788482834994,"[[0.6246400475502014, -Infinity], [23.000001907348633, 3.000000238418579], 74.84056854248047]"
fing_x_face,15,0.01,face_C>ri_V>face_G,3,HYP,GP,foldA,300,False,,,,,,,
fing_x_face,15,0.01,face_C>ri_V>face_G,3,S1-Marcialis,rule,foldA,300,True,0.00720687984496124,0.015503875968992248,0.006524797222471641,0.015444015444015444,1.444015444015444,2.9913800844033402,"[[0.6979800462722778, -1.0], [35.000003814697266, 3.0], 74.04251098632812]"
fing_x_face,15,0.01,face_C>ri_V>face_G,3,S2-Symmetric,rule,foldA,300,True,0.00720687984496124,0.015503875968992248,0.006524797222471641,0.015444015444015444,1.444015444015444,2.9913800844033402,"[[0.6979800462722778, -1.0], [35.000003814697266, 3.0], 74.04251098632812]"
fing_x_face,15,0.01,face_C>ri_V>face_G,3,S3-SPRT,rule,foldA,300,True,0.006661821705426356,0.007751937984496124,0.005103109754272545,0.007722007722007722,1.277992277992278,1.4070665349735116,"[[4.751899759315907, -2.5987430615010703], [4.751899759315907, -2.5987430615010703], -1.7458029110064537]"
fing_x_face,15,0.01,face_C>ri_V>face_G,3,S4-Direct,rule,foldA,300,True,0.00720687984496124,0.007751937984496124,0.006390111041273832,0.011583011583011582,1.4015444015444016,1.8031935590075125,"[[0.6979800462722778, 0.5260200500488281], [21.000001907348633, 6.000000476837158], 73.86300659179688]"
fing_x_face,15,0.01,face_C>ri_V>li_V,3,LR-P1-N2,GP,foldA,300,False,,,,,,,
fing_x_face,15,0.01,face_C>ri_V>li_V,3,HYP,GP,foldA,300,False,,,,,,,
fing_x_face,15,0.01,face_C>ri_V>li_V,3,S1-Marcialis,rule,foldA,300,True,0.005026647286821706,0.0,0.0052677261979587565,0.015444015444015444,1.444015444015444,2.9913800844033402,"[[0.6979800462722778, -1.0], [35.000003814697266, 3.0], 20.0]"
fing_x_face,15,0.01,face_C>ri_V>li_V,3,S2-Symmetric,rule,foldA,300,True,0.005026647286821706,0.0,0.0052677261979587565,0.015444015444015444,1.444015444015444,2.9913800844033402,"[[0.6979800462722778, -1.0], [35.000003814697266, 3.0], 20.0]"
fing_x_face,15,0.01,face_C>ri_V>li_V,3,S3-SPRT,rule,foldA,300,True,0.006359011627906977,0.007751937984496124,0.0044446439795277,0.007722007722007722,1.277992277992278,1.4070665349735116,"[[4.751899759315907, -2.5987430615010703], [4.751899759315907, -2.5987430615010703], -2.9507593635705214]"
fing_x_face,15,0.01,face_C>ri_V>li_V,3,S4-Direct,rule,foldA,300,True,0.006419573643410853,0.007751937984496124,0.005626889347819581,0.019305019305019305,1.4015444015444016,1.8031935590075125,"[[0.6979800462722778, 0.5260200500488281], [21.000001907348633, 6.000000476837158], 18.0]"
fing_x_face,15,0.01,face_G>face_C>li_V,3,LR-P1-N2,GP,foldA,300,True,0.007328003875968992,0.015503875968992248,0.0074077399658795005,0.019305019305019305,1.2046332046332047,2.6543952590464217,"[[74.17963409423828, 64.83816528320312], [0.6347000598907471, -Infinity], 27.0]"
fing_x_face,15,0.01,face_G>face_C>li_V,3,HYP,GP,foldA,300,False,,,,,,,
fing_x_face,15,0.01,face_G>face_C>li_V,3,S1-Marcialis,rule,foldA,300,True,0.007025193798449613,0.023255813953488372,0.006180599203855018,0.015444015444015444,1.61003861003861,2.6768579210439674,"[[75.97413635253906, 64.80564880371094], [0.6979800462722778, -1.0], 19.0]"
fing_x_face,15,0.01,face_G>face_C>li_V,3,S2-Symmetric,rule,foldA,300,True,0.006359011627906977,0.015503875968992248,0.006420041303762234,0.007722007722007722,1.2857142857142858,2.6687468199096105,"[[74.30677795410156, 64.80564880371094], [0.6979800462722778, -1.0], 22.0]"
fing_x_face,15,0.01,face_G>face_C>li_V,3,S3-SPRT,rule,foldA,300,True,0.007085755813953488,0.031007751937984496,0.005282691329202957,0.015444015444015444,1.4633204633204633,1.8920714734668223,"[[5.426132977334145, -3.482222103528612], [5.426132977334145, -3.482222103528612], -0.8934482006862132]"
fing_x_face,15,0.01,face_G>face_C>li_V,3,S4-Direct,rule,foldA,300,True,0.005450581395348837,0.007751937984496124,0.004100445960911078,0.019305019305019305,1.5212355212355213,2.4274640088593578,"[[75.97413635253906, 64.01529693603516], [0.6708900332450867, 0.5260200500488281], 19.0]"
fing_x_face,15,0.01,face_G>face_C>ri_V,3,LR-P1-N2,GP,foldA,300,True,0.007146317829457364,0.007751937984496124,0.006569692616204244,0.007722007722007722,1.2123552123552124,2.6552482715273413,"[[74.15118408203125, 64.83816528320312], [0.6438600420951843, -Infinity], 26.0]"
fing_x_face,15,0.01,face_G>face_C>ri_V,3,HYP,GP,foldA,300,False,,,,,,,
fing_x_face,15,0.01,face_G>face_C>ri_V,3,S1-Marcialis,rule,foldA,300,True,0.005147771317829457,0.0,0.004669120948190716,0.011583011583011582,1.61003861003861,2.6768579210439674,"[[75.97413635253906, 64.80564880371094], [0.6979800462722778, -1.0], 20.0]"
fing_x_face,15,0.01,face_G>face_C>ri_V,3,S2-Symmetric,rule,foldA,300,True,0.006540697674418605,0.0,0.006569692616204244,0.007722007722007722,1.2857142857142858,2.6687468199096105,"[[74.30677795410156, 64.80564880371094], [0.6979800462722778, -1.0], 22.0]"
fing_x_face,15,0.01,face_G>face_C>ri_V,3,S3-SPRT,rule,foldA,300,True,0.006419573643410853,0.023255813953488372,0.005432342641644967,0.007722007722007722,1.4633204633204633,1.8920714734668223,"[[5.426132977334145, -3.482222103528612], [5.426132977334145, -3.482222103528612], -1.3872735375449283]"
fing_x_face,15,0.01,face_G>face_C>ri_V,3,S4-Direct,rule,foldA,300,True,0.005147771317829457,0.0,0.004369818323306696,0.019305019305019305,1.6023166023166022,2.4275986950405555,"[[75.97413635253906, 64.01529693603516], [0.6979800462722778, 0.5260200500488281], 19.0]"
fing_x_face,15,0.01,face_G>li_V>face_C,3,LR-P1-N2,GP,foldA,300,True,0.00720687984496124,0.015503875968992248,0.006435006435006435,0.019305019305019305,1.162162162162162,2.2326329651911045,"[[74.08443450927734, 64.83816528320312], [26.000001907348633, 6.000000476837158], 0.6644899845123291]"
fing_x_face,15,0.01,face_G>li_V>face_C,3,HYP,GP,foldA,300,False,,,,,,,
fing_x_face,15,0.01,face_G>li_V>face_C,3,S1-Marcialis,rule,foldA,300,True,0.006904069767441861,0.007751937984496124,0.005432342641644967,0.02702702702702703,1.3976833976833978,2.393538056328754,"[[75.97413635253906, 64.80564880371094], [30.000001907348633, 6.0], 0.6177600026130676]"
fing_x_face,15,0.01,face_G>li_V>face_C,3,S2-Symmetric,rule,foldA,300,True,0.006904069767441861,0.007751937984496124,0.005432342641644967,0.02702702702702703,1.3976833976833978,2.393538056328754,"[[75.97413635253906, 64.80564880371094], [30.000001907348633, 6.0], 0.6177600026130676]"
fing_x_face,15,0.01,face_G>li_V>face_C,3,S3-SPRT,rule,foldA,300,True,0.007085755813953488,0.015503875968992248,0.0053724821166681635,0.015444015444015444,1.3629343629343629,1.8683218101822754,"[[5.426132977334145, -3.482222103528612], [5.426132977334145, -3.482222103528612], -0.8533675030863299]"
fing_x_face,15,0.01,face_G>li_V>face_C,3,S4-Direct,rule,foldA,300,True,0.007025193798449613,0.007751937984496124,0.005447307772889169,0.02702702702702703,1.2548262548262548,2.3704917542126847,"[[74.96791076660156, 64.01529693603516], [30.000001907348633, 6.000000476837158], 0.615369975566864]"
fing_x_face,15,0.01,face_G>li_V>ri_V,3,LR-P1-N2,GP,foldA,300,True,0.00720687984496124,0.007751937984496124,0.006764239322378857,0.011583011583011582,1.162162162162162,2.2320642902038252,"[[74.04798126220703, 64.83816528320312], [27.000001907348633, 6.000000476837158], 35.000003814697266]"
fing_x_face,15,0.01,face_G>li_V>ri_V,3,HYP,GP,foldA,300,False,,,,,,,
fing_x_face,15,0.01,face_G>li_V>ri_V,3,S1-Marcialis,rule,foldA,300,True,0.006722383720930232,0.007751937984496124,0.0052677261979587565,0.015444015444015444,1.3976833976833978,2.393538056328754,"[[75.97413635253906, 64.80564880371094], [30.000001907348633, 6.0], 19.0]"
fing_x_face,15,0.01,face_G>li_V>ri_V,3,S2-Symmetric,rule,foldA,300,True,0.006722383720930232,0.007751937984496124,0.0052677261979587565,0.015444015444015444,1.3976833976833978,2.393538056328754,"[[75.97413635253906, 64.80564880371094], [30.000001907348633, 6.0], 19.0]"
fing_x_face,15,0.01,face_G>li_V>ri_V,3,S3-SPRT,rule,foldA,300,True,0.0068435077519379845,0.015503875968992248,0.004758911735655922,0.007722007722007722,1.3629343629343629,1.8683218101822754,"[[5.426132977334145, -3.482222103528612], [5.426132977334145, -3.482222103528612], -2.574751937078829]"
fing_x_face,15,0.01,face_G>li_V>ri_V,3,S4-Direct,rule,foldA,300,True,0.005208333333333333,0.0,0.004235132142108886,0.015444015444015444,1.2548262548262548,2.3704917542126847,"[[74.96791076660156, 64.01529693603516], [30.000001907348633, 6.000000476837158], 20.0]"
fing_x_face,15,0.01,face_G>ri_V>face_C,3,LR-P1-N2,GP,foldA,300,True,0.007146317829457364,0.007751937984496124,0.0070186465535302745,0.007722007722007722,1.1428571428571428,2.6055341055341055,"[[74.18230438232422, 64.83816528320312], [23.000001907348633, 3.000000238418579], 0.6488699913024902]"
fing_x_face,15,0.01,face_G>ri_V>face_C,3,HYP,GP,foldA,300,False,,,,,,,
fing_x_face,15,0.01,face_G>ri_V>face_C,3,S1-Marcialis,rule,foldA,300,True,0.006722383720930232,0.007751937984496124,0.005926191972703601,0.007722007722007722,1.3822393822393821,2.6695699021280417,"[[75.97413635253906, 64.80564880371094], [35.000003814697266, 3.0], 0.6209700107574463]"
fing_x_face,15,0.01,face_G>ri_V>face_C,3,S2-Symmetric,rule,foldA,300,True,0.007267441860465116,0.007751937984496124,0.0070186465535302745,0.007722007722007722,1.166023166023166,2.661458800993685,"[[74.30677795410156, 64.80564880371094], [35.000003814697266, 3.0], 0.6291599869728088]"
fing_x_face,15,0.01,face_G>ri_V>face_C,3,S3-SPRT,rule,foldA,300,True,0.006722383720930232,0.007751937984496124,0.005821436053994194,0.003861003861003861,1.3397683397683398,1.8405614917242825,"[[5.426132977334145, -3.482222103528612], [5.426132977334145, -3.482222103528612], -1.4778495814893482]"
fing_x_face,15,0.01,face_G>ri_V>face_C,3,S4-Direct,rule,foldA,300,True,0.007025193798449613,0.0,0.005941157103947802,0.003861003861003861,1.3552123552123552,2.3476399988027894,"[[75.97413635253906, 64.01529693603516], [21.000001907348633, 6.000000476837158], 0.6210100054740906]"
fing_x_face,15,0.01,face_G>ri_V>li_V,3,LR-P1-N2,GP,foldA,300,True,0.00720687984496124,0.007751937984496124,0.0073029840471700936,0.007722007722007722,1.1428571428571428,2.60498039567807,"[[74.15857696533203, 64.83816528320312], [22.000001907348633, 3.000000238418579], 28.0]"
fing_x_face,15,0.01,face_G>ri_V>li_V,3,HYP,GP,foldA,300,False,,,,,,,
fing_x_face,15,0.01,face_G>ri_V>li_V,3,S1-Marcialis,rule,foldA,300,True,0.007025193798449613,0.015503875968992248,0.0061506689413666155,0.011583011583011582,1.3822393822393821,2.6695699021280417,"[[75.97413635253906, 64.80564880371094], [35.000003814697266, 3.0], 19.0]"
fing_x_face,15,0.01,face_G>ri_V>li_V,3,S2-Symmetric,rule,foldA,300,True,0.006359011627906977,0.0,0.006420041303762234,0.007722007722007722,1.166023166023166,2.661458800993685,"[[74.30677795410156, 64.80564880371094], [35.000003814697266, 3.0], 22.0]"
fing_x_face,15,0.01,face_G>ri_V>li_V,3,S3-SPRT,rule,foldA,300,True,0.0068435077519379845,0.007751937984496124,0.004743946604411721,0.007722007722007722,1.3397683397683398,1.8405614917242825,"[[5.426132977334145, -3.482222103528612], [5.426132977334145, -3.482222103528612], -2.574751937078829]"
fing_x_face,15,0.01,face_G>ri_V>li_V,3,S4-Direct,rule,foldA,300,True,0.005813953488372093,0.0,0.006090808416389812,0.007722007722007722,1.308880308880309,2.3474604172278593,"[[75.55891418457031, 64.01529693603516], [21.000001907348633, 6.000000476837158], 20.0]"
fing_x_face,15,0.01,li_V>face_C>face_G,3,LR-P1-N2,GP,foldA,300,True,0.006359011627906977,0.023255813953488372,0.00621052946634342,0.03861003861003861,1.1196911196911197,1.9837029720750652,"[[21.000001907348633, 6.000000476837158], [0.6301500797271729, -Infinity], 74.36258697509766]"
fing_x_face,15,0.01,li_V>face_C>face_G,3,HYP,GP,foldA,300,False,,,,,,,
fing_x_face,15,0.01,li_V>face_C>face_G,3,S1-Marcialis,rule,foldA,300,True,0.007085755813953488,0.015503875968992248,0.006734309059890455,0.05019305019305019,1.2702702702702702,2.333153751758403,"[[30.000001907348633, 6.0], [0.6979800462722778, -1.0], 73.86939239501953]"
fing_x_face,15,0.01,li_V>face_C>face_G,3,S2-Symmetric,rule,foldA,300,True,0.007085755813953488,0.015503875968992248,0.006734309059890455,0.05019305019305019,1.2702702702702702,2.333153751758403,"[[30.000001907348633, 6.0], [0.6979800462722778, -1.0], 73.86939239501953]"
fing_x_face,15,0.01,li_V>face_C>face_G,3,S3-SPRT,rule,foldA,300,True,0.007085755813953488,0.007751937984496124,0.005522133429110173,0.011583011583011582,1.2586872586872586,2.08980575259645,"[[4.871571932825799, -3.523733219687808], [4.871571932825799, -3.523733219687808], -0.9242078949750576]"
fing_x_face,15,0.01,li_V>face_C>face_G,3,S4-Direct,rule,foldA,300,True,0.007025193798449613,0.007751937984496124,0.005626889347819581,0.03088803088803089,1.2702702702702702,1.8490018257460117,"[[30.000001907348633, 4.000000476837158], [0.6979800462722778, 0.6070200800895691], 72.65377807617188]"
fing_x_face,15,0.01,li_V>face_C>ri_V,3,LR-P1-N2,GP,foldA,300,True,0.006661821705426356,0.015503875968992248,0.006689413666157852,0.03861003861003861,1.1042471042471043,1.9818173655382958,"[[20.000001907348633, 6.000000476837158], [0.6316100358963013, -Infinity], 23.0]"
fing_x_face,15,0.01,li_V>face_C>ri_V,3,HYP,GP,foldA,300,False,,,,,,,
fing_x_face,15,0.01,li_V>face_C>ri_V,3,S1-Marcialis,rule,foldA,300,True,0.005208333333333333,0.0,0.004564365029481309,0.03861003861003861,1.2702702702702702,2.333153751758403,"[[30.000001907348633, 6.0], [0.6979800462722778, -1.0], 20.0]"
fing_x_face,15,0.01,li_V>face_C>ri_V,3,S2-Symmetric,rule,foldA,300,True,0.005208333333333333,0.0,0.004564365029481309,0.03861003861003861,1.2702702702702702,2.333153751758403,"[[30.000001907348633, 6.0], [0.6979800462722778, -1.0], 20.0]"
fing_x_face,15,0.01,li_V>face_C>ri_V,3,S3-SPRT,rule,foldA,300,True,0.006722383720930232,0.0,0.004025620304690072,0.0,1.2586872586872586,2.08980575259645,"[[4.871571932825799, -3.523733219687808], [4.871571932825799, -3.523733219687808], -2.2803687176330016]"
fing_x_face,15,0.01,li_V>face_C>ri_V,3,S4-Direct,rule,foldA,300,True,0.006298449612403101,0.0,0.00577654066026159,0.019305019305019305,1.2355212355212355,2.2334261171470473,"[[30.000001907348633, 4.000000476837158], [0.6294600367546082, 0.531480073928833], 20.0]"
fing_x_face,15,0.01,li_V>face_G>face_C,3,LR-P1-N2,GP,foldA,300,True,0.00660125968992248,0.023255813953488372,0.006285355122564425,0.03861003861003861,1.1158301158301158,1.8975487115021998,"[[21.000001907348633, 6.000000476837158], [74.36258697509766, 64.83816528320312], 0.6290300488471985]"
fing_x_face,15,0.01,li_V>face_G>face_C,3,HYP,GP,foldA,300,False,,,,,,,
fing_x_face,15,0.01,li_V>face_G>face_C,3,S1-Marcialis,rule,foldA,300,True,0.006904069767441861,0.007751937984496124,0.0054622729041333695,0.04247104247104247,1.247104247104247,2.2216784891203494,"[[30.000001907348633, 6.0], [75.97413635253906, 64.80564880371094], 0.6177600026130676]"
fing_x_face,15,0.01,li_V>face_G>face_C,3,S2-Symmetric,rule,foldA,300,True,0.006904069767441861,0.007751937984496124,0.0054622729041333695,0.04247104247104247,1.247104247104247,2.2216784891203494,"[[30.000001907348633, 6.0], [75.97413635253906, 64.80564880371094], 0.6177600026130676]"
fing_x_face,15,0.01,li_V>face_G>face_C,3,S3-SPRT,rule,foldA,300,True,0.007146317829457364,0.007751937984496124,0.005552063691598576,0.011583011583011582,1.2393822393822393,2.08503187572955,"[[4.871571932825799, -3.523733219687808], [4.871571932825799, -3.523733219687808], -0.8533675030863299]"
fing_x_face,15,0.01,li_V>face_G>face_C,3,S4-Direct,rule,foldA,300,True,0.006964631782945737,0.007751937984496124,0.006075843285145611,0.023166023166023165,1.274131274131274,1.9815928885696328,"[[30.000001907348633, 4.000000476837158], [75.97413635253906, 70.96910095214844], 0.6137199997901917]"
fing_x_face,15,0.01,li_V>face_G>ri_V,3,LR-P1-N2,GP,foldA,300,True,0.0068435077519379845,0.015503875968992248,0.006749274191134656,0.03474903474903475,1.1003861003861004,1.8957828260153842,"[[20.000001907348633, 6.000000476837158], [74.4013442993164, 64.83816528320312], 23.0]"
fing_x_face,15,0.01,li_V>face_G>ri_V,3,HYP,GP,foldA,300,False,,,,,,,
fing_x_face,15,0.01,li_V>face_G>ri_V,3,S1-Marcialis,rule,foldA,300,True,0.006722383720930232,0.007751937984496124,0.005297656460447158,0.03088803088803089,1.247104247104247,2.2216784891203494,"[[30.000001907348633, 6.0], [75.97413635253906, 64.80564880371094], 19.0]"
fing_x_face,15,0.01,li_V>face_G>ri_V,3,S2-Symmetric,rule,foldA,300,True,0.006722383720930232,0.007751937984496124,0.005297656460447158,0.03088803088803089,1.247104247104247,2.2216784891203494,"[[30.000001907348633, 6.0], [75.97413635253906, 64.80564880371094], 19.0]"
fing_x_face,15,0.01,li_V>face_G>ri_V,3,S3-SPRT,rule,foldA,300,True,0.006904069767441861,0.007751937984496124,0.004953458441830535,0.003861003861003861,1.2393822393822393,2.08503187572955,"[[4.871571932825799, -3.523733219687808], [4.871571932825799, -3.523733219687808], -2.5542325112869775]"
fing_x_face,15,0.01,li_V>face_G>ri_V,3,S4-Direct,rule,foldA,300,True,0.006237887596899225,0.0,0.005013318966807339,0.011583011583011582,1.250965250965251,2.1913441680883543,"[[30.000001907348633, 4.000000476837158], [74.41653442382812, 66.35342407226562], 20.0]"
fing_x_face,15,0.01,li_V>ri_V>face_C,3,LR-P1-N2,GP,foldA,300,True,0.00720687984496124,0.023255813953488372,0.007063541947262877,0.03861003861003861,1.1081081081081081,1.9607464607464606,"[[20.000001907348633, 6.000000476837158], [21.000001907348633, 3.000000238418579], 0.6340199708938599]"
fing_x_face,15,0.01,li_V>ri_V>face_C,3,HYP,GP,foldA,300,False,,,,,,,
fing_x_face,15,0.01,li_V>ri_V>face_C,3,S1-Marcialis,rule,foldA,300,True,0.006782945736434108,0.0,0.005402412379156565,0.03088803088803089,1.247104247104247,2.3293526084223757,"[[30.000001907348633, 6.0], [35.000003814697266, 3.0], 0.6179199814796448]"
fing_x_face,15,0.01,li_V>ri_V>face_C,3,S2-Symmetric,rule,foldA,300,True,0.006782945736434108,0.0,0.005402412379156565,0.03088803088803089,1.247104247104247,2.3293526084223757,"[[30.000001907348633, 6.0], [35.000003814697266, 3.0], 0.6179199814796448]"
fing_x_face,15,0.01,li_V>ri_V>face_C,3,S3-SPRT,rule,foldA,300,True,0.006480135658914729,0.023255813953488372,0.0045045045045045045,0.011583011583011582,1.2316602316602316,2.0565981263655684,"[[4.871571932825799, -3.523733219687808], [4.871571932825799, -3.523733219687808], -2.241899363080956]"
fing_x_face,15,0.01,li_V>ri_V>face_C,3,S4-Direct,rule,foldA,300,True,0.0068435077519379845,0.007751937984496124,0.005387447247912364,0.015444015444015444,1.274131274131274,2.5303492861632395,"[[30.000001907348633, 4.000000476837158], [35.000003814697266, 4.000000476837158], 0.618939995765686]"
fing_x_face,15,0.01,li_V>ri_V>face_G,3,LR-P1-N2,GP,foldA,300,True,0.006661821705426356,0.023255813953488372,0.0066295531411810485,0.03474903474903475,1.1235521235521235,1.9628116488581604,"[[21.000001907348633, 6.000000476837158], [21.000001907348633, 3.000000238418579], 74.36166381835938]"
fing_x_face,15,0.01,li_V>ri_V>face_G,3,HYP,GP,foldA,300,False,,,,,,,
fing_x_face,15,0.01,li_V>ri_V>face_G,3,S1-Marcialis,rule,foldA,300,True,0.007085755813953488,0.0,0.006734309059890455,0.03474903474903475,1.247104247104247,2.3293526084223757,"[[30.000001907348633, 6.0], [35.000003814697266, 3.0], 73.86939239501953]"
fing_x_face,15,0.01,li_V>ri_V>face_G,3,S2-Symmetric,rule,foldA,300,True,0.007085755813953488,0.0,0.006734309059890455,0.03474903474903475,1.247104247104247,2.3293526084223757,"[[30.000001907348633, 6.0], [35.000003814697266, 3.0], 73.86939239501953]"
fing_x_face,15,0.01,li_V>ri_V>face_G,3,S3-SPRT,rule,foldA,300,True,0.006782945736434108,0.023255813953488372,0.005357516985423963,0.015444015444015444,1.2316602316602316,2.0565981263655684,"[[4.871571932825799, -3.523733219687808], [4.871571932825799, -3.523733219687808], -2.633797438231328]"
fing_x_face,15,0.01,li_V>ri_V>face_G,3,S4-Direct,rule,foldA,300,True,0.006964631782945737,0.007751937984496124,0.005941157103947802,0.019305019305019305,1.274131274131274,2.5303492861632395,"[[30.000001907348633, 4.000000476837158], [35.000003814697266, 4.000000476837158], 73.97245025634766]"
fing_x_face,15,0.01,ri_V>face_C>face_G,3,LR-P1-N2,GP,foldA,300,True,0.006964631782945737,0.007751937984496124,0.007033611684774475,0.011583011583011582,1.0810810810810811,2.8710753943312084,"[[20.000001907348633, 3.000000238418579], [0.6390000581741333, -Infinity], 74.73880767822266]"
fing_x_face,15,0.01,ri_V>face_C>face_G,3,HYP,GP,foldA,300,False,,,,,,,
fing_x_face,15,0.01,ri_V>face_C>face_G,3,S1-Marcialis,rule,foldA,300,True,0.00720687984496124,0.015503875968992248,0.006524797222471641,0.019305019305019305,1.196911196911197,2.982894854987878,"[[35.000003814697266, 3.0], [0.6979800462722778, -1.0], 74.04251098632812]"
fing_x_face,15,0.01,ri_V>face_C>face_G,3,S2-Symmetric,rule,foldA,300,True,0.00720687984496124,0.015503875968992248,0.006524797222471641,0.019305019305019305,1.196911196911197,2.982894854987878,"[[35.000003814697266, 3.0], [0.6979800462722778, -1.0], 74.04251098632812]"
fing_x_face,15,0.01,ri_V>face_C>face_G,3,S3-SPRT,rule,foldA,300,True,0.00660125968992248,0.007751937984496124,0.005252761066714555,0.003861003861003861,1.1467181467181466,1.7358803986710964,"[[4.472440495776489, -3.995385948470832], [4.472440495776489, -3.995385948470832], -1.5553724593712164]"
fing_x_face,15,0.01,ri_V>face_C>face_G,3,S4-Direct,rule,foldA,300,True,0.007267441860465116,0.007751937984496124,0.006390111041273832,0.015444015444015444,1.1235521235521235,2.200143665259944,"[[28.000001907348633, 4.000000476837158], [0.6294600367546082, 0.531480073928833], 74.27253723144531]"
fing_x_face,15,0.01,ri_V>face_C>li_V,3,LR-P1-N2,GP,foldA,300,True,0.006480135658914729,0.007751937984496124,0.007033611684774475,0.015444015444015444,1.0772200772200773,2.870446858818952,"[[20.000001907348633, 3.000000238418579], [0.6346100568771362, -Infinity], 25.000001907348633]"
fing_x_face,15,0.01,ri_V>face_C>li_V,3,HYP,GP,foldA,300,False,,,,,,,
fing_x_face,15,0.01,ri_V>face_C>li_V,3,S1-Marcialis,rule,foldA,300,True,0.005026647286821706,0.0,0.0052677261979587565,0.019305019305019305,1.196911196911197,2.982894854987878,"[[35.000003814697266, 3.0], [0.6979800462722778, -1.0], 20.0]"
fing_x_face,15,0.01,ri_V>face_C>li_V,3,S2-Symmetric,rule,foldA,300,True,0.005026647286821706,0.0,0.0052677261979587565,0.019305019305019305,1.196911196911197,2.982894854987878,"[[35.000003814697266, 3.0], [0.6979800462722778, -1.0], 20.0]"
fing_x_face,15,0.01,ri_V>face_C>li_V,3,S3-SPRT,rule,foldA,300,True,0.006419573643410853,0.007751937984496124,0.004265062404597288,0.003861003861003861,1.1467181467181466,1.7358803986710964,"[[4.472440495776489, -3.995385948470832], [4.472440495776489, -3.995385948470832], -2.2688081588483335]"
fing_x_face,15,0.01,ri_V>face_C>li_V,3,S4-Direct,rule,foldA,300,True,0.006298449612403101,0.007751937984496124,0.0056568196103079825,0.015444015444015444,1.1235521235521235,2.200143665259944,"[[28.000001907348633, 4.000000476837158], [0.6294600367546082, 0.531480073928833], 20.0]"
fing_x_face,15,0.01,ri_V>face_G>face_C,3,LR-P1-N2,GP,foldA,300,True,0.007146317829457364,0.007751937984496124,0.007198228128460687,0.011583011583011582,1.0694980694980696,2.715333273472808,"[[20.000001907348633, 3.000000238418579], [74.73880767822266, 64.83816528320312], 0.6380300521850586]"
fing_x_face,15,0.01,ri_V>face_G>face_C,3,HYP,GP,foldA,300,False,,,,,,,
fing_x_face,15,0.01,ri_V>face_G>face_C,3,S1-Marcialis,rule,foldA,300,True,0.006722383720930232,0.007751937984496124,0.005926191972703601,0.011583011583011582,1.1814671814671815,2.822588369099997,"[[35.000003814697266, 3.0], [75.97413635253906, 64.80564880371094], 0.6209700107574463]"
fing_x_face,15,0.01,ri_V>face_G>face_C,3,S2-Symmetric,rule,foldA,300,True,0.007267441860465116,0.007751937984496124,0.006988716291041873,0.011583011583011582,1.1583011583011582,2.8185477836640627,"[[35.000003814697266, 3.0], [74.30677795410156, 64.80564880371094], 0.6291599869728088]"
fing_x_face,15,0.01,ri_V>face_G>face_C,3,S3-SPRT,rule,foldA,300,True,0.006661821705426356,0.007751937984496124,0.005252761066714555,0.003861003861003861,1.138996138996139,1.7302535093232767,"[[4.472440495776489, -3.995385948470832], [4.472440495776489, -3.995385948470832], -1.5167753146514618]"
fing_x_face,15,0.01,ri_V>face_G>face_C,3,S4-Direct,rule,foldA,300,True,0.007085755813953488,0.007751937984496124,0.006644518272425249,0.015444015444015444,1.1274131274131274,2.163344407530454,"[[28.000001907348633, 4.000000476837158], [74.41653442382812, 66.35342407226562], 0.6238499879837036]"
fing_x_face,15,0.01,ri_V>face_G>li_V,3,LR-P1-N2,GP,foldA,300,True,0.006964631782945737,0.007751937984496124,0.00665948340366945,0.007722007722007722,1.0694980694980696,2.7148543892729937,"[[20.000001907348633, 3.000000238418579], [74.61289978027344, 64.83816528320312], 24.000001907348633]"
fing_x_face,15,0.01,ri_V>face_G>li_V,3,HYP,GP,foldA,300,False,,,,,,,
fing_x_face,15,0.01,ri_V>face_G>li_V,3,S1-Marcialis,rule,foldA,300,True,0.007025193798449613,0.015503875968992248,0.0061506689413666155,0.015444015444015444,1.1814671814671815,2.822588369099997,"[[35.000003814697266, 3.0], [75.97413635253906, 64.80564880371094], 19.0]"
fing_x_face,15,0.01,ri_V>face_G>li_V,3,S2-Symmetric,rule,foldA,300,True,0.006359011627906977,0.0,0.006390111041273832,0.011583011583011582,1.1583011583011582,2.8185477836640627,"[[35.000003814697266, 3.0], [74.30677795410156, 64.80564880371094], 22.0]"
fing_x_face,15,0.01,ri_V>face_G>li_V,3,S3-SPRT,rule,foldA,300,True,0.0068435077519379845,0.007751937984496124,0.00487863278560953,0.007722007722007722,1.138996138996139,1.7302535093232767,"[[4.472440495776489, -3.995385948470832], [4.472440495776489, -3.995385948470832], -2.574751937078829]"
fing_x_face,15,0.01,ri_V>face_G>li_V,3,S4-Direct,rule,foldA,300,True,0.005632267441860465,0.007751937984496124,0.005088144623028344,0.019305019305019305,1.162162162162162,2.1636137798928496,"[[35.000003814697266, 4.000000476837158], [74.41653442382812, 66.35342407226562], 20.0]"
fing_x_face,15,0.01,ri_V>li_V>face_C,3,LR-P1-N2,GP,foldA,300,True,0.006964631782945737,0.015503875968992248,0.006539762353715842,0.02702702702702703,1.0810810810810811,2.4055550567178474,"[[19.000001907348633, 3.000000238418579], [26.000001907348633, 6.000000476837158], 0.6470900177955627]"
fing_x_face,15,0.01,ri_V>li_V>face_C,3,HYP,GP,foldA,300,False,,,,,,,
fing_x_face,15,0.01,ri_V>li_V>face_C,3,S1-Marcialis,rule,foldA,300,True,0.006782945736434108,0.0,0.005402412379156565,0.023166023166023165,1.196911196911197,2.6542306426027356,"[[35.000003814697266, 3.0], [30.000001907348633, 6.0], 0.6179199814796448]"
fing_x_face,15,0.01,ri_V>li_V>face_C,3,S2-Symmetric,rule,foldA,300,True,0.006782945736434108,0.0,0.005402412379156565,0.023166023166023165,1.196911196911197,2.6542306426027356,"[[35.000003814697266, 3.0], [30.000001907348633, 6.0], 0.6179199814796448]"
fing_x_face,15,0.01,ri_V>li_V>face_C,3,S3-SPRT,rule,foldA,300,True,0.006419573643410853,0.023255813953488372,0.004429678848283499,0.015444015444015444,1.1544401544401544,1.7303133698482536,"[[4.472440495776489, -3.995385948470832], [4.472440495776489, -3.995385948470832], -2.241899363080956]"
fing_x_face,15,0.01,ri_V>li_V>face_C,3,S4-Direct,rule,foldA,300,True,0.0068435077519379845,0.007751937984496124,0.005387447247912364,0.015444015444015444,1.2007722007722008,2.5089641136152765,"[[35.000003814697266, 4.000000476837158], [30.000001907348633, 4.000000476837158], 0.618939995765686]"
fing_x_face,15,0.01,ri_V>li_V>face_G,3,LR-P1-N2,GP,foldA,300,True,0.007085755813953488,0.015503875968992248,0.006539762353715842,0.019305019305019305,1.0810810810810811,2.4055550567178474,"[[19.000001907348633, 3.000000238418579], [26.000001907348633, 6.000000476837158], 74.87909698486328]"
fing_x_face,15,0.01,ri_V>li_V>face_G,3,HYP,GP,foldA,300,False,,,,,,,
fing_x_face,15,0.01,ri_V>li_V>face_G,3,S1-Marcialis,rule,foldA,300,True,0.007085755813953488,0.0,0.006734309059890455,0.02702702702702703,1.196911196911197,2.6542306426027356,"[[35.000003814697266, 3.0], [30.000001907348633, 6.0], 73.86939239501953]"
fing_x_face,15,0.01,ri_V>li_V>face_G,3,S2-Symmetric,rule,foldA,300,True,0.007085755813953488,0.0,0.006734309059890455,0.02702702702702703,1.196911196911197,2.6542306426027356,"[[35.000003814697266, 3.0], [30.000001907348633, 6.0], 73.86939239501953]"
fing_x_face,15,0.01,ri_V>li_V>face_G,3,S3-SPRT,rule,foldA,300,True,0.006722383720930232,0.023255813953488372,0.005252761066714555,0.019305019305019305,1.1544401544401544,1.7303133698482536,"[[4.472440495776489, -3.995385948470832], [4.472440495776489, -3.995385948470832], -2.6446861218762434]"
fing_x_face,15,0.01,ri_V>li_V>face_G,3,S4-Direct,rule,foldA,300,True,0.006964631782945737,0.007751937984496124,0.005941157103947802,0.019305019305019305,1.2007722007722008,2.5089641136152765,"[[35.000003814697266, 4.000000476837158], [30.000001907348633, 4.000000476837158], 73.97245025634766]"
fing_x_face,15,0.01,face_C>face_G>li_V>ri_V,4,LR-P1-N2,GP,foldA,300,True,0.006964631782945737,0.007751937984496124,0.006449971566250636,0.007722007722007722,1.1776061776061777,3.227604681093053,"[[0.6236900687217712, -Infinity], [74.67781829833984, 64.83816528320312], [30.000001907348633, 6.000000476837158], 35.000003814697266]"
fing_x_face,15,0.01,face_C>face_G>li_V>ri_V,4,HYP,GP,foldA,300,False,,,,,,,
fing_x_face,15,0.01,face_C>face_G>li_V>ri_V,4,S1-Marcialis,rule,foldA,300,True,0.006722383720930232,0.0,0.005312621591691359,0.011583011583011582,1.7027027027027026,3.3934183352788003,"[[0.6979800462722778, -1.0], [75.97413635253906, 64.80564880371094], [30.000001907348633, 6.0], 19.0]"
fing_x_face,15,0.01,face_C>face_G>li_V>ri_V,4,S2-Symmetric,rule,foldA,300,True,0.006722383720930232,0.0,0.005312621591691359,0.011583011583011582,1.7027027027027026,3.3934183352788003,"[[0.6979800462722778, -1.0], [75.97413635253906, 64.80564880371094], [30.000001907348633, 6.0], 19.0]"
fing_x_face,15,0.01,face_C>face_G>li_V>ri_V,4,S3-SPRT,rule,foldA,300,True,0.0068435077519379845,0.031007751937984496,0.004743946604411721,0.02702702702702703,1.359073359073359,1.4587860285534704,"[[4.751899759315907, -2.5987430615010703], [4.751899759315907, -2.5987430615010703], [4.751899759315907, -2.5987430615010703], -3.8521043792575433]"
fing_x_face,15,0.01,face_C>face_G>li_V>ri_V,4,S4-Direct,rule,foldA,300,True,0.005995639534883721,0.007751937984496124,0.004743946604411721,0.015444015444015444,1.2934362934362935,2.3072042141809583,"[[0.648870050907135, 0.5260200500488281], [75.97413635253906, 64.01529693603516], [30.000001907348633, 6.000000476837158], 18.0]"
fing_x_face,15,0.01,face_C>face_G>ri_V>li_V,4,LR-P1-N2,GP,foldA,300,False,,,,,,,
fing_x_face,15,0.01,face_C>face_G>ri_V>li_V,4,HYP,GP,foldA,300,False,,,,,,,
fing_x_face,15,0.01,face_C>face_G>ri_V>li_V,4,S1-Marcialis,rule,foldA,300,True,0.007025193798449613,0.0,0.006195564335099219,0.003861003861003861,1.691119691119691,3.669435215946844,"[[0.6979800462722778, -1.0], [75.97413635253906, 64.80564880371094], [35.000003814697266, 3.0], 19.0]"
fing_x_face,15,0.01,face_C>face_G>ri_V>li_V,4,S2-Symmetric,rule,foldA,300,True,0.006359011627906977,0.0,0.006435006435006435,0.003861003861003861,1.5405405405405406,3.6613839753374635,"[[0.6979800462722778, -1.0], [74.30677795410156, 64.80564880371094], [35.000003814697266, 3.0], 22.0]"
fing_x_face,15,0.01,face_C>face_G>ri_V>li_V,4,S3-SPRT,rule,foldA,300,True,0.006904069767441861,0.023255813953488372,0.005073179491784143,0.023166023166023165,1.3629343629343629,1.4546107569363382,"[[4.751899759315907, -2.5987430615010703], [4.751899759315907, -2.5987430615010703], [4.751899759315907, -2.5987430615010703], -4.091543531728437]"
fing_x_face,15,0.01,face_C>face_G>ri_V>li_V,4,S4-Direct,rule,foldA,300,True,0.006722383720930232,0.007751937984496124,0.005581993954086977,0.011583011583011582,1.277992277992278,2.2922989434617342,"[[0.648870050907135, 0.5260200500488281], [75.97413635253906, 64.01529693603516], [22.000001907348633, 6.000000476837158], 18.0]"
fing_x_face,15,0.01,face_C>li_V>face_G>ri_V,4,LR-P1-N2,GP,foldA,300,False,,,,,,,
fing_x_face,15,0.01,face_C>li_V>face_G>ri_V,4,HYP,GP,foldA,300,False,,,,,,,
fing_x_face,15,0.01,face_C>li_V>face_G>ri_V,4,S1-Marcialis,rule,foldA,300,True,0.006722383720930232,0.0,0.005342551854179761,0.011583011583011582,1.5135135135135136,3.22157373320164,"[[0.6979800462722778, -1.0], [30.000001907348633, 6.0], [75.97413635253906, 64.80564880371094], 19.0]"
fing_x_face,15,0.01,face_C>li_V>face_G>ri_V,4,S2-Symmetric,rule,foldA,300,True,0.006722383720930232,0.0,0.005342551854179761,0.011583011583011582,1.5135135135135136,3.22157373320164,"[[0.6979800462722778, -1.0], [30.000001907348633, 6.0], [75.97413635253906, 64.80564880371094], 19.0]"
fing_x_face,15,0.01,face_C>li_V>face_G>ri_V,4,S3-SPRT,rule,foldA,300,True,0.006782945736434108,0.015503875968992248,0.004654155816946515,0.011583011583011582,1.308880308880309,1.4298584298584298,"[[4.751899759315907, -2.5987430615010703], [4.751899759315907, -2.5987430615010703], [4.751899759315907, -2.5987430615010703], -4.000816073807672]"
fing_x_face,15,0.01,face_C>li_V>face_G>ri_V,4,S4-Direct,rule,foldA,300,True,0.005632267441860465,0.007751937984496124,0.0041154110921552784,0.011583011583011582,1.3011583011583012,1.9607314956152166,"[[0.6708900332450867, 0.5260200500488281], [30.000001907348633, 6.000000476837158], [74.61289978027344, 66.35342407226562], 17.0]"
fing_x_face,15,0.01,face_C>li_V>ri_V>face_G,4,LR-P1-N2,GP,foldA,300,False,,,,,,,
fing_x_face,15,0.01,face_C>li_V>ri_V>face_G,4,HYP,GP,foldA,300,False,,,,,,,
fing_x_face,15,0.01,face_C>li_V>ri_V>face_G,4,S1-Marcialis,rule,foldA,300,True,0.007085755813953488,0.0,0.006749274191134656,0.011583011583011582,1.494208494208494,3.3292478525036664,"[[0.6979800462722778, -1.0], [30.000001907348633, 6.0], [35.000003814697266, 3.0], 73.86939239501953]"
fing_x_face,15,0.01,face_C>li_V>ri_V>face_G,4,S2-Symmetric,rule,foldA,300,True,0.007085755813953488,0.0,0.006749274191134656,0.011583011583011582,1.494208494208494,3.3292478525036664,"[[0.6979800462722778, -1.0], [30.000001907348633, 6.0], [35.000003814697266, 3.0], 73.86939239501953]"
fing_x_face,15,0.01,face_C>li_V>ri_V>face_G,4,S3-SPRT,rule,foldA,300,True,0.006056201550387597,0.015503875968992248,0.0033372242674568255,0.007722007722007722,1.3127413127413128,1.4223309688425967,"[[4.751899759315907, -2.5987430615010703], [4.751899759315907, -2.5987430615010703], [4.751899759315907, -2.5987430615010703], -Infinity]"
fing_x_face,15,0.01,face_C>li_V>ri_V>face_G,4,S4-Direct,rule,foldA,300,True,0.0068435077519379845,0.007751937984496124,0.005731645266528988,0.015444015444015444,1.2934362934362935,1.9640687198826734,"[[0.6708900332450867, 0.5260200500488281], [30.000001907348633, 6.000000476837158], [22.000001907348633, 6.000000476837158], 73.48690795898438]"
fing_x_face,15,0.01,face_C>ri_V>face_G>li_V,4,LR-P1-N2,GP,foldA,300,True,0.007025193798449613,0.0,0.006764239322378857,0.007722007722007722,1.1158301158301158,3.7064140552512645,"[[0.6228600740432739, -Infinity], [24.000001907348633, 3.000000238418579], [75.20835876464844, 64.83816528320312], 30.000001907348633]"
fing_x_face,15,0.01,face_C>ri_V>face_G>li_V,4,HYP,GP,foldA,300,False,,,,,,,
fing_x_face,15,0.01,face_C>ri_V>face_G>li_V,4,S1-Marcialis,rule,foldA,300,True,0.007025193798449613,0.0,0.006195564335099219,0.003861003861003861,1.4787644787644787,3.822453682918799,"[[0.6979800462722778, -1.0], [35.000003814697266, 3.0], [75.97413635253906, 64.80564880371094], 19.0]"
fing_x_face,15,0.01,face_C>ri_V>face_G>li_V,4,S2-Symmetric,rule,foldA,300,True,0.006359011627906977,0.0,0.006405076172518033,0.003861003861003861,1.4594594594594594,3.8184430277453534,"[[0.6979800462722778, -1.0], [35.000003814697266, 3.0], [74.30677795410156, 64.80564880371094], 22.0]"
fing_x_face,15,0.01,face_C>ri_V>face_G>li_V,4,S3-SPRT,rule,foldA,300,True,0.006722383720930232,0.007751937984496124,0.004818772260632726,0.007722007722007722,1.2895752895752897,1.4142497979707283,"[[4.751899759315907, -2.5987430615010703], [4.751899759315907, -2.5987430615010703], [4.751899759315907, -2.5987430615010703], -4.343988116920417]"
fing_x_face,15,0.01,face_C>ri_V>face_G>li_V,4,S4-Direct,rule,foldA,300,True,0.005935077519379845,0.007751937984496124,0.004294992667085691,0.011583011583011582,1.4131274131274132,1.9407231151417197,"[[0.6979800462722778, 0.5260200500488281], [22.000001907348633, 6.000000476837158], [74.61289978027344, 66.35342407226562], 18.0]"
fing_x_face,15,0.01,face_C>ri_V>li_V>face_G,4,LR-P1-N2,GP,foldA,300,True,0.006964631782945737,0.0,0.006973751159797671,0.007722007722007722,1.1158301158301158,3.2644787644787643,"[[0.6232800483703613, -Infinity], [23.000001907348633, 3.000000238418579], [29.000001907348633, 7.000000476837158], 75.74730682373047]"
fing_x_face,15,0.01,face_C>ri_V>li_V>face_G,4,HYP,GP,foldA,300,False,,,,,,,
fing_x_face,15,0.01,face_C>ri_V>li_V>face_G,4,S1-Marcialis,rule,foldA,300,True,0.007085755813953488,0.0,0.006749274191134656,0.007722007722007722,1.471042471042471,3.654110921552782,"[[0.6979800462722778, -1.0], [35.000003814697266, 3.0], [30.000001907348633, 6.0], 73.86939239501953]"
fing_x_face,15,0.01,face_C>ri_V>li_V>face_G,4,S2-Symmetric,rule,foldA,300,True,0.007085755813953488,0.0,0.006749274191134656,0.007722007722007722,1.471042471042471,3.654110921552782,"[[0.6979800462722778, -1.0], [35.000003814697266, 3.0], [30.000001907348633, 6.0], 73.86939239501953]"
fing_x_face,15,0.01,face_C>ri_V>li_V>face_G,4,S3-SPRT,rule,foldA,300,True,0.005632267441860465,0.007751937984496124,0.0035766663673640416,0.007722007722007722,1.2934362934362935,1.4104187243722128,"[[4.751899759315907, -2.5987430615010703], [4.751899759315907, -2.5987430615010703], [4.751899759315907, -2.5987430615010703], -Infinity]"
fing_x_face,15,0.01,face_C>ri_V>li_V>face_G,4,S4-Direct,rule,foldA,300,True,0.006904069767441861,0.007751937984496124,0.006330250516297028,0.011583011583011582,1.416988416988417,1.909760258597468,"[[0.6979800462722778, 0.5260200500488281], [22.000001907348633, 6.000000476837158], [21.000001907348633, 7.000000476837158], 73.43048858642578]"
fing_x_face,15,0.01,face_G>face_C>li_V>ri_V,4,LR-P1-N2,GP,foldA,300,False,,,,,,,
fing_x_face,15,0.01,face_G>face_C>li_V>ri_V,4,HYP,GP,foldA,300,False,,,,,,,
fing_x_face,15,0.01,face_G>face_C>li_V>ri_V,4,S1-Marcialis,rule,foldA,300,True,0.006722383720930232,0.0,0.005312621591691359,0.011583011583011582,1.6563706563706564,3.231914638891383,"[[75.97413635253906, 64.80564880371094], [0.6979800462722778, -1.0], [30.000001907348633, 6.0], 19.0]"
fing_x_face,15,0.01,face_G>face_C>li_V>ri_V,4,S2-Symmetric,rule,foldA,300,True,0.006722383720930232,0.0,0.005312621591691359,0.011583011583011582,1.6563706563706564,3.231914638891383,"[[75.97413635253906, 64.80564880371094], [0.6979800462722778, -1.0], [30.000001907348633, 6.0], 19.0]"
fing_x_face,15,0.01,face_G>face_C>li_V>ri_V,4,S3-SPRT,rule,foldA,300,True,0.006964631782945737,0.031007751937984496,0.004684086079434917,0.007722007722007722,1.4787644787644787,1.9153871479452875,"[[5.426132977334145, -3.482222103528612], [5.426132977334145, -3.482222103528612], [5.426132977334145, -3.482222103528612], -3.6522146922639562]"
fing_x_face,15,0.01,face_G>face_C>li_V>ri_V,4,S4-Direct,rule,foldA,300,True,0.006661821705426356,0.0,0.005297656460447158,0.011583011583011582,1.5521235521235521,2.6851934991469877,"[[75.97413635253906, 64.01529693603516], [0.6708900332450867, 0.5260200500488281], [30.000001907348633, 6.000000476837158], 17.0]"
fing_x_face,15,0.01,face_G>face_C>ri_V>li_V,4,LR-P1-N2,GP,foldA,300,False,,,,,,,
fing_x_face,15,0.01,face_G>face_C>ri_V>li_V,4,HYP,GP,foldA,300,False,,,,,,,
fing_x_face,15,0.01,face_G>face_C>ri_V>li_V,4,S1-Marcialis,rule,foldA,300,True,0.007025193798449613,0.0,0.006195564335099219,0.003861003861003861,1.6447876447876448,3.5079315195594267,"[[75.97413635253906, 64.80564880371094], [0.6979800462722778, -1.0], [35.000003814697266, 3.0], 19.0]"
fing_x_face,15,0.01,face_G>face_C>ri_V>li_V,4,S2-Symmetric,rule,foldA,300,True,0.006359011627906977,0.0,0.006435006435006435,0.003861003861003861,1.3011583011583012,3.4958097632516236,"[[74.30677795410156, 64.80564880371094], [0.6979800462722778, -1.0], [35.000003814697266, 3.0], 22.0]"
fing_x_face,15,0.01,face_G>face_C>ri_V>li_V,4,S3-SPRT,rule,foldA,300,True,0.0068435077519379845,0.023255813953488372,0.004833737391876927,0.007722007722007722,1.4749034749034748,1.9090419322977463,"[[5.426132977334145, -3.482222103528612], [5.426132977334145, -3.482222103528612], [5.426132977334145, -3.482222103528612], -3.77301637398328]"
fing_x_face,15,0.01,face_G>face_C>ri_V>li_V,4,S4-Direct,rule,foldA,300,True,0.005692829457364341,0.0,0.004773876866900123,0.011583011583011582,1.613899613899614,2.670512705396426,"[[75.97413635253906, 64.01529693603516], [0.6979800462722778, 0.5260200500488281], [22.000001907348633, 6.000000476837158], 18.0]"
fing_x_face,15,0.01,face_G>li_V>face_C>ri_V,4,LR-P1-N2,GP,foldA,300,False,,,,,,,
fing_x_face,15,0.01,face_G>li_V>face_C>ri_V,4,HYP,GP,foldA,300,False,,,,,,,
fing_x_face,15,0.01,face_G>li_V>face_C>ri_V,4,S1-Marcialis,rule,foldA,300,True,0.006722383720930232,0.0,0.005297656460447158,0.015444015444015444,1.444015444015444,2.9485947741761693,"[[75.97413635253906, 64.80564880371094], [30.000001907348633, 6.0], [0.6979800462722778, -1.0], 19.0]"
fing_x_face,15,0.01,face_G>li_V>face_C>ri_V,4,S2-Symmetric,rule,foldA,300,True,0.006722383720930232,0.0,0.005297656460447158,0.015444015444015444,1.444015444015444,2.9485947741761693,"[[75.97413635253906, 64.80564880371094], [30.000001907348633, 6.0], [0.6979800462722778, -1.0], 19.0]"
fing_x_face,15,0.01,face_G>li_V>face_C>ri_V,4,S3-SPRT,rule,foldA,300,True,0.006661821705426356,0.015503875968992248,0.004369818323306696,0.007722007722007722,1.3822393822393821,1.8922510550417526,"[[5.426132977334145, -3.482222103528612], [5.426132977334145, -3.482222103528612], [5.426132977334145, -3.482222103528612], -3.4339972870138604]"
fing_x_face,15,0.01,face_G>li_V>face_C>ri_V,4,S4-Direct,rule,foldA,300,True,0.005995639534883721,0.0,0.004773876866900123,0.019305019305019305,1.277992277992278,2.59486396695699,"[[74.96791076660156, 64.01529693603516], [30.000001907348633, 6.000000476837158], [0.6337000727653503, 0.531480073928833], 19.0]"
fing_x_face,15,0.01,face_G>li_V>ri_V>face_C,4,LR-P1-N2,GP,foldA,300,False,,,,,,,
fing_x_face,15,0.01,face_G>li_V>ri_V>face_C,4,HYP,GP,foldA,300,False,,,,,,,
fing_x_face,15,0.01,face_G>li_V>ri_V>face_C,4,S1-Marcialis,rule,foldA,300,True,0.006904069767441861,0.0,0.005432342641644967,0.011583011583011582,1.416988416988417,2.9455269222711085,"[[75.97413635253906, 64.80564880371094], [30.000001907348633, 6.0], [35.000003814697266, 3.0], 0.6177600026130676]"
fing_x_face,15,0.01,face_G>li_V>ri_V>face_C,4,S2-Symmetric,rule,foldA,300,True,0.006904069767441861,0.0,0.005432342641644967,0.011583011583011582,1.416988416988417,2.9455269222711085,"[[75.97413635253906, 64.80564880371094], [30.000001907348633, 6.0], [35.000003814697266, 3.0], 0.6177600026130676]"
fing_x_face,15,0.01,face_G>li_V>ri_V>face_C,4,S3-SPRT,rule,foldA,300,True,0.00660125968992248,0.015503875968992248,0.004369818323306696,0.007722007722007722,1.3706563706563706,1.8773607494537727,"[[5.426132977334145, -3.482222103528612], [5.426132977334145, -3.482222103528612], [5.426132977334145, -3.482222103528612], -4.001883458758393]"
fing_x_face,15,0.01,face_G>li_V>ri_V>face_C,4,S4-Direct,rule,foldA,300,True,0.007025193798449613,0.0,0.005357516985423963,0.011583011583011582,1.2625482625482625,2.603648498997336,"[[74.96791076660156, 64.01529693603516], [30.000001907348633, 6.000000476837158], [22.000001907348633, 6.000000476837158], 0.6129900217056274]"
fing_x_face,15,0.01,face_G>ri_V>face_C>li_V,4,LR-P1-N2,GP,foldA,300,True,0.007267441860465116,0.007751937984496124,0.006779204453623058,0.007722007722007722,1.1505791505791505,3.3822693125018706,"[[74.10525512695312, 64.83816528320312], [24.000001907348633, 3.000000238418579], [0.6649300456047058, -Infinity], 30.0]"
fing_x_face,15,0.01,face_G>ri_V>face_C>li_V,4,HYP,GP,foldA,300,False,,,,,,,
fing_x_face,15,0.01,face_G>ri_V>face_C>li_V,4,S1-Marcialis,rule,foldA,300,True,0.007025193798449613,0.0,0.006195564335099219,0.003861003861003861,1.416988416988417,3.5006435006435006,"[[75.97413635253906, 64.80564880371094], [35.000003814697266, 3.0], [0.6979800462722778, -1.0], 19.0]"
fing_x_face,15,0.01,face_G>ri_V>face_C>li_V,4,S2-Symmetric,rule,foldA,300,True,0.006359011627906977,0.0,0.006435006435006435,0.003861003861003861,1.1814671814671815,3.488521744335698,"[[74.30677795410156, 64.80564880371094], [35.000003814697266, 3.0], [0.6979800462722778, -1.0], 22.0]"
fing_x_face,15,0.01,face_G>ri_V>face_C>li_V,4,S3-SPRT,rule,foldA,300,True,0.006722383720930232,0.007751937984496124,0.004998353835563138,0.003861003861003861,1.3513513513513513,1.8569632755679268,"[[5.426132977334145, -3.482222103528612], [5.426132977334145, -3.482222103528612], [5.426132977334145, -3.482222103528612], -3.748468459229475]"
fing_x_face,15,0.01,face_G>ri_V>face_C>li_V,4,S4-Direct,rule,foldA,300,True,0.006722383720930232,0.0,0.005806470922749993,0.003861003861003861,1.3667953667953667,2.5596659782706292,"[[75.97413635253906, 64.01529693603516], [22.000001907348633, 6.000000476837158], [0.6337000727653503, 0.531480073928833], 19.0]"
fing_x_face,15,0.01,face_G>ri_V>li_V>face_C,4,LR-P1-N2,GP,foldA,300,False,,,,,,,
fing_x_face,15,0.01,face_G>ri_V>li_V>face_C,4,HYP,GP,foldA,300,False,,,,,,,
fing_x_face,15,0.01,face_G>ri_V>li_V>face_C,4,S1-Marcialis,rule,foldA,300,True,0.006904069767441861,0.0,0.005432342641644967,0.007722007722007722,1.4015444015444016,3.221558768070396,"[[75.97413635253906, 64.80564880371094], [35.000003814697266, 3.0], [30.000001907348633, 6.0], 0.6177600026130676]"
fing_x_face,15,0.01,face_G>ri_V>li_V>face_C,4,S2-Symmetric,rule,foldA,300,True,0.006904069767441861,0.0,0.005432342641644967,0.007722007722007722,1.4015444015444016,3.221558768070396,"[[75.97413635253906, 64.80564880371094], [35.000003814697266, 3.0], [30.000001907348633, 6.0], 0.6177600026130676]"
fing_x_face,15,0.01,face_G>ri_V>li_V>face_C,4,S3-SPRT,rule,foldA,300,True,0.006904069767441861,0.007751937984496124,0.004609260423213911,0.007722007722007722,1.3474903474903475,1.8493011283708958,"[[5.426132977334145, -3.482222103528612], [5.426132977334145, -3.482222103528612], [5.426132977334145, -3.482222103528612], -4.200241082962485]"
fing_x_face,15,0.01,face_G>ri_V>li_V>face_C,4,S4-Direct,rule,foldA,300,True,0.00720687984496124,0.0,0.0062554248600760224,0.003861003861003861,1.3127413127413128,2.5164317141061328,"[[75.55891418457031, 64.01529693603516], [22.000001907348633, 6.000000476837158], [21.000001907348633, 7.000000476837158], 0.6128299832344055]"
fing_x_face,15,0.01,li_V>face_C>face_G>ri_V,4,LR-P1-N2,GP,foldA,300,True,0.0061773255813953485,0.015503875968992248,0.005806470922749993,0.03474903474903475,1.111969111969112,2.3862201071503395,"[[20.000001907348633, 6.000000476837158], [0.6337000727653503, -Infinity], [75.07616424560547, 64.83816528320312], 25.000001907348633]"
fing_x_face,15,0.01,li_V>face_C>face_G>ri_V,4,HYP,GP,foldA,300,False,,,,,,,
fing_x_face,15,0.01,li_V>face_C>face_G>ri_V,4,S1-Marcialis,rule,foldA,300,True,0.006722383720930232,0.0,0.00532758672293556,0.03088803088803089,1.3166023166023166,2.8882104696058186,"[[30.000001907348633, 6.0], [0.6979800462722778, -1.0], [75.97413635253906, 64.80564880371094], 19.0]"
fing_x_face,15,0.01,li_V>face_C>face_G>ri_V,4,S2-Symmetric,rule,foldA,300,True,0.006722383720930232,0.0,0.00532758672293556,0.03088803088803089,1.3166023166023166,2.8882104696058186,"[[30.000001907348633, 6.0], [0.6979800462722778, -1.0], [75.97413635253906, 64.80564880371094], 19.0]"
fing_x_face,15,0.01,li_V>face_C>face_G>ri_V,4,S3-SPRT,rule,foldA,300,True,0.006540697674418605,0.007751937984496124,0.004369818323306696,0.0,1.277992277992278,2.11181946065667,"[[4.871571932825799, -3.523733219687808], [4.871571932825799, -3.523733219687808], [4.871571932825799, -3.523733219687808], -3.3948891335775153]"
fing_x_face,15,0.01,li_V>face_C>face_G>ri_V,4,S4-Direct,rule,foldA,300,True,0.006904069767441861,0.0,0.005896261710215199,0.015444015444015444,1.2625482625482625,2.4456167130585733,"[[30.000001907348633, 4.000000476837158], [0.6337000727653503, 0.531480073928833], [74.61289978027344, 66.35342407226562], 19.0]"
fing_x_face,15,0.01,li_V>face_C>ri_V>face_G,4,LR-P1-N2,GP,foldA,300,True,0.0068435077519379845,0.015503875968992248,0.006973751159797671,0.03474903474903475,1.1081081081081081,2.4470084702642843,"[[19.000001907348633, 6.000000476837158], [0.6342700719833374, -Infinity], [25.000001907348633, 3.000000238418579], 75.97413635253906]"
fing_x_face,15,0.01,li_V>face_C>ri_V>face_G,4,HYP,GP,foldA,300,False,,,,,,,
fing_x_face,15,0.01,li_V>face_C>ri_V>face_G,4,S1-Marcialis,rule,foldA,300,True,0.007085755813953488,0.0,0.006734309059890455,0.03088803088803089,1.2972972972972974,2.995884588907845,"[[30.000001907348633, 6.0], [0.6979800462722778, -1.0], [35.000003814697266, 3.0], 73.86939239501953]"
fing_x_face,15,0.01,li_V>face_C>ri_V>face_G,4,S2-Symmetric,rule,foldA,300,True,0.007085755813953488,0.0,0.006734309059890455,0.03088803088803089,1.2972972972972974,2.995884588907845,"[[30.000001907348633, 6.0], [0.6979800462722778, -1.0], [35.000003814697266, 3.0], 73.86939239501953]"
fing_x_face,15,0.01,li_V>face_C>ri_V>face_G,4,S3-SPRT,rule,foldA,300,True,0.006661821705426356,0.0,0.0043099577983298915,0.0,1.281853281853282,2.0984406333243544,"[[4.871571932825799, -3.523733219687808], [4.871571932825799, -3.523733219687808], [4.871571932825799, -3.523733219687808], -4.281523411962814]"
fing_x_face,15,0.01,li_V>face_C>ri_V>face_G,4,S4-Direct,rule,foldA,300,True,0.006964631782945737,0.0,0.006375145910029631,0.015444015444015444,1.250965250965251,2.432701804794828,"[[30.000001907348633, 4.000000476837158], [0.6337000727653503, 0.531480073928833], [22.000001907348633, 6.000000476837158], 73.988037109375]"
fing_x_face,15,0.01,li_V>face_G>face_C>ri_V,4,LR-P1-N2,GP,foldA,300,True,0.006359011627906977,0.015503875968992248,0.005881296578970997,0.03474903474903475,1.1081081081081081,2.300245428152405,"[[20.000001907348633, 6.000000476837158], [74.46190643310547, 64.83816528320312], [0.6580200791358948, -Infinity], 25.000001907348633]"
fing_x_face,15,0.01,li_V>face_G>face_C>ri_V,4,HYP,GP,foldA,300,False,,,,,,,
fing_x_face,15,0.01,li_V>face_G>face_C>ri_V,4,S1-Marcialis,rule,foldA,300,True,0.006722383720930232,0.0,0.00532758672293556,0.03088803088803089,1.2934362934362935,2.776735206967765,"[[30.000001907348633, 6.0], [75.97413635253906, 64.80564880371094], [0.6979800462722778, -1.0], 19.0]"
fing_x_face,15,0.01,li_V>face_G>face_C>ri_V,4,S2-Symmetric,rule,foldA,300,True,0.006722383720930232,0.0,0.00532758672293556,0.03088803088803089,1.2934362934362935,2.776735206967765,"[[30.000001907348633, 6.0], [75.97413635253906, 64.80564880371094], [0.6979800462722778, -1.0], 19.0]"
fing_x_face,15,0.01,li_V>face_G>face_C>ri_V,4,S3-SPRT,rule,foldA,300,True,0.006540697674418605,0.007751937984496124,0.004354853192062494,0.003861003861003861,1.2548262548262548,2.109963784382389,"[[4.871571932825799, -3.523733219687808], [4.871571932825799, -3.523733219687808], [4.871571932825799, -3.523733219687808], -3.32951858380081]"
fing_x_face,15,0.01,li_V>face_G>face_C>ri_V,4,S4-Direct,rule,foldA,300,True,0.006722383720930232,0.0,0.005866331447726796,0.015444015444015444,1.274131274131274,2.4038639968872526,"[[30.000001907348633, 4.000000476837158], [74.61289978027344, 66.35342407226562], [0.6337000727653503, 0.531480073928833], 19.0]"
fing_x_face,15,0.01,li_V>face_G>ri_V>face_C,4,LR-P1-N2,GP,foldA,300,True,0.006056201550387597,0.015503875968992248,0.005671784741552183,0.03474903474903475,1.1042471042471043,2.283933435096226,"[[20.000001907348633, 6.000000476837158], [74.54354095458984, 64.83816528320312], [25.000001907348633, 3.000000238418579], 0.6557100415229797]"
fing_x_face,15,0.01,li_V>face_G>ri_V>face_C,4,HYP,GP,foldA,300,False,,,,,,,
fing_x_face,15,0.01,li_V>face_G>ri_V>face_C,4,S1-Marcialis,rule,foldA,300,True,0.006904069767441861,0.0,0.0054622729041333695,0.02702702702702703,1.2664092664092663,2.773667355062704,"[[30.000001907348633, 6.0], [75.97413635253906, 64.80564880371094], [35.000003814697266, 3.0], 0.6177600026130676]"
fing_x_face,15,0.01,li_V>face_G>ri_V>face_C,4,S2-Symmetric,rule,foldA,300,True,0.006904069767441861,0.0,0.0054622729041333695,0.02702702702702703,1.2664092664092663,2.773667355062704,"[[30.000001907348633, 6.0], [75.97413635253906, 64.80564880371094], [35.000003814697266, 3.0], 0.6177600026130676]"
fing_x_face,15,0.01,li_V>face_G>ri_V>face_C,4,S3-SPRT,rule,foldA,300,True,0.006782945736434108,0.007751937984496124,0.004609260423213911,0.003861003861003861,1.247104247104247,2.0945048038071294,"[[4.871571932825799, -3.523733219687808], [4.871571932825799, -3.523733219687808], [4.871571932825799, -3.523733219687808], -3.97432596555109]"
fing_x_face,15,0.01,li_V>face_G>ri_V>face_C,4,S4-Direct,rule,foldA,300,True,0.006904069767441861,0.0,0.005237795935470354,0.007722007722007722,1.2625482625482625,2.3684265661009847,"[[30.000001907348633, 4.000000476837158], [74.61289978027344, 66.35342407226562], [22.000001907348633, 6.000000476837158], 0.6209700107574463]"
fing_x_face,15,0.01,li_V>ri_V>face_C>face_G,4,LR-P1-N2,GP,foldA,300,True,0.0061773255813953485,0.023255813953488372,0.0060459130226572086,0.03474903474903475,1.1196911196911197,2.430442069976954,"[[20.000001907348633, 6.000000476837158], [22.000001907348633, 3.000000238418579], [0.650130033493042, -Infinity], 74.95679473876953]"
fing_x_face,15,0.01,li_V>ri_V>face_C>face_G,4,HYP,GP,foldA,300,False,,,,,,,
fing_x_face,15,0.01,li_V>ri_V>face_C>face_G,4,S1-Marcialis,rule,foldA,300,True,0.007085755813953488,0.0,0.006734309059890455,0.03088803088803089,1.274131274131274,2.9920834455718177,"[[30.000001907348633, 6.0], [35.000003814697266, 3.0], [0.6979800462722778, -1.0], 73.86939239501953]"
fing_x_face,15,0.01,li_V>ri_V>face_C>face_G,4,S2-Symmetric,rule,foldA,300,True,0.007085755813953488,0.0,0.006734309059890455,0.03088803088803089,1.274131274131274,2.9920834455718177,"[[30.000001907348633, 6.0], [35.000003814697266, 3.0], [0.6979800462722778, -1.0], 73.86939239501953]"
fing_x_face,15,0.01,li_V>ri_V>face_C>face_G,4,S3-SPRT,rule,foldA,300,True,0.006782945736434108,0.023255813953488372,0.00472898147316752,0.011583011583011582,1.247104247104247,2.0662805662805663,"[[4.871571932825799, -3.523733219687808], [4.871571932825799, -3.523733219687808], [4.871571932825799, -3.523733219687808], -4.747760313394407]"
fing_x_face,15,0.01,li_V>ri_V>face_C>face_G,4,S4-Direct,rule,foldA,300,True,0.007146317829457364,0.007751937984496124,0.006075843285145611,0.015444015444015444,1.2857142857142858,2.8630989793780492,"[[30.000001907348633, 4.000000476837158], [35.000003814697266, 4.000000476837158], [0.6337000727653503, 0.531480073928833], 74.07952880859375]"
fing_x_face,15,0.01,li_V>ri_V>face_G>face_C,4,LR-P1-N2,GP,foldA,300,True,0.006298449612403101,0.023255813953488372,0.006075843285145611,0.03474903474903475,1.111969111969112,2.3489718954835235,"[[20.000001907348633, 6.000000476837158], [22.000001907348633, 3.000000238418579], [74.95679473876953, 64.83816528320312], 0.648870050907135]"
fing_x_face,15,0.01,li_V>ri_V>face_G>face_C,4,HYP,GP,foldA,300,False,,,,,,,
fing_x_face,15,0.01,li_V>ri_V>face_G>face_C,4,S1-Marcialis,rule,foldA,300,True,0.006904069767441861,0.0,0.0054622729041333695,0.02702702702702703,1.2664092664092663,2.88134147436473,"[[30.000001907348633, 6.0], [35.000003814697266, 3.0], [75.97413635253906, 64.80564880371094], 0.6177600026130676]"
fing_x_face,15,0.01,li_V>ri_V>face_G>face_C,4,S2-Symmetric,rule,foldA,300,True,0.006904069767441861,0.0,0.0054622729041333695,0.02702702702702703,1.2664092664092663,2.88134147436473,"[[30.000001907348633, 6.0], [35.000003814697266, 3.0], [75.97413635253906, 64.80564880371094], 0.6177600026130676]"
fing_x_face,15,0.01,li_V>ri_V>face_G>face_C,4,S3-SPRT,rule,foldA,300,True,0.006722383720930232,0.023255813953488372,0.00457933016072551,0.015444015444015444,1.2355212355212355,2.0655323097183564,"[[4.871571932825799, -3.523733219687808], [4.871571932825799, -3.523733219687808], [4.871571932825799, -3.523733219687808], -4.35587078272286]"
fing_x_face,15,0.01,li_V>ri_V>face_G>face_C,4,S4-Direct,rule,foldA,300,True,0.006964631782945737,0.007751937984496124,0.005641854479063782,0.011583011583011582,1.2934362934362935,2.8269432222920594,"[[30.000001907348633, 4.000000476837158], [35.000003814697266, 4.000000476837158], [74.61289978027344, 66.35342407226562], 0.6206899881362915]"
fing_x_face,15,0.01,ri_V>face_C>face_G>li_V,4,LR-P1-N2,GP,foldA,300,True,0.005813953488372093,0.007751937984496124,0.005971087366436203,0.011583011583011582,1.0926640926640927,3.650369638741732,"[[20.000001907348633, 3.000000238418579], [0.6438600420951843, -Infinity], [75.20691680908203, 64.83816528320312], 27.000001907348633]"
fing_x_face,15,0.01,ri_V>face_C>face_G>li_V,4,HYP,GP,foldA,300,False,,,,,,,
fing_x_face,15,0.01,ri_V>face_C>face_G>li_V,4,S1-Marcialis,rule,foldA,300,True,0.007025193798449613,0.0,0.006195564335099219,0.007722007722007722,1.2316602316602316,3.813968453503337,"[[35.000003814697266, 3.0], [0.6979800462722778, -1.0], [75.97413635253906, 64.80564880371094], 19.0]"
fing_x_face,15,0.01,ri_V>face_C>face_G>li_V,4,S2-Symmetric,rule,foldA,300,True,0.006359011627906977,0.0,0.006405076172518033,0.007722007722007722,1.2123552123552124,3.8099577983298913,"[[35.000003814697266, 3.0], [0.6979800462722778, -1.0], [74.30677795410156, 64.80564880371094], 22.0]"
fing_x_face,15,0.01,ri_V>face_C>face_G>li_V,4,S3-SPRT,rule,foldA,300,True,0.00660125968992248,0.007751937984496124,0.004474574242016103,0.003861003861003861,1.1583011583011582,1.7540331028703122,"[[4.472440495776489, -3.995385948470832], [4.472440495776489, -3.995385948470832], [4.472440495776489, -3.995385948470832], -3.7470151393534374]"
fing_x_face,15,0.01,ri_V>face_C>face_G>li_V,4,S4-Direct,rule,foldA,300,True,0.006359011627906977,0.007751937984496124,0.0054622729041333695,0.011583011583011582,1.135135135135135,2.407769896141989,"[[28.000001907348633, 4.000000476837158], [0.6337000727653503, 0.531480073928833], [74.61289978027344, 66.35342407226562], 20.0]"
fing_x_face,15,0.01,ri_V>face_C>li_V>face_G,4,LR-P1-N2,GP,foldA,300,True,0.006298449612403101,0.007751937984496124,0.006554727484960043,0.011583011583011582,1.0965250965250966,3.2066983927449044,"[[20.000001907348633, 3.000000238418579], [0.6371400356292725, -Infinity], [29.000001907348633, 7.000000476837158], 74.87910461425781]"
fing_x_face,15,0.01,ri_V>face_C>li_V>face_G,4,HYP,GP,foldA,300,False,,,,,,,
fing_x_face,15,0.01,ri_V>face_C>li_V>face_G,4,S1-Marcialis,rule,foldA,300,True,0.007085755813953488,0.0,0.006749274191134656,0.011583011583011582,1.223938223938224,3.6456256921373202,"[[35.000003814697266, 3.0], [0.6979800462722778, -1.0], [30.000001907348633, 6.0], 73.86939239501953]"
fing_x_face,15,0.01,ri_V>face_C>li_V>face_G,4,S2-Symmetric,rule,foldA,300,True,0.007085755813953488,0.0,0.006749274191134656,0.011583011583011582,1.223938223938224,3.6456256921373202,"[[35.000003814697266, 3.0], [0.6979800462722778, -1.0], [30.000001907348633, 6.0], 73.86939239501953]"
fing_x_face,15,0.01,ri_V>face_C>li_V>face_G,4,S3-SPRT,rule,foldA,300,True,0.006722383720930232,0.007751937984496124,0.004414713717039298,0.003861003861003861,1.166023166023166,1.7480919457663644,"[[4.472440495776489, -3.995385948470832], [4.472440495776489, -3.995385948470832], [4.472440495776489, -3.995385948470832], -4.096873774586068]"
fing_x_face,15,0.01,ri_V>face_C>li_V>face_G,4,S4-Direct,rule,foldA,300,True,0.007025193798449613,0.007751937984496124,0.006539762353715842,0.011583011583011582,1.135135135135135,2.348657627727395,"[[28.000001907348633, 4.000000476837158], [0.6337000727653503, 0.531480073928833], [21.000001907348633, 7.000000476837158], 73.88288879394531]"
fing_x_face,15,0.01,ri_V>face_G>face_C>li_V,4,LR-P1-N2,GP,foldA,300,True,0.006056201550387597,0.007751937984496124,0.0060459130226572086,0.011583011583011582,1.0772200772200773,3.4940588428960524,"[[20.000001907348633, 3.000000238418579], [74.74758911132812, 64.83816528320312], [0.6619100570678711, -Infinity], 27.000001907348633]"
fing_x_face,15,0.01,ri_V>face_G>face_C>li_V,4,HYP,GP,foldA,300,False,,,,,,,
fing_x_face,15,0.01,ri_V>face_G>face_C>li_V,4,S1-Marcialis,rule,foldA,300,True,0.007025193798449613,0.0,0.006195564335099219,0.007722007722007722,1.2162162162162162,3.653661967615456,"[[35.000003814697266, 3.0], [75.97413635253906, 64.80564880371094], [0.6979800462722778, -1.0], 19.0]"
fing_x_face,15,0.01,ri_V>face_G>face_C>li_V,4,S2-Symmetric,rule,foldA,300,True,0.006359011627906977,0.0,0.006405076172518033,0.007722007722007722,1.1737451737451738,3.645610727006076,"[[35.000003814697266, 3.0], [74.30677795410156, 64.80564880371094], [0.6979800462722778, -1.0], 22.0]"
fing_x_face,15,0.01,ri_V>face_G>face_C>li_V,4,S3-SPRT,rule,foldA,300,True,0.006722383720930232,0.007751937984496124,0.004564365029481309,0.003861003861003861,1.1505791505791505,1.7501122384843315,"[[4.472440495776489, -3.995385948470832], [4.472440495776489, -3.995385948470832], [4.472440495776489, -3.995385948470832], -3.715753745251897]"
fing_x_face,15,0.01,ri_V>face_G>face_C>li_V,4,S4-Direct,rule,foldA,300,True,0.0061773255813953485,0.007751937984496124,0.005432342641644967,0.011583011583011582,1.135135135135135,2.3713746969560923,"[[28.000001907348633, 4.000000476837158], [74.61289978027344, 66.35342407226562], [0.6337000727653503, 0.531480073928833], 20.0]"
fing_x_face,15,0.01,ri_V>face_G>li_V>face_C,4,LR-P1-N2,GP,foldA,300,True,0.006540697674418605,0.007751937984496124,0.006180599203855018,0.011583011583011582,1.0772200772200773,3.1038879410972435,"[[20.000001907348633, 3.000000238418579], [74.63646697998047, 64.83816528320312], [29.000001907348633, 6.000000476837158], 0.6616400480270386]"
fing_x_face,15,0.01,ri_V>face_G>li_V>face_C,4,HYP,GP,foldA,300,False,,,,,,,
fing_x_face,15,0.01,ri_V>face_G>li_V>face_C,4,S1-Marcialis,rule,foldA,300,True,0.006904069767441861,0.0,0.005432342641644967,0.011583011583011582,1.2007722007722008,3.3745772350423513,"[[35.000003814697266, 3.0], [75.97413635253906, 64.80564880371094], [30.000001907348633, 6.0], 0.6177600026130676]"
fing_x_face,15,0.01,ri_V>face_G>li_V>face_C,4,S2-Symmetric,rule,foldA,300,True,0.006904069767441861,0.0,0.005432342641644967,0.011583011583011582,1.2007722007722008,3.3745772350423513,"[[35.000003814697266, 3.0], [75.97413635253906, 64.80564880371094], [30.000001907348633, 6.0], 0.6177600026130676]"
fing_x_face,15,0.01,ri_V>face_G>li_V>face_C,4,S3-SPRT,rule,foldA,300,True,0.006661821705426356,0.007751937984496124,0.004714016341923318,0.007722007722007722,1.1467181467181466,1.742779324174673,"[[4.472440495776489, -3.995385948470832], [4.472440495776489, -3.995385948470832], [4.472440495776489, -3.995385948470832], -3.968741831636079]"
fing_x_face,15,0.01,ri_V>face_G>li_V>face_C,4,S4-Direct,rule,foldA,300,True,0.007328003875968992,0.007751937984496124,0.005507168297865972,0.011583011583011582,1.16988416988417,2.2928376881865256,"[[35.000003814697266, 4.000000476837158], [74.61289978027344, 66.35342407226562], [21.000001907348633, 7.000000476837158], 0.6147800087928772]"
fing_x_face,15,0.01,ri_V>li_V>face_C>face_G,4,LR-P1-N2,GP,foldA,300,True,0.006661821705426356,0.015503875968992248,0.006315285385052827,0.019305019305019305,1.0965250965250966,2.751863158839903,"[[19.000001907348633, 3.000000238418579], [27.000001907348633, 6.000000476837158], [0.6657800674438477, 0.5112400650978088], 75.1263198852539]"
fing_x_face,15,0.01,ri_V>li_V>face_C>face_G,4,HYP,GP,foldA,300,False,,,,,,,
fing_x_face,15,0.01,ri_V>li_V>face_C>face_G,4,S1-Marcialis,rule,foldA,300,True,0.007085755813953488,0.0,0.006734309059890455,0.023166023166023165,1.223938223938224,3.3169614797521776,"[[35.000003814697266, 3.0], [30.000001907348633, 6.0], [0.6979800462722778, -1.0], 73.86939239501953]"
fing_x_face,15,0.01,ri_V>li_V>face_C>face_G,4,S2-Symmetric,rule,foldA,300,True,0.007085755813953488,0.0,0.006734309059890455,0.023166023166023165,1.223938223938224,3.3169614797521776,"[[35.000003814697266, 3.0], [30.000001907348633, 6.0], [0.6979800462722778, -1.0], 73.86939239501953]"
fing_x_face,15,0.01,ri_V>li_V>face_C>face_G,4,S3-SPRT,rule,foldA,300,True,0.006722383720930232,0.023255813953488372,0.0043997485857950975,0.015444015444015444,1.166023166023166,1.7439615695429649,"[[4.472440495776489, -3.995385948470832], [4.472440495776489, -3.995385948470832], [4.472440495776489, -3.995385948470832], -4.283879398121952]"
fing_x_face,15,0.01,ri_V>li_V>face_C>face_G,4,S4-Direct,rule,foldA,300,True,0.007146317829457364,0.007751937984496124,0.006075843285145611,0.015444015444015444,1.2123552123552124,2.841713806830086,"[[35.000003814697266, 4.000000476837158], [30.000001907348633, 4.000000476837158], [0.6337000727653503, 0.531480073928833], 74.07952880859375]"
fing_x_face,15,0.01,ri_V>li_V>face_G>face_C,4,LR-P1-N2,GP,foldA,300,True,0.006722383720930232,0.015503875968992248,0.006300320253808626,0.019305019305019305,1.0888030888030888,2.794438957229655,"[[19.000001907348633, 3.000000238418579], [27.000001907348633, 6.000000476837158], [75.2286376953125, 64.83816528320312], 0.6644900441169739]"
fing_x_face,15,0.01,ri_V>li_V>face_G>face_C,4,HYP,GP,foldA,300,False,,,,,,,
fing_x_face,15,0.01,ri_V>li_V>face_G>face_C,4,S1-Marcialis,rule,foldA,300,True,0.006904069767441861,0.0,0.0054622729041333695,0.019305019305019305,1.2162162162162162,3.20621950854509,"[[35.000003814697266, 3.0], [30.000001907348633, 6.0], [75.97413635253906, 64.80564880371094], 0.6177600026130676]"
fing_x_face,15,0.01,ri_V>li_V>face_G>face_C,4,S2-Symmetric,rule,foldA,300,True,0.006904069767441861,0.0,0.0054622729041333695,0.019305019305019305,1.2162162162162162,3.20621950854509,"[[35.000003814697266, 3.0], [30.000001907348633, 6.0], [75.97413635253906, 64.80564880371094], 0.6177600026130676]"
fing_x_face,15,0.01,ri_V>li_V>face_G>face_C,4,S3-SPRT,rule,foldA,300,True,0.006722383720930232,0.023255813953488372,0.004609260423213911,0.019305019305019305,1.1583011583011582,1.742689533387208,"[[4.472440495776489, -3.995385948470832], [4.472440495776489, -3.995385948470832], [4.472440495776489, -3.995385948470832], -4.273379273904165]"
fing_x_face,15,0.01,ri_V>li_V>face_G>face_C,4,S4-Direct,rule,foldA,300,True,0.006964631782945737,0.007751937984496124,0.005641854479063782,0.011583011583011582,1.22007722007722,2.8055580497440964,"[[35.000003814697266, 4.000000476837158], [30.000001907348633, 4.000000476837158], [74.61289978027344, 66.35342407226562], 0.6206899881362915]"
fing_x_face,15,0.01,parallel,4,P0-Parallel,parallel,foldA,300,True,0.006540697674418605,0.015503875968992248,0.004639190685702314,0.007722007722007722,4.0,4.0,[6.208501815795898]
fing_x_face,15,0.01,parallel,4,P1-LLR,parallel,foldA,300,True,0.006661821705426356,0.0,0.0046990512106791175,0.0,4.0,4.0,[-3.199618992740737]
fing_x_face,15,0.01,parallel,4,P2-LogReg,parallel,foldA,300,True,0.0068435077519379845,0.0,0.00472898147316752,0.003861003861003861,4.0,4.0,[-4.118160938409606]
fing_x_face,15,0.001,face_C,1,LR-P1-N2,GP,foldA,300,True,0.0004239341085271318,0.20155038759689922,0.00023944209990721618,0.22007722007722008,1.0,1.0,[0.6666200160980225]
fing_x_face,15,0.001,face_C,1,HYP,GP,foldA,300,False,,,,,,,
fing_x_face,15,0.001,face_G,1,LR-P1-N2,GP,foldA,300,True,0.0003633720930232558,0.2713178294573643,0.0001346861811978091,0.29343629343629346,1.0,1.0,[75.55890655517578]
fing_x_face,15,0.001,face_G,1,HYP,GP,foldA,300,False,,,,,,,
fing_x_face,15,0.001,li_V,1,LR-P1-N2,GP,foldA,300,True,0.0003633720930232558,0.23255813953488372,0.0004938493310586334,0.16988416988416988,1.0,1.0,[27.0]
fing_x_face,15,0.001,li_V,1,HYP,GP,foldA,300,False,,,,,,,
fing_x_face,15,0.001,ri_V,1,LR-P1-N2,GP,foldA,300,True,0.00030281007751937984,0.13953488372093023,0.00022447696866301518,0.11583011583011583,1.0,1.0,[29.0]
fing_x_face,15,0.001,ri_V,1,HYP,GP,foldA,300,False,,,,,,,
fing_x_face,15,0.001,face_C>face_G,2,LR-P1-N2,GP,foldA,300,True,0.0004239341085271318,0.16279069767441862,0.00020951183741881415,0.18532818532818532,1.2316602316602316,1.3686809733321361,"[[0.6708900332450867, 0.5398800373077393], 75.74730682373047]"
fing_x_face,15,0.001,face_C>face_G,2,HYP,GP,foldA,300,False,,,,,,,
fing_x_face,15,0.001,face_C>face_G,2,S1-Marcialis,rule,foldA,300,True,0.0003633720930232558,0.23255813953488372,0.00017958157493041214,0.23938223938223938,1.386100386100386,1.9999551046062674,"[[0.6979800462722778, -1.0], 75.55890655517578]"
fing_x_face,15,0.001,face_C>face_G,2,S2-Symmetric,rule,foldA,300,True,0.0003633720930232558,0.23255813953488372,0.00017958157493041214,0.23938223938223938,1.386100386100386,1.9999551046062674,"[[0.6979800462722778, -1.0], 75.55890655517578]"
fing_x_face,15,0.001,face_C>face_G,2,S3-SPRT,rule,foldA,300,True,0.0003633720930232558,0.18604651162790697,0.00019454670617461315,0.18146718146718147,1.3011583011583012,1.3871629104187244,"[[5.314945834849903, -2.5987430615010703], 6.6988856740425655]"
fing_x_face,15,0.001,face_C>face_G,2,S4-Direct,rule,foldA,300,False,,,,,,,
fing_x_face,15,0.001,face_C>li_V,2,LR-P1-N2,GP,foldA,300,True,0.0003633720930232558,0.015503875968992248,0.00044895393732603036,0.04633204633204633,1.2277992277992278,1.9997605579000928,"[[0.6676100492477417, -Infinity], 29.000001907348633]"
fing_x_face,15,0.001,face_C>li_V,2,HYP,GP,foldA,300,False,,,,,,,
fing_x_face,15,0.001,face_C>li_V,2,S1-Marcialis,rule,foldA,300,True,0.0003633720930232558,0.031007751937984496,0.0005387447247912364,0.05791505791505792,1.386100386100386,1.9999551046062674,"[[0.6979800462722778, -1.0], 27.0]"
fing_x_face,15,0.001,face_C>li_V,2,S2-Symmetric,rule,foldA,300,True,0.0003633720930232558,0.031007751937984496,0.0005387447247912364,0.05791505791505792,1.386100386100386,1.9999551046062674,"[[0.6979800462722778, -1.0], 27.0]"
fing_x_face,15,0.001,face_C>li_V,2,S3-SPRT,rule,foldA,300,False,,,,,,,
fing_x_face,15,0.001,face_C>li_V,2,S4-Direct,rule,foldA,300,False,,,,,,,
fing_x_face,15,0.001,face_C>ri_V,2,LR-P1-N2,GP,foldA,300,True,0.00030281007751937984,0.015503875968992248,0.00031426775612822125,0.03861003861003861,1.2393822393822393,1.9998204184250696,"[[0.6708900332450867, -Infinity], 31.0]"
fing_x_face,15,0.001,face_C>ri_V,2,HYP,GP,foldA,300,False,,,,,,,
fing_x_face,15,0.001,face_C>ri_V,2,S1-Marcialis,rule,foldA,300,True,0.00030281007751937984,0.015503875968992248,0.0002693723623956182,0.05019305019305019,1.386100386100386,1.9999551046062674,"[[0.6979800462722778, -1.0], 29.0]"
fing_x_face,15,0.001,face_C>ri_V,2,S2-Symmetric,rule,foldA,300,True,0.00030281007751937984,0.015503875968992248,0.0002693723623956182,0.05019305019305019,1.386100386100386,1.9999551046062674,"[[0.6979800462722778, -1.0], 29.0]"
fing_x_face,15,0.001,face_C>ri_V,2,S3-SPRT,rule,foldA,300,True,0.0004239341085271318,0.007751937984496124,0.0005537098560354374,0.02702702702702703,1.3011583011583012,1.3871629104187244,"[[5.314945834849903, -2.5987430615010703], 2.132221459452929]"
fing_x_face,15,0.001,face_C>ri_V,2,S4-Direct,rule,foldA,300,True,0.0004239341085271318,0.007751937984496124,0.0003591631498608243,0.03861003861003861,1.386100386100386,1.6344168088354134,"[[0.6979800462722778, 0.5188300609588623], 27.0]"
fing_x_face,15,0.001,face_G>face_C,2,LR-P1-N2,GP,foldA,300,True,0.0004239341085271318,0.15503875968992248,0.00020951183741881415,0.18532818532818532,1.3127413127413128,1.6694651462093322,"[[75.747314453125, 65.57998657226562], 0.6708899736404419]"
fing_x_face,15,0.001,face_G>face_C,2,HYP,GP,foldA,300,False,,,,,,,
fing_x_face,15,0.001,face_G>face_C,2,S1-Marcialis,rule,foldA,300,True,0.0004239341085271318,0.16279069767441862,0.0002544072311514172,0.17374517374517376,1.3397683397683398,1.8384514082188501,"[[75.97413635253906, 64.80564880371094], 0.6666200160980225]"
fing_x_face,15,0.001,face_G>face_C,2,S2-Symmetric,rule,foldA,300,True,0.0004239341085271318,0.16279069767441862,0.0002544072311514172,0.17374517374517376,1.3397683397683398,1.8384514082188501,"[[75.97413635253906, 64.80564880371094], 0.6666200160980225]"
fing_x_face,15,0.001,face_G>face_C,2,S3-SPRT,rule,foldA,300,True,0.0003633720930232558,0.17054263565891473,0.0001496513124420101,0.20077220077220076,1.3281853281853282,1.7898296968064409,"[[5.509521185613435, -3.482222103528612], 7.151766712379509]"
fing_x_face,15,0.001,face_G>face_C,2,S4-Direct,rule,foldA,300,True,0.0004239341085271318,0.16279069767441862,0.00020951183741881415,0.19305019305019305,1.2664092664092663,1.0293765526323666,"[[75.97413635253906, 73.07593536376953], 0.6644899845123291]"
fing_x_face,15,0.001,face_G>li_V,2,LR-P1-N2,GP,foldA,300,True,0.0003633720930232558,0.03875968992248062,0.0002993026248840202,0.05405405405405406,1.2934362934362935,1.8331238214959145,"[[75.55891418457031, 64.83816528320312], 29.000001907348633]"
fing_x_face,15,0.001,face_G>li_V,2,HYP,GP,foldA,300,False,,,,,,,
fing_x_face,15,0.001,face_G>li_V,2,S1-Marcialis,rule,foldA,300,True,0.00030281007751937984,0.046511627906976744,0.00043398880608182933,0.05019305019305019,1.3397683397683398,1.8384514082188501,"[[75.97413635253906, 64.80564880371094], 27.0]"
fing_x_face,15,0.001,face_G>li_V,2,S2-Symmetric,rule,foldA,300,True,0.00030281007751937984,0.046511627906976744,0.00043398880608182933,0.05019305019305019,1.3397683397683398,1.8384514082188501,"[[75.97413635253906, 64.80564880371094], 27.0]"
fing_x_face,15,0.001,face_G>li_V,2,S3-SPRT,rule,foldA,300,False,,,,,,,
fing_x_face,15,0.001,face_G>li_V,2,S4-Direct,rule,foldA,300,False,,,,,,,
fing_x_face,15,0.001,face_G>ri_V,2,LR-P1-N2,GP,foldA,300,True,0.0003633720930232558,0.03875968992248062,0.0001496513124420101,0.03088803088803089,1.308880308880309,1.8331986471521355,"[[75.7102279663086, 64.83816528320312], 31.0]"
fing_x_face,15,0.001,face_G>ri_V,2,HYP,GP,foldA,300,False,,,,,,,
fing_x_face,15,0.001,face_G>ri_V,2,S1-Marcialis,rule,foldA,300,True,0.0004239341085271318,0.031007751937984496,0.0002993026248840202,0.02702702702702703,1.3397683397683398,1.8384514082188501,"[[75.97413635253906, 64.80564880371094], 28.0]"
fing_x_face,15,0.001,face_G>ri_V,2,S2-Symmetric,rule,foldA,300,True,0.0004239341085271318,0.031007751937984496,0.0002993026248840202,0.02702702702702703,1.3397683397683398,1.8384514082188501,"[[75.97413635253906, 64.80564880371094], 28.0]"
fing_x_face,15,0.001,face_G>ri_V,2,S3-SPRT,rule,foldA,300,True,0.0004239341085271318,0.007751937984496124,0.0004190236748376283,0.015444015444015444,1.3281853281853282,1.7898296968064409,"[[5.509521185613435, -3.482222103528612], 2.422819969999]"
fing_x_face,15,0.001,face_G>ri_V,2,S4-Direct,rule,foldA,300,False,,,,,,,
fing_x_face,15,0.001,li_V>face_C,2,LR-P1-N2,GP,foldA,300,True,0.0003633720930232558,0.031007751937984496,0.0003591631498608243,0.07335907335907337,1.166023166023166,1.495241088264344,"[[29.000001907348633, 6.000000476837158], 0.664929986000061]"
fing_x_face,15,0.001,li_V>face_C,2,HYP,GP,foldA,300,False,,,,,,,
fing_x_face,15,0.001,li_V>face_C,2,S1-Marcialis,rule,foldA,300,True,0.0003633720930232558,0.015503875968992248,0.00034419801861662326,0.07335907335907337,1.1891891891891893,1.6665918410104457,"[[30.000001907348633, 6.0], 0.664929986000061]"
fing_x_face,15,0.001,li_V>face_C,2,S2-Symmetric,rule,foldA,300,True,0.0003633720930232558,0.015503875968992248,0.00034419801861662326,0.07335907335907337,1.1891891891891893,1.6665918410104457,"[[30.000001907348633, 6.0], 0.664929986000061]"
fing_x_face,15,0.001,li_V>face_C,2,S3-SPRT,rule,foldA,300,True,0.0004239341085271318,0.031007751937984496,0.0005088144623028344,0.03474903474903475,1.2084942084942085,1.9997156625063601,"[[4.874792773101474, -3.523733219687808], 3.0294918020640504]"
fing_x_face,15,0.001,li_V>face_C,2,S4-Direct,rule,foldA,300,True,0.0004239341085271318,0.015503875968992248,0.0003890934123492263,0.05405405405405406,1.2084942084942085,1.8361617431384873,"[[30.000001907348633, 4.000000476837158], 0.664929986000061]"
fing_x_face,15,0.001,li_V>face_G,2,LR-P1-N2,GP,foldA,300,True,0.0004239341085271318,0.06976744186046512,0.0003741282811050253,0.08108108108108109,1.1776061776061777,1.3524138756696895,"[[30.000001907348633, 7.000000476837158], 75.2083511352539]"
fing_x_face,15,0.001,li_V>face_G,2,HYP,GP,foldA,300,False,,,,,,,
fing_x_face,15,0.001,li_V>face_G,2,S1-Marcialis,rule,foldA,300,True,0.0003633720930232558,0.031007751937984496,0.0002993026248840202,0.07722007722007722,1.1891891891891893,1.6665918410104457,"[[30.000001907348633, 6.0], 75.55890655517578]"
fing_x_face,15,0.001,li_V>face_G,2,S2-Symmetric,rule,foldA,300,True,0.0003633720930232558,0.031007751937984496,0.0002993026248840202,0.07722007722007722,1.1891891891891893,1.6665918410104457,"[[30.000001907348633, 6.0], 75.55890655517578]"
fing_x_face,15,0.001,li_V>face_G,2,S3-SPRT,rule,foldA,300,True,0.00048449612403100775,0.03875968992248062,0.00034419801861662326,0.04633204633204633,1.2084942084942085,1.9997156625063601,"[[4.874792773101474, -3.523733219687808], 3.3839473225297954]"
fing_x_face,15,0.001,li_V>face_G,2,S4-Direct,rule,foldA,300,True,0.0003633720930232558,0.031007751937984496,0.0002993026248840202,0.06563706563706563,1.2084942084942085,1.8361617431384873,"[[30.000001907348633, 4.000000476837158], 75.55890655517578]"
fing_x_face,15,0.001,li_V>ri_V,2,LR-P1-N2,GP,foldA,300,True,0.0003633720930232558,0.08527131782945736,0.00047888419981443237,0.0694980694980695,1.166023166023166,1.495241088264344,"[[29.000001907348633, 6.000000476837158], 27.000001907348633]"
fing_x_face,15,0.001,li_V>ri_V,2,HYP,GP,foldA,300,False,,,,,,,
fing_x_face,15,0.001,li_V>ri_V,2,S1-Marcialis,rule,foldA,300,True,0.0004239341085271318,0.08527131782945736,0.00047888419981443237,0.06563706563706563,1.1891891891891893,1.6665918410104457,"[[30.000001907348633, 6.0], 28.0]"
fing_x_face,15,0.001,li_V>ri_V,2,S2-Symmetric,rule,foldA,300,True,0.0004239341085271318,0.08527131782945736,0.00047888419981443237,0.06563706563706563,1.1891891891891893,1.6665918410104457,"[[30.000001907348633, 6.0], 28.0]"
fing_x_face,15,0.001,li_V>ri_V,2,S3-SPRT,rule,foldA,300,True,0.0004239341085271318,0.07751937984496124,0.0006285355122564425,0.04633204633204633,1.2084942084942085,1.9997156625063601,"[[4.874792773101474, -3.523733219687808], 3.115829611516631]"
fing_x_face,15,0.001,li_V>ri_V,2,S4-Direct,rule,foldA,300,True,0.0004239341085271318,0.09302325581395349,0.0006584657747448446,0.06563706563706563,1.1814671814671815,1.4952859836580767,"[[30.000001907348633, 6.000000476837158], 26.0]"
fing_x_face,15,0.001,ri_V>face_C,2,LR-P1-N2,GP,foldA,300,True,0.00030281007751937984,0.023255813953488372,0.00034419801861662326,0.04247104247104247,1.1158301158301158,1.9402741612043937,"[[29.000001907348633, 3.000000238418579], 0.6708900332450867]"
fing_x_face,15,0.001,ri_V>face_C,2,HYP,GP,foldA,300,False,,,,,,,
fing_x_face,15,0.001,ri_V>face_C,2,S1-Marcialis,rule,foldA,300,True,0.0004239341085271318,0.015503875968992248,0.0002544072311514172,0.04633204633204633,1.138996138996139,1.9914698751908053,"[[35.000003814697266, 3.0], 0.6666200160980225]"
fing_x_face,15,0.001,ri_V>face_C,2,S2-Symmetric,rule,foldA,300,True,0.0004239341085271318,0.015503875968992248,0.0002544072311514172,0.04633204633204633,1.138996138996139,1.9914698751908053,"[[35.000003814697266, 3.0], 0.6666200160980225]"
fing_x_face,15,0.001,ri_V>face_C,2,S3-SPRT,rule,foldA,300,False,,,,,,,
fing_x_face,15,0.001,ri_V>face_C,2,S4-Direct,rule,foldA,300,False,,,,,,,
fing_x_face,15,0.001,ri_V>face_G,2,LR-P1-N2,GP,foldA,300,True,0.0003633720930232558,0.05426356589147287,0.00017958157493041214,0.04633204633204633,1.1042471042471043,1.3337822872706593,"[[29.000001907348633, 7.000000476837158], 75.71022033691406]"
fing_x_face,15,0.001,ri_V>face_G,2,HYP,GP,foldA,300,False,,,,,,,
fing_x_face,15,0.001,ri_V>face_G,2,S1-Marcialis,rule,foldA,300,True,0.0003633720930232558,0.031007751937984496,0.0001496513124420101,0.03861003861003861,1.138996138996139,1.9914698751908053,"[[35.000003814697266, 3.0], 75.55890655517578]"
fing_x_face,15,0.001,ri_V>face_G,2,S2-Symmetric,rule,foldA,300,True,0.0003633720930232558,0.031007751937984496,0.0001496513124420101,0.03861003861003861,1.138996138996139,1.9914698751908053,"[[35.000003814697266, 3.0], 75.55890655517578]"
fing_x_face,15,0.001,ri_V>face_G,2,S3-SPRT,rule,foldA,300,True,0.0004239341085271318,0.007751937984496124,0.0004190236748376283,0.019305019305019305,1.1158301158301158,1.6580018556762743,"[[4.726000250143469, -3.995385948470832], 2.422819969999]"
fing_x_face,15,0.001,ri_V>face_G,2,S4-Direct,rule,foldA,300,True,0.0004239341085271318,0.046511627906976744,0.00023944209990721618,0.03861003861003861,1.1081081081081081,1.8145670587531053,"[[28.000001907348633, 4.000000476837158], 75.96874237060547]"
fing_x_face,15,0.001,ri_V>li_V,2,LR-P1-N2,GP,foldA,300,True,0.0003633720930232558,0.07751937984496124,0.00043398880608182933,0.06177606177606178,1.111969111969112,1.940214300679417,"[[28.000001907348633, 3.000000238418579], 30.0]"
fing_x_face,15,0.001,ri_V>li_V,2,HYP,GP,foldA,300,False,,,,,,,
fing_x_face,15,0.001,ri_V>li_V,2,S1-Marcialis,rule,foldA,300,True,0.0003633720930232558,0.06976744186046512,0.0005088144623028344,0.06563706563706563,1.138996138996139,1.9914698751908053,"[[35.000003814697266, 3.0], 27.0]"
fing_x_face,15,0.001,ri_V>li_V,2,S2-Symmetric,rule,foldA,300,True,0.0003633720930232558,0.06976744186046512,0.0005088144623028344,0.06563706563706563,1.138996138996139,1.9914698751908053,"[[35.000003814697266, 3.0], 27.0]"
fing_x_face,15,0.001,ri_V>li_V,2,S3-SPRT,rule,foldA,300,True,0.0004239341085271318,0.07751937984496124,0.0005088144623028344,0.05019305019305019,1.1158301158301158,1.6580018556762743,"[[4.726000250143469, -3.995385948470832], 3.115829611516631]"
fing_x_face,15,0.001,ri_V>li_V,2,S4-Direct,rule,foldA,300,True,0.00030281007751937984,0.06976744186046512,0.00017958157493041214,0.07335907335907337,1.1158301158301158,1.1113256113256114,"[[35.000003814697266, 10.000000953674316], 25.0]"
fing_x_face,15,0.001,face_C>face_G>li_V,3,LR-P1-N2,GP,foldA,300,True,0.00024224806201550387,0.015503875968992248,0.0003292328873724223,0.03861003861003861,1.4285714285714286,2.8328843793960075,"[[0.6708900332450867, -Infinity], [75.96875, 64.83816528320312], 30.000001907348633]"
fing_x_face,15,0.001,face_C>face_G>li_V,3,HYP,GP,foldA,300,False,,,,,,,
fing_x_face,15,0.001,face_C>face_G>li_V,3,S1-Marcialis,rule,foldA,300,True,0.00030281007751937984,0.023255813953488372,0.00047888419981443237,0.03474903474903475,1.6563706563706564,2.838361617431385,"[[0.6979800462722778, -1.0], [75.97413635253906, 64.80564880371094], 27.0]"
fing_x_face,15,0.001,face_C>face_G>li_V,3,S2-Symmetric,rule,foldA,300,True,0.00030281007751937984,0.023255813953488372,0.00047888419981443237,0.03474903474903475,1.6563706563706564,2.838361617431385,"[[0.6979800462722778, -1.0], [75.97413635253906, 64.80564880371094], 27.0]"
fing_x_face,15,0.001,face_C>face_G>li_V,3,S3-SPRT,rule,foldA,300,False,,,,,,,
fing_x_face,15,0.001,face_C>face_G>li_V,3,S4-Direct,rule,foldA,300,True,0.0004239341085271318,0.015503875968992248,0.0006435006435006435,0.02702702702702703,1.4285714285714286,2.8256711861363026,"[[0.6715600490570068, 0.48135003447532654], [75.97413635253906, 64.01529693603516], 27.0]"
fing_x_face,15,0.001,face_C>face_G>ri_V,3,LR-P1-N2,GP,foldA,300,True,0.0001816860465116279,0.015503875968992248,0.00020951183741881415,0.02702702702702703,1.4285714285714286,2.8328843793960075,"[[0.6708900332450867, -Infinity], [75.97413635253906, 64.83816528320312], 35.000003814697266]"
fing_x_face,15,0.001,face_C>face_G>ri_V,3,HYP,GP,foldA,300,False,,,,,,,
fing_x_face,15,0.001,face_C>face_G>ri_V,3,S1-Marcialis,rule,foldA,300,True,0.0004239341085271318,0.0,0.00034419801861662326,0.023166023166023165,1.6563706563706564,2.838361617431385,"[[0.6979800462722778, -1.0], [75.97413635253906, 64.80564880371094], 28.0]"
fing_x_face,15,0.001,face_C>face_G>ri_V,3,S2-Symmetric,rule,foldA,300,True,0.0004239341085271318,0.0,0.00034419801861662326,0.023166023166023165,1.6563706563706564,2.838361617431385,"[[0.6979800462722778, -1.0], [75.97413635253906, 64.80564880371094], 28.0]"
fing_x_face,15,0.001,face_C>face_G>ri_V,3,S3-SPRT,rule,foldA,300,False,,,,,,,
fing_x_face,15,0.001,face_C>face_G>ri_V,3,S4-Direct,rule,foldA,300,True,0.00048449612403100775,0.007751937984496124,0.0006435006435006435,0.015444015444015444,1.6563706563706564,2.825940558498698,"[[0.6979800462722778, 0.48135003447532654], [75.97413635253906, 64.01529693603516], 26.0]"
fing_x_face,15,0.001,face_C>li_V>face_G,3,LR-P1-N2,GP,foldA,300,True,0.0004239341085271318,0.015503875968992248,0.0004190236748376283,0.04633204633204633,1.2664092664092663,2.081096046212325,"[[0.6676100492477417, -Infinity], [30.000001907348633, 11.000000953674316], 75.55890655517578]"
fing_x_face,15,0.001,face_C>li_V>face_G,3,HYP,GP,foldA,300,False,,,,,,,
fing_x_face,15,0.001,face_C>li_V>face_G,3,S1-Marcialis,rule,foldA,300,True,0.0003633720930232558,0.023255813953488372,0.00034419801861662326,0.05019305019305019,1.4671814671814671,2.666517015354225,"[[0.6979800462722778, -1.0], [30.000001907348633, 6.0], 75.55890655517578]"
fing_x_face,15,0.001,face_C>li_V>face_G,3,S2-Symmetric,rule,foldA,300,True,0.0003633720930232558,0.023255813953488372,0.00034419801861662326,0.05019305019305019,1.4671814671814671,2.666517015354225,"[[0.6979800462722778, -1.0], [30.000001907348633, 6.0], 75.55890655517578]"
fing_x_face,15,0.001,face_C>li_V>face_G,3,S3-SPRT,rule,foldA,300,True,0.0004239341085271318,0.015503875968992248,0.0002993026248840202,0.019305019305019305,1.2664092664092663,1.4190985004938492,"[[4.4432933740970615, -2.5987430615010703], [4.4432933740970615, -2.5987430615010703], 4.762592001369179]"
fing_x_face,15,0.001,face_C>li_V>face_G,3,S4-Direct,rule,foldA,300,True,0.00048449612403100775,0.015503875968992248,0.0007033611684774476,0.03088803088803089,1.274131274131274,2.2873454850199035,"[[0.6715600490570068, 0.48135003447532654], [27.000001907348633, 7.000000476837158], 75.4919662475586]"
fing_x_face,15,0.001,face_C>li_V>ri_V,3,LR-P1-N2,GP,foldA,300,True,0.0003633720930232558,0.0,0.0004190236748376283,0.023166023166023165,1.2702702702702702,2.4949118553769716,"[[0.6666200757026672, -Infinity], [30.000001907348633, 6.000000476837158], 35.000003814697266]"
fing_x_face,15,0.001,face_C>li_V>ri_V,3,HYP,GP,foldA,300,False,,,,,,,
fing_x_face,15,0.001,face_C>li_V>ri_V,3,S1-Marcialis,rule,foldA,300,True,0.0004239341085271318,0.0,0.0005237795935470355,0.02702702702702703,1.4671814671814671,2.666517015354225,"[[0.6979800462722778, -1.0], [30.000001907348633, 6.0], 28.0]"
fing_x_face,15,0.001,face_C>li_V>ri_V,3,S2-Symmetric,rule,foldA,300,True,0.0004239341085271318,0.0,0.0005237795935470355,0.02702702702702703,1.4671814671814671,2.666517015354225,"[[0.6979800462722778, -1.0], [30.000001907348633, 6.0], 28.0]"
fing_x_face,15,0.001,face_C>li_V>ri_V,3,S3-SPRT,rule,foldA,300,True,0.0004239341085271318,0.015503875968992248,0.00019454670617461315,0.019305019305019305,1.3474903474903475,1.4193080123312682,"[[5.314945834849903, -2.5987430615010703], [5.314945834849903, -2.5987430615010703], 1.9792697629070455]"
fing_x_face,15,0.001,face_C>li_V>ri_V,3,S4-Direct,rule,foldA,300,True,0.0003633720930232558,0.007751937984496124,0.0005686749872796385,0.019305019305019305,1.2934362934362935,2.746206339229595,"[[0.6715600490570068, 0.48135003447532654], [30.000001907348633, 4.000000476837158], 29.0]"
fing_x_face,15,0.001,face_C>ri_V>face_G,3,LR-P1-N2,GP,foldA,300,True,0.00024224806201550387,0.007751937984496124,0.0002544072311514172,0.023166023166023165,1.277992277992278,2.16005207865673,"[[0.6708900332450867, -Infinity], [35.000003814697266, 9.000000953674316], 75.1263198852539]"
fing_x_face,15,0.001,face_C>ri_V>face_G,3,HYP,GP,foldA,300,False,,,,,,,
fing_x_face,15,0.001,face_C>ri_V>face_G,3,S1-Marcialis,rule,foldA,300,True,0.0003633720930232558,0.015503875968992248,0.00019454670617461315,0.02702702702702703,1.444015444015444,2.9913800844033402,"[[0.6979800462722778, -1.0], [35.000003814697266, 3.0], 75.55890655517578]"
fing_x_face,15,0.001,face_C>ri_V>face_G,3,S2-Symmetric,rule,foldA,300,True,0.0003633720930232558,0.015503875968992248,0.00019454670617461315,0.02702702702702703,1.444015444015444,2.9913800844033402,"[[0.6979800462722778, -1.0], [35.000003814697266, 3.0], 75.55890655517578]"
fing_x_face,15,0.001,face_C>ri_V>face_G,3,S3-SPRT,rule,foldA,300,True,0.0004239341085271318,0.007751937984496124,0.0003591631498608243,0.019305019305019305,1.3243243243243243,1.4071862560234654,"[[5.314945834849903, -2.5987430615010703], [5.314945834849903, -2.5987430615010703], 3.2360646306710614]"
fing_x_face,15,0.001,face_C>ri_V>face_G,3,S4-Direct,rule,foldA,300,True,0.0004239341085271318,0.007751937984496124,0.0004040585435934273,0.023166023166023165,1.277992277992278,2.400616563407261,"[[0.6715600490570068, 0.48135003447532654], [28.000001907348633, 6.000000476837158], 75.96874237060547]"
fing_x_face,15,0.001,face_C>ri_V>li_V,3,LR-P1-N2,GP,foldA,300,True,0.00024224806201550387,0.0,0.0004190236748376283,0.019305019305019305,1.2702702702702702,2.939944928317021,"[[0.6677500605583191, -Infinity], [35.000003814697266, 3.000000238418579], 30.000001907348633]"
fing_x_face,15,0.001,face_C>ri_V>li_V,3,HYP,GP,foldA,300,False,,,,,,,
fing_x_face,15,0.001,face_C>ri_V>li_V,3,S1-Marcialis,rule,foldA,300,True,0.0003633720930232558,0.0,0.0005537098560354374,0.023166023166023165,1.444015444015444,2.9913800844033402,"[[0.6979800462722778, -1.0], [35.000003814697266, 3.0], 27.0]"
fing_x_face,15,0.001,face_C>ri_V>li_V,3,S2-Symmetric,rule,foldA,300,True,0.0003633720930232558,0.0,0.0005537098560354374,0.023166023166023165,1.444015444015444,2.9913800844033402,"[[0.6979800462722778, -1.0], [35.000003814697266, 3.0], 27.0]"
fing_x_face,15,0.001,face_C>ri_V>li_V,3,S3-SPRT,rule,foldA,300,True,0.0004239341085271318,0.007751937984496124,0.00022447696866301518,0.019305019305019305,1.3243243243243243,1.4071862560234654,"[[5.314945834849903, -2.5987430615010703], [5.314945834849903, -2.5987430615010703], 1.7381449594278209]"
fing_x_face,15,0.001,face_C>ri_V>li_V,3,S4-Direct,rule,foldA,300,True,0.0003633720930232558,0.007751937984496124,0.0005686749872796385,0.023166023166023165,1.4362934362934363,2.400856005507168,"[[0.6979800462722778, 0.48135003447532654], [28.000001907348633, 6.000000476837158], 28.0]"
fing_x_face,15,0.001,face_G>face_C>li_V,3,LR-P1-N2,GP,foldA,300,True,0.00030281007751937984,0.023255813953488372,0.0002693723623956182,0.04247104247104247,1.5250965250965252,2.6663224686480502,"[[75.7102279663086, 64.83816528320312], [0.6842800378799438, -Infinity], 30.000001907348633]"
fing_x_face,15,0.001,face_G>face_C>li_V,3,HYP,GP,foldA,300,False,,,,,,,
fing_x_face,15,0.001,face_G>face_C>li_V,3,S1-Marcialis,rule,foldA,300,True,0.00030281007751937984,0.023255813953488372,0.00047888419981443237,0.03474903474903475,1.61003861003861,2.6768579210439674,"[[75.97413635253906, 64.80564880371094], [0.6979800462722778, -1.0], 27.0]"
fing_x_face,15,0.001,face_G>face_C>li_V,3,S2-Symmetric,rule,foldA,300,True,0.00030281007751937984,0.023255813953488372,0.00047888419981443237,0.03474903474903475,1.61003861003861,2.6768579210439674,"[[75.97413635253906, 64.80564880371094], [0.6979800462722778, -1.0], 27.0]"
fing_x_face,15,0.001,face_G>face_C>li_V,3,S3-SPRT,rule,foldA,300,False,,,,,,,
fing_x_face,15,0.001,face_G>face_C>li_V,3,S4-Direct,rule,foldA,300,True,0.0004239341085271318,0.007751937984496124,0.0006435006435006435,0.02702702702702703,1.528957528957529,2.7941097243422823,"[[75.97413635253906, 64.01529693603516], [0.6715600490570068, 0.48135003447532654], 27.0]"
fing_x_face,15,0.001,face_G>face_C>ri_V,3,LR-P1-N2,GP,foldA,300,True,0.00024224806201550387,0.023255813953488372,0.00011972104995360809,0.03088803088803089,1.555984555984556,2.6663523989105387,"[[75.7102279663086, 64.83816528320312], [0.6979800462722778, -Infinity], 35.000003814697266]"
fing_x_face,15,0.001,face_G>face_C>ri_V,3,HYP,GP,foldA,300,False,,,,,,,
fing_x_face,15,0.001,face_G>face_C>ri_V,3,S1-Marcialis,rule,foldA,300,True,0.0004239341085271318,0.0,0.00034419801861662326,0.023166023166023165,1.61003861003861,2.6768579210439674,"[[75.97413635253906, 64.80564880371094], [0.6979800462722778, -1.0], 28.0]"
fing_x_face,15,0.001,face_G>face_C>ri_V,3,S2-Symmetric,rule,foldA,300,True,0.0004239341085271318,0.0,0.00034419801861662326,0.023166023166023165,1.61003861003861,2.6768579210439674,"[[75.97413635253906, 64.80564880371094], [0.6979800462722778, -1.0], 28.0]"
fing_x_face,15,0.001,face_G>face_C>ri_V,3,S3-SPRT,rule,foldA,300,False,,,,,,,
fing_x_face,15,0.001,face_G>face_C>ri_V,3,S4-Direct,rule,foldA,300,True,0.00048449612403100775,0.0,0.0006435006435006435,0.015444015444015444,1.61003861003861,2.7942444105234805,"[[75.97413635253906, 64.01529693603516], [0.6979800462722778, 0.48135003447532654], 26.0]"
fing_x_face,15,0.001,face_G>li_V>face_C,3,LR-P1-N2,GP,foldA,300,True,0.0004239341085271318,0.03875968992248062,0.0003591631498608243,0.04247104247104247,1.3474903474903475,2.1242105893268683,"[[75.55891418457031, 64.83816528320312], [30.000001907348633, 7.000000476837158], 0.6708899736404419]"
fing_x_face,15,0.001,face_G>li_V>face_C,3,HYP,GP,foldA,300,False,,,,,,,
fing_x_face,15,0.001,face_G>li_V>face_C,3,S1-Marcialis,rule,foldA,300,True,0.0003633720930232558,0.007751937984496124,0.0003292328873724223,0.04247104247104247,1.3976833976833978,2.393538056328754,"[[75.97413635253906, 64.80564880371094], [30.000001907348633, 6.0], 0.664929986000061]"
fing_x_face,15,0.001,face_G>li_V>face_C,3,S2-Symmetric,rule,foldA,300,True,0.0003633720930232558,0.007751937984496124,0.0003292328873724223,0.04247104247104247,1.3976833976833978,2.393538056328754,"[[75.97413635253906, 64.80564880371094], [30.000001907348633, 6.0], 0.664929986000061]"
fing_x_face,15,0.001,face_G>li_V>face_C,3,S3-SPRT,rule,foldA,300,True,0.00048449612403100775,0.031007751937984496,0.0002993026248840202,0.023166023166023165,1.3706563706563706,1.8683218101822754,"[[5.509521185613435, -3.482222103528612], [5.509521185613435, -3.482222103528612], 4.543529219154752]"
fing_x_face,15,0.001,face_G>li_V>face_C,3,S4-Direct,rule,foldA,300,True,0.0004239341085271318,0.007751937984496124,0.0004190236748376283,0.03861003861003861,1.3745173745173744,2.685298255065697,"[[75.7102279663086, 64.01529693603516], [30.000001907348633, 4.000000476837158], 0.6677500009536743]"
fing_x_face,15,0.001,face_G>li_V>ri_V,3,LR-P1-N2,GP,foldA,300,True,0.0003633720930232558,0.015503875968992248,0.00031426775612822125,0.02702702702702703,1.335907335907336,2.2419263116937533,"[[75.49197387695312, 64.83816528320312], [30.000001907348633, 6.000000476837158], 35.000003814697266]"
fing_x_face,15,0.001,face_G>li_V>ri_V,3,HYP,GP,foldA,300,False,,,,,,,
fing_x_face,15,0.001,face_G>li_V>ri_V,3,S1-Marcialis,rule,foldA,300,True,0.00048449612403100775,0.015503875968992248,0.0006584657747448446,0.015444015444015444,1.3976833976833978,2.393538056328754,"[[75.97413635253906, 64.80564880371094], [30.000001907348633, 6.0], 26.0]"
fing_x_face,15,0.001,face_G>li_V>ri_V,3,S2-Symmetric,rule,foldA,300,True,0.00048449612403100775,0.015503875968992248,0.0006584657747448446,0.015444015444015444,1.3976833976833978,2.393538056328754,"[[75.97413635253906, 64.80564880371094], [30.000001907348633, 6.0], 26.0]"
fing_x_face,15,0.001,face_G>li_V>ri_V,3,S3-SPRT,rule,foldA,300,True,0.0004239341085271318,0.015503875968992248,0.00034419801861662326,0.011583011583011582,1.3706563706563706,1.8683218101822754,"[[5.509521185613435, -3.482222103528612], [5.509521185613435, -3.482222103528612], 1.9790943272527448]"
fing_x_face,15,0.001,face_G>li_V>ri_V,3,S4-Direct,rule,foldA,300,True,0.0003633720930232558,0.0,0.00031426775612822125,0.019305019305019305,1.3745173745173744,2.685298255065697,"[[75.7102279663086, 64.01529693603516], [30.000001907348633, 4.000000476837158], 31.0]"
fing_x_face,15,0.001,face_G>ri_V>face_C,3,LR-P1-N2,GP,foldA,300,True,0.00030281007751937984,0.015503875968992248,0.00020951183741881415,0.02702702702702703,1.3474903474903475,2.225569423243842,"[[75.7102279663086, 64.83816528320312], [35.000003814697266, 6.000000476837158], 0.6708900332450867]"
fing_x_face,15,0.001,face_G>ri_V>face_C,3,HYP,GP,foldA,300,False,,,,,,,
fing_x_face,15,0.001,face_G>ri_V>face_C,3,S1-Marcialis,rule,foldA,300,True,0.0004239341085271318,0.007751937984496124,0.0002693723623956182,0.02702702702702703,1.3822393822393821,2.6695699021280417,"[[75.97413635253906, 64.80564880371094], [35.000003814697266, 3.0], 0.6666200160980225]"
fing_x_face,15,0.001,face_G>ri_V>face_C,3,S2-Symmetric,rule,foldA,300,True,0.0004239341085271318,0.007751937984496124,0.0002693723623956182,0.02702702702702703,1.3822393822393821,2.6695699021280417,"[[75.97413635253906, 64.80564880371094], [35.000003814697266, 3.0], 0.6666200160980225]"
fing_x_face,15,0.001,face_G>ri_V>face_C,3,S3-SPRT,rule,foldA,300,False,,,,,,,
fing_x_face,15,0.001,face_G>ri_V>face_C,3,S4-Direct,rule,foldA,300,True,0.00048449612403100775,0.0,0.0003741282811050253,0.023166023166023165,1.3706563706563706,2.350124210589327,"[[75.97413635253906, 64.01529693603516], [28.000001907348633, 6.000000476837158], 0.6666200160980225]"
fing_x_face,15,0.001,face_G>ri_V>li_V,3,LR-P1-N2,GP,foldA,300,True,0.00030281007751937984,0.007751937984496124,0.00028433749363981925,0.019305019305019305,1.3397683397683398,2.616817814492233,"[[75.7102279663086, 64.83816528320312], [31.000001907348633, 3.000000238418579], 30.000001907348633]"
fing_x_face,15,0.001,face_G>ri_V>li_V,3,HYP,GP,foldA,300,False,,,,,,,
fing_x_face,15,0.001,face_G>ri_V>li_V,3,S1-Marcialis,rule,foldA,300,True,0.00030281007751937984,0.015503875968992248,0.00044895393732603036,0.019305019305019305,1.3822393822393821,2.6695699021280417,"[[75.97413635253906, 64.80564880371094], [35.000003814697266, 3.0], 27.0]"
fing_x_face,15,0.001,face_G>ri_V>li_V,3,S2-Symmetric,rule,foldA,300,True,0.00030281007751937984,0.015503875968992248,0.00044895393732603036,0.019305019305019305,1.3822393822393821,2.6695699021280417,"[[75.97413635253906, 64.80564880371094], [35.000003814697266, 3.0], 27.0]"
fing_x_face,15,0.001,face_G>ri_V>li_V,3,S3-SPRT,rule,foldA,300,True,0.0004239341085271318,0.007751937984496124,0.00028433749363981925,0.011583011583011582,1.3474903474903475,1.8405614917242825,"[[5.509521185613435, -3.482222103528612], [5.509521185613435, -3.482222103528612], 1.9790943272527448]"
fing_x_face,15,0.001,face_G>ri_V>li_V,3,S4-Direct,rule,foldA,300,False,,,,,,,
fing_x_face,15,0.001,li_V>face_C>face_G,3,LR-P1-N2,GP,foldA,300,True,0.0004239341085271318,0.023255813953488372,0.00043398880608182933,0.05791505791505792,1.2046332046332047,1.6801203196552035,"[[29.000001907348633, 6.000000476837158], [0.6715600490570068, 0.5405800342559814], 75.4919662475586]"
fing_x_face,15,0.001,li_V>face_C>face_G,3,HYP,GP,foldA,300,False,,,,,,,
fing_x_face,15,0.001,li_V>face_C>face_G,3,S1-Marcialis,rule,foldA,300,True,0.0003633720930232558,0.023255813953488372,0.0003292328873724223,0.0694980694980695,1.2702702702702702,2.333153751758403,"[[30.000001907348633, 6.0], [0.6979800462722778, -1.0], 75.55890655517578]"
fing_x_face,15,0.001,li_V>face_C>face_G,3,S2-Symmetric,rule,foldA,300,True,0.0003633720930232558,0.023255813953488372,0.0003292328873724223,0.0694980694980695,1.2702702702702702,2.333153751758403,"[[30.000001907348633, 6.0], [0.6979800462722778, -1.0], 75.55890655517578]"
fing_x_face,15,0.001,li_V>face_C>face_G,3,S3-SPRT,rule,foldA,300,True,0.00048449612403100775,0.015503875968992248,0.00047888419981443237,0.019305019305019305,1.274131274131274,2.0899554039088923,"[[4.874792773101474, -3.523733219687808], [4.874792773101474, -3.523733219687808], 4.543529219154752]"
fing_x_face,15,0.001,li_V>face_C>face_G,3,S4-Direct,rule,foldA,300,True,0.0004239341085271318,0.007751937984496124,0.0003890934123492263,0.04247104247104247,1.2586872586872586,2.2360450151147826,"[[30.000001907348633, 4.000000476837158], [0.6676100492477417, 0.531480073928833], 75.74730682373047]"
fing_x_face,15,0.001,li_V>face_C>ri_V,3,LR-P1-N2,GP,foldA,300,True,0.00024224806201550387,0.015503875968992248,0.0004190236748376283,0.05019305019305019,1.2084942084942085,1.990392385741223,"[[29.000001907348633, 6.000000476837158], [0.6708900332450867, -Infinity], 29.000001907348633]"
fing_x_face,15,0.001,li_V>face_C>ri_V,3,HYP,GP,foldA,300,False,,,,,,,
fing_x_face,15,0.001,li_V>face_C>ri_V,3,S1-Marcialis,rule,foldA,300,True,0.0004239341085271318,0.0,0.0005088144623028344,0.04633204633204633,1.2702702702702702,2.333153751758403,"[[30.000001907348633, 6.0], [0.6979800462722778, -1.0], 28.0]"
fing_x_face,15,0.001,li_V>face_C>ri_V,3,S2-Symmetric,rule,foldA,300,True,0.0004239341085271318,0.0,0.0005088144623028344,0.04633204633204633,1.2702702702702702,2.333153751758403,"[[30.000001907348633, 6.0], [0.6979800462722778, -1.0], 28.0]"
fing_x_face,15,0.001,li_V>face_C>ri_V,3,S3-SPRT,rule,foldA,300,True,0.0004239341085271318,0.007751937984496124,0.0004938493310586334,0.015444015444015444,1.274131274131274,2.0899554039088923,"[[4.874792773101474, -3.523733219687808], [4.874792773101474, -3.523733219687808], 1.7381449594278209]"
fing_x_face,15,0.001,li_V>face_C>ri_V,3,S4-Direct,rule,foldA,300,True,0.0004239341085271318,0.0,0.0005836401185238395,0.02702702702702703,1.2586872586872586,2.2360450151147826,"[[30.000001907348633, 4.000000476837158], [0.6676100492477417, 0.531480073928833], 28.0]"
fing_x_face,15,0.001,li_V>face_G>face_C,3,LR-P1-N2,GP,foldA,300,True,0.00030281007751937984,0.023255813953488372,0.0003292328873724223,0.06563706563706563,1.2393822393822393,1.8348747418514861,"[[30.000001907348633, 6.000000476837158], [75.747314453125, 65.49295043945312], 0.6677500605583191]"
fing_x_face,15,0.001,li_V>face_G>face_C,3,HYP,GP,foldA,300,False,,,,,,,
fing_x_face,15,0.001,li_V>face_G>face_C,3,S1-Marcialis,rule,foldA,300,True,0.0003633720930232558,0.007751937984496124,0.0003591631498608243,0.05791505791505792,1.247104247104247,2.2216784891203494,"[[30.000001907348633, 6.0], [75.97413635253906, 64.80564880371094], 0.664929986000061]"
fing_x_face,15,0.001,li_V>face_G>face_C,3,S2-Symmetric,rule,foldA,300,True,0.0003633720930232558,0.007751937984496124,0.0003591631498608243,0.05791505791505792,1.247104247104247,2.2216784891203494,"[[30.000001907348633, 6.0], [75.97413635253906, 64.80564880371094], 0.664929986000061]"
fing_x_face,15,0.001,li_V>face_G>face_C,3,S3-SPRT,rule,foldA,300,True,0.00048449612403100775,0.015503875968992248,0.00047888419981443237,0.019305019305019305,1.2548262548262548,2.0851815270419922,"[[4.874792773101474, -3.523733219687808], [4.874792773101474, -3.523733219687808], 4.543529219154752]"
fing_x_face,15,0.001,li_V>face_G>face_C,3,S4-Direct,rule,foldA,300,True,0.0004239341085271318,0.007751937984496124,0.00043398880608182933,0.04247104247104247,1.2702702702702702,2.1939181706623567,"[[30.000001907348633, 4.000000476837158], [75.55891418457031, 66.35342407226562], 0.6708899736404419]"
fing_x_face,15,0.001,li_V>face_G>ri_V,3,LR-P1-N2,GP,foldA,300,True,0.0003633720930232558,0.015503875968992248,0.00028433749363981925,0.04633204633204633,1.2162162162162162,1.9041632995121367,"[[29.000001907348633, 6.000000476837158], [75.747314453125, 64.83816528320312], 31.0]"
fing_x_face,15,0.001,li_V>face_G>ri_V,3,HYP,GP,foldA,300,False,,,,,,,
fing_x_face,15,0.001,li_V>face_G>ri_V,3,S1-Marcialis,rule,foldA,300,True,0.00048449612403100775,0.015503875968992248,0.0006883960372332465,0.03088803088803089,1.247104247104247,2.2216784891203494,"[[30.000001907348633, 6.0], [75.97413635253906, 64.80564880371094], 26.0]"
fing_x_face,15,0.001,li_V>face_G>ri_V,3,S2-Symmetric,rule,foldA,300,True,0.00048449612403100775,0.015503875968992248,0.0006883960372332465,0.03088803088803089,1.247104247104247,2.2216784891203494,"[[30.000001907348633, 6.0], [75.97413635253906, 64.80564880371094], 26.0]"
fing_x_face,15,0.001,li_V>face_G>ri_V,3,S3-SPRT,rule,foldA,300,True,0.00048449612403100775,0.007751937984496124,0.0005088144623028344,0.011583011583011582,1.2548262548262548,2.0851815270419922,"[[4.874792773101474, -3.523733219687808], [4.874792773101474, -3.523733219687808], 1.9680279999652885]"
fing_x_face,15,0.001,li_V>face_G>ri_V,3,S4-Direct,rule,foldA,300,True,0.0003633720930232558,0.0,0.00034419801861662326,0.023166023166023165,1.2702702702702702,2.1939181706623567,"[[30.000001907348633, 4.000000476837158], [75.55891418457031, 66.35342407226562], 31.0]"
fing_x_face,15,0.001,li_V>ri_V>face_C,3,LR-P1-N2,GP,foldA,300,True,0.00024224806201550387,0.023255813953488372,0.0004190236748376283,0.05019305019305019,1.2084942084942085,1.9696507138367603,"[[29.000001907348633, 6.000000476837158], [29.000001907348633, 3.000000238418579], 0.6708900332450867]"
fing_x_face,15,0.001,li_V>ri_V>face_C,3,HYP,GP,foldA,300,False,,,,,,,
fing_x_face,15,0.001,li_V>ri_V>face_C,3,S1-Marcialis,rule,foldA,300,True,0.0003633720930232558,0.0,0.0003591631498608243,0.04247104247104247,1.247104247104247,2.3293526084223757,"[[30.000001907348633, 6.0], [35.000003814697266, 3.0], 0.664929986000061]"
fing_x_face,15,0.001,li_V>ri_V>face_C,3,S2-Symmetric,rule,foldA,300,True,0.0003633720930232558,0.0,0.0003591631498608243,0.04247104247104247,1.247104247104247,2.3293526084223757,"[[30.000001907348633, 6.0], [35.000003814697266, 3.0], 0.664929986000061]"
fing_x_face,15,0.001,li_V>ri_V>face_C,3,S3-SPRT,rule,foldA,300,True,0.0004239341085271318,0.023255813953488372,0.0005387447247912364,0.019305019305019305,1.250965250965251,2.05674777767801,"[[4.874792773101474, -3.523733219687808], [4.874792773101474, -3.523733219687808], 1.7381449594278207]"
fing_x_face,15,0.001,li_V>ri_V>face_C,3,S4-Direct,rule,foldA,300,True,0.0004239341085271318,0.007751937984496124,0.0004040585435934273,0.02702702702702703,1.274131274131274,2.5303492861632395,"[[30.000001907348633, 4.000000476837158], [35.000003814697266, 4.000000476837158], 0.6644899845123291]"
fing_x_face,15,0.001,li_V>ri_V>face_G,3,LR-P1-N2,GP,foldA,300,True,0.0004239341085271318,0.03875968992248062,0.00034419801861662326,0.05405405405405406,1.2007722007722008,1.6818263446170423,"[[29.000001907348633, 6.000000476837158], [29.000001907348633, 7.000000476837158], 75.55890655517578]"
fing_x_face,15,0.001,li_V>ri_V>face_G,3,HYP,GP,foldA,300,False,,,,,,,
fing_x_face,15,0.001,li_V>ri_V>face_G,3,S1-Marcialis,rule,foldA,300,True,0.0003633720930232558,0.0,0.00031426775612822125,0.04247104247104247,1.247104247104247,2.3293526084223757,"[[30.000001907348633, 6.0], [35.000003814697266, 3.0], 75.55890655517578]"
fing_x_face,15,0.001,li_V>ri_V>face_G,3,S2-Symmetric,rule,foldA,300,True,0.0003633720930232558,0.0,0.00031426775612822125,0.04247104247104247,1.247104247104247,2.3293526084223757,"[[30.000001907348633, 6.0], [35.000003814697266, 3.0], 75.55890655517578]"
fing_x_face,15,0.001,li_V>ri_V>face_G,3,S3-SPRT,rule,foldA,300,True,0.0004239341085271318,0.023255813953488372,0.0005686749872796385,0.019305019305019305,1.250965250965251,2.05674777767801,"[[4.874792773101474, -3.523733219687808], [4.874792773101474, -3.523733219687808], 1.9790943272527448]"
fing_x_face,15,0.001,li_V>ri_V>face_G,3,S4-Direct,rule,foldA,300,True,0.0003633720930232558,0.007751937984496124,0.00031426775612822125,0.03088803088803089,1.274131274131274,2.5303492861632395,"[[30.000001907348633, 4.000000476837158], [35.000003814697266, 4.000000476837158], 75.55890655517578]"
fing_x_face,15,0.001,ri_V>face_C>face_G,3,LR-P1-N2,GP,foldA,300,True,0.0003633720930232558,0.023255813953488372,0.0002693723623956182,0.03088803088803089,1.166023166023166,2.1120888330190657,"[[29.000001907348633, 3.000000238418579], [0.6979800462722778, 0.5590300559997559], 75.71022033691406]"
fing_x_face,15,0.001,ri_V>face_C>face_G,3,HYP,GP,foldA,300,False,,,,,,,
fing_x_face,15,0.001,ri_V>face_C>face_G,3,S1-Marcialis,rule,foldA,300,True,0.0003633720930232558,0.015503875968992248,0.00019454670617461315,0.03088803088803089,1.196911196911197,2.982894854987878,"[[35.000003814697266, 3.0], [0.6979800462722778, -1.0], 75.55890655517578]"
fing_x_face,15,0.001,ri_V>face_C>face_G,3,S2-Symmetric,rule,foldA,300,True,0.0003633720930232558,0.015503875968992248,0.00019454670617461315,0.03088803088803089,1.196911196911197,2.982894854987878,"[[35.000003814697266, 3.0], [0.6979800462722778, -1.0], 75.55890655517578]"
fing_x_face,15,0.001,ri_V>face_C>face_G,3,S3-SPRT,rule,foldA,300,True,0.0004239341085271318,0.015503875968992248,0.0004938493310586334,0.015444015444015444,1.1467181467181466,1.7358803986710964,"[[4.726000250143469, -3.995385948470832], [4.726000250143469, -3.995385948470832], 2.8545929907949428]"
fing_x_face,15,0.001,ri_V>face_C>face_G,3,S4-Direct,rule,foldA,300,False,,,,,,,
fing_x_face,15,0.001,ri_V>face_C>li_V,3,LR-P1-N2,GP,foldA,300,True,0.0001816860465116279,0.007751937984496124,0.0004040585435934273,0.03088803088803089,1.162162162162162,2.8804734967525665,"[[29.000001907348633, 3.000000238418579], [0.6842800378799438, -Infinity], 30.000001907348633]"
fing_x_face,15,0.001,ri_V>face_C>li_V,3,HYP,GP,foldA,300,False,,,,,,,
fing_x_face,15,0.001,ri_V>face_C>li_V,3,S1-Marcialis,rule,foldA,300,True,0.0003633720930232558,0.0,0.0005537098560354374,0.02702702702702703,1.196911196911197,2.982894854987878,"[[35.000003814697266, 3.0], [0.6979800462722778, -1.0], 27.0]"
fing_x_face,15,0.001,ri_V>face_C>li_V,3,S2-Symmetric,rule,foldA,300,True,0.0003633720930232558,0.0,0.0005537098560354374,0.02702702702702703,1.196911196911197,2.982894854987878,"[[35.000003814697266, 3.0], [0.6979800462722778, -1.0], 27.0]"
fing_x_face,15,0.001,ri_V>face_C>li_V,3,S3-SPRT,rule,foldA,300,True,0.0004239341085271318,0.007751937984496124,0.0003292328873724223,0.019305019305019305,1.1467181467181466,1.7358803986710964,"[[4.726000250143469, -3.995385948470832], [4.726000250143469, -3.995385948470832], 1.9792697629070455]"
fing_x_face,15,0.001,ri_V>face_C>li_V,3,S4-Direct,rule,foldA,300,False,,,,,,,
fing_x_face,15,0.001,ri_V>face_G>face_C,3,LR-P1-N2,GP,foldA,300,True,0.0003633720930232558,0.015503875968992248,0.0004040585435934273,0.02702702702702703,1.1467181467181466,2.272574900481877,"[[29.000001907348633, 3.000000238418579], [75.96875, 66.60936737060547], 0.6677500605583191]"
fing_x_face,15,0.001,ri_V>face_G>face_C,3,HYP,GP,foldA,300,False,,,,,,,
fing_x_face,15,0.001,ri_V>face_G>face_C,3,S1-Marcialis,rule,foldA,300,True,0.0004239341085271318,0.007751937984496124,0.0002693723623956182,0.03088803088803089,1.1814671814671815,2.822588369099997,"[[35.000003814697266, 3.0], [75.97413635253906, 64.80564880371094], 0.6666200160980225]"
fing_x_face,15,0.001,ri_V>face_G>face_C,3,S2-Symmetric,rule,foldA,300,True,0.0004239341085271318,0.007751937984496124,0.0002693723623956182,0.03088803088803089,1.1814671814671815,2.822588369099997,"[[35.000003814697266, 3.0], [75.97413635253906, 64.80564880371094], 0.6666200160980225]"
fing_x_face,15,0.001,ri_V>face_G>face_C,3,S3-SPRT,rule,foldA,300,True,0.0004239341085271318,0.015503875968992248,0.0004938493310586334,0.015444015444015444,1.138996138996139,1.7302535093232767,"[[4.726000250143469, -3.995385948470832], [4.726000250143469, -3.995385948470832], 2.854592990794943]"
fing_x_face,15,0.001,ri_V>face_G>face_C,3,S4-Direct,rule,foldA,300,False,,,,,,,
fing_x_face,15,0.001,ri_V>face_G>li_V,3,LR-P1-N2,GP,foldA,300,True,0.00024224806201550387,0.015503875968992248,0.00031426775612822125,0.023166023166023165,1.1467181467181466,2.7239082936757355,"[[29.000001907348633, 3.000000238418579], [75.91119384765625, 64.83816528320312], 30.000001907348633]"
fing_x_face,15,0.001,ri_V>face_G>li_V,3,HYP,GP,foldA,300,False,,,,,,,
fing_x_face,15,0.001,ri_V>face_G>li_V,3,S1-Marcialis,rule,foldA,300,True,0.00030281007751937984,0.015503875968992248,0.00044895393732603036,0.023166023166023165,1.1814671814671815,2.822588369099997,"[[35.000003814697266, 3.0], [75.97413635253906, 64.80564880371094], 27.0]"
fing_x_face,15,0.001,ri_V>face_G>li_V,3,S2-Symmetric,rule,foldA,300,True,0.00030281007751937984,0.015503875968992248,0.00044895393732603036,0.023166023166023165,1.1814671814671815,2.822588369099997,"[[35.000003814697266, 3.0], [75.97413635253906, 64.80564880371094], 27.0]"
fing_x_face,15,0.001,ri_V>face_G>li_V,3,S3-SPRT,rule,foldA,300,True,0.00048449612403100775,0.007751937984496124,0.0003741282811050253,0.015444015444015444,1.138996138996139,1.7302535093232767,"[[4.726000250143469, -3.995385948470832], [4.726000250143469, -3.995385948470832], 1.9680279999652883]"
fing_x_face,15,0.001,ri_V>face_G>li_V,3,S4-Direct,rule,foldA,300,True,0.0003633720930232558,0.007751937984496124,0.0003292328873724223,0.02702702702702703,1.16988416988417,2.166232677860585,"[[35.000003814697266, 4.000000476837158], [75.55891418457031, 66.35342407226562], 28.0]"
fing_x_face,15,0.001,ri_V>li_V>face_C,3,LR-P1-N2,GP,foldA,300,True,0.0003633720930232558,0.015503875968992248,0.00043398880608182933,0.04633204633204633,1.1544401544401544,2.278875220735686,"[[28.000001907348633, 3.000000238418579], [30.000001907348633, 7.000000476837158], 0.6842799782752991]"
fing_x_face,15,0.001,ri_V>li_V>face_C,3,HYP,GP,foldA,300,False,,,,,,,
fing_x_face,15,0.001,ri_V>li_V>face_C,3,S1-Marcialis,rule,foldA,300,True,0.0003633720930232558,0.0,0.0003591631498608243,0.03474903474903475,1.196911196911197,2.6542306426027356,"[[35.000003814697266, 3.0], [30.000001907348633, 6.0], 0.664929986000061]"
fing_x_face,15,0.001,ri_V>li_V>face_C,3,S2-Symmetric,rule,foldA,300,True,0.0003633720930232558,0.0,0.0003591631498608243,0.03474903474903475,1.196911196911197,2.6542306426027356,"[[35.000003814697266, 3.0], [30.000001907348633, 6.0], 0.664929986000061]"
fing_x_face,15,0.001,ri_V>li_V>face_C,3,S3-SPRT,rule,foldA,300,True,0.0004239341085271318,0.023255813953488372,0.00043398880608182933,0.023166023166023165,1.1544401544401544,1.7303283349794978,"[[4.726000250143469, -3.995385948470832], [4.726000250143469, -3.995385948470832], 1.9792697629070455]"
fing_x_face,15,0.001,ri_V>li_V>face_C,3,S4-Direct,rule,foldA,300,True,0.0004239341085271318,0.007751937984496124,0.0004040585435934273,0.02702702702702703,1.2007722007722008,2.5089641136152765,"[[35.000003814697266, 4.000000476837158], [30.000001907348633, 4.000000476837158], 0.6644899845123291]"
fing_x_face,15,0.001,ri_V>li_V>face_G,3,LR-P1-N2,GP,foldA,300,True,0.0003633720930232558,0.046511627906976744,0.0004040585435934273,0.03861003861003861,1.1467181467181466,2.05347041393553,"[[28.000001907348633, 3.000000238418579], [30.000001907348633, 10.000000953674316], 75.96874237060547]"
fing_x_face,15,0.001,ri_V>li_V>face_G,3,HYP,GP,foldA,300,False,,,,,,,
fing_x_face,15,0.001,ri_V>li_V>face_G,3,S1-Marcialis,rule,foldA,300,True,0.0003633720930232558,0.0,0.00031426775612822125,0.03474903474903475,1.196911196911197,2.6542306426027356,"[[35.000003814697266, 3.0], [30.000001907348633, 6.0], 75.55890655517578]"
fing_x_face,15,0.001,ri_V>li_V>face_G,3,S2-Symmetric,rule,foldA,300,True,0.0003633720930232558,0.0,0.00031426775612822125,0.03474903474903475,1.196911196911197,2.6542306426027356,"[[35.000003814697266, 3.0], [30.000001907348633, 6.0], 75.55890655517578]"
fing_x_face,15,0.001,ri_V>li_V>face_G,3,S3-SPRT,rule,foldA,300,True,0.00048449612403100775,0.023255813953488372,0.0004938493310586334,0.023166023166023165,1.1544401544401544,1.7303283349794978,"[[4.726000250143469, -3.995385948470832], [4.726000250143469, -3.995385948470832], 1.9680279999652885]"
fing_x_face,15,0.001,ri_V>li_V>face_G,3,S4-Direct,rule,foldA,300,True,0.0003633720930232558,0.007751937984496124,0.00031426775612822125,0.03088803088803089,1.2007722007722008,2.5089641136152765,"[[35.000003814697266, 4.000000476837158], [30.000001907348633, 4.000000476837158], 75.55890655517578]"
fing_x_face,15,0.001,face_C>face_G>li_V>ri_V,4,LR-P1-N2,GP,foldA,300,True,0.00024224806201550387,0.007751937984496124,0.00034419801861662326,0.015444015444015444,1.4633204633204633,3.241761695250067,"[[0.6708900332450867, -Infinity], [75.96875, 64.83816528320312], [30.000001907348633, 6.000000476837158], 35.000003814697266]"
fing_x_face,15,0.001,face_C>face_G>li_V>ri_V,4,HYP,GP,foldA,300,False,,,,,,,
fing_x_face,15,0.001,face_C>face_G>li_V>ri_V,4,S1-Marcialis,rule,foldA,300,True,0.00048449612403100775,0.0,0.0007033611684774476,0.011583011583011582,1.7027027027027026,3.3934183352788003,"[[0.6979800462722778, -1.0], [75.97413635253906, 64.80564880371094], [30.000001907348633, 6.0], 26.0]"
fing_x_face,15,0.001,face_C>face_G>li_V>ri_V,4,S2-Symmetric,rule,foldA,300,True,0.00048449612403100775,0.0,0.0007033611684774476,0.011583011583011582,1.7027027027027026,3.3934183352788003,"[[0.6979800462722778, -1.0], [75.97413635253906, 64.80564880371094], [30.000001907348633, 6.0], 26.0]"
fing_x_face,15,0.001,face_C>face_G>li_V>ri_V,4,S3-SPRT,rule,foldA,300,False,,,,,,,
fing_x_face,15,0.001,face_C>face_G>li_V>ri_V,4,S4-Direct,rule,foldA,300,True,0.00030281007751937984,0.007751937984496124,0.0005387447247912364,0.011583011583011582,1.4671814671814671,3.5567178474155217,"[[0.6715600490570068, 0.48135003447532654], [75.97413635253906, 64.01529693603516], [30.000001907348633, 4.000000476837158], 29.0]"
fing_x_face,15,0.001,face_C>face_G>ri_V>li_V,4,LR-P1-N2,GP,foldA,300,True,0.00024224806201550387,0.007751937984496124,0.0004040585435934273,0.011583011583011582,1.4324324324324325,3.6162641046361976,"[[0.6677500605583191, -Infinity], [75.97413635253906, 64.83816528320312], [35.000003814697266, 3.000000238418579], 30.000001907348633]"
fing_x_face,15,0.001,face_C>face_G>ri_V>li_V,4,HYP,GP,foldA,300,False,,,,,,,
fing_x_face,15,0.001,face_C>face_G>ri_V>li_V,4,S1-Marcialis,rule,foldA,300,True,0.00030281007751937984,0.0,0.0004938493310586334,0.011583011583011582,1.691119691119691,3.669435215946844,"[[0.6979800462722778, -1.0], [75.97413635253906, 64.80564880371094], [35.000003814697266, 3.0], 27.0]"
fing_x_face,15,0.001,face_C>face_G>ri_V>li_V,4,S2-Symmetric,rule,foldA,300,True,0.00030281007751937984,0.0,0.0004938493310586334,0.011583011583011582,1.691119691119691,3.669435215946844,"[[0.6979800462722778, -1.0], [75.97413635253906, 64.80564880371094], [35.000003814697266, 3.0], 27.0]"
fing_x_face,15,0.001,face_C>face_G>ri_V>li_V,4,S3-SPRT,rule,foldA,300,False,,,,,,,
fing_x_face,15,0.001,face_C>face_G>ri_V>li_V,4,S4-Direct,rule,foldA,300,True,0.0004239341085271318,0.007751937984496124,0.0005237795935470355,0.011583011583011582,1.6833976833976834,3.2376762144204005,"[[0.6979800462722778, 0.48135003447532654], [75.97413635253906, 64.01529693603516], [29.000001907348633, 6.000000476837158], 27.0]"
fing_x_face,15,0.001,face_C>li_V>face_G>ri_V,4,LR-P1-N2,GP,foldA,300,True,0.0003633720930232558,0.0,0.00043398880608182933,0.015444015444015444,1.305019305019305,2.7776780102361496,"[[0.6666200757026672, -Infinity], [30.000001907348633, 6.000000476837158], [75.97413635253906, 65.88695526123047], 35.000003814697266]"
fing_x_face,15,0.001,face_C>li_V>face_G>ri_V,4,HYP,GP,foldA,300,False,,,,,,,
fing_x_face,15,0.001,face_C>li_V>face_G>ri_V,4,S1-Marcialis,rule,foldA,300,True,0.00048449612403100775,0.0,0.0007332914309658496,0.011583011583011582,1.5135135135135136,3.22157373320164,"[[0.6979800462722778, -1.0], [30.000001907348633, 6.0], [75.97413635253906, 64.80564880371094], 26.0]"
fing_x_face,15,0.001,face_C>li_V>face_G>ri_V,4,S2-Symmetric,rule,foldA,300,True,0.00048449612403100775,0.0,0.0007332914309658496,0.011583011583011582,1.5135135135135136,3.22157373320164,"[[0.6979800462722778, -1.0], [30.000001907348633, 6.0], [75.97413635253906, 64.80564880371094], 26.0]"
fing_x_face,15,0.001,face_C>li_V>face_G>ri_V,4,S3-SPRT,rule,foldA,300,True,0.00048449612403100775,0.015503875968992248,0.0003292328873724223,0.011583011583011582,1.3629343629343629,1.4300380114333602,"[[5.314945834849903, -2.5987430615010703], [5.314945834849903, -2.5987430615010703], [5.314945834849903, -2.5987430615010703], 1.7709674634242016]"
fing_x_face,15,0.001,face_C>li_V>face_G>ri_V,4,S4-Direct,rule,foldA,300,True,0.00048449612403100775,0.007751937984496124,0.00046391906857023134,0.011583011583011582,1.332046332046332,3.0945796294633503,"[[0.6715600490570068, 0.48135003447532654], [30.000001907348633, 4.000000476837158], [75.7102279663086, 66.35342407226562], 29.0]"
fing_x_face,15,0.001,face_C>li_V>ri_V>face_G,4,LR-P1-N2,GP,foldA,300,True,0.0004239341085271318,0.0,0.0004190236748376283,0.015444015444015444,1.281853281853282,2.5283289934452724,"[[0.6657800674438477, -Infinity], [30.000001907348633, 6.000000476837158], [35.000003814697266, 12.000000953674316], 75.1263198852539]"
fing_x_face,15,0.001,face_C>li_V>ri_V>face_G,4,HYP,GP,foldA,300,False,,,,,,,
fing_x_face,15,0.001,face_C>li_V>ri_V>face_G,4,S1-Marcialis,rule,foldA,300,True,0.0003633720930232558,0.0,0.0003591631498608243,0.019305019305019305,1.494208494208494,3.3292478525036664,"[[0.6979800462722778, -1.0], [30.000001907348633, 6.0], [35.000003814697266, 3.0], 75.55890655517578]"
fing_x_face,15,0.001,face_C>li_V>ri_V>face_G,4,S2-Symmetric,rule,foldA,300,True,0.0003633720930232558,0.0,0.0003591631498608243,0.019305019305019305,1.494208494208494,3.3292478525036664,"[[0.6979800462722778, -1.0], [30.000001907348633, 6.0], [35.000003814697266, 3.0], 75.55890655517578]"
fing_x_face,15,0.001,face_C>li_V>ri_V>face_G,4,S3-SPRT,rule,foldA,300,True,0.00048449612403100775,0.015503875968992248,0.00034419801861662326,0.011583011583011582,1.3629343629343629,1.422510550417527,"[[5.314945834849903, -2.5987430615010703], [5.314945834849903, -2.5987430615010703], [5.314945834849903, -2.5987430615010703], 1.5148796178752264]"
fing_x_face,15,0.001,face_C>li_V>ri_V>face_G,4,S4-Direct,rule,foldA,300,True,0.0004239341085271318,0.007751937984496124,0.0005088144623028344,0.011583011583011582,1.3127413127413128,3.137873754152824,"[[0.6715600490570068, 0.48135003447532654], [30.000001907348633, 4.000000476837158], [29.000001907348633, 6.000000476837158], 75.74730682373047]"
fing_x_face,15,0.001,face_C>ri_V>face_G>li_V,4,LR-P1-N2,GP,foldA,300,True,0.0001816860465116279,0.0,0.00034419801861662326,0.011583011583011582,1.308880308880309,3.7236239561820956,"[[0.6708900332450867, -Infinity], [35.000003814697266, 3.000000238418579], [75.97413635253906, 64.83816528320312], 30.000001907348633]"
fing_x_face,15,0.001,face_C>ri_V>face_G>li_V,4,HYP,GP,foldA,300,False,,,,,,,
fing_x_face,15,0.001,face_C>ri_V>face_G>li_V,4,S1-Marcialis,rule,foldA,300,True,0.00030281007751937984,0.0,0.0004938493310586334,0.011583011583011582,1.4787644787644787,3.822453682918799,"[[0.6979800462722778, -1.0], [35.000003814697266, 3.0], [75.97413635253906, 64.80564880371094], 27.0]"
fing_x_face,15,0.001,face_C>ri_V>face_G>li_V,4,S2-Symmetric,rule,foldA,300,True,0.00030281007751937984,0.0,0.0004938493310586334,0.011583011583011582,1.4787644787644787,3.822453682918799,"[[0.6979800462722778, -1.0], [35.000003814697266, 3.0], [75.97413635253906, 64.80564880371094], 27.0]"
fing_x_face,15,0.001,face_C>ri_V>face_G>li_V,4,S3-SPRT,rule,foldA,300,True,0.00048449612403100775,0.007751937984496124,0.00034419801861662326,0.011583011583011582,1.335907335907336,1.4144293795456586,"[[5.314945834849903, -2.5987430615010703], [5.314945834849903, -2.5987430615010703], [5.314945834849903, -2.5987430615010703], 1.5148796178752264]"
fing_x_face,15,0.001,face_C>ri_V>face_G>li_V,4,S4-Direct,rule,foldA,300,True,0.0003633720930232558,0.007751937984496124,0.0003591631498608243,0.011583011583011582,1.4633204633204633,2.600879949717159,"[[0.6979800462722778, 0.48135003447532654], [29.000001907348633, 6.000000476837158], [75.7102279663086, 66.35342407226562], 28.0]"
fing_x_face,15,0.001,face_C>ri_V>li_V>face_G,4,LR-P1-N2,GP,foldA,300,True,0.00024224806201550387,0.0,0.00047888419981443237,0.011583011583011582,1.281853281853282,2.980036514920236,"[[0.6677500605583191, -Infinity], [35.000003814697266, 3.000000238418579], [30.000001907348633, 13.000000953674316], 74.96791076660156]"
fing_x_face,15,0.001,face_C>ri_V>li_V>face_G,4,HYP,GP,foldA,300,False,,,,,,,
fing_x_face,15,0.001,face_C>ri_V>li_V>face_G,4,S1-Marcialis,rule,foldA,300,True,0.0003633720930232558,0.0,0.0003591631498608243,0.015444015444015444,1.471042471042471,3.654110921552782,"[[0.6979800462722778, -1.0], [35.000003814697266, 3.0], [30.000001907348633, 6.0], 75.55890655517578]"
fing_x_face,15,0.001,face_C>ri_V>li_V>face_G,4,S2-Symmetric,rule,foldA,300,True,0.0003633720930232558,0.0,0.0003591631498608243,0.015444015444015444,1.471042471042471,3.654110921552782,"[[0.6979800462722778, -1.0], [35.000003814697266, 3.0], [30.000001907348633, 6.0], 75.55890655517578]"
fing_x_face,15,0.001,face_C>ri_V>li_V>face_G,4,S3-SPRT,rule,foldA,300,True,0.00048449612403100775,0.007751937984496124,0.00034419801861662326,0.011583011583011582,1.3397683397683398,1.4106282362096316,"[[5.314945834849903, -2.5987430615010703], [5.314945834849903, -2.5987430615010703], [5.314945834849903, -2.5987430615010703], 1.5148796178752264]"
fing_x_face,15,0.001,face_C>ri_V>li_V>face_G,4,S4-Direct,rule,foldA,300,True,0.0004239341085271318,0.007751937984496124,0.0005387447247912364,0.011583011583011582,1.4594594594594594,2.5813354883122326,"[[0.6979800462722778, 0.48135003447532654], [29.000001907348633, 6.000000476837158], [27.000001907348633, 7.000000476837158], 75.55890655517578]"
fing_x_face,15,0.001,face_G>face_C>li_V>ri_V,4,LR-P1-N2,GP,foldA,300,True,0.00030281007751937984,0.007751937984496124,0.00028433749363981925,0.019305019305019305,1.5637065637065637,3.0752147496333544,"[[75.7102279663086, 64.83816528320312], [0.6842800378799438, -Infinity], [30.000001907348633, 6.000000476837158], 35.000003814697266]"
fing_x_face,15,0.001,face_G>face_C>li_V>ri_V,4,HYP,GP,foldA,300,False,,,,,,,
fing_x_face,15,0.001,face_G>face_C>li_V>ri_V,4,S1-Marcialis,rule,foldA,300,True,0.00048449612403100775,0.0,0.0007033611684774476,0.011583011583011582,1.6563706563706564,3.231914638891383,"[[75.97413635253906, 64.80564880371094], [0.6979800462722778, -1.0], [30.000001907348633, 6.0], 26.0]"
fing_x_face,15,0.001,face_G>face_C>li_V>ri_V,4,S2-Symmetric,rule,foldA,300,True,0.00048449612403100775,0.0,0.0007033611684774476,0.011583011583011582,1.6563706563706564,3.231914638891383,"[[75.97413635253906, 64.80564880371094], [0.6979800462722778, -1.0], [30.000001907348633, 6.0], 26.0]"
fing_x_face,15,0.001,face_G>face_C>li_V>ri_V,4,S3-SPRT,rule,foldA,300,False,,,,,,,
fing_x_face,15,0.001,face_G>face_C>li_V>ri_V,4,S4-Direct,rule,foldA,300,True,0.00030281007751937984,0.0,0.0005387447247912364,0.011583011583011582,1.5675675675675675,3.525156385621502,"[[75.97413635253906, 64.01529693603516], [0.6715600490570068, 0.48135003447532654], [30.000001907348633, 4.000000476837158], 29.0]"
fing_x_face,15,0.001,face_G>face_C>ri_V>li_V,4,LR-P1-N2,GP,foldA,300,True,0.00030281007751937984,0.007751937984496124,0.0003292328873724223,0.015444015444015444,1.5598455598455598,3.4497770195444613,"[[75.55891418457031, 64.83816528320312], [0.6979800462722778, -Infinity], [35.000003814697266, 3.000000238418579], 30.000001907348633]"
fing_x_face,15,0.001,face_G>face_C>ri_V>li_V,4,HYP,GP,foldA,300,False,,,,,,,
fing_x_face,15,0.001,face_G>face_C>ri_V>li_V,4,S1-Marcialis,rule,foldA,300,True,0.00030281007751937984,0.0,0.0004938493310586334,0.011583011583011582,1.6447876447876448,3.5079315195594267,"[[75.97413635253906, 64.80564880371094], [0.6979800462722778, -1.0], [35.000003814697266, 3.0], 27.0]"
fing_x_face,15,0.001,face_G>face_C>ri_V>li_V,4,S2-Symmetric,rule,foldA,300,True,0.00030281007751937984,0.0,0.0004938493310586334,0.011583011583011582,1.6447876447876448,3.5079315195594267,"[[75.97413635253906, 64.80564880371094], [0.6979800462722778, -1.0], [35.000003814697266, 3.0], 27.0]"
fing_x_face,15,0.001,face_G>face_C>ri_V>li_V,4,S3-SPRT,rule,foldA,300,False,,,,,,,
fing_x_face,15,0.001,face_G>face_C>ri_V>li_V,4,S4-Direct,rule,foldA,300,True,0.0004239341085271318,0.0,0.0005237795935470355,0.011583011583011582,1.6370656370656371,3.2059800664451825,"[[75.97413635253906, 64.01529693603516], [0.6979800462722778, 0.48135003447532654], [29.000001907348633, 6.000000476837158], 27.0]"
fing_x_face,15,0.001,face_G>li_V>face_C>ri_V,4,LR-P1-N2,GP,foldA,300,True,0.0003633720930232558,0.015503875968992248,0.00034419801861662326,0.023166023166023165,1.3822393822393821,2.5644248900062854,"[[75.49197387695312, 64.83816528320312], [30.000001907348633, 6.000000476837158], [0.6979800462722778, 0.5084700584411621], 35.000003814697266]"
fing_x_face,15,0.001,face_G>li_V>face_C>ri_V,4,HYP,GP,foldA,300,False,,,,,,,
fing_x_face,15,0.001,face_G>li_V>face_C>ri_V,4,S1-Marcialis,rule,foldA,300,True,0.00048449612403100775,0.0,0.0006883960372332465,0.015444015444015444,1.444015444015444,2.9485947741761693,"[[75.97413635253906, 64.80564880371094], [30.000001907348633, 6.0], [0.6979800462722778, -1.0], 26.0]"
fing_x_face,15,0.001,face_G>li_V>face_C>ri_V,4,S2-Symmetric,rule,foldA,300,True,0.00048449612403100775,0.0,0.0006883960372332465,0.015444015444015444,1.444015444015444,2.9485947741761693,"[[75.97413635253906, 64.80564880371094], [30.000001907348633, 6.0], [0.6979800462722778, -1.0], 26.0]"
fing_x_face,15,0.001,face_G>li_V>face_C>ri_V,4,S3-SPRT,rule,foldA,300,True,0.00048449612403100775,0.015503875968992248,0.0003890934123492263,0.007722007722007722,1.393822393822394,1.8922510550417526,"[[5.509521185613435, -3.482222103528612], [5.509521185613435, -3.482222103528612], [5.509521185613435, -3.482222103528612], 1.8473947079033284]"
fing_x_face,15,0.001,face_G>li_V>face_C>ri_V,4,S4-Direct,rule,foldA,300,True,0.0004239341085271318,0.0,0.00043398880608182933,0.015444015444015444,1.4092664092664093,3.060399269701595,"[[75.7102279663086, 64.01529693603516], [30.000001907348633, 4.000000476837158], [0.6677500605583191, 0.531480073928833], 35.0]"
fing_x_face,15,0.001,face_G>li_V>ri_V>face_C,4,LR-P1-N2,GP,foldA,300,False,,,,,,,
fing_x_face,15,0.001,face_G>li_V>ri_V>face_C,4,HYP,GP,foldA,300,False,,,,,,,
fing_x_face,15,0.001,face_G>li_V>ri_V>face_C,4,S1-Marcialis,rule,foldA,300,True,0.0003633720930232558,0.0,0.00034419801861662326,0.019305019305019305,1.416988416988417,2.9455269222711085,"[[75.97413635253906, 64.80564880371094], [30.000001907348633, 6.0], [35.000003814697266, 3.0], 0.664929986000061]"
fing_x_face,15,0.001,face_G>li_V>ri_V>face_C,4,S2-Symmetric,rule,foldA,300,True,0.0003633720930232558,0.0,0.00034419801861662326,0.019305019305019305,1.416988416988417,2.9455269222711085,"[[75.97413635253906, 64.80564880371094], [30.000001907348633, 6.0], [35.000003814697266, 3.0], 0.664929986000061]"
fing_x_face,15,0.001,face_G>li_V>ri_V>face_C,4,S3-SPRT,rule,foldA,300,True,0.00048449612403100775,0.015503875968992248,0.0003890934123492263,0.007722007722007722,1.3783783783783783,1.8773607494537727,"[[5.509521185613435, -3.482222103528612], [5.509521185613435, -3.482222103528612], [5.509521185613435, -3.482222103528612], 1.8473947079033288]"
fing_x_face,15,0.001,face_G>li_V>ri_V>face_C,4,S4-Direct,rule,foldA,300,True,0.0004239341085271318,0.0,0.00044895393732603036,0.011583011583011582,1.393822393822394,3.0597408039268505,"[[75.7102279663086, 64.01529693603516], [30.000001907348633, 4.000000476837158], [29.000001907348633, 6.000000476837158], 0.6708899736404419]"
fing_x_face,15,0.001,face_G>ri_V>face_C>li_V,4,LR-P1-N2,GP,foldA,300,True,0.00024224806201550387,0.007751937984496124,0.0002544072311514172,0.015444015444015444,1.3783783783783783,3.4005417377510403,"[[75.7102279663086, 64.83816528320312], [35.000003814697266, 3.000000238418579], [0.6979800462722778, -Infinity], 30.000001907348633]"
fing_x_face,15,0.001,face_G>ri_V>face_C>li_V,4,HYP,GP,foldA,300,False,,,,,,,
fing_x_face,15,0.001,face_G>ri_V>face_C>li_V,4,S1-Marcialis,rule,foldA,300,True,0.00030281007751937984,0.0,0.0004938493310586334,0.011583011583011582,1.416988416988417,3.5006435006435006,"[[75.97413635253906, 64.80564880371094], [35.000003814697266, 3.0], [0.6979800462722778, -1.0], 27.0]"
fing_x_face,15,0.001,face_G>ri_V>face_C>li_V,4,S2-Symmetric,rule,foldA,300,True,0.00030281007751937984,0.0,0.0004938493310586334,0.011583011583011582,1.416988416988417,3.5006435006435006,"[[75.97413635253906, 64.80564880371094], [35.000003814697266, 3.0], [0.6979800462722778, -1.0], 27.0]"
fing_x_face,15,0.001,face_G>ri_V>face_C>li_V,4,S3-SPRT,rule,foldA,300,True,0.00048449612403100775,0.007751937984496124,0.0003292328873724223,0.007722007722007722,1.359073359073359,1.8569632755679268,"[[5.509521185613435, -3.482222103528612], [5.509521185613435, -3.482222103528612], [5.509521185613435, -3.482222103528612], 1.8473947079033286]"
fing_x_face,15,0.001,face_G>ri_V>face_C>li_V,4,S4-Direct,rule,foldA,300,True,0.0004239341085271318,0.0,0.00022447696866301518,0.007722007722007722,1.386100386100386,1.9375954027116817,"[[75.97413635253906, 64.01529693603516], [28.000001907348633, 16.000001907348633], [0.6677500605583191, 0.531480073928833], 22.0]"
fing_x_face,15,0.001,face_G>ri_V>li_V>face_C,4,LR-P1-N2,GP,foldA,300,True,0.00024224806201550387,0.007751937984496124,0.00020951183741881415,0.015444015444015444,1.3629343629343629,2.7107240130495946,"[[75.7102279663086, 64.83816528320312], [35.000003814697266, 3.000000238418579], [30.000001907348633, 10.000000953674316], 0.6708900332450867]"
fing_x_face,15,0.001,face_G>ri_V>li_V>face_C,4,HYP,GP,foldA,300,False,,,,,,,
fing_x_face,15,0.001,face_G>ri_V>li_V>face_C,4,S1-Marcialis,rule,foldA,300,True,0.0003633720930232558,0.0,0.00034419801861662326,0.015444015444015444,1.4015444015444016,3.221558768070396,"[[75.97413635253906, 64.80564880371094], [35.000003814697266, 3.0], [30.000001907348633, 6.0], 0.664929986000061]"
fing_x_face,15,0.001,face_G>ri_V>li_V>face_C,4,S2-Symmetric,rule,foldA,300,True,0.0003633720930232558,0.0,0.00034419801861662326,0.015444015444015444,1.4015444015444016,3.221558768070396,"[[75.97413635253906, 64.80564880371094], [35.000003814697266, 3.0], [30.000001907348633, 6.0], 0.664929986000061]"
fing_x_face,15,0.001,face_G>ri_V>li_V>face_C,4,S3-SPRT,rule,foldA,300,True,0.00048449612403100775,0.007751937984496124,0.00031426775612822125,0.007722007722007722,1.3552123552123552,1.8493011283708958,"[[5.509521185613435, -3.482222103528612], [5.509521185613435, -3.482222103528612], [5.509521185613435, -3.482222103528612], 1.8473947079033286]"
fing_x_face,15,0.001,face_G>ri_V>li_V>face_C,4,S4-Direct,rule,foldA,300,False,,,,,,,
fing_x_face,15,0.001,li_V>face_C>face_G>ri_V,4,LR-P1-N2,GP,foldA,300,True,0.0001816860465116279,0.015503875968992248,0.00044895393732603036,0.04247104247104247,1.2316602316602316,2.398895573314178,"[[28.000001907348633, 6.000000476837158], [0.6715600490570068, -Infinity], [75.97413635253906, 64.83816528320312], 35.000003814697266]"
fing_x_face,15,0.001,li_V>face_C>face_G>ri_V,4,HYP,GP,foldA,300,False,,,,,,,
fing_x_face,15,0.001,li_V>face_C>face_G>ri_V,4,S1-Marcialis,rule,foldA,300,True,0.00048449612403100775,0.0,0.0007183262997216486,0.03088803088803089,1.3166023166023166,2.8882104696058186,"[[30.000001907348633, 6.0], [0.6979800462722778, -1.0], [75.97413635253906, 64.80564880371094], 26.0]"
fing_x_face,15,0.001,li_V>face_C>face_G>ri_V,4,S2-Symmetric,rule,foldA,300,True,0.00048449612403100775,0.0,0.0007183262997216486,0.03088803088803089,1.3166023166023166,2.8882104696058186,"[[30.000001907348633, 6.0], [0.6979800462722778, -1.0], [75.97413635253906, 64.80564880371094], 26.0]"
fing_x_face,15,0.001,li_V>face_C>face_G>ri_V,4,S3-SPRT,rule,foldA,300,True,0.00048449612403100775,0.007751937984496124,0.0005836401185238395,0.003861003861003861,1.2934362934362935,2.112043937625333,"[[4.874792773101474, -3.523733219687808], [4.874792773101474, -3.523733219687808], [4.874792773101474, -3.523733219687808], 1.8473947079033284]"
fing_x_face,15,0.001,li_V>face_C>face_G>ri_V,4,S4-Direct,rule,foldA,300,True,0.0004239341085271318,0.0,0.00046391906857023134,0.019305019305019305,1.2934362934362935,2.4509293346502647,"[[30.000001907348633, 4.000000476837158], [0.6677500605583191, 0.531480073928833], [75.7102279663086, 66.35342407226562], 29.0]"
fing_x_face,15,0.001,li_V>face_C>ri_V>face_G,4,LR-P1-N2,GP,foldA,300,True,0.0001816860465116279,0.015503875968992248,0.00044895393732603036,0.04247104247104247,1.223938223938224,2.0569273592529407,"[[28.000001907348633, 6.000000476837158], [0.6715600490570068, -Infinity], [35.000003814697266, 10.000000953674316], 75.1263198852539]"
fing_x_face,15,0.001,li_V>face_C>ri_V>face_G,4,HYP,GP,foldA,300,False,,,,,,,
fing_x_face,15,0.001,li_V>face_C>ri_V>face_G,4,S1-Marcialis,rule,foldA,300,True,0.0003633720930232558,0.0,0.00034419801861662326,0.03861003861003861,1.2972972972972974,2.995884588907845,"[[30.000001907348633, 6.0], [0.6979800462722778, -1.0], [35.000003814697266, 3.0], 75.55890655517578]"
fing_x_face,15,0.001,li_V>face_C>ri_V>face_G,4,S2-Symmetric,rule,foldA,300,True,0.0003633720930232558,0.0,0.00034419801861662326,0.03861003861003861,1.2972972972972974,2.995884588907845,"[[30.000001907348633, 6.0], [0.6979800462722778, -1.0], [35.000003814697266, 3.0], 75.55890655517578]"
fing_x_face,15,0.001,li_V>face_C>ri_V>face_G,4,S3-SPRT,rule,foldA,300,True,0.00048449612403100775,0.0,0.0006135703810122415,0.003861003861003861,1.2972972972972974,2.0986651102930174,"[[4.874792773101474, -3.523733219687808], [4.874792773101474, -3.523733219687808], [4.874792773101474, -3.523733219687808], 1.7709674634242016]"
fing_x_face,15,0.001,li_V>face_C>ri_V>face_G,4,S4-Direct,rule,foldA,300,True,0.0004239341085271318,0.0,0.0005088144623028344,0.019305019305019305,1.277992277992278,2.4368920415432043,"[[30.000001907348633, 4.000000476837158], [0.6677500605583191, 0.531480073928833], [29.000001907348633, 6.000000476837158], 75.71022033691406]"
fing_x_face,15,0.001,li_V>face_G>face_C>ri_V,4,LR-P1-N2,GP,foldA,300,True,0.00030281007751937984,0.015503875968992248,0.0004040585435934273,0.04633204633204633,1.250965250965251,2.3127263476100683,"[[28.000001907348633, 6.000000476837158], [75.747314453125, 64.83816528320312], [0.6979800462722778, -Infinity], 35.000003814697266]"
fing_x_face,15,0.001,li_V>face_G>face_C>ri_V,4,HYP,GP,foldA,300,False,,,,,,,
fing_x_face,15,0.001,li_V>face_G>face_C>ri_V,4,S1-Marcialis,rule,foldA,300,True,0.00048449612403100775,0.0,0.0007183262997216486,0.03088803088803089,1.2934362934362935,2.776735206967765,"[[30.000001907348633, 6.0], [75.97413635253906, 64.80564880371094], [0.6979800462722778, -1.0], 26.0]"
fing_x_face,15,0.001,li_V>face_G>face_C>ri_V,4,S2-Symmetric,rule,foldA,300,True,0.00048449612403100775,0.0,0.0007183262997216486,0.03088803088803089,1.2934362934362935,2.776735206967765,"[[30.000001907348633, 6.0], [75.97413635253906, 64.80564880371094], [0.6979800462722778, -1.0], 26.0]"
fing_x_face,15,0.001,li_V>face_G>face_C>ri_V,4,S3-SPRT,rule,foldA,300,True,0.00048449612403100775,0.007751937984496124,0.0005836401185238395,0.003861003861003861,1.2702702702702702,2.110188261351052,"[[4.874792773101474, -3.523733219687808], [4.874792773101474, -3.523733219687808], [4.874792773101474, -3.523733219687808], 1.8473947079033284]"
fing_x_face,15,0.001,li_V>face_G>face_C>ri_V,4,S4-Direct,rule,foldA,300,True,0.0004239341085271318,0.0,0.00044895393732603036,0.019305019305019305,1.308880308880309,2.40887731585406,"[[30.000001907348633, 4.000000476837158], [75.7102279663086, 66.35342407226562], [0.6677500605583191, 0.531480073928833], 29.0]"
fing_x_face,15,0.001,li_V>face_G>ri_V>face_C,4,LR-P1-N2,GP,foldA,300,True,0.00030281007751937984,0.015503875968992248,0.00043398880608182933,0.04247104247104247,1.2316602316602316,2.058079674358744,"[[28.000001907348633, 6.000000476837158], [75.747314453125, 64.83816528320312], [35.000003814697266, 7.000000476837158], 0.6708900332450867]"
fing_x_face,15,0.001,li_V>face_G>ri_V>face_C,4,HYP,GP,foldA,300,False,,,,,,,
fing_x_face,15,0.001,li_V>face_G>ri_V>face_C,4,S1-Marcialis,rule,foldA,300,True,0.0003633720930232558,0.0,0.0003741282811050253,0.03474903474903475,1.2664092664092663,2.773667355062704,"[[30.000001907348633, 6.0], [75.97413635253906, 64.80564880371094], [35.000003814697266, 3.0], 0.664929986000061]"
fing_x_face,15,0.001,li_V>face_G>ri_V>face_C,4,S2-Symmetric,rule,foldA,300,True,0.0003633720930232558,0.0,0.0003741282811050253,0.03474903474903475,1.2664092664092663,2.773667355062704,"[[30.000001907348633, 6.0], [75.97413635253906, 64.80564880371094], [35.000003814697266, 3.0], 0.664929986000061]"
fing_x_face,15,0.001,li_V>face_G>ri_V>face_C,4,S3-SPRT,rule,foldA,300,True,0.00048449612403100775,0.007751937984496124,0.0005686749872796385,0.003861003861003861,1.2625482625482625,2.0947292807757925,"[[4.874792773101474, -3.523733219687808], [4.874792773101474, -3.523733219687808], [4.874792773101474, -3.523733219687808], 1.8473947079033288]"
fing_x_face,15,0.001,li_V>face_G>ri_V>face_C,4,S4-Direct,rule,foldA,300,True,0.0004239341085271318,0.0,0.0004040585435934273,0.015444015444015444,1.2934362934362935,2.3717637903684414,"[[30.000001907348633, 4.000000476837158], [75.7102279663086, 66.35342407226562], [29.000001907348633, 6.000000476837158], 0.6677500009536743]"
fing_x_face,15,0.001,li_V>ri_V>face_C>face_G,4,LR-P1-N2,GP,foldA,300,True,0.0004239341085271318,0.023255813953488372,0.0005088144623028344,0.04633204633204633,1.2316602316602316,2.0444015444015444,"[[28.000001907348633, 6.000000476837158], [29.000001907348633, 3.000000238418579], [0.6979800462722778, 0.5634200572967529], 75.74730682373047]"
fing_x_face,15,0.001,li_V>ri_V>face_C>face_G,4,HYP,GP,foldA,300,False,,,,,,,
fing_x_face,15,0.001,li_V>ri_V>face_C>face_G,4,S1-Marcialis,rule,foldA,300,True,0.0003633720930232558,0.0,0.00034419801861662326,0.03861003861003861,1.274131274131274,2.9920834455718177,"[[30.000001907348633, 6.0], [35.000003814697266, 3.0], [0.6979800462722778, -1.0], 75.55890655517578]"
fing_x_face,15,0.001,li_V>ri_V>face_C>face_G,4,S2-Symmetric,rule,foldA,300,True,0.0003633720930232558,0.0,0.00034419801861662326,0.03861003861003861,1.274131274131274,2.9920834455718177,"[[30.000001907348633, 6.0], [35.000003814697266, 3.0], [0.6979800462722778, -1.0], 75.55890655517578]"
fing_x_face,15,0.001,li_V>ri_V>face_C>face_G,4,S3-SPRT,rule,foldA,300,True,0.0004239341085271318,0.023255813953488372,0.0006734309059890455,0.015444015444015444,1.2664092664092663,2.0665050432492293,"[[4.874792773101474, -3.523733219687808], [4.874792773101474, -3.523733219687808], [4.874792773101474, -3.523733219687808], 1.1181678944667974]"
fing_x_face,15,0.001,li_V>ri_V>face_C>face_G,4,S4-Direct,rule,foldA,300,True,0.0004239341085271318,0.007751937984496124,0.00043398880608182933,0.019305019305019305,1.2934362934362935,2.8648947951273533,"[[30.000001907348633, 4.000000476837158], [35.000003814697266, 4.000000476837158], [0.6677500605583191, 0.531480073928833], 75.71022033691406]"
fing_x_face,15,0.001,li_V>ri_V>face_G>face_C,4,LR-P1-N2,GP,foldA,300,True,0.00024224806201550387,0.023255813953488372,0.0005537098560354374,0.04247104247104247,1.223938223938224,2.112477926431415,"[[28.000001907348633, 6.000000476837158], [31.000001907348633, 3.000000238418579], [75.97413635253906, 66.79204559326172], 0.6677500605583191]"
fing_x_face,15,0.001,li_V>ri_V>face_G>face_C,4,HYP,GP,foldA,300,False,,,,,,,
fing_x_face,15,0.001,li_V>ri_V>face_G>face_C,4,S1-Marcialis,rule,foldA,300,True,0.0003633720930232558,0.0,0.0003741282811050253,0.03474903474903475,1.2664092664092663,2.88134147436473,"[[30.000001907348633, 6.0], [35.000003814697266, 3.0], [75.97413635253906, 64.80564880371094], 0.664929986000061]"
fing_x_face,15,0.001,li_V>ri_V>face_G>face_C,4,S2-Symmetric,rule,foldA,300,True,0.0003633720930232558,0.0,0.0003741282811050253,0.03474903474903475,1.2664092664092663,2.88134147436473,"[[30.000001907348633, 6.0], [35.000003814697266, 3.0], [75.97413635253906, 64.80564880371094], 0.664929986000061]"
fing_x_face,15,0.001,li_V>ri_V>face_G>face_C,4,S3-SPRT,rule,foldA,300,True,0.0004239341085271318,0.023255813953488372,0.0006734309059890455,0.015444015444015444,1.2548262548262548,2.0657567866870195,"[[4.874792773101474, -3.523733219687808], [4.874792773101474, -3.523733219687808], [4.874792773101474, -3.523733219687808], 1.1181678944667977]"
fing_x_face,15,0.001,li_V>ri_V>face_G>face_C,4,S4-Direct,rule,foldA,300,True,0.0004239341085271318,0.007751937984496124,0.0004190236748376283,0.019305019305019305,1.2972972972972974,2.8283798748915028,"[[30.000001907348633, 4.000000476837158], [35.000003814697266, 4.000000476837158], [75.7102279663086, 66.35342407226562], 0.6677500009536743]"
fing_x_face,15,0.001,ri_V>face_C>face_G>li_V,4,LR-P1-N2,GP,foldA,300,True,0.00012112403100775194,0.007751937984496124,0.0003591631498608243,0.019305019305019305,1.193050193050193,3.664092664092664,"[[29.000001907348633, 3.000000238418579], [0.6979800462722778, -Infinity], [75.97413635253906, 64.83816528320312], 30.000001907348633]"
fing_x_face,15,0.001,ri_V>face_C>face_G>li_V,4,HYP,GP,foldA,300,False,,,,,,,
fing_x_face,15,0.001,ri_V>face_C>face_G>li_V,4,S1-Marcialis,rule,foldA,300,True,0.00030281007751937984,0.0,0.0004938493310586334,0.015444015444015444,1.2316602316602316,3.813968453503337,"[[35.000003814697266, 3.0], [0.6979800462722778, -1.0], [75.97413635253906, 64.80564880371094], 27.0]"
fing_x_face,15,0.001,ri_V>face_C>face_G>li_V,4,S2-Symmetric,rule,foldA,300,True,0.00030281007751937984,0.0,0.0004938493310586334,0.015444015444015444,1.2316602316602316,3.813968453503337,"[[35.000003814697266, 3.0], [0.6979800462722778, -1.0], [75.97413635253906, 64.80564880371094], 27.0]"
fing_x_face,15,0.001,ri_V>face_C>face_G>li_V,4,S3-SPRT,rule,foldA,300,True,0.00048449612403100775,0.007751937984496124,0.00043398880608182933,0.007722007722007722,1.1583011583011582,1.7540480680015564,"[[4.726000250143469, -3.995385948470832], [4.726000250143469, -3.995385948470832], [4.726000250143469, -3.995385948470832], 1.7709674634242016]"
fing_x_face,15,0.001,ri_V>face_C>face_G>li_V,4,S4-Direct,rule,foldA,300,False,,,,,,,
fing_x_face,15,0.001,ri_V>face_C>li_V>face_G,4,LR-P1-N2,GP,foldA,300,True,0.0001816860465116279,0.007751937984496124,0.00046391906857023134,0.023166023166023165,1.1776061776061777,2.920550118224537,"[[29.000001907348633, 3.000000238418579], [0.6842800378799438, -Infinity], [30.000001907348633, 13.000000953674316], 74.96791076660156]"
fing_x_face,15,0.001,ri_V>face_C>li_V>face_G,4,HYP,GP,foldA,300,False,,,,,,,
fing_x_face,15,0.001,ri_V>face_C>li_V>face_G,4,S1-Marcialis,rule,foldA,300,True,0.0003633720930232558,0.0,0.0003591631498608243,0.019305019305019305,1.223938223938224,3.6456256921373202,"[[35.000003814697266, 3.0], [0.6979800462722778, -1.0], [30.000001907348633, 6.0], 75.55890655517578]"
fing_x_face,15,0.001,ri_V>face_C>li_V>face_G,4,S2-Symmetric,rule,foldA,300,True,0.0003633720930232558,0.0,0.0003591631498608243,0.019305019305019305,1.223938223938224,3.6456256921373202,"[[35.000003814697266, 3.0], [0.6979800462722778, -1.0], [30.000001907348633, 6.0], 75.55890655517578]"
fing_x_face,15,0.001,ri_V>face_C>li_V>face_G,4,S3-SPRT,rule,foldA,300,True,0.00048449612403100775,0.007751937984496124,0.00044895393732603036,0.007722007722007722,1.166023166023166,1.7480919457663644,"[[4.726000250143469, -3.995385948470832], [4.726000250143469, -3.995385948470832], [4.726000250143469, -3.995385948470832], 1.7709674634242016]"
fing_x_face,15,0.001,ri_V>face_C>li_V>face_G,4,S4-Direct,rule,foldA,300,False,,,,,,,
fing_x_face,15,0.001,ri_V>face_G>face_C>li_V,4,LR-P1-N2,GP,foldA,300,True,0.00012112403100775194,0.007751937984496124,0.0003591631498608243,0.019305019305019305,1.1737451737451738,3.5074975307533447,"[[29.000001907348633, 3.000000238418579], [75.97413635253906, 64.83816528320312], [0.6979800462722778, -Infinity], 30.000001907348633]"
fing_x_face,15,0.001,ri_V>face_G>face_C>li_V,4,HYP,GP,foldA,300,False,,,,,,,
fing_x_face,15,0.001,ri_V>face_G>face_C>li_V,4,S1-Marcialis,rule,foldA,300,True,0.00030281007751937984,0.0,0.0004938493310586334,0.015444015444015444,1.2162162162162162,3.653661967615456,"[[35.000003814697266, 3.0], [75.97413635253906, 64.80564880371094], [0.6979800462722778, -1.0], 27.0]"
fing_x_face,15,0.001,ri_V>face_G>face_C>li_V,4,S2-Symmetric,rule,foldA,300,True,0.00030281007751937984,0.0,0.0004938493310586334,0.015444015444015444,1.2162162162162162,3.653661967615456,"[[35.000003814697266, 3.0], [75.97413635253906, 64.80564880371094], [0.6979800462722778, -1.0], 27.0]"
fing_x_face,15,0.001,ri_V>face_G>face_C>li_V,4,S3-SPRT,rule,foldA,300,True,0.00048449612403100775,0.007751937984496124,0.00043398880608182933,0.007722007722007722,1.1505791505791505,1.7501272036155757,"[[4.726000250143469, -3.995385948470832], [4.726000250143469, -3.995385948470832], [4.726000250143469, -3.995385948470832], 1.7709674634242016]"
fing_x_face,15,0.001,ri_V>face_G>face_C>li_V,4,S4-Direct,rule,foldA,300,False,,,,,,,
fing_x_face,15,0.001,ri_V>face_G>li_V>face_C,4,LR-P1-N2,GP,foldA,300,True,0.0001816860465116279,0.015503875968992248,0.0003741282811050253,0.019305019305019305,1.1583011583011582,2.857711532130137,"[[29.000001907348633, 3.000000238418579], [75.96875, 64.83816528320312], [30.000001907348633, 9.000000953674316], 0.6708900332450867]"
fing_x_face,15,0.001,ri_V>face_G>li_V>face_C,4,HYP,GP,foldA,300,False,,,,,,,
fing_x_face,15,0.001,ri_V>face_G>li_V>face_C,4,S1-Marcialis,rule,foldA,300,True,0.0003633720930232558,0.0,0.00034419801861662326,0.019305019305019305,1.2007722007722008,3.3745772350423513,"[[35.000003814697266, 3.0], [75.97413635253906, 64.80564880371094], [30.000001907348633, 6.0], 0.664929986000061]"
fing_x_face,15,0.001,ri_V>face_G>li_V>face_C,4,S2-Symmetric,rule,foldA,300,True,0.0003633720930232558,0.0,0.00034419801861662326,0.019305019305019305,1.2007722007722008,3.3745772350423513,"[[35.000003814697266, 3.0], [75.97413635253906, 64.80564880371094], [30.000001907348633, 6.0], 0.664929986000061]"
fing_x_face,15,0.001,ri_V>face_G>li_V>face_C,4,S3-SPRT,rule,foldA,300,True,0.00048449612403100775,0.007751937984496124,0.00046391906857023134,0.007722007722007722,1.1467181467181466,1.742779324174673,"[[4.726000250143469, -3.995385948470832], [4.726000250143469, -3.995385948470832], [4.726000250143469, -3.995385948470832], 1.7709674634242019]"
fing_x_face,15,0.001,ri_V>face_G>li_V>face_C,4,S4-Direct,rule,foldA,300,True,0.0004239341085271318,0.007751937984496124,0.00034419801861662326,0.023166023166023165,1.1891891891891893,2.296159947322738,"[[35.000003814697266, 4.000000476837158], [75.7102279663086, 66.35342407226562], [27.000001907348633, 7.000000476837158], 0.6708899736404419]"
fing_x_face,15,0.001,ri_V>li_V>face_C>face_G,4,LR-P1-N2,GP,foldA,300,True,0.0004239341085271318,0.015503875968992248,0.00043398880608182933,0.03474903474903475,1.1814671814671815,2.4598186226093204,"[[28.000001907348633, 3.000000238418579], [30.000001907348633, 6.000000476837158], [0.6979800462722778, 0.5746100544929504], 75.96874237060547]"
fing_x_face,15,0.001,ri_V>li_V>face_C>face_G,4,HYP,GP,foldA,300,False,,,,,,,
fing_x_face,15,0.001,ri_V>li_V>face_C>face_G,4,S1-Marcialis,rule,foldA,300,True,0.0003633720930232558,0.0,0.00034419801861662326,0.03088803088803089,1.223938223938224,3.3169614797521776,"[[35.000003814697266, 3.0], [30.000001907348633, 6.0], [0.6979800462722778, -1.0], 75.55890655517578]"
fing_x_face,15,0.001,ri_V>li_V>face_C>face_G,4,S2-Symmetric,rule,foldA,300,True,0.0003633720930232558,0.0,0.00034419801861662326,0.03088803088803089,1.223938223938224,3.3169614797521776,"[[35.000003814697266, 3.0], [30.000001907348633, 6.0], [0.6979800462722778, -1.0], 75.55890655517578]"
fing_x_face,15,0.001,ri_V>li_V>face_C>face_G,4,S3-SPRT,rule,foldA,300,True,0.0004239341085271318,0.023255813953488372,0.0005387447247912364,0.019305019305019305,1.16988416988417,1.7439914998054533,"[[4.726000250143469, -3.995385948470832], [4.726000250143469, -3.995385948470832], [4.726000250143469, -3.995385948470832], 1.7709674634242014]"
fing_x_face,15,0.001,ri_V>li_V>face_C>face_G,4,S4-Direct,rule,foldA,300,True,0.0004239341085271318,0.007751937984496124,0.00043398880608182933,0.019305019305019305,1.22007722007722,2.84350962257939,"[[35.000003814697266, 4.000000476837158], [30.000001907348633, 4.000000476837158], [0.6677500605583191, 0.531480073928833], 75.71022033691406]"
fing_x_face,15,0.001,ri_V>li_V>face_G>face_C,4,LR-P1-N2,GP,foldA,300,True,0.0003633720930232558,0.015503875968992248,0.0005387447247912364,0.03088803088803089,1.16988416988417,2.504100445960911,"[[28.000001907348633, 3.000000238418579], [30.000001907348633, 6.000000476837158], [75.97413635253906, 70.57200622558594], 0.6677500605583191]"
fing_x_face,15,0.001,ri_V>li_V>face_G>face_C,4,HYP,GP,foldA,300,False,,,,,,,
fing_x_face,15,0.001,ri_V>li_V>face_G>face_C,4,S1-Marcialis,rule,foldA,300,True,0.0003633720930232558,0.0,0.0003741282811050253,0.02702702702702703,1.2162162162162162,3.20621950854509,"[[35.000003814697266, 3.0], [30.000001907348633, 6.0], [75.97413635253906, 64.80564880371094], 0.664929986000061]"
fing_x_face,15,0.001,ri_V>li_V>face_G>face_C,4,S2-Symmetric,rule,foldA,300,True,0.0003633720930232558,0.0,0.0003741282811050253,0.02702702702702703,1.2162162162162162,3.20621950854509,"[[35.000003814697266, 3.0], [30.000001907348633, 6.0], [75.97413635253906, 64.80564880371094], 0.664929986000061]"
fing_x_face,15,0.001,ri_V>li_V>face_G>face_C,4,S3-SPRT,rule,foldA,300,True,0.0004239341085271318,0.023255813953488372,0.0005387447247912364,0.019305019305019305,1.1583011583011582,1.742719463649696,"[[4.726000250143469, -3.995385948470832], [4.726000250143469, -3.995385948470832], [4.726000250143469, -3.995385948470832], 1.7709674634242019]"
fing_x_face,15,0.001,ri_V>li_V>face_G>face_C,4,S4-Direct,rule,foldA,300,True,0.0004239341085271318,0.007751937984496124,0.0004190236748376283,0.019305019305019305,1.223938223938224,2.8069947023435398,"[[35.000003814697266, 4.000000476837158], [30.000001907348633, 4.000000476837158], [75.7102279663086, 66.35342407226562], 0.6677500009536743]"
fing_x_face,15,0.001,parallel,4,P0-Parallel,parallel,foldA,300,True,0.0004239341085271318,0.03875968992248062,0.0002544072311514172,0.03088803088803089,4.0,4.0,[9.936117172241211]
fing_x_face,15,0.001,parallel,4,P1-LLR,parallel,foldA,300,True,0.00048449612403100775,0.0,0.0004040585435934273,0.003861003861003861,4.0,4.0,[1.7709674634242016]
fing_x_face,15,0.001,parallel,4,P2-LogReg,parallel,foldA,300,True,0.0004239341085271318,0.0,0.0002544072311514172,0.003861003861003861,4.0,4.0,[-0.8414570646597284]
