dataset,seed,alpha,order,n_stages,method,kind,calib,B,feasible,far_foldA,frr_foldA,far_test,frr_test,stages_gen,stages_imp,thr
fing_x_face,16,0.01,face_C,1,LR-P1-N2,GP,foldA,300,True,0.006722383720930232,0.07751937984496124,0.006674448534913651,0.09652509652509653,1.0,1.0,[0.6156499981880188]
fing_x_face,16,0.01,face_C,1,HYP,GP,foldA,300,True,0.006722383720930232,0.07751937984496124,0.006674448534913651,0.09652509652509653,1.0,1.0,[0.6156499981880188]
fing_x_face,16,0.01,face_G,1,LR-P1-N2,GP,foldA,300,True,0.007085755813953488,0.10077519379844961,0.012750291820059262,0.11196911196911197,1.0,1.0,[73.65164184570312]
fing_x_face,16,0.01,face_G,1,HYP,GP,foldA,300,True,0.007085755813953488,0.10077519379844961,0.012750291820059262,0.11196911196911197,1.0,1.0,[73.65164184570312]
fing_x_face,16,0.01,li_V,1,LR-P1-N2,GP,foldA,300,True,0.005026647286821706,0.15503875968992248,0.005252761066714555,0.12355212355212356,1.0,1.0,[20.0]
fing_x_face,16,0.01,li_V,1,HYP,GP,foldA,300,False,,,,,,,
fing_x_face,16,0.01,ri_V,1,LR-P1-N2,GP,foldA,300,True,0.00496608527131783,0.10077519379844961,0.0035168058423872377,0.07722007722007722,1.0,1.0,[21.0]
fing_x_face,16,0.01,ri_V,1,HYP,GP,foldA,300,False,,,,,,,
fing_x_face,16,0.01,face_C>face_G,2,LR-P1-N2,GP,foldA,300,True,0.006964631782945737,0.06976744186046512,0.009188590583939421,0.07335907335907337,1.0888030888030888,1.6024063931040675,"[[0.620180070400238, 0.5214500427246094], 74.11913299560547]"
fing_x_face,16,0.01,face_C>face_G,2,HYP,GP,foldA,300,True,0.007146317829457364,0.046511627906976744,0.008859357696566999,0.08108108108108109,1.057915057915058,1.052273203435994,"[[0.6221300363540649, 0.5827300548553467], 73.52168273925781]"
fing_x_face,16,0.01,face_C>face_G,2,S1-Marcialis,rule,foldA,300,True,0.007025193798449613,0.09302325581395349,0.012450989195175241,0.10810810810810811,1.3552123552123552,1.612268414593996,"[[0.6893800497055054, 0.521049976348877], 73.62664031982422]"
fing_x_face,16,0.01,face_C>face_G,2,S2-Symmetric,rule,foldA,300,True,0.007025193798449613,0.09302325581395349,0.012450989195175241,0.10810810810810811,1.3552123552123552,1.612268414593996,"[[0.6893800497055054, 0.521049976348877], 73.62664031982422]"
fing_x_face,16,0.01,face_C>face_G,2,S3-SPRT,rule,foldA,300,True,0.0068435077519379845,0.046511627906976744,0.008679776121636586,0.07722007722007722,1.135135135135135,1.5832809553739786,"[[2.8939795727352244, -3.6948986584210486], 1.4082428688998836]"
fing_x_face,16,0.01,face_C>face_G,2,S4-Direct,rule,foldA,300,True,0.007085755813953488,0.031007751937984496,0.011044266858220346,0.07335907335907337,1.1196911196911197,1.7221873035826525,"[[0.6281300783157349, 0.5116300582885742], 73.81047058105469]"
fing_x_face,16,0.01,face_C>li_V,2,LR-P1-N2,GP,foldA,300,True,0.00660125968992248,0.007751937984496124,0.006644518272425249,0.023166023166023165,1.0888030888030888,1.6011942174732872,"[[0.6172100305557251, 0.5214500427246094], 24.0]"
fing_x_face,16,0.01,face_C>li_V,2,HYP,GP,foldA,300,True,0.006480135658914729,0.05426356589147287,0.006839064978599862,0.08108108108108109,1.0308880308880308,1.0239891053844543,"[[0.6221300363540649, 0.5943100452423096], 12.0]"
fing_x_face,16,0.01,face_C>li_V,2,S1-Marcialis,rule,foldA,300,True,0.005087209302325582,0.023255813953488372,0.004908563048097932,0.03861003861003861,1.3552123552123552,1.612268414593996,"[[0.6893800497055054, 0.521049976348877], 19.0]"
fing_x_face,16,0.01,face_C>li_V,2,S2-Symmetric,rule,foldA,300,True,0.005087209302325582,0.023255813953488372,0.004908563048097932,0.03861003861003861,1.3552123552123552,1.612268414593996,"[[0.6893800497055054, 0.521049976348877], 19.0]"
fing_x_face,16,0.01,face_C>li_V,2,S3-SPRT,rule,foldA,300,True,0.006722383720930232,0.007751937984496124,0.008170961659333752,0.023166023166023165,1.2625482625482625,1.584942084942085,"[[5.794124637123463, -3.6948986584210486], -0.7221707751789082]"
fing_x_face,16,0.01,face_C>li_V,2,S4-Direct,rule,foldA,300,True,0.006298449612403101,0.0,0.006060878153901409,0.02702702702702703,1.166023166023166,1.7242674568255965,"[[0.6503000855445862, 0.5116300582885742], 19.0]"
fing_x_face,16,0.01,face_C>ri_V,2,LR-P1-N2,GP,foldA,300,True,0.006540697674418605,0.015503875968992248,0.00650983209122744,0.015444015444015444,1.0888030888030888,1.601104426685822,"[[0.6169500350952148, 0.5214500427246094], 26.0]"
fing_x_face,16,0.01,face_C>ri_V,2,HYP,GP,foldA,300,True,0.006722383720930232,0.046511627906976744,0.005806470922749993,0.05405405405405406,1.05019305019305,1.033716440693185,"[[0.6221300363540649, 0.5896100401878357], 14.0]"
fing_x_face,16,0.01,face_C>ri_V,2,S1-Marcialis,rule,foldA,300,True,0.00496608527131783,0.023255813953488372,0.0032623986112358203,0.02702702702702703,1.3552123552123552,1.612268414593996,"[[0.6893800497055054, 0.521049976348877], 20.0]"
fing_x_face,16,0.01,face_C>ri_V,2,S2-Symmetric,rule,foldA,300,True,0.00496608527131783,0.023255813953488372,0.0032623986112358203,0.02702702702702703,1.3552123552123552,1.612268414593996,"[[0.6893800497055054, 0.521049976348877], 20.0]"
fing_x_face,16,0.01,face_C>ri_V,2,S3-SPRT,rule,foldA,300,True,0.00660125968992248,0.007751937984496124,0.004519469635748705,0.007722007722007722,1.2625482625482625,1.584942084942085,"[[5.794124637123463, -3.6948986584210486], -0.6010356810223891]"
fing_x_face,16,0.01,face_C>ri_V,2,S4-Direct,rule,foldA,300,True,0.006359011627906977,0.015503875968992248,0.004429678848283499,0.02702702702702703,1.1583011583011582,1.349675256652001,"[[0.6503000855445862, 0.5417600870132446], 18.0]"
fing_x_face,16,0.01,face_G>face_C,2,LR-P1-N2,GP,foldA,300,True,0.007146317829457364,0.05426356589147287,0.009712370177486456,0.0694980694980695,1.135135135135135,1.814552093621861,"[[74.03582763671875, 64.84017944335938], 0.6214799880981445]"
fing_x_face,16,0.01,face_G>face_C,2,HYP,GP,foldA,300,True,0.007085755813953488,0.05426356589147287,0.012376163538954236,0.08494208494208494,1.054054054054054,1.058154500014965,"[[73.7330551147461, 72.40089416503906], 0.6236699819564819]"
fing_x_face,16,0.01,face_G>face_C,2,S1-Marcialis,rule,foldA,300,True,0.006661821705426356,0.06201550387596899,0.006809134716111461,0.07722007722007722,1.2548262548262548,1.826224895992338,"[[75.3943862915039, 64.80564880371094], 0.6154599785804749]"
fing_x_face,16,0.01,face_G>face_C,2,S2-Symmetric,rule,foldA,300,True,0.007267441860465116,0.03875968992248062,0.010759929364580527,0.0694980694980695,1.111969111969112,1.8188470862889468,"[[73.9342041015625, 64.80564880371094], 0.6230199933052063]"
fing_x_face,16,0.01,face_G>face_C,2,S3-SPRT,rule,foldA,300,True,0.006782945736434108,0.06201550387596899,0.00902397414025321,0.08494208494208494,1.2162162162162162,1.6744036395199187,"[[5.041777202375601, -3.8095578360034077], 1.2679098203443342]"
fing_x_face,16,0.01,face_G>face_C,2,S4-Direct,rule,foldA,300,True,0.00720687984496124,0.03875968992248062,0.010894615545778337,0.07722007722007722,1.0965250965250966,1.4167789051509982,"[[73.89017486572266, 66.32173919677734], 0.623769998550415]"
fing_x_face,16,0.01,face_G>li_V,2,LR-P1-N2,GP,foldA,300,True,0.007267441860465116,0.023255813953488372,0.012166651701535422,0.015444015444015444,1.111969111969112,1.8107210200233457,"[[73.7796859741211, 64.84017944335938], 22.0]"
fing_x_face,16,0.01,face_G>li_V,2,HYP,GP,foldA,300,True,0.007146317829457364,0.08527131782945736,0.012121756307802819,0.08494208494208494,1.0308880308880308,1.023525186315884,"[[73.7330551147461, 72.97710418701172], 14.0]"
fing_x_face,16,0.01,face_G>li_V,2,S1-Marcialis,rule,foldA,300,True,0.006359011627906977,0.023255813953488372,0.006464936697494837,0.023166023166023165,1.2548262548262548,1.826224895992338,"[[75.3943862915039, 64.80564880371094], 19.0]"
fing_x_face,16,0.01,face_G>li_V,2,S2-Symmetric,rule,foldA,300,True,0.006964631782945737,0.015503875968992248,0.01080482475831313,0.015444015444015444,1.111969111969112,1.8188470862889468,"[[73.9342041015625, 64.80564880371094], 21.0]"
fing_x_face,16,0.01,face_G>li_V,2,S3-SPRT,rule,foldA,300,True,0.007267441860465116,0.007751937984496124,0.009921882014905271,0.02702702702702703,1.2162162162162162,1.6744036395199187,"[[5.041777202375601, -3.8095578360034077], -0.36781735827365813]"
fing_x_face,16,0.01,face_G>li_V,2,S4-Direct,rule,foldA,300,True,0.007146317829457364,0.007751937984496124,0.012525814851396247,0.019305019305019305,1.111969111969112,1.922869713567388,"[[73.73249053955078, 63.434513092041016], 23.0]"
fing_x_face,16,0.01,face_G>ri_V,2,LR-P1-N2,GP,foldA,300,True,0.006722383720930232,0.015503875968992248,0.010849720152045734,0.003861003861003861,1.111969111969112,1.8105115081859269,"[[73.77000427246094, 64.84017944335938], 25.0]"
fing_x_face,16,0.01,face_G>ri_V,2,HYP,GP,foldA,300,True,0.006964631782945737,0.06976744186046512,0.011657837239232588,0.0694980694980695,1.0424710424710424,1.0334021729370566,"[[73.7330551147461, 72.79087829589844], 16.0]"
fing_x_face,16,0.01,face_G>ri_V,2,S1-Marcialis,rule,foldA,300,True,0.005692829457364341,0.023255813953488372,0.0042052018796204845,0.007722007722007722,1.2548262548262548,1.826224895992338,"[[75.3943862915039, 64.80564880371094], 20.0]"
fing_x_face,16,0.01,face_G>ri_V,2,S2-Symmetric,rule,foldA,300,True,0.006782945736434108,0.007751937984496124,0.00915866032145102,0.003861003861003861,1.111969111969112,1.8188470862889468,"[[73.9342041015625, 64.80564880371094], 23.0]"
fing_x_face,16,0.01,face_G>ri_V,2,S3-SPRT,rule,foldA,300,True,0.006782945736434108,0.007751937984496124,0.006674448534913651,0.019305019305019305,1.2162162162162162,1.6744036395199187,"[[5.041777202375601, -3.8095578360034077], -0.4125317706125804]"
fing_x_face,16,0.01,face_G>ri_V,2,S4-Direct,rule,foldA,300,True,0.006480135658914729,0.007751937984496124,0.009368172158869833,0.003861003861003861,1.111969111969112,1.9255185417976115,"[[73.89017486572266, 63.434513092041016], 24.0]"
fing_x_face,16,0.01,li_V>face_C,2,LR-P1-N2,GP,foldA,300,True,0.007025193798449613,0.023255813953488372,0.007781868246984526,0.02702702702702703,1.1312741312741312,1.6993654784352459,"[[21.000001907348633, 5.000000476837158], 0.6161800026893616]"
fing_x_face,16,0.01,li_V>face_C,2,HYP,GP,foldA,300,False,,,,,,,
fing_x_face,16,0.01,li_V>face_C,2,S1-Marcialis,rule,foldA,300,True,0.006782945736434108,0.015503875968992248,0.006614588009936847,0.03088803088803089,1.3166023166023166,1.8632187004280027,"[[38.000003814697266, 5.0], 0.6144800186157227]"
fing_x_face,16,0.01,li_V>face_C,2,S2-Symmetric,rule,foldA,300,True,0.006782945736434108,0.015503875968992248,0.006614588009936847,0.03088803088803089,1.3166023166023166,1.8632187004280027,"[[38.000003814697266, 5.0], 0.6144800186157227]"
fing_x_face,16,0.01,li_V>face_C,2,S3-SPRT,rule,foldA,300,True,0.0068435077519379845,0.0,0.00844033402172937,0.019305019305019305,1.2007722007722008,1.9998653138188023,"[[4.790200159027989, -3.609656505904322], -0.7221707751789082]"
fing_x_face,16,0.01,li_V>face_C,2,S4-Direct,rule,foldA,300,True,0.006722383720930232,0.007751937984496124,0.006420041303762234,0.023166023166023165,1.2162162162162162,1.8631438747717817,"[[29.000001907348633, 4.000000476837158], 0.6149799823760986]"
fing_x_face,16,0.01,li_V>face_G,2,LR-P1-N2,GP,foldA,300,True,0.006237887596899225,0.031007751937984496,0.011328604351860165,0.02702702702702703,1.1312741312741312,1.6993654784352459,"[[21.000001907348633, 5.000000476837158], 73.69700622558594]"
fing_x_face,16,0.01,li_V>face_G,2,HYP,GP,foldA,300,False,,,,,,,
fing_x_face,16,0.01,li_V>face_G,2,S1-Marcialis,rule,foldA,300,True,0.006904069767441861,0.015503875968992248,0.012750291820059262,0.023166023166023165,1.3166023166023166,1.8632187004280027,"[[38.000003814697266, 5.0], 73.57671356201172]"
fing_x_face,16,0.01,li_V>face_G,2,S2-Symmetric,rule,foldA,300,True,0.006904069767441861,0.015503875968992248,0.012750291820059262,0.023166023166023165,1.3166023166023166,1.8632187004280027,"[[38.000003814697266, 5.0], 73.57671356201172]"
fing_x_face,16,0.01,li_V>face_G,2,S3-SPRT,rule,foldA,300,True,0.007146317829457364,0.007751937984496124,0.009667474783753854,0.011583011583011582,1.2007722007722008,1.9998653138188023,"[[4.790200159027989, -3.609656505904322], -0.33830306086414796]"
fing_x_face,16,0.01,li_V>face_G,2,S4-Direct,rule,foldA,300,True,0.0068435077519379845,0.007751937984496124,0.012705396426326659,0.019305019305019305,1.2162162162162162,1.8631438747717817,"[[29.000001907348633, 4.000000476837158], 73.58136749267578]"
fing_x_face,16,0.01,li_V>ri_V,2,LR-P1-N2,GP,foldA,300,True,0.006359011627906977,0.07751937984496124,0.0057615755290173895,0.04247104247104247,1.1158301158301158,1.6982730238544193,"[[20.000001907348633, 5.000000476837158], 22.0]"
fing_x_face,16,0.01,li_V>ri_V,2,HYP,GP,foldA,300,False,,,,,,,
fing_x_face,16,0.01,li_V>ri_V,2,S1-Marcialis,rule,foldA,300,True,0.004784399224806201,0.09302325581395349,0.0033671545299452277,0.05019305019305019,1.3166023166023166,1.8632187004280027,"[[38.000003814697266, 5.0], 21.0]"
fing_x_face,16,0.01,li_V>ri_V,2,S2-Symmetric,rule,foldA,300,True,0.004784399224806201,0.09302325581395349,0.0033671545299452277,0.05019305019305019,1.3166023166023166,1.8632187004280027,"[[38.000003814697266, 5.0], 21.0]"
fing_x_face,16,0.01,li_V>ri_V,2,S3-SPRT,rule,foldA,300,False,,,,,,,
fing_x_face,16,0.01,li_V>ri_V,2,S4-Direct,rule,foldA,300,False,,,,,,,
fing_x_face,16,0.01,ri_V>face_C,2,LR-P1-N2,GP,foldA,300,True,0.006782945736434108,0.015503875968992248,0.006090808416389812,0.007722007722007722,1.0810810810810811,1.8152255245278501,"[[23.000001907348633, 4.000000476837158], 0.6186699867248535]"
fing_x_face,16,0.01,ri_V>face_C,2,HYP,GP,foldA,300,False,,,,,,,
fing_x_face,16,0.01,ri_V>face_C,2,S1-Marcialis,rule,foldA,300,True,0.006782945736434108,0.015503875968992248,0.0067193439286462545,0.019305019305019305,1.1776061776061777,1.9440753045404209,"[[38.000003814697266, 4.0], 0.615119993686676]"
fing_x_face,16,0.01,ri_V>face_C,2,S2-Symmetric,rule,foldA,300,True,0.006782945736434108,0.015503875968992248,0.0067193439286462545,0.019305019305019305,1.1776061776061777,1.9440753045404209,"[[38.000003814697266, 4.0], 0.615119993686676]"
fing_x_face,16,0.01,ri_V>face_C,2,S3-SPRT,rule,foldA,300,True,0.006661821705426356,0.007751937984496124,0.004669120948190716,0.003861003861003861,1.138996138996139,1.8301756906408069,"[[4.619726136895084, -3.9374612062777903], -0.6664407783564112]"
fing_x_face,16,0.01,ri_V>face_C,2,S4-Direct,rule,foldA,300,True,0.006722383720930232,0.007751937984496124,0.006689413666157852,0.015444015444015444,1.1583011583011582,1.9440603394091767,"[[34.000003814697266, 3.000000238418579], 0.6151900291442871]"
fing_x_face,16,0.01,ri_V>face_G,2,LR-P1-N2,GP,foldA,300,True,0.006964631782945737,0.015503875968992248,0.010430696477208104,0.007722007722007722,1.0810810810810811,1.8152255245278501,"[[23.000001907348633, 4.000000476837158], 73.74874877929688]"
fing_x_face,16,0.01,ri_V>face_G,2,HYP,GP,foldA,300,False,,,,,,,
fing_x_face,16,0.01,ri_V>face_G,2,S1-Marcialis,rule,foldA,300,True,0.007025193798449613,0.015503875968992248,0.012780222082547664,0.011583011583011582,1.1776061776061777,1.9440753045404209,"[[38.000003814697266, 4.0], 73.62664031982422]"
fing_x_face,16,0.01,ri_V>face_G,2,S2-Symmetric,rule,foldA,300,True,0.007025193798449613,0.015503875968992248,0.012780222082547664,0.011583011583011582,1.1776061776061777,1.9440753045404209,"[[38.000003814697266, 4.0], 73.62664031982422]"
fing_x_face,16,0.01,ri_V>face_G,2,S3-SPRT,rule,foldA,300,True,0.0068435077519379845,0.015503875968992248,0.006794169584867259,0.003861003861003861,1.138996138996139,1.8301756906408069,"[[4.619726136895084, -3.9374612062777903], -0.4804762000193469]"
fing_x_face,16,0.01,ri_V>face_G,2,S4-Direct,rule,foldA,300,True,0.007085755813953488,0.007751937984496124,0.012555745113884648,0.011583011583011582,1.1544401544401544,1.9440453742779324,"[[31.000001907348633, 3.000000238418579], 73.6414566040039]"
fing_x_face,16,0.01,ri_V>li_V,2,LR-P1-N2,GP,foldA,300,True,0.006540697674418605,0.06976744186046512,0.00577654066026159,0.03861003861003861,1.0772200772200773,1.813953488372093,"[[21.000001907348633, 4.000000476837158], 21.0]"
fing_x_face,16,0.01,ri_V>li_V,2,HYP,GP,foldA,300,False,,,,,,,
fing_x_face,16,0.01,ri_V>li_V,2,S1-Marcialis,rule,foldA,300,True,0.007025193798449613,0.08527131782945736,0.007168297865972285,0.05405405405405406,1.1776061776061777,1.9440753045404209,"[[38.000003814697266, 4.0], 19.0]"
fing_x_face,16,0.01,ri_V>li_V,2,S2-Symmetric,rule,foldA,300,False,,,,,,,
fing_x_face,16,0.01,ri_V>li_V,2,S3-SPRT,rule,foldA,300,True,0.006419573643410853,0.06976744186046512,0.005103109754272545,0.03861003861003861,1.138996138996139,1.8301756906408069,"[[4.619726136895084, -3.9374612062777903], -0.6807950452134601]"
fing_x_face,16,0.01,ri_V>li_V,2,S4-Direct,rule,foldA,300,True,0.005329457364341085,0.06976744186046512,0.0047888419981443235,0.03861003861003861,1.0810810810810811,1.9428631289096405,"[[23.000001907348633, 3.000000238418579], 21.0]"
fing_x_face,16,0.01,face_C>face_G>li_V,3,LR-P1-N2,GP,foldA,300,False,,,,,,,
fing_x_face,16,0.01,face_C>face_G>li_V,3,HYP,GP,foldA,300,False,,,,,,,
fing_x_face,16,0.01,face_C>face_G>li_V,3,S1-Marcialis,rule,foldA,300,True,0.0068435077519379845,0.007751937984496124,0.006060878153901409,0.023166023166023165,1.5598455598455598,2.1364969620783576,"[[0.6893800497055054, 0.521049976348877], [75.3943862915039, 64.80564880371094], 18.0]"
fing_x_face,16,0.01,face_C>face_G>li_V,3,S2-Symmetric,rule,foldA,300,True,0.007449127906976744,0.0,0.010460626739696508,0.019305019305019305,1.4594594594594594,2.129448385262339,"[[0.6893800497055054, 0.521049976348877], [73.9342041015625, 64.80564880371094], 20.0]"
fing_x_face,16,0.01,face_C>face_G>li_V,3,S3-SPRT,rule,foldA,300,True,0.006661821705426356,0.015503875968992248,0.00872467151536919,0.019305019305019305,1.3783783783783783,1.6888449911705725,"[[5.794124637123463, -3.6948986584210486], [5.794124637123463, -3.6948986584210486], -1.1725640083635571]"
fing_x_face,16,0.01,face_C>face_G>li_V,3,S4-Direct,rule,foldA,300,True,0.005208333333333333,0.0,0.00709347220975128,0.015444015444015444,1.5173745173745175,2.8162880488461886,"[[0.6893800497055054, 0.4838000237941742], [74.58032989501953, 63.434513092041016], 20.0]"
fing_x_face,16,0.01,face_C>face_G>ri_V,3,LR-P1-N2,GP,foldA,300,False,,,,,,,
fing_x_face,16,0.01,face_C>face_G>ri_V,3,HYP,GP,foldA,300,False,,,,,,,
fing_x_face,16,0.01,face_C>face_G>ri_V,3,S1-Marcialis,rule,foldA,300,True,0.005874515503875969,0.015503875968992248,0.0043099577983298915,0.015444015444015444,1.5598455598455598,2.1364969620783576,"[[0.6893800497055054, 0.521049976348877], [75.3943862915039, 64.80564880371094], 19.0]"
fing_x_face,16,0.01,face_C>face_G>ri_V,3,S2-Symmetric,rule,foldA,300,True,0.00660125968992248,0.0,0.008949148484032205,0.011583011583011582,1.4594594594594594,2.129448385262339,"[[0.6893800497055054, 0.521049976348877], [73.9342041015625, 64.80564880371094], 22.0]"
fing_x_face,16,0.01,face_C>face_G>ri_V,3,S3-SPRT,rule,foldA,300,True,0.006480135658914729,0.015503875968992248,0.00709347220975128,0.007722007722007722,1.3783783783783783,1.6888449911705725,"[[5.794124637123463, -3.6948986584210486], [5.794124637123463, -3.6948986584210486], -1.1790082529117578]"
fing_x_face,16,0.01,face_C>face_G>ri_V,3,S4-Direct,rule,foldA,300,True,0.005813953488372093,0.015503875968992248,0.005701715004040585,0.015444015444015444,1.501930501930502,1.6457454131872737,"[[0.6893800497055054, 0.5432100892066956], [74.58032989501953, 63.434513092041016], 18.0]"
fing_x_face,16,0.01,face_C>li_V>face_G,3,LR-P1-N2,GP,foldA,300,False,,,,,,,
fing_x_face,16,0.01,face_C>li_V>face_G,3,HYP,GP,foldA,300,True,0.006782945736434108,0.03875968992248062,0.007422705097123701,0.05791505791505792,1.0617760617760619,1.067672323486277,"[[0.6221300363540649, 0.5850900411605835], [13.000000953674316, 6.000000476837158], 74.17046356201172]"
fing_x_face,16,0.01,face_C>li_V>face_G,3,S1-Marcialis,rule,foldA,300,True,0.006904069767441861,0.007751937984496124,0.012196581964023824,0.023166023166023165,1.4517374517374517,2.144967226362575,"[[0.6893800497055054, 0.521049976348877], [38.000003814697266, 5.0], 73.5622329711914]"
fing_x_face,16,0.01,face_C>li_V>face_G,3,S2-Symmetric,rule,foldA,300,True,0.006904069767441861,0.007751937984496124,0.012196581964023824,0.023166023166023165,1.4517374517374517,2.144967226362575,"[[0.6893800497055054, 0.521049976348877], [38.000003814697266, 5.0], 73.5622329711914]"
fing_x_face,16,0.01,face_C>li_V>face_G,3,S3-SPRT,rule,foldA,300,True,0.006722383720930232,0.007751937984496124,0.008036275478135943,0.015444015444015444,1.2934362934362935,1.6586603214510192,"[[5.794124637123463, -3.6948986584210486], [5.794124637123463, -3.6948986584210486], -1.172564008363557]"
fing_x_face,16,0.01,face_C>li_V>face_G,3,S4-Direct,rule,foldA,300,True,0.00720687984496124,0.0,0.011867349076651401,0.019305019305019305,1.386100386100386,2.4341384573942713,"[[0.6893800497055054, 0.4838000237941742], [20.000001907348633, 6.000000476837158], 73.5622329711914]"
fing_x_face,16,0.01,face_C>li_V>ri_V,3,LR-P1-N2,GP,foldA,300,False,,,,,,,
fing_x_face,16,0.01,face_C>li_V>ri_V,3,HYP,GP,foldA,300,True,0.006540697674418605,0.046511627906976744,0.006375145910029631,0.05791505791505792,1.054054054054054,1.0490856304809792,"[[0.6221300363540649, 0.5884800553321838], [13.000000953674316, 7.000000476837158], 17.0]"
fing_x_face,16,0.01,face_C>li_V>ri_V,3,S1-Marcialis,rule,foldA,300,True,0.004723837209302325,0.023255813953488372,0.0031277124300380112,0.023166023166023165,1.4517374517374517,2.144967226362575,"[[0.6893800497055054, 0.521049976348877], [38.000003814697266, 5.0], 20.0]"
fing_x_face,16,0.01,face_C>li_V>ri_V,3,S2-Symmetric,rule,foldA,300,True,0.004723837209302325,0.023255813953488372,0.0031277124300380112,0.023166023166023165,1.4517374517374517,2.144967226362575,"[[0.6893800497055054, 0.521049976348877], [38.000003814697266, 5.0], 20.0]"
fing_x_face,16,0.01,face_C>li_V>ri_V,3,S3-SPRT,rule,foldA,300,True,0.006056201550387597,0.007751937984496124,0.004474574242016103,0.003861003861003861,1.2934362934362935,1.6586603214510192,"[[5.794124637123463, -3.6948986584210486], [5.794124637123463, -3.6948986584210486], -2.5334960255265853]"
fing_x_face,16,0.01,face_C>li_V>ri_V,3,S4-Direct,rule,foldA,300,True,0.006419573643410853,0.0,0.005641854479063782,0.015444015444015444,1.1814671814671815,2.4332555146508636,"[[0.6464200615882874, 0.4838000237941742], [20.000001907348633, 6.000000476837158], 22.0]"
fing_x_face,16,0.01,face_C>ri_V>face_G,3,LR-P1-N2,GP,foldA,300,True,0.0068435077519379845,0.015503875968992248,0.0070186465535302745,0.007722007722007722,1.0965250965250966,2.095163269581874,"[[0.6161800622940063, 0.5214500427246094], [26.000001907348633, 4.000000476837158], 75.3191146850586]"
fing_x_face,16,0.01,face_C>ri_V>face_G,3,HYP,GP,foldA,300,False,,,,,,,
fing_x_face,16,0.01,face_C>ri_V>face_G,3,S1-Marcialis,rule,foldA,300,True,0.007025193798449613,0.007751937984496124,0.012705396426326659,0.015444015444015444,1.4131274131274132,2.1932148094938793,"[[0.6893800497055054, 0.521049976348877], [38.000003814697266, 4.0], 73.58727264404297]"
fing_x_face,16,0.01,face_C>ri_V>face_G,3,S2-Symmetric,rule,foldA,300,True,0.006782945736434108,0.007751937984496124,0.005926191972703601,0.011583011583011582,1.3745173745173744,1.903729310706055,"[[0.6893800497055054, 0.521049976348877], [19.000001907348633, 7.0], 74.13603973388672]"
fing_x_face,16,0.01,face_C>ri_V>face_G,3,S3-SPRT,rule,foldA,300,True,0.006419573643410853,0.007751937984496124,0.006001017628924606,0.003861003861003861,1.2857142857142858,1.639370267277244,"[[5.794124637123463, -3.6948986584210486], [5.794124637123463, -3.6948986584210486], -1.0846105809678854]"
fing_x_face,16,0.01,face_C>ri_V>face_G,3,S4-Direct,rule,foldA,300,True,0.006904069767441861,0.0,0.008799497171590195,0.007722007722007722,1.3822393822393821,2.382463859208045,"[[0.6893800497055054, 0.4838000237941742], [22.000001907348633, 6.000000476837158], 73.63102722167969]"
fing_x_face,16,0.01,face_C>ri_V>li_V,3,LR-P1-N2,GP,foldA,300,False,,,,,,,
fing_x_face,16,0.01,face_C>ri_V>li_V,3,HYP,GP,foldA,300,False,,,,,,,
fing_x_face,16,0.01,face_C>ri_V>li_V,3,S1-Marcialis,rule,foldA,300,True,0.0049055232558139535,0.015503875968992248,0.004848702523121128,0.02702702702702703,1.4131274131274132,2.1932148094938793,"[[0.6893800497055054, 0.521049976348877], [38.000003814697266, 4.0], 19.0]"
fing_x_face,16,0.01,face_C>ri_V>li_V,3,S2-Symmetric,rule,foldA,300,True,0.006359011627906977,0.015503875968992248,0.00487863278560953,0.019305019305019305,1.3745173745173744,1.903729310706055,"[[0.6893800497055054, 0.521049976348877], [19.000001907348633, 7.0], 21.0]"
fing_x_face,16,0.01,face_C>ri_V>li_V,3,S3-SPRT,rule,foldA,300,True,0.0061773255813953485,0.007751937984496124,0.004339888060818293,0.003861003861003861,1.2857142857142858,1.639370267277244,"[[5.794124637123463, -3.6948986584210486], [5.794124637123463, -3.6948986584210486], -2.5310253734279593]"
fing_x_face,16,0.01,face_C>ri_V>li_V,3,S4-Direct,rule,foldA,300,True,0.006359011627906977,0.0,0.005222830804226153,0.015444015444015444,1.1737451737451738,2.381685672383347,"[[0.6464200615882874, 0.4838000237941742], [22.000001907348633, 6.000000476837158], 20.0]"
fing_x_face,16,0.01,face_G>face_C>li_V,3,LR-P1-N2,GP,foldA,300,True,0.007085755813953488,0.007751937984496124,0.010535452395917513,0.015444015444015444,1.1776061776061777,2.320223878363413,"[[73.89017486572266, 64.84017944335938], [0.6271300315856934, 0.5214500427246094], 26.0]"
fing_x_face,16,0.01,face_G>face_C>li_V,3,HYP,GP,foldA,300,False,,,,,,,
fing_x_face,16,0.01,face_G>face_C>li_V,3,S1-Marcialis,rule,foldA,300,True,0.0068435077519379845,0.007751937984496124,0.006075843285145611,0.019305019305019305,1.4594594594594594,2.3504534434766993,"[[75.3943862915039, 64.80564880371094], [0.6893800497055054, 0.521049976348877], 18.0]"
fing_x_face,16,0.01,face_G>face_C>li_V,3,S2-Symmetric,rule,foldA,300,True,0.006419573643410853,0.0,0.009862021489928466,0.015444015444015444,1.2162162162162162,2.3360270569572896,"[[73.9342041015625, 64.80564880371094], [0.6893800497055054, 0.521049976348877], 21.0]"
fing_x_face,16,0.01,face_G>face_C>li_V,3,S3-SPRT,rule,foldA,300,True,0.006782945736434108,0.015503875968992248,0.008739636646613392,0.03088803088803089,1.3127413127413128,1.781853281853282,"[[5.041777202375601, -3.8095578360034077], [5.041777202375601, -3.8095578360034077], -1.1725640083635571]"
fing_x_face,16,0.01,face_G>face_C>li_V,3,S4-Direct,rule,foldA,300,True,0.007085755813953488,0.0,0.0075124958845889074,0.015444015444015444,1.2972972972972974,2.385576606506839,"[[75.07884979248047, 63.434513092041016], [0.6245400309562683, 0.5309300422668457], 19.0]"
fing_x_face,16,0.01,face_G>face_C>ri_V,3,LR-P1-N2,GP,foldA,300,True,0.006964631782945737,0.007751937984496124,0.011298674089371763,0.011583011583011582,1.1776061776061777,2.3182335159079344,"[[73.81217956542969, 64.84017944335938], [0.6282300353050232, 0.5214500427246094], 31.0]"
fing_x_face,16,0.01,face_G>face_C>ri_V,3,HYP,GP,foldA,300,False,,,,,,,
fing_x_face,16,0.01,face_G>face_C>ri_V,3,S1-Marcialis,rule,foldA,300,True,0.005874515503875969,0.015503875968992248,0.004324922929574092,0.011583011583011582,1.4594594594594594,2.3504534434766993,"[[75.3943862915039, 64.80564880371094], [0.6893800497055054, 0.521049976348877], 19.0]"
fing_x_face,16,0.01,face_G>face_C>ri_V,3,S2-Symmetric,rule,foldA,300,True,0.006722383720930232,0.0,0.009293346502648828,0.007722007722007722,1.2162162162162162,2.3360270569572896,"[[73.9342041015625, 64.80564880371094], [0.6893800497055054, 0.521049976348877], 22.0]"
fing_x_face,16,0.01,face_G>face_C>ri_V,3,S3-SPRT,rule,foldA,300,True,0.006480135658914729,0.015503875968992248,0.007153332734728083,0.019305019305019305,1.3127413127413128,1.781853281853282,"[[5.041777202375601, -3.8095578360034077], [5.041777202375601, -3.8095578360034077], -1.1790082529117578]"
fing_x_face,16,0.01,face_G>face_C>ri_V,3,S4-Direct,rule,foldA,300,False,,,,,,,
fing_x_face,16,0.01,face_G>li_V>face_C,3,LR-P1-N2,GP,foldA,300,True,0.006964631782945737,0.007751937984496124,0.01197210499536081,0.011583011583011582,1.1312741312741312,2.3765376672353415,"[[73.7208251953125, 64.84017944335938], [25.000001907348633, 5.000000476837158], 0.6413900256156921]"
fing_x_face,16,0.01,face_G>li_V>face_C,3,HYP,GP,foldA,300,True,0.007025193798449613,0.05426356589147287,0.012391128670198438,0.06177606177606178,1.054054054054054,1.065741821555775,"[[73.7330551147461, 72.55530548095703], [15.000000953674316, 7.000000476837158], 0.6423199772834778]"
fing_x_face,16,0.01,face_G>li_V>face_C,3,S1-Marcialis,rule,foldA,300,True,0.00660125968992248,0.015503875968992248,0.006883960372332465,0.023166023166023165,1.3127413127413128,2.539358295172249,"[[75.3943862915039, 64.80564880371094], [38.000003814697266, 5.0], 0.614080011844635]"
fing_x_face,16,0.01,face_G>li_V>face_C,3,S2-Symmetric,rule,foldA,300,True,0.00660125968992248,0.015503875968992248,0.006883960372332465,0.023166023166023165,1.3127413127413128,2.539358295172249,"[[75.3943862915039, 64.80564880371094], [38.000003814697266, 5.0], 0.614080011844635]"
fing_x_face,16,0.01,face_G>li_V>face_C,3,S3-SPRT,rule,foldA,300,True,0.006722383720930232,0.007751937984496124,0.008844392565322799,0.03088803088803089,1.2393822393822393,1.7823770614468288,"[[5.041777202375601, -3.8095578360034077], [5.041777202375601, -3.8095578360034077], -1.19150307997785]"
fing_x_face,16,0.01,face_G>li_V>face_C,3,S4-Direct,rule,foldA,300,True,0.007025193798449613,0.0,0.00812606626560115,0.015444015444015444,1.2702702702702702,2.4234832839484004,"[[75.3943862915039, 63.434513092041016], [20.000001907348633, 6.000000476837158], 0.6151900291442871]"
fing_x_face,16,0.01,face_G>li_V>ri_V,3,LR-P1-N2,GP,foldA,300,True,0.007267441860465116,0.015503875968992248,0.012615605638861454,0.003861003861003861,1.1312741312741312,2.3748466074047467,"[[73.67113494873047, 64.84017944335938], [24.000001907348633, 5.000000476837158], 38.0]"
fing_x_face,16,0.01,face_G>li_V>ri_V,3,HYP,GP,foldA,300,True,0.00720687984496124,0.06976744186046512,0.012406093801442638,0.06563706563706563,1.05019305019305,1.0454341384573942,"[[73.7330551147461, 72.74959564208984], [14.000000953674316, 8.000000953674316], 21.0]"
fing_x_face,16,0.01,face_G>li_V>ri_V,3,S1-Marcialis,rule,foldA,300,True,0.005450581395348837,0.023255813953488372,0.004055550567178474,0.007722007722007722,1.3127413127413128,2.539358295172249,"[[75.3943862915039, 64.80564880371094], [38.000003814697266, 5.0], 20.0]"
fing_x_face,16,0.01,face_G>li_V>ri_V,3,S2-Symmetric,rule,foldA,300,True,0.005450581395348837,0.023255813953488372,0.004055550567178474,0.007722007722007722,1.3127413127413128,2.539358295172249,"[[75.3943862915039, 64.80564880371094], [38.000003814697266, 5.0], 20.0]"
fing_x_face,16,0.01,face_G>li_V>ri_V,3,S3-SPRT,rule,foldA,300,True,0.006480135658914729,0.007751937984496124,0.006809134716111461,0.023166023166023165,1.2393822393822393,1.7823770614468288,"[[5.041777202375601, -3.8095578360034077], [5.041777202375601, -3.8095578360034077], -2.499993418907059]"
fing_x_face,16,0.01,face_G>li_V>ri_V,3,S4-Direct,rule,foldA,300,True,0.006904069767441861,0.007751937984496124,0.008006345215647541,0.003861003861003861,1.1814671814671815,2.420415432043339,"[[74.58032989501953, 63.434513092041016], [20.000001907348633, 6.000000476837158], 21.0]"
fing_x_face,16,0.01,face_G>ri_V>face_C,3,LR-P1-N2,GP,foldA,300,True,0.007267441860465116,0.007751937984496124,0.01197210499536081,0.003861003861003861,1.1158301158301158,2.4688276316183293,"[[73.716796875, 64.84017944335938], [27.000001907348633, 4.000000476837158], 0.6394299864768982]"
fing_x_face,16,0.01,face_G>ri_V>face_C,3,HYP,GP,foldA,300,False,,,,,,,
fing_x_face,16,0.01,face_G>ri_V>face_C,3,S1-Marcialis,rule,foldA,300,True,0.006661821705426356,0.015503875968992248,0.006868995241088264,0.003861003861003861,1.277992277992278,2.6055939660590823,"[[75.3943862915039, 64.80564880371094], [38.000003814697266, 4.0], 0.6149899959564209]"
fing_x_face,16,0.01,face_G>ri_V>face_C,3,S2-Symmetric,rule,foldA,300,False,,,,,,,
fing_x_face,16,0.01,face_G>ri_V>face_C,3,S3-SPRT,rule,foldA,300,True,0.006480135658914729,0.007751937984496124,0.006928855766065068,0.015444015444015444,1.223938223938224,1.7516835772649726,"[[5.041777202375601, -3.8095578360034077], [5.041777202375601, -3.8095578360034077], -1.1790082529117578]"
fing_x_face,16,0.01,face_G>ri_V>face_C,3,S4-Direct,rule,foldA,300,True,0.006661821705426356,0.007751937984496124,0.006060878153901409,0.0,1.2625482625482625,2.370102660800335,"[[75.3943862915039, 63.434513092041016], [22.000001907348633, 6.000000476837158], 0.6137400269508362]"
fing_x_face,16,0.01,face_G>ri_V>li_V,3,LR-P1-N2,GP,foldA,300,True,0.007267441860465116,0.015503875968992248,0.012061895782826015,0.003861003861003861,1.1158301158301158,2.4684684684684686,"[[73.70878601074219, 64.84017944335938], [26.000001907348633, 4.000000476837158], 25.0]"
fing_x_face,16,0.01,face_G>ri_V>li_V,3,HYP,GP,foldA,300,False,,,,,,,
fing_x_face,16,0.01,face_G>ri_V>li_V,3,S1-Marcialis,rule,foldA,300,True,0.0061773255813953485,0.023255813953488372,0.006375145910029631,0.003861003861003861,1.277992277992278,2.6055939660590823,"[[75.3943862915039, 64.80564880371094], [38.000003814697266, 4.0], 19.0]"
fing_x_face,16,0.01,face_G>ri_V>li_V,3,S2-Symmetric,rule,foldA,300,False,,,,,,,
fing_x_face,16,0.01,face_G>ri_V>li_V,3,S3-SPRT,rule,foldA,300,True,0.00660125968992248,0.007751937984496124,0.0062554248600760224,0.019305019305019305,1.223938223938224,1.7516835772649726,"[[5.041777202375601, -3.8095578360034077], [5.041777202375601, -3.8095578360034077], -2.4648031111596778]"
fing_x_face,16,0.01,face_G>ri_V>li_V,3,S4-Direct,rule,foldA,300,True,0.005935077519379845,0.007751937984496124,0.0069138906348208675,0.003861003861003861,1.16988416988417,2.3670048786327857,"[[74.58032989501953, 63.434513092041016], [22.000001907348633, 6.000000476837158], 20.0]"
fing_x_face,16,0.01,li_V>face_C>face_G,3,LR-P1-N2,GP,foldA,300,True,0.006661821705426356,0.023255813953488372,0.009727335308730658,0.023166023166023165,1.1505791505791505,2.1282511747628026,"[[21.000001907348633, 5.000000476837158], [0.6259200572967529, 0.5214500427246094], 73.9719467163086]"
fing_x_face,16,0.01,li_V>face_C>face_G,3,HYP,GP,foldA,300,False,,,,,,,
fing_x_face,16,0.01,li_V>face_C>face_G,3,S1-Marcialis,rule,foldA,300,True,0.006904069767441861,0.007751937984496124,0.012196581964023824,0.019305019305019305,1.4131274131274132,2.395917512196582,"[[38.000003814697266, 5.0], [0.6893800497055054, 0.521049976348877], 73.5622329711914]"
fing_x_face,16,0.01,li_V>face_C>face_G,3,S2-Symmetric,rule,foldA,300,True,0.006904069767441861,0.007751937984496124,0.012196581964023824,0.019305019305019305,1.4131274131274132,2.395917512196582,"[[38.000003814697266, 5.0], [0.6893800497055054, 0.521049976348877], 73.5622329711914]"
fing_x_face,16,0.01,li_V>face_C>face_G,3,S3-SPRT,rule,foldA,300,True,0.006782945736434108,0.0,0.007901589296938134,0.015444015444015444,1.2432432432432432,2.0762174134267157,"[[4.790200159027989, -3.609656505904322], [4.790200159027989, -3.609656505904322], -1.1411368375852708]"
fing_x_face,16,0.01,li_V>face_C>face_G,3,S4-Direct,rule,foldA,300,True,0.0068435077519379845,0.0,0.009951812277393673,0.019305019305019305,1.2393822393822393,2.282481817365538,"[[29.000001907348633, 4.000000476837158], [0.6245400309562683, 0.5309300422668457], 73.81217193603516]"
fing_x_face,16,0.01,li_V>face_C>ri_V,3,LR-P1-N2,GP,foldA,300,True,0.007025193798449613,0.023255813953488372,0.007003681422286074,0.019305019305019305,1.135135135135135,2.1262308820448355,"[[20.000001907348633, 5.000000476837158], [0.6245400309562683, 0.5214500427246094], 24.0]"
fing_x_face,16,0.01,li_V>face_C>ri_V,3,HYP,GP,foldA,300,False,,,,,,,
fing_x_face,16,0.01,li_V>face_C>ri_V,3,S1-Marcialis,rule,foldA,300,True,0.004723837209302325,0.023255813953488372,0.0031277124300380112,0.019305019305019305,1.4131274131274132,2.395917512196582,"[[38.000003814697266, 5.0], [0.6893800497055054, 0.521049976348877], 20.0]"
fing_x_face,16,0.01,li_V>face_C>ri_V,3,S2-Symmetric,rule,foldA,300,True,0.004723837209302325,0.023255813953488372,0.0031277124300380112,0.019305019305019305,1.4131274131274132,2.395917512196582,"[[38.000003814697266, 5.0], [0.6893800497055054, 0.521049976348877], 20.0]"
fing_x_face,16,0.01,li_V>face_C>ri_V,3,S3-SPRT,rule,foldA,300,True,0.0061773255813953485,0.0,0.004684086079434917,0.0,1.2432432432432432,2.0762174134267157,"[[4.790200159027989, -3.609656505904322], [4.790200159027989, -3.609656505904322], -2.5310253734279593]"
fing_x_face,16,0.01,li_V>face_C>ri_V,3,S4-Direct,rule,foldA,300,True,0.006480135658914729,0.0,0.0054622729041333695,0.007722007722007722,1.1737451737451738,2.2817335608033282,"[[24.000001907348633, 4.000000476837158], [0.6245400309562683, 0.5309300422668457], 21.0]"
fing_x_face,16,0.01,li_V>face_G>face_C,3,LR-P1-N2,GP,foldA,300,True,0.006480135658914729,0.023255813953488372,0.0088892879590554,0.023166023166023165,1.1312741312741312,2.2676962676962678,"[[20.000001907348633, 5.000000476837158], [74.23307800292969, 64.84017944335938], 0.6256000399589539]"
fing_x_face,16,0.01,li_V>face_G>face_C,3,HYP,GP,foldA,300,False,,,,,,,
fing_x_face,16,0.01,li_V>face_G>face_C,3,S1-Marcialis,rule,foldA,300,True,0.00660125968992248,0.015503875968992248,0.006868995241088264,0.023166023166023165,1.3745173745173744,2.5763520996079134,"[[38.000003814697266, 5.0], [75.3943862915039, 64.80564880371094], 0.614080011844635]"
fing_x_face,16,0.01,li_V>face_G>face_C,3,S2-Symmetric,rule,foldA,300,True,0.00660125968992248,0.015503875968992248,0.006868995241088264,0.023166023166023165,1.3745173745173744,2.5763520996079134,"[[38.000003814697266, 5.0], [75.3943862915039, 64.80564880371094], 0.614080011844635]"
fing_x_face,16,0.01,li_V>face_G>face_C,3,S3-SPRT,rule,foldA,300,True,0.006722383720930232,0.007751937984496124,0.00872467151536919,0.015444015444015444,1.2355212355212355,2.1032743707162314,"[[4.790200159027989, -3.609656505904322], [4.790200159027989, -3.609656505904322], -1.1725640083635571]"
fing_x_face,16,0.01,li_V>face_G>face_C,3,S4-Direct,rule,foldA,300,True,0.0068435077519379845,0.007751937984496124,0.009562718865044447,0.015444015444015444,1.247104247104247,2.2562928376881866,"[[29.000001907348633, 4.000000476837158], [74.05419921875, 66.20779418945312], 0.6177600026130676]"
fing_x_face,16,0.01,li_V>face_G>ri_V,3,LR-P1-N2,GP,foldA,300,True,0.0061773255813953485,0.031007751937984496,0.008006345215647541,0.015444015444015444,1.1312741312741312,2.2670976624464996,"[[20.000001907348633, 5.000000476837158], [74.14318084716797, 64.84017944335938], 24.000001907348633]"
fing_x_face,16,0.01,li_V>face_G>ri_V,3,HYP,GP,foldA,300,False,,,,,,,
fing_x_face,16,0.01,li_V>face_G>ri_V,3,S1-Marcialis,rule,foldA,300,True,0.005450581395348837,0.023255813953488372,0.004040585435934273,0.007722007722007722,1.3745173745173744,2.5763520996079134,"[[38.000003814697266, 5.0], [75.3943862915039, 64.80564880371094], 20.0]"
fing_x_face,16,0.01,li_V>face_G>ri_V,3,S2-Symmetric,rule,foldA,300,True,0.005450581395348837,0.023255813953488372,0.004040585435934273,0.007722007722007722,1.3745173745173744,2.5763520996079134,"[[38.000003814697266, 5.0], [75.3943862915039, 64.80564880371094], 20.0]"
fing_x_face,16,0.01,li_V>face_G>ri_V,3,S3-SPRT,rule,foldA,300,True,0.006480135658914729,0.007751937984496124,0.0068240998473556615,0.007722007722007722,1.2355212355212355,2.1032743707162314,"[[4.790200159027989, -3.609656505904322], [4.790200159027989, -3.609656505904322], -2.4765969632112554]"
fing_x_face,16,0.01,li_V>face_G>ri_V,3,S4-Direct,rule,foldA,300,True,0.006480135658914729,0.007751937984496124,0.007527461015833109,0.003861003861003861,1.1737451737451738,2.2555146508634882,"[[24.000001907348633, 4.000000476837158], [74.05419921875, 66.20779418945312], 21.0]"
fing_x_face,16,0.01,li_V>ri_V>face_C,3,LR-P1-N2,GP,foldA,300,True,0.00720687984496124,0.031007751937984496,0.007153332734728083,0.019305019305019305,1.1505791505791505,2.2805363503037923,"[[19.000001907348633, 5.000000476837158], [26.000001907348633, 4.000000476837158], 0.6290299892425537]"
fing_x_face,16,0.01,li_V>ri_V>face_C,3,HYP,GP,foldA,300,False,,,,,,,
fing_x_face,16,0.01,li_V>ri_V>face_C,3,S1-Marcialis,rule,foldA,300,True,0.006722383720930232,0.007751937984496124,0.006614588009936847,0.007722007722007722,1.416988416988417,2.683682020891323,"[[38.000003814697266, 5.0], [38.000003814697266, 4.0], 0.6139799952507019]"
fing_x_face,16,0.01,li_V>ri_V>face_C,3,S2-Symmetric,rule,foldA,300,True,0.006722383720930232,0.007751937984496124,0.006614588009936847,0.007722007722007722,1.416988416988417,2.683682020891323,"[[38.000003814697266, 5.0], [38.000003814697266, 4.0], 0.6139799952507019]"
fing_x_face,16,0.01,li_V>ri_V>face_C,3,S3-SPRT,rule,foldA,300,True,0.006237887596899225,0.03875968992248062,0.003890934123492263,0.015444015444015444,1.2432432432432432,2.05656819610308,"[[4.790200159027989, -3.609656505904322], [4.790200159027989, -3.609656505904322], -2.5091109429877565]"
fing_x_face,16,0.01,li_V>ri_V>face_C,3,S4-Direct,rule,foldA,300,True,0.006722383720930232,0.007751937984496124,0.006614588009936847,0.007722007722007722,1.416988416988417,2.683682020891323,"[[38.000003814697266, 4.000000476837158], [38.000003814697266, 3.000000238418579], 0.6139799952507019]"
fing_x_face,16,0.01,li_V>ri_V>face_G,3,LR-P1-N2,GP,foldA,300,True,0.005692829457364341,0.03875968992248062,0.007482565622100506,0.015444015444015444,1.1544401544401544,2.2833348298464577,"[[20.000001907348633, 5.000000476837158], [25.000001907348633, 4.000000476837158], 74.17047119140625]"
fing_x_face,16,0.01,li_V>ri_V>face_G,3,HYP,GP,foldA,300,False,,,,,,,
fing_x_face,16,0.01,li_V>ri_V>face_G,3,S1-Marcialis,rule,foldA,300,True,0.006964631782945737,0.007751937984496124,0.012660501032594055,0.003861003861003861,1.416988416988417,2.683682020891323,"[[38.000003814697266, 5.0], [38.000003814697266, 4.0], 73.5622329711914]"
fing_x_face,16,0.01,li_V>ri_V>face_G,3,S2-Symmetric,rule,foldA,300,True,0.006964631782945737,0.007751937984496124,0.012660501032594055,0.003861003861003861,1.416988416988417,2.683682020891323,"[[38.000003814697266, 5.0], [38.000003814697266, 4.0], 73.5622329711914]"
fing_x_face,16,0.01,li_V>ri_V>face_G,3,S3-SPRT,rule,foldA,300,True,0.006540697674418605,0.03875968992248062,0.004863667654365329,0.019305019305019305,1.2432432432432432,2.05656819610308,"[[4.790200159027989, -3.609656505904322], [4.790200159027989, -3.609656505904322], -2.393014760716274]"
fing_x_face,16,0.01,li_V>ri_V>face_G,3,S4-Direct,rule,foldA,300,True,0.006964631782945737,0.007751937984496124,0.012660501032594055,0.003861003861003861,1.416988416988417,2.683682020891323,"[[38.000003814697266, 4.000000476837158], [38.000003814697266, 3.000000238418579], 73.5622329711914]"
fing_x_face,16,0.01,ri_V>face_C>face_G,3,LR-P1-N2,GP,foldA,300,True,0.006782945736434108,0.015503875968992248,0.006704378797402053,0.007722007722007722,1.0888030888030888,2.3116189278979977,"[[22.000001907348633, 4.000000476837158], [0.6271300315856934, 0.5214500427246094], 74.36205291748047]"
fing_x_face,16,0.01,ri_V>face_C>face_G,3,HYP,GP,foldA,300,False,,,,,,,
fing_x_face,16,0.01,ri_V>face_C>face_G,3,S1-Marcialis,rule,foldA,300,True,0.007025193798449613,0.007751937984496124,0.012705396426326659,0.011583011583011582,1.2355212355212355,2.525021699440304,"[[38.000003814697266, 4.0], [0.6893800497055054, 0.521049976348877], 73.58727264404297]"
fing_x_face,16,0.01,ri_V>face_C>face_G,3,S2-Symmetric,rule,foldA,300,True,0.007025193798449613,0.007751937984496124,0.012705396426326659,0.011583011583011582,1.2355212355212355,2.525021699440304,"[[38.000003814697266, 4.0], [0.6893800497055054, 0.521049976348877], 73.58727264404297]"
fing_x_face,16,0.01,ri_V>face_C>face_G,3,S3-SPRT,rule,foldA,300,True,0.006237887596899225,0.007751937984496124,0.00650983209122744,0.0,1.162162162162162,1.893837358953638,"[[4.619726136895084, -3.9374612062777903], [4.619726136895084, -3.9374612062777903], -1.3651320466555639]"
fing_x_face,16,0.01,ri_V>face_C>face_G,3,S4-Direct,rule,foldA,300,True,0.007025193798449613,0.0,0.01050552213342911,0.011583011583011582,1.196911196911197,2.400631528538505,"[[38.000003814697266, 3.000000238418579], [0.6245400309562683, 0.5309300422668457], 73.84020233154297]"
fing_x_face,16,0.01,ri_V>face_C>li_V,3,LR-P1-N2,GP,foldA,300,True,0.00660125968992248,0.007751937984496124,0.005013318966807339,0.011583011583011582,1.0888030888030888,2.3109305318607642,"[[22.000001907348633, 4.000000476837158], [0.6241100430488586, 0.5214500427246094], 25.0]"
fing_x_face,16,0.01,ri_V>face_C>li_V,3,HYP,GP,foldA,300,False,,,,,,,
fing_x_face,16,0.01,ri_V>face_C>li_V,3,S1-Marcialis,rule,foldA,300,True,0.0049055232558139535,0.015503875968992248,0.004848702523121128,0.023166023166023165,1.2355212355212355,2.525021699440304,"[[38.000003814697266, 4.0], [0.6893800497055054, 0.521049976348877], 19.0]"
fing_x_face,16,0.01,ri_V>face_C>li_V,3,S2-Symmetric,rule,foldA,300,True,0.0049055232558139535,0.015503875968992248,0.004848702523121128,0.023166023166023165,1.2355212355212355,2.525021699440304,"[[38.000003814697266, 4.0], [0.6893800497055054, 0.521049976348877], 19.0]"
fing_x_face,16,0.01,ri_V>face_C>li_V,3,S3-SPRT,rule,foldA,300,True,0.006237887596899225,0.007751937984496124,0.0043099577983298915,0.0,1.162162162162162,1.893837358953638,"[[4.619726136895084, -3.9374612062777903], [4.619726136895084, -3.9374612062777903], -2.4977833128251756]"
fing_x_face,16,0.01,ri_V>face_C>li_V,3,S4-Direct,rule,foldA,300,True,0.0068435077519379845,0.0,0.007033611684774475,0.015444015444015444,1.196911196911197,2.400631528538505,"[[38.000003814697266, 3.000000238418579], [0.6245400309562683, 0.5309300422668457], 19.0]"
fing_x_face,16,0.01,ri_V>face_G>face_C,3,LR-P1-N2,GP,foldA,300,True,0.0068435077519379845,0.015503875968992248,0.007198228128460687,0.007722007722007722,1.084942084942085,2.478929095208165,"[[22.000001907348633, 4.000000476837158], [74.24637603759766, 64.84017944335938], 0.6281300187110901]"
fing_x_face,16,0.01,ri_V>face_G>face_C,3,HYP,GP,foldA,300,False,,,,,,,
fing_x_face,16,0.01,ri_V>face_G>face_C,3,S1-Marcialis,rule,foldA,300,True,0.006661821705426356,0.015503875968992248,0.006839064978599862,0.007722007722007722,1.2007722007722008,2.7234443746071655,"[[38.000003814697266, 4.0], [75.3943862915039, 64.80564880371094], 0.6149899959564209]"
fing_x_face,16,0.01,ri_V>face_G>face_C,3,S2-Symmetric,rule,foldA,300,True,0.006661821705426356,0.015503875968992248,0.006839064978599862,0.007722007722007722,1.2007722007722008,2.7234443746071655,"[[38.000003814697266, 4.0], [75.3943862915039, 64.80564880371094], 0.6149899959564209]"
fing_x_face,16,0.01,ri_V>face_G>face_C,3,S3-SPRT,rule,foldA,300,True,0.006419573643410853,0.015503875968992248,0.007003681422286074,0.0,1.1467181467181466,1.9140402861333095,"[[4.619726136895084, -3.9374612062777903], [4.619726136895084, -3.9374612062777903], -1.363324657811856]"
fing_x_face,16,0.01,ri_V>face_G>face_C,3,S4-Direct,rule,foldA,300,True,0.00660125968992248,0.007751937984496124,0.006988716291041873,0.007722007722007722,1.1776061776061777,2.4431175361407917,"[[34.000003814697266, 3.000000238418579], [75.3943862915039, 65.998291015625], 0.6139799952507019]"
fing_x_face,16,0.01,ri_V>face_G>li_V,3,LR-P1-N2,GP,foldA,300,True,0.006237887596899225,0.015503875968992248,0.0073927748346353,0.007722007722007722,1.084942084942085,2.4780461524647572,"[[22.000001907348633, 4.000000476837158], [74.12873077392578, 64.84017944335938], 23.0]"
fing_x_face,16,0.01,ri_V>face_G>li_V,3,HYP,GP,foldA,300,False,,,,,,,
fing_x_face,16,0.01,ri_V>face_G>li_V,3,S1-Marcialis,rule,foldA,300,True,0.0061773255813953485,0.023255813953488372,0.0063452156475412285,0.007722007722007722,1.2007722007722008,2.7234443746071655,"[[38.000003814697266, 4.0], [75.3943862915039, 64.80564880371094], 19.0]"
fing_x_face,16,0.01,ri_V>face_G>li_V,3,S2-Symmetric,rule,foldA,300,False,,,,,,,
fing_x_face,16,0.01,ri_V>face_G>li_V,3,S3-SPRT,rule,foldA,300,True,0.00660125968992248,0.015503875968992248,0.005866331447726796,0.003861003861003861,1.1467181467181466,1.9140402861333095,"[[4.619726136895084, -3.9374612062777903], [4.619726136895084, -3.9374612062777903], -2.393014760716274]"
fing_x_face,16,0.01,ri_V>face_G>li_V,3,S4-Direct,rule,foldA,300,True,0.006298449612403101,0.007751937984496124,0.008335578103019964,0.007722007722007722,1.162162162162162,2.37357457124899,"[[31.000001907348633, 3.000000238418579], [74.05419921875, 66.20779418945312], 20.0]"
fing_x_face,16,0.01,ri_V>li_V>face_C,3,LR-P1-N2,GP,foldA,300,True,0.006298449612403101,0.023255813953488372,0.004818772260632726,0.015444015444015444,1.1158301158301158,2.4002574002574004,"[[21.000001907348633, 4.000000476837158], [24.000001907348633, 5.000000476837158], 0.6275400519371033]"
fing_x_face,16,0.01,ri_V>li_V>face_C,3,HYP,GP,foldA,300,False,,,,,,,
fing_x_face,16,0.01,ri_V>li_V>face_C,3,S1-Marcialis,rule,foldA,300,True,0.006722383720930232,0.007751937984496124,0.006614588009936847,0.011583011583011582,1.277992277992278,2.764538625003741,"[[38.000003814697266, 4.0], [38.000003814697266, 5.0], 0.6139799952507019]"
fing_x_face,16,0.01,ri_V>li_V>face_C,3,S2-Symmetric,rule,foldA,300,True,0.006722383720930232,0.007751937984496124,0.006614588009936847,0.011583011583011582,1.277992277992278,2.764538625003741,"[[38.000003814697266, 4.0], [38.000003814697266, 5.0], 0.6139799952507019]"
fing_x_face,16,0.01,ri_V>li_V>face_C,3,S3-SPRT,rule,foldA,300,True,0.006237887596899225,0.03875968992248062,0.004055550567178474,0.011583011583011582,1.1814671814671815,1.8973092694022926,"[[4.619726136895084, -3.9374612062777903], [4.619726136895084, -3.9374612062777903], -2.570166725243473]"
fing_x_face,16,0.01,ri_V>li_V>face_C,3,S4-Direct,rule,foldA,300,True,0.006722383720930232,0.007751937984496124,0.006614588009936847,0.011583011583011582,1.277992277992278,2.764538625003741,"[[38.000003814697266, 3.000000238418579], [38.000003814697266, 4.000000476837158], 0.6139799952507019]"
fing_x_face,16,0.01,ri_V>li_V>face_G,3,LR-P1-N2,GP,foldA,300,True,0.0061167635658914725,0.031007751937984496,0.006809134716111461,0.011583011583011582,1.111969111969112,2.3998832719762953,"[[21.000001907348633, 4.000000476837158], [23.000001907348633, 5.000000476837158], 74.13604736328125]"
fing_x_face,16,0.01,ri_V>li_V>face_G,3,HYP,GP,foldA,300,False,,,,,,,
fing_x_face,16,0.01,ri_V>li_V>face_G,3,S1-Marcialis,rule,foldA,300,True,0.006964631782945737,0.007751937984496124,0.012660501032594055,0.007722007722007722,1.277992277992278,2.764538625003741,"[[38.000003814697266, 4.0], [38.000003814697266, 5.0], 73.5622329711914]"
fing_x_face,16,0.01,ri_V>li_V>face_G,3,S2-Symmetric,rule,foldA,300,True,0.006964631782945737,0.007751937984496124,0.012660501032594055,0.007722007722007722,1.277992277992278,2.764538625003741,"[[38.000003814697266, 4.0], [38.000003814697266, 5.0], 73.5622329711914]"
fing_x_face,16,0.01,ri_V>li_V>face_G,3,S3-SPRT,rule,foldA,300,True,0.00660125968992248,0.03875968992248062,0.005043249229295741,0.015444015444015444,1.1814671814671815,1.8973092694022926,"[[4.619726136895084, -3.9374612062777903], [4.619726136895084, -3.9374612062777903], -2.4648031111596778]"
fing_x_face,16,0.01,ri_V>li_V>face_G,3,S4-Direct,rule,foldA,300,True,0.006964631782945737,0.007751937984496124,0.012660501032594055,0.007722007722007722,1.277992277992278,2.764538625003741,"[[38.000003814697266, 3.000000238418579], [38.000003814697266, 4.000000476837158], 73.5622329711914]"
fing_x_face,16,0.01,face_C>face_G>li_V>ri_V,4,LR-P1-N2,GP,foldA,300,False,,,,,,,
fing_x_face,16,0.01,face_C>face_G>li_V>ri_V,4,HYP,GP,foldA,300,False,,,,,,,
fing_x_face,16,0.01,face_C>face_G>li_V>ri_V,4,S1-Marcialis,rule,foldA,300,True,0.005632267441860465,0.015503875968992248,0.0041154110921552784,0.015444015444015444,1.606177606177606,2.592858639370267,"[[0.6893800497055054, 0.521049976348877], [75.3943862915039, 64.80564880371094], [38.000003814697266, 5.0], 19.0]"
fing_x_face,16,0.01,face_C>face_G>li_V>ri_V,4,S2-Symmetric,rule,foldA,300,True,0.005632267441860465,0.015503875968992248,0.0041154110921552784,0.015444015444015444,1.606177606177606,2.592858639370267,"[[0.6893800497055054, 0.521049976348877], [75.3943862915039, 64.80564880371094], [38.000003814697266, 5.0], 19.0]"
fing_x_face,16,0.01,face_C>face_G>li_V>ri_V,4,S3-SPRT,rule,foldA,300,True,0.006359011627906977,0.015503875968992248,0.006449971566250636,0.011583011583011582,1.38996138996139,1.7174134267157524,"[[5.794124637123463, -3.6948986584210486], [5.794124637123463, -3.6948986584210486], [5.794124637123463, -3.6948986584210486], -3.549533112510804]"
fing_x_face,16,0.01,face_C>face_G>li_V>ri_V,4,S4-Direct,rule,foldA,300,True,0.0061167635658914725,0.0,0.006779204453623058,0.007722007722007722,1.528957528957529,3.277618149711173,"[[0.6893800497055054, 0.4838000237941742], [74.58032989501953, 63.434513092041016], [21.000001907348633, 6.000000476837158], 21.0]"
fing_x_face,16,0.01,face_C>face_G>ri_V>li_V,4,LR-P1-N2,GP,foldA,300,False,,,,,,,
fing_x_face,16,0.01,face_C>face_G>ri_V>li_V,4,HYP,GP,foldA,300,False,,,,,,,
fing_x_face,16,0.01,face_C>face_G>ri_V>li_V,4,S1-Marcialis,rule,foldA,300,True,0.006661821705426356,0.007751937984496124,0.005986052497680405,0.011583011583011582,1.583011583011583,2.6338182035856454,"[[0.6893800497055054, 0.521049976348877], [75.3943862915039, 64.80564880371094], [38.000003814697266, 4.0], 18.0]"
fing_x_face,16,0.01,face_C>face_G>ri_V>li_V,4,S2-Symmetric,rule,foldA,300,False,,,,,,,
fing_x_face,16,0.01,face_C>face_G>ri_V>li_V,4,S3-SPRT,rule,foldA,300,True,0.006298449612403101,0.015503875968992248,0.00636018077878543,0.007722007722007722,1.386100386100386,1.7114573044805603,"[[5.794124637123463, -3.6948986584210486], [5.794124637123463, -3.6948986584210486], [5.794124637123463, -3.6948986584210486], -3.549533112510804]"
fing_x_face,16,0.01,face_C>face_G>ri_V>li_V,4,S4-Direct,rule,foldA,300,True,0.006782945736434108,0.0,0.0075124958845889074,0.007722007722007722,1.5212355212355213,3.2263176798060518,"[[0.6893800497055054, 0.4838000237941742], [74.58032989501953, 63.434513092041016], [23.000001907348633, 6.000000476837158], 19.0]"
fing_x_face,16,0.01,face_C>li_V>face_G>ri_V,4,LR-P1-N2,GP,foldA,300,False,,,,,,,
fing_x_face,16,0.01,face_C>li_V>face_G>ri_V,4,HYP,GP,foldA,300,False,,,,,,,
fing_x_face,16,0.01,face_C>li_V>face_G>ri_V,4,S1-Marcialis,rule,foldA,300,True,0.005632267441860465,0.015503875968992248,0.004100445960911078,0.015444015444015444,1.498069498069498,2.601328903654485,"[[0.6893800497055054, 0.521049976348877], [38.000003814697266, 5.0], [75.3943862915039, 64.80564880371094], 19.0]"
fing_x_face,16,0.01,face_C>li_V>face_G>ri_V,4,S2-Symmetric,rule,foldA,300,True,0.005632267441860465,0.015503875968992248,0.004100445960911078,0.015444015444015444,1.498069498069498,2.601328903654485,"[[0.6893800497055054, 0.521049976348877], [38.000003814697266, 5.0], [75.3943862915039, 64.80564880371094], 19.0]"
fing_x_face,16,0.01,face_C>li_V>face_G>ri_V,4,S3-SPRT,rule,foldA,300,True,0.006419573643410853,0.007751937984496124,0.006030947891413008,0.007722007722007722,1.305019305019305,1.6823650893418336,"[[5.794124637123463, -3.6948986584210486], [5.794124637123463, -3.6948986584210486], [5.794124637123463, -3.6948986584210486], -3.549533112510804]"
fing_x_face,16,0.01,face_C>li_V>face_G>ri_V,4,S4-Direct,rule,foldA,300,True,0.0061167635658914725,0.0,0.006779204453623058,0.011583011583011582,1.3976833976833978,2.667863877166203,"[[0.6893800497055054, 0.4838000237941742], [21.000001907348633, 6.000000476837158], [74.17448425292969, 66.20779418945312], 20.0]"
fing_x_face,16,0.01,face_C>li_V>ri_V>face_G,4,LR-P1-N2,GP,foldA,300,False,,,,,,,
fing_x_face,16,0.01,face_C>li_V>ri_V>face_G,4,HYP,GP,foldA,300,False,,,,,,,
fing_x_face,16,0.01,face_C>li_V>ri_V>face_G,4,S1-Marcialis,rule,foldA,300,True,0.007146317829457364,0.0,0.012465954326419443,0.011583011583011582,1.4903474903474903,2.6533177695968395,"[[0.6893800497055054, 0.521049976348877], [38.000003814697266, 5.0], [38.000003814697266, 4.0], 73.53582763671875]"
fing_x_face,16,0.01,face_C>li_V>ri_V>face_G,4,S2-Symmetric,rule,foldA,300,True,0.007146317829457364,0.0,0.012465954326419443,0.011583011583011582,1.4903474903474903,2.6533177695968395,"[[0.6893800497055054, 0.521049976348877], [38.000003814697266, 5.0], [38.000003814697266, 4.0], 73.53582763671875]"
fing_x_face,16,0.01,face_C>li_V>ri_V>face_G,4,S3-SPRT,rule,foldA,300,True,0.006359011627906977,0.007751937984496124,0.005417377510400766,0.003861003861003861,1.305019305019305,1.6683726916285055,"[[5.794124637123463, -3.6948986584210486], [5.794124637123463, -3.6948986584210486], [5.794124637123463, -3.6948986584210486], -4.537622486703075]"
fing_x_face,16,0.01,face_C>li_V>ri_V>face_G,4,S4-Direct,rule,foldA,300,True,0.006964631782945737,0.0,0.008859357696566999,0.011583011583011582,1.3976833976833978,2.6916285055819937,"[[0.6893800497055054, 0.4838000237941742], [21.000001907348633, 6.000000476837158], [23.000001907348633, 6.000000476837158], 73.5059585571289]"
fing_x_face,16,0.01,face_C>ri_V>face_G>li_V,4,LR-P1-N2,GP,foldA,300,False,,,,,,,
fing_x_face,16,0.01,face_C>ri_V>face_G>li_V,4,HYP,GP,foldA,300,False,,,,,,,
fing_x_face,16,0.01,face_C>ri_V>face_G>li_V,4,S1-Marcialis,rule,foldA,300,True,0.006661821705426356,0.007751937984496124,0.0059561222351920025,0.011583011583011582,1.4362934362934363,2.690536051001167,"[[0.6893800497055054, 0.521049976348877], [38.000003814697266, 4.0], [75.3943862915039, 64.80564880371094], 18.0]"
fing_x_face,16,0.01,face_C>ri_V>face_G>li_V,4,S2-Symmetric,rule,foldA,300,False,,,,,,,
fing_x_face,16,0.01,face_C>ri_V>face_G>li_V,4,S3-SPRT,rule,foldA,300,True,0.006419573643410853,0.007751937984496124,0.005821436053994194,0.003861003861003861,1.2972972972972974,1.6566998892580287,"[[5.794124637123463, -3.6948986584210486], [5.794124637123463, -3.6948986584210486], [5.794124637123463, -3.6948986584210486], -3.5885961394733954]"
fing_x_face,16,0.01,face_C>ri_V>face_G>li_V,4,S4-Direct,rule,foldA,300,True,0.006359011627906977,0.0,0.005896261710215199,0.007722007722007722,1.386100386100386,2.591736254526952,"[[0.6893800497055054, 0.4838000237941742], [23.000001907348633, 6.000000476837158], [74.17448425292969, 66.20779418945312], 19.0]"
fing_x_face,16,0.01,face_C>ri_V>li_V>face_G,4,LR-P1-N2,GP,foldA,300,False,,,,,,,
fing_x_face,16,0.01,face_C>ri_V>li_V>face_G,4,HYP,GP,foldA,300,False,,,,,,,
fing_x_face,16,0.01,face_C>ri_V>li_V>face_G,4,S1-Marcialis,rule,foldA,300,True,0.007146317829457364,0.0,0.012465954326419443,0.011583011583011582,1.4517374517374517,2.7015653527281436,"[[0.6893800497055054, 0.521049976348877], [38.000003814697266, 4.0], [38.000003814697266, 5.0], 73.53582763671875]"
fing_x_face,16,0.01,face_C>ri_V>li_V>face_G,4,S2-Symmetric,rule,foldA,300,True,0.007146317829457364,0.0,0.012465954326419443,0.011583011583011582,1.4517374517374517,2.7015653527281436,"[[0.6893800497055054, 0.521049976348877], [38.000003814697266, 4.0], [38.000003814697266, 5.0], 73.53582763671875]"
fing_x_face,16,0.01,face_C>ri_V>li_V>face_G,4,S3-SPRT,rule,foldA,300,True,0.006298449612403101,0.007751937984496124,0.005088144623028344,0.003861003861003861,1.2972972972972974,1.6486785789111371,"[[5.794124637123463, -3.6948986584210486], [5.794124637123463, -3.6948986584210486], [5.794124637123463, -3.6948986584210486], -4.560762001390205]"
fing_x_face,16,0.01,face_C>ri_V>li_V>face_G,4,S4-Direct,rule,foldA,300,True,0.00660125968992248,0.0,0.008530124809194576,0.007722007722007722,1.393822393822394,2.639355302146,"[[0.6893800497055054, 0.4838000237941742], [23.000001907348633, 6.000000476837158], [21.000001907348633, 6.000000476837158], 73.4935073852539]"
fing_x_face,16,0.01,face_G>face_C>li_V>ri_V,4,LR-P1-N2,GP,foldA,300,False,,,,,,,
fing_x_face,16,0.01,face_G>face_C>li_V>ri_V,4,HYP,GP,foldA,300,False,,,,,,,
fing_x_face,16,0.01,face_G>face_C>li_V>ri_V,4,S1-Marcialis,rule,foldA,300,True,0.005632267441860465,0.015503875968992248,0.004130376223399479,0.011583011583011582,1.505791505791506,2.806815120768609,"[[75.3943862915039, 64.80564880371094], [0.6893800497055054, 0.521049976348877], [38.000003814697266, 5.0], 19.0]"
fing_x_face,16,0.01,face_G>face_C>li_V>ri_V,4,S2-Symmetric,rule,foldA,300,True,0.005632267441860465,0.015503875968992248,0.004130376223399479,0.011583011583011582,1.505791505791506,2.806815120768609,"[[75.3943862915039, 64.80564880371094], [0.6893800497055054, 0.521049976348877], [38.000003814697266, 5.0], 19.0]"
fing_x_face,16,0.01,face_G>face_C>li_V>ri_V,4,S3-SPRT,rule,foldA,300,True,0.006419573643410853,0.015503875968992248,0.006479901828739038,0.019305019305019305,1.3281853281853282,1.8116488581604862,"[[5.041777202375601, -3.8095578360034077], [5.041777202375601, -3.8095578360034077], [5.041777202375601, -3.8095578360034077], -3.5015122527756515]"
fing_x_face,16,0.01,face_G>face_C>li_V>ri_V,4,S4-Direct,rule,foldA,300,True,0.006722383720930232,0.0,0.005881296578970997,0.007722007722007722,1.3166023166023166,2.6318428062614108,"[[75.07884979248047, 63.434513092041016], [0.6282300353050232, 0.5309300422668457], [21.000001907348633, 6.000000476837158], 20.0]"
fing_x_face,16,0.01,face_G>face_C>ri_V>li_V,4,LR-P1-N2,GP,foldA,300,False,,,,,,,
fing_x_face,16,0.01,face_G>face_C>ri_V>li_V,4,HYP,GP,foldA,300,False,,,,,,,
fing_x_face,16,0.01,face_G>face_C>ri_V>li_V,4,S1-Marcialis,rule,foldA,300,True,0.006661821705426356,0.007751937984496124,0.006001017628924606,0.007722007722007722,1.4826254826254825,2.847774684983987,"[[75.3943862915039, 64.80564880371094], [0.6893800497055054, 0.521049976348877], [38.000003814697266, 4.0], 18.0]"
fing_x_face,16,0.01,face_G>face_C>ri_V>li_V,4,S2-Symmetric,rule,foldA,300,False,,,,,,,
fing_x_face,16,0.01,face_G>face_C>ri_V>li_V,4,S3-SPRT,rule,foldA,300,True,0.006419573643410853,0.015503875968992248,0.006435006435006435,0.019305019305019305,1.3204633204633205,1.805094130675526,"[[5.041777202375601, -3.8095578360034077], [5.041777202375601, -3.8095578360034077], [5.041777202375601, -3.8095578360034077], -3.5142899683921276]"
fing_x_face,16,0.01,face_G>face_C>ri_V>li_V,4,S4-Direct,rule,foldA,300,True,0.0061167635658914725,0.0,0.006060878153901409,0.007722007722007722,1.308880308880309,2.6042919996408367,"[[75.07884979248047, 63.434513092041016], [0.6282300353050232, 0.5309300422668457], [23.000001907348633, 6.000000476837158], 19.0]"
fing_x_face,16,0.01,face_G>li_V>face_C>ri_V,4,LR-P1-N2,GP,foldA,300,False,,,,,,,
fing_x_face,16,0.01,face_G>li_V>face_C>ri_V,4,HYP,GP,foldA,300,False,,,,,,,
fing_x_face,16,0.01,face_G>li_V>face_C>ri_V,4,S1-Marcialis,rule,foldA,300,True,0.005632267441860465,0.015503875968992248,0.004130376223399479,0.011583011583011582,1.359073359073359,2.9957199724641583,"[[75.3943862915039, 64.80564880371094], [38.000003814697266, 5.0], [0.6893800497055054, 0.521049976348877], 19.0]"
fing_x_face,16,0.01,face_G>li_V>face_C>ri_V,4,S2-Symmetric,rule,foldA,300,True,0.005632267441860465,0.015503875968992248,0.004130376223399479,0.011583011583011582,1.359073359073359,2.9957199724641583,"[[75.3943862915039, 64.80564880371094], [38.000003814697266, 5.0], [0.6893800497055054, 0.521049976348877], 19.0]"
fing_x_face,16,0.01,face_G>li_V>face_C>ri_V,4,S3-SPRT,rule,foldA,300,True,0.006540697674418605,0.007751937984496124,0.006749274191134656,0.023166023166023165,1.247104247104247,1.81194816078537,"[[5.041777202375601, -3.8095578360034077], [5.041777202375601, -3.8095578360034077], [5.041777202375601, -3.8095578360034077], -3.5713620556672447]"
fing_x_face,16,0.01,face_G>li_V>face_C>ri_V,4,S4-Direct,rule,foldA,300,True,0.006480135658914729,0.0,0.006001017628924606,0.011583011583011582,1.281853281853282,2.6701535422465654,"[[75.3943862915039, 63.434513092041016], [21.000001907348633, 6.000000476837158], [0.6282300353050232, 0.5309300422668457], 20.0]"
fing_x_face,16,0.01,face_G>li_V>ri_V>face_C,4,LR-P1-N2,GP,foldA,300,False,,,,,,,
fing_x_face,16,0.01,face_G>li_V>ri_V>face_C,4,HYP,GP,foldA,300,False,,,,,,,
fing_x_face,16,0.01,face_G>li_V>ri_V>face_C,4,S1-Marcialis,rule,foldA,300,True,0.00660125968992248,0.007751937984496124,0.006928855766065068,0.0,1.3281853281853282,3.2168148214659844,"[[75.3943862915039, 64.80564880371094], [38.000003814697266, 5.0], [38.000003814697266, 4.0], 0.6136299967765808]"
fing_x_face,16,0.01,face_G>li_V>ri_V>face_C,4,S2-Symmetric,rule,foldA,300,True,0.00660125968992248,0.007751937984496124,0.006928855766065068,0.0,1.3281853281853282,3.2168148214659844,"[[75.3943862915039, 64.80564880371094], [38.000003814697266, 5.0], [38.000003814697266, 4.0], 0.6136299967765808]"
fing_x_face,16,0.01,face_G>li_V>ri_V>face_C,4,S3-SPRT,rule,foldA,300,True,0.006359011627906977,0.007751937984496124,0.006494866959983239,0.023166023166023165,1.2393822393822393,1.7973421926910298,"[[5.041777202375601, -3.8095578360034077], [5.041777202375601, -3.8095578360034077], [5.041777202375601, -3.8095578360034077], -4.10309896455319]"
fing_x_face,16,0.01,face_G>li_V>ri_V>face_C,4,S4-Direct,rule,foldA,300,True,0.007025193798449613,0.0,0.0066295531411810485,0.007722007722007722,1.274131274131274,2.6779653407560384,"[[75.3943862915039, 63.434513092041016], [21.000001907348633, 6.000000476837158], [23.000001907348633, 6.000000476837158], 0.6115000247955322]"
fing_x_face,16,0.01,face_G>ri_V>face_C>li_V,4,LR-P1-N2,GP,foldA,300,False,,,,,,,
fing_x_face,16,0.01,face_G>ri_V>face_C>li_V,4,HYP,GP,foldA,300,False,,,,,,,
fing_x_face,16,0.01,face_G>ri_V>face_C>li_V,4,S1-Marcialis,rule,foldA,300,True,0.006661821705426356,0.007751937984496124,0.006001017628924606,0.003861003861003861,1.3011583011583012,3.10291520756637,"[[75.3943862915039, 64.80564880371094], [38.000003814697266, 4.0], [0.6893800497055054, 0.521049976348877], 18.0]"
fing_x_face,16,0.01,face_G>ri_V>face_C>li_V,4,S2-Symmetric,rule,foldA,300,False,,,,,,,
fing_x_face,16,0.01,face_G>ri_V>face_C>li_V,4,S3-SPRT,rule,foldA,300,True,0.006480135658914729,0.007751937984496124,0.006435006435006435,0.015444015444015444,1.2316602316602316,1.773682320193948,"[[5.041777202375601, -3.8095578360034077], [5.041777202375601, -3.8095578360034077], [5.041777202375601, -3.8095578360034077], -3.565745119504716]"
fing_x_face,16,0.01,face_G>ri_V>face_C>li_V,4,S4-Direct,rule,foldA,300,True,0.006722383720930232,0.0,0.0060459130226572086,0.003861003861003861,1.2664092664092663,2.58859357696567,"[[75.3943862915039, 63.434513092041016], [23.000001907348633, 6.000000476837158], [0.6282300353050232, 0.5309300422668457], 18.0]"
fing_x_face,16,0.01,face_G>ri_V>li_V>face_C,4,LR-P1-N2,GP,foldA,300,False,,,,,,,
fing_x_face,16,0.01,face_G>ri_V>li_V>face_C,4,HYP,GP,foldA,300,False,,,,,,,
fing_x_face,16,0.01,face_G>ri_V>li_V>face_C,4,S1-Marcialis,rule,foldA,300,True,0.00660125968992248,0.007751937984496124,0.006928855766065068,0.0,1.2934362934362935,3.283050492352818,"[[75.3943862915039, 64.80564880371094], [38.000003814697266, 4.0], [38.000003814697266, 5.0], 0.6136299967765808]"
fing_x_face,16,0.01,face_G>ri_V>li_V>face_C,4,S2-Symmetric,rule,foldA,300,True,0.00660125968992248,0.007751937984496124,0.006928855766065068,0.0,1.2934362934362935,3.283050492352818,"[[75.3943862915039, 64.80564880371094], [38.000003814697266, 4.0], [38.000003814697266, 5.0], 0.6136299967765808]"
fing_x_face,16,0.01,face_G>ri_V>li_V>face_C,4,S3-SPRT,rule,foldA,300,True,0.00660125968992248,0.007751937984496124,0.006674448534913651,0.019305019305019305,1.223938223938224,1.7655412887971027,"[[5.041777202375601, -3.8095578360034077], [5.041777202375601, -3.8095578360034077], [5.041777202375601, -3.8095578360034077], -4.295635173188139]"
fing_x_face,16,0.01,face_G>ri_V>li_V>face_C,4,S4-Direct,rule,foldA,300,True,0.006782945736434108,0.0,0.006494866959983239,0.0,1.2664092664092663,2.6239262518332285,"[[75.3943862915039, 63.434513092041016], [23.000001907348633, 6.000000476837158], [21.000001907348633, 6.000000476837158], 0.6098999977111816]"
fing_x_face,16,0.01,li_V>face_C>face_G>ri_V,4,LR-P1-N2,GP,foldA,300,True,0.005995639534883721,0.023255813953488372,0.007497530753344707,0.015444015444015444,1.1467181467181466,2.490108048247583,"[[20.000001907348633, 5.000000476837158], [0.6278100609779358, 0.5214500427246094], [74.46504974365234, 64.84017944335938], 27.000001907348633]"
fing_x_face,16,0.01,li_V>face_C>face_G>ri_V,4,HYP,GP,foldA,300,False,,,,,,,
fing_x_face,16,0.01,li_V>face_C>face_G>ri_V,4,S1-Marcialis,rule,foldA,300,True,0.005632267441860465,0.015503875968992248,0.004100445960911078,0.011583011583011582,1.4594594594594594,2.852279189488492,"[[38.000003814697266, 5.0], [0.6893800497055054, 0.521049976348877], [75.3943862915039, 64.80564880371094], 19.0]"
fing_x_face,16,0.01,li_V>face_C>face_G>ri_V,4,S2-Symmetric,rule,foldA,300,True,0.005632267441860465,0.015503875968992248,0.004100445960911078,0.011583011583011582,1.4594594594594594,2.852279189488492,"[[38.000003814697266, 5.0], [0.6893800497055054, 0.521049976348877], [75.3943862915039, 64.80564880371094], 19.0]"
fing_x_face,16,0.01,li_V>face_C>face_G>ri_V,4,S3-SPRT,rule,foldA,300,True,0.006359011627906977,0.0,0.0059561222351920025,0.003861003861003861,1.2548262548262548,2.0988446918679475,"[[4.790200159027989, -3.609656505904322], [4.790200159027989, -3.609656505904322], [4.790200159027989, -3.609656505904322], -3.5142899683921276]"
fing_x_face,16,0.01,li_V>face_C>face_G>ri_V,4,S4-Direct,rule,foldA,300,True,0.006419573643410853,0.007751937984496124,0.0071084373409954806,0.007722007722007722,1.3783783783783783,2.511298674089372,"[[38.000003814697266, 4.000000476837158], [0.6282300353050232, 0.5309300422668457], [74.17448425292969, 66.20779418945312], 20.0]"
fing_x_face,16,0.01,li_V>face_C>ri_V>face_G,4,LR-P1-N2,GP,foldA,300,True,0.0061167635658914725,0.023255813953488372,0.007662147197030918,0.015444015444015444,1.1428571428571428,2.4880428601358835,"[[20.000001907348633, 5.000000476837158], [0.6262900829315186, 0.5214500427246094], [28.000001907348633, 4.000000476837158], 74.46504974365234]"
fing_x_face,16,0.01,li_V>face_C>ri_V>face_G,4,HYP,GP,foldA,300,False,,,,,,,
fing_x_face,16,0.01,li_V>face_C>ri_V>face_G,4,S1-Marcialis,rule,foldA,300,True,0.007146317829457364,0.0,0.012465954326419443,0.007722007722007722,1.4517374517374517,2.904268055430846,"[[38.000003814697266, 5.0], [0.6893800497055054, 0.521049976348877], [38.000003814697266, 4.0], 73.53582763671875]"
fing_x_face,16,0.01,li_V>face_C>ri_V>face_G,4,S2-Symmetric,rule,foldA,300,True,0.007146317829457364,0.0,0.012465954326419443,0.007722007722007722,1.4517374517374517,2.904268055430846,"[[38.000003814697266, 5.0], [0.6893800497055054, 0.521049976348877], [38.000003814697266, 4.0], 73.53582763671875]"
fing_x_face,16,0.01,li_V>face_C>ri_V>face_G,4,S3-SPRT,rule,foldA,300,True,0.006540697674418605,0.0,0.005342551854179761,0.0,1.2548262548262548,2.0854209691418992,"[[4.790200159027989, -3.609656505904322], [4.790200159027989, -3.609656505904322], [4.790200159027989, -3.609656505904322], -4.60374645415165]"
fing_x_face,16,0.01,li_V>face_C>ri_V>face_G,4,S4-Direct,rule,foldA,300,True,0.006904069767441861,0.0,0.008919218221543804,0.007722007722007722,1.359073359073359,2.4927119810840743,"[[38.000003814697266, 4.000000476837158], [0.6282300353050232, 0.5309300422668457], [23.000001907348633, 6.000000476837158], 73.56260681152344]"
fing_x_face,16,0.01,li_V>face_G>face_C>ri_V,4,LR-P1-N2,GP,foldA,300,True,0.006661821705426356,0.023255813953488372,0.008530124809194576,0.015444015444015444,1.138996138996139,2.6284008260752447,"[[19.000001907348633, 5.000000476837158], [74.362060546875, 64.84017944335938], [0.6416400671005249, 0.5214500427246094], 27.000001907348633]"
fing_x_face,16,0.01,li_V>face_G>face_C>ri_V,4,HYP,GP,foldA,300,False,,,,,,,
fing_x_face,16,0.01,li_V>face_G>face_C>ri_V,4,S1-Marcialis,rule,foldA,300,True,0.005632267441860465,0.015503875968992248,0.0041154110921552784,0.011583011583011582,1.420849420849421,3.0327137768998234,"[[38.000003814697266, 5.0], [75.3943862915039, 64.80564880371094], [0.6893800497055054, 0.521049976348877], 19.0]"
fing_x_face,16,0.01,li_V>face_G>face_C>ri_V,4,S2-Symmetric,rule,foldA,300,True,0.005632267441860465,0.015503875968992248,0.0041154110921552784,0.011583011583011582,1.420849420849421,3.0327137768998234,"[[38.000003814697266, 5.0], [75.3943862915039, 64.80564880371094], [0.6893800497055054, 0.521049976348877], 19.0]"
fing_x_face,16,0.01,li_V>face_G>face_C>ri_V,4,S3-SPRT,rule,foldA,300,True,0.006359011627906977,0.007751937984496124,0.006674448534913651,0.007722007722007722,1.2432432432432432,2.1300170602496182,"[[4.790200159027989, -3.609656505904322], [4.790200159027989, -3.609656505904322], [4.790200159027989, -3.609656505904322], -3.565745119504716]"
fing_x_face,16,0.01,li_V>face_G>face_C>ri_V,4,S4-Direct,rule,foldA,300,True,0.006298449612403101,0.007751937984496124,0.007317949178414294,0.007722007722007722,1.3822393822393821,2.485379066774416,"[[38.000003814697266, 4.000000476837158], [74.17448425292969, 66.20779418945312], [0.6282300353050232, 0.5309300422668457], 20.0]"
fing_x_face,16,0.01,li_V>face_G>ri_V>face_C,4,LR-P1-N2,GP,foldA,300,True,0.006904069767441861,0.023255813953488372,0.009009009009009009,0.015444015444015444,1.1312741312741312,2.740414833438089,"[[19.000001907348633, 5.000000476837158], [74.22312927246094, 64.84017944335938], [31.000001907348633, 4.000000476837158], 0.6423200368881226]"
fing_x_face,16,0.01,li_V>face_G>ri_V>face_C,4,HYP,GP,foldA,300,False,,,,,,,
fing_x_face,16,0.01,li_V>face_G>ri_V>face_C,4,S1-Marcialis,rule,foldA,300,True,0.00660125968992248,0.007751937984496124,0.0069138906348208675,0.0,1.38996138996139,3.253808625901649,"[[38.000003814697266, 5.0], [75.3943862915039, 64.80564880371094], [38.000003814697266, 4.0], 0.6136299967765808]"
fing_x_face,16,0.01,li_V>face_G>ri_V>face_C,4,S2-Symmetric,rule,foldA,300,True,0.00660125968992248,0.007751937984496124,0.0069138906348208675,0.0,1.38996138996139,3.253808625901649,"[[38.000003814697266, 5.0], [75.3943862915039, 64.80564880371094], [38.000003814697266, 4.0], 0.6136299967765808]"
fing_x_face,16,0.01,li_V>face_G>ri_V>face_C,4,S3-SPRT,rule,foldA,300,True,0.006419573643410853,0.007751937984496124,0.006644518272425249,0.007722007722007722,1.2432432432432432,2.1169225704109427,"[[4.790200159027989, -3.609656505904322], [4.790200159027989, -3.609656505904322], [4.790200159027989, -3.609656505904322], -4.295635173188139]"
fing_x_face,16,0.01,li_V>face_G>ri_V>face_C,4,S4-Direct,rule,foldA,300,True,0.006904069767441861,0.007751937984496124,0.00814103139684535,0.0,1.359073359073359,2.451468079375056,"[[38.000003814697266, 4.000000476837158], [74.17448425292969, 66.20779418945312], [23.000001907348633, 6.000000476837158], 0.6133700013160706]"
fing_x_face,16,0.01,li_V>ri_V>face_C>face_G,4,LR-P1-N2,GP,foldA,300,True,0.006359011627906977,0.031007751937984496,0.007707042590763521,0.015444015444015444,1.162162162162162,2.6427673520696775,"[[19.000001907348633, 5.000000476837158], [28.000001907348633, 4.000000476837158], [0.6429500579833984, 0.5214500427246094], 74.466064453125]"
fing_x_face,16,0.01,li_V>ri_V>face_C>face_G,4,HYP,GP,foldA,300,False,,,,,,,
fing_x_face,16,0.01,li_V>ri_V>face_C>face_G,4,S1-Marcialis,rule,foldA,300,True,0.007146317829457364,0.0,0.012465954326419443,0.003861003861003861,1.4555984555984556,3.1920325641255873,"[[38.000003814697266, 5.0], [38.000003814697266, 4.0], [0.6893800497055054, 0.521049976348877], 73.53582763671875]"
fing_x_face,16,0.01,li_V>ri_V>face_C>face_G,4,S2-Symmetric,rule,foldA,300,True,0.007146317829457364,0.0,0.012465954326419443,0.003861003861003861,1.4555984555984556,3.1920325641255873,"[[38.000003814697266, 5.0], [38.000003814697266, 4.0], [0.6893800497055054, 0.521049976348877], 73.53582763671875]"
fing_x_face,16,0.01,li_V>ri_V>face_C>face_G,4,S3-SPRT,rule,foldA,300,True,0.006540697674418605,0.03875968992248062,0.0043997485857950975,0.015444015444015444,1.250965250965251,2.0644997156625062,"[[4.790200159027989, -3.609656505904322], [4.790200159027989, -3.609656505904322], [4.790200159027989, -3.609656505904322], -5.274855970926621]"
fing_x_face,16,0.01,li_V>ri_V>face_C>face_G,4,S4-Direct,rule,foldA,300,True,0.007025193798449613,0.0,0.01095447607075514,0.003861003861003861,1.4324324324324325,3.084927119810841,"[[38.000003814697266, 4.000000476837158], [38.000003814697266, 3.000000238418579], [0.6282300353050232, 0.5309300422668457], 73.66829681396484]"
fing_x_face,16,0.01,li_V>ri_V>face_G>face_C,4,LR-P1-N2,GP,foldA,300,True,0.006298449612403101,0.031007751937984496,0.007632216934542516,0.015444015444015444,1.1544401544401544,2.757370327137769,"[[19.000001907348633, 5.000000476837158], [26.000001907348633, 4.000000476837158], [74.60200500488281, 64.84017944335938], 0.6416400671005249]"
fing_x_face,16,0.01,li_V>ri_V>face_G>face_C,4,HYP,GP,foldA,300,False,,,,,,,
fing_x_face,16,0.01,li_V>ri_V>face_G>face_C,4,S1-Marcialis,rule,foldA,300,True,0.00660125968992248,0.007751937984496124,0.006883960372332465,0.0,1.4324324324324325,3.361138547185059,"[[38.000003814697266, 5.0], [38.000003814697266, 4.0], [75.3943862915039, 64.80564880371094], 0.6136299967765808]"
fing_x_face,16,0.01,li_V>ri_V>face_G>face_C,4,S2-Symmetric,rule,foldA,300,True,0.00660125968992248,0.007751937984496124,0.006883960372332465,0.0,1.4324324324324325,3.361138547185059,"[[38.000003814697266, 5.0], [38.000003814697266, 4.0], [75.3943862915039, 64.80564880371094], 0.6136299967765808]"
fing_x_face,16,0.01,li_V>ri_V>face_G>face_C,4,S3-SPRT,rule,foldA,300,True,0.00660125968992248,0.03875968992248062,0.00547723803537757,0.019305019305019305,1.247104247104247,2.065966298524438,"[[4.790200159027989, -3.609656505904322], [4.790200159027989, -3.609656505904322], [4.790200159027989, -3.609656505904322], -5.158377181784312]"
fing_x_face,16,0.01,li_V>ri_V>face_G>face_C,4,S4-Direct,rule,foldA,300,True,0.0068435077519379845,0.007751937984496124,0.008919218221543804,0.0,1.4247104247104247,3.058319116458651,"[[38.000003814697266, 4.000000476837158], [38.000003814697266, 3.000000238418579], [74.17448425292969, 66.20779418945312], 0.6157600283622742]"
fing_x_face,16,0.01,ri_V>face_C>face_G>li_V,4,LR-P1-N2,GP,foldA,300,False,,,,,,,
fing_x_face,16,0.01,ri_V>face_C>face_G>li_V,4,HYP,GP,foldA,300,False,,,,,,,
fing_x_face,16,0.01,ri_V>face_C>face_G>li_V,4,S1-Marcialis,rule,foldA,300,True,0.006661821705426356,0.007751937984496124,0.0059561222351920025,0.007722007722007722,1.2586872586872586,3.022342940947592,"[[38.000003814697266, 4.0], [0.6893800497055054, 0.521049976348877], [75.3943862915039, 64.80564880371094], 18.0]"
fing_x_face,16,0.01,ri_V>face_C>face_G>li_V,4,S2-Symmetric,rule,foldA,300,True,0.006661821705426356,0.007751937984496124,0.0059561222351920025,0.007722007722007722,1.2586872586872586,3.022342940947592,"[[38.000003814697266, 4.0], [0.6893800497055054, 0.521049976348877], [75.3943862915039, 64.80564880371094], 18.0]"
fing_x_face,16,0.01,ri_V>face_C>face_G>li_V,4,S3-SPRT,rule,foldA,300,True,0.006480135658914729,0.007751937984496124,0.005791505791505791,0.0,1.16988416988417,1.9125138427464008,"[[4.619726136895084, -3.9374612062777903], [4.619726136895084, -3.9374612062777903], [4.619726136895084, -3.9374612062777903], -3.659200889893027]"
fing_x_face,16,0.01,ri_V>face_C>face_G>li_V,4,S4-Direct,rule,foldA,300,True,0.0068435077519379845,0.0,0.008335578103019964,0.007722007722007722,1.2123552123552124,2.6494418006045914,"[[38.000003814697266, 3.000000238418579], [0.6282300353050232, 0.5309300422668457], [74.17448425292969, 66.20779418945312], 19.0]"
fing_x_face,16,0.01,ri_V>face_C>li_V>face_G,4,LR-P1-N2,GP,foldA,300,False,,,,,,,
fing_x_face,16,0.01,ri_V>face_C>li_V>face_G,4,HYP,GP,foldA,300,False,,,,,,,
fing_x_face,16,0.01,ri_V>face_C>li_V>face_G,4,S1-Marcialis,rule,foldA,300,True,0.007146317829457364,0.0,0.012465954326419443,0.007722007722007722,1.274131274131274,3.0333722426745684,"[[38.000003814697266, 4.0], [0.6893800497055054, 0.521049976348877], [38.000003814697266, 5.0], 73.53582763671875]"
fing_x_face,16,0.01,ri_V>face_C>li_V>face_G,4,S2-Symmetric,rule,foldA,300,True,0.007146317829457364,0.0,0.012465954326419443,0.007722007722007722,1.274131274131274,3.0333722426745684,"[[38.000003814697266, 4.0], [0.6893800497055054, 0.521049976348877], [38.000003814697266, 5.0], 73.53582763671875]"
fing_x_face,16,0.01,ri_V>face_C>li_V>face_G,4,S3-SPRT,rule,foldA,300,True,0.006298449612403101,0.007751937984496124,0.005073179491784143,0.0,1.1737451737451738,1.9050013468618119,"[[4.619726136895084, -3.9374612062777903], [4.619726136895084, -3.9374612062777903], [4.619726136895084, -3.9374612062777903], -4.259112884768828]"
fing_x_face,16,0.01,ri_V>face_C>li_V>face_G,4,S4-Direct,rule,foldA,300,True,0.007025193798449613,0.0,0.010520487264673311,0.007722007722007722,1.2123552123552124,2.6525246176408968,"[[38.000003814697266, 3.000000238418579], [0.6282300353050232, 0.5309300422668457], [21.000001907348633, 6.000000476837158], 73.5622329711914]"
fing_x_face,16,0.01,ri_V>face_G>face_C>li_V,4,LR-P1-N2,GP,foldA,300,False,,,,,,,
fing_x_face,16,0.01,ri_V>face_G>face_C>li_V,4,HYP,GP,foldA,300,False,,,,,,,
fing_x_face,16,0.01,ri_V>face_G>face_C>li_V,4,S1-Marcialis,rule,foldA,300,True,0.006661821705426356,0.007751937984496124,0.005971087366436203,0.007722007722007722,1.223938223938224,3.2207656161144533,"[[38.000003814697266, 4.0], [75.3943862915039, 64.80564880371094], [0.6893800497055054, 0.521049976348877], 18.0]"
fing_x_face,16,0.01,ri_V>face_G>face_C>li_V,4,S2-Symmetric,rule,foldA,300,True,0.006661821705426356,0.007751937984496124,0.005971087366436203,0.007722007722007722,1.223938223938224,3.2207656161144533,"[[38.000003814697266, 4.0], [75.3943862915039, 64.80564880371094], [0.6893800497055054, 0.521049976348877], 18.0]"
fing_x_face,16,0.01,ri_V>face_G>face_C>li_V,4,S3-SPRT,rule,foldA,300,True,0.006480135658914729,0.015503875968992248,0.006390111041273832,0.0,1.1544401544401544,1.9364580527371225,"[[4.619726136895084, -3.9374612062777903], [4.619726136895084, -3.9374612062777903], [4.619726136895084, -3.9374612062777903], -3.7429623539021764]"
fing_x_face,16,0.01,ri_V>face_G>face_C>li_V,4,S4-Direct,rule,foldA,300,True,0.006722383720930232,0.0,0.008530124809194576,0.007722007722007722,1.2007722007722008,2.6227889018586694,"[[38.000003814697266, 3.000000238418579], [74.17448425292969, 66.20779418945312], [0.6282300353050232, 0.5309300422668457], 19.0]"
fing_x_face,16,0.01,ri_V>face_G>li_V>face_C,4,LR-P1-N2,GP,foldA,300,True,0.006722383720930232,0.015503875968992248,0.007258088653437491,0.007722007722007722,1.084942084942085,2.9545359312801174,"[[21.000001907348633, 4.000000476837158], [74.19688415527344, 64.84017944335938], [27.000001907348633, 5.000000476837158], 0.6406400799751282]"
fing_x_face,16,0.01,ri_V>face_G>li_V>face_C,4,HYP,GP,foldA,300,False,,,,,,,
fing_x_face,16,0.01,ri_V>face_G>li_V>face_C,4,S1-Marcialis,rule,foldA,300,True,0.00660125968992248,0.007751937984496124,0.006898925503576667,0.003861003861003861,1.2162162162162162,3.400900900900901,"[[38.000003814697266, 4.0], [75.3943862915039, 64.80564880371094], [38.000003814697266, 5.0], 0.6136299967765808]"
fing_x_face,16,0.01,ri_V>face_G>li_V>face_C,4,S2-Symmetric,rule,foldA,300,True,0.00660125968992248,0.007751937984496124,0.006898925503576667,0.003861003861003861,1.2162162162162162,3.400900900900901,"[[38.000003814697266, 4.0], [75.3943862915039, 64.80564880371094], [38.000003814697266, 5.0], 0.6136299967765808]"
fing_x_face,16,0.01,ri_V>face_G>li_V>face_C,4,S3-SPRT,rule,foldA,300,True,0.006298449612403101,0.015503875968992248,0.006285355122564425,0.003861003861003861,1.1467181467181466,1.9293945107898596,"[[4.619726136895084, -3.9374612062777903], [4.619726136895084, -3.9374612062777903], [4.619726136895084, -3.9374612062777903], -4.184845357282439]"
fing_x_face,16,0.01,ri_V>face_G>li_V>face_C,4,S4-Direct,rule,foldA,300,True,0.007328003875968992,0.0,0.00915866032145102,0.003861003861003861,1.193050193050193,2.6070904791835026,"[[38.000003814697266, 3.000000238418579], [74.17448425292969, 66.20779418945312], [21.000001907348633, 6.000000476837158], 0.6149799823760986]"
fing_x_face,16,0.01,ri_V>li_V>face_C>face_G,4,LR-P1-N2,GP,foldA,300,True,0.006419573643410853,0.031007751937984496,0.006180599203855018,0.011583011583011582,1.1235521235521235,2.7614109125737034,"[[20.000001907348633, 4.000000476837158], [25.000001907348633, 5.000000476837158], [0.6423200368881226, 0.5214500427246094], 74.46504974365234]"
fing_x_face,16,0.01,ri_V>li_V>face_C>face_G,4,HYP,GP,foldA,300,False,,,,,,,
fing_x_face,16,0.01,ri_V>li_V>face_C>face_G,4,S1-Marcialis,rule,foldA,300,True,0.007146317829457364,0.0,0.012465954326419443,0.007722007722007722,1.3166023166023166,3.2728891682380055,"[[38.000003814697266, 4.0], [38.000003814697266, 5.0], [0.6893800497055054, 0.521049976348877], 73.53582763671875]"
fing_x_face,16,0.01,ri_V>li_V>face_C>face_G,4,S2-Symmetric,rule,foldA,300,True,0.007146317829457364,0.0,0.012465954326419443,0.007722007722007722,1.3166023166023166,3.2728891682380055,"[[38.000003814697266, 4.0], [38.000003814697266, 5.0], [0.6893800497055054, 0.521049976348877], 73.53582763671875]"
fing_x_face,16,0.01,ri_V>li_V>face_C>face_G,4,S3-SPRT,rule,foldA,300,True,0.006419573643410853,0.03875968992248062,0.004923528179342133,0.011583011583011582,1.193050193050193,1.9077399658795007,"[[4.619726136895084, -3.9374612062777903], [4.619726136895084, -3.9374612062777903], [4.619726136895084, -3.9374612062777903], -5.135744257210137]"
fing_x_face,16,0.01,ri_V>li_V>face_C>face_G,4,S4-Direct,rule,foldA,300,True,0.007025193798449613,0.0,0.01095447607075514,0.007722007722007722,1.2934362934362935,3.165783723923259,"[[38.000003814697266, 3.000000238418579], [38.000003814697266, 4.000000476837158], [0.6282300353050232, 0.5309300422668457], 73.66829681396484]"
fing_x_face,16,0.01,ri_V>li_V>face_G>face_C,4,LR-P1-N2,GP,foldA,300,True,0.0061167635658914725,0.031007751937984496,0.005986052497680405,0.011583011583011582,1.1158301158301158,2.8767621442040046,"[[20.000001907348633, 4.000000476837158], [25.000001907348633, 5.000000476837158], [74.58032989501953, 64.84017944335938], 0.6413900852203369]"
fing_x_face,16,0.01,ri_V>li_V>face_G>face_C,4,HYP,GP,foldA,300,False,,,,,,,
fing_x_face,16,0.01,ri_V>li_V>face_G>face_C,4,S1-Marcialis,rule,foldA,300,True,0.00660125968992248,0.007751937984496124,0.006883960372332465,0.003861003861003861,1.2934362934362935,3.4419951512974767,"[[38.000003814697266, 4.0], [38.000003814697266, 5.0], [75.3943862915039, 64.80564880371094], 0.6136299967765808]"
fing_x_face,16,0.01,ri_V>li_V>face_G>face_C,4,S2-Symmetric,rule,foldA,300,True,0.00660125968992248,0.007751937984496124,0.006883960372332465,0.003861003861003861,1.2934362934362935,3.4419951512974767,"[[38.000003814697266, 4.0], [38.000003814697266, 5.0], [75.3943862915039, 64.80564880371094], 0.6136299967765808]"
fing_x_face,16,0.01,ri_V>li_V>face_G>face_C,4,S3-SPRT,rule,foldA,300,True,0.006540697674418605,0.03875968992248062,0.00547723803537757,0.015444015444015444,1.1853281853281854,1.9092215138726767,"[[4.619726136895084, -3.9374612062777903], [4.619726136895084, -3.9374612062777903], [4.619726136895084, -3.9374612062777903], -5.013660537690936]"
fing_x_face,16,0.01,ri_V>li_V>face_G>face_C,4,S4-Direct,rule,foldA,300,True,0.0068435077519379845,0.007751937984496124,0.008919218221543804,0.003861003861003861,1.2857142857142858,3.1391757205710693,"[[38.000003814697266, 3.000000238418579], [38.000003814697266, 4.000000476837158], [74.17448425292969, 66.20779418945312], 0.6157600283622742]"
fing_x_face,16,0.01,parallel,4,P0-Parallel,parallel,foldA,300,True,0.006298449612403101,0.0,0.00457933016072551,0.0,4.0,4.0,[7.246866226196289]
fing_x_face,16,0.01,parallel,4,P1-LLR,parallel,foldA,300,True,0.006237887596899225,0.0,0.005791505791505791,0.0,4.0,4.0,[-3.1342880186644253]
fing_x_face,16,0.01,parallel,4,P2-LogReg,parallel,foldA,300,True,0.00660125968992248,0.0,0.00695878602855347,0.003861003861003861,4.0,4.0,[-4.402648339750787]
fing_x_face,16,0.001,face_C,1,LR-P1-N2,GP,foldA,300,True,0.00030281007751937984,0.21705426356589147,0.0001346861811978091,0.23938223938223938,1.0,1.0,[0.6636899709701538]
fing_x_face,16,0.001,face_C,1,HYP,GP,foldA,300,False,,,,,,,
fing_x_face,16,0.001,face_G,1,LR-P1-N2,GP,foldA,300,True,0.0003633720930232558,0.23255813953488372,0.001242105893268684,0.19305019305019305,1.0,1.0,[74.8485336303711]
fing_x_face,16,0.001,face_G,1,HYP,GP,foldA,300,False,,,,,,,
fing_x_face,16,0.001,li_V,1,LR-P1-N2,GP,foldA,300,True,0.0003633720930232558,0.21705426356589147,0.0002544072311514172,0.1776061776061776,1.0,1.0,[27.0]
fing_x_face,16,0.001,li_V,1,HYP,GP,foldA,300,False,,,,,,,
fing_x_face,16,0.001,ri_V,1,LR-P1-N2,GP,foldA,300,True,0.0003633720930232558,0.14728682170542637,7.482565622100506e-05,0.1583011583011583,1.0,1.0,[31.0]
fing_x_face,16,0.001,ri_V,1,HYP,GP,foldA,300,False,,,,,,,
fing_x_face,16,0.001,face_C>face_G,2,LR-P1-N2,GP,foldA,300,True,0.0003633720930232558,0.16279069767441862,0.0006883960372332465,0.16988416988416988,1.2277992277992278,1.3297267367034808,"[[0.6636900305747986, 0.5435200333595276], 75.14895629882812]"
fing_x_face,16,0.001,face_C>face_G,2,HYP,GP,foldA,300,False,,,,,,,
fing_x_face,16,0.001,face_C>face_G,2,S1-Marcialis,rule,foldA,300,True,0.0003633720930232558,0.20930232558139536,0.00118224536829188,0.1776061776061776,1.3552123552123552,1.612268414593996,"[[0.6893800497055054, 0.521049976348877], 74.8485336303711]"
fing_x_face,16,0.001,face_C>face_G,2,S2-Symmetric,rule,foldA,300,True,0.0003633720930232558,0.20930232558139536,0.00118224536829188,0.1776061776061776,1.3552123552123552,1.612268414593996,"[[0.6893800497055054, 0.521049976348877], 74.8485336303711]"
fing_x_face,16,0.001,face_C>face_G,2,S3-SPRT,rule,foldA,300,True,0.0003633720930232558,0.13178294573643412,0.0005686749872796385,0.13513513513513514,1.2702702702702702,1.584942084942085,"[[5.909258792044001, -3.6948986584210486], 6.725836972287403]"
fing_x_face,16,0.001,face_C>face_G,2,S4-Direct,rule,foldA,300,True,0.00030281007751937984,0.17054263565891473,0.00044895393732603036,0.16988416988416988,1.1814671814671815,1.0118074885516746,"[[0.6718100309371948, 0.6072900891304016], 74.83728790283203]"
fing_x_face,16,0.001,face_C>li_V,2,LR-P1-N2,GP,foldA,300,True,0.00030281007751937984,0.031007751937984496,0.00019454670617461315,0.06177606177606178,1.2123552123552124,1.6070006883960373,"[[0.6601600646972656, 0.5214500427246094], 38.000003814697266]"
fing_x_face,16,0.001,face_C>li_V,2,HYP,GP,foldA,300,False,,,,,,,
fing_x_face,16,0.001,face_C>li_V,2,S1-Marcialis,rule,foldA,300,True,0.0004239341085271318,0.03875968992248062,0.00023944209990721618,0.04247104247104247,1.3552123552123552,1.612268414593996,"[[0.6893800497055054, 0.521049976348877], 26.0]"
fing_x_face,16,0.001,face_C>li_V,2,S2-Symmetric,rule,foldA,300,True,0.0004239341085271318,0.03875968992248062,0.00023944209990721618,0.04247104247104247,1.3552123552123552,1.612268414593996,"[[0.6893800497055054, 0.521049976348877], 26.0]"
fing_x_face,16,0.001,face_C>li_V,2,S3-SPRT,rule,foldA,300,False,,,,,,,
fing_x_face,16,0.001,face_C>li_V,2,S4-Direct,rule,foldA,300,False,,,,,,,
fing_x_face,16,0.001,face_C>ri_V,2,LR-P1-N2,GP,foldA,300,True,0.0003633720930232558,0.031007751937984496,0.00020951183741881415,0.04247104247104247,1.2123552123552124,1.6070006883960373,"[[0.6601600646972656, 0.5214500427246094], 34.0]"
fing_x_face,16,0.001,face_C>ri_V,2,HYP,GP,foldA,300,False,,,,,,,
fing_x_face,16,0.001,face_C>ri_V,2,S1-Marcialis,rule,foldA,300,True,0.0003633720930232558,0.031007751937984496,0.00019454670617461315,0.05019305019305019,1.3552123552123552,1.612268414593996,"[[0.6893800497055054, 0.521049976348877], 28.0]"
fing_x_face,16,0.001,face_C>ri_V,2,S2-Symmetric,rule,foldA,300,True,0.0003633720930232558,0.031007751937984496,0.00019454670617461315,0.05019305019305019,1.3552123552123552,1.612268414593996,"[[0.6893800497055054, 0.521049976348877], 28.0]"
fing_x_face,16,0.001,face_C>ri_V,2,S3-SPRT,rule,foldA,300,True,0.0003633720930232558,0.015503875968992248,0.0003591631498608243,0.023166023166023165,1.2702702702702702,1.584942084942085,"[[5.909258792044001, -3.6948986584210486], 2.851549848836811]"
fing_x_face,16,0.001,face_C>ri_V,2,S4-Direct,rule,foldA,300,False,,,,,,,
fing_x_face,16,0.001,face_G>face_C,2,LR-P1-N2,GP,foldA,300,True,0.0003633720930232558,0.16279069767441862,0.0007482565622100506,0.16602316602316602,1.2162162162162162,1.4832689832689834,"[[75.14896392822266, 66.13676452636719], 0.6648300290107727]"
fing_x_face,16,0.001,face_G>face_C,2,HYP,GP,foldA,300,False,,,,,,,
fing_x_face,16,0.001,face_G>face_C,2,S1-Marcialis,rule,foldA,300,True,0.00030281007751937984,0.17054263565891473,0.0005237795935470355,0.16988416988416988,1.2548262548262548,1.826224895992338,"[[75.3943862915039, 64.80564880371094], 0.6636899709701538]"
fing_x_face,16,0.001,face_G>face_C,2,S2-Symmetric,rule,foldA,300,True,0.00030281007751937984,0.17054263565891473,0.0005237795935470355,0.16988416988416988,1.2548262548262548,1.826224895992338,"[[75.3943862915039, 64.80564880371094], 0.6636899709701538]"
fing_x_face,16,0.001,face_G>face_C,2,S3-SPRT,rule,foldA,300,True,0.00030281007751937984,0.16279069767441862,0.0008230822184310556,0.16602316602316602,1.2084942084942085,1.6741941276824999,"[[4.7180806246087, -3.8095578360034077], 8.242115485060275]"
fing_x_face,16,0.001,face_G>face_C,2,S4-Direct,rule,foldA,300,True,0.0003633720930232558,0.17054263565891473,0.0008081170871868546,0.17374517374517376,1.16988416988417,1.1081530035018408,"[[75.07884979248047, 71.89373016357422], 0.67180997133255]"
fing_x_face,16,0.001,face_G>li_V,2,LR-P1-N2,GP,foldA,300,True,0.0003633720930232558,0.046511627906976744,0.001301966418245488,0.02702702702702703,1.196911196911197,1.8195803777199127,"[[74.87910461425781, 64.84017944335938], 29.0]"
fing_x_face,16,0.001,face_G>li_V,2,HYP,GP,foldA,300,False,,,,,,,
fing_x_face,16,0.001,face_G>li_V,2,S1-Marcialis,rule,foldA,300,True,0.00030281007751937984,0.03875968992248062,0.0005986052497680404,0.03474903474903475,1.2548262548262548,1.826224895992338,"[[75.3943862915039, 64.80564880371094], 27.0]"
fing_x_face,16,0.001,face_G>li_V,2,S2-Symmetric,rule,foldA,300,True,0.00030281007751937984,0.03875968992248062,0.0005986052497680404,0.03474903474903475,1.2548262548262548,1.826224895992338,"[[75.3943862915039, 64.80564880371094], 27.0]"
fing_x_face,16,0.001,face_G>li_V,2,S3-SPRT,rule,foldA,300,True,0.0003633720930232558,0.023255813953488372,0.0008230822184310556,0.04247104247104247,1.223938223938224,1.6745233605698722,"[[5.360479655710647, -3.8095578360034077], 2.9961364859163124]"
fing_x_face,16,0.001,face_G>li_V,2,S4-Direct,rule,foldA,300,False,,,,,,,
fing_x_face,16,0.001,face_G>ri_V,2,LR-P1-N2,GP,foldA,300,True,0.0003633720930232558,0.06976744186046512,0.001242105893268684,0.011583011583011582,1.193050193050193,1.81953548232618,"[[74.84854125976562, 64.84017944335938], 38.0]"
fing_x_face,16,0.001,face_G>ri_V,2,HYP,GP,foldA,300,False,,,,,,,
fing_x_face,16,0.001,face_G>ri_V,2,S1-Marcialis,rule,foldA,300,True,0.00030281007751937984,0.031007751937984496,0.00044895393732603036,0.019305019305019305,1.2548262548262548,1.826224895992338,"[[75.3943862915039, 64.80564880371094], 31.0]"
fing_x_face,16,0.001,face_G>ri_V,2,S2-Symmetric,rule,foldA,300,True,0.00030281007751937984,0.031007751937984496,0.00044895393732603036,0.019305019305019305,1.2548262548262548,1.826224895992338,"[[75.3943862915039, 64.80564880371094], 31.0]"
fing_x_face,16,0.001,face_G>ri_V,2,S3-SPRT,rule,foldA,300,True,0.0003633720930232558,0.023255813953488372,0.0006285355122564425,0.023166023166023165,1.223938223938224,1.6745233605698722,"[[5.360479655710647, -3.8095578360034077], 3.2286506287491545]"
fing_x_face,16,0.001,face_G>ri_V,2,S4-Direct,rule,foldA,300,False,,,,,,,
fing_x_face,16,0.001,li_V>face_C,2,LR-P1-N2,GP,foldA,300,True,0.0004239341085271318,0.03875968992248062,0.0003292328873724223,0.04633204633204633,1.2046332046332047,1.7018796204842717,"[[29.000001907348633, 5.000000476837158], 0.6537500023841858]"
fing_x_face,16,0.001,li_V>face_C,2,HYP,GP,foldA,300,False,,,,,,,
fing_x_face,16,0.001,li_V>face_C,2,S1-Marcialis,rule,foldA,300,True,0.0003633720930232558,0.023255813953488372,0.0002693723623956182,0.04633204633204633,1.3166023166023166,1.8632187004280027,"[[38.000003814697266, 5.0], 0.6547499895095825]"
fing_x_face,16,0.001,li_V>face_C,2,S2-Symmetric,rule,foldA,300,True,0.0003633720930232558,0.023255813953488372,0.0002693723623956182,0.04633204633204633,1.3166023166023166,1.8632187004280027,"[[38.000003814697266, 5.0], 0.6547499895095825]"
fing_x_face,16,0.001,li_V>face_C,2,S3-SPRT,rule,foldA,300,True,0.0003633720930232558,0.007751937984496124,0.0004938493310586334,0.03088803088803089,1.2123552123552124,1.9998653138188023,"[[4.869050002971208, -3.609656505904322], 3.097168934825099]"
fing_x_face,16,0.001,li_V>face_C,2,S4-Direct,rule,foldA,300,True,0.0004239341085271318,0.015503875968992248,0.00034419801861662326,0.03474903474903475,1.2162162162162162,1.8631438747717817,"[[29.000001907348633, 4.000000476837158], 0.6547499895095825]"
fing_x_face,16,0.001,li_V>face_G,2,LR-P1-N2,GP,foldA,300,True,0.00024224806201550387,0.05426356589147287,0.0017359552243273173,0.04247104247104247,1.2046332046332047,1.7018796204842717,"[[29.000001907348633, 5.000000476837158], 74.60200500488281]"
fing_x_face,16,0.001,li_V>face_G,2,HYP,GP,foldA,300,False,,,,,,,
fing_x_face,16,0.001,li_V>face_G,2,S1-Marcialis,rule,foldA,300,True,0.0003633720930232558,0.046511627906976744,0.001212175630780282,0.04247104247104247,1.3166023166023166,1.8632187004280027,"[[38.000003814697266, 5.0], 74.83728790283203]"
fing_x_face,16,0.001,li_V>face_G,2,S2-Symmetric,rule,foldA,300,True,0.0003633720930232558,0.046511627906976744,0.001212175630780282,0.04247104247104247,1.3166023166023166,1.8632187004280027,"[[38.000003814697266, 5.0], 74.83728790283203]"
fing_x_face,16,0.001,li_V>face_G,2,S3-SPRT,rule,foldA,300,True,0.0003633720930232558,0.023255813953488372,0.0007482565622100506,0.03088803088803089,1.2123552123552124,1.9998653138188023,"[[4.869050002971208, -3.609656505904322], 2.9961364859163124]"
fing_x_face,16,0.001,li_V>face_G,2,S4-Direct,rule,foldA,300,True,0.0003633720930232558,0.03875968992248062,0.0011972104995360809,0.03088803088803089,1.2162162162162162,1.8631438747717817,"[[29.000001907348633, 4.000000476837158], 74.87909698486328]"
fing_x_face,16,0.001,li_V>ri_V,2,LR-P1-N2,GP,foldA,300,True,0.0003633720930232558,0.10852713178294573,0.00022447696866301518,0.0694980694980695,1.1776061776061777,1.701759899434318,"[[27.000001907348633, 5.000000476837158], 33.0]"
fing_x_face,16,0.001,li_V>ri_V,2,HYP,GP,foldA,300,False,,,,,,,
fing_x_face,16,0.001,li_V>ri_V,2,S1-Marcialis,rule,foldA,300,True,0.0003633720930232558,0.11627906976744186,7.482565622100506e-05,0.0888030888030888,1.3166023166023166,1.8632187004280027,"[[38.000003814697266, 5.0], 31.0]"
fing_x_face,16,0.001,li_V>ri_V,2,S2-Symmetric,rule,foldA,300,True,0.0003633720930232558,0.11627906976744186,7.482565622100506e-05,0.0888030888030888,1.3166023166023166,1.8632187004280027,"[[38.000003814697266, 5.0], 31.0]"
fing_x_face,16,0.001,li_V>ri_V,2,S3-SPRT,rule,foldA,300,True,0.00048449612403100775,0.07751937984496124,0.00034419801861662326,0.05405405405405406,1.1891891891891893,1.9998054532938254,"[[4.59277868642458, -3.609656505904322], 3.3800458353606575]"
fing_x_face,16,0.001,li_V>ri_V,2,S4-Direct,rule,foldA,300,True,0.0003633720930232558,0.10077519379844961,0.00022447696866301518,0.06563706563706563,1.1891891891891893,1.8630241537218282,"[[27.000001907348633, 4.000000476837158], 33.0]"
fing_x_face,16,0.001,ri_V>face_C,2,LR-P1-N2,GP,foldA,300,True,0.0003633720930232558,0.03875968992248062,0.00019454670617461315,0.03861003861003861,1.1583011583011582,1.6466882164556582,"[[34.000003814697266, 5.000000476837158], 0.6601600050926208]"
fing_x_face,16,0.001,ri_V>face_C,2,HYP,GP,foldA,300,False,,,,,,,
fing_x_face,16,0.001,ri_V>face_C,2,S1-Marcialis,rule,foldA,300,True,0.00030281007751937984,0.031007751937984496,0.0001346861811978091,0.04633204633204633,1.1776061776061777,1.9440753045404209,"[[38.000003814697266, 4.0], 0.6636899709701538]"
fing_x_face,16,0.001,ri_V>face_C,2,S2-Symmetric,rule,foldA,300,True,0.00030281007751937984,0.031007751937984496,0.0001346861811978091,0.04633204633204633,1.1776061776061777,1.9440753045404209,"[[38.000003814697266, 4.0], 0.6636899709701538]"
fing_x_face,16,0.001,ri_V>face_C,2,S3-SPRT,rule,foldA,300,True,0.0003633720930232558,0.023255813953488372,0.0003292328873724223,0.019305019305019305,1.138996138996139,1.830190655772051,"[[4.683013094421245, -3.9374612062777903], 3.0742191487248425]"
fing_x_face,16,0.001,ri_V>face_C,2,S4-Direct,rule,foldA,300,True,0.0003633720930232558,0.023255813953488372,7.482565622100506e-05,0.04247104247104247,1.1544401544401544,1.9440453742779324,"[[31.000001907348633, 3.000000238418579], 0.67180997133255]"
fing_x_face,16,0.001,ri_V>face_G,2,LR-P1-N2,GP,foldA,300,True,0.0003633720930232558,0.05426356589147287,0.0016910598305947143,0.015444015444015444,1.1583011583011582,1.6466882164556582,"[[34.000003814697266, 5.000000476837158], 74.60200500488281]"
fing_x_face,16,0.001,ri_V>face_G,2,HYP,GP,foldA,300,False,,,,,,,
fing_x_face,16,0.001,ri_V>face_G,2,S1-Marcialis,rule,foldA,300,True,0.0003633720930232558,0.06976744186046512,0.0011972104995360809,0.019305019305019305,1.1776061776061777,1.9440753045404209,"[[38.000003814697266, 4.0], 74.8485336303711]"
fing_x_face,16,0.001,ri_V>face_G,2,S2-Symmetric,rule,foldA,300,True,0.0003633720930232558,0.06976744186046512,0.0011972104995360809,0.019305019305019305,1.1776061776061777,1.9440753045404209,"[[38.000003814697266, 4.0], 74.8485336303711]"
fing_x_face,16,0.001,ri_V>face_G,2,S3-SPRT,rule,foldA,300,True,0.0004239341085271318,0.031007751937984496,0.0004938493310586334,0.007722007722007722,1.138996138996139,1.830190655772051,"[[4.683013094421245, -3.9374612062777903], 2.9704327278735922]"
fing_x_face,16,0.001,ri_V>face_G,2,S4-Direct,rule,foldA,300,False,,,,,,,
fing_x_face,16,0.001,ri_V>li_V,2,LR-P1-N2,GP,foldA,300,True,0.0003633720930232558,0.09302325581395349,0.00016461644368621114,0.0694980694980695,1.1544401544401544,1.816407769896142,"[[31.000001907348633, 4.000000476837158], 28.0]"
fing_x_face,16,0.001,ri_V>li_V,2,HYP,GP,foldA,300,False,,,,,,,
fing_x_face,16,0.001,ri_V>li_V,2,S1-Marcialis,rule,foldA,300,True,0.0003633720930232558,0.10852713178294573,0.0002544072311514172,0.0694980694980695,1.1776061776061777,1.9440753045404209,"[[38.000003814697266, 4.0], 27.0]"
fing_x_face,16,0.001,ri_V>li_V,2,S2-Symmetric,rule,foldA,300,True,0.0003633720930232558,0.10852713178294573,0.0002544072311514172,0.0694980694980695,1.1776061776061777,1.9440753045404209,"[[38.000003814697266, 4.0], 27.0]"
fing_x_face,16,0.001,ri_V>li_V,2,S3-SPRT,rule,foldA,300,True,0.0004239341085271318,0.08527131782945736,0.00023944209990721618,0.05405405405405406,1.138996138996139,1.830190655772051,"[[4.683013094421245, -3.9374612062777903], 3.3800458353606575]"
fing_x_face,16,0.001,ri_V>li_V,2,S4-Direct,rule,foldA,300,True,0.0004239341085271318,0.10852713178294573,0.0001346861811978091,0.08494208494208494,1.1312741312741312,1.6465684954057047,"[[28.000001907348633, 5.000000476837158], 38.0]"
fing_x_face,16,0.001,face_C>face_G>li_V,3,LR-P1-N2,GP,foldA,300,True,0.0003633720930232558,0.03875968992248062,0.0007332914309658496,0.04247104247104247,1.393822393822394,2.1239861123582053,"[[0.6636900305747986, 0.5214500427246094], [75.14896392822266, 64.84017944335938], 38.000003814697266]"
fing_x_face,16,0.001,face_C>face_G>li_V,3,HYP,GP,foldA,300,False,,,,,,,
fing_x_face,16,0.001,face_C>face_G>li_V,3,S1-Marcialis,rule,foldA,300,True,0.0004239341085271318,0.023255813953488372,0.0005686749872796385,0.02702702702702703,1.5598455598455598,2.1364969620783576,"[[0.6893800497055054, 0.521049976348877], [75.3943862915039, 64.80564880371094], 26.0]"
fing_x_face,16,0.001,face_C>face_G>li_V,3,S2-Symmetric,rule,foldA,300,True,0.0004239341085271318,0.023255813953488372,0.0005686749872796385,0.02702702702702703,1.5598455598455598,2.1364969620783576,"[[0.6893800497055054, 0.521049976348877], [75.3943862915039, 64.80564880371094], 26.0]"
fing_x_face,16,0.001,face_C>face_G>li_V,3,S3-SPRT,rule,foldA,300,False,,,,,,,
fing_x_face,16,0.001,face_C>face_G>li_V,3,S4-Direct,rule,foldA,300,True,0.0003633720930232558,0.015503875968992248,0.0006285355122564425,0.02702702702702703,1.4517374517374517,2.8182335159079344,"[[0.674470067024231, 0.4838000237941742], [75.3943862915039, 63.434513092041016], 27.0]"
fing_x_face,16,0.001,face_C>face_G>ri_V,3,LR-P1-N2,GP,foldA,300,True,0.0003633720930232558,0.046511627906976744,0.0007332914309658496,0.03088803088803089,1.393822393822394,2.1239861123582053,"[[0.6636900305747986, 0.5214500427246094], [75.14896392822266, 64.84017944335938], 38.000003814697266]"
fing_x_face,16,0.001,face_C>face_G>ri_V,3,HYP,GP,foldA,300,False,,,,,,,
fing_x_face,16,0.001,face_C>face_G>ri_V,3,S1-Marcialis,rule,foldA,300,True,0.0004239341085271318,0.015503875968992248,0.0006285355122564425,0.019305019305019305,1.5598455598455598,2.1364969620783576,"[[0.6893800497055054, 0.521049976348877], [75.3943862915039, 64.80564880371094], 27.0]"
fing_x_face,16,0.001,face_C>face_G>ri_V,3,S2-Symmetric,rule,foldA,300,True,0.0004239341085271318,0.015503875968992248,0.0006285355122564425,0.019305019305019305,1.5598455598455598,2.1364969620783576,"[[0.6893800497055054, 0.521049976348877], [75.3943862915039, 64.80564880371094], 27.0]"
fing_x_face,16,0.001,face_C>face_G>ri_V,3,S3-SPRT,rule,foldA,300,False,,,,,,,
fing_x_face,16,0.001,face_C>face_G>ri_V,3,S4-Direct,rule,foldA,300,False,,,,,,,
fing_x_face,16,0.001,face_C>li_V>face_G,3,LR-P1-N2,GP,foldA,300,True,0.0003633720930232558,0.031007751937984496,0.0006285355122564425,0.03474903474903475,1.2625482625482625,1.8457543922660202,"[[0.6601600646972656, 0.5214500427246094], [38.000003814697266, 7.000000476837158], 74.87909698486328]"
fing_x_face,16,0.001,face_C>li_V>face_G,3,HYP,GP,foldA,300,False,,,,,,,
fing_x_face,16,0.001,face_C>li_V>face_G,3,S1-Marcialis,rule,foldA,300,True,0.0003633720930232558,0.031007751937984496,0.001137349974559277,0.04247104247104247,1.4517374517374517,2.144967226362575,"[[0.6893800497055054, 0.521049976348877], [38.000003814697266, 5.0], 74.83728790283203]"
fing_x_face,16,0.001,face_C>li_V>face_G,3,S2-Symmetric,rule,foldA,300,True,0.0003633720930232558,0.031007751937984496,0.001137349974559277,0.04247104247104247,1.4517374517374517,2.144967226362575,"[[0.6893800497055054, 0.521049976348877], [38.000003814697266, 5.0], 74.83728790283203]"
fing_x_face,16,0.001,face_C>li_V>face_G,3,S3-SPRT,rule,foldA,300,True,0.0003633720930232558,0.007751937984496124,0.00043398880608182933,0.019305019305019305,1.3011583011583012,1.6586603214510192,"[[5.909258792044001, -3.6948986584210486], [5.909258792044001, -3.6948986584210486], 4.948052397789796]"
fing_x_face,16,0.001,face_C>li_V>face_G,3,S4-Direct,rule,foldA,300,True,0.00048449612403100775,0.007751937984496124,0.001466582861931699,0.023166023166023165,1.3011583011583012,2.4374307862679956,"[[0.674470067024231, 0.4838000237941742], [27.000001907348633, 6.000000476837158], 74.580322265625]"
fing_x_face,16,0.001,face_C>li_V>ri_V,3,LR-P1-N2,GP,foldA,300,False,,,,,,,
fing_x_face,16,0.001,face_C>li_V>ri_V,3,HYP,GP,foldA,300,False,,,,,,,
fing_x_face,16,0.001,face_C>li_V>ri_V,3,S1-Marcialis,rule,foldA,300,True,0.0003633720930232558,0.023255813953488372,0.00019454670617461315,0.03474903474903475,1.4517374517374517,2.144967226362575,"[[0.6893800497055054, 0.521049976348877], [38.000003814697266, 5.0], 28.0]"
fing_x_face,16,0.001,face_C>li_V>ri_V,3,S2-Symmetric,rule,foldA,300,True,0.0003633720930232558,0.023255813953488372,0.00019454670617461315,0.03474903474903475,1.4517374517374517,2.144967226362575,"[[0.6893800497055054, 0.521049976348877], [38.000003814697266, 5.0], 28.0]"
fing_x_face,16,0.001,face_C>li_V>ri_V,3,S3-SPRT,rule,foldA,300,False,,,,,,,
fing_x_face,16,0.001,face_C>li_V>ri_V,3,S4-Direct,rule,foldA,300,False,,,,,,,
fing_x_face,16,0.001,face_C>ri_V>face_G,3,LR-P1-N2,GP,foldA,300,True,0.0003633720930232558,0.03875968992248062,0.00044895393732603036,0.03088803088803089,1.2548262548262548,1.8143725120469307,"[[0.6601600646972656, 0.5214500427246094], [38.000003814697266, 7.000000476837158], 75.14895629882812]"
fing_x_face,16,0.001,face_C>ri_V>face_G,3,HYP,GP,foldA,300,False,,,,,,,
fing_x_face,16,0.001,face_C>ri_V>face_G,3,S1-Marcialis,rule,foldA,300,True,0.0003633720930232558,0.05426356589147287,0.001137349974559277,0.023166023166023165,1.4131274131274132,2.1932148094938793,"[[0.6893800497055054, 0.521049976348877], [38.000003814697266, 4.0], 74.8485336303711]"
fing_x_face,16,0.001,face_C>ri_V>face_G,3,S2-Symmetric,rule,foldA,300,True,0.0003633720930232558,0.05426356589147287,0.001137349974559277,0.023166023166023165,1.4131274131274132,2.1932148094938793,"[[0.6893800497055054, 0.521049976348877], [38.000003814697266, 4.0], 74.8485336303711]"
fing_x_face,16,0.001,face_C>ri_V>face_G,3,S3-SPRT,rule,foldA,300,True,0.00030281007751937984,0.015503875968992248,0.00047888419981443237,0.011583011583011582,1.2934362934362935,1.639370267277244,"[[5.909258792044001, -3.6948986584210486], [5.909258792044001, -3.6948986584210486], 4.197446436665124]"
fing_x_face,16,0.001,face_C>ri_V>face_G,3,S4-Direct,rule,foldA,300,True,0.0003633720930232558,0.015503875968992248,0.0003741282811050253,0.023166023166023165,1.308880308880309,2.3840351979886862,"[[0.674470067024231, 0.4838000237941742], [31.000001907348633, 6.000000476837158], 75.14895629882812]"
fing_x_face,16,0.001,face_C>ri_V>li_V,3,LR-P1-N2,GP,foldA,300,True,0.00030281007751937984,0.023255813953488372,0.00019454670617461315,0.03474903474903475,1.2548262548262548,2.1072251653647003,"[[0.6601600646972656, 0.5214500427246094], [38.000003814697266, 4.000000476837158], 38.000003814697266]"
fing_x_face,16,0.001,face_C>ri_V>li_V,3,HYP,GP,foldA,300,False,,,,,,,
fing_x_face,16,0.001,face_C>ri_V>li_V,3,S1-Marcialis,rule,foldA,300,True,0.0004239341085271318,0.023255813953488372,0.00022447696866301518,0.02702702702702703,1.4131274131274132,2.1932148094938793,"[[0.6893800497055054, 0.521049976348877], [38.000003814697266, 4.0], 26.0]"
fing_x_face,16,0.001,face_C>ri_V>li_V,3,S2-Symmetric,rule,foldA,300,True,0.0004239341085271318,0.023255813953488372,0.00022447696866301518,0.02702702702702703,1.4131274131274132,2.1932148094938793,"[[0.6893800497055054, 0.521049976348877], [38.000003814697266, 4.0], 26.0]"
fing_x_face,16,0.001,face_C>ri_V>li_V,3,S3-SPRT,rule,foldA,300,False,,,,,,,
fing_x_face,16,0.001,face_C>ri_V>li_V,3,S4-Direct,rule,foldA,300,True,0.0003633720930232558,0.015503875968992248,0.00016461644368621114,0.023166023166023165,1.2702702702702702,2.3838256861512677,"[[0.6648300886154175, 0.4838000237941742], [31.000001907348633, 6.000000476837158], 38.000003814697266]"
fing_x_face,16,0.001,face_G>face_C>li_V,3,LR-P1-N2,GP,foldA,300,True,0.00030281007751937984,0.031007751937984496,0.0006883960372332465,0.03088803088803089,1.4015444015444016,2.3371644069318487,"[[75.14896392822266, 64.84017944335938], [0.6718100309371948, 0.5214500427246094], 29.000001907348633]"
fing_x_face,16,0.001,face_G>face_C>li_V,3,HYP,GP,foldA,300,False,,,,,,,
fing_x_face,16,0.001,face_G>face_C>li_V,3,S1-Marcialis,rule,foldA,300,True,0.0004239341085271318,0.023255813953488372,0.0005836401185238395,0.023166023166023165,1.4594594594594594,2.3504534434766993,"[[75.3943862915039, 64.80564880371094], [0.6893800497055054, 0.521049976348877], 26.0]"
fing_x_face,16,0.001,face_G>face_C>li_V,3,S2-Symmetric,rule,foldA,300,True,0.0004239341085271318,0.023255813953488372,0.0005836401185238395,0.023166023166023165,1.4594594594594594,2.3504534434766993,"[[75.3943862915039, 64.80564880371094], [0.6893800497055054, 0.521049976348877], 26.0]"
fing_x_face,16,0.001,face_G>face_C>li_V,3,S3-SPRT,rule,foldA,300,False,,,,,,,
fing_x_face,16,0.001,face_G>face_C>li_V,3,S4-Direct,rule,foldA,300,False,,,,,,,
fing_x_face,16,0.001,face_G>face_C>ri_V,3,LR-P1-N2,GP,foldA,300,True,0.00030281007751937984,0.031007751937984496,0.0008230822184310556,0.019305019305019305,1.386100386100386,2.336880069438209,"[[75.07884979248047, 64.84017944335938], [0.6718100309371948, 0.5214500427246094], 34.000003814697266]"
fing_x_face,16,0.001,face_G>face_C>ri_V,3,HYP,GP,foldA,300,False,,,,,,,
fing_x_face,16,0.001,face_G>face_C>ri_V,3,S1-Marcialis,rule,foldA,300,True,0.0004239341085271318,0.015503875968992248,0.0006435006435006435,0.015444015444015444,1.4594594594594594,2.3504534434766993,"[[75.3943862915039, 64.80564880371094], [0.6893800497055054, 0.521049976348877], 27.0]"
fing_x_face,16,0.001,face_G>face_C>ri_V,3,S2-Symmetric,rule,foldA,300,True,0.0004239341085271318,0.015503875968992248,0.0006435006435006435,0.015444015444015444,1.4594594594594594,2.3504534434766993,"[[75.3943862915039, 64.80564880371094], [0.6893800497055054, 0.521049976348877], 27.0]"
fing_x_face,16,0.001,face_G>face_C>ri_V,3,S3-SPRT,rule,foldA,300,False,,,,,,,
fing_x_face,16,0.001,face_G>face_C>ri_V,3,S4-Direct,rule,foldA,300,False,,,,,,,
fing_x_face,16,0.001,face_G>li_V>face_C,3,LR-P1-N2,GP,foldA,300,True,0.0004239341085271318,0.03875968992248062,0.00133189668073389,0.03474903474903475,1.2277992277992278,2.038789620184969,"[[74.87910461425781, 64.84017944335938], [38.000003814697266, 8.000000953674316], 0.6537500023841858]"
fing_x_face,16,0.001,face_G>li_V>face_C,3,HYP,GP,foldA,300,False,,,,,,,
fing_x_face,16,0.001,face_G>li_V>face_C,3,S1-Marcialis,rule,foldA,300,True,0.0003633720930232558,0.023255813953488372,0.0006584657747448446,0.03474903474903475,1.3127413127413128,2.539358295172249,"[[75.3943862915039, 64.80564880371094], [38.000003814697266, 5.0], 0.6547499895095825]"
fing_x_face,16,0.001,face_G>li_V>face_C,3,S2-Symmetric,rule,foldA,300,True,0.0003633720930232558,0.023255813953488372,0.0006584657747448446,0.03474903474903475,1.3127413127413128,2.539358295172249,"[[75.3943862915039, 64.80564880371094], [38.000003814697266, 5.0], 0.6547499895095825]"
fing_x_face,16,0.001,face_G>li_V>face_C,3,S3-SPRT,rule,foldA,300,True,0.0003633720930232558,0.007751937984496124,0.0007632216934542516,0.03088803088803089,1.247104247104247,1.782616503546736,"[[5.360479655710647, -3.8095578360034077], [5.360479655710647, -3.8095578360034077], 5.005705661061583]"
fing_x_face,16,0.001,face_G>li_V>face_C,3,S4-Direct,rule,foldA,300,True,0.0004239341085271318,0.015503875968992248,0.0007931519559426536,0.023166023166023165,1.281853281853282,2.4268055430846127,"[[75.3943862915039, 63.434513092041016], [27.000001907348633, 6.000000476837158], 0.6547499895095825]"
fing_x_face,16,0.001,face_G>li_V>ri_V,3,LR-P1-N2,GP,foldA,300,True,0.00030281007751937984,0.03875968992248062,0.001242105893268684,0.007722007722007722,1.2355212355212355,2.3941815569722547,"[[74.84854125976562, 64.84017944335938], [38.000003814697266, 5.000000476837158], 38.000003814697266]"
fing_x_face,16,0.001,face_G>li_V>ri_V,3,HYP,GP,foldA,300,False,,,,,,,
fing_x_face,16,0.001,face_G>li_V>ri_V,3,S1-Marcialis,rule,foldA,300,True,0.00030281007751937984,0.023255813953488372,0.00044895393732603036,0.011583011583011582,1.3127413127413128,2.539358295172249,"[[75.3943862915039, 64.80564880371094], [38.000003814697266, 5.0], 31.0]"
fing_x_face,16,0.001,face_G>li_V>ri_V,3,S2-Symmetric,rule,foldA,300,True,0.00030281007751937984,0.023255813953488372,0.00044895393732603036,0.011583011583011582,1.3127413127413128,2.539358295172249,"[[75.3943862915039, 64.80564880371094], [38.000003814697266, 5.0], 31.0]"
fing_x_face,16,0.001,face_G>li_V>ri_V,3,S3-SPRT,rule,foldA,300,False,,,,,,,
fing_x_face,16,0.001,face_G>li_V>ri_V,3,S4-Direct,rule,foldA,300,False,,,,,,,
fing_x_face,16,0.001,face_G>ri_V>face_C,3,LR-P1-N2,GP,foldA,300,True,0.0003633720930232558,0.03875968992248062,0.001301966418245488,0.015444015444015444,1.2084942084942085,2.009113764927718,"[[74.84854125976562, 64.84017944335938], [38.000003814697266, 8.000000953674316], 0.6537500023841858]"
fing_x_face,16,0.001,face_G>ri_V>face_C,3,HYP,GP,foldA,300,False,,,,,,,
fing_x_face,16,0.001,face_G>ri_V>face_C,3,S1-Marcialis,rule,foldA,300,True,0.00030281007751937984,0.031007751937984496,0.0005237795935470355,0.023166023166023165,1.277992277992278,2.6055939660590823,"[[75.3943862915039, 64.80564880371094], [38.000003814697266, 4.0], 0.6636899709701538]"
fing_x_face,16,0.001,face_G>ri_V>face_C,3,S2-Symmetric,rule,foldA,300,True,0.00030281007751937984,0.031007751937984496,0.0005237795935470355,0.023166023166023165,1.277992277992278,2.6055939660590823,"[[75.3943862915039, 64.80564880371094], [38.000003814697266, 4.0], 0.6636899709701538]"
fing_x_face,16,0.001,face_G>ri_V>face_C,3,S3-SPRT,rule,foldA,300,True,0.00030281007751937984,0.015503875968992248,0.0007781868246984526,0.019305019305019305,1.2316602316602316,1.7519529496273683,"[[5.360479655710647, -3.8095578360034077], [5.360479655710647, -3.8095578360034077], 4.302385685387478]"
fing_x_face,16,0.001,face_G>ri_V>face_C,3,S4-Direct,rule,foldA,300,True,0.0003633720930232558,0.015503875968992248,0.0005537098560354374,0.019305019305019305,1.274131274131274,2.3715243482685344,"[[75.3943862915039, 63.434513092041016], [31.000001907348633, 6.000000476837158], 0.6601600050926208]"
fing_x_face,16,0.001,face_G>ri_V>li_V,3,LR-P1-N2,GP,foldA,300,True,0.00030281007751937984,0.03875968992248062,0.001242105893268684,0.007722007722007722,1.2084942084942085,2.4876537667235343,"[[74.84854125976562, 64.84017944335938], [38.000003814697266, 4.000000476837158], 38.000003814697266]"
fing_x_face,16,0.001,face_G>ri_V>li_V,3,HYP,GP,foldA,300,False,,,,,,,
fing_x_face,16,0.001,face_G>ri_V>li_V,3,S1-Marcialis,rule,foldA,300,True,0.00030281007751937984,0.031007751937984496,0.0005986052497680404,0.007722007722007722,1.277992277992278,2.6055939660590823,"[[75.3943862915039, 64.80564880371094], [38.000003814697266, 4.0], 27.0]"
fing_x_face,16,0.001,face_G>ri_V>li_V,3,S2-Symmetric,rule,foldA,300,True,0.00030281007751937984,0.031007751937984496,0.0005986052497680404,0.007722007722007722,1.277992277992278,2.6055939660590823,"[[75.3943862915039, 64.80564880371094], [38.000003814697266, 4.0], 27.0]"
fing_x_face,16,0.001,face_G>ri_V>li_V,3,S3-SPRT,rule,foldA,300,False,,,,,,,
fing_x_face,16,0.001,face_G>ri_V>li_V,3,S4-Direct,rule,foldA,300,True,0.0004239341085271318,0.023255813953488372,0.0005686749872796385,0.007722007722007722,1.274131274131274,2.3715243482685344,"[[75.3943862915039, 63.434513092041016], [31.000001907348633, 6.000000476837158], 27.0]"
fing_x_face,16,0.001,li_V>face_C>face_G,3,LR-P1-N2,GP,foldA,300,True,0.0003633720930232558,0.031007751937984496,0.0017060249618389154,0.03474903474903475,1.2432432432432432,1.8954835233905,"[[29.000001907348633, 5.000000476837158], [0.6718100309371948, 0.5493600368499756], 74.54354095458984]"
fing_x_face,16,0.001,li_V>face_C>face_G,3,HYP,GP,foldA,300,False,,,,,,,
fing_x_face,16,0.001,li_V>face_C>face_G,3,S1-Marcialis,rule,foldA,300,True,0.0003633720930232558,0.031007751937984496,0.001137349974559277,0.03861003861003861,1.4131274131274132,2.395917512196582,"[[38.000003814697266, 5.0], [0.6893800497055054, 0.521049976348877], 74.83728790283203]"
fing_x_face,16,0.001,li_V>face_C>face_G,3,S2-Symmetric,rule,foldA,300,True,0.0003633720930232558,0.031007751937984496,0.001137349974559277,0.03861003861003861,1.4131274131274132,2.395917512196582,"[[38.000003814697266, 5.0], [0.6893800497055054, 0.521049976348877], 74.83728790283203]"
fing_x_face,16,0.001,li_V>face_C>face_G,3,S3-SPRT,rule,foldA,300,True,0.0004239341085271318,0.0,0.0005237795935470355,0.015444015444015444,1.2548262548262548,2.0762174134267157,"[[4.869050002971208, -3.609656505904322], [4.869050002971208, -3.609656505904322], 5.005705661061583]"
fing_x_face,16,0.001,li_V>face_C>face_G,3,S4-Direct,rule,foldA,300,True,0.0004239341085271318,0.007751937984496124,0.0009727335308730657,0.03474903474903475,1.250965250965251,1.8714046272185807,"[[29.000001907348633, 4.000000476837158], [0.6893800497055054, 0.6111900806427002], 74.18537139892578]"
fing_x_face,16,0.001,li_V>face_C>ri_V,3,LR-P1-N2,GP,foldA,300,True,0.00012112403100775194,0.03875968992248062,0.00017958157493041214,0.03088803088803089,1.2432432432432432,2.13476100685403,"[[29.000001907348633, 5.000000476837158], [0.6648300886154175, 0.5214500427246094], 34.000003814697266]"
fing_x_face,16,0.001,li_V>face_C>ri_V,3,HYP,GP,foldA,300,False,,,,,,,
fing_x_face,16,0.001,li_V>face_C>ri_V,3,S1-Marcialis,rule,foldA,300,True,0.0003633720930232558,0.023255813953488372,0.00019454670617461315,0.03088803088803089,1.4131274131274132,2.395917512196582,"[[38.000003814697266, 5.0], [0.6893800497055054, 0.521049976348877], 28.0]"
fing_x_face,16,0.001,li_V>face_C>ri_V,3,S2-Symmetric,rule,foldA,300,True,0.0003633720930232558,0.023255813953488372,0.00019454670617461315,0.03088803088803089,1.4131274131274132,2.395917512196582,"[[38.000003814697266, 5.0], [0.6893800497055054, 0.521049976348877], 28.0]"
fing_x_face,16,0.001,li_V>face_C>ri_V,3,S3-SPRT,rule,foldA,300,True,0.0003633720930232558,0.007751937984496124,0.0003591631498608243,0.011583011583011582,1.2548262548262548,2.0762174134267157,"[[4.869050002971208, -3.609656505904322], [4.869050002971208, -3.609656505904322], 2.102313419033215]"
fing_x_face,16,0.001,li_V>face_C>ri_V,3,S4-Direct,rule,foldA,300,False,,,,,,,
fing_x_face,16,0.001,li_V>face_G>face_C,3,LR-P1-N2,GP,foldA,300,True,0.0004239341085271318,0.046511627906976744,0.0006734309059890455,0.03474903474903475,1.2432432432432432,1.9524108826434408,"[[29.000001907348633, 5.000000476837158], [75.3191146850586, 66.55158996582031], 0.6547499895095825]"
fing_x_face,16,0.001,li_V>face_G>face_C,3,HYP,GP,foldA,300,False,,,,,,,
fing_x_face,16,0.001,li_V>face_G>face_C,3,S1-Marcialis,rule,foldA,300,True,0.0003633720930232558,0.023255813953488372,0.0006435006435006435,0.03474903474903475,1.3745173745173744,2.5763520996079134,"[[38.000003814697266, 5.0], [75.3943862915039, 64.80564880371094], 0.6547499895095825]"
fing_x_face,16,0.001,li_V>face_G>face_C,3,S2-Symmetric,rule,foldA,300,True,0.0003633720930232558,0.023255813953488372,0.0006435006435006435,0.03474903474903475,1.3745173745173744,2.5763520996079134,"[[38.000003814697266, 5.0], [75.3943862915039, 64.80564880371094], 0.6547499895095825]"
fing_x_face,16,0.001,li_V>face_G>face_C,3,S3-SPRT,rule,foldA,300,True,0.0003633720930232558,0.007751937984496124,0.0005537098560354374,0.015444015444015444,1.247104247104247,2.10330430097872,"[[4.869050002971208, -3.609656505904322], [4.869050002971208, -3.609656505904322], 5.005705661061583]"
fing_x_face,16,0.001,li_V>face_G>face_C,3,S4-Direct,rule,foldA,300,True,0.0004239341085271318,0.023255813953488372,0.001227140762024483,0.02702702702702703,1.247104247104247,2.2604531441740745,"[[29.000001907348633, 4.000000476837158], [74.84854125976562, 66.20779418945312], 0.6893799901008606]"
fing_x_face,16,0.001,li_V>face_G>ri_V,3,LR-P1-N2,GP,foldA,300,True,0.0001816860465116279,0.05426356589147287,0.0006883960372332465,0.023166023166023165,1.22007722007722,2.2768249977552304,"[[28.000001907348633, 5.000000476837158], [75.14896392822266, 64.84017944335938], 38.000003814697266]"
fing_x_face,16,0.001,li_V>face_G>ri_V,3,HYP,GP,foldA,300,False,,,,,,,
fing_x_face,16,0.001,li_V>face_G>ri_V,3,S1-Marcialis,rule,foldA,300,True,0.00030281007751937984,0.023255813953488372,0.00043398880608182933,0.011583011583011582,1.3745173745173744,2.5763520996079134,"[[38.000003814697266, 5.0], [75.3943862915039, 64.80564880371094], 31.0]"
fing_x_face,16,0.001,li_V>face_G>ri_V,3,S2-Symmetric,rule,foldA,300,True,0.00030281007751937984,0.023255813953488372,0.00043398880608182933,0.011583011583011582,1.3745173745173744,2.5763520996079134,"[[38.000003814697266, 5.0], [75.3943862915039, 64.80564880371094], 31.0]"
fing_x_face,16,0.001,li_V>face_G>ri_V,3,S3-SPRT,rule,foldA,300,True,0.0003633720930232558,0.015503875968992248,0.0003741282811050253,0.011583011583011582,1.247104247104247,2.10330430097872,"[[4.869050002971208, -3.609656505904322], [4.869050002971208, -3.609656505904322], 2.4635493672707574]"
fing_x_face,16,0.001,li_V>face_G>ri_V,3,S4-Direct,rule,foldA,300,False,,,,,,,
fing_x_face,16,0.001,li_V>ri_V>face_C,3,LR-P1-N2,GP,foldA,300,True,0.00030281007751937984,0.046511627906976744,0.00028433749363981925,0.03088803088803089,1.2393822393822393,1.9525156385621503,"[[27.000001907348633, 5.000000476837158], [38.000003814697266, 7.000000476837158], 0.6503000855445862]"
fing_x_face,16,0.001,li_V>ri_V>face_C,3,HYP,GP,foldA,300,False,,,,,,,
fing_x_face,16,0.001,li_V>ri_V>face_C,3,S1-Marcialis,rule,foldA,300,True,0.0003633720930232558,0.015503875968992248,0.0002693723623956182,0.023166023166023165,1.416988416988417,2.683682020891323,"[[38.000003814697266, 5.0], [38.000003814697266, 4.0], 0.6547499895095825]"
fing_x_face,16,0.001,li_V>ri_V>face_C,3,S2-Symmetric,rule,foldA,300,True,0.0003633720930232558,0.015503875968992248,0.0002693723623956182,0.023166023166023165,1.416988416988417,2.683682020891323,"[[38.000003814697266, 5.0], [38.000003814697266, 4.0], 0.6547499895095825]"
fing_x_face,16,0.001,li_V>ri_V>face_C,3,S3-SPRT,rule,foldA,300,True,0.0003633720930232558,0.03875968992248062,0.00034419801861662326,0.023166023166023165,1.2548262548262548,2.05656819610308,"[[4.869050002971208, -3.609656505904322], [4.869050002971208, -3.609656505904322], 2.102313419033215]"
fing_x_face,16,0.001,li_V>ri_V>face_C,3,S4-Direct,rule,foldA,300,True,0.0003633720930232558,0.015503875968992248,0.0002693723623956182,0.023166023166023165,1.416988416988417,2.683682020891323,"[[38.000003814697266, 4.000000476837158], [38.000003814697266, 3.000000238418579], 0.6547499895095825]"
fing_x_face,16,0.001,li_V>ri_V>face_G,3,LR-P1-N2,GP,foldA,300,True,0.00024224806201550387,0.06201550387596899,0.0009428032683846638,0.019305019305019305,1.2393822393822393,1.9525156385621503,"[[27.000001907348633, 5.000000476837158], [38.000003814697266, 7.000000476837158], 74.60200500488281]"
fing_x_face,16,0.001,li_V>ri_V>face_G,3,HYP,GP,foldA,300,False,,,,,,,
fing_x_face,16,0.001,li_V>ri_V>face_G,3,S1-Marcialis,rule,foldA,300,True,0.0003633720930232558,0.031007751937984496,0.001167280237047679,0.007722007722007722,1.416988416988417,2.683682020891323,"[[38.000003814697266, 5.0], [38.000003814697266, 4.0], 74.83728790283203]"
fing_x_face,16,0.001,li_V>ri_V>face_G,3,S2-Symmetric,rule,foldA,300,True,0.0003633720930232558,0.031007751937984496,0.001167280237047679,0.007722007722007722,1.416988416988417,2.683682020891323,"[[38.000003814697266, 5.0], [38.000003814697266, 4.0], 74.83728790283203]"
fing_x_face,16,0.001,li_V>ri_V>face_G,3,S3-SPRT,rule,foldA,300,True,0.0003633720930232558,0.03875968992248062,0.00028433749363981925,0.019305019305019305,1.2548262548262548,2.05656819610308,"[[4.869050002971208, -3.609656505904322], [4.869050002971208, -3.609656505904322], 2.5497257201386785]"
fing_x_face,16,0.001,li_V>ri_V>face_G,3,S4-Direct,rule,foldA,300,True,0.0003633720930232558,0.023255813953488372,0.0005986052497680404,0.011583011583011582,1.4054054054054055,2.683652090628835,"[[38.000003814697266, 4.000000476837158], [31.000001907348633, 3.000000238418579], 75.14895629882812]"
fing_x_face,16,0.001,ri_V>face_C>face_G,3,LR-P1-N2,GP,foldA,300,True,0.0003633720930232558,0.031007751937984496,0.0006285355122564425,0.019305019305019305,1.193050193050193,2.0233156744784653,"[[34.000003814697266, 4.000000476837158], [0.6718100309371948, 0.551590085029602], 75.07884216308594]"
fing_x_face,16,0.001,ri_V>face_C>face_G,3,HYP,GP,foldA,300,False,,,,,,,
fing_x_face,16,0.001,ri_V>face_C>face_G,3,S1-Marcialis,rule,foldA,300,True,0.0003633720930232558,0.05426356589147287,0.001137349974559277,0.019305019305019305,1.2355212355212355,2.525021699440304,"[[38.000003814697266, 4.0], [0.6893800497055054, 0.521049976348877], 74.8485336303711]"
fing_x_face,16,0.001,ri_V>face_C>face_G,3,S2-Symmetric,rule,foldA,300,True,0.0003633720930232558,0.05426356589147287,0.001137349974559277,0.019305019305019305,1.2355212355212355,2.525021699440304,"[[38.000003814697266, 4.0], [0.6893800497055054, 0.521049976348877], 74.8485336303711]"
fing_x_face,16,0.001,ri_V>face_C>face_G,3,S3-SPRT,rule,foldA,300,True,0.0004239341085271318,0.015503875968992248,0.0006435006435006435,0.003861003861003861,1.162162162162162,1.8938672892161263,"[[4.683013094421245, -3.9374612062777903], [4.683013094421245, -3.9374612062777903], 3.5482274594229137]"
fing_x_face,16,0.001,ri_V>face_C>face_G,3,S4-Direct,rule,foldA,300,True,0.00048449612403100775,0.015503875968992248,0.0008230822184310556,0.019305019305019305,1.193050193050193,1.9529196971057436,"[[31.000001907348633, 3.000000238418579], [0.6893800497055054, 0.6111900806427002], 74.22122192382812]"
fing_x_face,16,0.001,ri_V>face_C>li_V,3,LR-P1-N2,GP,foldA,300,True,0.00030281007751937984,0.023255813953488372,0.00016461644368621114,0.019305019305019305,1.193050193050193,2.3166921073897817,"[[34.000003814697266, 4.000000476837158], [0.6648300886154175, 0.5214500427246094], 29.000001907348633]"
fing_x_face,16,0.001,ri_V>face_C>li_V,3,HYP,GP,foldA,300,False,,,,,,,
fing_x_face,16,0.001,ri_V>face_C>li_V,3,S1-Marcialis,rule,foldA,300,True,0.0004239341085271318,0.023255813953488372,0.00022447696866301518,0.023166023166023165,1.2355212355212355,2.525021699440304,"[[38.000003814697266, 4.0], [0.6893800497055054, 0.521049976348877], 26.0]"
fing_x_face,16,0.001,ri_V>face_C>li_V,3,S2-Symmetric,rule,foldA,300,True,0.0004239341085271318,0.023255813953488372,0.00022447696866301518,0.023166023166023165,1.2355212355212355,2.525021699440304,"[[38.000003814697266, 4.0], [0.6893800497055054, 0.521049976348877], 26.0]"
fing_x_face,16,0.001,ri_V>face_C>li_V,3,S3-SPRT,rule,foldA,300,True,0.0003633720930232558,0.015503875968992248,0.00020951183741881415,0.011583011583011582,1.162162162162162,1.8938672892161263,"[[4.683013094421245, -3.9374612062777903], [4.683013094421245, -3.9374612062777903], 2.0749730997104394]"
fing_x_face,16,0.001,ri_V>face_C>li_V,3,S4-Direct,rule,foldA,300,False,,,,,,,
fing_x_face,16,0.001,ri_V>face_G>face_C,3,LR-P1-N2,GP,foldA,300,True,0.0003633720930232558,0.03875968992248062,0.0005088144623028344,0.023166023166023165,1.1776061776061777,2.082263326449373,"[[34.000003814697266, 4.000000476837158], [75.3191146850586, 66.66020965576172], 0.6648300290107727]"
fing_x_face,16,0.001,ri_V>face_G>face_C,3,HYP,GP,foldA,300,False,,,,,,,
fing_x_face,16,0.001,ri_V>face_G>face_C,3,S1-Marcialis,rule,foldA,300,True,0.00030281007751937984,0.031007751937984496,0.0004938493310586334,0.02702702702702703,1.2007722007722008,2.7234443746071655,"[[38.000003814697266, 4.0], [75.3943862915039, 64.80564880371094], 0.6636899709701538]"
fing_x_face,16,0.001,ri_V>face_G>face_C,3,S2-Symmetric,rule,foldA,300,True,0.00030281007751937984,0.031007751937984496,0.0004938493310586334,0.02702702702702703,1.2007722007722008,2.7234443746071655,"[[38.000003814697266, 4.0], [75.3943862915039, 64.80564880371094], 0.6636899709701538]"
fing_x_face,16,0.001,ri_V>face_G>face_C,3,S3-SPRT,rule,foldA,300,True,0.0004239341085271318,0.023255813953488372,0.0006734309059890455,0.003861003861003861,1.1467181467181466,1.9140702163957979,"[[4.683013094421245, -3.9374612062777903], [4.683013094421245, -3.9374612062777903], 3.5482274594229137]"
fing_x_face,16,0.001,ri_V>face_G>face_C,3,S4-Direct,rule,foldA,300,False,,,,,,,
fing_x_face,16,0.001,ri_V>face_G>li_V,3,LR-P1-N2,GP,foldA,300,True,0.00024224806201550387,0.03875968992248062,0.0005986052497680404,0.011583011583011582,1.1776061776061777,2.4850797641495315,"[[34.000003814697266, 4.000000476837158], [75.14896392822266, 64.84017944335938], 29.000001907348633]"
fing_x_face,16,0.001,ri_V>face_G>li_V,3,HYP,GP,foldA,300,False,,,,,,,
fing_x_face,16,0.001,ri_V>face_G>li_V,3,S1-Marcialis,rule,foldA,300,True,0.00030281007751937984,0.031007751937984496,0.0005686749872796385,0.011583011583011582,1.2007722007722008,2.7234443746071655,"[[38.000003814697266, 4.0], [75.3943862915039, 64.80564880371094], 27.0]"
fing_x_face,16,0.001,ri_V>face_G>li_V,3,S2-Symmetric,rule,foldA,300,True,0.00030281007751937984,0.031007751937984496,0.0005686749872796385,0.011583011583011582,1.2007722007722008,2.7234443746071655,"[[38.000003814697266, 4.0], [75.3943862915039, 64.80564880371094], 27.0]"
fing_x_face,16,0.001,ri_V>face_G>li_V,3,S3-SPRT,rule,foldA,300,True,0.0003633720930232558,0.023255813953488372,0.0002693723623956182,0.003861003861003861,1.1467181467181466,1.9140702163957979,"[[4.683013094421245, -3.9374612062777903], [4.683013094421245, -3.9374612062777903], 2.463549367270758]"
fing_x_face,16,0.001,ri_V>face_G>li_V,3,S4-Direct,rule,foldA,300,False,,,,,,,
fing_x_face,16,0.001,ri_V>li_V>face_C,3,LR-P1-N2,GP,foldA,300,True,0.0003633720930232558,0.046511627906976744,0.00023944209990721618,0.03474903474903475,1.2277992277992278,2.1440393882254347,"[[31.000001907348633, 4.000000476837158], [38.000003814697266, 7.000000476837158], 0.6503000855445862]"
fing_x_face,16,0.001,ri_V>li_V>face_C,3,HYP,GP,foldA,300,False,,,,,,,
fing_x_face,16,0.001,ri_V>li_V>face_C,3,S1-Marcialis,rule,foldA,300,True,0.0003633720930232558,0.015503875968992248,0.0002693723623956182,0.02702702702702703,1.277992277992278,2.764538625003741,"[[38.000003814697266, 4.0], [38.000003814697266, 5.0], 0.6547499895095825]"
fing_x_face,16,0.001,ri_V>li_V>face_C,3,S2-Symmetric,rule,foldA,300,True,0.0003633720930232558,0.015503875968992248,0.0002693723623956182,0.02702702702702703,1.277992277992278,2.764538625003741,"[[38.000003814697266, 4.0], [38.000003814697266, 5.0], 0.6547499895095825]"
fing_x_face,16,0.001,ri_V>li_V>face_C,3,S3-SPRT,rule,foldA,300,True,0.0004239341085271318,0.03875968992248062,0.0002544072311514172,0.023166023166023165,1.1814671814671815,1.897339199664781,"[[4.683013094421245, -3.9374612062777903], [4.683013094421245, -3.9374612062777903], 2.102313419033215]"
fing_x_face,16,0.001,ri_V>li_V>face_C,3,S4-Direct,rule,foldA,300,True,0.0003633720930232558,0.015503875968992248,0.0002693723623956182,0.02702702702702703,1.277992277992278,2.764538625003741,"[[38.000003814697266, 3.000000238418579], [38.000003814697266, 4.000000476837158], 0.6547499895095825]"
fing_x_face,16,0.001,ri_V>li_V>face_G,3,LR-P1-N2,GP,foldA,300,True,0.00030281007751937984,0.046511627906976744,0.0008979078746520607,0.023166023166023165,1.2277992277992278,2.1440393882254347,"[[31.000001907348633, 4.000000476837158], [38.000003814697266, 7.000000476837158], 74.60200500488281]"
fing_x_face,16,0.001,ri_V>li_V>face_G,3,HYP,GP,foldA,300,False,,,,,,,
fing_x_face,16,0.001,ri_V>li_V>face_G,3,S1-Marcialis,rule,foldA,300,True,0.0003633720930232558,0.031007751937984496,0.001167280237047679,0.011583011583011582,1.277992277992278,2.764538625003741,"[[38.000003814697266, 4.0], [38.000003814697266, 5.0], 74.83728790283203]"
fing_x_face,16,0.001,ri_V>li_V>face_G,3,S2-Symmetric,rule,foldA,300,True,0.0003633720930232558,0.031007751937984496,0.001167280237047679,0.011583011583011582,1.277992277992278,2.764538625003741,"[[38.000003814697266, 4.0], [38.000003814697266, 5.0], 74.83728790283203]"
fing_x_face,16,0.001,ri_V>li_V>face_G,3,S3-SPRT,rule,foldA,300,True,0.0004239341085271318,0.03875968992248062,0.00023944209990721618,0.015444015444015444,1.1814671814671815,1.897339199664781,"[[4.683013094421245, -3.9374612062777903], [4.683013094421245, -3.9374612062777903], 2.5497257201386785]"
fing_x_face,16,0.001,ri_V>li_V>face_G,3,S4-Direct,rule,foldA,300,True,0.0003633720930232558,0.023255813953488372,0.0005986052497680404,0.015444015444015444,1.2432432432432432,2.7644787644787643,"[[31.000001907348633, 3.000000238418579], [38.000003814697266, 4.000000476837158], 75.14895629882812]"
fing_x_face,16,0.001,face_C>face_G>li_V>ri_V,4,LR-P1-N2,GP,foldA,300,False,,,,,,,
fing_x_face,16,0.001,face_C>face_G>li_V>ri_V,4,HYP,GP,foldA,300,False,,,,,,,
fing_x_face,16,0.001,face_C>face_G>li_V>ri_V,4,S1-Marcialis,rule,foldA,300,True,0.0004239341085271318,0.015503875968992248,0.0006285355122564425,0.019305019305019305,1.606177606177606,2.592858639370267,"[[0.6893800497055054, 0.521049976348877], [75.3943862915039, 64.80564880371094], [38.000003814697266, 5.0], 27.0]"
fing_x_face,16,0.001,face_C>face_G>li_V>ri_V,4,S2-Symmetric,rule,foldA,300,True,0.0004239341085271318,0.015503875968992248,0.0006285355122564425,0.019305019305019305,1.606177606177606,2.592858639370267,"[[0.6893800497055054, 0.521049976348877], [75.3943862915039, 64.80564880371094], [38.000003814697266, 5.0], 27.0]"
fing_x_face,16,0.001,face_C>face_G>li_V>ri_V,4,S3-SPRT,rule,foldA,300,False,,,,,,,
fing_x_face,16,0.001,face_C>face_G>li_V>ri_V,4,S4-Direct,rule,foldA,300,False,,,,,,,
fing_x_face,16,0.001,face_C>face_G>ri_V>li_V,4,LR-P1-N2,GP,foldA,300,False,,,,,,,
fing_x_face,16,0.001,face_C>face_G>ri_V>li_V,4,HYP,GP,foldA,300,False,,,,,,,
fing_x_face,16,0.001,face_C>face_G>ri_V>li_V,4,S1-Marcialis,rule,foldA,300,True,0.0004239341085271318,0.015503875968992248,0.0005537098560354374,0.011583011583011582,1.583011583011583,2.6338182035856454,"[[0.6893800497055054, 0.521049976348877], [75.3943862915039, 64.80564880371094], [38.000003814697266, 4.0], 26.0]"
fing_x_face,16,0.001,face_C>face_G>ri_V>li_V,4,S2-Symmetric,rule,foldA,300,True,0.0004239341085271318,0.015503875968992248,0.0005537098560354374,0.011583011583011582,1.583011583011583,2.6338182035856454,"[[0.6893800497055054, 0.521049976348877], [75.3943862915039, 64.80564880371094], [38.000003814697266, 4.0], 26.0]"
fing_x_face,16,0.001,face_C>face_G>ri_V>li_V,4,S3-SPRT,rule,foldA,300,False,,,,,,,
fing_x_face,16,0.001,face_C>face_G>ri_V>li_V,4,S4-Direct,rule,foldA,300,True,0.0004239341085271318,0.015503875968992248,0.0005686749872796385,0.011583011583011582,1.5868725868725868,3.230403160635719,"[[0.6893800497055054, 0.4838000237941742], [75.3943862915039, 63.434513092041016], [31.000001907348633, 6.000000476837158], 27.0]"
fing_x_face,16,0.001,face_C>li_V>face_G>ri_V,4,LR-P1-N2,GP,foldA,300,False,,,,,,,
fing_x_face,16,0.001,face_C>li_V>face_G>ri_V,4,HYP,GP,foldA,300,False,,,,,,,
fing_x_face,16,0.001,face_C>li_V>face_G>ri_V,4,S1-Marcialis,rule,foldA,300,True,0.0004239341085271318,0.015503875968992248,0.0006135703810122415,0.019305019305019305,1.498069498069498,2.601328903654485,"[[0.6893800497055054, 0.521049976348877], [38.000003814697266, 5.0], [75.3943862915039, 64.80564880371094], 27.0]"
fing_x_face,16,0.001,face_C>li_V>face_G>ri_V,4,S2-Symmetric,rule,foldA,300,True,0.0004239341085271318,0.015503875968992248,0.0006135703810122415,0.019305019305019305,1.498069498069498,2.601328903654485,"[[0.6893800497055054, 0.521049976348877], [38.000003814697266, 5.0], [75.3943862915039, 64.80564880371094], 27.0]"
fing_x_face,16,0.001,face_C>li_V>face_G>ri_V,4,S3-SPRT,rule,foldA,300,True,0.0004239341085271318,0.007751937984496124,0.00043398880608182933,0.011583011583011582,1.3127413127413128,1.6823650893418336,"[[5.909258792044001, -3.6948986584210486], [5.909258792044001, -3.6948986584210486], [5.909258792044001, -3.6948986584210486], 2.0788134008882615]"
fing_x_face,16,0.001,face_C>li_V>face_G>ri_V,4,S4-Direct,rule,foldA,300,False,,,,,,,
fing_x_face,16,0.001,face_C>li_V>ri_V>face_G,4,LR-P1-N2,GP,foldA,300,False,,,,,,,
fing_x_face,16,0.001,face_C>li_V>ri_V>face_G,4,HYP,GP,foldA,300,False,,,,,,,
fing_x_face,16,0.001,face_C>li_V>ri_V>face_G,4,S1-Marcialis,rule,foldA,300,True,0.0003633720930232558,0.015503875968992248,0.001092454580826674,0.015444015444015444,1.4903474903474903,2.6533177695968395,"[[0.6893800497055054, 0.521049976348877], [38.000003814697266, 5.0], [38.000003814697266, 4.0], 74.83728790283203]"
fing_x_face,16,0.001,face_C>li_V>ri_V>face_G,4,S2-Symmetric,rule,foldA,300,True,0.0003633720930232558,0.015503875968992248,0.001092454580826674,0.015444015444015444,1.4903474903474903,2.6533177695968395,"[[0.6893800497055054, 0.521049976348877], [38.000003814697266, 5.0], [38.000003814697266, 4.0], 74.83728790283203]"
fing_x_face,16,0.001,face_C>li_V>ri_V>face_G,4,S3-SPRT,rule,foldA,300,True,0.0004239341085271318,0.007751937984496124,0.0004040585435934273,0.007722007722007722,1.3127413127413128,1.6683726916285055,"[[5.909258792044001, -3.6948986584210486], [5.909258792044001, -3.6948986584210486], [5.909258792044001, -3.6948986584210486], 2.0788134008882615]"
fing_x_face,16,0.001,face_C>li_V>ri_V>face_G,4,S4-Direct,rule,foldA,300,True,0.0004239341085271318,0.007751937984496124,0.0005686749872796385,0.011583011583011582,1.420849420849421,2.531785938762683,"[[0.6893800497055054, 0.4838000237941742], [27.000001907348633, 6.000000476837158], [38.000003814697266, 9.000000953674316], 74.45372009277344]"
fing_x_face,16,0.001,face_C>ri_V>face_G>li_V,4,LR-P1-N2,GP,foldA,300,False,,,,,,,
fing_x_face,16,0.001,face_C>ri_V>face_G>li_V,4,HYP,GP,foldA,300,False,,,,,,,
fing_x_face,16,0.001,face_C>ri_V>face_G>li_V,4,S1-Marcialis,rule,foldA,300,True,0.0004239341085271318,0.015503875968992248,0.0005237795935470355,0.011583011583011582,1.4362934362934363,2.690536051001167,"[[0.6893800497055054, 0.521049976348877], [38.000003814697266, 4.0], [75.3943862915039, 64.80564880371094], 26.0]"
fing_x_face,16,0.001,face_C>ri_V>face_G>li_V,4,S2-Symmetric,rule,foldA,300,True,0.0004239341085271318,0.015503875968992248,0.0005237795935470355,0.011583011583011582,1.4362934362934363,2.690536051001167,"[[0.6893800497055054, 0.521049976348877], [38.000003814697266, 4.0], [75.3943862915039, 64.80564880371094], 26.0]"
fing_x_face,16,0.001,face_C>ri_V>face_G>li_V,4,S3-SPRT,rule,foldA,300,True,0.0004239341085271318,0.007751937984496124,0.0004190236748376283,0.007722007722007722,1.305019305019305,1.656714854389273,"[[5.909258792044001, -3.6948986584210486], [5.909258792044001, -3.6948986584210486], [5.909258792044001, -3.6948986584210486], 2.0788134008882615]"
fing_x_face,16,0.001,face_C>ri_V>face_G>li_V,4,S4-Direct,rule,foldA,300,False,,,,,,,
fing_x_face,16,0.001,face_C>ri_V>li_V>face_G,4,LR-P1-N2,GP,foldA,300,False,,,,,,,
fing_x_face,16,0.001,face_C>ri_V>li_V>face_G,4,HYP,GP,foldA,300,False,,,,,,,
fing_x_face,16,0.001,face_C>ri_V>li_V>face_G,4,S1-Marcialis,rule,foldA,300,True,0.0003633720930232558,0.015503875968992248,0.001092454580826674,0.015444015444015444,1.4517374517374517,2.7015653527281436,"[[0.6893800497055054, 0.521049976348877], [38.000003814697266, 4.0], [38.000003814697266, 5.0], 74.83728790283203]"
fing_x_face,16,0.001,face_C>ri_V>li_V>face_G,4,S2-Symmetric,rule,foldA,300,True,0.0003633720930232558,0.015503875968992248,0.001092454580826674,0.015444015444015444,1.4517374517374517,2.7015653527281436,"[[0.6893800497055054, 0.521049976348877], [38.000003814697266, 4.0], [38.000003814697266, 5.0], 74.83728790283203]"
fing_x_face,16,0.001,face_C>ri_V>li_V>face_G,4,S3-SPRT,rule,foldA,300,True,0.0004239341085271318,0.007751937984496124,0.0004040585435934273,0.007722007722007722,1.305019305019305,1.6486785789111371,"[[5.909258792044001, -3.6948986584210486], [5.909258792044001, -3.6948986584210486], [5.909258792044001, -3.6948986584210486], 2.0788134008882615]"
fing_x_face,16,0.001,face_C>ri_V>li_V>face_G,4,S4-Direct,rule,foldA,300,True,0.0004239341085271318,0.007751937984496124,0.0003890934123492263,0.011583011583011582,1.4362934362934363,2.185148603753255,"[[0.6893800497055054, 0.4838000237941742], [38.000003814697266, 9.000000953674316], [27.000001907348633, 6.000000476837158], 74.45372009277344]"
fing_x_face,16,0.001,face_G>face_C>li_V>ri_V,4,LR-P1-N2,GP,foldA,300,True,0.00030281007751937984,0.023255813953488372,0.0008081170871868546,0.019305019305019305,1.416988416988417,2.7051569842267518,"[[75.07884979248047, 64.84017944335938], [0.6718100309371948, 0.5214500427246094], [38.000003814697266, 5.000000476837158], 38.000003814697266]"
fing_x_face,16,0.001,face_G>face_C>li_V>ri_V,4,HYP,GP,foldA,300,False,,,,,,,
fing_x_face,16,0.001,face_G>face_C>li_V>ri_V,4,S1-Marcialis,rule,foldA,300,True,0.0004239341085271318,0.015503875968992248,0.0006435006435006435,0.015444015444015444,1.505791505791506,2.806815120768609,"[[75.3943862915039, 64.80564880371094], [0.6893800497055054, 0.521049976348877], [38.000003814697266, 5.0], 27.0]"
fing_x_face,16,0.001,face_G>face_C>li_V>ri_V,4,S2-Symmetric,rule,foldA,300,True,0.0004239341085271318,0.015503875968992248,0.0006435006435006435,0.015444015444015444,1.505791505791506,2.806815120768609,"[[75.3943862915039, 64.80564880371094], [0.6893800497055054, 0.521049976348877], [38.000003814697266, 5.0], 27.0]"
fing_x_face,16,0.001,face_G>face_C>li_V>ri_V,4,S3-SPRT,rule,foldA,300,False,,,,,,,
fing_x_face,16,0.001,face_G>face_C>li_V>ri_V,4,S4-Direct,rule,foldA,300,False,,,,,,,
fing_x_face,16,0.001,face_G>face_C>ri_V>li_V,4,LR-P1-N2,GP,foldA,300,True,0.00030281007751937984,0.023255813953488372,0.0008081170871868546,0.015444015444015444,1.4054054054054055,2.762667983598216,"[[75.07884979248047, 64.84017944335938], [0.6718100309371948, 0.5214500427246094], [38.000003814697266, 4.000000476837158], 38.000003814697266]"
fing_x_face,16,0.001,face_G>face_C>ri_V>li_V,4,HYP,GP,foldA,300,False,,,,,,,
fing_x_face,16,0.001,face_G>face_C>ri_V>li_V,4,S1-Marcialis,rule,foldA,300,True,0.0004239341085271318,0.015503875968992248,0.0005686749872796385,0.007722007722007722,1.4826254826254825,2.847774684983987,"[[75.3943862915039, 64.80564880371094], [0.6893800497055054, 0.521049976348877], [38.000003814697266, 4.0], 26.0]"
fing_x_face,16,0.001,face_G>face_C>ri_V>li_V,4,S2-Symmetric,rule,foldA,300,True,0.0004239341085271318,0.015503875968992248,0.0005686749872796385,0.007722007722007722,1.4826254826254825,2.847774684983987,"[[75.3943862915039, 64.80564880371094], [0.6893800497055054, 0.521049976348877], [38.000003814697266, 4.0], 26.0]"
fing_x_face,16,0.001,face_G>face_C>ri_V>li_V,4,S3-SPRT,rule,foldA,300,False,,,,,,,
fing_x_face,16,0.001,face_G>face_C>ri_V>li_V,4,S4-Direct,rule,foldA,300,False,,,,,,,
fing_x_face,16,0.001,face_G>li_V>face_C>ri_V,4,LR-P1-N2,GP,foldA,300,True,0.0003633720930232558,0.023255813953488372,0.0013169315494896891,0.011583011583011582,1.2586872586872586,2.762054413217204,"[[74.83729553222656, 64.84017944335938], [38.000003814697266, 5.000000476837158], [0.6893800497055054, 0.5214500427246094], 38.000003814697266]"
fing_x_face,16,0.001,face_G>li_V>face_C>ri_V,4,HYP,GP,foldA,300,False,,,,,,,
fing_x_face,16,0.001,face_G>li_V>face_C>ri_V,4,S1-Marcialis,rule,foldA,300,True,0.0004239341085271318,0.015503875968992248,0.0006435006435006435,0.015444015444015444,1.359073359073359,2.9957199724641583,"[[75.3943862915039, 64.80564880371094], [38.000003814697266, 5.0], [0.6893800497055054, 0.521049976348877], 27.0]"
fing_x_face,16,0.001,face_G>li_V>face_C>ri_V,4,S2-Symmetric,rule,foldA,300,True,0.0004239341085271318,0.015503875968992248,0.0006435006435006435,0.015444015444015444,1.359073359073359,2.9957199724641583,"[[75.3943862915039, 64.80564880371094], [38.000003814697266, 5.0], [0.6893800497055054, 0.521049976348877], 27.0]"
fing_x_face,16,0.001,face_G>li_V>face_C>ri_V,4,S3-SPRT,rule,foldA,300,True,0.00048449612403100775,0.007751937984496124,0.0008679776121636587,0.023166023166023165,1.2548262548262548,1.8123222890664752,"[[5.360479655710647, -3.8095578360034077], [5.360479655710647, -3.8095578360034077], [5.360479655710647, -3.8095578360034077], 2.0788134008882615]"
fing_x_face,16,0.001,face_G>li_V>face_C>ri_V,4,S4-Direct,rule,foldA,300,False,,,,,,,
fing_x_face,16,0.001,face_G>li_V>ri_V>face_C,4,LR-P1-N2,GP,foldA,300,True,0.0003633720930232558,0.023255813953488372,0.00133189668073389,0.007722007722007722,1.2316602316602316,2.464622429738709,"[[74.83729553222656, 64.84017944335938], [38.000003814697266, 5.000000476837158], [38.000003814697266, 10.000000953674316], 0.6537500619888306]"
fing_x_face,16,0.001,face_G>li_V>ri_V>face_C,4,HYP,GP,foldA,300,False,,,,,,,
fing_x_face,16,0.001,face_G>li_V>ri_V>face_C,4,S1-Marcialis,rule,foldA,300,True,0.0003633720930232558,0.015503875968992248,0.0006584657747448446,0.011583011583011582,1.3281853281853282,3.2168148214659844,"[[75.3943862915039, 64.80564880371094], [38.000003814697266, 5.0], [38.000003814697266, 4.0], 0.6547499895095825]"
fing_x_face,16,0.001,face_G>li_V>ri_V>face_C,4,S2-Symmetric,rule,foldA,300,True,0.0003633720930232558,0.015503875968992248,0.0006584657747448446,0.011583011583011582,1.3281853281853282,3.2168148214659844,"[[75.3943862915039, 64.80564880371094], [38.000003814697266, 5.0], [38.000003814697266, 4.0], 0.6547499895095825]"
fing_x_face,16,0.001,face_G>li_V>ri_V>face_C,4,S3-SPRT,rule,foldA,300,True,0.00048449612403100775,0.007751937984496124,0.0008230822184310556,0.023166023166023165,1.247104247104247,1.7977013558408907,"[[5.360479655710647, -3.8095578360034077], [5.360479655710647, -3.8095578360034077], [5.360479655710647, -3.8095578360034077], 1.9842081271595469]"
fing_x_face,16,0.001,face_G>li_V>ri_V>face_C,4,S4-Direct,rule,foldA,300,True,0.0004239341085271318,0.015503875968992248,0.0007332914309658496,0.011583011583011582,1.2895752895752897,2.6823501242105894,"[[75.3943862915039, 63.434513092041016], [27.000001907348633, 6.000000476837158], [31.000001907348633, 6.000000476837158], 0.6537500023841858]"
fing_x_face,16,0.001,face_G>ri_V>face_C>li_V,4,LR-P1-N2,GP,foldA,300,True,0.0003633720930232558,0.023255813953488372,0.001257071024512885,0.011583011583011582,1.22007722007722,2.6783544341683876,"[[74.84854125976562, 64.84017944335938], [38.000003814697266, 4.000000476837158], [0.6893800497055054, 0.5503500699996948], 29.000001907348633]"
fing_x_face,16,0.001,face_G>ri_V>face_C>li_V,4,HYP,GP,foldA,300,False,,,,,,,
fing_x_face,16,0.001,face_G>ri_V>face_C>li_V,4,S1-Marcialis,rule,foldA,300,True,0.0004239341085271318,0.015503875968992248,0.0005686749872796385,0.003861003861003861,1.3011583011583012,3.10291520756637,"[[75.3943862915039, 64.80564880371094], [38.000003814697266, 4.0], [0.6893800497055054, 0.521049976348877], 26.0]"
fing_x_face,16,0.001,face_G>ri_V>face_C>li_V,4,S2-Symmetric,rule,foldA,300,True,0.0004239341085271318,0.015503875968992248,0.0005686749872796385,0.003861003861003861,1.3011583011583012,3.10291520756637,"[[75.3943862915039, 64.80564880371094], [38.000003814697266, 4.0], [0.6893800497055054, 0.521049976348877], 26.0]"
fing_x_face,16,0.001,face_G>ri_V>face_C>li_V,4,S3-SPRT,rule,foldA,300,True,0.00048449612403100775,0.007751937984496124,0.0007632216934542516,0.019305019305019305,1.2393822393822393,1.77411630900003,"[[5.360479655710647, -3.8095578360034077], [5.360479655710647, -3.8095578360034077], [5.360479655710647, -3.8095578360034077], 2.0788134008882615]"
fing_x_face,16,0.001,face_G>ri_V>face_C>li_V,4,S4-Direct,rule,foldA,300,False,,,,,,,
fing_x_face,16,0.001,face_G>ri_V>li_V>face_C,4,LR-P1-N2,GP,foldA,300,True,0.0004239341085271318,0.031007751937984496,0.00133189668073389,0.007722007722007722,1.2007722007722008,2.5795995330879053,"[[74.83729553222656, 64.84017944335938], [38.000003814697266, 4.000000476837158], [38.000003814697266, 10.000000953674316], 0.6601600050926208]"
fing_x_face,16,0.001,face_G>ri_V>li_V>face_C,4,HYP,GP,foldA,300,False,,,,,,,
fing_x_face,16,0.001,face_G>ri_V>li_V>face_C,4,S1-Marcialis,rule,foldA,300,True,0.0003633720930232558,0.015503875968992248,0.0006584657747448446,0.011583011583011582,1.2934362934362935,3.283050492352818,"[[75.3943862915039, 64.80564880371094], [38.000003814697266, 4.0], [38.000003814697266, 5.0], 0.6547499895095825]"
fing_x_face,16,0.001,face_G>ri_V>li_V>face_C,4,S2-Symmetric,rule,foldA,300,True,0.0003633720930232558,0.015503875968992248,0.0006584657747448446,0.011583011583011582,1.2934362934362935,3.283050492352818,"[[75.3943862915039, 64.80564880371094], [38.000003814697266, 4.0], [38.000003814697266, 5.0], 0.6547499895095825]"
fing_x_face,16,0.001,face_G>ri_V>li_V>face_C,4,S3-SPRT,rule,foldA,300,True,0.00048449612403100775,0.007751937984496124,0.0007781868246984526,0.019305019305019305,1.2316602316602316,1.7659603124719403,"[[5.360479655710647, -3.8095578360034077], [5.360479655710647, -3.8095578360034077], [5.360479655710647, -3.8095578360034077], 1.9842081271595469]"
fing_x_face,16,0.001,face_G>ri_V>li_V>face_C,4,S4-Direct,rule,foldA,300,False,,,,,,,
fing_x_face,16,0.001,li_V>face_C>face_G>ri_V,4,LR-P1-N2,GP,foldA,300,True,0.00012112403100775194,0.03875968992248062,0.0004938493310586334,0.02702702702702703,1.2393822393822393,2.50327736374248,"[[28.000001907348633, 5.000000476837158], [0.6718100309371948, 0.5214500427246094], [75.3943862915039, 64.84017944335938], 38.000003814697266]"
fing_x_face,16,0.001,li_V>face_C>face_G>ri_V,4,HYP,GP,foldA,300,False,,,,,,,
fing_x_face,16,0.001,li_V>face_C>face_G>ri_V,4,S1-Marcialis,rule,foldA,300,True,0.0004239341085271318,0.015503875968992248,0.0006135703810122415,0.015444015444015444,1.4594594594594594,2.852279189488492,"[[38.000003814697266, 5.0], [0.6893800497055054, 0.521049976348877], [75.3943862915039, 64.80564880371094], 27.0]"
fing_x_face,16,0.001,li_V>face_C>face_G>ri_V,4,S2-Symmetric,rule,foldA,300,True,0.0004239341085271318,0.015503875968992248,0.0006135703810122415,0.015444015444015444,1.4594594594594594,2.852279189488492,"[[38.000003814697266, 5.0], [0.6893800497055054, 0.521049976348877], [75.3943862915039, 64.80564880371094], 27.0]"
fing_x_face,16,0.001,li_V>face_C>face_G>ri_V,4,S3-SPRT,rule,foldA,300,False,,,,,,,
fing_x_face,16,0.001,li_V>face_C>face_G>ri_V,4,S4-Direct,rule,foldA,300,False,,,,,,,
fing_x_face,16,0.001,li_V>face_C>ri_V>face_G,4,LR-P1-N2,GP,foldA,300,True,0.00024224806201550387,0.031007751937984496,0.0005537098560354374,0.023166023166023165,1.2432432432432432,2.2143006794169584,"[[28.000001907348633, 5.000000476837158], [0.6648300886154175, 0.5214500427246094], [38.000003814697266, 9.000000953674316], 74.60200500488281]"
fing_x_face,16,0.001,li_V>face_C>ri_V>face_G,4,HYP,GP,foldA,300,False,,,,,,,
fing_x_face,16,0.001,li_V>face_C>ri_V>face_G,4,S1-Marcialis,rule,foldA,300,True,0.0003633720930232558,0.015503875968992248,0.001092454580826674,0.011583011583011582,1.4517374517374517,2.904268055430846,"[[38.000003814697266, 5.0], [0.6893800497055054, 0.521049976348877], [38.000003814697266, 4.0], 74.83728790283203]"
fing_x_face,16,0.001,li_V>face_C>ri_V>face_G,4,S2-Symmetric,rule,foldA,300,True,0.0003633720930232558,0.015503875968992248,0.001092454580826674,0.011583011583011582,1.4517374517374517,2.904268055430846,"[[38.000003814697266, 5.0], [0.6893800497055054, 0.521049976348877], [38.000003814697266, 4.0], 74.83728790283203]"
fing_x_face,16,0.001,li_V>face_C>ri_V>face_G,4,S3-SPRT,rule,foldA,300,True,0.0003633720930232558,0.0,0.0004190236748376283,0.003861003861003861,1.2664092664092663,2.0854209691418992,"[[4.869050002971208, -3.609656505904322], [4.869050002971208, -3.609656505904322], [4.869050002971208, -3.609656505904322], 2.8935766733274333]"
fing_x_face,16,0.001,li_V>face_C>ri_V>face_G,4,S4-Direct,rule,foldA,300,True,0.0003633720930232558,0.007751937984496124,0.0006883960372332465,0.023166023166023165,1.4285714285714286,1.9233336326359582,"[[38.000003814697266, 4.000000476837158], [0.6893800497055054, 0.5869700312614441], [31.000001907348633, 6.000000476837158], 74.45372009277344]"
fing_x_face,16,0.001,li_V>face_G>face_C>ri_V,4,LR-P1-N2,GP,foldA,300,True,0.0001816860465116279,0.03875968992248062,0.0005237795935470355,0.023166023166023165,1.2277992277992278,2.6455209362186105,"[[27.000001907348633, 5.000000476837158], [75.3943862915039, 64.84017944335938], [0.6893800497055054, 0.5214500427246094], 38.000003814697266]"
fing_x_face,16,0.001,li_V>face_G>face_C>ri_V,4,HYP,GP,foldA,300,False,,,,,,,
fing_x_face,16,0.001,li_V>face_G>face_C>ri_V,4,S1-Marcialis,rule,foldA,300,True,0.0004239341085271318,0.015503875968992248,0.0006285355122564425,0.015444015444015444,1.420849420849421,3.0327137768998234,"[[38.000003814697266, 5.0], [75.3943862915039, 64.80564880371094], [0.6893800497055054, 0.521049976348877], 27.0]"
fing_x_face,16,0.001,li_V>face_G>face_C>ri_V,4,S2-Symmetric,rule,foldA,300,True,0.0004239341085271318,0.015503875968992248,0.0006285355122564425,0.015444015444015444,1.420849420849421,3.0327137768998234,"[[38.000003814697266, 5.0], [75.3943862915039, 64.80564880371094], [0.6893800497055054, 0.521049976348877], 27.0]"
fing_x_face,16,0.001,li_V>face_G>face_C>ri_V,4,S3-SPRT,rule,foldA,300,False,,,,,,,
fing_x_face,16,0.001,li_V>face_G>face_C>ri_V,4,S4-Direct,rule,foldA,300,False,,,,,,,
fing_x_face,16,0.001,li_V>face_G>ri_V>face_C,4,LR-P1-N2,GP,foldA,300,True,0.00030281007751937984,0.031007751937984496,0.0006135703810122415,0.015444015444015444,1.2162162162162162,2.37891712310317,"[[27.000001907348633, 5.000000476837158], [75.3191146850586, 64.84017944335938], [38.000003814697266, 9.000000953674316], 0.6503000855445862]"
fing_x_face,16,0.001,li_V>face_G>ri_V>face_C,4,HYP,GP,foldA,300,False,,,,,,,
fing_x_face,16,0.001,li_V>face_G>ri_V>face_C,4,S1-Marcialis,rule,foldA,300,True,0.0003633720930232558,0.015503875968992248,0.0006435006435006435,0.011583011583011582,1.38996138996139,3.253808625901649,"[[38.000003814697266, 5.0], [75.3943862915039, 64.80564880371094], [38.000003814697266, 4.0], 0.6547499895095825]"
fing_x_face,16,0.001,li_V>face_G>ri_V>face_C,4,S2-Symmetric,rule,foldA,300,True,0.0003633720930232558,0.015503875968992248,0.0006435006435006435,0.011583011583011582,1.38996138996139,3.253808625901649,"[[38.000003814697266, 5.0], [75.3943862915039, 64.80564880371094], [38.000003814697266, 4.0], 0.6547499895095825]"
fing_x_face,16,0.001,li_V>face_G>ri_V>face_C,4,S3-SPRT,rule,foldA,300,True,0.0004239341085271318,0.007751937984496124,0.0005686749872796385,0.007722007722007722,1.2548262548262548,2.1169973960671635,"[[4.869050002971208, -3.609656505904322], [4.869050002971208, -3.609656505904322], [4.869050002971208, -3.609656505904322], 2.0788134008882615]"
fing_x_face,16,0.001,li_V>face_G>ri_V>face_C,4,S4-Direct,rule,foldA,300,False,,,,,,,
fing_x_face,16,0.001,li_V>ri_V>face_C>face_G,4,LR-P1-N2,GP,foldA,300,True,0.0004239341085271318,0.03875968992248062,0.001272036155757086,0.019305019305019305,1.2625482625482625,2.3640268175151897,"[[27.000001907348633, 5.000000476837158], [38.000003814697266, 4.000000476837158], [0.6893800497055054, 0.5688000321388245], 74.60199737548828]"
fing_x_face,16,0.001,li_V>ri_V>face_C>face_G,4,HYP,GP,foldA,300,False,,,,,,,
fing_x_face,16,0.001,li_V>ri_V>face_C>face_G,4,S1-Marcialis,rule,foldA,300,True,0.0003633720930232558,0.015503875968992248,0.001092454580826674,0.007722007722007722,1.4555984555984556,3.1920325641255873,"[[38.000003814697266, 5.0], [38.000003814697266, 4.0], [0.6893800497055054, 0.521049976348877], 74.83728790283203]"
fing_x_face,16,0.001,li_V>ri_V>face_C>face_G,4,S2-Symmetric,rule,foldA,300,True,0.0003633720930232558,0.015503875968992248,0.001092454580826674,0.007722007722007722,1.4555984555984556,3.1920325641255873,"[[38.000003814697266, 5.0], [38.000003814697266, 4.0], [0.6893800497055054, 0.521049976348877], 74.83728790283203]"
fing_x_face,16,0.001,li_V>ri_V>face_C>face_G,4,S3-SPRT,rule,foldA,300,True,0.0004239341085271318,0.03875968992248062,0.0003890934123492263,0.019305019305019305,1.2625482625482625,2.0644997156625062,"[[4.869050002971208, -3.609656505904322], [4.869050002971208, -3.609656505904322], [4.869050002971208, -3.609656505904322], 2.219670254240224]"
fing_x_face,16,0.001,li_V>ri_V>face_C>face_G,4,S4-Direct,rule,foldA,300,True,0.0004239341085271318,0.007751937984496124,0.0008979078746520607,0.015444015444015444,1.4478764478764479,2.691718296369459,"[[38.000003814697266, 4.000000476837158], [38.000003814697266, 3.000000238418579], [0.6893800497055054, 0.6111900806427002], 74.14317321777344]"
fing_x_face,16,0.001,li_V>ri_V>face_G>face_C,4,LR-P1-N2,GP,foldA,300,True,0.0004239341085271318,0.05426356589147287,0.0007332914309658496,0.015444015444015444,1.250965250965251,2.3876717248810273,"[[27.000001907348633, 5.000000476837158], [38.000003814697266, 4.000000476837158], [75.3943862915039, 71.22867584228516], 0.6547499895095825]"
fing_x_face,16,0.001,li_V>ri_V>face_G>face_C,4,HYP,GP,foldA,300,False,,,,,,,
fing_x_face,16,0.001,li_V>ri_V>face_G>face_C,4,S1-Marcialis,rule,foldA,300,True,0.0003633720930232558,0.015503875968992248,0.0006135703810122415,0.011583011583011582,1.4324324324324325,3.361138547185059,"[[38.000003814697266, 5.0], [38.000003814697266, 4.0], [75.3943862915039, 64.80564880371094], 0.6547499895095825]"
fing_x_face,16,0.001,li_V>ri_V>face_G>face_C,4,S2-Symmetric,rule,foldA,300,True,0.0003633720930232558,0.015503875968992248,0.0006135703810122415,0.011583011583011582,1.4324324324324325,3.361138547185059,"[[38.000003814697266, 5.0], [38.000003814697266, 4.0], [75.3943862915039, 64.80564880371094], 0.6547499895095825]"
fing_x_face,16,0.001,li_V>ri_V>face_G>face_C,4,S3-SPRT,rule,foldA,300,True,0.0004239341085271318,0.03875968992248062,0.0003890934123492263,0.019305019305019305,1.2586872586872586,2.0659812636556825,"[[4.869050002971208, -3.609656505904322], [4.869050002971208, -3.609656505904322], [4.869050002971208, -3.609656505904322], 2.219670254240224]"
fing_x_face,16,0.001,li_V>ri_V>face_G>face_C,4,S4-Direct,rule,foldA,300,True,0.0004239341085271318,0.015503875968992248,0.0011523151058034779,0.007722007722007722,1.4247104247104247,3.061416898626201,"[[38.000003814697266, 4.000000476837158], [38.000003814697266, 3.000000238418579], [74.87910461425781, 66.20779418945312], 0.6648300290107727]"
fing_x_face,16,0.001,ri_V>face_C>face_G>li_V,4,LR-P1-N2,GP,foldA,300,True,0.00024224806201550387,0.023255813953488372,0.0004190236748376283,0.015444015444015444,1.2162162162162162,2.742854149830894,"[[34.000003814697266, 4.000000476837158], [0.6718100309371948, 0.5214500427246094], [75.3191146850586, 64.84017944335938], 38.000003814697266]"
fing_x_face,16,0.001,ri_V>face_C>face_G>li_V,4,HYP,GP,foldA,300,False,,,,,,,
fing_x_face,16,0.001,ri_V>face_C>face_G>li_V,4,S1-Marcialis,rule,foldA,300,True,0.0004239341085271318,0.015503875968992248,0.0005237795935470355,0.007722007722007722,1.2586872586872586,3.022342940947592,"[[38.000003814697266, 4.0], [0.6893800497055054, 0.521049976348877], [75.3943862915039, 64.80564880371094], 26.0]"
fing_x_face,16,0.001,ri_V>face_C>face_G>li_V,4,S2-Symmetric,rule,foldA,300,True,0.0004239341085271318,0.015503875968992248,0.0005237795935470355,0.007722007722007722,1.2586872586872586,3.022342940947592,"[[38.000003814697266, 4.0], [0.6893800497055054, 0.521049976348877], [75.3943862915039, 64.80564880371094], 26.0]"
fing_x_face,16,0.001,ri_V>face_C>face_G>li_V,4,S3-SPRT,rule,foldA,300,True,0.00048449612403100775,0.007751937984496124,0.0004190236748376283,0.003861003861003861,1.16988416988417,1.9125587381401334,"[[4.683013094421245, -3.9374612062777903], [4.683013094421245, -3.9374612062777903], [4.683013094421245, -3.9374612062777903], 2.0788134008882615]"
fing_x_face,16,0.001,ri_V>face_C>face_G>li_V,4,S4-Direct,rule,foldA,300,False,,,,,,,
fing_x_face,16,0.001,ri_V>face_C>li_V>face_G,4,LR-P1-N2,GP,foldA,300,True,0.0003633720930232558,0.023255813953488372,0.0005836401185238395,0.007722007722007722,1.2084942084942085,2.4619137409835083,"[[34.000003814697266, 4.000000476837158], [0.6648300886154175, 0.5214500427246094], [38.000003814697266, 8.000000953674316], 74.73512268066406]"
fing_x_face,16,0.001,ri_V>face_C>li_V>face_G,4,HYP,GP,foldA,300,False,,,,,,,
fing_x_face,16,0.001,ri_V>face_C>li_V>face_G,4,S1-Marcialis,rule,foldA,300,True,0.0003633720930232558,0.015503875968992248,0.001092454580826674,0.011583011583011582,1.274131274131274,3.0333722426745684,"[[38.000003814697266, 4.0], [0.6893800497055054, 0.521049976348877], [38.000003814697266, 5.0], 74.83728790283203]"
fing_x_face,16,0.001,ri_V>face_C>li_V>face_G,4,S2-Symmetric,rule,foldA,300,True,0.0003633720930232558,0.015503875968992248,0.001092454580826674,0.011583011583011582,1.274131274131274,3.0333722426745684,"[[38.000003814697266, 4.0], [0.6893800497055054, 0.521049976348877], [38.000003814697266, 5.0], 74.83728790283203]"
fing_x_face,16,0.001,ri_V>face_C>li_V>face_G,4,S3-SPRT,rule,foldA,300,True,0.00048449612403100775,0.007751937984496124,0.0003890934123492263,0.003861003861003861,1.1737451737451738,1.9050462422555445,"[[4.683013094421245, -3.9374612062777903], [4.683013094421245, -3.9374612062777903], [4.683013094421245, -3.9374612062777903], 2.0788134008882615]"
fing_x_face,16,0.001,ri_V>face_C>li_V>face_G,4,S4-Direct,rule,foldA,300,True,0.0004239341085271318,0.015503875968992248,0.0008380473496752566,0.007722007722007722,1.2393822393822393,2.657463110951483,"[[38.000003814697266, 3.000000238418579], [0.6636900305747986, 0.5309300422668457], [27.000001907348633, 6.000000476837158], 74.87909698486328]"
fing_x_face,16,0.001,ri_V>face_G>face_C>li_V,4,LR-P1-N2,GP,foldA,300,True,0.0001816860465116279,0.023255813953488372,0.0003890934123492263,0.015444015444015444,1.1891891891891893,2.7768998234114513,"[[33.000003814697266, 4.000000476837158], [75.3943862915039, 64.84017944335938], [0.6893800497055054, 0.5372800827026367], 29.000001907348633]"
fing_x_face,16,0.001,ri_V>face_G>face_C>li_V,4,HYP,GP,foldA,300,False,,,,,,,
fing_x_face,16,0.001,ri_V>face_G>face_C>li_V,4,S1-Marcialis,rule,foldA,300,True,0.0004239341085271318,0.015503875968992248,0.0005387447247912364,0.007722007722007722,1.223938223938224,3.2207656161144533,"[[38.000003814697266, 4.0], [75.3943862915039, 64.80564880371094], [0.6893800497055054, 0.521049976348877], 26.0]"
fing_x_face,16,0.001,ri_V>face_G>face_C>li_V,4,S2-Symmetric,rule,foldA,300,True,0.0004239341085271318,0.015503875968992248,0.0005387447247912364,0.007722007722007722,1.223938223938224,3.2207656161144533,"[[38.000003814697266, 4.0], [75.3943862915039, 64.80564880371094], [0.6893800497055054, 0.521049976348877], 26.0]"
fing_x_face,16,0.001,ri_V>face_G>face_C>li_V,4,S3-SPRT,rule,foldA,300,True,0.00048449612403100775,0.015503875968992248,0.00046391906857023134,0.003861003861003861,1.1544401544401544,1.936502948130855,"[[4.683013094421245, -3.9374612062777903], [4.683013094421245, -3.9374612062777903], [4.683013094421245, -3.9374612062777903], 2.0788134008882615]"
fing_x_face,16,0.001,ri_V>face_G>face_C>li_V,4,S4-Direct,rule,foldA,300,False,,,,,,,
fing_x_face,16,0.001,ri_V>face_G>li_V>face_C,4,LR-P1-N2,GP,foldA,300,True,0.0003633720930232558,0.031007751937984496,0.0006584657747448446,0.011583011583011582,1.1814671814671815,2.61808985064799,"[[33.000003814697266, 4.000000476837158], [75.14896392822266, 64.84017944335938], [38.000003814697266, 9.000000953674316], 0.6547499895095825]"
fing_x_face,16,0.001,ri_V>face_G>li_V>face_C,4,HYP,GP,foldA,300,False,,,,,,,
fing_x_face,16,0.001,ri_V>face_G>li_V>face_C,4,S1-Marcialis,rule,foldA,300,True,0.0003633720930232558,0.015503875968992248,0.0006285355122564425,0.015444015444015444,1.2162162162162162,3.400900900900901,"[[38.000003814697266, 4.0], [75.3943862915039, 64.80564880371094], [38.000003814697266, 5.0], 0.6547499895095825]"
fing_x_face,16,0.001,ri_V>face_G>li_V>face_C,4,S2-Symmetric,rule,foldA,300,True,0.0003633720930232558,0.015503875968992248,0.0006285355122564425,0.015444015444015444,1.2162162162162162,3.400900900900901,"[[38.000003814697266, 4.0], [75.3943862915039, 64.80564880371094], [38.000003814697266, 5.0], 0.6547499895095825]"
fing_x_face,16,0.001,ri_V>face_G>li_V>face_C,4,S3-SPRT,rule,foldA,300,True,0.00048449612403100775,0.015503875968992248,0.00046391906857023134,0.003861003861003861,1.1467181467181466,1.9294394061835922,"[[4.683013094421245, -3.9374612062777903], [4.683013094421245, -3.9374612062777903], [4.683013094421245, -3.9374612062777903], 1.9842081271595469]"
fing_x_face,16,0.001,ri_V>face_G>li_V>face_C,4,S4-Direct,rule,foldA,300,True,0.0004239341085271318,0.015503875968992248,0.001272036155757086,0.007722007722007722,1.196911196911197,2.613525485618509,"[[38.000003814697266, 3.000000238418579], [74.87910461425781, 66.20779418945312], [27.000001907348633, 6.000000476837158], 0.6648300290107727]"
fing_x_face,16,0.001,ri_V>li_V>face_C>face_G,4,LR-P1-N2,GP,foldA,300,True,0.00048449612403100775,0.031007751937984496,0.0011523151058034779,0.015444015444015444,1.2664092664092663,2.482730238544192,"[[31.000001907348633, 4.000000476837158], [38.000003814697266, 5.000000476837158], [0.6893800497055054, 0.5676100850105286], 74.580322265625]"
fing_x_face,16,0.001,ri_V>li_V>face_C>face_G,4,HYP,GP,foldA,300,False,,,,,,,
fing_x_face,16,0.001,ri_V>li_V>face_C>face_G,4,S1-Marcialis,rule,foldA,300,True,0.0003633720930232558,0.015503875968992248,0.001092454580826674,0.011583011583011582,1.3166023166023166,3.2728891682380055,"[[38.000003814697266, 4.0], [38.000003814697266, 5.0], [0.6893800497055054, 0.521049976348877], 74.83728790283203]"
fing_x_face,16,0.001,ri_V>li_V>face_C>face_G,4,S2-Symmetric,rule,foldA,300,True,0.0003633720930232558,0.015503875968992248,0.001092454580826674,0.011583011583011582,1.3166023166023166,3.2728891682380055,"[[38.000003814697266, 4.0], [38.000003814697266, 5.0], [0.6893800497055054, 0.521049976348877], 74.83728790283203]"
fing_x_face,16,0.001,ri_V>li_V>face_C>face_G,4,S3-SPRT,rule,foldA,300,True,0.00048449612403100775,0.03875968992248062,0.0003292328873724223,0.015444015444015444,1.193050193050193,1.9077848612732333,"[[4.683013094421245, -3.9374612062777903], [4.683013094421245, -3.9374612062777903], [4.683013094421245, -3.9374612062777903], 2.219670254240224]"
fing_x_face,16,0.001,ri_V>li_V>face_C>face_G,4,S4-Direct,rule,foldA,300,True,0.0004239341085271318,0.007751937984496124,0.0008979078746520607,0.019305019305019305,1.308880308880309,2.772574900481877,"[[38.000003814697266, 3.000000238418579], [38.000003814697266, 4.000000476837158], [0.6893800497055054, 0.6111900806427002], 74.14317321777344]"
fing_x_face,16,0.001,ri_V>li_V>face_G>face_C,4,LR-P1-N2,GP,foldA,300,True,0.0004239341085271318,0.046511627906976744,0.0005686749872796385,0.019305019305019305,1.247104247104247,2.507153332734728,"[[31.000001907348633, 4.000000476837158], [38.000003814697266, 5.000000476837158], [75.3943862915039, 71.07674407958984], 0.6547499895095825]"
fing_x_face,16,0.001,ri_V>li_V>face_G>face_C,4,HYP,GP,foldA,300,False,,,,,,,
fing_x_face,16,0.001,ri_V>li_V>face_G>face_C,4,S1-Marcialis,rule,foldA,300,True,0.0003633720930232558,0.015503875968992248,0.0006135703810122415,0.015444015444015444,1.2934362934362935,3.4419951512974767,"[[38.000003814697266, 4.0], [38.000003814697266, 5.0], [75.3943862915039, 64.80564880371094], 0.6547499895095825]"
fing_x_face,16,0.001,ri_V>li_V>face_G>face_C,4,S2-Symmetric,rule,foldA,300,True,0.0003633720930232558,0.015503875968992248,0.0006135703810122415,0.015444015444015444,1.2934362934362935,3.4419951512974767,"[[38.000003814697266, 4.0], [38.000003814697266, 5.0], [75.3943862915039, 64.80564880371094], 0.6547499895095825]"
fing_x_face,16,0.001,ri_V>li_V>face_G>face_C,4,S3-SPRT,rule,foldA,300,True,0.00048449612403100775,0.03875968992248062,0.00034419801861662326,0.015444015444015444,1.1853281853281854,1.9092664092664093,"[[4.683013094421245, -3.9374612062777903], [4.683013094421245, -3.9374612062777903], [4.683013094421245, -3.9374612062777903], 2.219670254240224]"
fing_x_face,16,0.001,ri_V>li_V>face_G>face_C,4,S4-Direct,rule,foldA,300,True,0.0004239341085271318,0.015503875968992248,0.0011523151058034779,0.011583011583011582,1.2857142857142858,3.142273502738619,"[[38.000003814697266, 3.000000238418579], [38.000003814697266, 4.000000476837158], [74.87910461425781, 66.20779418945312], 0.6648300290107727]"
fing_x_face,16,0.001,parallel,4,P0-Parallel,parallel,foldA,300,True,0.00048449612403100775,0.031007751937984496,0.00017958157493041214,0.015444015444015444,4.0,4.0,[10.939461708068848]
fing_x_face,16,0.001,parallel,4,P1-LLR,parallel,foldA,300,True,0.0004239341085271318,0.007751937984496124,0.0004190236748376283,0.003861003861003861,4.0,4.0,[2.0788134008882615]
fing_x_face,16,0.001,parallel,4,P2-LogReg,parallel,foldA,300,True,0.0003633720930232558,0.0,0.0002544072311514172,0.015444015444015444,4.0,4.0,[1.989793445937437]
