dataset,seed,alpha,order,n_stages,method,kind,calib,B,feasible,far_train,frr_train,far_test,frr_test,stages_gen,stages_imp,thr,far_foldA,frr_foldA,far_foldB,frr_foldB,feasible_foldA,fit_time_full,fit_time_foldA
lfw_x_fing,6,0.01,face_S,1,LR-P1-N2,GP,boot,300,True,0.009432998467563425,0.009523809523809525,0.009648674726147909,0.004761904761904762,1.0,1.0,[0.29628869891166687],,,,,,24.314329862594604,26.663007497787476
lfw_x_fing,6,0.01,face_S,1,HYP,GP,boot,300,True,0.009432998467563425,0.009523809523809525,0.009648674726147909,0.004761904761904762,1.0,1.0,[0.29628869891166687],,,,,,24.314329862594604,26.663007497787476
lfw_x_fing,6,0.01,li_V,1,LR-P1-N2,GP,boot,300,True,0.00813326522504115,0.1130952380952381,0.006491571598842159,0.15119047619047618,1.0,1.0,[19.0],,,,,,24.314329862594604,26.663007497787476
lfw_x_fing,6,0.01,li_V,1,HYP,GP,boot,300,False,,,,,,,,,,,,,24.314329862594604,26.663007497787476
lfw_x_fing,6,0.01,ri_V,1,LR-P1-N2,GP,boot,300,True,0.00730603325954935,0.07738095238095238,0.007174073443441739,0.09166666666666666,1.0,1.0,[19.0],,,,,,24.314329862594604,26.663007497787476
lfw_x_fing,6,0.01,ri_V,1,HYP,GP,boot,300,True,0.00730603325954935,0.07738095238095238,0.007174073443441739,0.09166666666666666,1.0,1.0,[19.0],,,,,,24.314329862594604,26.663007497787476
lfw_x_fing,6,0.01,face_S>li_V,2,LR-P1-N2,GP,boot,300,True,0.008401441625517907,0.0011904761904761906,0.007931778193995119,0.0011904761904761906,1.0047619047619047,1.678209603269198,"[[0.3133141100406647, 0.04602754861116409], 21.0]",,,,,,24.314329862594604,26.663007497787476
lfw_x_fing,6,0.01,face_S>li_V,2,HYP,GP,boot,300,True,0.008218400590271865,0.005952380952380952,0.008119075997502697,0.002380952380952381,1.0023809523809524,1.0393112548952834,"[[0.31768110394477844, 0.23977333307266235], 12.0]",,,,,,24.314329862594604,26.663007497787476
lfw_x_fing,6,0.01,face_S>li_V,2,S1-Marcialis,rule,boot,300,True,0.007779953459333674,0.02738095238095238,0.006366706396503774,0.06785714285714285,1.3607142857142858,1.6848302968386402,"[[0.627197802066803, 0.04580334201455116], 18.0]",,,,,,24.314329862594604,26.663007497787476
lfw_x_fing,6,0.01,face_S>li_V,2,S2-Symmetric,rule,boot,300,True,0.00927266019637891,0.0035714285714285713,0.008776037232533061,0.002380952380952381,1.0035714285714286,1.1078750212838413,"[[0.32001352310180664, 0.19631293416023254], 14.0]",,,,,,24.314329862594604,26.663007497787476
lfw_x_fing,6,0.01,face_S>li_V,2,S3-SPRT,rule,boot,300,True,0.009288268346671208,0.0011904761904761906,0.008551847437425507,0.002380952380952381,1.0214285714285714,1.1842414438957942,"[[4.425077881892881, -4.175579956334139], -3.5269467675608945]",,,,,,24.314329862594604,26.663007497787476
lfw_x_fing,6,0.01,face_S>li_V,2,S4-Direct,rule,boot,300,True,0.007601169192349168,0.0,0.0064858959078267775,0.0011904761904761906,1.0083333333333333,1.7484476985072932,"[[0.3495856523513794, 0.028623051941394806], 19.0]",,,,,,24.314329862594604,26.663007497787476
lfw_x_fing,6,0.01,face_S>ri_V,2,LR-P1-N2,GP,boot,300,True,0.009110903002440548,0.002380952380952381,0.00935921448436347,0.0011904761904761906,1.0047619047619047,1.6781116975991828,"[[0.31286630034446716, 0.04602754861116409], 20.0]",,,,,,24.314329862594604,26.663007497787476
lfw_x_fing,6,0.01,face_S>ri_V,2,HYP,GP,boot,300,True,0.008669618025994665,0.005952380952380952,0.008879618593563766,0.002380952380952381,1.0023809523809524,1.0505377717237074,"[[0.31768110394477844, 0.23012690246105194], 12.0]",,,,,,24.314329862594604,26.663007497787476
lfw_x_fing,6,0.01,face_S>ri_V,2,S1-Marcialis,rule,boot,300,True,0.0069016402747034454,0.02976190476190476,0.006942789034564958,0.025,1.3607142857142858,1.6848302968386402,"[[0.627197802066803, 0.04580334201455116], 18.0]",,,,,,24.314329862594604,26.663007497787476
lfw_x_fing,6,0.01,face_S>ri_V,2,S2-Symmetric,rule,boot,300,True,0.008614280038594699,0.0035714285714285713,0.00882144276065611,0.002380952380952381,1.0035714285714286,1.1078750212838413,"[[0.32001352310180664, 0.19631293416023254], 14.0]",,,,,,24.314329862594604,26.663007497787476
lfw_x_fing,6,0.01,face_S>ri_V,2,S3-SPRT,rule,boot,300,True,0.009301038651455814,0.002380952380952381,0.009607525966286395,0.002380952380952381,1.0214285714285714,1.1842414438957942,"[[4.425077881892881, -4.175579956334139], -3.9065795164461328]",,,,,,24.314329862594604,26.663007497787476
lfw_x_fing,6,0.01,face_S>ri_V,2,S4-Direct,rule,boot,300,True,0.008551847437425507,0.0011904761904761906,0.008581644815256258,0.0,1.0119047619047619,1.7490393892956468,"[[0.36202436685562134, 0.028623051941394806], 18.0]",,,,,,24.314329862594604,26.663007497787476
lfw_x_fing,6,0.01,li_V>face_S,2,LR-P1-N2,GP,boot,300,True,0.007957318803564335,0.0011904761904761906,0.007453601225949259,0.007142857142857143,1.1714285714285715,1.8435027527101424,"[[21.000001907348633, 4.000000476837158], 0.31186962127685547]",,,,,,24.314329862594604,26.663007497787476
lfw_x_fing,6,0.01,li_V>face_S,2,HYP,GP,boot,300,False,,,,,,,,,,,,,24.314329862594604,26.663007497787476
lfw_x_fing,6,0.01,li_V>face_S,2,S1-Marcialis,rule,boot,300,True,0.009417390317271127,0.002380952380952381,0.009696918099778648,0.002380952380952381,1.3964285714285714,1.9591548896078097,"[[45.000003814697266, 4.0], 0.2947810888290405]",,,,,,24.314329862594604,26.663007497787476
lfw_x_fing,6,0.01,li_V>face_S,2,S2-Symmetric,rule,boot,300,True,0.009417390317271127,0.002380952380952381,0.009696918099778648,0.002380952380952381,1.3964285714285714,1.9591548896078097,"[[45.000003814697266, 4.0], 0.2947810888290405]",,,,,,24.314329862594604,26.663007497787476
lfw_x_fing,6,0.01,li_V>face_S,2,S3-SPRT,rule,boot,300,True,0.009160565298825132,0.0,0.008182927521425734,0.0011904761904761906,1.2547619047619047,1.9999006754072308,"[[5.272747214527077, -3.647845877746908], -3.2530707365469986]",,,,,,24.314329862594604,26.663007497787476
lfw_x_fing,6,0.01,li_V>face_S,2,S4-Direct,rule,boot,300,True,0.009337930643055792,0.0011904761904761906,0.0096359044213633,0.008333333333333333,1.2726190476190475,1.8458510698677564,"[[33.000003814697266, 4.000000476837158], 0.29081323742866516]",,,,,,24.314329862594604,26.663007497787476
lfw_x_fing,6,0.01,li_V>ri_V,2,LR-P1-N2,GP,boot,300,True,0.007611101651626086,0.02857142857142857,0.006660423406549747,0.05476190476190476,1.1630952380952382,1.8425577501560815,"[[20.000001907348633, 4.000000476837158], 21.0]",,,,,,24.314329862594604,26.663007497787476
lfw_x_fing,6,0.01,li_V>ri_V,2,HYP,GP,boot,300,False,,,,,,,,,,,,,24.314329862594604,26.663007497787476
lfw_x_fing,6,0.01,li_V>ri_V,2,S1-Marcialis,rule,boot,300,True,0.007196776207503264,0.05357142857142857,0.007049208241103355,0.06666666666666667,1.3964285714285714,1.9591548896078097,"[[45.000003814697266, 4.0], 19.0]",,,,,,24.314329862594604,26.663007497787476
lfw_x_fing,6,0.01,li_V>ri_V,2,S2-Symmetric,rule,boot,300,True,0.007196776207503264,0.05357142857142857,0.007049208241103355,0.06666666666666667,1.3964285714285714,1.9591548896078097,"[[45.000003814697266, 4.0], 19.0]",,,,,,24.314329862594604,26.663007497787476
lfw_x_fing,6,0.01,li_V>ri_V,2,S3-SPRT,rule,boot,300,True,0.008709347863102332,0.02857142857142857,0.007030762245303366,0.06190476190476191,1.151190476190476,1.993508428401158,"[[1.173135847502041, -3.647845877746908], 1.7308440430838445]",,,,,,24.314329862594604,26.663007497787476
lfw_x_fing,6,0.01,li_V>ri_V,2,S4-Direct,rule,boot,300,True,0.008306373801010273,0.02738095238095238,0.007008059481241841,0.05476190476190476,1.1523809523809523,1.8412012600034053,"[[19.000001907348633, 4.000000476837158], 22.0]",,,,,,24.314329862594604,26.663007497787476
lfw_x_fing,6,0.01,ri_V>face_S,2,LR-P1-N2,GP,boot,300,True,0.008632726034394687,0.002380952380952381,0.008663942334979283,0.008333333333333333,1.0928571428571427,1.8089902945683638,"[[20.000001907348633, 4.000000476837158], 0.3111184537410736]",,,,,,24.314329862594604,26.663007497787476
lfw_x_fing,6,0.01,ri_V>face_S,2,HYP,GP,boot,300,True,0.00849083375901016,0.04047619047619048,0.008448266076394801,0.05,1.042857142857143,1.1047576479936432,"[[18.000001907348633, 10.000000953674316], 0.2876501977443695]",,,,,,24.314329862594604,26.663007497787476
lfw_x_fing,6,0.01,ri_V>face_S,2,S1-Marcialis,rule,boot,300,True,0.009410295703501902,0.0011904761904761906,0.009698337022532493,0.0011904761904761906,1.25,1.942506668936943,"[[42.000003814697266, 4.0], 0.29435402154922485]",,,,,,24.314329862594604,26.663007497787476
lfw_x_fing,6,0.01,ri_V>face_S,2,S2-Symmetric,rule,boot,300,True,0.009410295703501902,0.0011904761904761906,0.009698337022532493,0.0011904761904761906,1.25,1.942506668936943,"[[42.000003814697266, 4.0], 0.29435402154922485]",,,,,,24.314329862594604,26.663007497787476
lfw_x_fing,6,0.01,ri_V>face_S,2,S3-SPRT,rule,boot,300,True,0.00918184914013281,0.0011904761904761906,0.00932374141551734,0.0011904761904761906,1.1630952380952382,1.9998694591066462,"[[5.016553508567578, -3.920249916524925], -3.6237976086598933]",,,,,,24.314329862594604,26.663007497787476
lfw_x_fing,6,0.01,ri_V>face_S,2,S4-Direct,rule,boot,300,True,0.009410295703501902,0.0011904761904761906,0.009698337022532493,0.0011904761904761906,1.25,1.942506668936943,"[[42.000003814697266, 3.000000238418579], 0.29435402154922485]",,,,,,24.314329862594604,26.663007497787476
lfw_x_fing,6,0.01,ri_V>li_V,2,LR-P1-N2,GP,boot,300,True,0.007464952607980022,0.02857142857142857,0.006585220500595948,0.05357142857142857,1.0928571428571427,1.8089902945683638,"[[20.000001907348633, 4.000000476837158], 21.0]",,,,,,24.314329862594604,26.663007497787476
lfw_x_fing,6,0.01,ri_V>li_V,2,HYP,GP,boot,300,True,0.00856887451047165,0.06785714285714285,0.008151711220841138,0.07976190476190476,1.0214285714285714,1.0201884329417106,"[[18.000001907348633, 14.000000953674316], 16.0]",,,,,,24.314329862594604,26.663007497787476
lfw_x_fing,6,0.01,ri_V>li_V,2,S1-Marcialis,rule,boot,300,True,0.007960156649072025,0.05714285714285714,0.006328395482149952,0.08452380952380953,1.25,1.942506668936943,"[[42.000003814697266, 4.0], 19.0]",,,,,,24.314329862594604,26.663007497787476
lfw_x_fing,6,0.01,ri_V>li_V,2,S2-Symmetric,rule,boot,300,True,0.007910494352687439,0.03214285714285714,0.007250695272149384,0.05238095238095238,1.0904761904761904,1.807473466144503,"[[19.000001907348633, 5.0], 22.0]",,,,,,24.314329862594604,26.663007497787476
lfw_x_fing,6,0.01,ri_V>li_V,2,S3-SPRT,rule,boot,300,True,0.008585901583517793,0.03214285714285714,0.007193938361995573,0.05119047619047619,1.1630952380952382,1.9998694591066462,"[[5.016553508567578, -3.920249916524925], -0.8033998619475238]",,,,,,24.314329862594604,26.663007497787476
lfw_x_fing,6,0.01,ri_V>li_V,2,S4-Direct,rule,boot,300,True,0.007730291162949089,0.02857142857142857,0.006836369828026562,0.05,1.1,1.9388444293092684,"[[20.000001907348633, 3.000000238418579], 21.0]",,,,,,24.314329862594604,26.663007497787476
lfw_x_fing,6,0.01,face_S>li_V>ri_V,3,LR-P1-N2,GP,boot,300,True,0.009268403428117373,0.0011904761904761906,0.00918184914013281,0.0011904761904761906,1.005952380952381,2.2476828991429705,"[[0.30432936549186707, 0.04602754861116409], [23.000001907348633, 4.000000476837158], 24.0]",,,,,,24.314329862594604,26.663007497787476
lfw_x_fing,6,0.01,face_S>li_V>ri_V,3,HYP,GP,boot,300,True,0.009224416822748169,0.005952380952380952,0.00900448379590215,0.002380952380952381,1.0023809523809524,1.0896390260514217,"[[0.31768110394477844, 0.21794894337654114], [14.000000953674316, 7.000000476837158], 12.0]",,,,,,24.314329862594604,26.663007497787476
lfw_x_fing,6,0.01,face_S>li_V>ri_V,3,S1-Marcialis,rule,boot,300,True,0.0067909642999035135,0.017857142857142856,0.006833531982518871,0.01904761904761905,1.5119047619047619,2.341611328679267,"[[0.627197802066803, 0.04580334201455116], [45.000003814697266, 4.0], 18.0]",,,,,,24.314329862594604,26.663007497787476
lfw_x_fing,6,0.01,face_S>li_V>ri_V,3,S2-Symmetric,rule,boot,300,True,0.009309552187978886,0.0035714285714285713,0.0088242806061638,0.002380952380952381,1.0035714285714286,1.1162438276860207,"[[0.32001352310180664, 0.19631293416023254], [13.000000953674316, 11.0], 22.0]",,,,,,24.314329862594604,26.663007497787476
lfw_x_fing,6,0.01,face_S>li_V>ri_V,3,S3-SPRT,rule,boot,300,True,0.009196038367671263,0.0011904761904761906,0.008506441909302458,0.002380952380952381,1.0273809523809523,1.1986023610874623,"[[4.425077881892881, -4.175579956334139], [4.425077881892881, -4.175579956334139], -6.78867540593349]",,,,,,24.314329862594604,26.663007497787476
lfw_x_fing,6,0.01,face_S>li_V>ri_V,3,S4-Direct,rule,boot,300,True,0.008485158067994778,0.0,0.007455020148703104,0.002380952380952381,1.061904761904762,2.290608150292298,"[[0.46664342284202576, -0.05797175318002701], [21.000001907348633, 7.000000476837158], 18.0]",,,,,,24.314329862594604,26.663007497787476
lfw_x_fing,6,0.01,face_S>ri_V>li_V,3,LR-P1-N2,GP,boot,300,True,0.0092002951359328,0.0011904761904761906,0.009147794994040524,0.0011904761904761906,1.005952380952381,2.225797434587661,"[[0.30592218041419983, 0.04602754861116409], [22.000001907348633, 4.000000476837158], 24.0]",,,,,,24.314329862594604,26.663007497787476
lfw_x_fing,6,0.01,face_S>ri_V>li_V,3,HYP,GP,boot,300,True,0.008841307679209943,0.005952380952380952,0.008724956013394632,0.002380952380952381,1.0023809523809524,1.0913871388841592,"[[0.31768110394477844, 0.212640181183815], [14.000000953674316, 8.000000953674316], 12.0]",,,,,,24.314329862594604,26.663007497787476
lfw_x_fing,6,0.01,face_S>ri_V>li_V,3,S1-Marcialis,rule,boot,300,True,0.007623871956410693,0.014285714285714285,0.00619643566604234,0.0380952380952381,1.4464285714285714,2.3306515693285657,"[[0.627197802066803, 0.04580334201455116], [42.000003814697266, 4.0], 18.0]",,,,,,24.314329862594604,26.663007497787476
lfw_x_fing,6,0.01,face_S>ri_V>li_V,3,S2-Symmetric,rule,boot,300,True,0.009235768204778932,0.0035714285714285713,0.009371984789148078,0.002380952380952381,1.0035714285714286,1.1121090867813157,"[[0.32001352310180664, 0.19631293416023254], [13.000000953674316, 12.0], 12.0]",,,,,,24.314329862594604,26.663007497787476
lfw_x_fing,6,0.01,face_S>ri_V>li_V,3,S3-SPRT,rule,boot,300,True,0.009252795277825075,0.002380952380952381,0.009532323060332595,0.002380952380952381,1.0214285714285714,1.1960085702934333,"[[4.425077881892881, -4.175579956334139], [4.425077881892881, -4.175579956334139], -7.1501388450238235]",,,,,,24.314329862594604,26.663007497787476
lfw_x_fing,6,0.01,face_S>ri_V>li_V,3,S4-Direct,rule,boot,300,True,0.007615358419887621,0.0,0.006433395765934502,0.0011904761904761906,1.0702380952380952,2.3967577615074633,"[[0.4909484386444092, -0.05797175318002701], [21.000001907348633, 6.000000476837158], 19.0]",,,,,,24.314329862594604,26.663007497787476
lfw_x_fing,6,0.01,li_V>face_S>ri_V,3,LR-P1-N2,GP,boot,300,True,0.008814348146886884,0.0011904761904761906,0.007640899029456837,0.007142857142857143,1.1535714285714285,2.4147085532663604,"[[19.000001907348633, 4.000000476837158], [0.34117838740348816, 0.04602754861116409], 23.0]",,,,,,24.314329862594604,26.663007497787476
lfw_x_fing,6,0.01,li_V>face_S>ri_V,3,HYP,GP,boot,300,False,,,,,,,,,,,,,24.314329862594604,26.663007497787476
lfw_x_fing,6,0.01,li_V>face_S>ri_V,3,S1-Marcialis,rule,boot,300,True,0.0067909642999035135,0.017857142857142856,0.006833531982518871,0.01904761904761905,1.5476190476190477,2.6159359214484366,"[[45.000003814697266, 4.0], [0.627197802066803, 0.04580334201455116], 18.0]",,,,,,24.314329862594604,26.663007497787476
lfw_x_fing,6,0.01,li_V>face_S>ri_V,3,S2-Symmetric,rule,boot,300,True,0.0067909642999035135,0.017857142857142856,0.006833531982518871,0.01904761904761905,1.5476190476190477,2.6159359214484366,"[[45.000003814697266, 4.0], [0.627197802066803, 0.04580334201455116], 18.0]",,,,,,24.314329862594604,26.663007497787476
lfw_x_fing,6,0.01,li_V>face_S>ri_V,3,S3-SPRT,rule,boot,300,True,0.009117997616209773,0.0,0.008151711220841138,0.0011904761904761906,1.2619047619047619,2.01113286792667,"[[5.272747214527077, -3.647845877746908], [5.272747214527077, -3.647845877746908], -6.629596912891941]",,,,,,24.314329862594604,26.663007497787476
lfw_x_fing,6,0.01,li_V>face_S>ri_V,3,S4-Direct,rule,boot,300,True,0.007462114762472331,0.0011904761904761906,0.00765792610250298,0.005952380952380952,1.3928571428571428,2.268735456041773,"[[45.000003814697266, 4.000000476837158], [0.32849860191345215, 0.08780266344547272], 18.0]",,,,,,24.314329862594604,26.663007497787476
lfw_x_fing,6,0.01,li_V>ri_V>face_S,3,LR-P1-N2,GP,boot,300,True,0.008776037232533061,0.002380952380952381,0.007140019297349452,0.009523809523809525,1.2011904761904761,2.5325954935013337,"[[18.000001907348633, 4.000000476837158], [27.000001907348633, 4.000000476837158], 0.38228172063827515]",,,,,,24.314329862594604,26.663007497787476
lfw_x_fing,6,0.01,li_V>ri_V>face_S,3,HYP,GP,boot,300,False,,,,,,,,,,,,,24.314329862594604,26.663007497787476
lfw_x_fing,6,0.01,li_V>ri_V>face_S,3,S1-Marcialis,rule,boot,300,True,0.009398944321471139,0.0,0.009729553323117089,0.0011904761904761906,1.5571428571428572,2.8658607185424825,"[[45.000003814697266, 4.0], [42.000003814697266, 4.0], 0.2929057478904724]",,,,,,24.314329862594604,26.663007497787476
lfw_x_fing,6,0.01,li_V>ri_V>face_S,3,S2-Symmetric,rule,boot,300,True,0.009398944321471139,0.0,0.009729553323117089,0.0011904761904761906,1.5571428571428572,2.8658607185424825,"[[45.000003814697266, 4.0], [42.000003814697266, 4.0], 0.2929057478904724]",,,,,,24.314329862594604,26.663007497787476
lfw_x_fing,6,0.01,li_V>ri_V>face_S,3,S3-SPRT,rule,boot,300,True,0.008700834326579261,0.013095238095238096,0.007662182870764515,0.02738095238095238,1.3261904761904761,2.060295703501901,"[[5.272747214527077, -3.647845877746908], [5.272747214527077, -3.647845877746908], -5.6616763129006795]",,,,,,24.314329862594604,26.663007497787476
lfw_x_fing,6,0.01,li_V>ri_V>face_S,3,S4-Direct,rule,boot,300,True,0.00932941710653272,0.0011904761904761906,0.009637323344117146,0.007142857142857143,1.3476190476190477,2.648842159032862,"[[29.000001907348633, 4.000000476837158], [42.000003814697266, 3.000000238418579], 0.2895694375038147]",,,,,,24.314329862594604,26.663007497787476
lfw_x_fing,6,0.01,ri_V>face_S>li_V,3,LR-P1-N2,GP,boot,300,True,0.008530563596117827,0.0011904761904761906,0.00821130597650264,0.008333333333333333,1.0916666666666666,2.3580211703274876,"[[19.000001907348633, 4.000000476837158], [0.33724260330200195, 0.04602754861116409], 23.0]",,,,,,24.314329862594604,26.663007497787476
lfw_x_fing,6,0.01,ri_V>face_S>li_V,3,HYP,GP,boot,300,True,0.0085986718883024,0.034523809523809526,0.008411374084794823,0.04404761904761905,1.0488095238095239,1.1589221862761792,"[[18.000001907348633, 9.000000953674316], [0.32304874062538147, 0.24706991016864777], 12.0]",,,,,,24.314329862594604,26.663007497787476
lfw_x_fing,6,0.01,ri_V>face_S>li_V,3,S1-Marcialis,rule,boot,300,True,0.007623871956410693,0.014285714285714285,0.00619643566604234,0.0380952380952381,1.3357142857142856,2.5883279414268685,"[[42.000003814697266, 4.0], [0.627197802066803, 0.04580334201455116], 18.0]",,,,,,24.314329862594604,26.663007497787476
lfw_x_fing,6,0.01,ri_V>face_S>li_V,3,S2-Symmetric,rule,boot,300,True,0.007745899313241387,0.007142857142857143,0.0071258300698109995,0.023809523809523808,1.1154761904761905,2.3608065156932856,"[[19.000001907348633, 5.0], [0.627197802066803, 0.04580334201455116], 21.0]",,,,,,24.314329862594604,26.663007497787476
lfw_x_fing,6,0.01,ri_V>face_S>li_V,3,S3-SPRT,rule,boot,300,True,0.009059821783302117,0.0011904761904761906,0.009196038367671263,0.0011904761904761906,1.1630952380952382,2.0116933424144388,"[[5.016553508567578, -3.920249916524925], [5.016553508567578, -3.920249916524925], -6.7920025536049575]",,,,,,24.314329862594604,26.663007497787476
lfw_x_fing,6,0.01,ri_V>face_S>li_V,3,S4-Direct,rule,boot,300,True,0.00871928032237925,0.0,0.007826777910210568,0.0011904761904761906,1.2511904761904762,2.4138642942278223,"[[42.000003814697266, 3.000000238418579], [0.32849860191345215, 0.08780266344547272], 18.0]",,,,,,24.314329862594604,26.663007497787476
lfw_x_fing,6,0.01,ri_V>li_V>face_S,3,LR-P1-N2,GP,boot,300,True,0.00814177876156422,0.002380952380952381,0.00788921051137976,0.009523809523809525,1.1345238095238095,2.498027697372155,"[[18.000001907348633, 4.000000476837158], [27.000001907348633, 4.000000476837158], 0.3717336356639862]",,,,,,24.314329862594604,26.663007497787476
lfw_x_fing,6,0.01,ri_V>li_V>face_S,3,HYP,GP,boot,300,False,,,,,,,,,,,,,24.314329862594604,26.663007497787476
lfw_x_fing,6,0.01,ri_V>li_V>face_S,3,S1-Marcialis,rule,boot,300,True,0.009398944321471139,0.0,0.009729553323117089,0.0011904761904761906,1.4107142857142858,2.849212497871616,"[[42.000003814697266, 4.0], [45.000003814697266, 4.0], 0.2929057478904724]",,,,,,24.314329862594604,26.663007497787476
lfw_x_fing,6,0.01,ri_V>li_V>face_S,3,S2-Symmetric,rule,boot,300,True,0.009398944321471139,0.0,0.009729553323117089,0.0011904761904761906,1.4107142857142858,2.849212497871616,"[[42.000003814697266, 4.0], [45.000003814697266, 4.0], 0.2929057478904724]",,,,,,24.314329862594604,26.663007497787476
lfw_x_fing,6,0.01,ri_V>li_V>face_S,3,S3-SPRT,rule,boot,300,True,0.00871644247687156,0.013095238095238096,0.007623871956410693,0.02619047619047619,1.225,2.0694449174186955,"[[5.016553508567578, -3.920249916524925], [5.016553508567578, -3.920249916524925], -5.631099237630057]",,,,,,24.314329862594604,26.663007497787476
lfw_x_fing,6,0.01,ri_V>li_V>face_S,3,S4-Direct,rule,boot,300,True,0.009403201089732674,0.0011904761904761906,0.009696918099778648,0.002380952380952381,1.1928571428571428,2.7432785629150347,"[[23.000001907348633, 3.000000238418579], [45.000003814697266, 4.000000476837158], 0.2937290370464325]",,,,,,24.314329862594604,26.663007497787476
lfw_x_fing,6,0.01,parallel,3,P0-Parallel,parallel,boot,300,True,0.008523468982348601,0.004761904761904762,0.00735427663318009,0.007142857142857143,1.0,1.0,[5.515232563018799],,,,,,24.314329862594604,26.663007497787476
lfw_x_fing,6,0.01,parallel,3,P1-LLR,parallel,boot,300,True,0.008871105057040694,0.0,0.007940291730518191,0.0011904761904761906,1.0,1.0,[-5.402296340538482],,,,,,24.314329862594604,26.663007497787476
lfw_x_fing,6,0.01,parallel,3,P2-LogReg,parallel,boot,300,True,0.00938049832567115,0.0,0.009274079119132755,0.0011904761904761906,1.0,1.0,[-7.561776023522722],,,,,,24.314329862594604,26.663007497787476
lfw_x_fing,6,0.001,face_S,1,LR-P1-N2,GP,boot,300,True,0.0008839888756456099,0.014285714285714285,0.0009265565582609683,0.011904761904761904,1.0,1.0,[0.3642924726009369],,,,,,24.314329862594604,26.663007497787476
lfw_x_fing,6,0.001,face_S,1,HYP,GP,boot,300,True,0.0008839888756456099,0.014285714285714285,0.0009265565582609683,0.011904761904761904,1.0,1.0,[0.3642924726009369],,,,,,24.314329862594604,26.663007497787476
lfw_x_fing,6,0.001,li_V,1,LR-P1-N2,GP,boot,300,True,0.0007562858277995346,0.1738095238095238,0.0005718258697996481,0.20357142857142857,1.0,1.0,[26.0],,,,,,24.314329862594604,26.663007497787476
lfw_x_fing,6,0.001,li_V,1,HYP,GP,boot,300,False,,,,,,,,,,,,,24.314329862594604,26.663007497787476
lfw_x_fing,6,0.001,ri_V,1,LR-P1-N2,GP,boot,300,True,0.0006668936943072819,0.1357142857142857,0.0006541233895226744,0.12857142857142856,1.0,1.0,[26.0],,,,,,24.314329862594604,26.663007497787476
lfw_x_fing,6,0.001,ri_V,1,HYP,GP,boot,300,False,,,,,,,,,,,,,24.314329862594604,26.663007497787476
lfw_x_fing,6,0.001,face_S>li_V,2,LR-P1-N2,GP,boot,300,True,0.0008258130427379534,0.002380952380952381,0.000773312900845678,0.002380952380952381,1.013095238095238,1.6833205630285488,"[[0.37560707330703735, 0.04602754861116409], 28.0]",,,,,,24.314329862594604,26.663007497787476
lfw_x_fing,6,0.001,face_S>li_V,2,HYP,GP,boot,300,True,0.0008541914978148589,0.011904761904761904,0.0008882456439071457,0.005952380952380952,1.005952380952381,1.0026093989443214,"[[0.3688153624534607, 0.3290274739265442], 14.0]",,,,,,24.314329862594604,26.663007497787476
lfw_x_fing,6,0.001,face_S>li_V,2,S1-Marcialis,rule,boot,300,True,0.0007293262954764742,0.055952380952380955,0.000566150178784267,0.08571428571428572,1.3607142857142858,1.6848302968386402,"[[0.627197802066803, 0.04580334201455116], 25.0]",,,,,,24.314329862594604,26.663007497787476
lfw_x_fing,6,0.001,face_S>li_V,2,S2-Symmetric,rule,boot,300,True,0.0007293262954764742,0.055952380952380955,0.000566150178784267,0.08571428571428572,1.3607142857142858,1.6848302968386402,"[[0.627197802066803, 0.04580334201455116], 25.0]",,,,,,24.314329862594604,26.663007497787476
lfw_x_fing,6,0.001,face_S>li_V,2,S3-SPRT,rule,boot,300,True,0.0008669618025994665,0.0011904761904761906,0.0008116238151995005,0.002380952380952381,1.0523809523809524,1.1843237414155174,"[[7.101921431764655, -4.175579956334139], -0.41531205500593615]",,,,,,24.314329862594604,26.663007497787476
lfw_x_fing,6,0.001,face_S>li_V,2,S4-Direct,rule,boot,300,True,0.0008045292014302742,0.0011904761904761906,0.0006285827799534594,0.007142857142857143,1.0238095238095237,1.9502695953232305,"[[0.42129650712013245, -0.05797175318002701], 26.0]",,,,,,24.314329862594604,26.663007497787476
lfw_x_fing,6,0.001,face_S>ri_V,2,LR-P1-N2,GP,boot,300,True,0.0008045292014302742,0.0035714285714285713,0.0008669618025994665,0.0011904761904761906,1.013095238095238,1.6833063738010103,"[[0.3751729428768158, 0.04602754861116409], 28.0]",,,,,,24.314329862594604,26.663007497787476
lfw_x_fing,6,0.001,face_S>ri_V,2,HYP,GP,boot,300,True,0.0008669618025994665,0.011904761904761904,0.0009180430217378965,0.005952380952380952,1.005952380952381,1.00344656336909,"[[0.3688153624534607, 0.32259026169776917], 14.0]",,,,,,24.314329862594604,26.663007497787476
lfw_x_fing,6,0.001,face_S>ri_V,2,S1-Marcialis,rule,boot,300,True,0.0006427720074919122,0.04880952380952381,0.0006399341619842216,0.03214285714285714,1.3607142857142858,1.6848302968386402,"[[0.627197802066803, 0.04580334201455116], 25.0]",,,,,,24.314329862594604,26.663007497787476
lfw_x_fing,6,0.001,face_S>ri_V,2,S2-Symmetric,rule,boot,300,True,0.0006427720074919122,0.04880952380952381,0.0006399341619842216,0.03214285714285714,1.3607142857142858,1.6848302968386402,"[[0.627197802066803, 0.04580334201455116], 25.0]",,,,,,24.314329862594604,26.663007497787476
lfw_x_fing,6,0.001,face_S>ri_V,2,S3-SPRT,rule,boot,300,True,0.0008726374936148476,0.0035714285714285713,0.0008939213349225268,0.002380952380952381,1.0523809523809524,1.1843237414155174,"[[7.101921431764655, -4.175579956334139], -0.7554914511828625]",,,,,,24.314329862594604,26.663007497787476
lfw_x_fing,6,0.001,face_S>ri_V,2,S4-Direct,rule,boot,300,True,0.0008726374936148476,0.0011904761904761906,0.0009180430217378965,0.0011904761904761906,1.0119047619047619,1.9495998637834155,"[[0.3701537847518921, -0.05797175318002701], 30.0]",,,,,,24.314329862594604,26.663007497787476
lfw_x_fing,6,0.001,li_V>face_S,2,LR-P1-N2,GP,boot,300,True,0.0007846642828764402,0.002380952380952381,0.0007293262954764742,0.008333333333333333,1.2273809523809525,1.8456850559055564,"[[28.000001907348633, 4.000000476837158], 0.37426602840423584]",,,,,,24.314329862594604,26.663007497787476
lfw_x_fing,6,0.001,li_V>face_S,2,HYP,GP,boot,300,False,,,,,,,,,,,,,24.314329862594604,26.663007497787476
lfw_x_fing,6,0.001,li_V>face_S,2,S1-Marcialis,rule,boot,300,True,0.0008854077983994551,0.004761904761904762,0.0009478403995686475,0.002380952380952381,1.3964285714285714,1.9591548896078097,"[[45.000003814697266, 4.0], 0.3630070388317108]",,,,,,24.314329862594604,26.663007497787476
lfw_x_fing,6,0.001,li_V>face_S,2,S2-Symmetric,rule,boot,300,True,0.0008854077983994551,0.004761904761904762,0.0009478403995686475,0.002380952380952381,1.3964285714285714,1.9591548896078097,"[[45.000003814697266, 4.0], 0.3630070388317108]",,,,,,24.314329862594604,26.663007497787476
lfw_x_fing,6,0.001,li_V>face_S,2,S3-SPRT,rule,boot,300,True,0.000869799648107157,0.0,0.0008144616607071912,0.0011904761904761906,1.3142857142857143,1.9999858107724615,"[[7.842234816399923, -3.647845877746908], -0.3211280053028772]",,,,,,24.314329862594604,26.663007497787476
lfw_x_fing,6,0.001,li_V>face_S,2,S4-Direct,rule,boot,300,True,0.000889664566660991,0.002380952380952381,0.0009237187127532778,0.008333333333333333,1.2726190476190475,1.8458510698677564,"[[33.000003814697266, 4.000000476837158], 0.3614315986633301]",,,,,,24.314329862594604,26.663007497787476
lfw_x_fing,6,0.001,li_V>ri_V,2,LR-P1-N2,GP,boot,300,True,0.0007151370679380214,0.05357142857142857,0.0005902718655996367,0.08333333333333333,1.2154761904761904,1.8456282989954027,"[[27.000001907348633, 4.000000476837158], 28.0]",,,,,,24.314329862594604,26.663007497787476
lfw_x_fing,6,0.001,li_V>ri_V,2,HYP,GP,boot,300,False,,,,,,,,,,,,,24.314329862594604,26.663007497787476
lfw_x_fing,6,0.001,li_V>ri_V,2,S1-Marcialis,rule,boot,300,True,0.0006612180032919008,0.08928571428571429,0.0006498666212611386,0.09404761904761905,1.3964285714285714,1.9591548896078097,"[[45.000003814697266, 4.0], 26.0]",,,,,,24.314329862594604,26.663007497787476
lfw_x_fing,6,0.001,li_V>ri_V,2,S2-Symmetric,rule,boot,300,True,0.0006612180032919008,0.08928571428571429,0.0006498666212611386,0.09404761904761905,1.3964285714285714,1.9591548896078097,"[[45.000003814697266, 4.0], 26.0]",,,,,,24.314329862594604,26.663007497787476
lfw_x_fing,6,0.001,li_V>ri_V,2,S3-SPRT,rule,boot,300,True,0.0007761507463533685,0.04642857142857143,0.0006910153811226517,0.08214285714285714,1.2392857142857143,1.9998595266473693,"[[4.906906406357526, -3.647845877746908], 2.6218156939501602]",,,,,,24.314329862594604,26.663007497787476
lfw_x_fing,6,0.001,li_V>ri_V,2,S4-Direct,rule,boot,300,True,0.0007577047505533799,0.05357142857142857,0.0006143935524150065,0.08452380952380953,1.2047619047619047,1.845506271638572,"[[26.000001907348633, 4.000000476837158], 29.0]",,,,,,24.314329862594604,26.663007497787476
lfw_x_fing,6,0.001,ri_V>face_S,2,LR-P1-N2,GP,boot,300,True,0.0007520290595379988,0.0035714285714285713,0.0008002724331687383,0.008333333333333333,1.1404761904761904,1.8123985470231,"[[28.000001907348633, 4.000000476837158], 0.3736179769039154]",,,,,,24.314329862594604,26.663007497787476
lfw_x_fing,6,0.001,ri_V>face_S,2,HYP,GP,boot,300,False,,,,,,,,,,,,,24.314329862594604,26.663007497787476
lfw_x_fing,6,0.001,ri_V>face_S,2,S1-Marcialis,rule,boot,300,True,0.0008868267211533004,0.0011904761904761906,0.0009435836313071116,0.0011904761904761906,1.25,1.942506668936943,"[[42.000003814697266, 4.0], 0.362822949886322]",,,,,,24.314329862594604,26.663007497787476
lfw_x_fing,6,0.001,ri_V>face_S,2,S2-Symmetric,rule,boot,300,True,0.0008868267211533004,0.0011904761904761906,0.0009435836313071116,0.0011904761904761906,1.25,1.942506668936943,"[[42.000003814697266, 4.0], 0.362822949886322]",,,,,,24.314329862594604,26.663007497787476
lfw_x_fing,6,0.001,ri_V>face_S,2,S3-SPRT,rule,boot,300,True,0.0008669618025994665,0.002380952380952381,0.000889664566660991,0.0011904761904761906,1.1988095238095238,1.9999758783131847,"[[7.300982290188648, -3.920249916524925], -0.5872026878225247]",,,,,,24.314329862594604,26.663007497787476
lfw_x_fing,6,0.001,ri_V>face_S,2,S4-Direct,rule,boot,300,True,0.0008868267211533004,0.0011904761904761906,0.0009435836313071116,0.0011904761904761906,1.25,1.942506668936943,"[[42.000003814697266, 3.000000238418579], 0.362822949886322]",,,,,,24.314329862594604,26.663007497787476
lfw_x_fing,6,0.001,ri_V>li_V,2,LR-P1-N2,GP,boot,300,True,0.0007122992224303309,0.05357142857142857,0.0005931097111073273,0.08214285714285714,1.1345238095238095,1.8122935467393155,"[[27.000001907348633, 4.000000476837158], 28.0]",,,,,,24.314329862594604,26.663007497787476
lfw_x_fing,6,0.001,ri_V>li_V,2,HYP,GP,boot,300,False,,,,,,,,,,,,,24.314329862594604,26.663007497787476
lfw_x_fing,6,0.001,ri_V>li_V,2,S1-Marcialis,rule,boot,300,True,0.0007449344457687723,0.08452380952380953,0.0005647312560304218,0.10952380952380952,1.25,1.942506668936943,"[[42.000003814697266, 4.0], 26.0]",,,,,,24.314329862594604,26.663007497787476
lfw_x_fing,6,0.001,ri_V>li_V,2,S2-Symmetric,rule,boot,300,True,0.0007449344457687723,0.08452380952380953,0.0005647312560304218,0.10952380952380952,1.25,1.942506668936943,"[[42.000003814697266, 4.0], 26.0]",,,,,,24.314329862594604,26.663007497787476
lfw_x_fing,6,0.001,ri_V>li_V,2,S3-SPRT,rule,boot,300,True,0.0007804075146149044,0.04404761904761905,0.0007122992224303309,0.0761904761904762,1.1571428571428573,1.999825472501277,"[[4.751260838438502, -3.920249916524925], 2.6170494004907683]",,,,,,24.314329862594604,26.663007497787476
lfw_x_fing,6,0.001,ri_V>li_V,2,S4-Direct,rule,boot,300,True,0.0007491912140303082,0.05476190476190476,0.0006697315398149725,0.07738095238095238,1.1357142857142857,1.9420327487371587,"[[26.000001907348633, 3.000000238418579], 29.0]",,,,,,24.314329862594604,26.663007497787476
lfw_x_fing,6,0.001,face_S>li_V>ri_V,3,LR-P1-N2,GP,boot,300,True,0.0008627050343379307,0.0011904761904761906,0.0008967591804302173,0.0011904761904761906,1.0142857142857142,2.2611002327033316,"[[0.3716003894805908, 0.04602754861116409], [30.000001907348633, 4.000000476837158], 30.0]",,,,,,24.314329862594604,26.663007497787476
lfw_x_fing,6,0.001,face_S>li_V>ri_V,3,HYP,GP,boot,300,True,0.0008868267211533004,0.009523809523809525,0.0008953402576763721,0.004761904761904762,1.0071428571428571,1.0055352176627503,"[[0.3688153624534607, 0.3142159879207611], [16.000001907348633, 9.000000953674316], 13.0]",,,,,,24.314329862594604,26.663007497787476
lfw_x_fing,6,0.001,face_S>li_V>ri_V,3,S1-Marcialis,rule,boot,300,True,0.0006342584709688405,0.02857142857142857,0.0006356773937226857,0.025,1.5119047619047619,2.341611328679267,"[[0.627197802066803, 0.04580334201455116], [45.000003814697266, 4.0], 25.0]",,,,,,24.314329862594604,26.663007497787476
lfw_x_fing,6,0.001,face_S>li_V>ri_V,3,S2-Symmetric,rule,boot,300,True,0.0006342584709688405,0.02857142857142857,0.0006356773937226857,0.025,1.5119047619047619,2.341611328679267,"[[0.627197802066803, 0.04580334201455116], [45.000003814697266, 4.0], 25.0]",,,,,,24.314329862594604,26.663007497787476
lfw_x_fing,6,0.001,face_S>li_V>ri_V,3,S3-SPRT,rule,boot,300,True,0.0008215562744764175,0.0011904761904761906,0.0007647993643226063,0.002380952380952381,1.0607142857142857,1.1987740507406777,"[[7.101921431764655, -4.175579956334139], [7.101921431764655, -4.175579956334139], -2.5963365256805297]",,,,,,24.314329862594604,26.663007497787476
lfw_x_fing,6,0.001,face_S>li_V>ri_V,3,S4-Direct,rule,boot,300,True,0.0007009478403995687,0.0,0.0005789204835688745,0.0035714285714285713,1.063095238095238,2.2926755207446505,"[[0.4643944501876831, -0.05797175318002701], [28.000001907348633, 7.000000476837158], 26.0]",,,,,,24.314329862594604,26.663007497787476
lfw_x_fing,6,0.001,face_S>ri_V>li_V,3,LR-P1-N2,GP,boot,300,True,0.0008740564163686929,0.0011904761904761906,0.0008783131846302288,0.0011904761904761906,1.0142857142857142,2.238755037175776,"[[0.3728926479816437, 0.04602754861116409], [29.000001907348633, 4.000000476837158], 30.0]",,,,,,24.314329862594604,26.663007497787476
lfw_x_fing,6,0.001,face_S>ri_V>li_V,3,HYP,GP,boot,300,True,0.0008768942618763834,0.009523809523809525,0.0008967591804302173,0.004761904761904762,1.0071428571428571,1.0059992054032578,"[[0.3688153624534607, 0.31052350997924805], [16.000001907348633, 10.000000953674316], 13.0]",,,,,,24.314329862594604,26.663007497787476
lfw_x_fing,6,0.001,face_S>ri_V>li_V,3,S1-Marcialis,rule,boot,300,True,0.0007151370679380214,0.02738095238095238,0.0005576366422611953,0.04285714285714286,1.4464285714285714,2.3306515693285657,"[[0.627197802066803, 0.04580334201455116], [42.000003814697266, 4.0], 25.0]",,,,,,24.314329862594604,26.663007497787476
lfw_x_fing,6,0.001,face_S>ri_V>li_V,3,S2-Symmetric,rule,boot,300,True,0.0007151370679380214,0.02738095238095238,0.0005576366422611953,0.04285714285714286,1.4464285714285714,2.3306515693285657,"[[0.627197802066803, 0.04580334201455116], [42.000003814697266, 4.0], 25.0]",,,,,,24.314329862594604,26.663007497787476
lfw_x_fing,6,0.001,face_S>ri_V>li_V,3,S3-SPRT,rule,boot,300,True,0.0008329076565071797,0.002380952380952381,0.0007889210511379761,0.002380952380952381,1.0535714285714286,1.1961816788694024,"[[7.101921431764655, -4.175579956334139], [7.101921431764655, -4.175579956334139], -2.6258038028679085]",,,,,,24.314329862594604,26.663007497787476
lfw_x_fing,6,0.001,face_S>ri_V>li_V,3,S4-Direct,rule,boot,300,True,0.0007491912140303082,0.0,0.0006044610931380895,0.002380952380952381,1.0547619047619048,2.3989698620807083,"[[0.4643944501876831, -0.05797175318002701], [28.000001907348633, 6.000000476837158], 26.0]",,,,,,24.314329862594604,26.663007497787476
lfw_x_fing,6,0.001,li_V>face_S>ri_V,3,LR-P1-N2,GP,boot,300,True,0.0007605425960610704,0.0011904761904761906,0.0006668936943072819,0.007142857142857143,1.2190476190476192,2.42371587490777,"[[27.000001907348633, 4.000000476837158], [0.3907143175601959, 0.04602754861116409], 29.000001907348633]",,,,,,24.314329862594604,26.663007497787476
lfw_x_fing,6,0.001,li_V>face_S>ri_V,3,HYP,GP,boot,300,False,,,,,,,,,,,,,24.314329862594604,26.663007497787476
lfw_x_fing,6,0.001,li_V>face_S>ri_V,3,S1-Marcialis,rule,boot,300,True,0.0006342584709688405,0.02857142857142857,0.0006356773937226857,0.025,1.5476190476190477,2.6159359214484366,"[[45.000003814697266, 4.0], [0.627197802066803, 0.04580334201455116], 25.0]",,,,,,24.314329862594604,26.663007497787476
lfw_x_fing,6,0.001,li_V>face_S>ri_V,3,S2-Symmetric,rule,boot,300,True,0.0006342584709688405,0.02857142857142857,0.0006356773937226857,0.025,1.5476190476190477,2.6159359214484366,"[[45.000003814697266, 4.0], [0.627197802066803, 0.04580334201455116], 25.0]",,,,,,24.314329862594604,26.663007497787476
lfw_x_fing,6,0.001,li_V>face_S>ri_V,3,S3-SPRT,rule,boot,300,True,0.0008073670469379647,0.0,0.0007676372098302969,0.0011904761904761906,1.3309523809523809,2.0113130711164082,"[[7.842234816399923, -3.647845877746908], [7.842234816399923, -3.647845877746908], -2.324531474339739]",,,,,,24.314329862594604,26.663007497787476
lfw_x_fing,6,0.001,li_V>face_S>ri_V,3,S4-Direct,rule,boot,300,True,0.0007647993643226063,0.0011904761904761906,0.0007704750553379874,0.007142857142857143,1.311904761904762,2.2713448549860944,"[[36.000003814697266, 4.000000476837158], [0.3894082009792328, 0.08780266344547272], 25.0]",,,,,,24.314329862594604,26.663007497787476
lfw_x_fing,6,0.001,li_V>ri_V>face_S,3,LR-P1-N2,GP,boot,300,True,0.0006541233895226744,0.002380952380952381,0.0005037175776150747,0.013095238095238096,1.292857142857143,2.5445144446336343,"[[26.000001907348633, 4.000000476837158], [33.000003814697266, 4.000000476837158], 0.41174906492233276]",,,,,,24.314329862594604,26.663007497787476
lfw_x_fing,6,0.001,li_V>ri_V>face_S,3,HYP,GP,boot,300,False,,,,,,,,,,,,,24.314329862594604,26.663007497787476
lfw_x_fing,6,0.001,li_V>ri_V>face_S,3,S1-Marcialis,rule,boot,300,True,0.0009010159486917532,0.0,0.0009535160905840286,0.0011904761904761906,1.5571428571428572,2.8658607185424825,"[[45.000003814697266, 4.0], [42.000003814697266, 4.0], 0.36163055896759033]",,,,,,24.314329862594604,26.663007497787476
lfw_x_fing,6,0.001,li_V>ri_V>face_S,3,S2-Symmetric,rule,boot,300,True,0.0009010159486917532,0.0,0.0009535160905840286,0.0011904761904761906,1.5571428571428572,2.8658607185424825,"[[45.000003814697266, 4.0], [42.000003814697266, 4.0], 0.36163055896759033]",,,,,,24.314329862594604,26.663007497787476
lfw_x_fing,6,0.001,li_V>ri_V>face_S,3,S3-SPRT,rule,boot,300,True,0.000783245360122595,0.013095238095238096,0.0007506101367841534,0.02738095238095238,1.4047619047619047,2.0605213122197625,"[[7.842234816399923, -3.647845877746908], [7.842234816399923, -3.647845877746908], -2.09932772028195]",,,,,,24.314329862594604,26.663007497787476
lfw_x_fing,6,0.001,li_V>ri_V>face_S,3,S4-Direct,rule,boot,300,True,0.0008683807253533118,0.0011904761904761906,0.0008470968840456326,0.007142857142857143,1.3476190476190477,2.648842159032862,"[[29.000001907348633, 4.000000476837158], [42.000003814697266, 3.000000238418579], 0.3662923276424408]",,,,,,24.314329862594604,26.663007497787476
lfw_x_fing,6,0.001,ri_V>face_S>li_V,3,LR-P1-N2,GP,boot,300,True,0.0008016913559225836,0.0011904761904761906,0.0007875021283841307,0.008333333333333333,1.1357142857142857,2.3679153186900503,"[[27.000001907348633, 4.000000476837158], [0.38892480731010437, 0.04602754861116409], 29.0]",,,,,,24.314329862594604,26.663007497787476
lfw_x_fing,6,0.001,ri_V>face_S>li_V,3,HYP,GP,boot,300,False,,,,,,,,,,,,,24.314329862594604,26.663007497787476
lfw_x_fing,6,0.001,ri_V>face_S>li_V,3,S1-Marcialis,rule,boot,300,True,0.0007151370679380214,0.02738095238095238,0.0005576366422611953,0.04285714285714286,1.3357142857142856,2.5883279414268685,"[[42.000003814697266, 4.0], [0.627197802066803, 0.04580334201455116], 25.0]",,,,,,24.314329862594604,26.663007497787476
lfw_x_fing,6,0.001,ri_V>face_S>li_V,3,S2-Symmetric,rule,boot,300,True,0.0007151370679380214,0.02738095238095238,0.0005576366422611953,0.04285714285714286,1.3357142857142856,2.5883279414268685,"[[42.000003814697266, 4.0], [0.627197802066803, 0.04580334201455116], 25.0]",,,,,,24.314329862594604,26.663007497787476
lfw_x_fing,6,0.001,ri_V>face_S>li_V,3,S3-SPRT,rule,boot,300,True,0.0008187184289687269,0.0011904761904761906,0.0008031102786764288,0.0011904761904761906,1.2023809523809523,2.0119246268233155,"[[7.300982290188648, -3.920249916524925], [7.300982290188648, -3.920249916524925], -2.2926063603394558]",,,,,,24.314329862594604,26.663007497787476
lfw_x_fing,6,0.001,ri_V>face_S>li_V,3,S4-Direct,rule,boot,300,True,0.0008371644247687156,0.0,0.0007676372098302969,0.002380952380952381,1.2523809523809524,2.4167972075600206,"[[42.000003814697266, 3.000000238418579], [0.3894082009792328, 0.08780266344547272], 25.0]",,,,,,24.314329862594604,26.663007497787476
lfw_x_fing,6,0.001,ri_V>li_V>face_S,3,LR-P1-N2,GP,boot,300,True,0.0007875021283841307,0.002380952380952381,0.0007818264373687496,0.010714285714285714,1.2,2.5107426641693626,"[[25.000001907348633, 4.000000476837158], [33.000003814697266, 4.000000476837158], 0.41041746735572815]",,,,,,24.314329862594604,26.663007497787476
lfw_x_fing,6,0.001,ri_V>li_V>face_S,3,HYP,GP,boot,300,False,,,,,,,,,,,,,24.314329862594604,26.663007497787476
lfw_x_fing,6,0.001,ri_V>li_V>face_S,3,S1-Marcialis,rule,boot,300,True,0.0009010159486917532,0.0,0.0009535160905840286,0.0011904761904761906,1.4107142857142858,2.849212497871616,"[[42.000003814697266, 4.0], [45.000003814697266, 4.0], 0.36163055896759033]",,,,,,24.314329862594604,26.663007497787476
lfw_x_fing,6,0.001,ri_V>li_V>face_S,3,S2-Symmetric,rule,boot,300,True,0.0009010159486917532,0.0,0.0009535160905840286,0.0011904761904761906,1.4107142857142858,2.849212497871616,"[[42.000003814697266, 4.0], [45.000003814697266, 4.0], 0.36163055896759033]",,,,,,24.314329862594604,26.663007497787476
lfw_x_fing,6,0.001,ri_V>li_V>face_S,3,S3-SPRT,rule,boot,300,True,0.0007903399738918213,0.013095238095238096,0.0007619615188149157,0.02619047619047619,1.2821428571428573,2.0697216073556954,"[[7.300982290188648, -3.920249916524925], [7.300982290188648, -3.920249916524925], -2.0926093192028112]",,,,,,24.314329862594604,26.663007497787476
lfw_x_fing,6,0.001,ri_V>li_V>face_S,3,S4-Direct,rule,boot,300,True,0.0008882456439071457,0.0011904761904761906,0.0009208808672455872,0.004761904761904762,1.2988095238095239,2.7456382314546794,"[[32.000003814697266, 3.000000238418579], [45.000003814697266, 4.000000476837158], 0.36075714230537415]",,,,,,24.314329862594604,26.663007497787476
lfw_x_fing,6,0.001,parallel,3,P0-Parallel,parallel,boot,300,True,0.0007704750553379874,0.008333333333333333,0.0007264884499687837,0.023809523809523808,1.0,1.0,[8.472354888916016],,,,,,24.314329862594604,26.663007497787476
lfw_x_fing,6,0.001,parallel,3,P1-LLR,parallel,boot,300,True,0.0008130427379533458,0.0,0.000763380441568761,0.0011904761904761906,1.0,1.0,[-1.8901421448479252],,,,,,24.314329862594604,26.663007497787476
lfw_x_fing,6,0.001,parallel,3,P2-LogReg,parallel,boot,300,True,0.0008712185708610023,0.0,0.0008712185708610023,0.0011904761904761906,1.0,1.0,[-3.453132096044719],,,,,,24.314329862594604,26.663007497787476
lfw_x_fing,6,0.0001,face_S,1,LR-P1-N2,GP,boot,300,True,6.243260116919235e-05,0.030952380952380953,5.8175832907656505e-05,0.02857142857142857,1.0,1.0,[0.4282774329185486],,,,,,24.314329862594604,26.663007497787476
lfw_x_fing,6,0.0001,face_S,1,HYP,GP,boot,300,False,,,,,,,,,,,,,24.314329862594604,26.663007497787476
lfw_x_fing,6,0.0001,li_V,1,LR-P1-N2,GP,boot,300,True,5.2500141892275384e-05,0.23452380952380952,4.682445087689426e-05,0.2702380952380952,1.0,1.0,[33.0],,,,,,24.314329862594604,26.663007497787476
lfw_x_fing,6,0.0001,li_V,1,HYP,GP,boot,300,False,,,,,,,,,,,,,24.314329862594604,26.663007497787476
lfw_x_fing,6,0.0001,ri_V,1,LR-P1-N2,GP,boot,300,True,5.108121913843011e-05,0.175,5.5337987399965944e-05,0.1773809523809524,1.0,1.0,[33.0],,,,,,24.314329862594604,26.663007497787476
lfw_x_fing,6,0.0001,ri_V,1,HYP,GP,boot,300,False,,,,,,,,,,,,,24.314329862594604,26.663007497787476
lfw_x_fing,6,0.0001,face_S>li_V,2,LR-P1-N2,GP,boot,300,True,6.527044667688292e-05,0.0035714285714285713,7.236506044610932e-05,0.010714285714285714,1.0285714285714285,1.3448989726999263,"[[0.42893582582473755, 0.12404271215200424], 34.0]",,,,,,24.314329862594604,26.663007497787476
lfw_x_fing,6,0.0001,face_S>li_V,2,HYP,GP,boot,300,False,,,,,,,,,,,,,24.314329862594604,26.663007497787476
lfw_x_fing,6,0.0001,face_S>li_V,2,S1-Marcialis,rule,boot,300,True,5.2500141892275384e-05,0.07261904761904762,4.540552812304898e-05,0.10952380952380952,1.3607142857142858,1.6848302968386402,"[[0.627197802066803, 0.04580334201455116], 32.0]",,,,,,24.314329862594604,26.663007497787476
lfw_x_fing,6,0.0001,face_S>li_V,2,S2-Symmetric,rule,boot,300,True,5.2500141892275384e-05,0.07261904761904762,4.540552812304898e-05,0.10952380952380952,1.3607142857142858,1.6848302968386402,"[[0.627197802066803, 0.04580334201455116], 32.0]",,,,,,24.314329862594604,26.663007497787476
lfw_x_fing,6,0.0001,face_S>li_V,2,S3-SPRT,rule,boot,300,True,6.66893694307282e-05,0.002380952380952381,7.378398319995459e-05,0.009523809523809525,1.0809523809523809,1.1843336738747943,"[[10.367059948527807, -4.175579956334139], 2.7509807842560505]",,,,,,24.314329862594604,26.663007497787476
lfw_x_fing,6,0.0001,face_S>li_V,2,S4-Direct,rule,boot,300,True,5.959475566150179e-05,0.0035714285714285713,7.662182870764516e-05,0.009523809523809525,1.0309523809523808,1.9503022305465691,"[[0.43303632736206055, -0.05797175318002701], 35.0]",,,,,,24.314329862594604,26.663007497787476
lfw_x_fing,6,0.0001,face_S>ri_V,2,LR-P1-N2,GP,boot,300,True,6.810829218457347e-05,0.007142857142857143,7.520290595379987e-05,0.0035714285714285713,1.0297619047619047,1.6838625915205176,"[[0.42893582582473755, 0.04602754861116409], 37.0]",,,,,,24.314329862594604,26.663007497787476
lfw_x_fing,6,0.0001,face_S>ri_V,2,HYP,GP,boot,300,False,,,,,,,,,,,,,24.314329862594604,26.663007497787476
lfw_x_fing,6,0.0001,face_S>ri_V,2,S1-Marcialis,rule,boot,300,True,4.824337363073954e-05,0.05714285714285714,6.385152392303763e-05,0.05,1.3607142857142858,1.6848302968386402,"[[0.627197802066803, 0.04580334201455116], 32.0]",,,,,,24.314329862594604,26.663007497787476
lfw_x_fing,6,0.0001,face_S>ri_V,2,S2-Symmetric,rule,boot,300,True,4.824337363073954e-05,0.05714285714285714,6.385152392303763e-05,0.05,1.3607142857142858,1.6848302968386402,"[[0.627197802066803, 0.04580334201455116], 32.0]",,,,,,24.314329862594604,26.663007497787476
lfw_x_fing,6,0.0001,face_S>ri_V,2,S3-SPRT,rule,boot,300,True,7.094613769226404e-05,0.0035714285714285713,8.79732107384074e-05,0.002380952380952381,1.0809523809523809,1.1843336738747943,"[[10.367059948527807, -4.175579956334139], 2.3836949723845224]",,,,,,24.314329862594604,26.663007497787476
lfw_x_fing,6,0.0001,face_S>ri_V,2,S4-Direct,rule,boot,300,False,,,,,,,,,,,,,24.314329862594604,26.663007497787476
lfw_x_fing,6,0.0001,li_V>face_S,2,LR-P1-N2,GP,boot,300,True,6.243260116919235e-05,0.005952380952380952,6.1013678415347066e-05,0.016666666666666666,1.3083333333333333,1.8458709347863103,"[[36.000003814697266, 4.000000476837158], 0.42831698060035706]",,,,,,24.314329862594604,26.663007497787476
lfw_x_fing,6,0.0001,li_V>face_S,2,HYP,GP,boot,300,False,,,,,,,,,,,,,24.314329862594604,26.663007497787476
lfw_x_fing,6,0.0001,li_V>face_S,2,S1-Marcialis,rule,boot,300,True,6.385152392303763e-05,0.009523809523809525,5.959475566150179e-05,0.011904761904761904,1.3964285714285714,1.9591548896078097,"[[45.000003814697266, 4.0], 0.42695048451423645]",,,,,,24.314329862594604,26.663007497787476
lfw_x_fing,6,0.0001,li_V>face_S,2,S2-Symmetric,rule,boot,300,True,6.385152392303763e-05,0.009523809523809525,5.959475566150179e-05,0.011904761904761904,1.3964285714285714,1.9591548896078097,"[[45.000003814697266, 4.0], 0.42695048451423645]",,,,,,24.314329862594604,26.663007497787476
lfw_x_fing,6,0.0001,li_V>face_S,2,S3-SPRT,rule,boot,300,True,6.527044667688292e-05,0.0011904761904761906,7.094613769226404e-05,0.008333333333333333,1.3535714285714286,1.9999971621544923,"[[9.119287119118695, -3.647845877746908], 2.841761606136055]",,,,,,24.314329862594604,26.663007497787476
lfw_x_fing,6,0.0001,li_V>face_S,2,S4-Direct,rule,boot,300,True,6.66893694307282e-05,0.0035714285714285713,6.385152392303763e-05,0.016666666666666666,1.2726190476190475,1.8458510698677564,"[[33.000003814697266, 4.000000476837158], 0.43720075488090515]",,,,,,24.314329862594604,26.663007497787476
lfw_x_fing,6,0.0001,li_V>ri_V,2,LR-P1-N2,GP,boot,300,True,6.385152392303763e-05,0.09642857142857143,7.236506044610932e-05,0.1130952380952381,1.2726190476190475,1.8458510698677564,"[[33.000003814697266, 4.000000476837158], 34.0]",,,,,,24.314329862594604,26.663007497787476
lfw_x_fing,6,0.0001,li_V>ri_V,2,HYP,GP,boot,300,False,,,,,,,,,,,,,24.314329862594604,26.663007497787476
lfw_x_fing,6,0.0001,li_V>ri_V,2,S1-Marcialis,rule,boot,300,True,4.966229638458482e-05,0.11428571428571428,5.5337987399965944e-05,0.125,1.3964285714285714,1.9591548896078097,"[[45.000003814697266, 4.0], 33.0]",,,,,,24.314329862594604,26.663007497787476
lfw_x_fing,6,0.0001,li_V>ri_V,2,S2-Symmetric,rule,boot,300,True,4.966229638458482e-05,0.11428571428571428,5.5337987399965944e-05,0.125,1.3964285714285714,1.9591548896078097,"[[45.000003814697266, 4.0], 33.0]",,,,,,24.314329862594604,26.663007497787476
lfw_x_fing,6,0.0001,li_V>ri_V,2,S3-SPRT,rule,boot,300,True,6.385152392303763e-05,0.07976190476190476,6.527044667688292e-05,0.10595238095238095,1.3202380952380952,1.9999872296952155,"[[8.062249517187462, -3.647845877746908], 5.9681210449510385]",,,,,,24.314329862594604,26.663007497787476
lfw_x_fing,6,0.0001,li_V>ri_V,2,S4-Direct,rule,boot,300,True,6.385152392303763e-05,0.09642857142857143,7.236506044610932e-05,0.1130952380952381,1.2726190476190475,1.8458510698677564,"[[33.000003814697266, 4.000000476837158], 34.0]",,,,,,24.314329862594604,26.663007497787476
lfw_x_fing,6,0.0001,ri_V>face_S,2,LR-P1-N2,GP,boot,300,True,5.675691015381123e-05,0.005952380952380952,5.391906464612067e-05,0.010714285714285714,1.207142857142857,1.8126411828140077,"[[37.000003814697266, 4.000000476837158], 0.42827746272087097]",,,,,,24.314329862594604,26.663007497787476
lfw_x_fing,6,0.0001,ri_V>face_S,2,HYP,GP,boot,300,False,,,,,,,,,,,,,24.314329862594604,26.663007497787476
lfw_x_fing,6,0.0001,ri_V>face_S,2,S1-Marcialis,rule,boot,300,True,6.385152392303763e-05,0.004761904761904762,6.952721493841875e-05,0.004761904761904762,1.25,1.942506668936943,"[[42.000003814697266, 4.0], 0.4253317713737488]",,,,,,24.314329862594604,26.663007497787476
lfw_x_fing,6,0.0001,ri_V>face_S,2,S2-Symmetric,rule,boot,300,True,6.385152392303763e-05,0.004761904761904762,6.952721493841875e-05,0.004761904761904762,1.25,1.942506668936943,"[[42.000003814697266, 4.0], 0.4253317713737488]",,,,,,24.314329862594604,26.663007497787476
lfw_x_fing,6,0.0001,ri_V>face_S,2,S3-SPRT,rule,boot,300,True,6.952721493841875e-05,0.002380952380952381,9.790567001532437e-05,0.0011904761904761906,1.2392857142857143,1.9999929053862309,"[[8.507397589136133, -3.920249916524925], 2.4133292472683827]",,,,,,24.314329862594604,26.663007497787476
lfw_x_fing,6,0.0001,ri_V>face_S,2,S4-Direct,rule,boot,300,True,6.385152392303763e-05,0.004761904761904762,6.952721493841875e-05,0.004761904761904762,1.25,1.942506668936943,"[[42.000003814697266, 3.000000238418579], 0.4253317713737488]",,,,,,24.314329862594604,26.663007497787476
lfw_x_fing,6,0.0001,ri_V>li_V,2,LR-P1-N2,GP,boot,300,True,6.385152392303763e-05,0.09642857142857143,7.236506044610932e-05,0.1130952380952381,1.1785714285714286,1.8126142232816846,"[[33.000003814697266, 4.000000476837158], 34.0]",,,,,,24.314329862594604,26.663007497787476
lfw_x_fing,6,0.0001,ri_V>li_V,2,HYP,GP,boot,300,False,,,,,,,,,,,,,24.314329862594604,26.663007497787476
lfw_x_fing,6,0.0001,ri_V>li_V,2,S1-Marcialis,rule,boot,300,True,5.2500141892275384e-05,0.11071428571428571,4.824337363073954e-05,0.12857142857142856,1.25,1.942506668936943,"[[42.000003814697266, 4.0], 33.0]",,,,,,24.314329862594604,26.663007497787476
lfw_x_fing,6,0.0001,ri_V>li_V,2,S2-Symmetric,rule,boot,300,True,5.2500141892275384e-05,0.11071428571428571,4.824337363073954e-05,0.12857142857142856,1.25,1.942506668936943,"[[42.000003814697266, 4.0], 33.0]",,,,,,24.314329862594604,26.663007497787476
lfw_x_fing,6,0.0001,ri_V>li_V,2,S3-SPRT,rule,boot,300,True,6.66893694307282e-05,0.07857142857142857,7.662182870764516e-05,0.1,1.1773809523809524,1.9999446620126,"[[5.838385724773401, -3.920249916524925], 6.778848764123138]",,,,,,24.314329862594604,26.663007497787476
lfw_x_fing,6,0.0001,ri_V>li_V,2,S4-Direct,rule,boot,300,True,6.527044667688292e-05,0.09642857142857143,7.236506044610932e-05,0.11666666666666667,1.151190476190476,1.3344443498495941,"[[32.000003814697266, 7.000000476837158], 35.0]",,,,,,24.314329862594604,26.663007497787476
lfw_x_fing,6,0.0001,face_S>li_V>ri_V,3,LR-P1-N2,GP,boot,300,False,,,,,,,,,,,,,24.314329862594604,26.663007497787476
lfw_x_fing,6,0.0001,face_S>li_V>ri_V,3,HYP,GP,boot,300,False,,,,,,,,,,,,,24.314329862594604,26.663007497787476
lfw_x_fing,6,0.0001,face_S>li_V>ri_V,3,S1-Marcialis,rule,boot,300,True,4.682445087689426e-05,0.03571428571428571,6.385152392303763e-05,0.03571428571428571,1.5119047619047619,2.341611328679267,"[[0.627197802066803, 0.04580334201455116], [45.000003814697266, 4.0], 32.0]",,,,,,24.314329862594604,26.663007497787476
lfw_x_fing,6,0.0001,face_S>li_V>ri_V,3,S2-Symmetric,rule,boot,300,True,4.682445087689426e-05,0.03571428571428571,6.385152392303763e-05,0.03571428571428571,1.5119047619047619,2.341611328679267,"[[0.627197802066803, 0.04580334201455116], [45.000003814697266, 4.0], 32.0]",,,,,,24.314329862594604,26.663007497787476
lfw_x_fing,6,0.0001,face_S>li_V>ri_V,3,S3-SPRT,rule,boot,300,True,6.527044667688292e-05,0.0011904761904761906,6.810829218457347e-05,0.002380952380952381,1.0964285714285715,1.1987953345819853,"[[10.367059948527807, -4.175579956334139], [10.367059948527807, -4.175579956334139], 1.2203757313395207]",,,,,,24.314329862594604,26.663007497787476
lfw_x_fing,6,0.0001,face_S>li_V>ri_V,3,S4-Direct,rule,boot,300,True,6.385152392303763e-05,0.0011904761904761906,8.655428798456213e-05,0.004761904761904762,1.036904761904762,1.9875063851523922,"[[0.4332208037376404, -0.05797175318002701], [37.000003814697266, 13.000000953674316], 31.0]",,,,,,24.314329862594604,26.663007497787476
lfw_x_fing,6,0.0001,face_S>ri_V>li_V,3,LR-P1-N2,GP,boot,300,True,6.66893694307282e-05,0.0035714285714285713,7.378398319995459e-05,0.0035714285714285713,1.0333333333333334,2.0071116408422727,"[[0.42893582582473755, 0.04602754861116409], [37.000003814697266, 6.000000476837158], 39.0]",,,,,,24.314329862594604,26.663007497787476
lfw_x_fing,6,0.0001,face_S>ri_V>li_V,3,HYP,GP,boot,300,False,,,,,,,,,,,,,24.314329862594604,26.663007497787476
lfw_x_fing,6,0.0001,face_S>ri_V>li_V,3,S1-Marcialis,rule,boot,300,True,5.108121913843011e-05,0.03571428571428571,4.682445087689426e-05,0.047619047619047616,1.4464285714285714,2.3306515693285657,"[[0.627197802066803, 0.04580334201455116], [42.000003814697266, 4.0], 32.0]",,,,,,24.314329862594604,26.663007497787476
lfw_x_fing,6,0.0001,face_S>ri_V>li_V,3,S2-Symmetric,rule,boot,300,True,5.108121913843011e-05,0.03571428571428571,4.682445087689426e-05,0.047619047619047616,1.4464285714285714,2.3306515693285657,"[[0.627197802066803, 0.04580334201455116], [42.000003814697266, 4.0], 32.0]",,,,,,24.314329862594604,26.663007497787476
lfw_x_fing,6,0.0001,face_S>ri_V>li_V,3,S3-SPRT,rule,boot,300,True,6.385152392303763e-05,0.002380952380952381,6.385152392303763e-05,0.002380952380952381,1.0845238095238094,1.1962015437879563,"[[10.367059948527807, -4.175579956334139], [10.367059948527807, -4.175579956334139], 1.2454929758997488]",,,,,,24.314329862594604,26.663007497787476
lfw_x_fing,6,0.0001,face_S>ri_V>li_V,3,S4-Direct,rule,boot,300,True,6.385152392303763e-05,0.002380952380952381,6.810829218457347e-05,0.002380952380952381,1.0464285714285715,2.3991628355752312,"[[0.44980064034461975, -0.05797175318002701], [33.000003814697266, 6.000000476837158], 37.0]",,,,,,24.314329862594604,26.663007497787476
lfw_x_fing,6,0.0001,li_V>face_S>ri_V,3,LR-P1-N2,GP,boot,300,True,5.959475566150179e-05,0.002380952380952381,6.952721493841875e-05,0.009523809523809525,1.3047619047619048,2.4243629036835235,"[[35.000003814697266, 4.000000476837158], [0.4326188564300537, 0.04602754861116409], 37.000003814697266]",,,,,,24.314329862594604,26.663007497787476
lfw_x_fing,6,0.0001,li_V>face_S>ri_V,3,HYP,GP,boot,300,False,,,,,,,,,,,,,24.314329862594604,26.663007497787476
lfw_x_fing,6,0.0001,li_V>face_S>ri_V,3,S1-Marcialis,rule,boot,300,True,4.682445087689426e-05,0.03571428571428571,6.385152392303763e-05,0.03571428571428571,1.5476190476190477,2.6159359214484366,"[[45.000003814697266, 4.0], [0.627197802066803, 0.04580334201455116], 32.0]",,,,,,24.314329862594604,26.663007497787476
lfw_x_fing,6,0.0001,li_V>face_S>ri_V,3,S2-Symmetric,rule,boot,300,True,4.682445087689426e-05,0.03571428571428571,6.385152392303763e-05,0.03571428571428571,1.5476190476190477,2.6159359214484366,"[[45.000003814697266, 4.0], [0.627197802066803, 0.04580334201455116], 32.0]",,,,,,24.314329862594604,26.663007497787476
lfw_x_fing,6,0.0001,li_V>face_S>ri_V,3,S3-SPRT,rule,boot,300,True,6.527044667688292e-05,0.0,7.520290595379987e-05,0.0011904761904761906,1.3869047619047619,2.01133577388047,"[[9.119287119118695, -3.647845877746908], [9.119287119118695, -3.647845877746908], 1.3936284974465707]",,,,,,24.314329862594604,26.663007497787476
lfw_x_fing,6,0.0001,li_V>face_S>ri_V,3,S4-Direct,rule,boot,300,True,6.810829218457347e-05,0.0011904761904761906,6.810829218457347e-05,0.009523809523809525,1.276190476190476,1.8476573585334015,"[[32.000003814697266, 4.000000476837158], [0.45472872257232666, 0.3417392373085022], 23.0]",,,,,,24.314329862594604,26.663007497787476
lfw_x_fing,6,0.0001,li_V>ri_V>face_S,3,LR-P1-N2,GP,boot,300,True,5.2500141892275384e-05,0.004761904761904762,5.108121913843011e-05,0.015476190476190477,1.3916666666666666,2.545202622169249,"[[33.000003814697266, 4.000000476837158], [40.000003814697266, 4.000000476837158], 0.4499957859516144]",,,,,,24.314329862594604,26.663007497787476
lfw_x_fing,6,0.0001,li_V>ri_V>face_S,3,HYP,GP,boot,300,False,,,,,,,,,,,,,24.314329862594604,26.663007497787476
lfw_x_fing,6,0.0001,li_V>ri_V>face_S,3,S1-Marcialis,rule,boot,300,True,6.385152392303763e-05,0.0011904761904761906,6.66893694307282e-05,0.004761904761904762,1.5571428571428572,2.8658607185424825,"[[45.000003814697266, 4.0], [42.000003814697266, 4.0], 0.42524516582489014]",,,,,,24.314329862594604,26.663007497787476
lfw_x_fing,6,0.0001,li_V>ri_V>face_S,3,S2-Symmetric,rule,boot,300,True,6.385152392303763e-05,0.0011904761904761906,6.66893694307282e-05,0.004761904761904762,1.5571428571428572,2.8658607185424825,"[[45.000003814697266, 4.0], [42.000003814697266, 4.0], 0.42524516582489014]",,,,,,24.314329862594604,26.663007497787476
lfw_x_fing,6,0.0001,li_V>ri_V>face_S,3,S3-SPRT,rule,boot,300,True,6.527044667688292e-05,0.013095238095238096,8.229751972302628e-05,0.02738095238095238,1.4523809523809523,2.060548271752086,"[[9.119287119118695, -3.647845877746908], [9.119287119118695, -3.647845877746908], 1.2203757313395207]",,,,,,24.314329862594604,26.663007497787476
lfw_x_fing,6,0.0001,li_V>ri_V>face_S,3,S4-Direct,rule,boot,300,True,6.243260116919235e-05,0.0011904761904761906,6.952721493841875e-05,0.009523809523809525,1.4523809523809523,2.6490975651285544,"[[37.000003814697266, 4.000000476837158], [42.000003814697266, 3.000000238418579], 0.42493847012519836]",,,,,,24.314329862594604,26.663007497787476
lfw_x_fing,6,0.0001,ri_V>face_S>li_V,3,LR-P1-N2,GP,boot,300,True,5.391906464612067e-05,0.002380952380952381,6.66893694307282e-05,0.010714285714285714,1.1976190476190476,1.9826749531755492,"[[35.000003814697266, 4.000000476837158], [0.4326188564300537, 0.1604113131761551], 32.000003814697266]",,,,,,24.314329862594604,26.663007497787476
lfw_x_fing,6,0.0001,ri_V>face_S>li_V,3,HYP,GP,boot,300,False,,,,,,,,,,,,,24.314329862594604,26.663007497787476
lfw_x_fing,6,0.0001,ri_V>face_S>li_V,3,S1-Marcialis,rule,boot,300,True,5.108121913843011e-05,0.03571428571428571,4.682445087689426e-05,0.047619047619047616,1.3357142857142856,2.5883279414268685,"[[42.000003814697266, 4.0], [0.627197802066803, 0.04580334201455116], 32.0]",,,,,,24.314329862594604,26.663007497787476
lfw_x_fing,6,0.0001,ri_V>face_S>li_V,3,S2-Symmetric,rule,boot,300,True,5.108121913843011e-05,0.03571428571428571,4.682445087689426e-05,0.047619047619047616,1.3357142857142856,2.5883279414268685,"[[42.000003814697266, 4.0], [0.627197802066803, 0.04580334201455116], 32.0]",,,,,,24.314329862594604,26.663007497787476
lfw_x_fing,6,0.0001,ri_V>face_S>li_V,3,S3-SPRT,rule,boot,300,True,6.527044667688292e-05,0.0011904761904761906,7.520290595379987e-05,0.0011904761904761906,1.2476190476190476,2.011958680969408,"[[8.507397589136133, -3.920249916524925], [8.507397589136133, -3.920249916524925], 1.4273705682154292]",,,,,,24.314329862594604,26.663007497787476
lfw_x_fing,6,0.0001,ri_V>face_S>li_V,3,S4-Direct,rule,boot,300,False,,,,,,,,,,,,,24.314329862594604,26.663007497787476
lfw_x_fing,6,0.0001,ri_V>li_V>face_S,3,LR-P1-N2,GP,boot,300,True,5.5337987399965944e-05,0.005952380952380952,5.391906464612067e-05,0.013095238095238096,1.2892857142857144,2.5119629377376698,"[[33.000003814697266, 4.000000476837158], [40.000003814697266, 4.000000476837158], 0.44980064034461975]",,,,,,24.314329862594604,26.663007497787476
lfw_x_fing,6,0.0001,ri_V>li_V>face_S,3,HYP,GP,boot,300,False,,,,,,,,,,,,,24.314329862594604,26.663007497787476
lfw_x_fing,6,0.0001,ri_V>li_V>face_S,3,S1-Marcialis,rule,boot,300,True,6.385152392303763e-05,0.0011904761904761906,6.66893694307282e-05,0.004761904761904762,1.4107142857142858,2.849212497871616,"[[42.000003814697266, 4.0], [45.000003814697266, 4.0], 0.42524516582489014]",,,,,,24.314329862594604,26.663007497787476
lfw_x_fing,6,0.0001,ri_V>li_V>face_S,3,S2-Symmetric,rule,boot,300,True,6.385152392303763e-05,0.0011904761904761906,6.66893694307282e-05,0.004761904761904762,1.4107142857142858,2.849212497871616,"[[42.000003814697266, 4.0], [45.000003814697266, 4.0], 0.42524516582489014]",,,,,,24.314329862594604,26.663007497787476
lfw_x_fing,6,0.0001,ri_V>li_V>face_S,3,S3-SPRT,rule,boot,300,True,6.66893694307282e-05,0.013095238095238096,8.655428798456213e-05,0.02619047619047619,1.3357142857142856,2.0697584993472957,"[[8.507397589136133, -3.920249916524925], [8.507397589136133, -3.920249916524925], 1.2203757313395207]",,,,,,24.314329862594604,26.663007497787476
lfw_x_fing,6,0.0001,ri_V>li_V>face_S,3,S4-Direct,rule,boot,300,True,6.385152392303763e-05,0.0011904761904761906,7.520290595379987e-05,0.007142857142857143,1.3714285714285714,2.7457205289744024,"[[40.000003814697266, 3.000000238418579], [37.000003814697266, 4.000000476837158], 0.42493847012519836]",,,,,,24.314329862594604,26.663007497787476
lfw_x_fing,6,0.0001,parallel,3,P0-Parallel,parallel,boot,300,True,6.66893694307282e-05,0.02976190476190476,6.66893694307282e-05,0.041666666666666664,1.0,1.0,[11.271175384521484],,,,,,24.314329862594604,26.663007497787476
lfw_x_fing,6,0.0001,parallel,3,P1-LLR,parallel,boot,300,True,6.527044667688292e-05,0.0,7.945967421533571e-05,0.0011904761904761906,1.0,1.0,[1.4954985785172599],,,,,,24.314329862594604,26.663007497787476
lfw_x_fing,6,0.0001,parallel,3,P2-LogReg,parallel,boot,300,True,7.236506044610932e-05,0.0,7.378398319995459e-05,0.0011904761904761906,1.0,1.0,[0.18846400714902956],,,,,,24.314329862594604,26.663007497787476
lfw_x_fing,6,0.01,face_S,1,LR-P1-N2,GP,xfit,300,True,0.008573131278733185,0.009523809523809525,0.008732050627163857,0.004761904761904762,1.0,1.0,[0.29971423745155334],0.009131719513581089,0.004761904761904762,0.009001022843504944,0.014285714285714285,,24.314329862594604,26.663007497787476
lfw_x_fing,6,0.01,face_S,1,HYP,GP,xfit,300,True,0.008573131278733185,0.009523809523809525,0.008732050627163857,0.004761904761904762,1.0,1.0,[0.29971423745155334],0.009131719513581089,0.004761904761904762,0.009001022843504944,0.014285714285714285,,24.314329862594604,26.663007497787476
lfw_x_fing,6,0.01,li_V,1,LR-P1-N2,GP,xfit,300,True,0.00813326522504115,0.1130952380952381,0.006491571598842159,0.15119047619047618,1.0,1.0,[19.0],0.00634162973065121,0.12142857142857143,0.007228094101602455,0.10952380952380952,,24.314329862594604,26.663007497787476
lfw_x_fing,6,0.01,li_V,1,HYP,GP,xfit,300,False,,,,,,,,,,,,,24.314329862594604,26.663007497787476
lfw_x_fing,6,0.01,ri_V,1,LR-P1-N2,GP,xfit,300,True,0.00730603325954935,0.07738095238095238,0.007174073443441739,0.09166666666666666,1.0,1.0,[19.0],0.006949653369701102,0.08095238095238096,0.00738720309126037,0.07380952380952381,,24.314329862594604,26.663007497787476
lfw_x_fing,6,0.01,ri_V,1,HYP,GP,xfit,300,True,0.00730603325954935,0.07738095238095238,0.007174073443441739,0.09166666666666666,1.0,1.0,[19.0],0.006949653369701102,0.08095238095238096,0.00738720309126037,0.07380952380952381,,24.314329862594604,26.663007497787476
lfw_x_fing,6,0.01,face_S>li_V,2,LR-P1-N2,GP,xfit,300,True,0.008225495204041092,0.005952380952380952,0.007911913275441286,0.002380952380952381,1.0035714285714286,1.0795064986662126,"[[0.3187403678894043, 0.210688054561615], 14.0]",0.008012274122059324,0.002380952380952381,0.008444141379702239,0.009523809523809525,,24.314329862594604,26.663007497787476
lfw_x_fing,6,0.01,face_S>li_V,2,HYP,GP,xfit,300,True,0.007987116181395085,0.005952380952380952,0.00796441341733356,0.002380952380952381,1.0023809523809524,1.035308473806686,"[[0.3166932165622711, 0.24360422790050507], 12.0]",0.00889873849301057,0.002380952380952381,0.008324809637458802,0.009523809523809525,,24.314329862594604,26.663007497787476
lfw_x_fing,6,0.01,face_S>li_V,2,S1-Marcialis,rule,xfit,300,True,0.007344344173903172,0.017857142857142856,0.006705828934672796,0.047619047619047616,1.3583333333333334,1.0853581361030706,"[[0.627197802066803, 0.21010757982730865], 12.0]",0.007182634390271622,0.007142857142857143,0.007836117740652347,0.02857142857142857,,24.314329862594604,26.663007497787476
lfw_x_fing,6,0.01,face_S>li_V,2,S2-Symmetric,rule,xfit,300,True,0.007344344173903172,0.017857142857142856,0.006705828934672796,0.047619047619047616,1.3583333333333334,1.0853581361030706,"[[0.627197802066803, 0.21010757982730865], 12.0]",0.007182634390271622,0.007142857142857143,0.007836117740652347,0.02857142857142857,,24.314329862594604,26.663007497787476
lfw_x_fing,6,0.01,face_S>li_V,2,S3-SPRT,rule,xfit,300,True,0.00875191554571769,0.005952380952380952,0.008537658209887054,0.002380952380952381,1.0214285714285714,1.05119189511323,"[[4.768832086610595, -3.319284806224638], -3.8921487607409304]",0.009035117627003068,0.002380952380952381,0.009012387771337652,0.009523809523809525,,24.314329862594604,26.663007497787476
lfw_x_fing,6,0.01,face_S>li_V,2,S4-Direct,rule,xfit,300,True,0.0077785345365798285,0.007142857142857143,0.0071258300698109995,0.005952380952380952,1.0666666666666667,1.090396730801975,"[[0.4909484386444092, 0.2072831392288208], 12.0]",0.007574724400500056,0.0,0.008324809637458802,0.014285714285714285,,24.314329862594604,26.663007497787476
lfw_x_fing,6,0.01,face_S>ri_V,2,LR-P1-N2,GP,xfit,300,True,0.007938872807764345,0.005952380952380952,0.008175832907656506,0.002380952380952381,1.0023809523809524,1.0792652817980588,"[[0.31724900007247925, 0.210688054561615], 14.0]",0.00889873849301057,0.002380952380952381,0.007983861802477555,0.009523809523809525,,24.314329862594604,26.663007497787476
lfw_x_fing,6,0.01,face_S>ri_V,2,HYP,GP,xfit,300,True,0.008648334184686985,0.005952380952380952,0.008888132130086839,0.002380952380952381,1.0023809523809524,1.0483937794426472,"[[0.3166932165622711, 0.23172062635421753], 12.0]",0.008273667462211615,0.002380952380952381,0.008870326173428799,0.009523809523809525,,24.314329862594604,26.663007497787476
lfw_x_fing,6,0.01,face_S>ri_V,2,S1-Marcialis,rule,xfit,300,True,0.006468868834780634,0.02023809523809524,0.0066150178784266985,0.017857142857142856,1.3583333333333334,1.0853581361030706,"[[0.627197802066803, 0.21010757982730865], 12.0]",0.006392771905898397,0.016666666666666666,0.006370042050232981,0.023809523809523808,,24.314329862594604,26.663007497787476
lfw_x_fing,6,0.01,face_S>ri_V,2,S2-Symmetric,rule,xfit,300,True,0.006468868834780634,0.02023809523809524,0.0066150178784266985,0.017857142857142856,1.3583333333333334,1.0853581361030706,"[[0.627197802066803, 0.21010757982730865], 12.0]",0.006392771905898397,0.016666666666666666,0.006370042050232981,0.023809523809523808,,24.314329862594604,26.663007497787476
lfw_x_fing,6,0.01,face_S>ri_V,2,S3-SPRT,rule,xfit,300,True,0.008712185708610024,0.005952380952380952,0.008977524263579091,0.002380952380952381,1.0214285714285714,1.05119189511323,"[[4.768832086610595, -3.319284806224638], -4.101326349062836]",0.009001022843504944,0.002380952380952381,0.008983975451755881,0.009523809523809525,,24.314329862594604,26.663007497787476
lfw_x_fing,6,0.01,face_S>ri_V,2,S4-Direct,rule,xfit,300,True,0.006844883364549634,0.007142857142857143,0.0070506271638572,0.002380952380952381,1.05,1.090389636188206,"[[0.4643944501876831, 0.2072831392288208], 12.0]",0.006745084668712354,0.002380952380952381,0.006762132060461416,0.011904761904761904,,24.314329862594604,26.663007497787476
lfw_x_fing,6,0.01,li_V>face_S,2,LR-P1-N2,GP,xfit,300,True,0.00831630626028719,0.0011904761904761906,0.007635223338441455,0.007142857142857143,1.1630952380952382,1.8425577501560815,"[[20.000001907348633, 4.000000476837158], 0.31704726815223694]",0.008478236163200363,0.002380952380952381,0.007989544266393908,0.0,,24.314329862594604,26.663007497787476
lfw_x_fing,6,0.01,li_V>face_S,2,HYP,GP,xfit,300,False,,,,,,,,,,,,,24.314329862594604,26.663007497787476
lfw_x_fing,6,0.01,li_V>face_S,2,S1-Marcialis,rule,xfit,300,True,0.008685226176286963,0.0011904761904761906,0.00892360519893297,0.002380952380952381,1.3416666666666666,1.9591506328395483,"[[40.000003814697266, 4.0], 0.2976345717906952]",0.009114672121832026,0.0,0.009006705307421297,0.002380952380952381,,24.314329862594604,26.663007497787476
lfw_x_fing,6,0.01,li_V>face_S,2,S2-Symmetric,rule,xfit,300,True,0.008685226176286963,0.0011904761904761906,0.00892360519893297,0.002380952380952381,1.3416666666666666,1.9591506328395483,"[[40.000003814697266, 4.0], 0.2976345717906952]",0.009114672121832026,0.0,0.009006705307421297,0.002380952380952381,,24.314329862594604,26.663007497787476
lfw_x_fing,6,0.01,li_V>face_S,2,S3-SPRT,rule,xfit,300,True,0.008760429082240763,0.0,0.008124751688518077,0.0011904761904761906,1.2595238095238095,1.9999290538623078,"[[5.409304179525658, -3.647915732656127], -3.5162104282527364]",0.008938515740425049,0.0,0.00895556313217411,0.0,,24.314329862594604,26.663007497787476
lfw_x_fing,6,0.01,li_V>face_S,2,S4-Direct,rule,xfit,300,True,0.008723537090640785,0.002380952380952381,0.009051308246779046,0.008333333333333333,1.3357142857142856,1.845880867245587,"[[40.000003814697266, 4.000000476837158], 0.29292231798171997]",0.008972610523923173,0.002380952380952381,0.009018070235254007,0.002380952380952381,,24.314329862594604,26.663007497787476
lfw_x_fing,6,0.01,li_V>ri_V,2,LR-P1-N2,GP,xfit,300,True,0.007611101651626086,0.02857142857142857,0.006660423406549747,0.05476190476190476,1.1630952380952382,1.8425577501560815,"[[20.000001907348633, 4.000000476837158], 21.0]",0.007841800204568702,0.02857142857142857,0.007301966132515059,0.02857142857142857,,24.314329862594604,26.663007497787476
lfw_x_fing,6,0.01,li_V>ri_V,2,HYP,GP,xfit,300,False,,,,,,,,,,,,,24.314329862594604,26.663007497787476
lfw_x_fing,6,0.01,li_V>ri_V,2,S1-Marcialis,rule,xfit,300,True,0.007199614053010954,0.05357142857142857,0.00705346500936489,0.06547619047619048,1.3416666666666666,1.9591506328395483,"[[40.000003814697266, 4.0], 19.0]",0.006853051483123082,0.05238095238095238,0.00726218888510058,0.05476190476190476,,24.314329862594604,26.663007497787476
lfw_x_fing,6,0.01,li_V>ri_V,2,S2-Symmetric,rule,xfit,300,True,0.007199614053010954,0.05357142857142857,0.00705346500936489,0.06547619047619048,1.3416666666666666,1.9591506328395483,"[[40.000003814697266, 4.0], 19.0]",0.006853051483123082,0.05238095238095238,0.00726218888510058,0.05476190476190476,,24.314329862594604,26.663007497787476
lfw_x_fing,6,0.01,li_V>ri_V,2,S3-SPRT,rule,xfit,300,True,0.007646574720472217,0.034523809523809526,0.006375219933026846,0.05238095238095238,1.2595238095238095,1.9999290538623078,"[[5.409304179525658, -3.647915732656127], -0.5169171773575167]",0.008353221957040573,0.030952380952380953,0.007966814410728492,0.03333333333333333,,24.314329862594604,26.663007497787476
lfw_x_fing,6,0.01,li_V>ri_V,2,S4-Direct,rule,xfit,300,True,0.008306373801010273,0.02738095238095238,0.007008059481241841,0.05476190476190476,1.1523809523809523,1.8412012600034053,"[[19.000001907348633, 4.000000476837158], 22.0]",0.008023639049892034,0.030952380952380953,0.007824752812819639,0.02619047619047619,,24.314329862594604,26.663007497787476
lfw_x_fing,6,0.01,ri_V>face_S,2,LR-P1-N2,GP,xfit,300,True,0.008270900732164141,0.007142857142857143,0.008326238719564108,0.013095238095238096,1.0857142857142856,1.6363187468074238,"[[19.000001907348633, 5.000000476837158], 0.31809622049331665]",0.008421411524036823,0.004761904761904762,0.00847255369928401,0.009523809523809525,,24.314329862594604,26.663007497787476
lfw_x_fing,6,0.01,ri_V>face_S,2,HYP,GP,xfit,300,True,0.007552925818718429,0.04047619047619048,0.007435155230149271,0.05,1.042857142857143,1.1047576479936432,"[[18.000001907348633, 10.000000953674316], 0.3378596305847168]",0.007142857142857143,0.04285714285714286,0.007586089328332765,0.0380952380952381,,24.314329862594604,26.663007497787476
lfw_x_fing,6,0.01,ri_V>face_S,2,S1-Marcialis,rule,xfit,300,True,0.008800158919348431,0.002380952380952381,0.009030024405471366,0.008333333333333333,1.2321428571428572,1.812646858505023,"[[40.000003814697266, 5.0], 0.2916335165500641]",0.009046482554835776,0.0,0.008944198204341402,0.004761904761904762,,24.314329862594604,26.663007497787476
lfw_x_fing,6,0.01,ri_V>face_S,2,S2-Symmetric,rule,xfit,300,True,0.008800158919348431,0.002380952380952381,0.009030024405471366,0.008333333333333333,1.2321428571428572,1.812646858505023,"[[40.000003814697266, 5.0], 0.2916335165500641]",0.009046482554835776,0.0,0.008944198204341402,0.004761904761904762,,24.314329862594604,26.663007497787476
lfw_x_fing,6,0.01,ri_V>face_S,2,S3-SPRT,rule,xfit,300,True,0.008724956013394632,0.0011904761904761906,0.008990294568363697,0.0011904761904761906,1.1630952380952382,1.9998694591066462,"[[5.072711235502946, -3.8358973835482844], -3.6814708636883497]",0.008921468348675986,0.0,0.00896692806000682,0.002380952380952381,,24.314329862594604,26.663007497787476
lfw_x_fing,6,0.01,ri_V>face_S,2,S4-Direct,rule,xfit,300,True,0.008800158919348431,0.002380952380952381,0.009030024405471366,0.008333333333333333,1.2321428571428572,1.812646858505023,"[[40.000003814697266, 4.000000476837158], 0.2916335165500641]",0.009046482554835776,0.0,0.008944198204341402,0.004761904761904762,,24.314329862594604,26.663007497787476
lfw_x_fing,6,0.01,ri_V>li_V,2,LR-P1-N2,GP,xfit,300,True,0.007043532550087973,0.030952380952380953,0.006221976275611556,0.055952380952380955,1.088095238095238,1.6378355752312843,"[[20.000001907348633, 5.000000476837158], 20.000001907348633]",0.0070746675758608935,0.03333333333333333,0.006943970905784748,0.02857142857142857,,24.314329862594604,26.663007497787476
lfw_x_fing,6,0.01,ri_V>li_V,2,HYP,GP,xfit,300,True,0.007453601225949259,0.075,0.0072833304954878254,0.0880952380952381,1.0071428571428571,1.002880413190306,"[[18.000001907348633, 17.000001907348633], 16.000001907348633]",0.0070746675758608935,0.08095238095238096,0.00755199454483464,0.06904761904761905,,24.314329862594604,26.663007497787476
lfw_x_fing,6,0.01,ri_V>li_V,2,S1-Marcialis,rule,xfit,300,True,0.007439411998410806,0.05476190476190476,0.005878596969180997,0.0880952380952381,1.2321428571428572,1.812646858505023,"[[40.000003814697266, 5.0], 19.0]",0.008160018183884532,0.05714285714285714,0.006637117854301625,0.05238095238095238,,24.314329862594604,26.663007497787476
lfw_x_fing,6,0.01,ri_V>li_V,2,S2-Symmetric,rule,xfit,300,True,0.008015494636471991,0.034523809523809526,0.007298938645780123,0.058333333333333334,1.0761904761904761,1.4666510585163743,"[[19.000001907348633, 7.0], 21.0]",0.007870212524150471,0.0380952380952381,0.007961131946812137,0.030952380952380953,,24.314329862594604,26.663007497787476
lfw_x_fing,6,0.01,ri_V>li_V,2,S3-SPRT,rule,xfit,300,True,0.007646574720472217,0.034523809523809526,0.006375219933026846,0.05238095238095238,1.1630952380952382,1.9998694591066462,"[[5.072711235502946, -3.8358973835482844], -0.5169171773575167]",0.008353221957040573,0.030952380952380953,0.007966814410728492,0.03333333333333333,,24.314329862594604,26.663007497787476
lfw_x_fing,6,0.01,ri_V>li_V,2,S4-Direct,rule,xfit,300,True,0.007940291730518191,0.02738095238095238,0.006748396617288155,0.05357142857142857,1.0952380952380953,1.8100800272433168,"[[21.000001907348633, 4.000000476837158], 20.0]",0.008245255142629844,0.02857142857142857,0.007557677008750994,0.02619047619047619,,24.314329862594604,26.663007497787476
lfw_x_fing,6,0.01,face_S>li_V>ri_V,3,LR-P1-N2,GP,xfit,300,True,0.008622793575117771,0.005952380952380952,0.00856319881945627,0.002380952380952381,1.0023809523809524,1.1412849764458823,"[[0.3051701784133911, 0.210688054561615], [17.000001907348633, 4.000000476837158], 19.0]",0.008756676895101716,0.002380952380952381,0.008938515740425049,0.009523809523809525,,24.314329862594604,26.663007497787476
lfw_x_fing,6,0.01,face_S>li_V>ri_V,3,HYP,GP,xfit,300,True,0.008235427663318008,0.005952380952380952,0.00814461660707191,0.002380952380952381,1.0023809523809524,1.0782691980248595,"[[0.3166932165622711, 0.2236374467611313], [14.000000953674316, 7.000000476837158], 13.0]",0.008455506307534947,0.002380952380952381,0.008546425730196613,0.009523809523809525,,24.314329862594604,26.663007497787476
lfw_x_fing,6,0.01,face_S>li_V>ri_V,3,S1-Marcialis,rule,xfit,300,True,0.006348260400703786,0.017857142857142856,0.006463193143765253,0.015476190476190477,1.4928571428571429,1.167112208411374,"[[0.627197802066803, 0.21010757982730865], [40.000003814697266, 4.0], 12.0]",0.006284805091487669,0.014285714285714285,0.00621661552449142,0.02142857142857143,,24.314329862594604,26.663007497787476
lfw_x_fing,6,0.01,face_S>li_V>ri_V,3,S2-Symmetric,rule,xfit,300,True,0.007199614053010954,0.014285714285714285,0.006644815256257449,0.034523809523809526,1.3833333333333333,1.0963803280549407,"[[0.627197802066803, 0.21010757982730865], [13.000000953674316, 10.0], 9.0]",0.00827934992612797,0.007142857142857143,0.007426980338674849,0.02142857142857143,,24.314329862594604,26.663007497787476
lfw_x_fing,6,0.01,face_S>li_V>ri_V,3,S3-SPRT,rule,xfit,300,True,0.0060077189397809184,0.005952380952380952,0.005780691299165673,0.002380952380952381,1.0273809523809523,1.056887451047165,"[[4.768832086610595, -3.319284806224638], [4.768832086610595, -3.319284806224638], -Infinity]",0.005796113194681214,0.002380952380952381,0.006239345380156836,0.009523809523809525,,24.314329862594604,26.663007497787476
lfw_x_fing,6,0.01,face_S>li_V>ri_V,3,S4-Direct,rule,xfit,300,True,0.008810091378625347,0.0011904761904761906,0.008540496055394744,0.0011904761904761906,1.005952380952381,1.6834695499177026,"[[0.3273933529853821, 0.08700227737426758], [21.000001907348633, 7.000000476837158], 17.0]",0.007739515854074327,0.0,0.00856915558586203,0.002380952380952381,,24.314329862594604,26.663007497787476
lfw_x_fing,6,0.01,face_S>ri_V>li_V,3,LR-P1-N2,GP,xfit,300,True,0.008651172030194677,0.005952380952380952,0.008663942334979283,0.002380952380952381,1.0023809523809524,1.125248311481923,"[[0.30555975437164307, 0.210688054561615], [16.000001907348633, 5.000000476837158], 19.0]",0.00879077167859984,0.002380952380952381,0.008847596317763383,0.009523809523809525,,24.314329862594604,26.663007497787476
lfw_x_fing,6,0.01,face_S>ri_V>li_V,3,HYP,GP,xfit,300,True,0.008577388046994722,0.005952380952380952,0.008483739145240933,0.002380952380952381,1.0023809523809524,1.0822521141949033,"[[0.3166932165622711, 0.2172868251800537], [14.000000953674316, 8.000000953674316], 12.0]",0.008256620070462552,0.002380952380952381,0.008887373565177862,0.009523809523809525,,24.314329862594604,26.663007497787476
lfw_x_fing,6,0.01,face_S>ri_V>li_V,3,S1-Marcialis,rule,xfit,300,True,0.006590896191611329,0.009523809523809525,0.005837448209319485,0.03214285714285714,1.4345238095238095,1.1545348771212895,"[[0.627197802066803, 0.21010757982730865], [40.000003814697266, 5.0], 12.0]",0.0065291510398908965,0.007142857142857143,0.007023525400613706,0.011904761904761904,,24.314329862594604,26.663007497787476
lfw_x_fing,6,0.01,face_S>ri_V>li_V,3,S2-Symmetric,rule,xfit,300,True,0.006504341903626767,0.009523809523809525,0.005884272660196379,0.015476190476190477,1.3785714285714286,1.1251291219705999,"[[0.627197802066803, 0.21010757982730865], [19.000001907348633, 7.0], 11.0]",0.008631662688941924,0.007142857142857143,0.006716672349130583,0.011904761904761904,,24.314329862594604,26.663007497787476
lfw_x_fing,6,0.01,face_S>ri_V>li_V,3,S3-SPRT,rule,xfit,300,True,0.005303933253873659,0.005952380952380952,0.005440149838242806,0.002380952380952381,1.0214285714285714,1.0565412338952267,"[[4.768832086610595, -3.319284806224638], [4.768832086610595, -3.319284806224638], -Infinity]",0.004989203318558927,0.002380952380952381,0.005415388112285487,0.009523809523809525,,24.314329862594604,26.663007497787476
lfw_x_fing,6,0.01,face_S>ri_V>li_V,3,S4-Direct,rule,xfit,300,True,0.008482320222487088,0.0011904761904761906,0.007903399738918213,0.0011904761904761906,1.0071428571428571,1.7399398376752369,"[[0.3273933529853821, 0.08700227737426758], [21.000001907348633, 6.000000476837158], 18.0]",0.008552108194112968,0.0,0.008347539493124218,0.002380952380952381,,24.314329862594604,26.663007497787476
lfw_x_fing,6,0.01,li_V>face_S>ri_V,3,LR-P1-N2,GP,xfit,300,True,0.007916170043702821,0.0011904761904761906,0.006833531982518871,0.007142857142857143,1.1523809523809523,1.9107157046370395,"[[19.000001907348633, 4.000000476837158], [0.34960827231407166, 0.210688054561615], 17.000001907348633]",0.008347539493124218,0.002380952380952381,0.007341743379929537,0.0,,24.314329862594604,26.663007497787476
lfw_x_fing,6,0.01,li_V>face_S>ri_V,3,HYP,GP,xfit,300,False,,,,,,,,,,,,,24.314329862594604,26.663007497787476
lfw_x_fing,6,0.01,li_V>face_S>ri_V,3,S1-Marcialis,rule,xfit,300,True,0.006351098246211476,0.013095238095238096,0.006466030989272944,0.014285714285714285,1.4761904761904763,2.040904705147852,"[[40.000003814697266, 4.0], [0.627197802066803, 0.21010757982730865], 12.0]",0.006284805091487669,0.014285714285714285,0.00621661552449142,0.011904761904761904,,24.314329862594604,26.663007497787476
lfw_x_fing,6,0.01,li_V>face_S>ri_V,3,S2-Symmetric,rule,xfit,300,True,0.006351098246211476,0.013095238095238096,0.006466030989272944,0.014285714285714285,1.4761904761904763,2.040904705147852,"[[40.000003814697266, 4.0], [0.627197802066803, 0.21010757982730865], 12.0]",0.006284805091487669,0.014285714285714285,0.00621661552449142,0.011904761904761904,,24.314329862594604,26.663007497787476
lfw_x_fing,6,0.01,li_V>face_S>ri_V,3,S3-SPRT,rule,xfit,300,True,0.0086738747942562,0.0,0.00799137294965662,0.0011904761904761906,1.2666666666666666,2.00882286168341,"[[5.409304179525658, -3.647915732656127], [5.409304179525658, -3.647915732656127], -7.040779525391353]",0.008870326173428799,0.0,0.008932833276508694,0.0,,24.314329862594604,26.663007497787476
lfw_x_fing,6,0.01,li_V>face_S>ri_V,3,S4-Direct,rule,xfit,300,True,0.007629547647426074,0.0011904761904761906,0.007798399455133663,0.005952380952380952,1.338095238095238,2.271559112321925,"[[40.000003814697266, 4.000000476837158], [0.3273933529853821, 0.08700227737426758], 18.0]",0.007370155699511308,0.002380952380952381,0.007597454256165473,0.0,,24.314329862594604,26.663007497787476
lfw_x_fing,6,0.01,li_V>ri_V>face_S,3,LR-P1-N2,GP,xfit,300,True,0.00654832850899597,0.004761904761904762,0.00535785231851978,0.011904761904761904,1.2119047619047618,2.3943711334354956,"[[19.000001907348633, 4.000000476837158], [28.000001907348633, 5.000000476837158], 0.3691422939300537]",0.00702920786453006,0.002380952380952381,0.006017729287419025,0.007142857142857143,,24.314329862594604,26.663007497787476
lfw_x_fing,6,0.01,li_V>ri_V>face_S,3,HYP,GP,xfit,300,False,,,,,,,,,,,,,24.314329862594604,26.663007497787476
lfw_x_fing,6,0.01,li_V>ri_V>face_S,3,S1-Marcialis,rule,xfit,300,True,0.008856915829502241,0.0011904761904761906,0.009140700380271299,0.005952380952380952,1.4785714285714286,2.7433111981383735,"[[40.000003814697266, 4.0], [40.000003814697266, 5.0], 0.29006248712539673]",0.009012387771337652,0.0,0.009018070235254007,0.002380952380952381,,24.314329862594604,26.663007497787476
lfw_x_fing,6,0.01,li_V>ri_V>face_S,3,S2-Symmetric,rule,xfit,300,True,0.008856915829502241,0.0011904761904761906,0.009140700380271299,0.005952380952380952,1.4785714285714286,2.7433111981383735,"[[40.000003814697266, 4.0], [40.000003814697266, 5.0], 0.29006248712539673]",0.009012387771337652,0.0,0.009018070235254007,0.002380952380952381,,24.314329862594604,26.663007497787476
lfw_x_fing,6,0.01,li_V>ri_V>face_S,3,S3-SPRT,rule,xfit,300,True,0.008022589250241217,0.013095238095238096,0.0071896815937340375,0.02619047619047619,1.332142857142857,2.0679536296044043,"[[5.409304179525658, -3.647915732656127], [5.409304179525658, -3.647915732656127], -6.250200950221283]",0.008523695874531197,0.016666666666666666,0.008341857029207865,0.009523809523809525,,24.314329862594604,26.663007497787476
lfw_x_fing,6,0.01,li_V>ri_V>face_S,3,S4-Direct,rule,xfit,300,True,0.008239684431579545,0.005952380952380952,0.008283671036948749,0.02023809523809524,1.275,2.256427720074919,"[[28.000001907348633, 4.000000476837158], [21.000001907348633, 6.000000476837158], 0.2839491069316864]",0.008688487328105466,0.002380952380952381,0.008563473121945676,0.009523809523809525,,24.314329862594604,26.663007497787476
lfw_x_fing,6,0.01,ri_V>face_S>li_V,3,LR-P1-N2,GP,xfit,300,True,0.00717974913445712,0.007142857142857143,0.00692718088427266,0.013095238095238096,1.0857142857142856,1.6885762529087915,"[[19.000001907348633, 5.000000476837158], [0.34518274664878845, 0.210688054561615], 17.000001907348633]",0.006807591771792249,0.004761904761904762,0.007284918740765996,0.009523809523809525,,24.314329862594604,26.663007497787476
lfw_x_fing,6,0.01,ri_V>face_S>li_V,3,HYP,GP,xfit,300,True,0.0076040070378568594,0.034523809523809526,0.007446506612180033,0.04404761904761905,1.0488095238095239,1.154852715818151,"[[18.000001907348633, 9.000000953674316], [0.36656084656715393, 0.30545905232429504], 10.000000953674316]",0.007222411637686101,0.03571428571428571,0.0076770087509944315,0.03333333333333333,,24.314329862594604,26.663007497787476
lfw_x_fing,6,0.01,ri_V>face_S>li_V,3,S1-Marcialis,rule,xfit,300,True,0.006592315114365174,0.007142857142857143,0.005844542823088711,0.03571428571428571,1.3083333333333333,1.881823599523242,"[[40.000003814697266, 5.0], [0.627197802066803, 0.21010757982730865], 12.0]",0.0065291510398908965,0.007142857142857143,0.007023525400613706,0.007142857142857143,,24.314329862594604,26.663007497787476
lfw_x_fing,6,0.01,ri_V>face_S>li_V,3,S2-Symmetric,rule,xfit,300,True,0.006592315114365174,0.007142857142857143,0.005844542823088711,0.03571428571428571,1.3083333333333333,1.881823599523242,"[[40.000003814697266, 5.0], [0.627197802066803, 0.21010757982730865], 12.0]",0.0065291510398908965,0.007142857142857143,0.007023525400613706,0.007142857142857143,,24.314329862594604,26.663007497787476
lfw_x_fing,6,0.01,ri_V>face_S>li_V,3,S3-SPRT,rule,xfit,300,True,0.00856887451047165,0.0011904761904761906,0.0088242806061638,0.0011904761904761906,1.1630952380952382,2.0098260400703785,"[[5.072711235502946, -3.8358973835482844], [5.072711235502946, -3.8358973835482844], -6.98507544183804]",0.00883054892601432,0.0,0.008915785884759633,0.002380952380952381,,24.314329862594604,26.663007497787476
lfw_x_fing,6,0.01,ri_V>face_S>li_V,3,S4-Direct,rule,xfit,300,True,0.00811765707474885,0.0011904761904761906,0.007182586979964811,0.008333333333333333,1.2333333333333334,2.2218812077870482,"[[40.000003814697266, 4.000000476837158], [0.3273933529853821, 0.08700227737426758], 18.0]",0.008370269348789636,0.0,0.007915672235481305,0.002380952380952381,,24.314329862594604,26.663007497787476
lfw_x_fing,6,0.01,ri_V>li_V>face_S,3,LR-P1-N2,GP,xfit,300,True,0.008018332481979681,0.007142857142857143,0.007805494068902889,0.013095238095238096,1.1285714285714286,2.184685566717748,"[[18.000001907348633, 5.000000476837158], [28.000001907348633, 4.000000476837158], 0.36656084656715393]",0.0076770087509944315,0.007142857142857143,0.008069098761222866,0.007142857142857143,,24.314329862594604,26.663007497787476
lfw_x_fing,6,0.01,ri_V>li_V>face_S,3,HYP,GP,xfit,300,True,0.007565696123503036,0.07261904761904762,0.007385492933764686,0.08095238095238096,1.0178571428571428,1.0101850275271014,"[[18.000001907348633, 16.000001907348633], [17.000001907348633, 7.000000476837158], 0.32235023379325867]",0.007233776565518809,0.08095238095238096,0.0076372315035799524,0.06428571428571428,,24.314329862594604,26.663007497787476
lfw_x_fing,6,0.01,ri_V>li_V>face_S,3,S1-Marcialis,rule,xfit,300,True,0.008856915829502241,0.0011904761904761906,0.009140700380271299,0.008333333333333333,1.369047619047619,2.596807423803848,"[[40.000003814697266, 5.0], [40.000003814697266, 4.0], 0.29006248712539673]",0.009012387771337652,0.0,0.009018070235254007,0.002380952380952381,,24.314329862594604,26.663007497787476
lfw_x_fing,6,0.01,ri_V>li_V>face_S,3,S2-Symmetric,rule,xfit,300,True,0.008856915829502241,0.0011904761904761906,0.009140700380271299,0.008333333333333333,1.369047619047619,2.596807423803848,"[[40.000003814697266, 5.0], [40.000003814697266, 4.0], 0.29006248712539673]",0.009012387771337652,0.0,0.009018070235254007,0.002380952380952381,,24.314329862594604,26.663007497787476
lfw_x_fing,6,0.01,ri_V>li_V>face_S,3,S3-SPRT,rule,xfit,300,True,0.007992791872410466,0.013095238095238096,0.00717691128894943,0.025,1.2285714285714286,2.076291219705999,"[[5.072711235502946, -3.8358973835482844], [5.072711235502946, -3.8358973835482844], -6.209919091462318]",0.008535060802363905,0.016666666666666666,0.008347539493124218,0.009523809523809525,,24.314329862594604,26.663007497787476
lfw_x_fing,6,0.01,ri_V>li_V>face_S,3,S4-Direct,rule,xfit,300,True,0.008774618309779216,0.002380952380952381,0.008939213349225268,0.009523809523809525,1.1726190476190477,2.5086525909529485,"[[22.000001907348633, 4.000000476837158], [40.000003814697266, 4.000000476837158], 0.2943793833255768]",0.008853278781679736,0.002380952380952381,0.008921468348675986,0.002380952380952381,,24.314329862594604,26.663007497787476
lfw_x_fing,6,0.01,parallel,3,P0-Parallel,parallel,xfit,300,True,0.007863669901810545,0.004761904761904762,0.006823599523241955,0.007142857142857143,1.0,1.0,[5.592019557952881],0.008302079781793386,0.007142857142857143,0.007927037163314013,0.002380952380952381,,24.314329862594604,26.663007497787476
lfw_x_fing,6,0.01,parallel,3,P1-LLR,parallel,xfit,300,True,0.008062319087348885,0.0,0.007594074578579942,0.0011904761904761906,1.0,1.0,[-5.698112350298431],0.008625980225025571,0.0,0.008500966018865781,0.0,,24.314329862594604,26.663007497787476
lfw_x_fing,6,0.01,parallel,3,P2-LogReg,parallel,xfit,300,True,0.008468130994948635,0.0,0.008614280038594699,0.0011904761904761906,1.0,1.0,[-6.271233128053703],0.008949880668257757,0.0,0.008983975451755881,0.0,,24.314329862594604,26.663007497787476
lfw_x_fing,6,0.001,face_S,1,LR-P1-N2,GP,xfit,300,True,0.0006839207673534252,0.015476190476190477,0.0007236506044610931,0.011904761904761904,1.0,1.0,[0.3711036443710327],0.0008069098761222867,0.011904761904761904,0.0007614501647914536,0.01904761904761905,,24.314329862594604,26.663007497787476
lfw_x_fing,6,0.001,face_S,1,HYP,GP,xfit,300,True,0.0006839207673534252,0.015476190476190477,0.0007236506044610931,0.011904761904761904,1.0,1.0,[0.3711036443710327],0.0008069098761222867,0.011904761904761904,0.0007614501647914536,0.01904761904761905,,24.314329862594604,26.663007497787476
lfw_x_fing,6,0.001,li_V,1,LR-P1-N2,GP,xfit,300,True,0.0005349338781996708,0.17976190476190476,0.00037885237527668993,0.21071428571428572,1.0,1.0,[27.0],0.0005909762473008297,0.18095238095238095,0.0004716445050573929,0.17857142857142858,,24.314329862594604,26.663007497787476
lfw_x_fing,6,0.001,li_V,1,HYP,GP,xfit,300,False,,,,,,,,,,,,,24.314329862594604,26.663007497787476
lfw_x_fing,6,0.001,ri_V,1,LR-P1-N2,GP,xfit,300,True,0.0006668936943072819,0.1357142857142857,0.0006541233895226744,0.12857142857142856,1.0,1.0,[26.0],0.0007216729173769746,0.14761904761904762,0.0006818956699624957,0.12380952380952381,,24.314329862594604,26.663007497787476
lfw_x_fing,6,0.001,ri_V,1,HYP,GP,xfit,300,False,,,,,,,,,,,,,24.314329862594604,26.663007497787476
lfw_x_fing,6,0.001,face_S>li_V,2,LR-P1-N2,GP,xfit,300,True,0.0006768261535841989,0.007142857142857143,0.0006895964583688065,0.002380952380952381,1.0107142857142857,1.0837192803223792,"[[0.37458643317222595, 0.210688054561615], 25.0]",0.0007614501647914536,0.004761904761904762,0.000738720309126037,0.009523809523809525,,24.314329862594604,26.663007497787476
lfw_x_fing,6,0.001,face_S>li_V,2,HYP,GP,xfit,300,True,0.0005931097111073273,0.011904761904761904,0.0005973664793688632,0.005952380952380952,1.0083333333333333,1.0034295362960441,"[[0.3857640326023102, 0.3253001570701599], 13.0]",0.000778497556540516,0.007142857142857143,0.0007444027730423912,0.016666666666666666,,24.314329862594604,26.663007497787476
lfw_x_fing,6,0.001,face_S>li_V,2,S1-Marcialis,rule,xfit,300,True,0.0006867586128611158,0.034523809523809526,0.0004767580452920143,0.07142857142857142,1.3583333333333334,1.0853581361030706,"[[0.627197802066803, 0.21010757982730865], 19.0]",0.0007103079895442664,0.02619047619047619,0.0006989430617115581,0.04285714285714286,,24.314329862594604,26.663007497787476
lfw_x_fing,6,0.001,face_S>li_V,2,S2-Symmetric,rule,xfit,300,True,0.0006867586128611158,0.034523809523809526,0.0004767580452920143,0.07142857142857142,1.3583333333333334,1.0853581361030706,"[[0.627197802066803, 0.21010757982730865], 19.0]",0.0007103079895442664,0.02619047619047619,0.0006989430617115581,0.04285714285714286,,24.314329862594604,26.663007497787476
lfw_x_fing,6,0.001,face_S>li_V,2,S3-SPRT,rule,xfit,300,True,0.0006768261535841989,0.005952380952380952,0.0006640558487995914,0.002380952380952381,1.0642857142857143,1.0512699358646915,"[[8.204839539952536, -3.319284806224638], -0.1737141787550751]",0.0007898624843732243,0.002380952380952381,0.0007614501647914536,0.009523809523809525,,24.314329862594604,26.663007497787476
lfw_x_fing,6,0.001,face_S>li_V,2,S4-Direct,rule,xfit,300,True,0.0005959475566150178,0.010714285714285714,0.0004824337363073954,0.009523809523809525,1.0666666666666667,1.027788183211306,"[[0.4909484386444092, 0.25847816467285156], 16.0]",0.0006364359586316627,0.004761904761904762,0.0006307534947153086,0.016666666666666666,,24.314329862594604,26.663007497787476
lfw_x_fing,6,0.001,face_S>ri_V,2,LR-P1-N2,GP,xfit,300,True,0.0007108802996764857,0.007142857142857143,0.0007392587547533912,0.002380952380952381,1.0107142857142857,1.0837093478631024,"[[0.37426602840423584, 0.210688054561615], 24.0]",0.0007898624843732243,0.002380952380952381,0.0007671326287078077,0.011904761904761904,,24.314329862594604,26.663007497787476
lfw_x_fing,6,0.001,face_S>ri_V,2,HYP,GP,xfit,300,True,0.0006427720074919122,0.010714285714285714,0.0006612180032919008,0.004761904761904762,1.0095238095238095,1.0048711618139508,"[[0.3857640326023102, 0.3160370886325836], 13.0]",0.0006818956699624957,0.004761904761904762,0.0007159904534606205,0.016666666666666666,,24.314329862594604,26.663007497787476
lfw_x_fing,6,0.001,face_S>ri_V,2,S1-Marcialis,rule,xfit,300,True,0.0008102048924456553,0.03333333333333333,0.0008683807253533118,0.02738095238095238,1.3583333333333334,1.0853581361030706,"[[0.627197802066803, 0.21010757982730865], 18.0]",0.0005966587112171838,0.02619047619047619,0.0007728150926241619,0.04047619047619048,,24.314329862594604,26.663007497787476
lfw_x_fing,6,0.001,face_S>ri_V,2,S2-Symmetric,rule,xfit,300,True,0.0008102048924456553,0.03333333333333333,0.0008683807253533118,0.02738095238095238,1.3583333333333334,1.0853581361030706,"[[0.627197802066803, 0.21010757982730865], 18.0]",0.0005966587112171838,0.02619047619047619,0.0007728150926241619,0.04047619047619048,,24.314329862594604,26.663007497787476
lfw_x_fing,6,0.001,face_S>ri_V,2,S3-SPRT,rule,xfit,300,True,0.0007591236733072252,0.007142857142857143,0.0007775696691072138,0.002380952380952381,1.0642857142857143,1.0512699358646915,"[[8.204839539952536, -3.319284806224638], -0.5049671077909739]",0.0007955449482895784,0.002380952380952381,0.000778497556540516,0.011904761904761904,,24.314329862594604,26.663007497787476
lfw_x_fing,6,0.001,face_S>ri_V,2,S4-Direct,rule,xfit,300,True,0.0005959475566150178,0.005952380952380952,0.0006541233895226744,0.002380952380952381,1.0273809523809523,1.1138869969918839,"[[0.4321596920490265, 0.19561396539211273], 20.0]",0.0006023411751335379,0.0,0.0005909762473008297,0.011904761904761904,,24.314329862594604,26.663007497787476
lfw_x_fing,6,0.001,li_V>face_S,2,LR-P1-N2,GP,xfit,300,True,0.0007193938361995573,0.002380952380952381,0.0006895964583688065,0.008333333333333333,1.2333333333333334,1.845744650661218,"[[29.000001907348633, 4.000000476837158], 0.37351059913635254]",0.000738720309126037,0.004761904761904762,0.0007500852369587453,0.0,,24.314329862594604,26.663007497787476
lfw_x_fing,6,0.001,li_V>face_S,2,HYP,GP,xfit,300,False,,,,,,,,,,,,,24.314329862594604,26.663007497787476
lfw_x_fing,6,0.001,li_V>face_S,2,S1-Marcialis,rule,xfit,300,True,0.0007023667631534139,0.002380952380952381,0.0007435155230149271,0.002380952380952381,1.3416666666666666,1.9591506328395483,"[[40.000003814697266, 4.0], 0.36939775943756104]",0.0007955449482895784,0.002380952380952381,0.0007557677008750995,0.002380952380952381,,24.314329862594604,26.663007497787476
lfw_x_fing,6,0.001,li_V>face_S,2,S2-Symmetric,rule,xfit,300,True,0.0007023667631534139,0.002380952380952381,0.0007435155230149271,0.002380952380952381,1.3416666666666666,1.9591506328395483,"[[40.000003814697266, 4.0], 0.36939775943756104]",0.0007955449482895784,0.002380952380952381,0.0007557677008750995,0.002380952380952381,,24.314329862594604,26.663007497787476
lfw_x_fing,6,0.001,li_V>face_S,2,S3-SPRT,rule,xfit,300,True,0.0007052046086611044,0.0,0.000708042454168795,0.0011904761904761906,1.3107142857142857,1.9999801350814461,"[[7.373931782355961, -3.647915732656127], -0.1178205797588674]",0.0007841800204568701,0.0,0.0007671326287078077,0.0,,24.314329862594604,26.663007497787476
lfw_x_fing,6,0.001,li_V>face_S,2,S4-Direct,rule,xfit,300,True,0.0007066235314149498,0.0035714285714285713,0.0007250695272149384,0.008333333333333333,1.3357142857142856,1.845880867245587,"[[40.000003814697266, 4.000000476837158], 0.36659109592437744]",0.0007841800204568701,0.004761904761904762,0.0007614501647914536,0.002380952380952381,,24.314329862594604,26.663007497787476
lfw_x_fing,6,0.001,li_V>ri_V,2,LR-P1-N2,GP,xfit,300,True,0.0007151370679380214,0.05357142857142857,0.0005902718655996367,0.08333333333333333,1.2154761904761904,1.8456282989954027,"[[27.000001907348633, 4.000000476837158], 28.0]",0.0007614501647914536,0.05238095238095238,0.0006762132060461416,0.05476190476190476,,24.314329862594604,26.663007497787476
lfw_x_fing,6,0.001,li_V>ri_V,2,HYP,GP,xfit,300,False,,,,,,,,,,,,,24.314329862594604,26.663007497787476
lfw_x_fing,6,0.001,li_V>ri_V,2,S1-Marcialis,rule,xfit,300,True,0.0006640558487995914,0.0869047619047619,0.0006541233895226744,0.08928571428571429,1.3416666666666666,1.9591506328395483,"[[40.000003814697266, 4.0], 26.0]",0.0007216729173769746,0.08571428571428572,0.0006705307421297874,0.0880952380952381,,24.314329862594604,26.663007497787476
lfw_x_fing,6,0.001,li_V>ri_V,2,S2-Symmetric,rule,xfit,300,True,0.0006640558487995914,0.0869047619047619,0.0006541233895226744,0.08928571428571429,1.3416666666666666,1.9591506328395483,"[[40.000003814697266, 4.0], 26.0]",0.0007216729173769746,0.08571428571428572,0.0006705307421297874,0.0880952380952381,,24.314329862594604,26.663007497787476
lfw_x_fing,6,0.001,li_V>ri_V,2,S3-SPRT,rule,xfit,300,True,0.0007789885918610591,0.04642857142857143,0.0006981099948918781,0.08214285714285714,1.2392857142857143,1.9998595266473693,"[[4.9014977448844474, -3.647915732656127], 2.6256796771321356]",0.0007103079895442664,0.04523809523809524,0.000693260597795204,0.05,,24.314329862594604,26.663007497787476
lfw_x_fing,6,0.001,li_V>ri_V,2,S4-Direct,rule,xfit,300,True,0.0007335830637380101,0.05476190476190476,0.0006470287757534479,0.08214285714285714,1.2273809523809525,1.8456850559055564,"[[28.000001907348633, 4.000000476837158], 27.0]",0.0006364359586316627,0.05476190476190476,0.0007159904534606205,0.05714285714285714,,24.314329862594604,26.663007497787476
lfw_x_fing,6,0.001,ri_V>face_S,2,LR-P1-N2,GP,xfit,300,True,0.0006683126170611272,0.007142857142857143,0.0006782450763380441,0.013095238095238096,1.1452380952380952,1.6413247062829899,"[[29.000001907348633, 5.000000476837158], 0.36941078305244446]",0.0006989430617115581,0.004761904761904762,0.0006989430617115581,0.009523809523809525,,24.314329862594604,26.663007497787476
lfw_x_fing,6,0.001,ri_V>face_S,2,HYP,GP,xfit,300,False,,,,,,,,,,,,,24.314329862594604,26.663007497787476
lfw_x_fing,6,0.001,ri_V>face_S,2,S1-Marcialis,rule,xfit,300,True,0.0007009478403995687,0.002380952380952381,0.0007236506044610931,0.008333333333333333,1.2321428571428572,1.812646858505023,"[[40.000003814697266, 5.0], 0.36608222126960754]",0.0007841800204568701,0.0,0.000778497556540516,0.004761904761904762,,24.314329862594604,26.663007497787476
lfw_x_fing,6,0.001,ri_V>face_S,2,S2-Symmetric,rule,xfit,300,True,0.0007009478403995687,0.002380952380952381,0.0007236506044610931,0.008333333333333333,1.2321428571428572,1.812646858505023,"[[40.000003814697266, 5.0], 0.36608222126960754]",0.0007841800204568701,0.0,0.000778497556540516,0.004761904761904762,,24.314329862594604,26.663007497787476
lfw_x_fing,6,0.001,ri_V>face_S,2,S3-SPRT,rule,xfit,300,True,0.0007477722912764629,0.002380952380952381,0.0007335830637380101,0.0011904761904761906,1.2,1.999971621544923,"[[7.249488451020164, -3.8358973835482844], -0.29242400054085405]",0.0007841800204568701,0.0,0.0007728150926241619,0.004761904761904762,,24.314329862594604,26.663007497787476
lfw_x_fing,6,0.001,ri_V>face_S,2,S4-Direct,rule,xfit,300,True,0.0007009478403995687,0.002380952380952381,0.0007236506044610931,0.008333333333333333,1.2321428571428572,1.812646858505023,"[[40.000003814697266, 4.000000476837158], 0.36608222126960754]",0.0007841800204568701,0.0,0.000778497556540516,0.004761904761904762,,24.314329862594604,26.663007497787476
lfw_x_fing,6,0.001,ri_V>li_V,2,LR-P1-N2,GP,xfit,300,True,0.0006881775356149611,0.055952380952380955,0.0005689880242919575,0.08333333333333333,1.1297619047619047,1.6411388274022363,"[[27.000001907348633, 5.000000476837158], 28.0]",0.0007216729173769746,0.05714285714285714,0.0006762132060461416,0.05476190476190476,,24.314329862594604,26.663007497787476
lfw_x_fing,6,0.001,ri_V>li_V,2,HYP,GP,xfit,300,False,,,,,,,,,,,,,24.314329862594604,26.663007497787476
lfw_x_fing,6,0.001,ri_V>li_V,2,S1-Marcialis,rule,xfit,300,True,0.0007066235314149498,0.08095238095238096,0.0005349338781996708,0.11071428571428571,1.2321428571428572,1.812646858505023,"[[40.000003814697266, 5.0], 26.0]",0.0005682463916354131,0.07857142857142857,0.0006705307421297874,0.08571428571428572,,24.314329862594604,26.663007497787476
lfw_x_fing,6,0.001,ri_V>li_V,2,S2-Symmetric,rule,xfit,300,True,0.0007066235314149498,0.08095238095238096,0.0005349338781996708,0.11071428571428571,1.2321428571428572,1.812646858505023,"[[40.000003814697266, 5.0], 26.0]",0.0005682463916354131,0.07857142857142857,0.0006705307421297874,0.08571428571428572,,24.314329862594604,26.663007497787476
lfw_x_fing,6,0.001,ri_V>li_V,2,S3-SPRT,rule,xfit,300,True,0.0008087859696918099,0.047619047619047616,0.0007264884499687837,0.08214285714285714,1.2,1.999971621544923,"[[7.249488451020164, -3.8358973835482844], 2.5069626555956006]",0.0007046255256279122,0.04523809523809524,0.0006875781338788498,0.05,,24.314329862594604,26.663007497787476
lfw_x_fing,6,0.001,ri_V>li_V,2,S4-Direct,rule,xfit,300,True,0.0007122992224303309,0.05357142857142857,0.0005931097111073273,0.08214285714285714,1.1345238095238095,1.8122935467393155,"[[27.000001907348633, 4.000000476837158], 28.0]",0.0007500852369587453,0.05238095238095238,0.0006818956699624957,0.05476190476190476,,24.314329862594604,26.663007497787476
lfw_x_fing,6,0.001,face_S>li_V>ri_V,3,LR-P1-N2,GP,xfit,300,False,,,,,,,,0.0007955449482895784,0.002380952380952381,,,True,24.314329862594604,26.663007497787476
lfw_x_fing,6,0.001,face_S>li_V>ri_V,3,HYP,GP,xfit,300,True,0.0006711504625688178,0.009523809523809525,0.0006583801577842103,0.004761904761904762,1.0095238095238095,1.0078097508371644,"[[0.3857640326023102, 0.3104551434516907], [14.000000953674316, 7.000000476837158], 14.0]",0.0007614501647914536,0.004761904761904762,0.0007671326287078077,0.014285714285714285,,24.314329862594604,26.663007497787476
lfw_x_fing,6,0.001,face_S>li_V>ri_V,3,S1-Marcialis,rule,xfit,300,True,0.0007931778193995118,0.02261904761904762,0.0008612861115840853,0.02142857142857143,1.4928571428571429,1.167112208411374,"[[0.627197802066803, 0.21010757982730865], [40.000003814697266, 4.0], 18.0]",0.0005909762473008297,0.01904761904761905,0.0007557677008750995,0.02619047619047619,,24.314329862594604,26.663007497787476
lfw_x_fing,6,0.001,face_S>li_V>ri_V,3,S2-Symmetric,rule,xfit,300,False,,,,,,,,,,,,,24.314329862594604,26.663007497787476
lfw_x_fing,6,0.001,face_S>li_V>ri_V,3,S3-SPRT,rule,xfit,300,True,0.0007804075146149044,0.005952380952380952,0.0007122992224303309,0.002380952380952381,1.075,1.0570463703955957,"[[8.204839539952536, -3.319284806224638], [8.204839539952536, -3.319284806224638], -2.903015700118756]",0.0007898624843732243,0.002380952380952381,0.0007728150926241619,0.009523809523809525,,24.314329862594604,26.663007497787476
lfw_x_fing,6,0.001,face_S>li_V>ri_V,3,S4-Direct,rule,xfit,300,True,0.0007222316817072479,0.0011904761904761906,0.0006782450763380441,0.0011904761904761906,1.0178571428571428,1.6888912537601453,"[[0.38973119854927063, 0.08700227737426758], [28.000001907348633, 7.000000476837158], 26.0]",0.0006818956699624957,0.0,0.0007444027730423912,0.002380952380952381,,24.314329862594604,26.663007497787476
lfw_x_fing,6,0.001,face_S>ri_V>li_V,3,LR-P1-N2,GP,xfit,300,False,,,,,,,,,,,,,24.314329862594604,26.663007497787476
lfw_x_fing,6,0.001,face_S>ri_V>li_V,3,HYP,GP,xfit,300,True,0.0006711504625688178,0.009523809523809525,0.0006683126170611272,0.004761904761904762,1.0095238095238095,1.0080750893921335,"[[0.3857640326023102, 0.30611103773117065], [14.000000953674316, 8.000000953674316], 13.0]",0.0007273553812933288,0.004761904761904762,0.0007841800204568701,0.014285714285714285,,24.314329862594604,26.663007497787476
lfw_x_fing,6,0.001,face_S>ri_V>li_V,3,S1-Marcialis,rule,xfit,300,True,0.000627163857199614,0.017857142857142856,0.00042993359441512006,0.039285714285714285,1.4345238095238095,1.1545348771212895,"[[0.627197802066803, 0.21010757982730865], [40.000003814697266, 5.0], 19.0]",0.0006591658142970792,0.016666666666666666,0.0006193885668826003,0.01904761904761905,,24.314329862594604,26.663007497787476
lfw_x_fing,6,0.001,face_S>ri_V>li_V,3,S2-Symmetric,rule,xfit,300,True,0.0007647993643226063,0.013095238095238096,0.0006853396901072706,0.02023809523809524,1.3785714285714286,1.1251291219705999,"[[0.627197802066803, 0.21010757982730865], [19.000001907348633, 7.0], 20.0]",0.000693260597795204,0.009523809523809525,0.0007216729173769746,0.016666666666666666,,24.314329862594604,26.663007497787476
lfw_x_fing,6,0.001,face_S>ri_V>li_V,3,S3-SPRT,rule,xfit,300,True,0.0007818264373687496,0.005952380952380952,0.0007477722912764629,0.002380952380952381,1.0654761904761905,1.0567058289346727,"[[8.204839539952536, -3.319284806224638], [8.204839539952536, -3.319284806224638], -2.9233030955298123]",0.0007728150926241619,0.002380952380952381,0.0007728150926241619,0.009523809523809525,,24.314329862594604,26.663007497787476
lfw_x_fing,6,0.001,face_S>ri_V>li_V,3,S4-Direct,rule,xfit,300,True,0.000637096316476531,0.0011904761904761906,0.0006214881661842329,0.0011904761904761906,1.0166666666666666,1.7458113400306488,"[[0.38973119854927063, 0.08700227737426758], [28.000001907348633, 6.000000476837158], 27.0]",0.0007159904534606205,0.0,0.0006648482782134333,0.002380952380952381,,24.314329862594604,26.663007497787476
lfw_x_fing,6,0.001,li_V>face_S>ri_V,3,LR-P1-N2,GP,xfit,300,True,0.0006612180032919008,0.0011904761904761906,0.0005931097111073273,0.007142857142857143,1.2297619047619048,1.9166099097565128,"[[28.000001907348633, 4.000000476837158], [0.390290230512619, 0.210688054561615], 23.000001907348633]",0.0007103079895442664,0.002380952380952381,0.0006421184225480168,0.0,,24.314329862594604,26.663007497787476
lfw_x_fing,6,0.001,li_V>face_S>ri_V,3,HYP,GP,xfit,300,False,,,,,,,,,,,,,24.314329862594604,26.663007497787476
lfw_x_fing,6,0.001,li_V>face_S>ri_V,3,S1-Marcialis,rule,xfit,300,True,0.0007960156649072025,0.017857142857142856,0.0008641239570917759,0.02023809523809524,1.4761904761904763,2.040904705147852,"[[40.000003814697266, 4.0], [0.627197802066803, 0.21010757982730865], 18.0]",0.0005909762473008297,0.01904761904761905,0.0007557677008750995,0.016666666666666666,,24.314329862594604,26.663007497787476
lfw_x_fing,6,0.001,li_V>face_S>ri_V,3,S2-Symmetric,rule,xfit,300,True,0.0007960156649072025,0.017857142857142856,0.0008641239570917759,0.02023809523809524,1.4761904761904763,2.040904705147852,"[[40.000003814697266, 4.0], [0.627197802066803, 0.21010757982730865], 18.0]",0.0005909762473008297,0.01904761904761905,0.0007557677008750995,0.016666666666666666,,24.314329862594604,26.663007497787476
lfw_x_fing,6,0.001,li_V>face_S>ri_V,3,S3-SPRT,rule,xfit,300,True,0.0006995289176457233,0.0,0.0006640558487995914,0.0011904761904761906,1.338095238095238,2.0089292808899484,"[[7.373931782355961, -3.647915732656127], [7.373931782355961, -3.647915732656127], -2.3279460258417015]",0.0007500852369587453,0.0,0.0007500852369587453,0.0,,24.314329862594604,26.663007497787476
lfw_x_fing,6,0.001,li_V>face_S>ri_V,3,S4-Direct,rule,xfit,300,True,0.0006172313979226971,0.002380952380952381,0.0006285827799534594,0.007142857142857143,1.3392857142857142,2.274294795391339,"[[40.000003814697266, 4.000000476837158], [0.38973119854927063, 0.08700227737426758], 26.0]",0.000653483350380725,0.002380952380952381,0.0006364359586316627,0.002380952380952381,,24.314329862594604,26.663007497787476
lfw_x_fing,6,0.001,li_V>ri_V>face_S,3,LR-P1-N2,GP,xfit,300,True,0.0006456098529996027,0.004761904761904762,0.000510812191384301,0.015476190476190477,1.2916666666666667,2.402312844088768,"[[26.000001907348633, 4.000000476837158], [34.000003814697266, 5.000000476837158], 0.4059893786907196]",0.0007159904534606205,0.002380952380952381,0.0005909762473008297,0.007142857142857143,,24.314329862594604,26.663007497787476
lfw_x_fing,6,0.001,li_V>ri_V>face_S,3,HYP,GP,xfit,300,False,,,,,,,,,,,,,24.314329862594604,26.663007497787476
lfw_x_fing,6,0.001,li_V>ri_V>face_S,3,S1-Marcialis,rule,xfit,300,True,0.0006966910721380328,0.0011904761904761906,0.0007122992224303309,0.005952380952380952,1.4785714285714286,2.7433111981383735,"[[40.000003814697266, 4.0], [40.000003814697266, 5.0], 0.36548087000846863]",0.000778497556540516,0.0,0.0007671326287078077,0.002380952380952381,,24.314329862594604,26.663007497787476
lfw_x_fing,6,0.001,li_V>ri_V>face_S,3,S2-Symmetric,rule,xfit,300,True,0.0006966910721380328,0.0011904761904761906,0.0007122992224303309,0.005952380952380952,1.4785714285714286,2.7433111981383735,"[[40.000003814697266, 4.0], [40.000003814697266, 5.0], 0.36548087000846863]",0.000778497556540516,0.0,0.0007671326287078077,0.002380952380952381,,24.314329862594604,26.663007497787476
lfw_x_fing,6,0.001,li_V>ri_V>face_S,3,S3-SPRT,rule,xfit,300,True,0.0007108802996764857,0.013095238095238096,0.0006640558487995914,0.02619047619047619,1.3952380952380952,2.0681054543390656,"[[7.373931782355961, -3.647915732656127], [7.373931782355961, -3.647915732656127], -2.3914576609272]",0.0007444027730423912,0.016666666666666666,0.0007159904534606205,0.009523809523809525,,24.314329862594604,26.663007497787476
lfw_x_fing,6,0.001,li_V>ri_V>face_S,3,S4-Direct,rule,xfit,300,True,0.0007435155230149271,0.005952380952380952,0.0006853396901072706,0.02023809523809524,1.2952380952380953,2.25858306373801,"[[28.000001907348633, 4.000000476837158], [28.000001907348633, 6.000000476837158], 0.3764559328556061]",0.0007614501647914536,0.002380952380952381,0.0007444027730423912,0.009523809523809525,,24.314329862594604,26.663007497787476
lfw_x_fing,6,0.001,ri_V>face_S>li_V,3,LR-P1-N2,GP,xfit,300,True,0.0007250695272149384,0.007142857142857143,0.0007066235314149498,0.013095238095238096,1.1297619047619047,1.6947556615017878,"[[27.000001907348633, 5.000000476837158], [0.3866615891456604, 0.210688054561615], 24.0]",0.0007728150926241619,0.004761904761904762,0.0007444027730423912,0.009523809523809525,,24.314329862594604,26.663007497787476
lfw_x_fing,6,0.001,ri_V>face_S>li_V,3,HYP,GP,xfit,300,False,,,,,,,,,,,,,24.314329862594604,26.663007497787476
lfw_x_fing,6,0.001,ri_V>face_S>li_V,3,S1-Marcialis,rule,xfit,300,True,0.0006285827799534594,0.015476190476190477,0.00043702820818434645,0.04285714285714286,1.3083333333333333,1.881823599523242,"[[40.000003814697266, 5.0], [0.627197802066803, 0.21010757982730865], 19.0]",0.0006591658142970792,0.016666666666666666,0.0006193885668826003,0.014285714285714285,,24.314329862594604,26.663007497787476
lfw_x_fing,6,0.001,ri_V>face_S>li_V,3,S2-Symmetric,rule,xfit,300,True,0.0006285827799534594,0.015476190476190477,0.00043702820818434645,0.04285714285714286,1.3083333333333333,1.881823599523242,"[[40.000003814697266, 5.0], [0.627197802066803, 0.21010757982730865], 19.0]",0.0006591658142970792,0.016666666666666666,0.0006193885668826003,0.014285714285714285,,24.314329862594604,26.663007497787476
lfw_x_fing,6,0.001,ri_V>face_S>li_V,3,S3-SPRT,rule,xfit,300,True,0.0007392587547533912,0.0011904761904761906,0.0006810829218457347,0.0011904761904761906,1.207142857142857,2.0100473920199784,"[[7.249488451020164, -3.8358973835482844], [7.249488451020164, -3.8358973835482844], -2.2826601582632797]",0.0007614501647914536,0.0,0.0007671326287078077,0.002380952380952381,,24.314329862594604,26.663007497787476
lfw_x_fing,6,0.001,ri_V>face_S>li_V,3,S4-Direct,rule,xfit,300,True,0.000611555706907316,0.0011904761904761906,0.0005789204835688745,0.009523809523809525,1.2345238095238096,2.224511890572677,"[[40.000003814697266, 4.000000476837158], [0.38973119854927063, 0.08700227737426758], 26.0]",0.000778497556540516,0.0,0.000653483350380725,0.002380952380952381,,24.314329862594604,26.663007497787476
lfw_x_fing,6,0.001,ri_V>li_V>face_S,3,LR-P1-N2,GP,xfit,300,True,0.0006002043248765537,0.007142857142857143,0.000611555706907316,0.014285714285714285,1.2035714285714285,2.197685736988478,"[[26.000001907348633, 5.000000476837158], [34.000003814697266, 4.000000476837158], 0.4047035872936249]",0.0006648482782134333,0.007142857142857143,0.0006421184225480168,0.007142857142857143,,24.314329862594604,26.663007497787476
lfw_x_fing,6,0.001,ri_V>li_V>face_S,3,HYP,GP,xfit,300,False,,,,,,,,,,,,,24.314329862594604,26.663007497787476
lfw_x_fing,6,0.001,ri_V>li_V>face_S,3,S1-Marcialis,rule,xfit,300,True,0.0006966910721380328,0.0011904761904761906,0.0007122992224303309,0.008333333333333333,1.369047619047619,2.596807423803848,"[[40.000003814697266, 5.0], [40.000003814697266, 4.0], 0.36548087000846863]",0.000778497556540516,0.0,0.0007671326287078077,0.002380952380952381,,24.314329862594604,26.663007497787476
lfw_x_fing,6,0.001,ri_V>li_V>face_S,3,S2-Symmetric,rule,xfit,300,True,0.0006966910721380328,0.0011904761904761906,0.0007122992224303309,0.008333333333333333,1.369047619047619,2.596807423803848,"[[40.000003814697266, 5.0], [40.000003814697266, 4.0], 0.36548087000846863]",0.000778497556540516,0.0,0.0007671326287078077,0.002380952380952381,,24.314329862594604,26.663007497787476
lfw_x_fing,6,0.001,ri_V>li_V>face_S,3,S3-SPRT,rule,xfit,300,True,0.0007037856859072592,0.013095238095238096,0.0006413530847380668,0.025,1.2833333333333334,2.076556558260968,"[[7.249488451020164, -3.8358973835482844], [7.249488451020164, -3.8358973835482844], -2.3293820008974953]",0.0007444027730423912,0.016666666666666666,0.0007046255256279122,0.009523809523809525,,24.314329862594604,26.663007497787476
lfw_x_fing,6,0.001,ri_V>li_V>face_S,3,S4-Direct,rule,xfit,300,True,0.0006853396901072706,0.0035714285714285713,0.0006867586128611158,0.009523809523809525,1.2142857142857142,2.51111442193087,"[[26.000001907348633, 4.000000476837158], [40.000003814697266, 4.000000476837158], 0.3944131135940552]",0.0007728150926241619,0.002380952380952381,0.0007557677008750995,0.004761904761904762,,24.314329862594604,26.663007497787476
lfw_x_fing,6,0.001,parallel,3,P0-Parallel,parallel,xfit,300,True,0.0007860832056302855,0.008333333333333333,0.0007704750553379874,0.02261904761904762,1.0,1.0,[8.410444259643555],0.0006989430617115581,0.009523809523809525,0.0006762132060461416,0.007142857142857143,,24.314329862594604,26.663007497787476
lfw_x_fing,6,0.001,parallel,3,P1-LLR,parallel,xfit,300,True,0.0007208127589534025,0.0,0.0006654747715534366,0.0011904761904761906,1.0,1.0,[-2.05725417540316],0.000738720309126037,0.0,0.0007444027730423912,0.0,,24.314329862594604,26.663007497787476
lfw_x_fing,6,0.001,parallel,3,P2-LogReg,parallel,xfit,300,True,0.0007562858277995346,0.0,0.0007534479822918441,0.0011904761904761906,1.0,1.0,[-2.7588986900027734],0.000778497556540516,0.0,0.0007728150926241619,0.0,,24.314329862594604,26.663007497787476
lfw_x_fing,6,0.0001,face_S,1,LR-P1-N2,GP,xfit,300,True,2.128384130767921e-05,0.039285714285714285,1.8445995799988648e-05,0.04523809523809524,1.0,1.0,[0.4523302912712097],3.977724741447892e-05,0.04047619047619048,3.977724741447892e-05,0.0380952380952381,,24.314329862594604,26.663007497787476
lfw_x_fing,6,0.0001,face_S,1,HYP,GP,xfit,300,False,,,,,,,,,,,,,24.314329862594604,26.663007497787476
lfw_x_fing,6,0.0001,li_V,1,LR-P1-N2,GP,xfit,300,True,3.263522333844146e-05,0.24761904761904763,3.4054146092286736e-05,0.2785714285714286,1.0,1.0,[33.000003814697266],3.977724741447892e-05,0.25,2.2729855665416524e-05,0.24523809523809523,,24.314329862594604,26.663007497787476
lfw_x_fing,6,0.0001,li_V,1,HYP,GP,xfit,300,False,,,,,,,,,,,,,24.314329862594604,26.663007497787476
lfw_x_fing,6,0.0001,ri_V,1,LR-P1-N2,GP,xfit,300,True,5.108121913843011e-05,0.175,5.5337987399965944e-05,0.1773809523809524,1.0,1.0,[33.0],2.8412319581770656e-05,0.20714285714285716,4.545971133083305e-05,0.15476190476190477,,24.314329862594604,26.663007497787476
lfw_x_fing,6,0.0001,ri_V,1,HYP,GP,xfit,300,False,,,,,,,,,,,,,24.314329862594604,26.663007497787476
lfw_x_fing,6,0.0001,face_S>li_V,2,LR-P1-N2,GP,xfit,300,False,,,,,,,,,,,,,24.314329862594604,26.663007497787476
lfw_x_fing,6,0.0001,face_S>li_V,2,HYP,GP,xfit,300,False,,,,,,,,,,,,,24.314329862594604,26.663007497787476
lfw_x_fing,6,0.0001,face_S>li_V,2,S1-Marcialis,rule,xfit,300,True,3.972983710766786e-05,0.06666666666666667,3.263522333844146e-05,0.09404761904761905,1.3583333333333334,1.0853581361030706,"[[0.627197802066803, 0.21010757982730865], 27.0]",4.545971133083305e-05,0.05476190476190476,2.2729855665416524e-05,0.07857142857142857,,24.314329862594604,26.663007497787476
lfw_x_fing,6,0.0001,face_S>li_V,2,S2-Symmetric,rule,xfit,300,True,3.972983710766786e-05,0.06666666666666667,3.263522333844146e-05,0.09404761904761905,1.3583333333333334,1.0853581361030706,"[[0.627197802066803, 0.21010757982730865], 27.0]",4.545971133083305e-05,0.05476190476190476,2.2729855665416524e-05,0.07857142857142857,,24.314329862594604,26.663007497787476
lfw_x_fing,6,0.0001,face_S>li_V,2,S3-SPRT,rule,xfit,300,True,3.263522333844146e-05,0.007142857142857143,2.5540609569215053e-05,0.009523809523809525,1.082142857142857,1.051274192632953,"[[8.984473035152895, -3.319284806224638], 3.7164324984058252]",3.409478349812479e-05,0.004761904761904762,3.977724741447892e-05,0.009523809523809525,,24.314329862594604,26.663007497787476
lfw_x_fing,6,0.0001,face_S>li_V,2,S4-Direct,rule,xfit,300,False,,,,,,,,,,,,,24.314329862594604,26.663007497787476
lfw_x_fing,6,0.0001,face_S>ri_V,2,LR-P1-N2,GP,xfit,300,False,,,,,,,,,,,,,24.314329862594604,26.663007497787476
lfw_x_fing,6,0.0001,face_S>ri_V,2,HYP,GP,xfit,300,False,,,,,,,,,,,,,24.314329862594604,26.663007497787476
lfw_x_fing,6,0.0001,face_S>ri_V,2,S1-Marcialis,rule,xfit,300,True,5.391906464612067e-05,0.05476190476190476,5.108121913843011e-05,0.034523809523809526,1.3583333333333334,1.0853581361030706,"[[0.627197802066803, 0.21010757982730865], 26.0]",3.977724741447892e-05,0.05476190476190476,3.409478349812479e-05,0.05476190476190476,,24.314329862594604,26.663007497787476
lfw_x_fing,6,0.0001,face_S>ri_V,2,S2-Symmetric,rule,xfit,300,True,5.391906464612067e-05,0.05476190476190476,5.108121913843011e-05,0.034523809523809526,1.3583333333333334,1.0853581361030706,"[[0.627197802066803, 0.21010757982730865], 26.0]",3.977724741447892e-05,0.05476190476190476,3.409478349812479e-05,0.05476190476190476,,24.314329862594604,26.663007497787476
lfw_x_fing,6,0.0001,face_S>ri_V,2,S3-SPRT,rule,xfit,300,True,3.831091435382258e-05,0.008333333333333333,4.39866053692037e-05,0.002380952380952381,1.082142857142857,1.051274192632953,"[[8.984473035152895, -3.319284806224638], 3.5184394690482015]",3.977724741447892e-05,0.002380952380952381,4.545971133083305e-05,0.014285714285714285,,24.314329862594604,26.663007497787476
lfw_x_fing,6,0.0001,face_S>ri_V,2,S4-Direct,rule,xfit,300,False,,,,,,,,,,,,,24.314329862594604,26.663007497787476
lfw_x_fing,6,0.0001,li_V>face_S,2,LR-P1-N2,GP,xfit,300,True,2.270276406152449e-05,0.010714285714285714,1.8445995799988648e-05,0.023809523809523808,1.3357142857142856,1.845880867245587,"[[40.000003814697266, 4.000000476837158], 0.4523302912712097]",3.409478349812479e-05,0.011904761904761904,3.977724741447892e-05,0.009523809523809525,,24.314329862594604,26.663007497787476
lfw_x_fing,6,0.0001,li_V>face_S,2,HYP,GP,xfit,300,False,,,,,,,,,,,,,24.314329862594604,26.663007497787476
lfw_x_fing,6,0.0001,li_V>face_S,2,S1-Marcialis,rule,xfit,300,True,2.412168681536977e-05,0.009523809523809525,2.270276406152449e-05,0.017857142857142856,1.3416666666666666,1.9591506328395483,"[[40.000003814697266, 4.0], 0.4523302912712097]",3.977724741447892e-05,0.009523809523809525,3.977724741447892e-05,0.009523809523809525,,24.314329862594604,26.663007497787476
lfw_x_fing,6,0.0001,li_V>face_S,2,S2-Symmetric,rule,xfit,300,True,2.412168681536977e-05,0.009523809523809525,2.270276406152449e-05,0.017857142857142856,1.3416666666666666,1.9591506328395483,"[[40.000003814697266, 4.0], 0.4523302912712097]",3.977724741447892e-05,0.009523809523809525,3.977724741447892e-05,0.009523809523809525,,24.314329862594604,26.663007497787476
lfw_x_fing,6,0.0001,li_V>face_S,2,S3-SPRT,rule,xfit,300,True,4.256768261535842e-05,0.0011904761904761906,4.256768261535842e-05,0.008333333333333333,1.319047619047619,1.9999815540042,"[[7.404918397429645, -3.647915732656127], 3.7164324984058252]",3.409478349812479e-05,0.002380952380952381,4.545971133083305e-05,0.0,,24.314329862594604,26.663007497787476
lfw_x_fing,6,0.0001,li_V>face_S,2,S4-Direct,rule,xfit,300,True,2.270276406152449e-05,0.010714285714285714,1.8445995799988648e-05,0.023809523809523808,1.3357142857142856,1.845880867245587,"[[40.000003814697266, 4.000000476837158], 0.4523302912712097]",3.409478349812479e-05,0.011904761904761904,3.977724741447892e-05,0.009523809523809525,,24.314329862594604,26.663007497787476
lfw_x_fing,6,0.0001,li_V>ri_V,2,LR-P1-N2,GP,xfit,300,True,3.4054146092286736e-05,0.10476190476190476,4.39866053692037e-05,0.12023809523809524,1.3083333333333333,1.8458709347863103,"[[36.000003814697266, 4.000000476837158], 34.000003814697266]",3.409478349812479e-05,0.10238095238095238,2.2729855665416524e-05,0.10714285714285714,,24.314329862594604,26.663007497787476
lfw_x_fing,6,0.0001,li_V>ri_V,2,HYP,GP,xfit,300,False,,,,,,,,,,,,,24.314329862594604,26.663007497787476
lfw_x_fing,6,0.0001,li_V>ri_V,2,S1-Marcialis,rule,xfit,300,True,5.2500141892275384e-05,0.11071428571428571,5.959475566150179e-05,0.11666666666666667,1.3416666666666666,1.9591506328395483,"[[40.000003814697266, 4.0], 33.0]",2.8412319581770656e-05,0.11904761904761904,3.977724741447892e-05,0.11428571428571428,,24.314329862594604,26.663007497787476
lfw_x_fing,6,0.0001,li_V>ri_V,2,S2-Symmetric,rule,xfit,300,True,5.2500141892275384e-05,0.11071428571428571,5.959475566150179e-05,0.11666666666666667,1.3416666666666666,1.9591506328395483,"[[40.000003814697266, 4.0], 33.0]",2.8412319581770656e-05,0.11904761904761904,3.977724741447892e-05,0.11428571428571428,,24.314329862594604,26.663007497787476
lfw_x_fing,6,0.0001,li_V>ri_V,2,S3-SPRT,rule,xfit,300,True,3.972983710766786e-05,0.0988095238095238,4.824337363073954e-05,0.1130952380952381,1.292857142857143,1.999971621544923,"[[6.6995716808339205, -3.647915732656127], 8.1287482147515]",3.977724741447892e-05,0.08333333333333333,4.545971133083305e-05,0.1,,24.314329862594604,26.663007497787476
lfw_x_fing,6,0.0001,li_V>ri_V,2,S4-Direct,rule,xfit,300,True,5.5337987399965944e-05,0.0988095238095238,6.385152392303763e-05,0.11428571428571428,1.2726190476190475,1.8458510698677564,"[[33.000003814697266, 4.000000476837158], 35.0]",4.545971133083305e-05,0.10714285714285714,4.545971133083305e-05,0.09761904761904762,,24.314329862594604,26.663007497787476
lfw_x_fing,6,0.0001,ri_V>face_S,2,LR-P1-N2,GP,xfit,300,True,2.128384130767921e-05,0.011904761904761904,2.9797377830750894e-05,0.015476190476190477,1.2273809523809525,1.6414921391679438,"[[40.000003814697266, 5.000000476837158], 0.4372018575668335]",2.8412319581770656e-05,0.009523809523809525,3.409478349812479e-05,0.014285714285714285,,24.314329862594604,26.663007497787476
lfw_x_fing,6,0.0001,ri_V>face_S,2,HYP,GP,xfit,300,False,,,,,,,,,,,,,24.314329862594604,26.663007497787476
lfw_x_fing,6,0.0001,ri_V>face_S,2,S1-Marcialis,rule,xfit,300,True,2.270276406152449e-05,0.008333333333333333,2.128384130767921e-05,0.011904761904761904,1.2321428571428572,1.812646858505023,"[[40.000003814697266, 5.0], 0.449995756149292]",3.977724741447892e-05,0.007142857142857143,3.977724741447892e-05,0.009523809523809525,,24.314329862594604,26.663007497787476
lfw_x_fing,6,0.0001,ri_V>face_S,2,S2-Symmetric,rule,xfit,300,True,2.270276406152449e-05,0.008333333333333333,2.128384130767921e-05,0.011904761904761904,1.2321428571428572,1.812646858505023,"[[40.000003814697266, 5.0], 0.449995756149292]",3.977724741447892e-05,0.007142857142857143,3.977724741447892e-05,0.009523809523809525,,24.314329862594604,26.663007497787476
lfw_x_fing,6,0.0001,ri_V>face_S,2,S3-SPRT,rule,xfit,300,True,3.263522333844146e-05,0.005952380952380952,4.540552812304898e-05,0.0011904761904761906,1.2083333333333333,1.9999815540042,"[[7.283458468248806, -3.8358973835482844], 4.233834684344554]",3.977724741447892e-05,0.0,4.545971133083305e-05,0.009523809523809525,,24.314329862594604,26.663007497787476
lfw_x_fing,6,0.0001,ri_V>face_S,2,S4-Direct,rule,xfit,300,True,2.270276406152449e-05,0.008333333333333333,2.128384130767921e-05,0.011904761904761904,1.2321428571428572,1.812646858505023,"[[40.000003814697266, 4.000000476837158], 0.449995756149292]",3.977724741447892e-05,0.007142857142857143,3.977724741447892e-05,0.009523809523809525,,24.314329862594604,26.663007497787476
lfw_x_fing,6,0.0001,ri_V>li_V,2,LR-P1-N2,GP,xfit,300,True,4.824337363073954e-05,0.10357142857142858,5.5337987399965944e-05,0.11785714285714285,1.1726190476190477,1.4718017481128327,"[[34.000003814697266, 6.000000476837158], 34.0]",3.409478349812479e-05,0.10952380952380952,4.545971133083305e-05,0.1,,24.314329862594604,26.663007497787476
lfw_x_fing,6,0.0001,ri_V>li_V,2,HYP,GP,xfit,300,False,,,,,,,,,,,,,24.314329862594604,26.663007497787476
lfw_x_fing,6,0.0001,ri_V>li_V,2,S1-Marcialis,rule,xfit,300,True,5.2500141892275384e-05,0.10595238095238095,5.108121913843011e-05,0.12738095238095237,1.2321428571428572,1.812646858505023,"[[40.000003814697266, 5.0], 33.0]",3.977724741447892e-05,0.10952380952380952,3.977724741447892e-05,0.10952380952380952,,24.314329862594604,26.663007497787476
lfw_x_fing,6,0.0001,ri_V>li_V,2,S2-Symmetric,rule,xfit,300,True,5.2500141892275384e-05,0.10595238095238095,5.108121913843011e-05,0.12738095238095237,1.2321428571428572,1.812646858505023,"[[40.000003814697266, 5.0], 33.0]",3.977724741447892e-05,0.10952380952380952,3.977724741447892e-05,0.10952380952380952,,24.314329862594604,26.663007497787476
lfw_x_fing,6,0.0001,ri_V>li_V,2,S3-SPRT,rule,xfit,300,False,,,,,,,,,,,,,24.314329862594604,26.663007497787476
lfw_x_fing,6,0.0001,ri_V>li_V,2,S4-Direct,rule,xfit,300,False,,,,,,,,,,,,,24.314329862594604,26.663007497787476
lfw_x_fing,6,0.0001,face_S>li_V>ri_V,3,LR-P1-N2,GP,xfit,300,False,,,,,,,,,,,,,24.314329862594604,26.663007497787476
lfw_x_fing,6,0.0001,face_S>li_V>ri_V,3,HYP,GP,xfit,300,False,,,,,,,,,,,,,24.314329862594604,26.663007497787476
lfw_x_fing,6,0.0001,face_S>li_V>ri_V,3,S1-Marcialis,rule,xfit,300,True,5.2500141892275384e-05,0.03333333333333333,5.2500141892275384e-05,0.02619047619047619,1.4928571428571429,1.167112208411374,"[[0.627197802066803, 0.21010757982730865], [40.000003814697266, 4.0], 26.0]",3.977724741447892e-05,0.03571428571428571,3.409478349812479e-05,0.030952380952380953,,24.314329862594604,26.663007497787476
lfw_x_fing,6,0.0001,face_S>li_V>ri_V,3,S2-Symmetric,rule,xfit,300,True,5.2500141892275384e-05,0.03333333333333333,5.2500141892275384e-05,0.02619047619047619,1.4928571428571429,1.167112208411374,"[[0.627197802066803, 0.21010757982730865], [40.000003814697266, 4.0], 26.0]",3.977724741447892e-05,0.03571428571428571,3.409478349812479e-05,0.030952380952380953,,24.314329862594604,26.663007497787476
lfw_x_fing,6,0.0001,face_S>li_V>ri_V,3,S3-SPRT,rule,xfit,300,True,3.4054146092286736e-05,0.005952380952380952,3.972983710766786e-05,0.002380952380952381,1.0940476190476192,1.0570548839321188,"[[8.984473035152895, -3.319284806224638], [8.984473035152895, -3.319284806224638], 1.9159788221418674]",3.409478349812479e-05,0.002380952380952381,4.545971133083305e-05,0.009523809523809525,,24.314329862594604,26.663007497787476
lfw_x_fing,6,0.0001,face_S>li_V>ri_V,3,S4-Direct,rule,xfit,300,False,,,,,,,,,,,,,24.314329862594604,26.663007497787476
lfw_x_fing,6,0.0001,face_S>ri_V>li_V,3,LR-P1-N2,GP,xfit,300,False,,,,,,,,,,,,,24.314329862594604,26.663007497787476
lfw_x_fing,6,0.0001,face_S>ri_V>li_V,3,HYP,GP,xfit,300,False,,,,,,,,,,,,,24.314329862594604,26.663007497787476
lfw_x_fing,6,0.0001,face_S>ri_V>li_V,3,S1-Marcialis,rule,xfit,300,True,3.831091435382258e-05,0.03333333333333333,3.1216300584596175e-05,0.04642857142857143,1.4345238095238095,1.1545348771212895,"[[0.627197802066803, 0.21010757982730865], [40.000003814697266, 5.0], 27.0]",4.545971133083305e-05,0.030952380952380953,2.2729855665416524e-05,0.03571428571428571,,24.314329862594604,26.663007497787476
lfw_x_fing,6,0.0001,face_S>ri_V>li_V,3,S2-Symmetric,rule,xfit,300,True,3.831091435382258e-05,0.03333333333333333,3.1216300584596175e-05,0.04642857142857143,1.4345238095238095,1.1545348771212895,"[[0.627197802066803, 0.21010757982730865], [40.000003814697266, 5.0], 27.0]",4.545971133083305e-05,0.030952380952380953,2.2729855665416524e-05,0.03571428571428571,,24.314329862594604,26.663007497787476
lfw_x_fing,6,0.0001,face_S>ri_V>li_V,3,S3-SPRT,rule,xfit,300,True,3.263522333844146e-05,0.005952380952380952,3.831091435382258e-05,0.002380952380952381,1.0833333333333333,1.056712923548442,"[[8.984473035152895, -3.319284806224638], [8.984473035152895, -3.319284806224638], 1.9159788221418672]",3.977724741447892e-05,0.002380952380952381,4.545971133083305e-05,0.009523809523809525,,24.314329862594604,26.663007497787476
lfw_x_fing,6,0.0001,face_S>ri_V>li_V,3,S4-Direct,rule,xfit,300,True,2.6959532323060334e-05,0.007142857142857143,2.128384130767921e-05,0.0035714285714285713,1.0440476190476191,1.0710908678131563,"[[0.4518759846687317, 0.23614875972270966], [33.000003814697266, 6.000000476837158], 31.000001907348633]",3.409478349812479e-05,0.007142857142857143,3.977724741447892e-05,0.009523809523809525,,24.314329862594604,26.663007497787476
lfw_x_fing,6,0.0001,li_V>face_S>ri_V,3,LR-P1-N2,GP,xfit,300,True,2.6959532323060334e-05,0.004761904761904762,2.9797377830750894e-05,0.009523809523809525,1.3511904761904763,1.8518843294171066,"[[40.000003814697266, 4.000000476837158], [0.4529362916946411, 0.30649012327194214], 23.000001907348633]",3.409478349812479e-05,0.004761904761904762,3.409478349812479e-05,0.004761904761904762,,24.314329862594604,26.663007497787476
lfw_x_fing,6,0.0001,li_V>face_S>ri_V,3,HYP,GP,xfit,300,False,,,,,,,,,,,,,24.314329862594604,26.663007497787476
lfw_x_fing,6,0.0001,li_V>face_S>ri_V,3,S1-Marcialis,rule,xfit,300,True,5.5337987399965944e-05,0.02857142857142857,5.5337987399965944e-05,0.025,1.4761904761904763,2.040904705147852,"[[40.000003814697266, 4.0], [0.627197802066803, 0.21010757982730865], 26.0]",3.977724741447892e-05,0.03571428571428571,3.409478349812479e-05,0.02142857142857143,,24.314329862594604,26.663007497787476
lfw_x_fing,6,0.0001,li_V>face_S>ri_V,3,S2-Symmetric,rule,xfit,300,True,5.5337987399965944e-05,0.02857142857142857,5.5337987399965944e-05,0.025,1.4761904761904763,2.040904705147852,"[[40.000003814697266, 4.0], [0.627197802066803, 0.21010757982730865], 26.0]",3.977724741447892e-05,0.03571428571428571,3.409478349812479e-05,0.02142857142857143,,24.314329862594604,26.663007497787476
lfw_x_fing,6,0.0001,li_V>face_S>ri_V,3,S3-SPRT,rule,xfit,300,True,3.972983710766786e-05,0.0011904761904761906,5.2500141892275384e-05,0.0011904761904761906,1.3464285714285715,2.008932118735456,"[[7.404918397429645, -3.647915732656127], [7.404918397429645, -3.647915732656127], 2.1157753099274137]",3.977724741447892e-05,0.0,4.545971133083305e-05,0.002380952380952381,,24.314329862594604,26.663007497787476
lfw_x_fing,6,0.0001,li_V>face_S>ri_V,3,S4-Direct,rule,xfit,300,False,,,,,,,,,,,,,24.314329862594604,26.663007497787476
lfw_x_fing,6,0.0001,li_V>ri_V>face_S,3,LR-P1-N2,GP,xfit,300,True,2.412168681536977e-05,0.009523809523809525,2.8378455076905614e-05,0.023809523809523808,1.4261904761904762,2.259125092229979,"[[36.000003814697266, 4.000000476837158], [40.000003814697266, 6.000000476837158], 0.44546517729759216]",3.409478349812479e-05,0.009523809523809525,2.2729855665416524e-05,0.009523809523809525,,24.314329862594604,26.663007497787476
lfw_x_fing,6,0.0001,li_V>ri_V>face_S,3,HYP,GP,xfit,300,False,,,,,,,,,,,,,24.314329862594604,26.663007497787476
lfw_x_fing,6,0.0001,li_V>ri_V>face_S,3,S1-Marcialis,rule,xfit,300,True,2.5540609569215053e-05,0.004761904761904762,2.5540609569215053e-05,0.009523809523809525,1.4785714285714286,2.7433111981383735,"[[40.000003814697266, 4.0], [40.000003814697266, 5.0], 0.449995756149292]",3.977724741447892e-05,0.004761904761904762,3.977724741447892e-05,0.004761904761904762,,24.314329862594604,26.663007497787476
lfw_x_fing,6,0.0001,li_V>ri_V>face_S,3,S2-Symmetric,rule,xfit,300,True,2.5540609569215053e-05,0.004761904761904762,2.5540609569215053e-05,0.009523809523809525,1.4785714285714286,2.7433111981383735,"[[40.000003814697266, 4.0], [40.000003814697266, 5.0], 0.449995756149292]",3.977724741447892e-05,0.004761904761904762,3.977724741447892e-05,0.004761904761904762,,24.314329862594604,26.663007497787476
lfw_x_fing,6,0.0001,li_V>ri_V>face_S,3,S3-SPRT,rule,xfit,300,True,3.6891991599977296e-05,0.013095238095238096,5.959475566150179e-05,0.02738095238095238,1.4035714285714285,2.0681082921845735,"[[7.404918397429645, -3.647915732656127], [7.404918397429645, -3.647915732656127], 2.898242681769932]",4.545971133083305e-05,0.016666666666666666,4.545971133083305e-05,0.009523809523809525,,24.314329862594604,26.663007497787476
lfw_x_fing,6,0.0001,li_V>ri_V>face_S,3,S4-Direct,rule,xfit,300,True,2.9797377830750894e-05,0.004761904761904762,2.9797377830750894e-05,0.015476190476190477,1.4416666666666667,2.5452451898518644,"[[37.000003814697266, 4.000000476837158], [40.000003814697266, 4.000000476837158], 0.449995756149292]",3.409478349812479e-05,0.009523809523809525,3.977724741447892e-05,0.002380952380952381,,24.314329862594604,26.663007497787476
lfw_x_fing,6,0.0001,ri_V>face_S>li_V,3,LR-P1-N2,GP,xfit,300,True,2.128384130767921e-05,0.008333333333333333,1.7027073046143368e-05,0.015476190476190477,1.2297619047619048,1.6453941767410183,"[[40.000003814697266, 5.000000476837158], [0.44952377676963806, 0.3113820254802704], 31.0]",3.977724741447892e-05,0.004761904761904762,3.977724741447892e-05,0.009523809523809525,,24.314329862594604,26.663007497787476
lfw_x_fing,6,0.0001,ri_V>face_S>li_V,3,HYP,GP,xfit,300,False,,,,,,,,,,,,,24.314329862594604,26.663007497787476
lfw_x_fing,6,0.0001,ri_V>face_S>li_V,3,S1-Marcialis,rule,xfit,300,True,3.972983710766786e-05,0.030952380952380953,3.831091435382258e-05,0.05,1.3083333333333333,1.881823599523242,"[[40.000003814697266, 5.0], [0.627197802066803, 0.21010757982730865], 27.0]",4.545971133083305e-05,0.030952380952380953,2.2729855665416524e-05,0.030952380952380953,,24.314329862594604,26.663007497787476
lfw_x_fing,6,0.0001,ri_V>face_S>li_V,3,S2-Symmetric,rule,xfit,300,True,3.972983710766786e-05,0.030952380952380953,3.831091435382258e-05,0.05,1.3083333333333333,1.881823599523242,"[[40.000003814697266, 5.0], [0.627197802066803, 0.21010757982730865], 27.0]",4.545971133083305e-05,0.030952380952380953,2.2729855665416524e-05,0.030952380952380953,,24.314329862594604,26.663007497787476
lfw_x_fing,6,0.0001,ri_V>face_S>li_V,3,S3-SPRT,rule,xfit,300,True,2.8378455076905614e-05,0.0035714285714285713,3.972983710766786e-05,0.0011904761904761906,1.2154761904761904,2.010067256938532,"[[7.283458468248806, -3.8358973835482844], [7.283458468248806, -3.8358973835482844], 2.749721953853437]",3.977724741447892e-05,0.0,4.545971133083305e-05,0.004761904761904762,,24.314329862594604,26.663007497787476
lfw_x_fing,6,0.0001,ri_V>face_S>li_V,3,S4-Direct,rule,xfit,300,True,1.8445995799988648e-05,0.008333333333333333,1.986491855383393e-05,0.025,1.305952380952381,1.8127064532606845,"[[40.000003814697266, 4.000000476837158], [0.627197802066803, 0.421882688999176], 9.0]",3.977724741447892e-05,0.007142857142857143,2.8412319581770656e-05,0.009523809523809525,,24.314329862594604,26.663007497787476
lfw_x_fing,6,0.0001,ri_V>li_V>face_S,3,LR-P1-N2,GP,xfit,300,True,3.547306884613202e-05,0.015476190476190477,3.6891991599977296e-05,0.02857142857142857,1.2785714285714285,1.9900263919632215,"[[34.000003814697266, 5.000000476837158], [40.000003814697266, 6.000000476837158], 0.4523302912712097]",2.8412319581770656e-05,0.01904761904761905,4.545971133083305e-05,0.011904761904761904,,24.314329862594604,26.663007497787476
lfw_x_fing,6,0.0001,ri_V>li_V>face_S,3,HYP,GP,xfit,300,False,,,,,,,,,,,,,24.314329862594604,26.663007497787476
lfw_x_fing,6,0.0001,ri_V>li_V>face_S,3,S1-Marcialis,rule,xfit,300,True,2.5540609569215053e-05,0.004761904761904762,2.5540609569215053e-05,0.011904761904761904,1.369047619047619,2.596807423803848,"[[40.000003814697266, 5.0], [40.000003814697266, 4.0], 0.449995756149292]",3.977724741447892e-05,0.004761904761904762,3.977724741447892e-05,0.004761904761904762,,24.314329862594604,26.663007497787476
lfw_x_fing,6,0.0001,ri_V>li_V>face_S,3,S2-Symmetric,rule,xfit,300,True,2.5540609569215053e-05,0.004761904761904762,2.5540609569215053e-05,0.011904761904761904,1.369047619047619,2.596807423803848,"[[40.000003814697266, 5.0], [40.000003814697266, 4.0], 0.449995756149292]",3.977724741447892e-05,0.004761904761904762,3.977724741447892e-05,0.004761904761904762,,24.314329862594604,26.663007497787476
lfw_x_fing,6,0.0001,ri_V>li_V>face_S,3,S3-SPRT,rule,xfit,300,True,3.4054146092286736e-05,0.013095238095238096,5.2500141892275384e-05,0.02619047619047619,1.2952380952380953,2.0765750042567683,"[[7.283458468248806, -3.8358973835482844], [7.283458468248806, -3.8358973835482844], 2.898242681769932]",3.977724741447892e-05,0.016666666666666666,4.545971133083305e-05,0.009523809523809525,,24.314329862594604,26.663007497787476
lfw_x_fing,6,0.0001,ri_V>li_V>face_S,3,S4-Direct,rule,xfit,300,True,2.412168681536977e-05,0.005952380952380952,2.128384130767921e-05,0.015476190476190477,1.3654761904761905,2.5120267892615926,"[[40.000003814697266, 4.000000476837158], [40.000003814697266, 4.000000476837158], 0.449995756149292]",3.409478349812479e-05,0.007142857142857143,3.977724741447892e-05,0.004761904761904762,,24.314329862594604,26.663007497787476
lfw_x_fing,6,0.0001,parallel,3,P0-Parallel,parallel,xfit,300,True,4.256768261535842e-05,0.030952380952380953,5.2500141892275384e-05,0.04404761904761905,1.0,1.0,[11.574361801147461],4.545971133083305e-05,0.030952380952380953,3.977724741447892e-05,0.030952380952380953,,24.314329862594604,26.663007497787476
lfw_x_fing,6,0.0001,parallel,3,P1-LLR,parallel,xfit,300,True,3.6891991599977296e-05,0.0011904761904761906,4.824337363073954e-05,0.0011904761904761906,1.0,1.0,[2.261184912220809],3.977724741447892e-05,0.0,4.545971133083305e-05,0.002380952380952381,,24.314329862594604,26.663007497787476
lfw_x_fing,6,0.0001,parallel,3,P2-LogReg,parallel,xfit,300,True,2.5540609569215053e-05,0.002380952380952381,3.4054146092286736e-05,0.002380952380952381,1.0,1.0,[1.1215287331033998],3.977724741447892e-05,0.0,3.977724741447892e-05,0.004761904761904762,,24.314329862594604,26.663007497787476
