dataset,seed,alpha,order,n_stages,method,kind,calib,B,feasible,far_train,frr_train,far_test,frr_test,stages_gen,stages_imp,thr,far_foldA,frr_foldA,far_foldB,frr_foldB,feasible_foldA,fit_time_full,fit_time_foldA
fing_x_face,15,0.01,face_C,1,LR-P1-N2,GP,boot,300,True,0.007601122070400868,0.10465116279069768,0.00945796294633504,0.0694980694980695,1.0,1.0,[0.614359974861145],,,,,,10.107762098312378,81.64074277877808
fing_x_face,15,0.01,face_C,1,HYP,GP,boot,300,True,0.007601122070400868,0.10465116279069768,0.00945796294633504,0.0694980694980695,1.0,1.0,[0.614359974861145],,,,,,10.107762098312378,81.64074277877808
fing_x_face,15,0.01,face_G,1,LR-P1-N2,GP,boot,300,True,0.007797182758724701,0.11627906976744186,0.008425368890485169,0.11583011583011583,1.0,1.0,[73.92160034179688],,,,,,10.107762098312378,81.64074277877808
fing_x_face,15,0.01,face_G,1,HYP,GP,boot,300,False,,,,,,,,,,,,,10.107762098312378,81.64074277877808
fing_x_face,15,0.01,li_V,1,LR-P1-N2,GP,boot,300,True,0.005987391789581637,0.15503875968992248,0.005207865672981952,0.11583011583011583,1.0,1.0,[20.0],,,,,,10.107762098312378,81.64074277877808
fing_x_face,15,0.01,li_V,1,HYP,GP,boot,300,False,,,,,,,,,,,,,10.107762098312378,81.64074277877808
fing_x_face,15,0.01,ri_V,1,LR-P1-N2,GP,boot,300,True,0.005399209724610141,0.08914728682170543,0.00547723803537757,0.06177606177606178,1.0,1.0,[20.0],,,,,,10.107762098312378,81.64074277877808
fing_x_face,15,0.01,ri_V,1,HYP,GP,boot,300,False,,,,,,,,,,,,,10.107762098312378,81.64074277877808
fing_x_face,15,0.01,face_C>face_G,2,LR-P1-N2,GP,boot,300,True,0.007872590715772329,0.07751937984496124,0.009203555715183623,0.05405405405405406,1.0810810810810811,1.9933554817275747,"[[0.6195700764656067, -Infinity], 74.41297149658203]",,,,,,10.107762098312378,81.64074277877808
fing_x_face,15,0.01,face_C>face_G,2,HYP,GP,boot,300,True,0.007721774801677073,0.08139534883720931,0.008979078746520607,0.05405405405405406,1.0424710424710424,1.0361707222172338,"[[0.621220052242279, 0.5892700552940369], 73.66905975341797]",,,,,,10.107762098312378,81.64074277877808
fing_x_face,15,0.01,face_C>face_G,2,S1-Marcialis,rule,boot,300,True,0.007797182758724701,0.10852713178294573,0.008425368890485169,0.10810810810810811,1.4362934362934363,1.9999700697375116,"[[0.7040700316429138, -1.0], 73.92160034179688]",,,,,,10.107762098312378,81.64074277877808
fing_x_face,15,0.01,face_C>face_G,2,S2-Symmetric,rule,boot,300,True,0.007797182758724701,0.10852713178294573,0.008425368890485169,0.10810810810810811,1.4362934362934363,1.9999700697375116,"[[0.7040700316429138, -1.0], 73.92160034179688]",,,,,,10.107762098312378,81.64074277877808
fing_x_face,15,0.01,face_C>face_G,2,S3-SPRT,rule,boot,300,True,0.007676530027448497,0.08139534883720931,0.00872467151536919,0.05405405405405406,1.2162162162162162,1.0969890155936668,"[[5.754390924167486, -1.4273968346813166], 1.2334137579389604]",,,,,,10.107762098312378,81.64074277877808
fing_x_face,15,0.01,face_C>face_G,2,S4-Direct,rule,boot,300,True,0.007872590715772329,0.06976744186046512,0.008799497171590195,0.05019305019305019,1.0772200772200773,1.1014336595731944,"[[0.6289700865745544, 0.5712400674819946], 73.76376342773438]",,,,,,10.107762098312378,81.64074277877808
fing_x_face,15,0.01,face_C>li_V,2,LR-P1-N2,GP,boot,300,True,0.007555877296172292,0.007751937984496124,0.009383137290114035,0.011583011583011582,1.0733590733590734,1.9918589686031547,"[[0.6168500781059265, -Infinity], 24.0]",,,,,,10.107762098312378,81.64074277877808
fing_x_face,15,0.01,face_C>li_V,2,HYP,GP,boot,300,True,0.00722408228516273,0.07751937984496124,0.007722007722007722,0.05405405405405406,1.027027027027027,1.0223130106851037,"[[0.621220052242279, 0.5963000655174255], 12.0]",,,,,,10.107762098312378,81.64074277877808
fing_x_face,15,0.01,face_C>li_V,2,S1-Marcialis,rule,boot,300,True,0.005987391789581637,0.031007751937984496,0.005237795935470354,0.04633204633204633,1.4362934362934363,1.9999700697375116,"[[0.7040700316429138, -1.0], 20.0]",,,,,,10.107762098312378,81.64074277877808
fing_x_face,15,0.01,face_C>li_V,2,S2-Symmetric,rule,boot,300,True,0.005987391789581637,0.031007751937984496,0.005237795935470354,0.04633204633204633,1.4362934362934363,1.9999700697375116,"[[0.7040700316429138, -1.0], 20.0]",,,,,,10.107762098312378,81.64074277877808
fing_x_face,15,0.01,face_C>li_V,2,S3-SPRT,rule,boot,300,True,0.007827345941543752,0.011627906976744186,0.0076022866720541135,0.023166023166023165,1.2277992277992278,1.4265960312471941,"[[5.754390924167486, -3.058328027546358], -0.5453170683835213]",,,,,,10.107762098312378,81.64074277877808
fing_x_face,15,0.01,face_C>li_V,2,S4-Direct,rule,boot,300,True,0.007676530027448497,0.011627906976744186,0.006854030109844063,0.02702702702702703,1.1467181467181466,1.5592469545957919,"[[0.648870050907135, 0.5246800780296326], 18.0]",,,,,,10.107762098312378,81.64074277877808
fing_x_face,15,0.01,face_C>ri_V,2,LR-P1-N2,GP,boot,300,True,0.007917835490000904,0.0,0.009562718865044447,0.007722007722007722,1.0772200772200773,1.9925174343778995,"[[0.6180700659751892, -Infinity], 23.0]",,,,,,10.107762098312378,81.64074277877808
fing_x_face,15,0.01,face_C>ri_V,2,HYP,GP,boot,300,True,0.007148674328115103,0.050387596899224806,0.007677112328275119,0.03474903474903475,1.0463320463320462,1.0402861333093891,"[[0.621220052242279, 0.5874300599098206], 14.0]",,,,,,10.107762098312378,81.64074277877808
fing_x_face,15,0.01,face_C>ri_V,2,S1-Marcialis,rule,boot,300,True,0.005399209724610141,0.011627906976744186,0.005507168297865972,0.023166023166023165,1.4362934362934363,1.9999700697375116,"[[0.7040700316429138, -1.0], 20.0]",,,,,,10.107762098312378,81.64074277877808
fing_x_face,15,0.01,face_C>ri_V,2,S2-Symmetric,rule,boot,300,True,0.005399209724610141,0.011627906976744186,0.005507168297865972,0.023166023166023165,1.4362934362934363,1.9999700697375116,"[[0.7040700316429138, -1.0], 20.0]",,,,,,10.107762098312378,81.64074277877808
fing_x_face,15,0.01,face_C>ri_V,2,S3-SPRT,rule,boot,300,True,0.007525714113353241,0.003875968992248062,0.007228158390949088,0.011583011583011582,1.2277992277992278,1.4265960312471941,"[[5.754390924167486, -3.058328027546358], -0.7841789454616668]",,,,,,10.107762098312378,81.64074277877808
fing_x_face,15,0.01,face_C>ri_V,2,S4-Direct,rule,boot,300,True,0.007299490242210358,0.003875968992248062,0.007168297865972285,0.02702702702702703,1.1467181467181466,1.5592469545957919,"[[0.648870050907135, 0.5246800780296326], 18.0]",,,,,,10.107762098312378,81.64074277877808
fing_x_face,15,0.01,face_G>face_C,2,LR-P1-N2,GP,boot,300,True,0.00793291708141043,0.08139534883720931,0.009398102421358235,0.05019305019305019,1.1467181467181466,1.8316273083714945,"[[74.27851104736328, 64.82164001464844], 0.6211400032043457]",,,,,,10.107762098312378,81.64074277877808
fing_x_face,15,0.01,face_G>face_C,2,HYP,GP,boot,300,False,,,,,,,,,,,,,10.107762098312378,81.64074277877808
fing_x_face,15,0.01,face_G>face_C,2,S1-Marcialis,rule,boot,300,True,0.007661448436038971,0.08914728682170543,0.009652509652509652,0.05405405405405406,1.3397683397683398,1.8384514082188501,"[[75.97413635253906, 64.80564880371094], 0.6138700246810913]",,,,,,10.107762098312378,81.64074277877808
fing_x_face,15,0.01,face_G>face_C,2,S2-Symmetric,rule,boot,300,True,0.007661448436038971,0.08914728682170543,0.009652509652509652,0.05405405405405406,1.3397683397683398,1.8384514082188501,"[[75.97413635253906, 64.80564880371094], 0.6138700246810913]",,,,,,10.107762098312378,81.64074277877808
fing_x_face,15,0.01,face_G>face_C,2,S3-SPRT,rule,boot,300,True,0.007827345941543752,0.07751937984496124,0.008799497171590195,0.05019305019305019,1.3166023166023166,1.8982221424081889,"[[5.663933764670444, -3.1177294608641115], 1.277183455881465]",,,,,,10.107762098312378,81.64074277877808
fing_x_face,15,0.01,face_G>face_C,2,S4-Direct,rule,boot,300,True,0.00793291708141043,0.07751937984496124,0.008410403759240969,0.07335907335907337,1.1196911196911197,1.5569872197779175,"[[73.98239135742188, 65.9328842163086], 0.6396999955177307]",,,,,,10.107762098312378,81.64074277877808
fing_x_face,15,0.01,face_G>li_V,2,LR-P1-N2,GP,boot,300,True,0.00735981660784846,0.01937984496124031,0.007632216934542516,0.015444015444015444,1.135135135135135,1.8298614228846788,"[[74.07554626464844, 64.82164001464844], 23.0]",,,,,,10.107762098312378,81.64074277877808
fing_x_face,15,0.01,face_G>li_V,2,HYP,GP,boot,300,False,,,,,,,,,,,,,10.107762098312378,81.64074277877808
fing_x_face,15,0.01,face_G>li_V,2,S1-Marcialis,rule,boot,300,True,0.007178837510934154,0.04263565891472868,0.006135703810122415,0.02702702702702703,1.3397683397683398,1.8384514082188501,"[[75.97413635253906, 64.80564880371094], 19.0]",,,,,,10.107762098312378,81.64074277877808
fing_x_face,15,0.01,face_G>li_V,2,S2-Symmetric,rule,boot,300,True,0.007178837510934154,0.04263565891472868,0.006135703810122415,0.02702702702702703,1.3397683397683398,1.8384514082188501,"[[75.97413635253906, 64.80564880371094], 19.0]",,,,,,10.107762098312378,81.64074277877808
fing_x_face,15,0.01,face_G>li_V,2,S3-SPRT,rule,boot,300,True,0.008008325038458058,0.01937984496124031,0.007138367603483882,0.011583011583011582,1.3166023166023166,1.8982221424081889,"[[5.663933764670444, -3.1177294608641115], -0.2687570144813207]",,,,,,10.107762098312378,81.64074277877808
fing_x_face,15,0.01,face_G>li_V,2,S4-Direct,rule,boot,300,True,0.006967695231200797,0.015503875968992248,0.00636018077878543,0.015444015444015444,1.1737451737451738,1.9497770195444615,"[[74.74271392822266, 63.05667495727539], 20.0]",,,,,,10.107762098312378,81.64074277877808
fing_x_face,15,0.01,face_G>ri_V,2,LR-P1-N2,GP,boot,300,True,0.00763128525321992,0.007751937984496124,0.007916554428182334,0.007722007722007722,1.135135135135135,1.8304300978719583,"[[74.12873077392578, 64.82164001464844], 22.0]",,,,,,10.107762098312378,81.64074277877808
fing_x_face,15,0.01,face_G>ri_V,2,HYP,GP,boot,300,False,,,,,,,,,,,,,10.107762098312378,81.64074277877808
fing_x_face,15,0.01,face_G>ri_V,2,S1-Marcialis,rule,boot,300,True,0.006530329080324556,0.01937984496124031,0.006405076172518033,0.011583011583011582,1.3397683397683398,1.8384514082188501,"[[75.97413635253906, 64.80564880371094], 19.0]",,,,,,10.107762098312378,81.64074277877808
fing_x_face,15,0.01,face_G>ri_V,2,S2-Symmetric,rule,boot,300,True,0.006530329080324556,0.01937984496124031,0.006405076172518033,0.011583011583011582,1.3397683397683398,1.8384514082188501,"[[75.97413635253906, 64.80564880371094], 19.0]",,,,,,10.107762098312378,81.64074277877808
fing_x_face,15,0.01,face_G>ri_V,2,S3-SPRT,rule,boot,300,True,0.007902753898591379,0.007751937984496124,0.007138367603483882,0.003861003861003861,1.3166023166023166,1.8982221424081889,"[[5.663933764670444, -3.1177294608641115], -0.5932357506711505]",,,,,,10.107762098312378,81.64074277877808
fing_x_face,15,0.01,face_G>ri_V,2,S4-Direct,rule,boot,300,True,0.006258860434953096,0.003875968992248062,0.006539762353715842,0.007722007722007722,1.1737451737451738,1.9497770195444615,"[[74.74271392822266, 63.05667495727539], 20.0]",,,,,,10.107762098312378,81.64074277877808
fing_x_face,15,0.01,li_V>face_C,2,LR-P1-N2,GP,boot,300,True,0.007661448436038971,0.023255813953488372,0.008066205740624345,0.03474903474903475,1.1158301158301158,1.6649007811798509,"[[22.000001907348633, 5.000000476837158], 0.6149900555610657]",,,,,,10.107762098312378,81.64074277877808
fing_x_face,15,0.01,li_V>face_C,2,HYP,GP,boot,300,False,,,,,,,,,,,,,10.107762098312378,81.64074277877808
fing_x_face,15,0.01,li_V>face_C,2,S1-Marcialis,rule,boot,300,True,0.007525714113353241,0.01937984496124031,0.008709706384124988,0.03088803088803089,1.247104247104247,1.8362814641884408,"[[34.000003814697266, 5.0], 0.6132400035858154]",,,,,,10.107762098312378,81.64074277877808
fing_x_face,15,0.01,li_V>face_C,2,S2-Symmetric,rule,boot,300,True,0.007525714113353241,0.01937984496124031,0.008709706384124988,0.03088803088803089,1.247104247104247,1.8362814641884408,"[[34.000003814697266, 5.0], 0.6132400035858154]",,,,,,10.107762098312378,81.64074277877808
fing_x_face,15,0.01,li_V>face_C,2,S3-SPRT,rule,boot,300,True,0.007857509124362803,0.007751937984496124,0.007811798509472928,0.015444015444015444,1.196911196911197,1.9997904881625812,"[[4.898560677717983, -3.492104330604506], -0.46106560747093916]",,,,,,10.107762098312378,81.64074277877808
fing_x_face,15,0.01,li_V>face_C,2,S4-Direct,rule,boot,300,True,0.007570958887581818,0.007751937984496124,0.008784532040345993,0.023166023166023165,1.1891891891891893,1.8359971266948012,"[[28.000001907348633, 4.000000476837158], 0.6136199831962585]",,,,,,10.107762098312378,81.64074277877808
fing_x_face,15,0.01,li_V>face_G,2,LR-P1-N2,GP,boot,300,True,0.007782101167315175,0.031007751937984496,0.007871659034449733,0.03474903474903475,1.111969111969112,1.6640328035676872,"[[21.000001907348633, 5.000000476837158], 74.01181030273438]",,,,,,10.107762098312378,81.64074277877808
fing_x_face,15,0.01,li_V>face_G,2,HYP,GP,boot,300,False,,,,,,,,,,,,,10.107762098312378,81.64074277877808
fing_x_face,15,0.01,li_V>face_G,2,S1-Marcialis,rule,boot,300,True,0.007721774801677073,0.023255813953488372,0.008155996528089552,0.03474903474903475,1.247104247104247,1.8362814641884408,"[[34.000003814697266, 5.0], 73.84602355957031]",,,,,,10.107762098312378,81.64074277877808
fing_x_face,15,0.01,li_V>face_G,2,S2-Symmetric,rule,boot,300,True,0.007721774801677073,0.023255813953488372,0.008155996528089552,0.03474903474903475,1.247104247104247,1.8362814641884408,"[[34.000003814697266, 5.0], 73.84602355957031]",,,,,,10.107762098312378,81.64074277877808
fing_x_face,15,0.01,li_V>face_G,2,S3-SPRT,rule,boot,300,True,0.008053569812686635,0.015503875968992248,0.0072131932597048875,0.011583011583011582,1.196911196911197,1.9997904881625812,"[[4.898560677717983, -3.492104330604506], -0.26814945801964996]",,,,,,10.107762098312378,81.64074277877808
fing_x_face,15,0.01,li_V>face_G,2,S4-Direct,rule,boot,300,True,0.007736856393086598,0.015503875968992248,0.008275717578043159,0.03088803088803089,1.1891891891891893,1.8359971266948012,"[[28.000001907348633, 4.000000476837158], 73.85730743408203]",,,,,,10.107762098312378,81.64074277877808
fing_x_face,15,0.01,li_V>ri_V,2,LR-P1-N2,GP,boot,300,True,0.007721774801677073,0.05813953488372093,0.007063541947262877,0.04633204633204633,1.111969111969112,1.6640328035676872,"[[21.000001907348633, 5.000000476837158], 20.0]",,,,,,10.107762098312378,81.64074277877808
fing_x_face,15,0.01,li_V>ri_V,2,HYP,GP,boot,300,False,,,,,,,,,,,,,10.107762098312378,81.64074277877808
fing_x_face,15,0.01,li_V>ri_V,2,S1-Marcialis,rule,boot,300,True,0.007344735016438934,0.07364341085271318,0.007033611684774475,0.04247104247104247,1.247104247104247,1.8362814641884408,"[[34.000003814697266, 5.0], 19.0]",,,,,,10.107762098312378,81.64074277877808
fing_x_face,15,0.01,li_V>ri_V,2,S2-Symmetric,rule,boot,300,True,0.007344735016438934,0.07364341085271318,0.007033611684774475,0.04247104247104247,1.247104247104247,1.8362814641884408,"[[34.000003814697266, 5.0], 19.0]",,,,,,10.107762098312378,81.64074277877808
fing_x_face,15,0.01,li_V>ri_V,2,S3-SPRT,rule,boot,300,True,0.007978161855639007,0.05813953488372093,0.006704378797402053,0.03474903474903475,1.196911196911197,1.9997904881625812,"[[4.898560677717983, -3.492104330604506], -0.736386533503917]",,,,,,10.107762098312378,81.64074277877808
fing_x_face,15,0.01,li_V>ri_V,2,S4-Direct,rule,boot,300,False,,,,,,,,,,,,,10.107762098312378,81.64074277877808
fing_x_face,15,0.01,ri_V>face_C,2,LR-P1-N2,GP,boot,300,True,0.008083732995505686,0.003875968992248062,0.00945796294633504,0.011583011583011582,1.0656370656370657,1.9375355421867049,"[[21.000001907348633, 3.000000238418579], 0.6195099949836731]",,,,,,10.107762098312378,81.64074277877808
fing_x_face,15,0.01,ri_V>face_C,2,HYP,GP,boot,300,False,,,,,,,,,,,,,10.107762098312378,81.64074277877808
fing_x_face,15,0.01,ri_V>face_C,2,S1-Marcialis,rule,boot,300,True,0.007601122070400868,0.011627906976744186,0.00945796294633504,0.019305019305019305,1.1505791505791505,1.9914698751908053,"[[37.000003814697266, 3.0], 0.614359974861145]",,,,,,10.107762098312378,81.64074277877808
fing_x_face,15,0.01,ri_V>face_C,2,S2-Symmetric,rule,boot,300,False,,,,,,,,,,,,,10.107762098312378,81.64074277877808
fing_x_face,15,0.01,ri_V>face_C,2,S3-SPRT,rule,boot,300,True,0.007555877296172292,0.0,0.007198228128460687,0.003861003861003861,1.1196911196911197,1.999850348687558,"[[4.874827264659086, -4.039053560564637], -0.7081279086913101]",,,,,,10.107762098312378,81.64074277877808
fing_x_face,15,0.01,ri_V>face_C,2,S4-Direct,rule,boot,300,True,0.007661448436038971,0.003875968992248062,0.009398102421358235,0.015444015444015444,1.1042471042471043,1.9400945796294633,"[[27.000001907348633, 3.000000238418579], 0.614579975605011]",,,,,,10.107762098312378,81.64074277877808
fing_x_face,15,0.01,ri_V>face_G,2,LR-P1-N2,GP,boot,300,True,0.007963080264229481,0.007751937984496124,0.00872467151536919,0.011583011583011582,1.0617760617760619,1.9363832270809016,"[[20.000001907348633, 3.000000238418579], 74.22566223144531]",,,,,,10.107762098312378,81.64074277877808
fing_x_face,15,0.01,ri_V>face_G,2,HYP,GP,boot,300,False,,,,,,,,,,,,,10.107762098312378,81.64074277877808
fing_x_face,15,0.01,ri_V>face_G,2,S1-Marcialis,rule,boot,300,True,0.007797182758724701,0.011627906976744186,0.008410403759240969,0.019305019305019305,1.1505791505791505,1.9914698751908053,"[[37.000003814697266, 3.0], 73.92160034179688]",,,,,,10.107762098312378,81.64074277877808
fing_x_face,15,0.01,ri_V>face_G,2,S2-Symmetric,rule,boot,300,True,0.007797182758724701,0.011627906976744186,0.008410403759240969,0.019305019305019305,1.1505791505791505,1.9914698751908053,"[[37.000003814697266, 3.0], 73.92160034179688]",,,,,,10.107762098312378,81.64074277877808
fing_x_face,15,0.01,ri_V>face_G,2,S3-SPRT,rule,boot,300,True,0.007887672307181855,0.003875968992248062,0.007243123522193289,0.003861003861003861,1.1196911196911197,1.999850348687558,"[[4.874827264659086, -4.039053560564637], -0.5797826355591629]",,,,,,10.107762098312378,81.64074277877808
fing_x_face,15,0.01,ri_V>face_G,2,S4-Direct,rule,boot,300,True,0.0077670195759056496,0.011627906976744186,0.008410403759240969,0.011583011583011582,1.111969111969112,1.940214300679417,"[[28.000001907348633, 3.000000238418579], 73.92298889160156]",,,,,,10.107762098312378,81.64074277877808
fing_x_face,15,0.01,ri_V>li_V,2,LR-P1-N2,GP,boot,300,True,0.0067565529514674386,0.05813953488372093,0.006734309059890455,0.03088803088803089,1.0617760617760619,1.9363832270809016,"[[20.000001907348633, 3.000000238418579], 21.000001907348633]",,,,,,10.107762098312378,81.64074277877808
fing_x_face,15,0.01,ri_V>li_V,2,HYP,GP,boot,300,False,,,,,,,,,,,,,10.107762098312378,81.64074277877808
fing_x_face,15,0.01,ri_V>li_V,2,S1-Marcialis,rule,boot,300,True,0.005987391789581637,0.07364341085271318,0.005222830804226153,0.06177606177606178,1.1505791505791505,1.9914698751908053,"[[37.000003814697266, 3.0], 20.0]",,,,,,10.107762098312378,81.64074277877808
fing_x_face,15,0.01,ri_V>li_V,2,S2-Symmetric,rule,boot,300,False,,,,,,,,,,,,,10.107762098312378,81.64074277877808
fing_x_face,15,0.01,ri_V>li_V,2,S3-SPRT,rule,boot,300,True,0.007978161855639007,0.05813953488372093,0.006704378797402053,0.03474903474903475,1.1196911196911197,1.999850348687558,"[[4.874827264659086, -4.039053560564637], -0.736386533503917]",,,,,,10.107762098312378,81.64074277877808
fing_x_face,15,0.01,ri_V>li_V,2,S4-Direct,rule,boot,300,True,0.006334268392000724,0.05813953488372093,0.00577654066026159,0.03861003861003861,1.0656370656370657,1.6440842836191674,"[[23.000001907348633, 5.000000476837158], 20.0]",,,,,,10.107762098312378,81.64074277877808
fing_x_face,15,0.01,face_C>face_G>li_V,3,LR-P1-N2,GP,boot,300,True,0.007797182758724701,0.011627906976744186,0.009652509652509652,0.019305019305019305,1.1196911196911197,2.8181586902517135,"[[0.6168200373649597, -Infinity], [74.64447784423828, 64.82164001464844], 33.0]",,,,,,10.107762098312378,81.64074277877808
fing_x_face,15,0.01,face_C>face_G>li_V,3,HYP,GP,boot,300,False,,,,,,,,,,,,,10.107762098312378,81.64074277877808
fing_x_face,15,0.01,face_C>face_G>li_V,3,S1-Marcialis,rule,boot,300,True,0.007178837510934154,0.023255813953488372,0.006165634072610817,0.019305019305019305,1.7335907335907337,2.8383915476938735,"[[0.7040700316429138, -1.0], [75.97413635253906, 64.80564880371094], 19.0]",,,,,,10.107762098312378,81.64074277877808
fing_x_face,15,0.01,face_C>face_G>li_V,3,S2-Symmetric,rule,boot,300,True,0.007178837510934154,0.023255813953488372,0.006165634072610817,0.019305019305019305,1.7335907335907337,2.8383915476938735,"[[0.7040700316429138, -1.0], [75.97413635253906, 64.80564880371094], 19.0]",,,,,,10.107762098312378,81.64074277877808
fing_x_face,15,0.01,face_C>face_G>li_V,3,S3-SPRT,rule,boot,300,True,0.007706693210267547,0.031007751937984496,0.007796833378228727,0.015444015444015444,1.332046332046332,1.5102361497710335,"[[5.754390924167486, -3.058328027546358], [5.754390924167486, -3.058328027546358], -0.9509858120338496]",,,,,,10.107762098312378,81.64074277877808
fing_x_face,15,0.01,face_C>face_G>li_V,3,S4-Direct,rule,boot,300,True,0.007570958887581818,0.007751937984496124,0.008395438627996767,0.011583011583011582,1.1235521235521235,2.0531711113106463,"[[0.6205600500106812, 0.5259000658988953], [74.78756713867188, 63.05667495727539], 22.0]",,,,,,10.107762098312378,81.64074277877808
fing_x_face,15,0.01,face_C>face_G>ri_V,3,LR-P1-N2,GP,boot,300,True,0.007751937984496124,0.007751937984496124,0.00962257939002125,0.003861003861003861,1.1196911196911197,2.8177995271018528,"[[0.6163100600242615, -Infinity], [74.74203491210938, 64.82164001464844], 37.000003814697266]",,,,,,10.107762098312378,81.64074277877808
fing_x_face,15,0.01,face_C>face_G>ri_V,3,HYP,GP,boot,300,False,,,,,,,,,,,,,10.107762098312378,81.64074277877808
fing_x_face,15,0.01,face_C>face_G>ri_V,3,S1-Marcialis,rule,boot,300,True,0.006530329080324556,0.007751937984496124,0.006435006435006435,0.011583011583011582,1.7335907335907337,2.8383915476938735,"[[0.7040700316429138, -1.0], [75.97413635253906, 64.80564880371094], 19.0]",,,,,,10.107762098312378,81.64074277877808
fing_x_face,15,0.01,face_C>face_G>ri_V,3,S2-Symmetric,rule,boot,300,True,0.006530329080324556,0.007751937984496124,0.006435006435006435,0.011583011583011582,1.7335907335907337,2.8383915476938735,"[[0.7040700316429138, -1.0], [75.97413635253906, 64.80564880371094], 19.0]",,,,,,10.107762098312378,81.64074277877808
fing_x_face,15,0.01,face_C>face_G>ri_V,3,S3-SPRT,rule,boot,300,True,0.007435224564896088,0.027131782945736434,0.007557391278321511,0.007722007722007722,1.332046332046332,1.5102361497710335,"[[5.754390924167486, -3.058328027546358], [5.754390924167486, -3.058328027546358], -1.2512344425271813]",,,,,,10.107762098312378,81.64074277877808
fing_x_face,15,0.01,face_C>face_G>ri_V,3,S4-Direct,rule,boot,300,True,0.007088347962477001,0.003875968992248062,0.008754601777857592,0.011583011583011582,1.1312741312741312,2.05403908892281,"[[0.6205600500106812, 0.5259000658988953], [75.97413635253906, 63.05667495727539], 21.0]",,,,,,10.107762098312378,81.64074277877808
fing_x_face,15,0.01,face_C>li_V>face_G,3,LR-P1-N2,GP,boot,300,True,0.007842427532953278,0.011627906976744186,0.009652509652509652,0.007722007722007722,1.0888030888030888,2.6516416748974887,"[[0.6163100600242615, -0.9999999403953552], [25.000001907348633, 5.000000476837158], 74.94096374511719]",,,,,,10.107762098312378,81.64074277877808
fing_x_face,15,0.01,face_C>li_V>face_G,3,HYP,GP,boot,300,True,0.007736856393086598,0.06201550387596899,0.008470264284217772,0.04247104247104247,1.0386100386100385,1.0457334410822783,"[[0.621220052242279, 0.5902600884437561], [13.000000953674316, 7.000000476837158], 73.73710632324219]",,,,,,10.107762098312378,81.64074277877808
fing_x_face,15,0.01,face_C>li_V>face_G,3,S1-Marcialis,rule,boot,300,True,0.007721774801677073,0.015503875968992248,0.008155996528089552,0.02702702702702703,1.5521235521235521,2.836221603663464,"[[0.7040700316429138, -1.0], [34.000003814697266, 5.0], 73.84602355957031]",,,,,,10.107762098312378,81.64074277877808
fing_x_face,15,0.01,face_C>li_V>face_G,3,S2-Symmetric,rule,boot,300,True,0.007721774801677073,0.015503875968992248,0.008155996528089552,0.02702702702702703,1.5521235521235521,2.836221603663464,"[[0.7040700316429138, -1.0], [34.000003814697266, 5.0], 73.84602355957031]",,,,,,10.107762098312378,81.64074277877808
fing_x_face,15,0.01,face_C>li_V>face_G,3,S3-SPRT,rule,boot,300,True,0.007721774801677073,0.011627906976744186,0.007707042590763521,0.015444015444015444,1.2664092664092663,1.478120978120978,"[[5.754390924167486, -3.058328027546358], [5.754390924167486, -3.058328027546358], -1.0859342688551685]",,,,,,10.107762098312378,81.64074277877808
fing_x_face,15,0.01,face_C>li_V>face_G,3,S4-Direct,rule,boot,300,True,0.00793291708141043,0.007751937984496124,0.007886624165693933,0.019305019305019305,1.1853281853281854,1.819909610607285,"[[0.6465500593185425, 0.5259000658988953], [33.000003814697266, 6.000000476837158], 73.57128143310547]",,,,,,10.107762098312378,81.64074277877808
fing_x_face,15,0.01,face_C>li_V>ri_V,3,LR-P1-N2,GP,boot,300,False,,,,,,,,,,,,,10.107762098312378,81.64074277877808
fing_x_face,15,0.01,face_C>li_V>ri_V,3,HYP,GP,boot,300,True,0.007405061382077037,0.050387596899224806,0.008036275478135943,0.03861003861003861,1.0424710424710424,1.0528269132920296,"[[0.621220052242279, 0.5895100831985474], [13.000000953674316, 6.000000476837158], 17.0]",,,,,,10.107762098312378,81.64074277877808
fing_x_face,15,0.01,face_C>li_V>ri_V,3,S1-Marcialis,rule,boot,300,True,0.007344735016438934,0.011627906976744186,0.007063541947262877,0.019305019305019305,1.5521235521235521,2.836221603663464,"[[0.7040700316429138, -1.0], [34.000003814697266, 5.0], 19.0]",,,,,,10.107762098312378,81.64074277877808
fing_x_face,15,0.01,face_C>li_V>ri_V,3,S2-Symmetric,rule,boot,300,True,0.007344735016438934,0.011627906976744186,0.007063541947262877,0.019305019305019305,1.5521235521235521,2.836221603663464,"[[0.7040700316429138, -1.0], [34.000003814697266, 5.0], 19.0]",,,,,,10.107762098312378,81.64074277877808
fing_x_face,15,0.01,face_C>li_V>ri_V,3,S3-SPRT,rule,boot,300,True,0.007676530027448497,0.007751937984496124,0.006195564335099219,0.007722007722007722,1.2664092664092663,1.478120978120978,"[[5.754390924167486, -3.058328027546358], [5.754390924167486, -3.058328027546358], -2.8865797397843656]",,,,,,10.107762098312378,81.64074277877808
fing_x_face,15,0.01,face_C>li_V>ri_V,3,S4-Direct,rule,boot,300,True,0.007239163876572256,0.003875968992248062,0.006464936697494837,0.019305019305019305,1.1853281853281854,1.8199245757385292,"[[0.6465500593185425, 0.5259000658988953], [34.000003814697266, 6.000000476837158], 17.0]",,,,,,10.107762098312378,81.64074277877808
fing_x_face,15,0.01,face_C>ri_V>face_G,3,LR-P1-N2,GP,boot,300,True,0.007917835490000904,0.0,0.00962257939002125,0.003861003861003861,1.084942084942085,2.9234832839484004,"[[0.6169500350952148, -Infinity], [24.000001907348633, 3.000000238418579], 75.01026916503906]",,,,,,10.107762098312378,81.64074277877808
fing_x_face,15,0.01,face_C>ri_V>face_G,3,HYP,GP,boot,300,True,0.0074653877477151385,0.03875968992248062,0.008036275478135943,0.03474903474903475,1.05019305019305,1.0737481667714226,"[[0.621220052242279, 0.5807700753211975], [14.000000953674316, 8.000000953674316], 74.72138214111328]",,,,,,10.107762098312378,81.64074277877808
fing_x_face,15,0.01,face_C>ri_V>face_G,3,S1-Marcialis,rule,boot,300,True,0.007797182758724701,0.007751937984496124,0.008410403759240969,0.011583011583011582,1.5096525096525097,2.9914100146658287,"[[0.7040700316429138, -1.0], [37.000003814697266, 3.0], 73.92160034179688]",,,,,,10.107762098312378,81.64074277877808
fing_x_face,15,0.01,face_C>ri_V>face_G,3,S2-Symmetric,rule,boot,300,False,,,,,,,,,,,,,10.107762098312378,81.64074277877808
fing_x_face,15,0.01,face_C>ri_V>face_G,3,S3-SPRT,rule,boot,300,True,0.007540795704762767,0.003875968992248062,0.007766903115740325,0.007722007722007722,1.250965250965251,1.4645176738199994,"[[5.754390924167486, -3.058328027546358], [5.754390924167486, -3.058328027546358], -1.4504887719045045]",,,,,,10.107762098312378,81.64074277877808
fing_x_face,15,0.01,face_C>ri_V>face_G,3,S4-Direct,rule,boot,300,True,0.007978161855639007,0.003875968992248062,0.007901589296938134,0.011583011583011582,1.4555984555984556,1.8054832240878753,"[[0.7040700316429138, 0.5259000658988953], [21.000001907348633, 6.000000476837158], 73.66795349121094]",,,,,,10.107762098312378,81.64074277877808
fing_x_face,15,0.01,face_C>ri_V>li_V,3,LR-P1-N2,GP,boot,300,True,0.007917835490000904,0.0,0.009876986621172668,0.007722007722007722,1.084942084942085,2.922211247792643,"[[0.6159800887107849, -Infinity], [24.000001907348633, 3.000000238418579], 32.0]",,,,,,10.107762098312378,81.64074277877808
fing_x_face,15,0.01,face_C>ri_V>li_V,3,HYP,GP,boot,300,False,,,,,,,,,,,,,10.107762098312378,81.64074277877808
fing_x_face,15,0.01,face_C>ri_V>li_V,3,S1-Marcialis,rule,boot,300,True,0.005987391789581637,0.015503875968992248,0.005252761066714555,0.023166023166023165,1.5096525096525097,2.9914100146658287,"[[0.7040700316429138, -1.0], [37.000003814697266, 3.0], 20.0]",,,,,,10.107762098312378,81.64074277877808
fing_x_face,15,0.01,face_C>ri_V>li_V,3,S2-Symmetric,rule,boot,300,False,,,,,,,,,,,,,10.107762098312378,81.64074277877808
fing_x_face,15,0.01,face_C>ri_V>li_V,3,S3-SPRT,rule,boot,300,True,0.007586040478991343,0.003875968992248062,0.006375145910029631,0.007722007722007722,1.250965250965251,1.4645176738199994,"[[5.754390924167486, -3.058328027546358], [5.754390924167486, -3.058328027546358], -2.8902508490193246]",,,,,,10.107762098312378,81.64074277877808
fing_x_face,15,0.01,face_C>ri_V>li_V,3,S4-Direct,rule,boot,300,True,0.007043103188248424,0.003875968992248062,0.006554727484960043,0.019305019305019305,1.162162162162162,1.8039717458322109,"[[0.6465500593185425, 0.5259000658988953], [21.000001907348633, 6.000000476837158], 18.0]",,,,,,10.107762098312378,81.64074277877808
fing_x_face,15,0.01,face_G>face_C>li_V,3,LR-P1-N2,GP,boot,300,True,0.008008325038458058,0.007751937984496124,0.00945796294633504,0.015444015444015444,1.1891891891891893,2.657463110951483,"[[74.15118408203125, 64.82164001464844], [0.6246400475502014, -Infinity], 28.0]",,,,,,10.107762098312378,81.64074277877808
fing_x_face,15,0.01,face_G>face_C>li_V,3,HYP,GP,boot,300,False,,,,,,,,,,,,,10.107762098312378,81.64074277877808
fing_x_face,15,0.01,face_G>face_C>li_V,3,S1-Marcialis,rule,boot,300,True,0.007178837510934154,0.023255813953488372,0.006165634072610817,0.019305019305019305,1.6370656370656371,2.676872886175212,"[[75.97413635253906, 64.80564880371094], [0.7040700316429138, -1.0], 19.0]",,,,,,10.107762098312378,81.64074277877808
fing_x_face,15,0.01,face_G>face_C>li_V,3,S2-Symmetric,rule,boot,300,True,0.007178837510934154,0.023255813953488372,0.006165634072610817,0.019305019305019305,1.6370656370656371,2.676872886175212,"[[75.97413635253906, 64.80564880371094], [0.7040700316429138, -1.0], 19.0]",,,,,,10.107762098312378,81.64074277877808
fing_x_face,15,0.01,face_G>face_C>li_V,3,S3-SPRT,rule,boot,300,True,0.007706693210267547,0.027131782945736434,0.007811798509472928,0.011583011583011582,1.4324324324324325,1.9868007542426147,"[[5.663933764670444, -3.1177294608641115], [5.663933764670444, -3.1177294608641115], -0.9497205835673403]",,,,,,10.107762098312378,81.64074277877808
fing_x_face,15,0.01,face_G>face_C>li_V,3,S4-Direct,rule,boot,300,True,0.006620818628781709,0.003875968992248062,0.006135703810122415,0.011583011583011582,1.2625482625482625,2.4698901559366675,"[[74.78756713867188, 63.05667495727539], [0.6465500593185425, 0.5259000658988953], 19.0]",,,,,,10.107762098312378,81.64074277877808
fing_x_face,15,0.01,face_G>face_C>ri_V,3,LR-P1-N2,GP,boot,300,True,0.007963080264229481,0.003875968992248062,0.008799497171590195,0.007722007722007722,1.1891891891891893,2.657672622788902,"[[74.10750579833984, 64.82164001464844], [0.6279700398445129, -Infinity], 28.0]",,,,,,10.107762098312378,81.64074277877808
fing_x_face,15,0.01,face_G>face_C>ri_V,3,HYP,GP,boot,300,False,,,,,,,,,,,,,10.107762098312378,81.64074277877808
fing_x_face,15,0.01,face_G>face_C>ri_V,3,S1-Marcialis,rule,boot,300,True,0.006530329080324556,0.007751937984496124,0.006435006435006435,0.011583011583011582,1.6370656370656371,2.676872886175212,"[[75.97413635253906, 64.80564880371094], [0.7040700316429138, -1.0], 19.0]",,,,,,10.107762098312378,81.64074277877808
fing_x_face,15,0.01,face_G>face_C>ri_V,3,S2-Symmetric,rule,boot,300,True,0.006530329080324556,0.007751937984496124,0.006435006435006435,0.011583011583011582,1.6370656370656371,2.676872886175212,"[[75.97413635253906, 64.80564880371094], [0.7040700316429138, -1.0], 19.0]",,,,,,10.107762098312378,81.64074277877808
fing_x_face,15,0.01,face_G>face_C>ri_V,3,S3-SPRT,rule,boot,300,True,0.007405061382077037,0.023255813953488372,0.007572356409565712,0.003861003861003861,1.4324324324324325,1.9868007542426147,"[[5.663933764670444, -3.1177294608641115], [5.663933764670444, -3.1177294608641115], -1.2427429731002024]",,,,,,10.107762098312378,81.64074277877808
fing_x_face,15,0.01,face_G>face_C>ri_V,3,S4-Direct,rule,boot,300,True,0.006726389768648388,0.0,0.006928855766065068,0.019305019305019305,1.4555984555984556,2.4721947861482745,"[[75.97413635253906, 63.05667495727539], [0.6465500593185425, 0.5259000658988953], 18.0]",,,,,,10.107762098312378,81.64074277877808
fing_x_face,15,0.01,face_G>li_V>face_C,3,LR-P1-N2,GP,boot,300,True,0.007887672307181855,0.007751937984496124,0.008275717578043159,0.007722007722007722,1.1467181467181466,2.377016551435156,"[[74.02765655517578, 64.82164001464844], [24.000001907348633, 5.000000476837158], 0.6394299864768982]",,,,,,10.107762098312378,81.64074277877808
fing_x_face,15,0.01,face_G>li_V>face_C,3,HYP,GP,boot,300,False,,,,,,,,,,,,,10.107762098312378,81.64074277877808
fing_x_face,15,0.01,face_G>li_V>face_C,3,S1-Marcialis,rule,boot,300,True,0.007510632521943715,0.01937984496124031,0.008784532040345993,0.019305019305019305,1.416988416988417,2.5370835952231303,"[[75.97413635253906, 64.80564880371094], [34.000003814697266, 5.0], 0.6129199862480164]",,,,,,10.107762098312378,81.64074277877808
fing_x_face,15,0.01,face_G>li_V>face_C,3,S2-Symmetric,rule,boot,300,True,0.007510632521943715,0.01937984496124031,0.008784532040345993,0.019305019305019305,1.416988416988417,2.5370835952231303,"[[75.97413635253906, 64.80564880371094], [34.000003814697266, 5.0], 0.6129199862480164]",,,,,,10.107762098312378,81.64074277877808
fing_x_face,15,0.01,face_G>li_V>face_C,3,S3-SPRT,rule,boot,300,True,0.007751937984496124,0.015503875968992248,0.007796833378228727,0.011583011583011582,1.359073359073359,1.9655502678758492,"[[5.663933764670444, -3.1177294608641115], [5.663933764670444, -3.1177294608641115], -0.9833659174683306]",,,,,,10.107762098312378,81.64074277877808
fing_x_face,15,0.01,face_G>li_V>face_C,3,S4-Direct,rule,boot,300,True,0.007887672307181855,0.003875968992248062,0.008215857053066355,0.011583011583011582,1.196911196911197,2.4161204393762534,"[[74.51644134521484, 63.05667495727539], [28.000001907348633, 6.000000476837158], 0.6122999787330627]",,,,,,10.107762098312378,81.64074277877808
fing_x_face,15,0.01,face_G>li_V>ri_V,3,LR-P1-N2,GP,boot,300,False,,,,,,,,,,,,,10.107762098312378,81.64074277877808
fing_x_face,15,0.01,face_G>li_V>ri_V,3,HYP,GP,boot,300,False,,,,,,,,,,,,,10.107762098312378,81.64074277877808
fing_x_face,15,0.01,face_G>li_V>ri_V,3,S1-Marcialis,rule,boot,300,True,0.006289023617772147,0.01937984496124031,0.005941157103947802,0.011583011583011582,1.416988416988417,2.5370835952231303,"[[75.97413635253906, 64.80564880371094], [34.000003814697266, 5.0], 19.0]",,,,,,10.107762098312378,81.64074277877808
fing_x_face,15,0.01,face_G>li_V>ri_V,3,S2-Symmetric,rule,boot,300,True,0.006289023617772147,0.01937984496124031,0.005941157103947802,0.011583011583011582,1.416988416988417,2.5370835952231303,"[[75.97413635253906, 64.80564880371094], [34.000003814697266, 5.0], 19.0]",,,,,,10.107762098312378,81.64074277877808
fing_x_face,15,0.01,face_G>li_V>ri_V,3,S3-SPRT,rule,boot,300,True,0.00803848822127711,0.015503875968992248,0.006225494597587621,0.003861003861003861,1.359073359073359,1.9655502678758492,"[[5.663933764670444, -3.1177294608641115], [5.663933764670444, -3.1177294608641115], -2.672921414078368]",,,,,,10.107762098312378,81.64074277877808
fing_x_face,15,0.01,face_G>li_V>ri_V,3,S4-Direct,rule,boot,300,True,0.00749555093053419,0.003875968992248062,0.007258088653437491,0.011583011583011582,1.2046332046332047,2.416374846607405,"[[74.51644134521484, 63.05667495727539], [34.000003814697266, 6.000000476837158], 19.0]",,,,,,10.107762098312378,81.64074277877808
fing_x_face,15,0.01,face_G>ri_V>face_C,3,LR-P1-N2,GP,boot,300,True,0.008053569812686635,0.003875968992248062,0.008844392565322799,0.007722007722007722,1.1428571428571428,2.6087965041453414,"[[74.0603256225586, 64.82164001464844], [24.000001907348633, 3.000000238418579], 0.6351699829101562]",,,,,,10.107762098312378,81.64074277877808
fing_x_face,15,0.01,face_G>ri_V>face_C,3,HYP,GP,boot,300,False,,,,,,,,,,,,,10.107762098312378,81.64074277877808
fing_x_face,15,0.01,face_G>ri_V>face_C,3,S1-Marcialis,rule,boot,300,True,0.007661448436038971,0.007751937984496124,0.009652509652509652,0.007722007722007722,1.3822393822393821,2.6695699021280417,"[[75.97413635253906, 64.80564880371094], [37.000003814697266, 3.0], 0.6138700246810913]",,,,,,10.107762098312378,81.64074277877808
fing_x_face,15,0.01,face_G>ri_V>face_C,3,S2-Symmetric,rule,boot,300,True,0.007661448436038971,0.007751937984496124,0.009652509652509652,0.007722007722007722,1.3822393822393821,2.6695699021280417,"[[75.97413635253906, 64.80564880371094], [37.000003814697266, 3.0], 0.6138700246810913]",,,,,,10.107762098312378,81.64074277877808
fing_x_face,15,0.01,face_G>ri_V>face_C,3,S3-SPRT,rule,boot,300,True,0.007721774801677073,0.007751937984496124,0.007557391278321511,0.0,1.3397683397683398,1.9468288886893539,"[[5.663933764670444, -3.1177294608641115], [5.663933764670444, -3.1177294608641115], -1.398387939745508]",,,,,,10.107762098312378,81.64074277877808
fing_x_face,15,0.01,face_G>ri_V>face_C,3,S4-Direct,rule,boot,300,True,0.008008325038458058,0.0,0.008275717578043159,0.003861003861003861,1.3552123552123552,2.3951393253718836,"[[75.97413635253906, 63.05667495727539], [21.000001907348633, 6.000000476837158], 0.6127600073814392]",,,,,,10.107762098312378,81.64074277877808
fing_x_face,15,0.01,face_G>ri_V>li_V,3,LR-P1-N2,GP,boot,300,True,0.007902753898591379,0.007751937984496124,0.008425368890485169,0.007722007722007722,1.1428571428571428,2.607404746939631,"[[74.02967071533203, 64.82164001464844], [23.000001907348633, 3.000000238418579], 28.0]",,,,,,10.107762098312378,81.64074277877808
fing_x_face,15,0.01,face_G>ri_V>li_V,3,HYP,GP,boot,300,False,,,,,,,,,,,,,10.107762098312378,81.64074277877808
fing_x_face,15,0.01,face_G>ri_V>li_V,3,S1-Marcialis,rule,boot,300,True,0.007178837510934154,0.027131782945736434,0.0061506689413666155,0.011583011583011582,1.3822393822393821,2.6695699021280417,"[[75.97413635253906, 64.80564880371094], [37.000003814697266, 3.0], 19.0]",,,,,,10.107762098312378,81.64074277877808
fing_x_face,15,0.01,face_G>ri_V>li_V,3,S2-Symmetric,rule,boot,300,True,0.007178837510934154,0.027131782945736434,0.0061506689413666155,0.011583011583011582,1.3822393822393821,2.6695699021280417,"[[75.97413635253906, 64.80564880371094], [37.000003814697266, 3.0], 19.0]",,,,,,10.107762098312378,81.64074277877808
fing_x_face,15,0.01,face_G>ri_V>li_V,3,S3-SPRT,rule,boot,300,True,0.007917835490000904,0.007751937984496124,0.005926191972703601,0.003861003861003861,1.3397683397683398,1.9468288886893539,"[[5.663933764670444, -3.1177294608641115], [5.663933764670444, -3.1177294608641115], -2.648475311910168]",,,,,,10.107762098312378,81.64074277877808
fing_x_face,15,0.01,face_G>ri_V>li_V,3,S4-Direct,rule,boot,300,True,0.007887672307181855,0.003875968992248062,0.00785669390320553,0.007722007722007722,1.1776061776061777,2.3913232169046124,"[[74.51644134521484, 63.05667495727539], [21.000001907348633, 6.000000476837158], 21.0]",,,,,,10.107762098312378,81.64074277877808
fing_x_face,15,0.01,li_V>face_C>face_G,3,LR-P1-N2,GP,boot,300,True,0.00763128525321992,0.01937984496124031,0.008021310346891743,0.03088803088803089,1.1274131274131274,2.324533836161743,"[[21.000001907348633, 5.000000476837158], [0.6236900687217712, -Infinity], 74.45114135742188]",,,,,,10.107762098312378,81.64074277877808
fing_x_face,15,0.01,li_V>face_C>face_G,3,HYP,GP,boot,300,False,,,,,,,,,,,,,10.107762098312378,81.64074277877808
fing_x_face,15,0.01,li_V>face_C>face_G,3,S1-Marcialis,rule,boot,300,True,0.007721774801677073,0.015503875968992248,0.008155996528089552,0.03088803088803089,1.3629343629343629,2.6725329981143933,"[[34.000003814697266, 5.0], [0.7040700316429138, -1.0], 73.84602355957031]",,,,,,10.107762098312378,81.64074277877808
fing_x_face,15,0.01,li_V>face_C>face_G,3,S2-Symmetric,rule,boot,300,True,0.007721774801677073,0.015503875968992248,0.008155996528089552,0.03088803088803089,1.3629343629343629,2.6725329981143933,"[[34.000003814697266, 5.0], [0.7040700316429138, -1.0], 73.84602355957031]",,,,,,10.107762098312378,81.64074277877808
fing_x_face,15,0.01,li_V>face_C>face_G,3,S3-SPRT,rule,boot,300,True,0.0077670195759056496,0.007751937984496124,0.008021310346891743,0.011583011583011582,1.2432432432432432,2.0814552093621863,"[[4.898560677717983, -3.492104330604506], [4.898560677717983, -3.492104330604506], -1.0120629599768196]",,,,,,10.107762098312378,81.64074277877808
fing_x_face,15,0.01,li_V>face_C>face_G,3,S4-Direct,rule,boot,300,True,0.007978161855639007,0.003875968992248062,0.008904253090299602,0.019305019305019305,1.2084942084942085,2.231525545479034,"[[28.000001907348633, 4.000000476837158], [0.6246000528335571, 0.5315300822257996], 74.0342025756836]",,,,,,10.107762098312378,81.64074277877808
fing_x_face,15,0.01,li_V>face_C>ri_V,3,LR-P1-N2,GP,boot,300,True,0.007073266371067475,0.015503875968992248,0.007377809703391099,0.03088803088803089,1.1274131274131274,2.32477327826165,"[[21.000001907348633, 5.000000476837158], [0.6245700716972351, -Infinity], 23.000001907348633]",,,,,,10.107762098312378,81.64074277877808
fing_x_face,15,0.01,li_V>face_C>ri_V,3,HYP,GP,boot,300,False,,,,,,,,,,,,,10.107762098312378,81.64074277877808
fing_x_face,15,0.01,li_V>face_C>ri_V,3,S1-Marcialis,rule,boot,300,True,0.007344735016438934,0.011627906976744186,0.007063541947262877,0.023166023166023165,1.3629343629343629,2.6725329981143933,"[[34.000003814697266, 5.0], [0.7040700316429138, -1.0], 19.0]",,,,,,10.107762098312378,81.64074277877808
fing_x_face,15,0.01,li_V>face_C>ri_V,3,S2-Symmetric,rule,boot,300,True,0.007344735016438934,0.011627906976744186,0.007063541947262877,0.023166023166023165,1.3629343629343629,2.6725329981143933,"[[34.000003814697266, 5.0], [0.7040700316429138, -1.0], 19.0]",,,,,,10.107762098312378,81.64074277877808
fing_x_face,15,0.01,li_V>face_C>ri_V,3,S3-SPRT,rule,boot,300,True,0.007782101167315175,0.003875968992248062,0.006300320253808626,0.0,1.2432432432432432,2.0814552093621863,"[[4.898560677717983, -3.492104330604506], [4.898560677717983, -3.492104330604506], -2.6183880579510204]",,,,,,10.107762098312378,81.64074277877808
fing_x_face,15,0.01,li_V>face_C>ri_V,3,S4-Direct,rule,boot,300,True,0.0069827768226103214,0.0,0.007796833378228727,0.019305019305019305,1.274131274131274,2.23197449941636,"[[34.000003814697266, 4.000000476837158], [0.6246000528335571, 0.5315300822257996], 19.0]",,,,,,10.107762098312378,81.64074277877808
fing_x_face,15,0.01,li_V>face_G>face_C,3,LR-P1-N2,GP,boot,300,True,0.008189304135372364,0.01937984496124031,0.00829068270928736,0.03088803088803089,1.1081081081081081,2.211502199874293,"[[20.000001907348633, 5.000000476837158], [74.5372543334961, 64.82164001464844], 0.6255800127983093]",,,,,,10.107762098312378,81.64074277877808
fing_x_face,15,0.01,li_V>face_G>face_C,3,HYP,GP,boot,300,False,,,,,,,,,,,,,10.107762098312378,81.64074277877808
fing_x_face,15,0.01,li_V>face_G>face_C,3,S1-Marcialis,rule,boot,300,True,0.007510632521943715,0.01937984496124031,0.008784532040345993,0.023166023166023165,1.3243243243243243,2.534913651192721,"[[34.000003814697266, 5.0], [75.97413635253906, 64.80564880371094], 0.6129199862480164]",,,,,,10.107762098312378,81.64074277877808
fing_x_face,15,0.01,li_V>face_G>face_C,3,S2-Symmetric,rule,boot,300,True,0.007510632521943715,0.01937984496124031,0.008784532040345993,0.023166023166023165,1.3243243243243243,2.534913651192721,"[[34.000003814697266, 5.0], [75.97413635253906, 64.80564880371094], 0.6129199862480164]",,,,,,10.107762098312378,81.64074277877808
fing_x_face,15,0.01,li_V>face_G>face_C,3,S3-SPRT,rule,boot,300,True,0.0078122643501342265,0.007751937984496124,0.007736972853251923,0.011583011583011582,1.2393822393822393,2.092783813714046,"[[4.898560677717983, -3.492104330604506], [4.898560677717983, -3.492104330604506], -0.9167776594755281]",,,,,,10.107762098312378,81.64074277877808
fing_x_face,15,0.01,li_V>face_G>face_C,3,S4-Direct,rule,boot,300,True,0.007993243447048532,0.003875968992248062,0.009562718865044447,0.015444015444015444,1.223938223938224,2.2283828679177518,"[[28.000001907348633, 4.000000476837158], [74.35498046875, 66.20941925048828], 0.6164399981498718]",,,,,,10.107762098312378,81.64074277877808
fing_x_face,15,0.01,li_V>face_G>ri_V,3,LR-P1-N2,GP,boot,300,True,0.007721774801677073,0.01937984496124031,0.0071084373409954806,0.02702702702702703,1.1081081081081081,2.2114124090868277,"[[20.000001907348633, 5.000000476837158], [74.51290893554688, 64.82164001464844], 22.000001907348633]",,,,,,10.107762098312378,81.64074277877808
fing_x_face,15,0.01,li_V>face_G>ri_V,3,HYP,GP,boot,300,False,,,,,,,,,,,,,10.107762098312378,81.64074277877808
fing_x_face,15,0.01,li_V>face_G>ri_V,3,S1-Marcialis,rule,boot,300,True,0.006289023617772147,0.01937984496124031,0.005941157103947802,0.015444015444015444,1.3243243243243243,2.534913651192721,"[[34.000003814697266, 5.0], [75.97413635253906, 64.80564880371094], 19.0]",,,,,,10.107762098312378,81.64074277877808
fing_x_face,15,0.01,li_V>face_G>ri_V,3,S2-Symmetric,rule,boot,300,True,0.006289023617772147,0.01937984496124031,0.005941157103947802,0.015444015444015444,1.3243243243243243,2.534913651192721,"[[34.000003814697266, 5.0], [75.97413635253906, 64.80564880371094], 19.0]",,,,,,10.107762098312378,81.64074277877808
fing_x_face,15,0.01,li_V>face_G>ri_V,3,S3-SPRT,rule,boot,300,True,0.00806865140409616,0.007751937984496124,0.006105773547634013,0.003861003861003861,1.2393822393822393,2.092783813714046,"[[4.898560677717983, -3.492104330604506], [4.898560677717983, -3.492104330604506], -2.6019732131039626]",,,,,,10.107762098312378,81.64074277877808
fing_x_face,15,0.01,li_V>face_G>ri_V,3,S4-Direct,rule,boot,300,True,0.006666063403010286,0.003875968992248062,0.006494866959983239,0.011583011583011582,1.2895752895752897,2.228786926461345,"[[34.000003814697266, 4.000000476837158], [74.35498046875, 66.20941925048828], 19.0]",,,,,,10.107762098312378,81.64074277877808
fing_x_face,15,0.01,li_V>ri_V>face_C,3,LR-P1-N2,GP,boot,300,True,0.007993243447048532,0.01937984496124031,0.007886624165693933,0.03088803088803089,1.1196911196911197,2.294079794079794,"[[20.000001907348633, 5.000000476837158], [23.000001907348633, 3.000000238418579], 0.6261900663375854]",,,,,,10.107762098312378,81.64074277877808
fing_x_face,15,0.01,li_V>ri_V>face_C,3,HYP,GP,boot,300,False,,,,,,,,,,,,,10.107762098312378,81.64074277877808
fing_x_face,15,0.01,li_V>ri_V>face_C,3,S1-Marcialis,rule,boot,300,True,0.007510632521943715,0.003875968992248062,0.008709706384124988,0.015444015444015444,1.3281853281853282,2.6671605159977254,"[[34.000003814697266, 5.0], [37.000003814697266, 3.0], 0.6132400035858154]",,,,,,10.107762098312378,81.64074277877808
fing_x_face,15,0.01,li_V>ri_V>face_C,3,S2-Symmetric,rule,boot,300,True,0.007510632521943715,0.003875968992248062,0.008709706384124988,0.015444015444015444,1.3281853281853282,2.6671605159977254,"[[34.000003814697266, 5.0], [37.000003814697266, 3.0], 0.6132400035858154]",,,,,,10.107762098312378,81.64074277877808
fing_x_face,15,0.01,li_V>ri_V>face_C,3,S3-SPRT,rule,boot,300,True,0.007887672307181855,0.03875968992248062,0.005821436053994194,0.011583011583011582,1.2432432432432432,2.0562539283469516,"[[4.898560677717983, -3.492104330604506], [4.898560677717983, -3.492104330604506], -2.670572567258563]",,,,,,10.107762098312378,81.64074277877808
fing_x_face,15,0.01,li_V>ri_V>face_C,3,S4-Direct,rule,boot,300,True,0.007555877296172292,0.003875968992248062,0.008664810990392386,0.011583011583011582,1.3127413127413128,2.6297027924934904,"[[34.000003814697266, 4.000000476837158], [29.000001907348633, 3.000000238418579], 0.6131700277328491]",,,,,,10.107762098312378,81.64074277877808
fing_x_face,15,0.01,li_V>ri_V>face_G,3,LR-P1-N2,GP,boot,300,True,0.0078122643501342265,0.023255813953488372,0.007258088653437491,0.02702702702702703,1.1196911196911197,2.294079794079794,"[[20.000001907348633, 5.000000476837158], [23.000001907348633, 3.000000238418579], 74.44922637939453]",,,,,,10.107762098312378,81.64074277877808
fing_x_face,15,0.01,li_V>ri_V>face_G,3,HYP,GP,boot,300,False,,,,,,,,,,,,,10.107762098312378,81.64074277877808
fing_x_face,15,0.01,li_V>ri_V>face_G,3,S1-Marcialis,rule,boot,300,True,0.007721774801677073,0.003875968992248062,0.008155996528089552,0.015444015444015444,1.3281853281853282,2.6671605159977254,"[[34.000003814697266, 5.0], [37.000003814697266, 3.0], 73.84602355957031]",,,,,,10.107762098312378,81.64074277877808
fing_x_face,15,0.01,li_V>ri_V>face_G,3,S2-Symmetric,rule,boot,300,True,0.007721774801677073,0.003875968992248062,0.008155996528089552,0.015444015444015444,1.3281853281853282,2.6671605159977254,"[[34.000003814697266, 5.0], [37.000003814697266, 3.0], 73.84602355957031]",,,,,,10.107762098312378,81.64074277877808
fing_x_face,15,0.01,li_V>ri_V>face_G,3,S3-SPRT,rule,boot,300,True,0.007947998672819956,0.03875968992248062,0.005746610397773189,0.015444015444015444,1.2432432432432432,2.0562539283469516,"[[4.898560677717983, -3.492104330604506], [4.898560677717983, -3.492104330604506], -2.6148781294917263]",,,,,,10.107762098312378,81.64074277877808
fing_x_face,15,0.01,li_V>ri_V>face_G,3,S4-Direct,rule,boot,300,True,0.007751937984496124,0.007751937984496124,0.008215857053066355,0.015444015444015444,1.3281853281853282,2.629852443805932,"[[34.000003814697266, 4.000000476837158], [37.000003814697266, 3.000000238418579], 73.82826232910156]",,,,,,10.107762098312378,81.64074277877808
fing_x_face,15,0.01,ri_V>face_C>face_G,3,LR-P1-N2,GP,boot,300,True,0.007601122070400868,0.003875968992248062,0.008799497171590195,0.011583011583011582,1.0772200772200773,2.8711651851186737,"[[21.000001907348633, 3.000000238418579], [0.6263700723648071, -Infinity], 74.54151916503906]",,,,,,10.107762098312378,81.64074277877808
fing_x_face,15,0.01,ri_V>face_C>face_G,3,HYP,GP,boot,300,False,,,,,,,,,,,,,10.107762098312378,81.64074277877808
fing_x_face,15,0.01,ri_V>face_C>face_G,3,S1-Marcialis,rule,boot,300,True,0.007797182758724701,0.007751937984496124,0.008410403759240969,0.015444015444015444,1.223938223938224,2.9829098201191226,"[[37.000003814697266, 3.0], [0.7040700316429138, -1.0], 73.92160034179688]",,,,,,10.107762098312378,81.64074277877808
fing_x_face,15,0.01,ri_V>face_C>face_G,3,S2-Symmetric,rule,boot,300,True,0.007797182758724701,0.007751937984496124,0.008410403759240969,0.015444015444015444,1.223938223938224,2.9829098201191226,"[[37.000003814697266, 3.0], [0.7040700316429138, -1.0], 73.92160034179688]",,,,,,10.107762098312378,81.64074277877808
fing_x_face,15,0.01,ri_V>face_C>face_G,3,S3-SPRT,rule,boot,300,True,0.007510632521943715,0.0,0.007901589296938134,0.0,1.1505791505791505,2.0908533117835444,"[[4.874827264659086, -4.039053560564637], [4.874827264659086, -4.039053560564637], -1.299582618949372]",,,,,,10.107762098312378,81.64074277877808
fing_x_face,15,0.01,ri_V>face_C>face_G,3,S4-Direct,rule,boot,300,True,0.008008325038458058,0.003875968992248062,0.00930831163389303,0.011583011583011582,1.1196911196911197,2.3813714046272185,"[[27.000001907348633, 3.000000238418579], [0.6246000528335571, 0.5315300822257996], 74.10958099365234]",,,,,,10.107762098312378,81.64074277877808
fing_x_face,15,0.01,ri_V>face_C>li_V,3,LR-P1-N2,GP,boot,300,True,0.007736856393086598,0.003875968992248062,0.009248451108916225,0.011583011583011582,1.0733590733590734,2.868456496363473,"[[20.000001907348633, 3.000000238418579], [0.625260055065155, -Infinity], 25.0]",,,,,,10.107762098312378,81.64074277877808
fing_x_face,15,0.01,ri_V>face_C>li_V,3,HYP,GP,boot,300,False,,,,,,,,,,,,,10.107762098312378,81.64074277877808
fing_x_face,15,0.01,ri_V>face_C>li_V,3,S1-Marcialis,rule,boot,300,True,0.005987391789581637,0.015503875968992248,0.005252761066714555,0.02702702702702703,1.223938223938224,2.9829098201191226,"[[37.000003814697266, 3.0], [0.7040700316429138, -1.0], 20.0]",,,,,,10.107762098312378,81.64074277877808
fing_x_face,15,0.01,ri_V>face_C>li_V,3,S2-Symmetric,rule,boot,300,True,0.005987391789581637,0.015503875968992248,0.005252761066714555,0.02702702702702703,1.223938223938224,2.9829098201191226,"[[37.000003814697266, 3.0], [0.7040700316429138, -1.0], 20.0]",,,,,,10.107762098312378,81.64074277877808
fing_x_face,15,0.01,ri_V>face_C>li_V,3,S3-SPRT,rule,boot,300,True,0.007691611618858022,0.0,0.0061506689413666155,0.0,1.1505791505791505,2.0908533117835444,"[[4.874827264659086, -4.039053560564637], [4.874827264659086, -4.039053560564637], -2.531959016722708]",,,,,,10.107762098312378,81.64074277877808
fing_x_face,15,0.01,ri_V>face_C>li_V,3,S4-Direct,rule,boot,300,True,0.00705818477965795,0.003875968992248062,0.0073927748346353,0.011583011583011582,1.1196911196911197,2.3813714046272185,"[[27.000001907348633, 3.000000238418579], [0.6246000528335571, 0.5315300822257996], 20.0]",,,,,,10.107762098312378,81.64074277877808
fing_x_face,15,0.01,ri_V>face_G>face_C,3,LR-P1-N2,GP,boot,300,True,0.00793291708141043,0.003875968992248062,0.009263416240160426,0.011583011583011582,1.0694980694980696,2.717293705665799,"[[20.000001907348633, 3.000000238418579], [74.63646697998047, 64.82164001464844], 0.6271900534629822]",,,,,,10.107762098312378,81.64074277877808
fing_x_face,15,0.01,ri_V>face_G>face_C,3,HYP,GP,boot,300,False,,,,,,,,,,,,,10.107762098312378,81.64074277877808
fing_x_face,15,0.01,ri_V>face_G>face_C,3,S1-Marcialis,rule,boot,300,True,0.007661448436038971,0.007751937984496124,0.009652509652509652,0.011583011583011582,1.193050193050193,2.822588369099997,"[[37.000003814697266, 3.0], [75.97413635253906, 64.80564880371094], 0.6138700246810913]",,,,,,10.107762098312378,81.64074277877808
fing_x_face,15,0.01,ri_V>face_G>face_C,3,S2-Symmetric,rule,boot,300,True,0.007661448436038971,0.007751937984496124,0.009652509652509652,0.011583011583011582,1.193050193050193,2.822588369099997,"[[37.000003814697266, 3.0], [75.97413635253906, 64.80564880371094], 0.6138700246810913]",,,,,,10.107762098312378,81.64074277877808
fing_x_face,15,0.01,ri_V>face_G>face_C,3,S3-SPRT,rule,boot,300,True,0.007661448436038971,0.003875968992248062,0.007916554428182334,0.0,1.138996138996139,2.09871000568675,"[[4.874827264659086, -4.039053560564637], [4.874827264659086, -4.039053560564637], -1.2709051159814415]",,,,,,10.107762098312378,81.64074277877808
fing_x_face,15,0.01,ri_V>face_G>face_C,3,S4-Direct,rule,boot,300,True,0.007797182758724701,0.003875968992248062,0.009442997815090838,0.007722007722007722,1.1158301158301158,2.3853221992756874,"[[27.000001907348633, 3.000000238418579], [74.35498046875, 66.20941925048828], 0.6195700168609619]",,,,,,10.107762098312378,81.64074277877808
fing_x_face,15,0.01,ri_V>face_G>li_V,3,LR-P1-N2,GP,boot,300,True,0.007073266371067475,0.007751937984496124,0.007572356409565712,0.007722007722007722,1.0694980694980696,2.7165903444973214,"[[20.000001907348633, 3.000000238418579], [74.52098083496094, 64.82164001464844], 23.000001907348633]",,,,,,10.107762098312378,81.64074277877808
fing_x_face,15,0.01,ri_V>face_G>li_V,3,HYP,GP,boot,300,False,,,,,,,,,,,,,10.107762098312378,81.64074277877808
fing_x_face,15,0.01,ri_V>face_G>li_V,3,S1-Marcialis,rule,boot,300,True,0.007178837510934154,0.027131782945736434,0.0061506689413666155,0.015444015444015444,1.193050193050193,2.822588369099997,"[[37.000003814697266, 3.0], [75.97413635253906, 64.80564880371094], 19.0]",,,,,,10.107762098312378,81.64074277877808
fing_x_face,15,0.01,ri_V>face_G>li_V,3,S2-Symmetric,rule,boot,300,True,0.007178837510934154,0.027131782945736434,0.0061506689413666155,0.015444015444015444,1.193050193050193,2.822588369099997,"[[37.000003814697266, 3.0], [75.97413635253906, 64.80564880371094], 19.0]",,,,,,10.107762098312378,81.64074277877808
fing_x_face,15,0.01,ri_V>face_G>li_V,3,S3-SPRT,rule,boot,300,True,0.007887672307181855,0.003875968992248062,0.005731645266528988,0.003861003861003861,1.138996138996139,2.09871000568675,"[[4.874827264659086, -4.039053560564637], [4.874827264659086, -4.039053560564637], -2.445810156927503]",,,,,,10.107762098312378,81.64074277877808
fing_x_face,15,0.01,ri_V>face_G>li_V,3,S4-Direct,rule,boot,300,True,0.007601122070400868,0.007751937984496124,0.0071084373409954806,0.015444015444015444,1.1737451737451738,2.3857561880817695,"[[37.000003814697266, 3.000000238418579], [74.35498046875, 66.20941925048828], 19.0]",,,,,,10.107762098312378,81.64074277877808
fing_x_face,15,0.01,ri_V>li_V>face_C,3,LR-P1-N2,GP,boot,300,True,0.007827345941543752,0.01937984496124031,0.008305647840531562,0.015444015444015444,1.0810810810810811,2.565891472868217,"[[19.000001907348633, 3.000000238418579], [24.000001907348633, 5.000000476837158], 0.6316499710083008]",,,,,,10.107762098312378,81.64074277877808
fing_x_face,15,0.01,ri_V>li_V>face_C,3,HYP,GP,boot,300,False,,,,,,,,,,,,,10.107762098312378,81.64074277877808
fing_x_face,15,0.01,ri_V>li_V>face_C,3,S1-Marcialis,rule,boot,300,True,0.007510632521943715,0.003875968992248062,0.008709706384124988,0.015444015444015444,1.2316602316602316,2.82234892700009,"[[37.000003814697266, 3.0], [34.000003814697266, 5.0], 0.6132400035858154]",,,,,,10.107762098312378,81.64074277877808
fing_x_face,15,0.01,ri_V>li_V>face_C,3,S2-Symmetric,rule,boot,300,True,0.007510632521943715,0.003875968992248062,0.008709706384124988,0.015444015444015444,1.2316602316602316,2.82234892700009,"[[37.000003814697266, 3.0], [34.000003814697266, 5.0], 0.6132400035858154]",,,,,,10.107762098312378,81.64074277877808
fing_x_face,15,0.01,ri_V>li_V>face_C,3,S3-SPRT,rule,boot,300,True,0.007797182758724701,0.031007751937984496,0.005611924216575379,0.011583011583011582,1.162162162162162,2.083460536948909,"[[4.874827264659086, -4.039053560564637], [4.874827264659086, -4.039053560564637], -2.55579529529303]",,,,,,10.107762098312378,81.64074277877808
fing_x_face,15,0.01,ri_V>li_V>face_C,3,S4-Direct,rule,boot,300,True,0.007555877296172292,0.003875968992248062,0.008664810990392386,0.011583011583011582,1.1814671814671815,2.733695489509443,"[[29.000001907348633, 3.000000238418579], [34.000003814697266, 4.000000476837158], 0.6131700277328491]",,,,,,10.107762098312378,81.64074277877808
fing_x_face,15,0.01,ri_V>li_V>face_G,3,LR-P1-N2,GP,boot,300,True,0.00793291708141043,0.023255813953488372,0.008230822184310557,0.011583011583011582,1.0810810810810811,2.565891472868217,"[[19.000001907348633, 3.000000238418579], [24.000001907348633, 5.000000476837158], 74.51644134521484]",,,,,,10.107762098312378,81.64074277877808
fing_x_face,15,0.01,ri_V>li_V>face_G,3,HYP,GP,boot,300,False,,,,,,,,,,,,,10.107762098312378,81.64074277877808
fing_x_face,15,0.01,ri_V>li_V>face_G,3,S1-Marcialis,rule,boot,300,True,0.007721774801677073,0.003875968992248062,0.008155996528089552,0.015444015444015444,1.2316602316602316,2.82234892700009,"[[37.000003814697266, 3.0], [34.000003814697266, 5.0], 73.84602355957031]",,,,,,10.107762098312378,81.64074277877808
fing_x_face,15,0.01,ri_V>li_V>face_G,3,S2-Symmetric,rule,boot,300,True,0.007721774801677073,0.003875968992248062,0.008155996528089552,0.015444015444015444,1.2316602316602316,2.82234892700009,"[[37.000003814697266, 3.0], [34.000003814697266, 5.0], 73.84602355957031]",,,,,,10.107762098312378,81.64074277877808
fing_x_face,15,0.01,ri_V>li_V>face_G,3,S3-SPRT,rule,boot,300,True,0.008023406629867584,0.031007751937984496,0.005791505791505791,0.015444015444015444,1.162162162162162,2.083460536948909,"[[4.874827264659086, -4.039053560564637], [4.874827264659086, -4.039053560564637], -2.5495637735460344]",,,,,,10.107762098312378,81.64074277877808
fing_x_face,15,0.01,ri_V>li_V>face_G,3,S4-Direct,rule,boot,300,True,0.007586040478991343,0.007751937984496124,0.008111101134356948,0.011583011583011582,1.1814671814671815,2.733695489509443,"[[29.000001907348633, 3.000000238418579], [34.000003814697266, 4.000000476837158], 73.84941101074219]",,,,,,10.107762098312378,81.64074277877808
fing_x_face,15,0.01,face_C>face_G>li_V>ri_V,4,LR-P1-N2,GP,boot,300,False,,,,,,,,,,,,,10.107762098312378,81.64074277877808
fing_x_face,15,0.01,face_C>face_G>li_V>ri_V,4,HYP,GP,boot,300,False,,,,,,,,,,,,,10.107762098312378,81.64074277877808
fing_x_face,15,0.01,face_C>face_G>li_V>ri_V,4,S1-Marcialis,rule,boot,300,True,0.006289023617772147,0.007751937984496124,0.005971087366436203,0.011583011583011582,1.803088803088803,3.536993804435665,"[[0.7040700316429138, -1.0], [75.97413635253906, 64.80564880371094], [34.000003814697266, 5.0], 19.0]",,,,,,10.107762098312378,81.64074277877808
fing_x_face,15,0.01,face_C>face_G>li_V>ri_V,4,S2-Symmetric,rule,boot,300,True,0.006289023617772147,0.007751937984496124,0.005971087366436203,0.011583011583011582,1.803088803088803,3.536993804435665,"[[0.7040700316429138, -1.0], [75.97413635253906, 64.80564880371094], [34.000003814697266, 5.0], 19.0]",,,,,,10.107762098312378,81.64074277877808
fing_x_face,15,0.01,face_C>face_G>li_V>ri_V,4,S3-SPRT,rule,boot,300,True,0.007420142973486562,0.031007751937984496,0.006973751159797671,0.007722007722007722,1.3474903474903475,1.532160067043788,"[[5.754390924167486, -3.058328027546358], [5.754390924167486, -3.058328027546358], [5.754390924167486, -3.058328027546358], -3.688556010901363]",,,,,,10.107762098312378,81.64074277877808
fing_x_face,15,0.01,face_C>face_G>li_V>ri_V,4,S4-Direct,rule,boot,300,True,0.0074653877477151385,0.003875968992248062,0.008829427434078597,0.011583011583011582,1.138996138996139,2.314088174553291,"[[0.6205600500106812, 0.5259000658988953], [74.78756713867188, 63.05667495727539], [34.000003814697266, 6.000000476837158], 21.0]",,,,,,10.107762098312378,81.64074277877808
fing_x_face,15,0.01,face_C>face_G>ri_V>li_V,4,LR-P1-N2,GP,boot,300,False,,,,,,,,,,,,,10.107762098312378,81.64074277877808
fing_x_face,15,0.01,face_C>face_G>ri_V>li_V,4,HYP,GP,boot,300,False,,,,,,,,,,,,,10.107762098312378,81.64074277877808
fing_x_face,15,0.01,face_C>face_G>ri_V>li_V,4,S1-Marcialis,rule,boot,300,True,0.007178837510934154,0.011627906976744186,0.006180599203855018,0.007722007722007722,1.7722007722007722,3.6694801113405764,"[[0.7040700316429138, -1.0], [75.97413635253906, 64.80564880371094], [37.000003814697266, 3.0], 19.0]",,,,,,10.107762098312378,81.64074277877808
fing_x_face,15,0.01,face_C>face_G>ri_V>li_V,4,S2-Symmetric,rule,boot,300,True,0.007178837510934154,0.011627906976744186,0.006180599203855018,0.007722007722007722,1.7722007722007722,3.6694801113405764,"[[0.7040700316429138, -1.0], [75.97413635253906, 64.80564880371094], [37.000003814697266, 3.0], 19.0]",,,,,,10.107762098312378,81.64074277877808
fing_x_face,15,0.01,face_C>face_G>ri_V>li_V,4,S3-SPRT,rule,boot,300,True,0.0074653877477151385,0.027131782945736434,0.007003681422286074,0.007722007722007722,1.3397683397683398,1.5279399000329232,"[[5.754390924167486, -3.058328027546358], [5.754390924167486, -3.058328027546358], [5.754390924167486, -3.058328027546358], -3.739142169501709]",,,,,,10.107762098312378,81.64074277877808
fing_x_face,15,0.01,face_C>face_G>ri_V>li_V,4,S4-Direct,rule,boot,300,True,0.007797182758724701,0.003875968992248062,0.008904253090299602,0.007722007722007722,1.135135135135135,2.299961090658765,"[[0.6205600500106812, 0.5259000658988953], [75.97413635253906, 63.05667495727539], [22.000001907348633, 6.000000476837158], 21.0]",,,,,,10.107762098312378,81.64074277877808
fing_x_face,15,0.01,face_C>li_V>face_G>ri_V,4,LR-P1-N2,GP,boot,300,False,,,,,,,,,,,,,10.107762098312378,81.64074277877808
fing_x_face,15,0.01,face_C>li_V>face_G>ri_V,4,HYP,GP,boot,300,False,,,,,,,,,,,,,10.107762098312378,81.64074277877808
fing_x_face,15,0.01,face_C>li_V>face_G>ri_V,4,S1-Marcialis,rule,boot,300,True,0.006289023617772147,0.007751937984496124,0.005971087366436203,0.011583011583011582,1.6216216216216217,3.5348238604052558,"[[0.7040700316429138, -1.0], [34.000003814697266, 5.0], [75.97413635253906, 64.80564880371094], 19.0]",,,,,,10.107762098312378,81.64074277877808
fing_x_face,15,0.01,face_C>li_V>face_G>ri_V,4,S2-Symmetric,rule,boot,300,True,0.006289023617772147,0.007751937984496124,0.005971087366436203,0.011583011583011582,1.6216216216216217,3.5348238604052558,"[[0.7040700316429138, -1.0], [34.000003814697266, 5.0], [75.97413635253906, 64.80564880371094], 19.0]",,,,,,10.107762098312378,81.64074277877808
fing_x_face,15,0.01,face_C>li_V>face_G>ri_V,4,S3-SPRT,rule,boot,300,True,0.007601122070400868,0.011627906976744186,0.007168297865972285,0.007722007722007722,1.2857142857142858,1.496647810601299,"[[5.754390924167486, -3.058328027546358], [5.754390924167486, -3.058328027546358], [5.754390924167486, -3.058328027546358], -3.895700758752623]",,,,,,10.107762098312378,81.64074277877808
fing_x_face,15,0.01,face_C>li_V>face_G>ri_V,4,S4-Direct,rule,boot,300,True,0.00749555093053419,0.003875968992248062,0.006809134716111461,0.007722007722007722,1.2084942084942085,1.9730178683667057,"[[0.6465500593185425, 0.5259000658988953], [34.000003814697266, 6.000000476837158], [74.47412872314453, 66.20941925048828], 16.0]",,,,,,10.107762098312378,81.64074277877808
fing_x_face,15,0.01,face_C>li_V>ri_V>face_G,4,LR-P1-N2,GP,boot,300,False,,,,,,,,,,,,,10.107762098312378,81.64074277877808
fing_x_face,15,0.01,face_C>li_V>ri_V>face_G,4,HYP,GP,boot,300,False,,,,,,,,,,,,,10.107762098312378,81.64074277877808
fing_x_face,15,0.01,face_C>li_V>ri_V>face_G,4,S1-Marcialis,rule,boot,300,True,0.007721774801677073,0.0,0.008155996528089552,0.007722007722007722,1.5907335907335907,3.66707072521026,"[[0.7040700316429138, -1.0], [34.000003814697266, 5.0], [37.000003814697266, 3.0], 73.84602355957031]",,,,,,10.107762098312378,81.64074277877808
fing_x_face,15,0.01,face_C>li_V>ri_V>face_G,4,S2-Symmetric,rule,boot,300,True,0.007721774801677073,0.0,0.008155996528089552,0.007722007722007722,1.5907335907335907,3.66707072521026,"[[0.7040700316429138, -1.0], [34.000003814697266, 5.0], [37.000003814697266, 3.0], 73.84602355957031]",,,,,,10.107762098312378,81.64074277877808
fing_x_face,15,0.01,face_C>li_V>ri_V>face_G,4,S3-SPRT,rule,boot,300,True,0.007736856393086598,0.007751937984496124,0.006584657747448445,0.007722007722007722,1.2857142857142858,1.4847206009996707,"[[5.754390924167486, -3.058328027546358], [5.754390924167486, -3.058328027546358], [5.754390924167486, -3.058328027546358], -5.896306422416966]",,,,,,10.107762098312378,81.64074277877808
fing_x_face,15,0.01,face_C>li_V>ri_V>face_G,4,S4-Direct,rule,boot,300,True,0.007917835490000904,0.003875968992248062,0.007198228128460687,0.011583011583011582,1.2046332046332047,1.9652509652509653,"[[0.6465500593185425, 0.5259000658988953], [34.000003814697266, 6.000000476837158], [22.000001907348633, 6.000000476837158], 73.35675048828125]",,,,,,10.107762098312378,81.64074277877808
fing_x_face,15,0.01,face_C>ri_V>face_G>li_V,4,LR-P1-N2,GP,boot,300,False,,,,,,,,,,,,,10.107762098312378,81.64074277877808
fing_x_face,15,0.01,face_C>ri_V>face_G>li_V,4,HYP,GP,boot,300,False,,,,,,,,,,,,,10.107762098312378,81.64074277877808
fing_x_face,15,0.01,face_C>ri_V>face_G>li_V,4,S1-Marcialis,rule,boot,300,True,0.007178837510934154,0.011627906976744186,0.006180599203855018,0.007722007722007722,1.5482625482625483,3.8224985783125316,"[[0.7040700316429138, -1.0], [37.000003814697266, 3.0], [75.97413635253906, 64.80564880371094], 19.0]",,,,,,10.107762098312378,81.64074277877808
fing_x_face,15,0.01,face_C>ri_V>face_G>li_V,4,S2-Symmetric,rule,boot,300,True,0.007178837510934154,0.011627906976744186,0.006180599203855018,0.007722007722007722,1.5482625482625483,3.8224985783125316,"[[0.7040700316429138, -1.0], [37.000003814697266, 3.0], [75.97413635253906, 64.80564880371094], 19.0]",,,,,,10.107762098312378,81.64074277877808
fing_x_face,15,0.01,face_C>ri_V>face_G>li_V,4,S3-SPRT,rule,boot,300,True,0.007525714113353241,0.003875968992248062,0.007497530753344707,0.007722007722007722,1.2625482625482625,1.4794079794079793,"[[5.754390924167486, -3.058328027546358], [5.754390924167486, -3.058328027546358], [5.754390924167486, -3.058328027546358], -4.018936010869364]",,,,,,10.107762098312378,81.64074277877808
fing_x_face,15,0.01,face_C>ri_V>face_G>li_V,4,S4-Direct,rule,boot,300,True,0.008023406629867584,0.003875968992248062,0.007048576816018676,0.015444015444015444,1.471042471042471,1.9547155128550477,"[[0.7040700316429138, 0.5259000658988953], [22.000001907348633, 6.000000476837158], [74.47412872314453, 66.20941925048828], 16.0]",,,,,,10.107762098312378,81.64074277877808
fing_x_face,15,0.01,face_C>ri_V>li_V>face_G,4,LR-P1-N2,GP,boot,300,False,,,,,,,,,,,,,10.107762098312378,81.64074277877808
fing_x_face,15,0.01,face_C>ri_V>li_V>face_G,4,HYP,GP,boot,300,False,,,,,,,,,,,,,10.107762098312378,81.64074277877808
fing_x_face,15,0.01,face_C>ri_V>li_V>face_G,4,S1-Marcialis,rule,boot,300,True,0.007721774801677073,0.0,0.008155996528089552,0.007722007722007722,1.5482625482625483,3.8222591362126246,"[[0.7040700316429138, -1.0], [37.000003814697266, 3.0], [34.000003814697266, 5.0], 73.84602355957031]",,,,,,10.107762098312378,81.64074277877808
fing_x_face,15,0.01,face_C>ri_V>li_V>face_G,4,S2-Symmetric,rule,boot,300,True,0.007721774801677073,0.0,0.008155996528089552,0.007722007722007722,1.5482625482625483,3.8222591362126246,"[[0.7040700316429138, -1.0], [37.000003814697266, 3.0], [34.000003814697266, 5.0], 73.84602355957031]",,,,,,10.107762098312378,81.64074277877808
fing_x_face,15,0.01,face_C>ri_V>li_V>face_G,4,S3-SPRT,rule,boot,300,True,0.007646366844629445,0.003875968992248062,0.006734309059890455,0.007722007722007722,1.2664092664092663,1.4714315644548204,"[[5.754390924167486, -3.058328027546358], [5.754390924167486, -3.058328027546358], [5.754390924167486, -3.058328027546358], -5.9407651813854585]",,,,,,10.107762098312378,81.64074277877808
fing_x_face,15,0.01,face_C>ri_V>li_V>face_G,4,S4-Direct,rule,boot,300,True,0.007917835490000904,0.003875968992248062,0.007243123522193289,0.011583011583011582,1.1737451737451738,1.910882643440783,"[[0.6465500593185425, 0.5259000658988953], [22.000001907348633, 6.000000476837158], [22.000001907348633, 7.000000476837158], 73.3268814086914]",,,,,,10.107762098312378,81.64074277877808
fing_x_face,15,0.01,face_G>face_C>li_V>ri_V,4,LR-P1-N2,GP,boot,300,False,,,,,,,,,,,,,10.107762098312378,81.64074277877808
fing_x_face,15,0.01,face_G>face_C>li_V>ri_V,4,HYP,GP,boot,300,False,,,,,,,,,,,,,10.107762098312378,81.64074277877808
fing_x_face,15,0.01,face_G>face_C>li_V>ri_V,4,S1-Marcialis,rule,boot,300,True,0.006289023617772147,0.007751937984496124,0.005971087366436203,0.011583011583011582,1.7065637065637065,3.3754751429170033,"[[75.97413635253906, 64.80564880371094], [0.7040700316429138, -1.0], [34.000003814697266, 5.0], 19.0]",,,,,,10.107762098312378,81.64074277877808
fing_x_face,15,0.01,face_G>face_C>li_V>ri_V,4,S2-Symmetric,rule,boot,300,True,0.006289023617772147,0.007751937984496124,0.005971087366436203,0.011583011583011582,1.7065637065637065,3.3754751429170033,"[[75.97413635253906, 64.80564880371094], [0.7040700316429138, -1.0], [34.000003814697266, 5.0], 19.0]",,,,,,10.107762098312378,81.64074277877808
fing_x_face,15,0.01,face_G>face_C>li_V>ri_V,4,S3-SPRT,rule,boot,300,True,0.00749555093053419,0.027131782945736434,0.007003681422286074,0.003861003861003861,1.4478764478764479,2.0095327886025562,"[[5.663933764670444, -3.1177294608641115], [5.663933764670444, -3.1177294608641115], [5.663933764670444, -3.1177294608641115], -3.6896582387783523]",,,,,,10.107762098312378,81.64074277877808
fing_x_face,15,0.01,face_G>face_C>li_V>ri_V,4,S4-Direct,rule,boot,300,True,0.007827345941543752,0.0,0.007347879440902697,0.003861003861003861,1.2857142857142858,2.733336326359582,"[[74.78756713867188, 63.05667495727539], [0.6465500593185425, 0.5259000658988953], [34.000003814697266, 6.000000476837158], 17.0]",,,,,,10.107762098312378,81.64074277877808
fing_x_face,15,0.01,face_G>face_C>ri_V>li_V,4,LR-P1-N2,GP,boot,300,False,,,,,,,,,,,,,10.107762098312378,81.64074277877808
fing_x_face,15,0.01,face_G>face_C>ri_V>li_V,4,HYP,GP,boot,300,False,,,,,,,,,,,,,10.107762098312378,81.64074277877808
fing_x_face,15,0.01,face_G>face_C>ri_V>li_V,4,S1-Marcialis,rule,boot,300,True,0.007178837510934154,0.011627906976744186,0.006180599203855018,0.007722007722007722,1.6756756756756757,3.507961449821915,"[[75.97413635253906, 64.80564880371094], [0.7040700316429138, -1.0], [37.000003814697266, 3.0], 19.0]",,,,,,10.107762098312378,81.64074277877808
fing_x_face,15,0.01,face_G>face_C>ri_V>li_V,4,S2-Symmetric,rule,boot,300,True,0.007178837510934154,0.011627906976744186,0.006180599203855018,0.007722007722007722,1.6756756756756757,3.507961449821915,"[[75.97413635253906, 64.80564880371094], [0.7040700316429138, -1.0], [37.000003814697266, 3.0], 19.0]",,,,,,10.107762098312378,81.64074277877808
fing_x_face,15,0.01,face_G>face_C>ri_V>li_V,4,S3-SPRT,rule,boot,300,True,0.007510632521943715,0.023255813953488372,0.00709347220975128,0.003861003861003861,1.4401544401544402,2.005222830804226,"[[5.663933764670444, -3.1177294608641115], [5.663933764670444, -3.1177294608641115], [5.663933764670444, -3.1177294608641115], -3.719955385183895]",,,,,,10.107762098312378,81.64074277877808
fing_x_face,15,0.01,face_G>face_C>ri_V>li_V,4,S4-Direct,rule,boot,300,True,0.00793291708141043,0.0,0.0072131932597048875,0.011583011583011582,1.4671814671814671,2.720900302295651,"[[75.97413635253906, 63.05667495727539], [0.6465500593185425, 0.5259000658988953], [22.000001907348633, 6.000000476837158], 17.0]",,,,,,10.107762098312378,81.64074277877808
fing_x_face,15,0.01,face_G>li_V>face_C>ri_V,4,LR-P1-N2,GP,boot,300,False,,,,,,,,,,,,,10.107762098312378,81.64074277877808
fing_x_face,15,0.01,face_G>li_V>face_C>ri_V,4,HYP,GP,boot,300,False,,,,,,,,,,,,,10.107762098312378,81.64074277877808
fing_x_face,15,0.01,face_G>li_V>face_C>ri_V,4,S1-Marcialis,rule,boot,300,True,0.006289023617772147,0.007751937984496124,0.005971087366436203,0.011583011583011582,1.4864864864864864,3.235685851964922,"[[75.97413635253906, 64.80564880371094], [34.000003814697266, 5.0], [0.7040700316429138, -1.0], 19.0]",,,,,,10.107762098312378,81.64074277877808
fing_x_face,15,0.01,face_G>li_V>face_C>ri_V,4,S2-Symmetric,rule,boot,300,True,0.006289023617772147,0.007751937984496124,0.005971087366436203,0.011583011583011582,1.4864864864864864,3.235685851964922,"[[75.97413635253906, 64.80564880371094], [34.000003814697266, 5.0], [0.7040700316429138, -1.0], 19.0]",,,,,,10.107762098312378,81.64074277877808
fing_x_face,15,0.01,face_G>li_V>face_C>ri_V,4,S3-SPRT,rule,boot,300,True,0.0074653877477151385,0.015503875968992248,0.006883960372332465,0.003861003861003861,1.3706563706563706,1.9865164167489748,"[[5.663933764670444, -3.1177294608641115], [5.663933764670444, -3.1177294608641115], [5.663933764670444, -3.1177294608641115], -3.683138633632238]",,,,,,10.107762098312378,81.64074277877808
fing_x_face,15,0.01,face_G>li_V>face_C>ri_V,4,S4-Direct,rule,boot,300,True,0.007525714113353241,0.0,0.0076022866720541135,0.015444015444015444,1.223938223938224,2.644054353356679,"[[74.51644134521484, 63.05667495727539], [34.000003814697266, 6.000000476837158], [0.6291600465774536, 0.5315300822257996], 18.0]",,,,,,10.107762098312378,81.64074277877808
fing_x_face,15,0.01,face_G>li_V>ri_V>face_C,4,LR-P1-N2,GP,boot,300,False,,,,,,,,,,,,,10.107762098312378,81.64074277877808
fing_x_face,15,0.01,face_G>li_V>ri_V>face_C,4,HYP,GP,boot,300,False,,,,,,,,,,,,,10.107762098312378,81.64074277877808
fing_x_face,15,0.01,face_G>li_V>ri_V>face_C,4,S1-Marcialis,rule,boot,300,True,0.00749555093053419,0.003875968992248062,0.008784532040345993,0.003861003861003861,1.444015444015444,3.2312112777229056,"[[75.97413635253906, 64.80564880371094], [34.000003814697266, 5.0], [37.000003814697266, 3.0], 0.6129199862480164]",,,,,,10.107762098312378,81.64074277877808
fing_x_face,15,0.01,face_G>li_V>ri_V>face_C,4,S2-Symmetric,rule,boot,300,True,0.00749555093053419,0.003875968992248062,0.008784532040345993,0.003861003861003861,1.444015444015444,3.2312112777229056,"[[75.97413635253906, 64.80564880371094], [34.000003814697266, 5.0], [37.000003814697266, 3.0], 0.6129199862480164]",,,,,,10.107762098312378,81.64074277877808
fing_x_face,15,0.01,face_G>li_V>ri_V>face_C,4,S3-SPRT,rule,boot,300,True,0.007872590715772329,0.015503875968992248,0.00621052946634342,0.003861003861003861,1.3667953667953667,1.9741252880787765,"[[5.663933764670444, -3.1177294608641115], [5.663933764670444, -3.1177294608641115], [5.663933764670444, -3.1177294608641115], -4.939531618306194]",,,,,,10.107762098312378,81.64074277877808
fing_x_face,15,0.01,face_G>li_V>ri_V>face_C,4,S4-Direct,rule,boot,300,True,0.007691611618858022,0.0,0.00769207745951932,0.003861003861003861,1.2123552123552124,2.657403250426506,"[[74.51644134521484, 63.05667495727539], [34.000003814697266, 6.000000476837158], [22.000001907348633, 6.000000476837158], 0.6097599864006042]",,,,,,10.107762098312378,81.64074277877808
fing_x_face,15,0.01,face_G>ri_V>face_C>li_V,4,LR-P1-N2,GP,boot,300,False,,,,,,,,,,,,,10.107762098312378,81.64074277877808
fing_x_face,15,0.01,face_G>ri_V>face_C>li_V,4,HYP,GP,boot,300,False,,,,,,,,,,,,,10.107762098312378,81.64074277877808
fing_x_face,15,0.01,face_G>ri_V>face_C>li_V,4,S1-Marcialis,rule,boot,300,True,0.007178837510934154,0.011627906976744186,0.006180599203855018,0.007722007722007722,1.420849420849421,3.500658465774745,"[[75.97413635253906, 64.80564880371094], [37.000003814697266, 3.0], [0.7040700316429138, -1.0], 19.0]",,,,,,10.107762098312378,81.64074277877808
fing_x_face,15,0.01,face_G>ri_V>face_C>li_V,4,S2-Symmetric,rule,boot,300,True,0.007178837510934154,0.011627906976744186,0.006180599203855018,0.007722007722007722,1.420849420849421,3.500658465774745,"[[75.97413635253906, 64.80564880371094], [37.000003814697266, 3.0], [0.7040700316429138, -1.0], 19.0]",,,,,,10.107762098312378,81.64074277877808
fing_x_face,15,0.01,face_G>ri_V>face_C>li_V,4,S3-SPRT,rule,boot,300,True,0.007646366844629445,0.007751937984496124,0.007048576816018676,0.0,1.3513513513513513,1.9631259166142887,"[[5.663933764670444, -3.1177294608641115], [5.663933764670444, -3.1177294608641115], [5.663933764670444, -3.1177294608641115], -3.859919985617607]",,,,,,10.107762098312378,81.64074277877808
fing_x_face,15,0.01,face_G>ri_V>face_C>li_V,4,S4-Direct,rule,boot,300,True,0.00749555093053419,0.0,0.007123402472239681,0.003861003861003861,1.3629343629343629,2.6110412738319715,"[[75.97413635253906, 63.05667495727539], [22.000001907348633, 6.000000476837158], [0.6291600465774536, 0.5315300822257996], 18.0]",,,,,,10.107762098312378,81.64074277877808
fing_x_face,15,0.01,face_G>ri_V>li_V>face_C,4,LR-P1-N2,GP,boot,300,True,0.008008325038458058,0.003875968992248062,0.008365508365508366,0.007722007722007722,1.138996138996139,3.1292089431624315,"[[73.9970703125, 64.82164001464844], [24.000001907348633, 3.000000238418579], [27.000001907348633, 5.000000476837158], 0.704069972038269]",,,,,,10.107762098312378,81.64074277877808
fing_x_face,15,0.01,face_G>ri_V>li_V>face_C,4,HYP,GP,boot,300,False,,,,,,,,,,,,,10.107762098312378,81.64074277877808
fing_x_face,15,0.01,face_G>ri_V>li_V>face_C,4,S1-Marcialis,rule,boot,300,True,0.00749555093053419,0.003875968992248062,0.008784532040345993,0.003861003861003861,1.4092664092664093,3.363697584627817,"[[75.97413635253906, 64.80564880371094], [37.000003814697266, 3.0], [34.000003814697266, 5.0], 0.6129199862480164]",,,,,,10.107762098312378,81.64074277877808
fing_x_face,15,0.01,face_G>ri_V>li_V>face_C,4,S2-Symmetric,rule,boot,300,True,0.00749555093053419,0.003875968992248062,0.008784532040345993,0.003861003861003861,1.4092664092664093,3.363697584627817,"[[75.97413635253906, 64.80564880371094], [37.000003814697266, 3.0], [34.000003814697266, 5.0], 0.6129199862480164]",,,,,,10.107762098312378,81.64074277877808
fing_x_face,15,0.01,face_G>ri_V>li_V>face_C,4,S3-SPRT,rule,boot,300,True,0.007706693210267547,0.007751937984496124,0.0059112268414594,0.003861003861003861,1.3474903474903475,1.9549699200861992,"[[5.663933764670444, -3.1177294608641115], [5.663933764670444, -3.1177294608641115], [5.663933764670444, -3.1177294608641115], -4.850303622258805]",,,,,,10.107762098312378,81.64074277877808
fing_x_face,15,0.01,face_G>ri_V>li_V>face_C,4,S4-Direct,rule,boot,300,True,0.00793291708141043,0.0,0.008006345215647541,0.003861003861003861,1.1853281853281854,2.6331298075484124,"[[74.51644134521484, 63.05667495727539], [22.000001907348633, 6.000000476837158], [34.000003814697266, 6.000000476837158], 0.6109899878501892]",,,,,,10.107762098312378,81.64074277877808
fing_x_face,15,0.01,li_V>face_C>face_G>ri_V,4,LR-P1-N2,GP,boot,300,True,0.0078122643501342265,0.015503875968992248,0.007796833378228727,0.02702702702702703,1.1196911196911197,2.8693095088443927,"[[20.000001907348633, 5.000000476837158], [0.6245700716972351, -Infinity], [75.0102767944336, 64.82164001464844], 26.000001907348633]",,,,,,10.107762098312378,81.64074277877808
fing_x_face,15,0.01,li_V>face_C>face_G>ri_V,4,HYP,GP,boot,300,False,,,,,,,,,,,,,10.107762098312378,81.64074277877808
fing_x_face,15,0.01,li_V>face_C>face_G>ri_V,4,S1-Marcialis,rule,boot,300,True,0.006289023617772147,0.007751937984496124,0.005971087366436203,0.015444015444015444,1.4324324324324325,3.3711352548561853,"[[34.000003814697266, 5.0], [0.7040700316429138, -1.0], [75.97413635253906, 64.80564880371094], 19.0]",,,,,,10.107762098312378,81.64074277877808
fing_x_face,15,0.01,li_V>face_C>face_G>ri_V,4,S2-Symmetric,rule,boot,300,True,0.006289023617772147,0.007751937984496124,0.005971087366436203,0.015444015444015444,1.4324324324324325,3.3711352548561853,"[[34.000003814697266, 5.0], [0.7040700316429138, -1.0], [75.97413635253906, 64.80564880371094], 19.0]",,,,,,10.107762098312378,81.64074277877808
fing_x_face,15,0.01,li_V>face_C>face_G>ri_V,4,S3-SPRT,rule,boot,300,True,0.007601122070400868,0.007751937984496124,0.007078507078507079,0.0,1.2548262548262548,2.1065966298524437,"[[4.898560677717983, -3.492104330604506], [4.898560677717983, -3.492104330604506], [4.898560677717983, -3.492104330604506], -3.645944471345836]",,,,,,10.107762098312378,81.64074277877808
fing_x_face,15,0.01,li_V>face_C>face_G>ri_V,4,S4-Direct,rule,boot,300,True,0.007450306156305614,0.0,0.007961449821914938,0.015444015444015444,1.2934362934362935,2.4612702403400077,"[[34.000003814697266, 4.000000476837158], [0.6291600465774536, 0.5315300822257996], [74.47412872314453, 66.20941925048828], 18.0]",,,,,,10.107762098312378,81.64074277877808
fing_x_face,15,0.01,li_V>face_C>ri_V>face_G,4,LR-P1-N2,GP,boot,300,True,0.007646366844629445,0.015503875968992248,0.00754242614707731,0.02702702702702703,1.1196911196911197,2.9522462661997544,"[[20.000001907348633, 5.000000476837158], [0.625950038433075, -Infinity], [26.000001907348633, 3.000000238418579], 74.95679473876953]",,,,,,10.107762098312378,81.64074277877808
fing_x_face,15,0.01,li_V>face_C>ri_V>face_G,4,HYP,GP,boot,300,False,,,,,,,,,,,,,10.107762098312378,81.64074277877808
fing_x_face,15,0.01,li_V>face_C>ri_V>face_G,4,S1-Marcialis,rule,boot,300,True,0.007721774801677073,0.0,0.008155996528089552,0.011583011583011582,1.4015444015444016,3.5033821196611896,"[[34.000003814697266, 5.0], [0.7040700316429138, -1.0], [37.000003814697266, 3.0], 73.84602355957031]",,,,,,10.107762098312378,81.64074277877808
fing_x_face,15,0.01,li_V>face_C>ri_V>face_G,4,S2-Symmetric,rule,boot,300,True,0.007721774801677073,0.0,0.008155996528089552,0.011583011583011582,1.4015444015444016,3.5033821196611896,"[[34.000003814697266, 5.0], [0.7040700316429138, -1.0], [37.000003814697266, 3.0], 73.84602355957031]",,,,,,10.107762098312378,81.64074277877808
fing_x_face,15,0.01,li_V>face_C>ri_V>face_G,4,S3-SPRT,rule,boot,300,True,0.00763128525321992,0.003875968992248062,0.006539762353715842,0.0,1.2548262548262548,2.091556672952022,"[[4.898560677717983, -3.492104330604506], [4.898560677717983, -3.492104330604506], [4.898560677717983, -3.492104330604506], -4.533416735658714]",,,,,,10.107762098312378,81.64074277877808
fing_x_face,15,0.01,li_V>face_C>ri_V>face_G,4,S4-Direct,rule,boot,300,True,0.007917835490000904,0.0,0.008335578103019964,0.011583011583011582,1.2857142857142858,2.431040675226722,"[[34.000003814697266, 4.000000476837158], [0.6291600465774536, 0.5315300822257996], [22.000001907348633, 6.000000476837158], 73.7314224243164]",,,,,,10.107762098312378,81.64074277877808
fing_x_face,15,0.01,li_V>face_G>face_C>ri_V,4,LR-P1-N2,GP,boot,300,True,0.008234548909600941,0.015503875968992248,0.007736972853251923,0.02702702702702703,1.111969111969112,2.7562180120319657,"[[19.000001907348633, 5.000000476837158], [74.65985107421875, 64.82164001464844], [0.6408900618553162, -Infinity], 27.000001907348633]",,,,,,10.107762098312378,81.64074277877808
fing_x_face,15,0.01,li_V>face_G>face_C>ri_V,4,HYP,GP,boot,300,False,,,,,,,,,,,,,10.107762098312378,81.64074277877808
fing_x_face,15,0.01,li_V>face_G>face_C>ri_V,4,S1-Marcialis,rule,boot,300,True,0.006289023617772147,0.007751937984496124,0.005971087366436203,0.015444015444015444,1.393822393822394,3.2335159079345126,"[[34.000003814697266, 5.0], [75.97413635253906, 64.80564880371094], [0.7040700316429138, -1.0], 19.0]",,,,,,10.107762098312378,81.64074277877808
fing_x_face,15,0.01,li_V>face_G>face_C>ri_V,4,S2-Symmetric,rule,boot,300,True,0.006289023617772147,0.007751937984496124,0.005971087366436203,0.015444015444015444,1.393822393822394,3.2335159079345126,"[[34.000003814697266, 5.0], [75.97413635253906, 64.80564880371094], [0.7040700316429138, -1.0], 19.0]",,,,,,10.107762098312378,81.64074277877808
fing_x_face,15,0.01,li_V>face_G>face_C>ri_V,4,S3-SPRT,rule,boot,300,True,0.00763128525321992,0.007751937984496124,0.007033611684774475,0.003861003861003861,1.247104247104247,2.11894286312891,"[[4.898560677717983, -3.492104330604506], [4.898560677717983, -3.492104330604506], [4.898560677717983, -3.492104330604506], -3.57135810776021]",,,,,,10.107762098312378,81.64074277877808
fing_x_face,15,0.01,li_V>face_G>face_C>ri_V,4,S4-Direct,rule,boot,300,True,0.007389979790667511,0.0,0.007961449821914938,0.015444015444015444,1.308880308880309,2.4576786088413995,"[[34.000003814697266, 4.000000476837158], [74.47412872314453, 66.20941925048828], [0.6291600465774536, 0.5315300822257996], 18.0]",,,,,,10.107762098312378,81.64074277877808
fing_x_face,15,0.01,li_V>face_G>ri_V>face_C,4,LR-P1-N2,GP,boot,300,True,0.008325038458058095,0.015503875968992248,0.00785669390320553,0.02702702702702703,1.1081081081081081,2.7313309987728593,"[[19.000001907348633, 5.000000476837158], [74.58958435058594, 64.82164001464844], [27.000001907348633, 3.000000238418579], 0.6432899832725525]",,,,,,10.107762098312378,81.64074277877808
fing_x_face,15,0.01,li_V>face_G>ri_V>face_C,4,HYP,GP,boot,300,False,,,,,,,,,,,,,10.107762098312378,81.64074277877808
fing_x_face,15,0.01,li_V>face_G>ri_V>face_C,4,S1-Marcialis,rule,boot,300,True,0.00749555093053419,0.003875968992248062,0.008784532040345993,0.007722007722007722,1.3513513513513513,3.2290413336924964,"[[34.000003814697266, 5.0], [75.97413635253906, 64.80564880371094], [37.000003814697266, 3.0], 0.6129199862480164]",,,,,,10.107762098312378,81.64074277877808
fing_x_face,15,0.01,li_V>face_G>ri_V>face_C,4,S2-Symmetric,rule,boot,300,True,0.00749555093053419,0.003875968992248062,0.008784532040345993,0.007722007722007722,1.3513513513513513,3.2290413336924964,"[[34.000003814697266, 5.0], [75.97413635253906, 64.80564880371094], [37.000003814697266, 3.0], 0.6129199862480164]",,,,,,10.107762098312378,81.64074277877808
fing_x_face,15,0.01,li_V>face_G>ri_V>face_C,4,S3-SPRT,rule,boot,300,True,0.007736856393086598,0.007751937984496124,0.006390111041273832,0.003861003861003861,1.247104247104247,2.1043967555595464,"[[4.898560677717983, -3.492104330604506], [4.898560677717983, -3.492104330604506], [4.898560677717983, -3.492104330604506], -4.3901204058534375]",,,,,,10.107762098312378,81.64074277877808
fing_x_face,15,0.01,li_V>face_G>ri_V>face_C,4,S4-Direct,rule,boot,300,True,0.007661448436038971,0.0,0.008051240609380145,0.003861003861003861,1.3011583011583012,2.423917272754482,"[[34.000003814697266, 4.000000476837158], [74.47412872314453, 66.20941925048828], [22.000001907348633, 6.000000476837158], 0.6117100119590759]",,,,,,10.107762098312378,81.64074277877808
fing_x_face,15,0.01,li_V>ri_V>face_C>face_G,4,LR-P1-N2,GP,boot,300,True,0.00830995686664857,0.01937984496124031,0.007751937984496124,0.02702702702702703,1.1312741312741312,2.9207745951932,"[[19.000001907348633, 5.000000476837158], [24.000001907348633, 3.000000238418579], [0.6396900415420532, -Infinity], 75.01026916503906]",,,,,,10.107762098312378,81.64074277877808
fing_x_face,15,0.01,li_V>ri_V>face_C>face_G,4,HYP,GP,boot,300,False,,,,,,,,,,,,,10.107762098312378,81.64074277877808
fing_x_face,15,0.01,li_V>ri_V>face_C>face_G,4,S1-Marcialis,rule,boot,300,True,0.007721774801677073,0.0,0.008155996528089552,0.011583011583011582,1.3667953667953667,3.4980096375445213,"[[34.000003814697266, 5.0], [37.000003814697266, 3.0], [0.7040700316429138, -1.0], 73.84602355957031]",,,,,,10.107762098312378,81.64074277877808
fing_x_face,15,0.01,li_V>ri_V>face_C>face_G,4,S2-Symmetric,rule,boot,300,True,0.007721774801677073,0.0,0.008155996528089552,0.011583011583011582,1.3667953667953667,3.4980096375445213,"[[34.000003814697266, 5.0], [37.000003814697266, 3.0], [0.7040700316429138, -1.0], 73.84602355957031]",,,,,,10.107762098312378,81.64074277877808
fing_x_face,15,0.01,li_V>ri_V>face_C>face_G,4,S3-SPRT,rule,boot,300,True,0.0078122643501342265,0.03875968992248062,0.005611924216575379,0.011583011583011582,1.250965250965251,2.065352728143426,"[[4.898560677717983, -3.492104330604506], [4.898560677717983, -3.492104330604506], [4.898560677717983, -3.492104330604506], -5.055657545948062]",,,,,,10.107762098312378,81.64074277877808
fing_x_face,15,0.01,li_V>ri_V>face_C>face_G,4,S4-Direct,rule,boot,300,True,0.007842427532953278,0.003875968992248062,0.008934183352788004,0.007722007722007722,1.3436293436293436,3.0074676004908563,"[[34.000003814697266, 4.000000476837158], [37.000003814697266, 3.000000238418579], [0.6291600465774536, 0.5315300822257996], 73.92938232421875]",,,,,,10.107762098312378,81.64074277877808
fing_x_face,15,0.01,li_V>ri_V>face_G>face_C,4,LR-P1-N2,GP,boot,300,True,0.007163755919524628,0.01937984496124031,0.006839064978599862,0.02702702702702703,1.1235521235521235,2.817619945526922,"[[20.000001907348633, 5.000000476837158], [23.000001907348633, 3.000000238418579], [75.0102767944336, 64.82164001464844], 0.6390000581741333]",,,,,,10.107762098312378,81.64074277877808
fing_x_face,15,0.01,li_V>ri_V>face_G>face_C,4,HYP,GP,boot,300,False,,,,,,,,,,,,,10.107762098312378,81.64074277877808
fing_x_face,15,0.01,li_V>ri_V>face_G>face_C,4,S1-Marcialis,rule,boot,300,True,0.00749555093053419,0.003875968992248062,0.008784532040345993,0.007722007722007722,1.3552123552123552,3.3612881984975007,"[[34.000003814697266, 5.0], [37.000003814697266, 3.0], [75.97413635253906, 64.80564880371094], 0.6129199862480164]",,,,,,10.107762098312378,81.64074277877808
fing_x_face,15,0.01,li_V>ri_V>face_G>face_C,4,S2-Symmetric,rule,boot,300,True,0.00749555093053419,0.003875968992248062,0.008784532040345993,0.007722007722007722,1.3552123552123552,3.3612881984975007,"[[34.000003814697266, 5.0], [37.000003814697266, 3.0], [75.97413635253906, 64.80564880371094], 0.6129199862480164]",,,,,,10.107762098312378,81.64074277877808
fing_x_face,15,0.01,li_V>ri_V>face_G>face_C,4,S3-SPRT,rule,boot,300,True,0.007842427532953278,0.03875968992248062,0.006001017628924606,0.015444015444015444,1.247104247104247,2.0663254616742988,"[[4.898560677717983, -3.492104330604506], [4.898560677717983, -3.492104330604506], [4.898560677717983, -3.492104330604506], -5.033456015289709]",,,,,,10.107762098312378,81.64074277877808
fing_x_face,15,0.01,li_V>ri_V>face_G>face_C,4,S4-Direct,rule,boot,300,True,0.007782101167315175,0.003875968992248062,0.009428032683846637,0.007722007722007722,1.3474903474903475,3.0043548531920625,"[[34.000003814697266, 4.000000476837158], [37.000003814697266, 3.000000238418579], [74.47412872314453, 66.20941925048828], 0.6139799952507019]",,,,,,10.107762098312378,81.64074277877808
fing_x_face,15,0.01,ri_V>face_C>face_G>li_V,4,LR-P1-N2,GP,boot,300,True,0.007510632521943715,0.003875968992248062,0.008545089940438778,0.011583011583011582,1.0810810810810811,3.647930322348927,"[[20.000001907348633, 3.000000238418579], [0.6283500790596008, -Infinity], [74.96791076660156, 64.82164001464844], 26.000001907348633]",,,,,,10.107762098312378,81.64074277877808
fing_x_face,15,0.01,ri_V>face_C>face_G>li_V,4,HYP,GP,boot,300,False,,,,,,,,,,,,,10.107762098312378,81.64074277877808
fing_x_face,15,0.01,ri_V>face_C>face_G>li_V,4,S1-Marcialis,rule,boot,300,True,0.007178837510934154,0.011627906976744186,0.006180599203855018,0.011583011583011582,1.2625482625482625,3.8139983837658256,"[[37.000003814697266, 3.0], [0.7040700316429138, -1.0], [75.97413635253906, 64.80564880371094], 19.0]",,,,,,10.107762098312378,81.64074277877808
fing_x_face,15,0.01,ri_V>face_C>face_G>li_V,4,S2-Symmetric,rule,boot,300,True,0.007178837510934154,0.011627906976744186,0.006180599203855018,0.011583011583011582,1.2625482625482625,3.8139983837658256,"[[37.000003814697266, 3.0], [0.7040700316429138, -1.0], [75.97413635253906, 64.80564880371094], 19.0]",,,,,,10.107762098312378,81.64074277877808
fing_x_face,15,0.01,ri_V>face_C>face_G>li_V,4,S3-SPRT,rule,boot,300,True,0.00749555093053419,0.0,0.007198228128460687,0.0,1.162162162162162,2.1184789440603393,"[[4.874827264659086, -4.039053560564637], [4.874827264659086, -4.039053560564637], [4.874827264659086, -4.039053560564637], -3.6059701722772832]",,,,,,10.107762098312378,81.64074277877808
fing_x_face,15,0.01,ri_V>face_C>face_G>li_V,4,S4-Direct,rule,boot,300,True,0.007616203661810394,0.003875968992248062,0.00829068270928736,0.007722007722007722,1.1274131274131274,2.6390260692586276,"[[27.000001907348633, 3.000000238418579], [0.6291600465774536, 0.5315300822257996], [74.47412872314453, 66.20941925048828], 19.0]",,,,,,10.107762098312378,81.64074277877808
fing_x_face,15,0.01,ri_V>face_C>li_V>face_G,4,LR-P1-N2,GP,boot,300,True,0.007450306156305614,0.003875968992248062,0.008919218221543804,0.011583011583011582,1.084942084942085,3.4984735566130913,"[[20.000001907348633, 3.000000238418579], [0.6261200308799744, -Infinity], [27.000001907348633, 5.000000476837158], 74.95679473876953]",,,,,,10.107762098312378,81.64074277877808
fing_x_face,15,0.01,ri_V>face_C>li_V>face_G,4,HYP,GP,boot,300,False,,,,,,,,,,,,,10.107762098312378,81.64074277877808
fing_x_face,15,0.01,ri_V>face_C>li_V>face_G,4,S1-Marcialis,rule,boot,300,True,0.007721774801677073,0.0,0.008155996528089552,0.011583011583011582,1.2625482625482625,3.8137589416659186,"[[37.000003814697266, 3.0], [0.7040700316429138, -1.0], [34.000003814697266, 5.0], 73.84602355957031]",,,,,,10.107762098312378,81.64074277877808
fing_x_face,15,0.01,ri_V>face_C>li_V>face_G,4,S2-Symmetric,rule,boot,300,True,0.007721774801677073,0.0,0.008155996528089552,0.011583011583011582,1.2625482625482625,3.8137589416659186,"[[37.000003814697266, 3.0], [0.7040700316429138, -1.0], [34.000003814697266, 5.0], 73.84602355957031]",,,,,,10.107762098312378,81.64074277877808
fing_x_face,15,0.01,ri_V>face_C>li_V>face_G,4,S3-SPRT,rule,boot,300,True,0.007586040478991343,0.0,0.0070186465535302745,0.0,1.162162162162162,2.106102780521385,"[[4.874827264659086, -4.039053560564637], [4.874827264659086, -4.039053560564637], [4.874827264659086, -4.039053560564637], -4.141001806994191]",,,,,,10.107762098312378,81.64074277877808
fing_x_face,15,0.01,ri_V>face_C>li_V>face_G,4,S4-Direct,rule,boot,300,True,0.007993243447048532,0.003875968992248062,0.008380473496752567,0.007722007722007722,1.1274131274131274,2.548038071293885,"[[27.000001907348633, 3.000000238418579], [0.6291600465774536, 0.5315300822257996], [22.000001907348633, 7.000000476837158], 73.68077850341797]",,,,,,10.107762098312378,81.64074277877808
fing_x_face,15,0.01,ri_V>face_G>face_C>li_V,4,LR-P1-N2,GP,boot,300,True,0.007963080264229481,0.003875968992248062,0.00872467151536919,0.011583011583011582,1.0733590733590734,3.4938493310586334,"[[19.000001907348633, 3.000000238418579], [74.7409439086914, 64.82164001464844], [0.6400300860404968, -Infinity], 27.0]",,,,,,10.107762098312378,81.64074277877808
fing_x_face,15,0.01,ri_V>face_G>face_C>li_V,4,HYP,GP,boot,300,False,,,,,,,,,,,,,10.107762098312378,81.64074277877808
fing_x_face,15,0.01,ri_V>face_G>face_C>li_V,4,S1-Marcialis,rule,boot,300,True,0.007178837510934154,0.011627906976744186,0.006180599203855018,0.011583011583011582,1.2316602316602316,3.6536769327467002,"[[37.000003814697266, 3.0], [75.97413635253906, 64.80564880371094], [0.7040700316429138, -1.0], 19.0]",,,,,,10.107762098312378,81.64074277877808
fing_x_face,15,0.01,ri_V>face_G>face_C>li_V,4,S2-Symmetric,rule,boot,300,True,0.007178837510934154,0.011627906976744186,0.006180599203855018,0.011583011583011582,1.2316602316602316,3.6536769327467002,"[[37.000003814697266, 3.0], [75.97413635253906, 64.80564880371094], [0.7040700316429138, -1.0], 19.0]",,,,,,10.107762098312378,81.64074277877808
fing_x_face,15,0.01,ri_V>face_G>face_C>li_V,4,S3-SPRT,rule,boot,300,True,0.007420142973486562,0.003875968992248062,0.006779204453623058,0.0,1.1505791505791505,2.1271138247882435,"[[4.874827264659086, -4.039053560564637], [4.874827264659086, -4.039053560564637], [4.874827264659086, -4.039053560564637], -3.5072419965306754]",,,,,,10.107762098312378,81.64074277877808
fing_x_face,15,0.01,ri_V>face_G>face_C>li_V,4,S4-Direct,rule,boot,300,True,0.007555877296172292,0.003875968992248062,0.008275717578043159,0.007722007722007722,1.1274131274131274,2.6425877704947474,"[[27.000001907348633, 3.000000238418579], [74.47412872314453, 66.20941925048828], [0.6291600465774536, 0.5315300822257996], 19.0]",,,,,,10.107762098312378,81.64074277877808
fing_x_face,15,0.01,ri_V>face_G>li_V>face_C,4,LR-P1-N2,GP,boot,300,True,0.008053569812686635,0.003875968992248062,0.008784532040345993,0.011583011583011582,1.0733590733590734,3.2369429229894346,"[[19.000001907348633, 3.000000238418579], [74.57547760009766, 64.82164001464844], [27.000001907348633, 5.000000476837158], 0.6439499855041504]",,,,,,10.107762098312378,81.64074277877808
fing_x_face,15,0.01,ri_V>face_G>li_V>face_C,4,HYP,GP,boot,300,False,,,,,,,,,,,,,10.107762098312378,81.64074277877808
fing_x_face,15,0.01,ri_V>face_G>li_V>face_C,4,S1-Marcialis,rule,boot,300,True,0.00749555093053419,0.003875968992248062,0.008784532040345993,0.007722007722007722,1.22007722007722,3.5167160515997726,"[[37.000003814697266, 3.0], [75.97413635253906, 64.80564880371094], [34.000003814697266, 5.0], 0.6129199862480164]",,,,,,10.107762098312378,81.64074277877808
fing_x_face,15,0.01,ri_V>face_G>li_V>face_C,4,S2-Symmetric,rule,boot,300,True,0.00749555093053419,0.003875968992248062,0.008784532040345993,0.007722007722007722,1.22007722007722,3.5167160515997726,"[[37.000003814697266, 3.0], [75.97413635253906, 64.80564880371094], [34.000003814697266, 5.0], 0.6129199862480164]",,,,,,10.107762098312378,81.64074277877808
fing_x_face,15,0.01,ri_V>face_G>li_V>face_C,4,S3-SPRT,rule,boot,300,True,0.0077670195759056496,0.003875968992248062,0.006270389991320224,0.003861003861003861,1.1467181467181466,2.1161593487174883,"[[4.874827264659086, -4.039053560564637], [4.874827264659086, -4.039053560564637], [4.874827264659086, -4.039053560564637], -3.972042159489643]",,,,,,10.107762098312378,81.64074277877808
fing_x_face,15,0.01,ri_V>face_G>li_V>face_C,4,S4-Direct,rule,boot,300,True,0.00763128525321992,0.003875968992248062,0.00857502020292718,0.007722007722007722,1.193050193050193,2.6091107719014697,"[[37.000003814697266, 3.000000238418579], [74.47412872314453, 66.20941925048828], [34.000003814697266, 6.000000476837158], 0.6096799969673157]",,,,,,10.107762098312378,81.64074277877808
fing_x_face,15,0.01,ri_V>li_V>face_C>face_G,4,LR-P1-N2,GP,boot,300,True,0.007178837510934154,0.01937984496124031,0.007587321540809913,0.015444015444015444,1.1003861003861004,3.1963425219239174,"[[19.000001907348633, 3.000000238418579], [25.000001907348633, 5.000000476837158], [0.6424600481987, -Infinity], 75.04168701171875]",,,,,,10.107762098312378,81.64074277877808
fing_x_face,15,0.01,ri_V>li_V>face_C>face_G,4,HYP,GP,boot,300,False,,,,,,,,,,,,,10.107762098312378,81.64074277877808
fing_x_face,15,0.01,ri_V>li_V>face_C>face_G,4,S1-Marcialis,rule,boot,300,True,0.007721774801677073,0.0,0.008155996528089552,0.011583011583011582,1.2702702702702702,3.653198048546886,"[[37.000003814697266, 3.0], [34.000003814697266, 5.0], [0.7040700316429138, -1.0], 73.84602355957031]",,,,,,10.107762098312378,81.64074277877808
fing_x_face,15,0.01,ri_V>li_V>face_C>face_G,4,S2-Symmetric,rule,boot,300,True,0.007721774801677073,0.0,0.008155996528089552,0.011583011583011582,1.2702702702702702,3.653198048546886,"[[37.000003814697266, 3.0], [34.000003814697266, 5.0], [0.7040700316429138, -1.0], 73.84602355957031]",,,,,,10.107762098312378,81.64074277877808
fing_x_face,15,0.01,ri_V>li_V>face_C>face_G,4,S3-SPRT,rule,boot,300,True,0.007706693210267547,0.031007751937984496,0.005926191972703601,0.011583011583011582,1.16988416988417,2.097527760318458,"[[4.874827264659086, -4.039053560564637], [4.874827264659086, -4.039053560564637], [4.874827264659086, -4.039053560564637], -4.644036799570818]",,,,,,10.107762098312378,81.64074277877808
fing_x_face,15,0.01,ri_V>li_V>face_C>face_G,4,S4-Direct,rule,boot,300,True,0.007917835490000904,0.003875968992248062,0.008814462302834395,0.007722007722007722,1.193050193050193,3.1111909251444136,"[[29.000001907348633, 3.000000238418579], [34.000003814697266, 4.000000476837158], [0.6291600465774536, 0.5315300822257996], 73.9521484375]",,,,,,10.107762098312378,81.64074277877808
fing_x_face,15,0.01,ri_V>li_V>face_G>face_C,4,LR-P1-N2,GP,boot,300,True,0.0073748981992579855,0.01937984496124031,0.00785669390320553,0.011583011583011582,1.084942084942085,3.089401694052857,"[[19.000001907348633, 3.000000238418579], [24.000001907348633, 5.000000476837158], [75.13211059570312, 64.82164001464844], 0.6408900618553162]",,,,,,10.107762098312378,81.64074277877808
fing_x_face,15,0.01,ri_V>li_V>face_G>face_C,4,HYP,GP,boot,300,False,,,,,,,,,,,,,10.107762098312378,81.64074277877808
fing_x_face,15,0.01,ri_V>li_V>face_G>face_C,4,S1-Marcialis,rule,boot,300,True,0.00749555093053419,0.003875968992248062,0.008784532040345993,0.007722007722007722,1.2586872586872586,3.516476609499865,"[[37.000003814697266, 3.0], [34.000003814697266, 5.0], [75.97413635253906, 64.80564880371094], 0.6129199862480164]",,,,,,10.107762098312378,81.64074277877808
fing_x_face,15,0.01,ri_V>li_V>face_G>face_C,4,S2-Symmetric,rule,boot,300,True,0.00749555093053419,0.003875968992248062,0.008784532040345993,0.007722007722007722,1.2586872586872586,3.516476609499865,"[[37.000003814697266, 3.0], [34.000003814697266, 5.0], [75.97413635253906, 64.80564880371094], 0.6129199862480164]",,,,,,10.107762098312378,81.64074277877808
fing_x_face,15,0.01,ri_V>li_V>face_G>face_C,4,S3-SPRT,rule,boot,300,True,0.007842427532953278,0.031007751937984496,0.006105773547634013,0.015444015444015444,1.166023166023166,2.099488192511448,"[[4.874827264659086, -4.039053560564637], [4.874827264659086, -4.039053560564637], [4.874827264659086, -4.039053560564637], -4.5661259896335]",,,,,,10.107762098312378,81.64074277877808
fing_x_face,15,0.01,ri_V>li_V>face_G>face_C,4,S4-Direct,rule,boot,300,True,0.007797182758724701,0.003875968992248062,0.00930831163389303,0.007722007722007722,1.196911196911197,3.1081530035018408,"[[29.000001907348633, 3.000000238418579], [34.000003814697266, 4.000000476837158], [74.47412872314453, 66.20941925048828], 0.6144599914550781]",,,,,,10.107762098312378,81.64074277877808
fing_x_face,15,0.01,parallel,4,P0-Parallel,parallel,boot,300,True,0.007797182758724701,0.027131782945736434,0.005507168297865972,0.007722007722007722,1.0,1.0,[6.070978164672852],,,,,,10.107762098312378,81.64074277877808
fing_x_face,15,0.01,parallel,4,P1-LLR,parallel,boot,300,True,0.007540795704762767,0.0,0.006943820897309269,0.0,1.0,1.0,[-3.2674861920346716],,,,,,10.107762098312378,81.64074277877808
fing_x_face,15,0.01,parallel,4,P2-LogReg,parallel,boot,300,True,0.007555877296172292,0.0,0.00709347220975128,0.0,1.0,1.0,[-3.283029275500624],,,,,,10.107762098312378,81.64074277877808
fing_x_face,15,0.001,face_C,1,LR-P1-N2,GP,boot,300,True,0.0005580188821524447,0.18604651162790697,0.0009577683996288647,0.15057915057915058,1.0,1.0,[0.6465499997138977],,,,,,10.107762098312378,81.64074277877808
fing_x_face,15,0.001,face_C,1,HYP,GP,boot,300,False,,,,,,,,,,,,,10.107762098312378,81.64074277877808
fing_x_face,15,0.001,face_G,1,LR-P1-N2,GP,boot,300,True,0.0006032636563810213,0.25193798449612403,0.0005387447247912364,0.2471042471042471,1.0,1.0,[75.13629150390625],,,,,,10.107762098312378,81.64074277877808
fing_x_face,15,0.001,face_G,1,HYP,GP,boot,300,False,,,,,,,,,,,,,10.107762098312378,81.64074277877808
fing_x_face,15,0.001,li_V,1,LR-P1-N2,GP,boot,300,True,0.0004222845594667149,0.20930232558139536,0.0004938493310586334,0.16988416988416988,1.0,1.0,[27.0],,,,,,10.107762098312378,81.64074277877808
fing_x_face,15,0.001,li_V,1,HYP,GP,boot,300,False,,,,,,,,,,,,,10.107762098312378,81.64074277877808
fing_x_face,15,0.001,ri_V,1,LR-P1-N2,GP,boot,300,True,0.0005731004735619702,0.12403100775193798,0.0004040585435934273,0.10038610038610038,1.0,1.0,[27.0],,,,,,10.107762098312378,81.64074277877808
fing_x_face,15,0.001,ri_V,1,HYP,GP,boot,300,False,,,,,,,,,,,,,10.107762098312378,81.64074277877808
fing_x_face,15,0.001,face_C>face_G,2,LR-P1-N2,GP,boot,300,True,0.0006183452477905468,0.15503875968992248,0.0009577683996288647,0.13127413127413126,1.1544401544401544,1.482954715512855,"[[0.650130033493042, 0.5306200385093689], 75.48136901855469]",,,,,,10.107762098312378,81.64074277877808
fing_x_face,15,0.001,face_C>face_G,2,HYP,GP,boot,300,False,,,,,,,,,,,,,10.107762098312378,81.64074277877808
fing_x_face,15,0.001,face_C>face_G,2,S1-Marcialis,rule,boot,300,True,0.0006032636563810213,0.23255813953488372,0.0005686749872796385,0.23166023166023167,1.4362934362934363,1.9999700697375116,"[[0.7040700316429138, -1.0], 75.13629150390625]",,,,,,10.107762098312378,81.64074277877808
fing_x_face,15,0.001,face_C>face_G,2,S2-Symmetric,rule,boot,300,True,0.0006032636563810213,0.23255813953488372,0.0005686749872796385,0.23166023166023167,1.4362934362934363,1.9999700697375116,"[[0.7040700316429138, -1.0], 75.13629150390625]",,,,,,10.107762098312378,81.64074277877808
fing_x_face,15,0.001,face_C>face_G,2,S3-SPRT,rule,boot,300,True,0.0006334268392000724,0.1434108527131783,0.001122384843315076,0.10424710424710425,1.1467181467181466,1.425937565472449,"[[3.9651988497556876, -3.058328027546358], 5.897140055719121]",,,,,,10.107762098312378,81.64074277877808
fing_x_face,15,0.001,face_C>face_G,2,S4-Direct,rule,boot,300,True,0.0006183452477905468,0.15891472868217055,0.0011074197120708748,0.12355212355212356,1.1158301158301158,1.007288018915926,"[[0.6557100415229797, 0.617340087890625], 74.3095932006836]",,,,,,10.107762098312378,81.64074277877808
fing_x_face,15,0.001,face_C>li_V,2,LR-P1-N2,GP,boot,300,True,0.0006334268392000724,0.015503875968992248,0.001092454580826674,0.03474903474903475,1.1544401544401544,1.9991170572565922,"[[0.6477900743484497, -Infinity], 30.0]",,,,,,10.107762098312378,81.64074277877808
fing_x_face,15,0.001,face_C>li_V,2,HYP,GP,boot,300,False,,,,,,,,,,,,,10.107762098312378,81.64074277877808
fing_x_face,15,0.001,face_C>li_V,2,S1-Marcialis,rule,boot,300,True,0.0004222845594667149,0.03875968992248062,0.0005237795935470355,0.07335907335907337,1.4362934362934363,1.9999700697375116,"[[0.7040700316429138, -1.0], 27.0]",,,,,,10.107762098312378,81.64074277877808
fing_x_face,15,0.001,face_C>li_V,2,S2-Symmetric,rule,boot,300,True,0.0004222845594667149,0.03875968992248062,0.0005237795935470355,0.07335907335907337,1.4362934362934363,1.9999700697375116,"[[0.7040700316429138, -1.0], 27.0]",,,,,,10.107762098312378,81.64074277877808
fing_x_face,15,0.001,face_C>li_V,2,S3-SPRT,rule,boot,300,True,0.0005881820649714958,0.015503875968992248,0.0009876986621172668,0.03088803088803089,1.1467181467181466,1.425937565472449,"[[3.9651988497556876, -3.058328027546358], 3.9632081943149813]",,,,,,10.107762098312378,81.64074277877808
fing_x_face,15,0.001,face_C>li_V,2,S4-Direct,rule,boot,300,True,0.0005429372907429192,0.011627906976744186,0.001092454580826674,0.03088803088803089,1.162162162162162,1.6344018437041692,"[[0.650130033493042, 0.518760085105896], 28.0]",,,,,,10.107762098312378,81.64074277877808
fing_x_face,15,0.001,face_C>ri_V,2,LR-P1-N2,GP,boot,300,True,0.0005429372907429192,0.011627906976744186,0.0009278381371404627,0.03088803088803089,1.1544401544401544,1.9991469875190806,"[[0.648870050907135, -Infinity], 33.0]",,,,,,10.107762098312378,81.64074277877808
fing_x_face,15,0.001,face_C>ri_V,2,HYP,GP,boot,300,False,,,,,,,,,,,,,10.107762098312378,81.64074277877808
fing_x_face,15,0.001,face_C>ri_V,2,S1-Marcialis,rule,boot,300,True,0.0005731004735619702,0.015503875968992248,0.00043398880608182933,0.04247104247104247,1.4362934362934363,1.9999700697375116,"[[0.7040700316429138, -1.0], 27.0]",,,,,,10.107762098312378,81.64074277877808
fing_x_face,15,0.001,face_C>ri_V,2,S2-Symmetric,rule,boot,300,True,0.0005731004735619702,0.015503875968992248,0.00043398880608182933,0.04247104247104247,1.4362934362934363,1.9999700697375116,"[[0.7040700316429138, -1.0], 27.0]",,,,,,10.107762098312378,81.64074277877808
fing_x_face,15,0.001,face_C>ri_V,2,S3-SPRT,rule,boot,300,True,0.0006334268392000724,0.007751937984496124,0.0007183262997216486,0.02702702702702703,1.3783783783783783,1.426745682559636,"[[7.984934979273018, -3.058328027546358], 2.397855376071465]",,,,,,10.107762098312378,81.64074277877808
fing_x_face,15,0.001,face_C>ri_V,2,S4-Direct,rule,boot,300,True,0.0006183452477905468,0.007751937984496124,0.0009727335308730657,0.03088803088803089,1.162162162162162,1.6344018437041692,"[[0.650130033493042, 0.518760085105896], 29.0]",,,,,,10.107762098312378,81.64074277877808
fing_x_face,15,0.001,face_G>face_C,2,LR-P1-N2,GP,boot,300,True,0.0006183452477905468,0.15503875968992248,0.0009128730058962617,0.138996138996139,1.274131274131274,1.718356229984137,"[[75.3943862915039, 65.39537811279297], 0.6518399715423584]",,,,,,10.107762098312378,81.64074277877808
fing_x_face,15,0.001,face_G>face_C,2,HYP,GP,boot,300,False,,,,,,,,,,,,,10.107762098312378,81.64074277877808
fing_x_face,15,0.001,face_G>face_C,2,S1-Marcialis,rule,boot,300,True,0.0005580188821524447,0.15891472868217055,0.0009727335308730657,0.12355212355212356,1.3397683397683398,1.8384514082188501,"[[75.97413635253906, 64.80564880371094], 0.6465499997138977]",,,,,,10.107762098312378,81.64074277877808
fing_x_face,15,0.001,face_G>face_C,2,S2-Symmetric,rule,boot,300,True,0.0005580188821524447,0.15891472868217055,0.0009727335308730657,0.12355212355212356,1.3397683397683398,1.8384514082188501,"[[75.97413635253906, 64.80564880371094], 0.6465499997138977]",,,,,,10.107762098312378,81.64074277877808
fing_x_face,15,0.001,face_G>face_C,2,S3-SPRT,rule,boot,300,True,0.0006183452477905468,0.14728682170542637,0.0010625243183382718,0.10810810810810811,1.332046332046332,1.8982221424081889,"[[6.1501779305154045, -3.1177294608641115], 5.150579033653171]",,,,,,10.107762098312378,81.64074277877808
fing_x_face,15,0.001,face_G>face_C,2,S4-Direct,rule,boot,300,True,0.0005881820649714958,0.15503875968992248,0.0009727335308730657,0.13513513513513514,1.2393822393822393,1.0124809194576636,"[[75.97413635253906, 73.65702819824219], 0.6301000118255615]",,,,,,10.107762098312378,81.64074277877808
fing_x_face,15,0.001,face_G>li_V,2,LR-P1-N2,GP,boot,300,True,0.0005881820649714958,0.04263565891472868,0.0005686749872796385,0.04633204633204633,1.250965250965251,1.8355032773637425,"[[75.20691680908203, 64.82164001464844], 30.0]",,,,,,10.107762098312378,81.64074277877808
fing_x_face,15,0.001,face_G>li_V,2,HYP,GP,boot,300,False,,,,,,,,,,,,,10.107762098312378,81.64074277877808
fing_x_face,15,0.001,face_G>li_V,2,S1-Marcialis,rule,boot,300,True,0.0005580188821524447,0.046511627906976744,0.0005686749872796385,0.03861003861003861,1.3397683397683398,1.8384514082188501,"[[75.97413635253906, 64.80564880371094], 26.0]",,,,,,10.107762098312378,81.64074277877808
fing_x_face,15,0.001,face_G>li_V,2,S2-Symmetric,rule,boot,300,True,0.0005580188821524447,0.046511627906976744,0.0005686749872796385,0.03861003861003861,1.3397683397683398,1.8384514082188501,"[[75.97413635253906, 64.80564880371094], 26.0]",,,,,,10.107762098312378,81.64074277877808
fing_x_face,15,0.001,face_G>li_V,2,S3-SPRT,rule,boot,300,True,0.0006183452477905468,0.027131782945736434,0.0005387447247912364,0.03088803088803089,1.250965250965251,1.8978031187333513,"[[4.234288497397616, -3.1177294608641115], 3.5735774265292375]",,,,,,10.107762098312378,81.64074277877808
fing_x_face,15,0.001,face_G>li_V,2,S4-Direct,rule,boot,300,True,0.0006032636563810213,0.03488372093023256,0.0006584657747448446,0.05405405405405406,1.250965250965251,1.950704857681602,"[[75.17083740234375, 63.05667495727539], 31.0]",,,,,,10.107762098312378,81.64074277877808
fing_x_face,15,0.001,face_G>ri_V,2,LR-P1-N2,GP,boot,300,True,0.0006334268392000724,0.015503875968992248,0.0005088144623028344,0.02702702702702703,1.2586872586872586,1.8355481727574752,"[[75.2637710571289, 64.82164001464844], 29.0]",,,,,,10.107762098312378,81.64074277877808
fing_x_face,15,0.001,face_G>ri_V,2,HYP,GP,boot,300,False,,,,,,,,,,,,,10.107762098312378,81.64074277877808
fing_x_face,15,0.001,face_G>ri_V,2,S1-Marcialis,rule,boot,300,True,0.0005731004735619702,0.031007751937984496,0.0005986052497680404,0.019305019305019305,1.3397683397683398,1.8384514082188501,"[[75.97413635253906, 64.80564880371094], 26.0]",,,,,,10.107762098312378,81.64074277877808
fing_x_face,15,0.001,face_G>ri_V,2,S2-Symmetric,rule,boot,300,True,0.0005731004735619702,0.031007751937984496,0.0005986052497680404,0.019305019305019305,1.3397683397683398,1.8384514082188501,"[[75.97413635253906, 64.80564880371094], 26.0]",,,,,,10.107762098312378,81.64074277877808
fing_x_face,15,0.001,face_G>ri_V,2,S3-SPRT,rule,boot,300,True,0.0006032636563810213,0.011627906976744186,0.0005088144623028344,0.011583011583011582,1.332046332046332,1.8982221424081889,"[[6.1501779305154045, -3.1177294608641115], 2.3755499548174646]",,,,,,10.107762098312378,81.64074277877808
fing_x_face,15,0.001,face_G>ri_V,2,S4-Direct,rule,boot,300,True,0.0005881820649714958,0.01937984496124031,0.0005237795935470355,0.02702702702702703,1.2548262548262548,1.9508096136003112,"[[75.22972869873047, 63.05667495727539], 31.0]",,,,,,10.107762098312378,81.64074277877808
fing_x_face,15,0.001,li_V>face_C,2,LR-P1-N2,GP,boot,300,True,0.0006032636563810213,0.031007751937984496,0.0009278381371404627,0.05791505791505792,1.1737451737451738,1.666546945616713,"[[29.000001907348633, 5.000000476837158], 0.6467700004577637]",,,,,,10.107762098312378,81.64074277877808
fing_x_face,15,0.001,li_V>face_C,2,HYP,GP,boot,300,False,,,,,,,,,,,,,10.107762098312378,81.64074277877808
fing_x_face,15,0.001,li_V>face_C,2,S1-Marcialis,rule,boot,300,True,0.0005731004735619702,0.023255813953488372,0.0008829427434078596,0.05019305019305019,1.247104247104247,1.8362814641884408,"[[34.000003814697266, 5.0], 0.6461099982261658]",,,,,,10.107762098312378,81.64074277877808
fing_x_face,15,0.001,li_V>face_C,2,S2-Symmetric,rule,boot,300,True,0.0005731004735619702,0.023255813953488372,0.0008829427434078596,0.05019305019305019,1.247104247104247,1.8362814641884408,"[[34.000003814697266, 5.0], 0.6461099982261658]",,,,,,10.107762098312378,81.64074277877808
fing_x_face,15,0.001,li_V>face_C,2,S3-SPRT,rule,boot,300,True,0.0005731004735619702,0.015503875968992248,0.0006435006435006435,0.03088803088803089,1.2355212355212355,1.9999401394750231,"[[6.2729963319908855, -3.492104330604506], 2.8885072334362403]",,,,,,10.107762098312378,81.64074277877808
fing_x_face,15,0.001,li_V>face_C,2,S4-Direct,rule,boot,300,True,0.0006183452477905468,0.007751937984496124,0.0010625243183382718,0.03474903474903475,1.1737451737451738,1.8359223010385801,"[[27.000001907348633, 4.000000476837158], 0.6505299806594849]",,,,,,10.107762098312378,81.64074277877808
fing_x_face,15,0.001,li_V>face_G,2,LR-P1-N2,GP,boot,300,True,0.0005881820649714958,0.046511627906976744,0.0007482565622100506,0.06177606177606178,1.16988416988417,1.6664272245667595,"[[28.000001907348633, 5.000000476837158], 75.17514038085938]",,,,,,10.107762098312378,81.64074277877808
fing_x_face,15,0.001,li_V>face_G,2,HYP,GP,boot,300,False,,,,,,,,,,,,,10.107762098312378,81.64074277877808
fing_x_face,15,0.001,li_V>face_G,2,S1-Marcialis,rule,boot,300,True,0.0006032636563810213,0.04263565891472868,0.0006584657747448446,0.05405405405405406,1.247104247104247,1.8362814641884408,"[[34.000003814697266, 5.0], 75.03880310058594]",,,,,,10.107762098312378,81.64074277877808
fing_x_face,15,0.001,li_V>face_G,2,S2-Symmetric,rule,boot,300,True,0.0006032636563810213,0.04263565891472868,0.0006584657747448446,0.05405405405405406,1.247104247104247,1.8362814641884408,"[[34.000003814697266, 5.0], 75.03880310058594]",,,,,,10.107762098312378,81.64074277877808
fing_x_face,15,0.001,li_V>face_G,2,S3-SPRT,rule,boot,300,True,0.0006334268392000724,0.03488372093023256,0.00047888419981443237,0.03088803088803089,1.2355212355212355,1.9999401394750231,"[[6.2729963319908855, -3.492104330604506], 2.6009832726347635]",,,,,,10.107762098312378,81.64074277877808
fing_x_face,15,0.001,li_V>face_G,2,S4-Direct,rule,boot,300,True,0.0006334268392000724,0.031007751937984496,0.0007332914309658496,0.04247104247104247,1.1737451737451738,1.8359223010385801,"[[27.000001907348633, 4.000000476837158], 75.22972106933594]",,,,,,10.107762098312378,81.64074277877808
fing_x_face,15,0.001,li_V>ri_V,2,LR-P1-N2,GP,boot,300,True,0.0005580188821524447,0.07751937984496124,0.0005986052497680404,0.06177606177606178,1.1544401544401544,1.6663523989105384,"[[27.000001907348633, 5.000000476837158], 29.0]",,,,,,10.107762098312378,81.64074277877808
fing_x_face,15,0.001,li_V>ri_V,2,HYP,GP,boot,300,False,,,,,,,,,,,,,10.107762098312378,81.64074277877808
fing_x_face,15,0.001,li_V>ri_V,2,S1-Marcialis,rule,boot,300,True,0.0005731004735619702,0.08914728682170543,0.00043398880608182933,0.06563706563706563,1.247104247104247,1.8362814641884408,"[[34.000003814697266, 5.0], 27.0]",,,,,,10.107762098312378,81.64074277877808
fing_x_face,15,0.001,li_V>ri_V,2,S2-Symmetric,rule,boot,300,True,0.0005731004735619702,0.08914728682170543,0.00043398880608182933,0.06563706563706563,1.247104247104247,1.8362814641884408,"[[34.000003814697266, 5.0], 27.0]",,,,,,10.107762098312378,81.64074277877808
fing_x_face,15,0.001,li_V>ri_V,2,S3-SPRT,rule,boot,300,True,0.0005731004735619702,0.08139534883720931,0.0005537098560354374,0.05019305019305019,1.2355212355212355,1.9999401394750231,"[[6.2729963319908855, -3.492104330604506], 2.6826627640068406]",,,,,,10.107762098312378,81.64074277877808
fing_x_face,15,0.001,li_V>ri_V,2,S4-Direct,rule,boot,300,True,0.0006334268392000724,0.07364341085271318,0.0006584657747448446,0.05405405405405406,1.166023166023166,1.8358325102511148,"[[26.000001907348633, 4.000000476837158], 30.0]",,,,,,10.107762098312378,81.64074277877808
fing_x_face,15,0.001,ri_V>face_C,2,LR-P1-N2,GP,boot,300,True,0.0006183452477905468,0.011627906976744186,0.0009577683996288647,0.03861003861003861,1.111969111969112,1.8146269192780822,"[[29.000001907348633, 4.000000476837158], 0.6499199867248535]",,,,,,10.107762098312378,81.64074277877808
fing_x_face,15,0.001,ri_V>face_C,2,HYP,GP,boot,300,False,,,,,,,,,,,,,10.107762098312378,81.64074277877808
fing_x_face,15,0.001,ri_V>face_C,2,S1-Marcialis,rule,boot,300,True,0.0005580188821524447,0.011627906976744186,0.0009727335308730657,0.04247104247104247,1.1505791505791505,1.9914698751908053,"[[37.000003814697266, 3.0], 0.6465499997138977]",,,,,,10.107762098312378,81.64074277877808
fing_x_face,15,0.001,ri_V>face_C,2,S2-Symmetric,rule,boot,300,True,0.0005580188821524447,0.011627906976744186,0.0009727335308730657,0.04247104247104247,1.1505791505791505,1.9914698751908053,"[[37.000003814697266, 3.0], 0.6465499997138977]",,,,,,10.107762098312378,81.64074277877808
fing_x_face,15,0.001,ri_V>face_C,2,S3-SPRT,rule,boot,300,True,0.0006485084306095979,0.003875968992248062,0.0007332914309658496,0.019305019305019305,1.1158301158301158,1.9997904881625812,"[[4.528617673343767, -4.039053560564637], 2.6331833152340485]",,,,,,10.107762098312378,81.64074277877808
fing_x_face,15,0.001,ri_V>face_C,2,S4-Direct,rule,boot,300,True,0.0006334268392000724,0.007751937984496124,0.0006135703810122415,0.03861003861003861,1.1042471042471043,1.9400945796294633,"[[27.000001907348633, 3.000000238418579], 0.664929986000061]",,,,,,10.107762098312378,81.64074277877808
fing_x_face,15,0.001,ri_V>face_G,2,LR-P1-N2,GP,boot,300,True,0.0006485084306095979,0.015503875968992248,0.0005836401185238395,0.03474903474903475,1.1081081081081081,1.8145670587531053,"[[28.000001907348633, 4.000000476837158], 75.22863006591797]",,,,,,10.107762098312378,81.64074277877808
fing_x_face,15,0.001,ri_V>face_G,2,HYP,GP,boot,300,False,,,,,,,,,,,,,10.107762098312378,81.64074277877808
fing_x_face,15,0.001,ri_V>face_G,2,S1-Marcialis,rule,boot,300,True,0.0006032636563810213,0.031007751937984496,0.0005537098560354374,0.03861003861003861,1.1505791505791505,1.9914698751908053,"[[37.000003814697266, 3.0], 75.13629150390625]",,,,,,10.107762098312378,81.64074277877808
fing_x_face,15,0.001,ri_V>face_G,2,S2-Symmetric,rule,boot,300,True,0.0006032636563810213,0.031007751937984496,0.0005537098560354374,0.03861003861003861,1.1505791505791505,1.9914698751908053,"[[37.000003814697266, 3.0], 75.13629150390625]",,,,,,10.107762098312378,81.64074277877808
fing_x_face,15,0.001,ri_V>face_G,2,S3-SPRT,rule,boot,300,True,0.0005881820649714958,0.007751937984496124,0.0005387447247912364,0.011583011583011582,1.135135135135135,1.9999401394750231,"[[5.7482803109328735, -4.039053560564637], 2.3755499548174646]",,,,,,10.107762098312378,81.64074277877808
fing_x_face,15,0.001,ri_V>face_G,2,S4-Direct,rule,boot,300,True,0.0006334268392000724,0.023255813953488372,0.0004938493310586334,0.02702702702702703,1.1042471042471043,1.9400945796294633,"[[27.000001907348633, 3.000000238418579], 75.50782775878906]",,,,,,10.107762098312378,81.64074277877808
fing_x_face,15,0.001,ri_V>li_V,2,LR-P1-N2,GP,boot,300,True,0.0005580188821524447,0.07751937984496124,0.0006285355122564425,0.05405405405405406,1.111969111969112,1.940214300679417,"[[28.000001907348633, 3.000000238418579], 28.0]",,,,,,10.107762098312378,81.64074277877808
fing_x_face,15,0.001,ri_V>li_V,2,HYP,GP,boot,300,False,,,,,,,,,,,,,10.107762098312378,81.64074277877808
fing_x_face,15,0.001,ri_V>li_V,2,S1-Marcialis,rule,boot,300,True,0.0004222845594667149,0.08527131782945736,0.0005088144623028344,0.0694980694980695,1.1505791505791505,1.9914698751908053,"[[37.000003814697266, 3.0], 27.0]",,,,,,10.107762098312378,81.64074277877808
fing_x_face,15,0.001,ri_V>li_V,2,S2-Symmetric,rule,boot,300,True,0.0004222845594667149,0.08527131782945736,0.0005088144623028344,0.0694980694980695,1.1505791505791505,1.9914698751908053,"[[37.000003814697266, 3.0], 27.0]",,,,,,10.107762098312378,81.64074277877808
fing_x_face,15,0.001,ri_V>li_V,2,S3-SPRT,rule,boot,300,True,0.0005881820649714958,0.07751937984496124,0.0005986052497680404,0.04633204633204633,1.1196911196911197,1.999850348687558,"[[4.874827264659086, -4.039053560564637], 2.707215123006992]",,,,,,10.107762098312378,81.64074277877808
fing_x_face,15,0.001,ri_V>li_V,2,S4-Direct,rule,boot,300,True,0.0005731004735619702,0.07751937984496124,0.0005237795935470355,0.05791505791505792,1.1042471042471043,1.3337822872706593,"[[29.000001907348633, 7.000000476837158], 26.0]",,,,,,10.107762098312378,81.64074277877808
fing_x_face,15,0.001,face_C>face_G>li_V,3,LR-P1-N2,GP,boot,300,True,0.0006032636563810213,0.01937984496124031,0.001047559187094071,0.03088803088803089,1.2934362934362935,2.8341564155517642,"[[0.6498700380325317, -Infinity], [75.58229064941406, 64.82164001464844], 32.0]",,,,,,10.107762098312378,81.64074277877808
fing_x_face,15,0.001,face_C>face_G>li_V,3,HYP,GP,boot,300,False,,,,,,,,,,,,,10.107762098312378,81.64074277877808
fing_x_face,15,0.001,face_C>face_G>li_V,3,S1-Marcialis,rule,boot,300,True,0.0005580188821524447,0.027131782945736434,0.0005986052497680404,0.03088803088803089,1.7335907335907337,2.8383915476938735,"[[0.7040700316429138, -1.0], [75.97413635253906, 64.80564880371094], 26.0]",,,,,,10.107762098312378,81.64074277877808
fing_x_face,15,0.001,face_C>face_G>li_V,3,S2-Symmetric,rule,boot,300,True,0.0005580188821524447,0.027131782945736434,0.0005986052497680404,0.03088803088803089,1.7335907335907337,2.8383915476938735,"[[0.7040700316429138, -1.0], [75.97413635253906, 64.80564880371094], 26.0]",,,,,,10.107762098312378,81.64074277877808
fing_x_face,15,0.001,face_C>face_G>li_V,3,S3-SPRT,rule,boot,300,True,0.0006485084306095979,0.03488372093023256,0.0008530124809194577,0.015444015444015444,1.5521235521235521,1.5109245458082667,"[[7.984934979273018, -3.058328027546358], [7.984934979273018, -3.058328027546358], 3.1262488756092464]",,,,,,10.107762098312378,81.64074277877808
fing_x_face,15,0.001,face_C>face_G>li_V,3,S4-Direct,rule,boot,300,True,0.0005881820649714958,0.015503875968992248,0.0011074197120708748,0.023166023166023165,1.2972972972972974,2.8455448804286014,"[[0.6503000855445862, 0.4826200306415558], [75.97413635253906, 63.05667495727539], 29.0]",,,,,,10.107762098312378,81.64074277877808
fing_x_face,15,0.001,face_C>face_G>ri_V,3,LR-P1-N2,GP,boot,300,True,0.0006032636563810213,0.011627906976744186,0.0008979078746520607,0.023166023166023165,1.281853281853282,2.8341713806830087,"[[0.648870050907135, -Infinity], [75.747314453125, 64.82164001464844], 35.0]",,,,,,10.107762098312378,81.64074277877808
fing_x_face,15,0.001,face_C>face_G>ri_V,3,HYP,GP,boot,300,False,,,,,,,,,,,,,10.107762098312378,81.64074277877808
fing_x_face,15,0.001,face_C>face_G>ri_V,3,S1-Marcialis,rule,boot,300,True,0.0005731004735619702,0.007751937984496124,0.0006285355122564425,0.019305019305019305,1.7335907335907337,2.8383915476938735,"[[0.7040700316429138, -1.0], [75.97413635253906, 64.80564880371094], 26.0]",,,,,,10.107762098312378,81.64074277877808
fing_x_face,15,0.001,face_C>face_G>ri_V,3,S2-Symmetric,rule,boot,300,True,0.0005731004735619702,0.007751937984496124,0.0006285355122564425,0.019305019305019305,1.7335907335907337,2.8383915476938735,"[[0.7040700316429138, -1.0], [75.97413635253906, 64.80564880371094], 26.0]",,,,,,10.107762098312378,81.64074277877808
fing_x_face,15,0.001,face_C>face_G>ri_V,3,S3-SPRT,rule,boot,300,True,0.0006032636563810213,0.027131782945736434,0.0007482565622100506,0.015444015444015444,1.5521235521235521,1.5109245458082667,"[[7.984934979273018, -3.058328027546358], [7.984934979273018, -3.058328027546358], 3.0180361876253015]",,,,,,10.107762098312378,81.64074277877808
fing_x_face,15,0.001,face_C>face_G>ri_V,3,S4-Direct,rule,boot,300,True,0.0006334268392000724,0.003875968992248062,0.0010325940558498698,0.019305019305019305,1.2972972972972974,2.8455448804286014,"[[0.6503000855445862, 0.4826200306415558], [75.97413635253906, 63.05667495727539], 29.0]",,,,,,10.107762098312378,81.64074277877808
fing_x_face,15,0.001,face_C>li_V>face_G,3,LR-P1-N2,GP,boot,300,True,0.0006183452477905468,0.01937984496124031,0.001137349974559277,0.03088803088803089,1.193050193050193,2.166636736404178,"[[0.6477900743484497, -0.9999999403953552], [31.000001907348633, 9.000000953674316], 75.13900756835938]",,,,,,10.107762098312378,81.64074277877808
fing_x_face,15,0.001,face_C>li_V>face_G,3,HYP,GP,boot,300,False,,,,,,,,,,,,,10.107762098312378,81.64074277877808
fing_x_face,15,0.001,face_C>li_V>face_G,3,S1-Marcialis,rule,boot,300,True,0.0006032636563810213,0.03488372093023256,0.0006883960372332465,0.04633204633204633,1.5521235521235521,2.836221603663464,"[[0.7040700316429138, -1.0], [34.000003814697266, 5.0], 75.03880310058594]",,,,,,10.107762098312378,81.64074277877808
fing_x_face,15,0.001,face_C>li_V>face_G,3,S2-Symmetric,rule,boot,300,True,0.0006032636563810213,0.03488372093023256,0.0006883960372332465,0.04633204633204633,1.5521235521235521,2.836221603663464,"[[0.7040700316429138, -1.0], [34.000003814697266, 5.0], 75.03880310058594]",,,,,,10.107762098312378,81.64074277877808
fing_x_face,15,0.001,face_C>li_V>face_G,3,S3-SPRT,rule,boot,300,True,0.0006485084306095979,0.011627906976744186,0.0008679776121636587,0.015444015444015444,1.4324324324324325,1.4784202807458622,"[[7.984934979273018, -3.058328027546358], [7.984934979273018, -3.058328027546358], 3.126248875609246]",,,,,,10.107762098312378,81.64074277877808
fing_x_face,15,0.001,face_C>li_V>face_G,3,S4-Direct,rule,boot,300,False,,,,,,,,,,,,,10.107762098312378,81.64074277877808
fing_x_face,15,0.001,face_C>li_V>ri_V,3,LR-P1-N2,GP,boot,300,False,,,,,,,,,,,,,10.107762098312378,81.64074277877808
fing_x_face,15,0.001,face_C>li_V>ri_V,3,HYP,GP,boot,300,False,,,,,,,,,,,,,10.107762098312378,81.64074277877808
fing_x_face,15,0.001,face_C>li_V>ri_V,3,S1-Marcialis,rule,boot,300,True,0.0005731004735619702,0.011627906976744186,0.00046391906857023134,0.03088803088803089,1.5521235521235521,2.836221603663464,"[[0.7040700316429138, -1.0], [34.000003814697266, 5.0], 27.0]",,,,,,10.107762098312378,81.64074277877808
fing_x_face,15,0.001,face_C>li_V>ri_V,3,S2-Symmetric,rule,boot,300,True,0.0005731004735619702,0.011627906976744186,0.00046391906857023134,0.03088803088803089,1.5521235521235521,2.836221603663464,"[[0.7040700316429138, -1.0], [34.000003814697266, 5.0], 27.0]",,,,,,10.107762098312378,81.64074277877808
fing_x_face,15,0.001,face_C>li_V>ri_V,3,S3-SPRT,rule,boot,300,True,0.0005881820649714958,0.007751937984496124,0.0009876986621172668,0.023166023166023165,1.16988416988417,1.4766843255215347,"[[3.9651988497556876, -3.058328027546358], [3.9651988497556876, -3.058328027546358], 5.258205043506517]",,,,,,10.107762098312378,81.64074277877808
fing_x_face,15,0.001,face_C>li_V>ri_V,3,S4-Direct,rule,boot,300,True,0.0006032636563810213,0.003875968992248062,0.0010026637933614679,0.019305019305019305,1.2084942084942085,2.737661249289156,"[[0.6503000855445862, 0.4826200306415558], [34.000003814697266, 4.000000476837158], 30.0]",,,,,,10.107762098312378,81.64074277877808
fing_x_face,15,0.001,face_C>ri_V>face_G,3,LR-P1-N2,GP,boot,300,True,0.0006032636563810213,0.007751937984496124,0.0009876986621172668,0.019305019305019305,1.1891891891891893,2.231031696147975,"[[0.648870050907135, -Infinity], [33.000003814697266, 8.000000953674316], 75.1910400390625]",,,,,,10.107762098312378,81.64074277877808
fing_x_face,15,0.001,face_C>ri_V>face_G,3,HYP,GP,boot,300,False,,,,,,,,,,,,,10.107762098312378,81.64074277877808
fing_x_face,15,0.001,face_C>ri_V>face_G,3,S1-Marcialis,rule,boot,300,True,0.0006032636563810213,0.027131782945736434,0.0005836401185238395,0.03088803088803089,1.5096525096525097,2.9914100146658287,"[[0.7040700316429138, -1.0], [37.000003814697266, 3.0], 75.13629150390625]",,,,,,10.107762098312378,81.64074277877808
fing_x_face,15,0.001,face_C>ri_V>face_G,3,S2-Symmetric,rule,boot,300,True,0.0006032636563810213,0.027131782945736434,0.0005836401185238395,0.03088803088803089,1.5096525096525097,2.9914100146658287,"[[0.7040700316429138, -1.0], [37.000003814697266, 3.0], 75.13629150390625]",,,,,,10.107762098312378,81.64074277877808
fing_x_face,15,0.001,face_C>ri_V>face_G,3,S3-SPRT,rule,boot,300,True,0.0006032636563810213,0.003875968992248062,0.0007482565622100506,0.015444015444015444,1.420849420849421,1.4648169764448835,"[[7.984934979273018, -3.058328027546358], [7.984934979273018, -3.058328027546358], 3.0180361876253015]",,,,,,10.107762098312378,81.64074277877808
fing_x_face,15,0.001,face_C>ri_V>face_G,3,S4-Direct,rule,boot,300,False,,,,,,,,,,,,,10.107762098312378,81.64074277877808
fing_x_face,15,0.001,face_C>ri_V>li_V,3,LR-P1-N2,GP,boot,300,True,0.0006183452477905468,0.003875968992248062,0.001137349974559277,0.015444015444015444,1.1853281853281854,2.9385531711113106,"[[0.6477900743484497, -Infinity], [31.000001907348633, 3.000000238418579], 32.0]",,,,,,10.107762098312378,81.64074277877808
fing_x_face,15,0.001,face_C>ri_V>li_V,3,HYP,GP,boot,300,False,,,,,,,,,,,,,10.107762098312378,81.64074277877808
fing_x_face,15,0.001,face_C>ri_V>li_V,3,S1-Marcialis,rule,boot,300,True,0.0004222845594667149,0.015503875968992248,0.0005387447247912364,0.03088803088803089,1.5096525096525097,2.9914100146658287,"[[0.7040700316429138, -1.0], [37.000003814697266, 3.0], 27.0]",,,,,,10.107762098312378,81.64074277877808
fing_x_face,15,0.001,face_C>ri_V>li_V,3,S2-Symmetric,rule,boot,300,True,0.0004222845594667149,0.015503875968992248,0.0005387447247912364,0.03088803088803089,1.5096525096525097,2.9914100146658287,"[[0.7040700316429138, -1.0], [37.000003814697266, 3.0], 27.0]",,,,,,10.107762098312378,81.64074277877808
fing_x_face,15,0.001,face_C>ri_V>li_V,3,S3-SPRT,rule,boot,300,True,0.0005881820649714958,0.003875968992248062,0.0009727335308730657,0.019305019305019305,1.16988416988417,1.4631259166142887,"[[3.9651988497556876, -3.058328027546358], [3.9651988497556876, -3.058328027546358], 3.3661614289931263]",,,,,,10.107762098312378,81.64074277877808
fing_x_face,15,0.001,face_C>ri_V>li_V,3,S4-Direct,rule,boot,300,False,,,,,,,,,,,,,10.107762098312378,81.64074277877808
fing_x_face,15,0.001,face_G>face_C>li_V,3,LR-P1-N2,GP,boot,300,True,0.0006334268392000724,0.023255813953488372,0.0007781868246984526,0.03088803088803089,1.420849420849421,2.6708718685462873,"[[75.38864135742188, 64.82164001464844], [0.6580200791358948, -Infinity], 33.0]",,,,,,10.107762098312378,81.64074277877808
fing_x_face,15,0.001,face_G>face_C>li_V,3,HYP,GP,boot,300,False,,,,,,,,,,,,,10.107762098312378,81.64074277877808
fing_x_face,15,0.001,face_G>face_C>li_V,3,S1-Marcialis,rule,boot,300,True,0.0005580188821524447,0.027131782945736434,0.0005986052497680404,0.03088803088803089,1.6370656370656371,2.676872886175212,"[[75.97413635253906, 64.80564880371094], [0.7040700316429138, -1.0], 26.0]",,,,,,10.107762098312378,81.64074277877808
fing_x_face,15,0.001,face_G>face_C>li_V,3,S2-Symmetric,rule,boot,300,True,0.0005580188821524447,0.027131782945736434,0.0005986052497680404,0.03088803088803089,1.6370656370656371,2.676872886175212,"[[75.97413635253906, 64.80564880371094], [0.7040700316429138, -1.0], 26.0]",,,,,,10.107762098312378,81.64074277877808
fing_x_face,15,0.001,face_G>face_C>li_V,3,S3-SPRT,rule,boot,300,True,0.0006485084306095979,0.031007751937984496,0.0008829427434078596,0.011583011583011582,1.4555984555984556,1.9869653706863009,"[[6.1501779305154045, -3.1177294608641115], [6.1501779305154045, -3.1177294608641115], 3.2146716961124655]",,,,,,10.107762098312378,81.64074277877808
fing_x_face,15,0.001,face_G>face_C>li_V,3,S4-Direct,rule,boot,300,True,0.0005881820649714958,0.011627906976744186,0.0011074197120708748,0.023166023166023165,1.4749034749034748,2.851201700038909,"[[75.97413635253906, 63.05667495727539], [0.6503000855445862, 0.4826200306415558], 29.0]",,,,,,10.107762098312378,81.64074277877808
fing_x_face,15,0.001,face_G>face_C>ri_V,3,LR-P1-N2,GP,boot,300,True,0.0005881820649714958,0.015503875968992248,0.0006135703810122415,0.023166023166023165,1.4247104247104247,2.670961659333752,"[[75.3539810180664, 64.82164001464844], [0.6616400480270386, -Infinity], 37.0]",,,,,,10.107762098312378,81.64074277877808
fing_x_face,15,0.001,face_G>face_C>ri_V,3,HYP,GP,boot,300,False,,,,,,,,,,,,,10.107762098312378,81.64074277877808
fing_x_face,15,0.001,face_G>face_C>ri_V,3,S1-Marcialis,rule,boot,300,True,0.0005731004735619702,0.007751937984496124,0.0006285355122564425,0.019305019305019305,1.6370656370656371,2.676872886175212,"[[75.97413635253906, 64.80564880371094], [0.7040700316429138, -1.0], 26.0]",,,,,,10.107762098312378,81.64074277877808
fing_x_face,15,0.001,face_G>face_C>ri_V,3,S2-Symmetric,rule,boot,300,True,0.0005731004735619702,0.007751937984496124,0.0006285355122564425,0.019305019305019305,1.6370656370656371,2.676872886175212,"[[75.97413635253906, 64.80564880371094], [0.7040700316429138, -1.0], 26.0]",,,,,,10.107762098312378,81.64074277877808
fing_x_face,15,0.001,face_G>face_C>ri_V,3,S3-SPRT,rule,boot,300,True,0.0006183452477905468,0.027131782945736434,0.0008380473496752566,0.011583011583011582,1.4555984555984556,1.9869653706863009,"[[6.1501779305154045, -3.1177294608641115], [6.1501779305154045, -3.1177294608641115], 3.1563506249516684]",,,,,,10.107762098312378,81.64074277877808
fing_x_face,15,0.001,face_G>face_C>ri_V,3,S4-Direct,rule,boot,300,True,0.0006334268392000724,0.0,0.0010325940558498698,0.019305019305019305,1.4749034749034748,2.851201700038909,"[[75.97413635253906, 63.05667495727539], [0.6503000855445862, 0.4826200306415558], 29.0]",,,,,,10.107762098312378,81.64074277877808
fing_x_face,15,0.001,face_G>li_V>face_C,3,LR-P1-N2,GP,boot,300,True,0.0006032636563810213,0.03875968992248062,0.0006435006435006435,0.04247104247104247,1.3011583011583012,2.1273532668881505,"[[75.20691680908203, 64.82164001464844], [31.000001907348633, 7.000000476837158], 0.664929986000061]",,,,,,10.107762098312378,81.64074277877808
fing_x_face,15,0.001,face_G>li_V>face_C,3,HYP,GP,boot,300,False,,,,,,,,,,,,,10.107762098312378,81.64074277877808
fing_x_face,15,0.001,face_G>li_V>face_C,3,S1-Marcialis,rule,boot,300,True,0.0005731004735619702,0.023255813953488372,0.0008979078746520607,0.03474903474903475,1.416988416988417,2.5370835952231303,"[[75.97413635253906, 64.80564880371094], [34.000003814697266, 5.0], 0.6461099982261658]",,,,,,10.107762098312378,81.64074277877808
fing_x_face,15,0.001,face_G>li_V>face_C,3,S2-Symmetric,rule,boot,300,True,0.0005731004735619702,0.023255813953488372,0.0008979078746520607,0.03474903474903475,1.416988416988417,2.5370835952231303,"[[75.97413635253906, 64.80564880371094], [34.000003814697266, 5.0], 0.6461099982261658]",,,,,,10.107762098312378,81.64074277877808
fing_x_face,15,0.001,face_G>li_V>face_C,3,S3-SPRT,rule,boot,300,True,0.0006635900220191234,0.01937984496124031,0.0008979078746520607,0.011583011583011582,1.3783783783783783,1.9655652330070934,"[[6.1501779305154045, -3.1177294608641115], [6.1501779305154045, -3.1177294608641115], 3.126248875609246]",,,,,,10.107762098312378,81.64074277877808
fing_x_face,15,0.001,face_G>li_V>face_C,3,S4-Direct,rule,boot,300,True,0.0006183452477905468,0.007751937984496124,0.001047559187094071,0.019305019305019305,1.38996138996139,2.7444703840052678,"[[75.97413635253906, 63.05667495727539], [27.000001907348633, 4.000000476837158], 0.6505299806594849]",,,,,,10.107762098312378,81.64074277877808
fing_x_face,15,0.001,face_G>li_V>ri_V,3,LR-P1-N2,GP,boot,300,True,0.0006032636563810213,0.015503875968992248,0.0006135703810122415,0.02702702702702703,1.3011583011583012,2.388405016311993,"[[75.17083740234375, 64.82164001464844], [31.000001907348633, 5.000000476837158], 35.0]",,,,,,10.107762098312378,81.64074277877808
fing_x_face,15,0.001,face_G>li_V>ri_V,3,HYP,GP,boot,300,False,,,,,,,,,,,,,10.107762098312378,81.64074277877808
fing_x_face,15,0.001,face_G>li_V>ri_V,3,S1-Marcialis,rule,boot,300,True,0.0005731004735619702,0.023255813953488372,0.0006135703810122415,0.015444015444015444,1.416988416988417,2.5370835952231303,"[[75.97413635253906, 64.80564880371094], [34.000003814697266, 5.0], 26.0]",,,,,,10.107762098312378,81.64074277877808
fing_x_face,15,0.001,face_G>li_V>ri_V,3,S2-Symmetric,rule,boot,300,True,0.0005731004735619702,0.023255813953488372,0.0006135703810122415,0.015444015444015444,1.416988416988417,2.5370835952231303,"[[75.97413635253906, 64.80564880371094], [34.000003814697266, 5.0], 26.0]",,,,,,10.107762098312378,81.64074277877808
fing_x_face,15,0.001,face_G>li_V>ri_V,3,S3-SPRT,rule,boot,300,True,0.0006032636563810213,0.023255813953488372,0.0004040585435934273,0.007722007722007722,1.3783783783783783,1.9655652330070934,"[[6.1501779305154045, -3.1177294608641115], [6.1501779305154045, -3.1177294608641115], 1.4413012986472191]",,,,,,10.107762098312378,81.64074277877808
fing_x_face,15,0.001,face_G>li_V>ri_V,3,S4-Direct,rule,boot,300,False,,,,,,,,,,,,,10.107762098312378,81.64074277877808
fing_x_face,15,0.001,face_G>ri_V>face_C,3,LR-P1-N2,GP,boot,300,True,0.0006334268392000724,0.011627906976744186,0.0007632216934542516,0.015444015444015444,1.2857142857142858,2.1130466014186946,"[[75.2637710571289, 64.82164001464844], [31.000001907348633, 7.000000476837158], 0.6513299942016602]",,,,,,10.107762098312378,81.64074277877808
fing_x_face,15,0.001,face_G>ri_V>face_C,3,HYP,GP,boot,300,False,,,,,,,,,,,,,10.107762098312378,81.64074277877808
fing_x_face,15,0.001,face_G>ri_V>face_C,3,S1-Marcialis,rule,boot,300,True,0.0005580188821524447,0.007751937984496124,0.0009876986621172668,0.023166023166023165,1.3822393822393821,2.6695699021280417,"[[75.97413635253906, 64.80564880371094], [37.000003814697266, 3.0], 0.6465499997138977]",,,,,,10.107762098312378,81.64074277877808
fing_x_face,15,0.001,face_G>ri_V>face_C,3,S2-Symmetric,rule,boot,300,True,0.0005580188821524447,0.007751937984496124,0.0009876986621172668,0.023166023166023165,1.3822393822393821,2.6695699021280417,"[[75.97413635253906, 64.80564880371094], [37.000003814697266, 3.0], 0.6465499997138977]",,,,,,10.107762098312378,81.64074277877808
fing_x_face,15,0.001,face_G>ri_V>face_C,3,S3-SPRT,rule,boot,300,True,0.0006032636563810213,0.011627906976744186,0.0007482565622100506,0.007722007722007722,1.359073359073359,1.9468288886893539,"[[6.1501779305154045, -3.1177294608641115], [6.1501779305154045, -3.1177294608641115], 3.018501345822565]",,,,,,10.107762098312378,81.64074277877808
fing_x_face,15,0.001,face_G>ri_V>face_C,3,S4-Direct,rule,boot,300,True,0.0006183452477905468,0.0,0.0008081170871868546,0.019305019305019305,1.3706563706563706,2.397698362814642,"[[75.97413635253906, 63.05667495727539], [28.000001907348633, 6.000000476837158], 0.6470900177955627]",,,,,,10.107762098312378,81.64074277877808
fing_x_face,15,0.001,face_G>ri_V>li_V,3,LR-P1-N2,GP,boot,300,True,0.0006032636563810213,0.015503875968992248,0.0006285355122564425,0.019305019305019305,1.277992277992278,2.621142737421807,"[[75.20835876464844, 64.82164001464844], [31.000001907348633, 3.000000238418579], 31.0]",,,,,,10.107762098312378,81.64074277877808
fing_x_face,15,0.001,face_G>ri_V>li_V,3,HYP,GP,boot,300,False,,,,,,,,,,,,,10.107762098312378,81.64074277877808
fing_x_face,15,0.001,face_G>ri_V>li_V,3,S1-Marcialis,rule,boot,300,True,0.0005580188821524447,0.027131782945736434,0.0005836401185238395,0.015444015444015444,1.3822393822393821,2.6695699021280417,"[[75.97413635253906, 64.80564880371094], [37.000003814697266, 3.0], 26.0]",,,,,,10.107762098312378,81.64074277877808
fing_x_face,15,0.001,face_G>ri_V>li_V,3,S2-Symmetric,rule,boot,300,True,0.0005580188821524447,0.027131782945736434,0.0005836401185238395,0.015444015444015444,1.3822393822393821,2.6695699021280417,"[[75.97413635253906, 64.80564880371094], [37.000003814697266, 3.0], 26.0]",,,,,,10.107762098312378,81.64074277877808
fing_x_face,15,0.001,face_G>ri_V>li_V,3,S3-SPRT,rule,boot,300,True,0.0006032636563810213,0.015503875968992248,0.0003890934123492263,0.007722007722007722,1.359073359073359,1.9468288886893539,"[[6.1501779305154045, -3.1177294608641115], [6.1501779305154045, -3.1177294608641115], 1.476638730019699]",,,,,,10.107762098312378,81.64074277877808
fing_x_face,15,0.001,face_G>ri_V>li_V,3,S4-Direct,rule,boot,300,True,0.0005881820649714958,0.007751937984496124,0.0006285355122564425,0.015444015444015444,1.3204633204633205,2.3975187812397114,"[[75.57040405273438, 63.05667495727539], [28.000001907348633, 6.000000476837158], 28.0]",,,,,,10.107762098312378,81.64074277877808
fing_x_face,15,0.001,li_V>face_C>face_G,3,LR-P1-N2,GP,boot,300,True,0.0006485084306095979,0.03488372093023256,0.0007482565622100506,0.04633204633204633,1.2084942084942085,1.922570410942504,"[[29.000001907348633, 5.000000476837158], [0.6580200791358948, 0.5393100380897522], 75.35397338867188]",,,,,,10.107762098312378,81.64074277877808
fing_x_face,15,0.001,li_V>face_C>face_G,3,HYP,GP,boot,300,False,,,,,,,,,,,,,10.107762098312378,81.64074277877808
fing_x_face,15,0.001,li_V>face_C>face_G,3,S1-Marcialis,rule,boot,300,True,0.0006032636563810213,0.03488372093023256,0.0006883960372332465,0.05019305019305019,1.3629343629343629,2.6725329981143933,"[[34.000003814697266, 5.0], [0.7040700316429138, -1.0], 75.03880310058594]",,,,,,10.107762098312378,81.64074277877808
fing_x_face,15,0.001,li_V>face_C>face_G,3,S2-Symmetric,rule,boot,300,True,0.0006032636563810213,0.03488372093023256,0.0006883960372332465,0.05019305019305019,1.3629343629343629,2.6725329981143933,"[[34.000003814697266, 5.0], [0.7040700316429138, -1.0], 75.03880310058594]",,,,,,10.107762098312378,81.64074277877808
fing_x_face,15,0.001,li_V>face_C>face_G,3,S3-SPRT,rule,boot,300,True,0.0006334268392000724,0.007751937984496124,0.0008979078746520607,0.011583011583011582,1.3011583011583012,2.0818592679057795,"[[6.2729963319908855, -3.492104330604506], [6.2729963319908855, -3.492104330604506], 3.145629710944432]",,,,,,10.107762098312378,81.64074277877808
fing_x_face,15,0.001,li_V>face_C>face_G,3,S4-Direct,rule,boot,300,True,0.0006334268392000724,0.011627906976744186,0.0008979078746520607,0.03088803088803089,1.2046332046332047,1.8746670258298166,"[[27.000001907348633, 4.000000476837158], [0.6726200580596924, 0.5877300500869751], 75.00865936279297]",,,,,,10.107762098312378,81.64074277877808
fing_x_face,15,0.001,li_V>face_C>ri_V,3,LR-P1-N2,GP,boot,300,True,0.0005429372907429192,0.023255813953488372,0.0007781868246984526,0.03861003861003861,1.2084942084942085,2.3324952859836583,"[[28.000001907348633, 5.000000476837158], [0.6557100415229797, -Infinity], 31.000001907348633]",,,,,,10.107762098312378,81.64074277877808
fing_x_face,15,0.001,li_V>face_C>ri_V,3,HYP,GP,boot,300,False,,,,,,,,,,,,,10.107762098312378,81.64074277877808
fing_x_face,15,0.001,li_V>face_C>ri_V,3,S1-Marcialis,rule,boot,300,True,0.0005731004735619702,0.011627906976744186,0.00046391906857023134,0.03474903474903475,1.3629343629343629,2.6725329981143933,"[[34.000003814697266, 5.0], [0.7040700316429138, -1.0], 27.0]",,,,,,10.107762098312378,81.64074277877808
fing_x_face,15,0.001,li_V>face_C>ri_V,3,S2-Symmetric,rule,boot,300,True,0.0005731004735619702,0.011627906976744186,0.00046391906857023134,0.03474903474903475,1.3629343629343629,2.6725329981143933,"[[34.000003814697266, 5.0], [0.7040700316429138, -1.0], 27.0]",,,,,,10.107762098312378,81.64074277877808
fing_x_face,15,0.001,li_V>face_C>ri_V,3,S3-SPRT,rule,boot,300,True,0.0005429372907429192,0.007751937984496124,0.00043398880608182933,0.011583011583011582,1.3011583011583012,2.0818592679057795,"[[6.2729963319908855, -3.492104330604506], [6.2729963319908855, -3.492104330604506], 1.5575242336994435]",,,,,,10.107762098312378,81.64074277877808
fing_x_face,15,0.001,li_V>face_C>ri_V,3,S4-Direct,rule,boot,300,True,0.0006032636563810213,0.0,0.0009428032683846638,0.03474903474903475,1.281853281853282,1.9159258926700786,"[[34.000003814697266, 4.000000476837158], [0.6503000855445862, 0.5737200379371643], 23.0]",,,,,,10.107762098312378,81.64074277877808
fing_x_face,15,0.001,li_V>face_G>face_C,3,LR-P1-N2,GP,boot,300,True,0.0006183452477905468,0.027131782945736434,0.0010176289246056687,0.04633204633204633,1.2123552123552124,1.994208494208494,"[[28.000001907348633, 5.000000476837158], [75.5078353881836, 66.14970397949219], 0.6505299806594849]",,,,,,10.107762098312378,81.64074277877808
fing_x_face,15,0.001,li_V>face_G>face_C,3,HYP,GP,boot,300,False,,,,,,,,,,,,,10.107762098312378,81.64074277877808
fing_x_face,15,0.001,li_V>face_G>face_C,3,S1-Marcialis,rule,boot,300,True,0.0005731004735619702,0.023255813953488372,0.0008979078746520607,0.03861003861003861,1.3243243243243243,2.534913651192721,"[[34.000003814697266, 5.0], [75.97413635253906, 64.80564880371094], 0.6461099982261658]",,,,,,10.107762098312378,81.64074277877808
fing_x_face,15,0.001,li_V>face_G>face_C,3,S2-Symmetric,rule,boot,300,True,0.0005731004735619702,0.023255813953488372,0.0008979078746520607,0.03861003861003861,1.3243243243243243,2.534913651192721,"[[34.000003814697266, 5.0], [75.97413635253906, 64.80564880371094], 0.6461099982261658]",,,,,,10.107762098312378,81.64074277877808
fing_x_face,15,0.001,li_V>face_G>face_C,3,S3-SPRT,rule,boot,300,True,0.0006334268392000724,0.011627906976744186,0.0008979078746520607,0.011583011583011582,1.2895752895752897,2.0930980814701745,"[[6.2729963319908855, -3.492104330604506], [6.2729963319908855, -3.492104330604506], 3.145629710944432]",,,,,,10.107762098312378,81.64074277877808
fing_x_face,15,0.001,li_V>face_G>face_C,3,S4-Direct,rule,boot,300,True,0.0006485084306095979,0.011627906976744186,0.0007781868246984526,0.03088803088803089,1.2123552123552124,2.231166382329173,"[[27.000001907348633, 4.000000476837158], [75.34730529785156, 66.20941925048828], 0.6681699752807617]",,,,,,10.107762098312378,81.64074277877808
fing_x_face,15,0.001,li_V>face_G>ri_V,3,LR-P1-N2,GP,boot,300,True,0.0006032636563810213,0.027131782945736434,0.0006435006435006435,0.03474903474903475,1.1891891891891893,2.2193588937774984,"[[27.000001907348633, 5.000000476837158], [75.48137664794922, 64.82164001464844], 30.000001907348633]",,,,,,10.107762098312378,81.64074277877808
fing_x_face,15,0.001,li_V>face_G>ri_V,3,HYP,GP,boot,300,False,,,,,,,,,,,,,10.107762098312378,81.64074277877808
fing_x_face,15,0.001,li_V>face_G>ri_V,3,S1-Marcialis,rule,boot,300,True,0.0005731004735619702,0.023255813953488372,0.0006135703810122415,0.019305019305019305,1.3243243243243243,2.534913651192721,"[[34.000003814697266, 5.0], [75.97413635253906, 64.80564880371094], 26.0]",,,,,,10.107762098312378,81.64074277877808
fing_x_face,15,0.001,li_V>face_G>ri_V,3,S2-Symmetric,rule,boot,300,True,0.0005731004735619702,0.023255813953488372,0.0006135703810122415,0.019305019305019305,1.3243243243243243,2.534913651192721,"[[34.000003814697266, 5.0], [75.97413635253906, 64.80564880371094], 26.0]",,,,,,10.107762098312378,81.64074277877808
fing_x_face,15,0.001,li_V>face_G>ri_V,3,S3-SPRT,rule,boot,300,True,0.0005881820649714958,0.015503875968992248,0.0004040585435934273,0.011583011583011582,1.2895752895752897,2.0930980814701745,"[[6.2729963319908855, -3.492104330604506], [6.2729963319908855, -3.492104330604506], 1.476638730019699]",,,,,,10.107762098312378,81.64074277877808
fing_x_face,15,0.001,li_V>face_G>ri_V,3,S4-Direct,rule,boot,300,True,0.0006334268392000724,0.007751937984496124,0.0003890934123492263,0.023166023166023165,1.308880308880309,2.231705127053964,"[[34.000003814697266, 4.000000476837158], [75.34730529785156, 66.20941925048828], 27.0]",,,,,,10.107762098312378,81.64074277877808
fing_x_face,15,0.001,li_V>ri_V>face_C,3,LR-P1-N2,GP,boot,300,True,0.0006183452477905468,0.027131782945736434,0.0008979078746520607,0.04247104247104247,1.193050193050193,2.0042650624045972,"[[27.000001907348633, 5.000000476837158], [31.000001907348633, 6.000000476837158], 0.648169994354248]",,,,,,10.107762098312378,81.64074277877808
fing_x_face,15,0.001,li_V>ri_V>face_C,3,HYP,GP,boot,300,False,,,,,,,,,,,,,10.107762098312378,81.64074277877808
fing_x_face,15,0.001,li_V>ri_V>face_C,3,S1-Marcialis,rule,boot,300,True,0.0005731004735619702,0.003875968992248062,0.0008979078746520607,0.02702702702702703,1.3281853281853282,2.6671605159977254,"[[34.000003814697266, 5.0], [37.000003814697266, 3.0], 0.6461099982261658]",,,,,,10.107762098312378,81.64074277877808
fing_x_face,15,0.001,li_V>ri_V>face_C,3,S2-Symmetric,rule,boot,300,True,0.0005731004735619702,0.003875968992248062,0.0008979078746520607,0.02702702702702703,1.3281853281853282,2.6671605159977254,"[[34.000003814697266, 5.0], [37.000003814697266, 3.0], 0.6461099982261658]",,,,,,10.107762098312378,81.64074277877808
fing_x_face,15,0.001,li_V>ri_V>face_C,3,S3-SPRT,rule,boot,300,True,0.0005429372907429192,0.04263565891472868,0.0003890934123492263,0.019305019305019305,1.2857142857142858,2.056643021759301,"[[6.2729963319908855, -3.492104330604506], [6.2729963319908855, -3.492104330604506], 1.5165105102891374]",,,,,,10.107762098312378,81.64074277877808
fing_x_face,15,0.001,li_V>ri_V>face_C,3,S4-Direct,rule,boot,300,True,0.0006183452477905468,0.003875968992248062,0.0008979078746520607,0.023166023166023165,1.3127413127413128,2.6297027924934904,"[[34.000003814697266, 4.000000476837158], [29.000001907348633, 3.000000238418579], 0.649869978427887]",,,,,,10.107762098312378,81.64074277877808
fing_x_face,15,0.001,li_V>ri_V>face_G,3,LR-P1-N2,GP,boot,300,True,0.0005127741079238681,0.03488372093023256,0.0006285355122564425,0.03861003861003861,1.193050193050193,2.0042650624045972,"[[27.000001907348633, 5.000000476837158], [31.000001907348633, 6.000000476837158], 75.1910400390625]",,,,,,10.107762098312378,81.64074277877808
fing_x_face,15,0.001,li_V>ri_V>face_G,3,HYP,GP,boot,300,False,,,,,,,,,,,,,10.107762098312378,81.64074277877808
fing_x_face,15,0.001,li_V>ri_V>face_G,3,S1-Marcialis,rule,boot,300,True,0.0006032636563810213,0.011627906976744186,0.0006734309059890455,0.023166023166023165,1.3281853281853282,2.6671605159977254,"[[34.000003814697266, 5.0], [37.000003814697266, 3.0], 75.03880310058594]",,,,,,10.107762098312378,81.64074277877808
fing_x_face,15,0.001,li_V>ri_V>face_G,3,S2-Symmetric,rule,boot,300,True,0.0006032636563810213,0.011627906976744186,0.0006734309059890455,0.023166023166023165,1.3281853281853282,2.6671605159977254,"[[34.000003814697266, 5.0], [37.000003814697266, 3.0], 75.03880310058594]",,,,,,10.107762098312378,81.64074277877808
fing_x_face,15,0.001,li_V>ri_V>face_G,3,S3-SPRT,rule,boot,300,True,0.0005731004735619702,0.03875968992248062,0.00044895393732603036,0.019305019305019305,1.2857142857142858,2.056643021759301,"[[6.2729963319908855, -3.492104330604506], [6.2729963319908855, -3.492104330604506], 1.5031151263722577]",,,,,,10.107762098312378,81.64074277877808
fing_x_face,15,0.001,li_V>ri_V>face_G,3,S4-Direct,rule,boot,300,True,0.0006032636563810213,0.015503875968992248,0.0007183262997216486,0.023166023166023165,1.3281853281853282,2.629852443805932,"[[34.000003814697266, 4.000000476837158], [37.000003814697266, 3.000000238418579], 75.01026916503906]",,,,,,10.107762098312378,81.64074277877808
fing_x_face,15,0.001,ri_V>face_C>face_G,3,LR-P1-N2,GP,boot,300,True,0.0006183452477905468,0.011627906976744186,0.0006435006435006435,0.023166023166023165,1.1505791505791505,2.2249708179940737,"[[29.000001907348633, 3.000000238418579], [0.6626900434494019, 0.5458400845527649], 75.4919662475586]",,,,,,10.107762098312378,81.64074277877808
fing_x_face,15,0.001,ri_V>face_C>face_G,3,HYP,GP,boot,300,False,,,,,,,,,,,,,10.107762098312378,81.64074277877808
fing_x_face,15,0.001,ri_V>face_C>face_G,3,S1-Marcialis,rule,boot,300,True,0.0006032636563810213,0.027131782945736434,0.0005836401185238395,0.03474903474903475,1.223938223938224,2.9829098201191226,"[[37.000003814697266, 3.0], [0.7040700316429138, -1.0], 75.13629150390625]",,,,,,10.107762098312378,81.64074277877808
fing_x_face,15,0.001,ri_V>face_C>face_G,3,S2-Symmetric,rule,boot,300,True,0.0006032636563810213,0.027131782945736434,0.0005836401185238395,0.03474903474903475,1.223938223938224,2.9829098201191226,"[[37.000003814697266, 3.0], [0.7040700316429138, -1.0], 75.13629150390625]",,,,,,10.107762098312378,81.64074277877808
fing_x_face,15,0.001,ri_V>face_C>face_G,3,S3-SPRT,rule,boot,300,True,0.0006032636563810213,0.003875968992248062,0.0008081170871868546,0.007722007722007722,1.166023166023166,2.0910927538834514,"[[5.7482803109328735, -4.039053560564637], [5.7482803109328735, -4.039053560564637], 3.018501345822565]",,,,,,10.107762098312378,81.64074277877808
fing_x_face,15,0.001,ri_V>face_C>face_G,3,S4-Direct,rule,boot,300,True,0.000678671613428649,0.007751937984496124,0.0007931519559426536,0.015444015444015444,1.1505791505791505,1.9837029720750652,"[[28.000001907348633, 3.000000238418579], [0.6726200580596924, 0.5877300500869751], 75.00865936279297]",,,,,,10.107762098312378,81.64074277877808
fing_x_face,15,0.001,ri_V>face_C>li_V,3,LR-P1-N2,GP,boot,300,True,0.0005731004735619702,0.007751937984496124,0.0007632216934542516,0.023166023166023165,1.1505791505791505,2.8801143336027057,"[[29.000001907348633, 3.000000238418579], [0.6592500805854797, -Infinity], 30.000001907348633]",,,,,,10.107762098312378,81.64074277877808
fing_x_face,15,0.001,ri_V>face_C>li_V,3,HYP,GP,boot,300,False,,,,,,,,,,,,,10.107762098312378,81.64074277877808
fing_x_face,15,0.001,ri_V>face_C>li_V,3,S1-Marcialis,rule,boot,300,True,0.0004222845594667149,0.015503875968992248,0.0005387447247912364,0.03474903474903475,1.223938223938224,2.9829098201191226,"[[37.000003814697266, 3.0], [0.7040700316429138, -1.0], 27.0]",,,,,,10.107762098312378,81.64074277877808
fing_x_face,15,0.001,ri_V>face_C>li_V,3,S2-Symmetric,rule,boot,300,True,0.0004222845594667149,0.015503875968992248,0.0005387447247912364,0.03474903474903475,1.223938223938224,2.9829098201191226,"[[37.000003814697266, 3.0], [0.7040700316429138, -1.0], 27.0]",,,,,,10.107762098312378,81.64074277877808
fing_x_face,15,0.001,ri_V>face_C>li_V,3,S3-SPRT,rule,boot,300,True,0.0005429372907429192,0.007751937984496124,0.00046391906857023134,0.011583011583011582,1.166023166023166,2.0910927538834514,"[[5.7482803109328735, -4.039053560564637], [5.7482803109328735, -4.039053560564637], 1.5575242336994435]",,,,,,10.107762098312378,81.64074277877808
fing_x_face,15,0.001,ri_V>face_C>li_V,3,S4-Direct,rule,boot,300,False,,,,,,,,,,,,,10.107762098312378,81.64074277877808
fing_x_face,15,0.001,ri_V>face_G>face_C,3,LR-P1-N2,GP,boot,300,True,0.0006485084306095979,0.011627906976744186,0.0006734309059890455,0.023166023166023165,1.138996138996139,2.306051899075155,"[[28.000001907348633, 3.000000238418579], [75.58229064941406, 66.49095916748047], 0.6626899838447571]",,,,,,10.107762098312378,81.64074277877808
fing_x_face,15,0.001,ri_V>face_G>face_C,3,HYP,GP,boot,300,False,,,,,,,,,,,,,10.107762098312378,81.64074277877808
fing_x_face,15,0.001,ri_V>face_G>face_C,3,S1-Marcialis,rule,boot,300,True,0.0005580188821524447,0.007751937984496124,0.0009876986621172668,0.02702702702702703,1.193050193050193,2.822588369099997,"[[37.000003814697266, 3.0], [75.97413635253906, 64.80564880371094], 0.6465499997138977]",,,,,,10.107762098312378,81.64074277877808
fing_x_face,15,0.001,ri_V>face_G>face_C,3,S2-Symmetric,rule,boot,300,True,0.0005580188821524447,0.007751937984496124,0.0009876986621172668,0.02702702702702703,1.193050193050193,2.822588369099997,"[[37.000003814697266, 3.0], [75.97413635253906, 64.80564880371094], 0.6465499997138977]",,,,,,10.107762098312378,81.64074277877808
fing_x_face,15,0.001,ri_V>face_G>face_C,3,S3-SPRT,rule,boot,300,True,0.0006032636563810213,0.007751937984496124,0.0008081170871868546,0.007722007722007722,1.162162162162162,2.098919517524169,"[[5.7482803109328735, -4.039053560564637], [5.7482803109328735, -4.039053560564637], 3.018501345822565]",,,,,,10.107762098312378,81.64074277877808
fing_x_face,15,0.001,ri_V>face_G>face_C,3,S4-Direct,rule,boot,300,True,0.0006334268392000724,0.011627906976744186,0.0005237795935470355,0.02702702702702703,1.138996138996139,2.388824039986831,"[[28.000001907348633, 3.000000238418579], [75.34730529785156, 66.20941925048828], 0.6979799866676331]",,,,,,10.107762098312378,81.64074277877808
fing_x_face,15,0.001,ri_V>face_G>li_V,3,LR-P1-N2,GP,boot,300,True,0.0005580188821524447,0.011627906976744186,0.0005237795935470355,0.023166023166023165,1.138996138996139,2.726033342312412,"[[28.000001907348633, 3.000000238418579], [75.49197387695312, 64.82164001464844], 30.000001907348633]",,,,,,10.107762098312378,81.64074277877808
fing_x_face,15,0.001,ri_V>face_G>li_V,3,HYP,GP,boot,300,False,,,,,,,,,,,,,10.107762098312378,81.64074277877808
fing_x_face,15,0.001,ri_V>face_G>li_V,3,S1-Marcialis,rule,boot,300,True,0.0005580188821524447,0.027131782945736434,0.0005836401185238395,0.019305019305019305,1.193050193050193,2.822588369099997,"[[37.000003814697266, 3.0], [75.97413635253906, 64.80564880371094], 26.0]",,,,,,10.107762098312378,81.64074277877808
fing_x_face,15,0.001,ri_V>face_G>li_V,3,S2-Symmetric,rule,boot,300,True,0.0005580188821524447,0.027131782945736434,0.0005836401185238395,0.019305019305019305,1.193050193050193,2.822588369099997,"[[37.000003814697266, 3.0], [75.97413635253906, 64.80564880371094], 26.0]",,,,,,10.107762098312378,81.64074277877808
fing_x_face,15,0.001,ri_V>face_G>li_V,3,S3-SPRT,rule,boot,300,True,0.0005731004735619702,0.011627906976744186,0.00044895393732603036,0.011583011583011582,1.162162162162162,2.098919517524169,"[[5.7482803109328735, -4.039053560564637], [5.7482803109328735, -4.039053560564637], 1.5031151263722577]",,,,,,10.107762098312378,81.64074277877808
fing_x_face,15,0.001,ri_V>face_G>li_V,3,S4-Direct,rule,boot,300,True,0.0006032636563810213,0.011627906976744186,0.0005387447247912364,0.023166023166023165,1.1428571428571428,2.3888988656430516,"[[29.000001907348633, 3.000000238418579], [75.34730529785156, 66.20941925048828], 29.0]",,,,,,10.107762098312378,81.64074277877808
fing_x_face,15,0.001,ri_V>li_V>face_C,3,LR-P1-N2,GP,boot,300,True,0.0005731004735619702,0.031007751937984496,0.0006435006435006435,0.03474903474903475,1.1505791505791505,2.1750471401634193,"[[28.000001907348633, 3.000000238418579], [31.000001907348633, 8.000000953674316], 0.6461100578308105]",,,,,,10.107762098312378,81.64074277877808
fing_x_face,15,0.001,ri_V>li_V>face_C,3,HYP,GP,boot,300,False,,,,,,,,,,,,,10.107762098312378,81.64074277877808
fing_x_face,15,0.001,ri_V>li_V>face_C,3,S1-Marcialis,rule,boot,300,True,0.0005731004735619702,0.003875968992248062,0.0008979078746520607,0.02702702702702703,1.2316602316602316,2.82234892700009,"[[37.000003814697266, 3.0], [34.000003814697266, 5.0], 0.6461099982261658]",,,,,,10.107762098312378,81.64074277877808
fing_x_face,15,0.001,ri_V>li_V>face_C,3,S2-Symmetric,rule,boot,300,True,0.0005731004735619702,0.003875968992248062,0.0008979078746520607,0.02702702702702703,1.2316602316602316,2.82234892700009,"[[37.000003814697266, 3.0], [34.000003814697266, 5.0], 0.6461099982261658]",,,,,,10.107762098312378,81.64074277877808
fing_x_face,15,0.001,ri_V>li_V>face_C,3,S3-SPRT,rule,boot,300,True,0.0005429372907429192,0.03488372093023256,0.00044895393732603036,0.019305019305019305,1.1814671814671815,2.083685013917572,"[[5.7482803109328735, -4.039053560564637], [5.7482803109328735, -4.039053560564637], 1.5410915001555354]",,,,,,10.107762098312378,81.64074277877808
fing_x_face,15,0.001,ri_V>li_V>face_C,3,S4-Direct,rule,boot,300,True,0.0006183452477905468,0.003875968992248062,0.0008979078746520607,0.023166023166023165,1.1814671814671815,2.733695489509443,"[[29.000001907348633, 3.000000238418579], [34.000003814697266, 4.000000476837158], 0.649869978427887]",,,,,,10.107762098312378,81.64074277877808
fing_x_face,15,0.001,ri_V>li_V>face_G,3,LR-P1-N2,GP,boot,300,True,0.000452447742285766,0.031007751937984496,0.0005537098560354374,0.03474903474903475,1.1505791505791505,2.1750471401634193,"[[28.000001907348633, 3.000000238418579], [31.000001907348633, 8.000000953674316], 75.13900756835938]",,,,,,10.107762098312378,81.64074277877808
fing_x_face,15,0.001,ri_V>li_V>face_G,3,HYP,GP,boot,300,False,,,,,,,,,,,,,10.107762098312378,81.64074277877808
fing_x_face,15,0.001,ri_V>li_V>face_G,3,S1-Marcialis,rule,boot,300,True,0.0006032636563810213,0.011627906976744186,0.0006734309059890455,0.023166023166023165,1.2316602316602316,2.82234892700009,"[[37.000003814697266, 3.0], [34.000003814697266, 5.0], 75.03880310058594]",,,,,,10.107762098312378,81.64074277877808
fing_x_face,15,0.001,ri_V>li_V>face_G,3,S2-Symmetric,rule,boot,300,True,0.0006032636563810213,0.011627906976744186,0.0006734309059890455,0.023166023166023165,1.2316602316602316,2.82234892700009,"[[37.000003814697266, 3.0], [34.000003814697266, 5.0], 75.03880310058594]",,,,,,10.107762098312378,81.64074277877808
fing_x_face,15,0.001,ri_V>li_V>face_G,3,S3-SPRT,rule,boot,300,True,0.0005731004735619702,0.031007751937984496,0.00047888419981443237,0.019305019305019305,1.1814671814671815,2.083685013917572,"[[5.7482803109328735, -4.039053560564637], [5.7482803109328735, -4.039053560564637], 1.5031151263722577]",,,,,,10.107762098312378,81.64074277877808
fing_x_face,15,0.001,ri_V>li_V>face_G,3,S4-Direct,rule,boot,300,True,0.0006032636563810213,0.015503875968992248,0.0007183262997216486,0.023166023166023165,1.2316602316602316,2.733994792134327,"[[37.000003814697266, 3.000000238418579], [34.000003814697266, 4.000000476837158], 75.01026916503906]",,,,,,10.107762098312378,81.64074277877808
fing_x_face,15,0.001,face_C>face_G>li_V>ri_V,4,LR-P1-N2,GP,boot,300,True,0.0006032636563810213,0.007751937984496124,0.0009727335308730657,0.011583011583011582,1.3166023166023166,3.386923468318817,"[[0.6477900743484497, -Infinity], [75.747314453125, 64.82164001464844], [34.000003814697266, 5.000000476837158], 37.0]",,,,,,10.107762098312378,81.64074277877808
fing_x_face,15,0.001,face_C>face_G>li_V>ri_V,4,HYP,GP,boot,300,False,,,,,,,,,,,,,10.107762098312378,81.64074277877808
fing_x_face,15,0.001,face_C>face_G>li_V>ri_V,4,S1-Marcialis,rule,boot,300,True,0.0005731004735619702,0.007751937984496124,0.0006435006435006435,0.015444015444015444,1.803088803088803,3.536993804435665,"[[0.7040700316429138, -1.0], [75.97413635253906, 64.80564880371094], [34.000003814697266, 5.0], 26.0]",,,,,,10.107762098312378,81.64074277877808
fing_x_face,15,0.001,face_C>face_G>li_V>ri_V,4,S2-Symmetric,rule,boot,300,True,0.0005731004735619702,0.007751937984496124,0.0006435006435006435,0.015444015444015444,1.803088803088803,3.536993804435665,"[[0.7040700316429138, -1.0], [75.97413635253906, 64.80564880371094], [34.000003814697266, 5.0], 26.0]",,,,,,10.107762098312378,81.64074277877808
fing_x_face,15,0.001,face_C>face_G>li_V>ri_V,4,S3-SPRT,rule,boot,300,True,0.0005881820649714958,0.031007751937984496,0.0005387447247912364,0.011583011583011582,1.579150579150579,1.5333872078058124,"[[7.984934979273018, -3.058328027546358], [7.984934979273018, -3.058328027546358], [7.984934979273018, -3.058328027546358], 1.4238001413053003]",,,,,,10.107762098312378,81.64074277877808
fing_x_face,15,0.001,face_C>face_G>li_V>ri_V,4,S4-Direct,rule,boot,300,True,0.0006334268392000724,0.003875968992248062,0.0010774894495824729,0.011583011583011582,1.332046332046332,3.597842028074586,"[[0.6503000855445862, 0.4826200306415558], [75.97413635253906, 63.05667495727539], [34.000003814697266, 4.000000476837158], 29.0]",,,,,,10.107762098312378,81.64074277877808
fing_x_face,15,0.001,face_C>face_G>ri_V>li_V,4,LR-P1-N2,GP,boot,300,False,,,,,,,,,,,,,10.107762098312378,81.64074277877808
fing_x_face,15,0.001,face_C>face_G>ri_V>li_V,4,HYP,GP,boot,300,False,,,,,,,,,,,,,10.107762098312378,81.64074277877808
fing_x_face,15,0.001,face_C>face_G>ri_V>li_V,4,S1-Marcialis,rule,boot,300,True,0.0005580188821524447,0.011627906976744186,0.0006135703810122415,0.011583011583011582,1.7722007722007722,3.6694801113405764,"[[0.7040700316429138, -1.0], [75.97413635253906, 64.80564880371094], [37.000003814697266, 3.0], 26.0]",,,,,,10.107762098312378,81.64074277877808
fing_x_face,15,0.001,face_C>face_G>ri_V>li_V,4,S2-Symmetric,rule,boot,300,True,0.0005580188821524447,0.011627906976744186,0.0006135703810122415,0.011583011583011582,1.7722007722007722,3.6694801113405764,"[[0.7040700316429138, -1.0], [75.97413635253906, 64.80564880371094], [37.000003814697266, 3.0], 26.0]",,,,,,10.107762098312378,81.64074277877808
fing_x_face,15,0.001,face_C>face_G>ri_V>li_V,4,S3-SPRT,rule,boot,300,True,0.0005881820649714958,0.027131782945736434,0.0005387447247912364,0.011583011583011582,1.5675675675675675,1.5292119361886805,"[[7.984934979273018, -3.058328027546358], [7.984934979273018, -3.058328027546358], [7.984934979273018, -3.058328027546358], 1.4514726724152827]",,,,,,10.107762098312378,81.64074277877808
fing_x_face,15,0.001,face_C>face_G>ri_V>li_V,4,S4-Direct,rule,boot,300,True,0.0006334268392000724,0.003875968992248062,0.0010774894495824729,0.007722007722007722,1.3166023166023166,3.2689533387207805,"[[0.6503000855445862, 0.4826200306415558], [75.97413635253906, 63.05667495727539], [29.000001907348633, 6.000000476837158], 32.0]",,,,,,10.107762098312378,81.64074277877808
fing_x_face,15,0.001,face_C>li_V>face_G>ri_V,4,LR-P1-N2,GP,boot,300,False,,,,,,,,,,,,,10.107762098312378,81.64074277877808
fing_x_face,15,0.001,face_C>li_V>face_G>ri_V,4,HYP,GP,boot,300,False,,,,,,,,,,,,,10.107762098312378,81.64074277877808
fing_x_face,15,0.001,face_C>li_V>face_G>ri_V,4,S1-Marcialis,rule,boot,300,True,0.0005731004735619702,0.007751937984496124,0.0006435006435006435,0.015444015444015444,1.6216216216216217,3.5348238604052558,"[[0.7040700316429138, -1.0], [34.000003814697266, 5.0], [75.97413635253906, 64.80564880371094], 26.0]",,,,,,10.107762098312378,81.64074277877808
fing_x_face,15,0.001,face_C>li_V>face_G>ri_V,4,S2-Symmetric,rule,boot,300,True,0.0005731004735619702,0.007751937984496124,0.0006435006435006435,0.015444015444015444,1.6216216216216217,3.5348238604052558,"[[0.7040700316429138, -1.0], [34.000003814697266, 5.0], [75.97413635253906, 64.80564880371094], 26.0]",,,,,,10.107762098312378,81.64074277877808
fing_x_face,15,0.001,face_C>li_V>face_G>ri_V,4,S3-SPRT,rule,boot,300,True,0.0005881820649714958,0.011627906976744186,0.0005387447247912364,0.011583011583011582,1.4594594594594594,1.497096764538625,"[[7.984934979273018, -3.058328027546358], [7.984934979273018, -3.058328027546358], [7.984934979273018, -3.058328027546358], 1.4238001413053003]",,,,,,10.107762098312378,81.64074277877808
fing_x_face,15,0.001,face_C>li_V>face_G>ri_V,4,S4-Direct,rule,boot,300,True,0.0006183452477905468,0.007751937984496124,0.0010625243183382718,0.011583011583011582,1.2432432432432432,3.1203645505971087,"[[0.6503000855445862, 0.4826200306415558], [34.000003814697266, 4.000000476837158], [75.43048858642578, 66.20941925048828], 33.0]",,,,,,10.107762098312378,81.64074277877808
fing_x_face,15,0.001,face_C>li_V>ri_V>face_G,4,LR-P1-N2,GP,boot,300,False,,,,,,,,,,,,,10.107762098312378,81.64074277877808
fing_x_face,15,0.001,face_C>li_V>ri_V>face_G,4,HYP,GP,boot,300,False,,,,,,,,,,,,,10.107762098312378,81.64074277877808
fing_x_face,15,0.001,face_C>li_V>ri_V>face_G,4,S1-Marcialis,rule,boot,300,True,0.0006032636563810213,0.007751937984496124,0.0007033611684774476,0.015444015444015444,1.5907335907335907,3.66707072521026,"[[0.7040700316429138, -1.0], [34.000003814697266, 5.0], [37.000003814697266, 3.0], 75.03880310058594]",,,,,,10.107762098312378,81.64074277877808
fing_x_face,15,0.001,face_C>li_V>ri_V>face_G,4,S2-Symmetric,rule,boot,300,True,0.0006032636563810213,0.007751937984496124,0.0007033611684774476,0.015444015444015444,1.5907335907335907,3.66707072521026,"[[0.7040700316429138, -1.0], [34.000003814697266, 5.0], [37.000003814697266, 3.0], 75.03880310058594]",,,,,,10.107762098312378,81.64074277877808
fing_x_face,15,0.001,face_C>li_V>ri_V>face_G,4,S3-SPRT,rule,boot,300,True,0.0005881820649714958,0.007751937984496124,0.0005237795935470355,0.011583011583011582,1.4555984555984556,1.4851695549369968,"[[7.984934979273018, -3.058328027546358], [7.984934979273018, -3.058328027546358], [7.984934979273018, -3.058328027546358], 1.3630455853539871]",,,,,,10.107762098312378,81.64074277877808
fing_x_face,15,0.001,face_C>li_V>ri_V>face_G,4,S4-Direct,rule,boot,300,True,0.0006334268392000724,0.003875968992248062,0.0010026637933614679,0.011583011583011582,1.2277992277992278,3.1275178833318367,"[[0.6503000855445862, 0.4826200306415558], [34.000003814697266, 4.000000476837158], [29.000001907348633, 6.000000476837158], 75.91118621826172]",,,,,,10.107762098312378,81.64074277877808
fing_x_face,15,0.001,face_C>ri_V>face_G>li_V,4,LR-P1-N2,GP,boot,300,True,0.0005881820649714958,0.003875968992248062,0.0010026637933614679,0.011583011583011582,1.2123552123552124,3.7238334680195146,"[[0.6477900743484497, -Infinity], [33.000003814697266, 3.000000238418579], [75.94683074951172, 64.82164001464844], 33.000003814697266]",,,,,,10.107762098312378,81.64074277877808
fing_x_face,15,0.001,face_C>ri_V>face_G>li_V,4,HYP,GP,boot,300,False,,,,,,,,,,,,,10.107762098312378,81.64074277877808
fing_x_face,15,0.001,face_C>ri_V>face_G>li_V,4,S1-Marcialis,rule,boot,300,True,0.0005580188821524447,0.011627906976744186,0.0006135703810122415,0.011583011583011582,1.5482625482625483,3.8224985783125316,"[[0.7040700316429138, -1.0], [37.000003814697266, 3.0], [75.97413635253906, 64.80564880371094], 26.0]",,,,,,10.107762098312378,81.64074277877808
fing_x_face,15,0.001,face_C>ri_V>face_G>li_V,4,S2-Symmetric,rule,boot,300,True,0.0005580188821524447,0.011627906976744186,0.0006135703810122415,0.011583011583011582,1.5482625482625483,3.8224985783125316,"[[0.7040700316429138, -1.0], [37.000003814697266, 3.0], [75.97413635253906, 64.80564880371094], 26.0]",,,,,,10.107762098312378,81.64074277877808
fing_x_face,15,0.001,face_C>ri_V>face_G>li_V,4,S3-SPRT,rule,boot,300,True,0.0005881820649714958,0.003875968992248062,0.0005387447247912364,0.011583011583011582,1.4324324324324325,1.4798868636077938,"[[7.984934979273018, -3.058328027546358], [7.984934979273018, -3.058328027546358], [7.984934979273018, -3.058328027546358], 1.4238001413053]",,,,,,10.107762098312378,81.64074277877808
fing_x_face,15,0.001,face_C>ri_V>face_G>li_V,4,S4-Direct,rule,boot,300,False,,,,,,,,,,,,,10.107762098312378,81.64074277877808
fing_x_face,15,0.001,face_C>ri_V>li_V>face_G,4,LR-P1-N2,GP,boot,300,True,0.0005881820649714958,0.007751937984496124,0.0010325940558498698,0.015444015444015444,1.196911196911197,3.0177486456556224,"[[0.6470900774002075, -0.9999999403953552], [33.000003814697266, 3.000000238418579], [34.000003814697266, 11.000000953674316], 75.96874237060547]",,,,,,10.107762098312378,81.64074277877808
fing_x_face,15,0.001,face_C>ri_V>li_V>face_G,4,HYP,GP,boot,300,False,,,,,,,,,,,,,10.107762098312378,81.64074277877808
fing_x_face,15,0.001,face_C>ri_V>li_V>face_G,4,S1-Marcialis,rule,boot,300,True,0.0006032636563810213,0.007751937984496124,0.0007033611684774476,0.015444015444015444,1.5482625482625483,3.8222591362126246,"[[0.7040700316429138, -1.0], [37.000003814697266, 3.0], [34.000003814697266, 5.0], 75.03880310058594]",,,,,,10.107762098312378,81.64074277877808
fing_x_face,15,0.001,face_C>ri_V>li_V>face_G,4,S2-Symmetric,rule,boot,300,True,0.0006032636563810213,0.007751937984496124,0.0007033611684774476,0.015444015444015444,1.5482625482625483,3.8222591362126246,"[[0.7040700316429138, -1.0], [37.000003814697266, 3.0], [34.000003814697266, 5.0], 75.03880310058594]",,,,,,10.107762098312378,81.64074277877808
fing_x_face,15,0.001,face_C>ri_V>li_V>face_G,4,S3-SPRT,rule,boot,300,True,0.0005731004735619702,0.003875968992248062,0.0005088144623028344,0.011583011583011582,1.444015444015444,1.4718805183921464,"[[7.984934979273018, -3.058328027546358], [7.984934979273018, -3.058328027546358], [7.984934979273018, -3.058328027546358], 1.4149951080705048]",,,,,,10.107762098312378,81.64074277877808
fing_x_face,15,0.001,face_C>ri_V>li_V>face_G,4,S4-Direct,rule,boot,300,False,,,,,,,,,,,,,10.107762098312378,81.64074277877808
fing_x_face,15,0.001,face_G>face_C>li_V>ri_V,4,LR-P1-N2,GP,boot,300,False,,,,,,,,,,,,,10.107762098312378,81.64074277877808
fing_x_face,15,0.001,face_G>face_C>li_V>ri_V,4,HYP,GP,boot,300,False,,,,,,,,,,,,,10.107762098312378,81.64074277877808
fing_x_face,15,0.001,face_G>face_C>li_V>ri_V,4,S1-Marcialis,rule,boot,300,True,0.0005731004735619702,0.007751937984496124,0.0006435006435006435,0.015444015444015444,1.7065637065637065,3.3754751429170033,"[[75.97413635253906, 64.80564880371094], [0.7040700316429138, -1.0], [34.000003814697266, 5.0], 26.0]",,,,,,10.107762098312378,81.64074277877808
fing_x_face,15,0.001,face_G>face_C>li_V>ri_V,4,S2-Symmetric,rule,boot,300,True,0.0005731004735619702,0.007751937984496124,0.0006435006435006435,0.015444015444015444,1.7065637065637065,3.3754751429170033,"[[75.97413635253906, 64.80564880371094], [0.7040700316429138, -1.0], [34.000003814697266, 5.0], 26.0]",,,,,,10.107762098312378,81.64074277877808
fing_x_face,15,0.001,face_G>face_C>li_V>ri_V,4,S3-SPRT,rule,boot,300,True,0.0005731004735619702,0.027131782945736434,0.0007931519559426536,0.007722007722007722,1.471042471042471,2.0098620214899285,"[[6.1501779305154045, -3.1177294608641115], [6.1501779305154045, -3.1177294608641115], [6.1501779305154045, -3.1177294608641115], 2.0336666335640894]",,,,,,10.107762098312378,81.64074277877808
fing_x_face,15,0.001,face_G>face_C>li_V>ri_V,4,S4-Direct,rule,boot,300,True,0.0006334268392000724,0.0,0.0010774894495824729,0.011583011583011582,1.5096525096525097,3.6034988476848944,"[[75.97413635253906, 63.05667495727539], [0.6503000855445862, 0.4826200306415558], [34.000003814697266, 4.000000476837158], 29.0]",,,,,,10.107762098312378,81.64074277877808
fing_x_face,15,0.001,face_G>face_C>ri_V>li_V,4,LR-P1-N2,GP,boot,300,True,0.0006183452477905468,0.011627906976744186,0.0006435006435006435,0.015444015444015444,1.444015444015444,3.456511328604352,"[[75.32247924804688, 64.82164001464844], [0.6626900434494019, -Infinity], [35.000003814697266, 3.000000238418579], 34.000003814697266]",,,,,,10.107762098312378,81.64074277877808
fing_x_face,15,0.001,face_G>face_C>ri_V>li_V,4,HYP,GP,boot,300,False,,,,,,,,,,,,,10.107762098312378,81.64074277877808
fing_x_face,15,0.001,face_G>face_C>ri_V>li_V,4,S1-Marcialis,rule,boot,300,True,0.0005580188821524447,0.011627906976744186,0.0006135703810122415,0.011583011583011582,1.6756756756756757,3.507961449821915,"[[75.97413635253906, 64.80564880371094], [0.7040700316429138, -1.0], [37.000003814697266, 3.0], 26.0]",,,,,,10.107762098312378,81.64074277877808
fing_x_face,15,0.001,face_G>face_C>ri_V>li_V,4,S2-Symmetric,rule,boot,300,True,0.0005580188821524447,0.011627906976744186,0.0006135703810122415,0.011583011583011582,1.6756756756756757,3.507961449821915,"[[75.97413635253906, 64.80564880371094], [0.7040700316429138, -1.0], [37.000003814697266, 3.0], 26.0]",,,,,,10.107762098312378,81.64074277877808
fing_x_face,15,0.001,face_G>face_C>ri_V>li_V,4,S3-SPRT,rule,boot,300,True,0.0005731004735619702,0.023255813953488372,0.0007931519559426536,0.007722007722007722,1.4633204633204633,2.005567028822843,"[[6.1501779305154045, -3.1177294608641115], [6.1501779305154045, -3.1177294608641115], [6.1501779305154045, -3.1177294608641115], 2.0336666335640894]",,,,,,10.107762098312378,81.64074277877808
fing_x_face,15,0.001,face_G>face_C>ri_V>li_V,4,S4-Direct,rule,boot,300,True,0.0006334268392000724,0.0,0.0010774894495824729,0.007722007722007722,1.494208494208494,3.2746101583310887,"[[75.97413635253906, 63.05667495727539], [0.6503000855445862, 0.4826200306415558], [29.000001907348633, 6.000000476837158], 32.0]",,,,,,10.107762098312378,81.64074277877808
fing_x_face,15,0.001,face_G>li_V>face_C>ri_V,4,LR-P1-N2,GP,boot,300,True,0.0006183452477905468,0.011627906976744186,0.0006734309059890455,0.019305019305019305,1.332046332046332,2.9413217203914876,"[[75.13900756835938, 64.82164001464844], [32.000003814697266, 5.000000476837158], [0.6726200580596924, -Infinity], 37.0]",,,,,,10.107762098312378,81.64074277877808
fing_x_face,15,0.001,face_G>li_V>face_C>ri_V,4,HYP,GP,boot,300,False,,,,,,,,,,,,,10.107762098312378,81.64074277877808
fing_x_face,15,0.001,face_G>li_V>face_C>ri_V,4,S1-Marcialis,rule,boot,300,True,0.0005731004735619702,0.007751937984496124,0.0006435006435006435,0.015444015444015444,1.4864864864864864,3.235685851964922,"[[75.97413635253906, 64.80564880371094], [34.000003814697266, 5.0], [0.7040700316429138, -1.0], 26.0]",,,,,,10.107762098312378,81.64074277877808
fing_x_face,15,0.001,face_G>li_V>face_C>ri_V,4,S2-Symmetric,rule,boot,300,True,0.0005731004735619702,0.007751937984496124,0.0006435006435006435,0.015444015444015444,1.4864864864864864,3.235685851964922,"[[75.97413635253906, 64.80564880371094], [34.000003814697266, 5.0], [0.7040700316429138, -1.0], 26.0]",,,,,,10.107762098312378,81.64074277877808
fing_x_face,15,0.001,face_G>li_V>face_C>ri_V,4,S3-SPRT,rule,boot,300,True,0.0006032636563810213,0.015503875968992248,0.0005986052497680404,0.003861003861003861,1.393822393822394,1.986531381880219,"[[6.1501779305154045, -3.1177294608641115], [6.1501779305154045, -3.1177294608641115], [6.1501779305154045, -3.1177294608641115], 1.4238001413053003]",,,,,,10.107762098312378,81.64074277877808
fing_x_face,15,0.001,face_G>li_V>face_C>ri_V,4,S4-Direct,rule,boot,300,False,,,,,,,,,,,,,10.107762098312378,81.64074277877808
fing_x_face,15,0.001,face_G>li_V>ri_V>face_C,4,LR-P1-N2,GP,boot,300,False,,,,,,,,,,,,,10.107762098312378,81.64074277877808
fing_x_face,15,0.001,face_G>li_V>ri_V>face_C,4,HYP,GP,boot,300,False,,,,,,,,,,,,,10.107762098312378,81.64074277877808
fing_x_face,15,0.001,face_G>li_V>ri_V>face_C,4,S1-Marcialis,rule,boot,300,True,0.0005731004735619702,0.003875968992248062,0.0009128730058962617,0.011583011583011582,1.444015444015444,3.2312112777229056,"[[75.97413635253906, 64.80564880371094], [34.000003814697266, 5.0], [37.000003814697266, 3.0], 0.6461099982261658]",,,,,,10.107762098312378,81.64074277877808
fing_x_face,15,0.001,face_G>li_V>ri_V>face_C,4,S2-Symmetric,rule,boot,300,True,0.0005731004735619702,0.003875968992248062,0.0009128730058962617,0.011583011583011582,1.444015444015444,3.2312112777229056,"[[75.97413635253906, 64.80564880371094], [34.000003814697266, 5.0], [37.000003814697266, 3.0], 0.6461099982261658]",,,,,,10.107762098312378,81.64074277877808
fing_x_face,15,0.001,face_G>li_V>ri_V>face_C,4,S3-SPRT,rule,boot,300,True,0.0006032636563810213,0.015503875968992248,0.0005237795935470355,0.003861003861003861,1.386100386100386,1.974155218341265,"[[6.1501779305154045, -3.1177294608641115], [6.1501779305154045, -3.1177294608641115], [6.1501779305154045, -3.1177294608641115], 1.3630455853539862]",,,,,,10.107762098312378,81.64074277877808
fing_x_face,15,0.001,face_G>li_V>ri_V>face_C,4,S4-Direct,rule,boot,300,True,0.0006485084306095979,0.0,0.0008230822184310556,0.011583011583011582,1.38996138996139,3.132216934542516,"[[75.57040405273438, 63.05667495727539], [34.000003814697266, 4.000000476837158], [29.000001907348633, 6.000000476837158], 0.648169994354248]",,,,,,10.107762098312378,81.64074277877808
fing_x_face,15,0.001,face_G>ri_V>face_C>li_V,4,LR-P1-N2,GP,boot,300,True,0.0006032636563810213,0.011627906976744186,0.0006883960372332465,0.011583011583011582,1.308880308880309,3.275463170812008,"[[75.19231414794922, 64.82164001464844], [33.000003814697266, 3.000000238418579], [0.6708900332450867, 0.5026400685310364], 32.000003814697266]",,,,,,10.107762098312378,81.64074277877808
fing_x_face,15,0.001,face_G>ri_V>face_C>li_V,4,HYP,GP,boot,300,False,,,,,,,,,,,,,10.107762098312378,81.64074277877808
fing_x_face,15,0.001,face_G>ri_V>face_C>li_V,4,S1-Marcialis,rule,boot,300,True,0.0005580188821524447,0.011627906976744186,0.0006135703810122415,0.011583011583011582,1.420849420849421,3.500658465774745,"[[75.97413635253906, 64.80564880371094], [37.000003814697266, 3.0], [0.7040700316429138, -1.0], 26.0]",,,,,,10.107762098312378,81.64074277877808
fing_x_face,15,0.001,face_G>ri_V>face_C>li_V,4,S2-Symmetric,rule,boot,300,True,0.0005580188821524447,0.011627906976744186,0.0006135703810122415,0.011583011583011582,1.420849420849421,3.500658465774745,"[[75.97413635253906, 64.80564880371094], [37.000003814697266, 3.0], [0.7040700316429138, -1.0], 26.0]",,,,,,10.107762098312378,81.64074277877808
fing_x_face,15,0.001,face_G>ri_V>face_C>li_V,4,S3-SPRT,rule,boot,300,True,0.0005881820649714958,0.007751937984496124,0.0005237795935470355,0.003861003861003861,1.3706563706563706,1.9631857771392656,"[[6.1501779305154045, -3.1177294608641115], [6.1501779305154045, -3.1177294608641115], [6.1501779305154045, -3.1177294608641115], 1.4643201792832123]",,,,,,10.107762098312378,81.64074277877808
fing_x_face,15,0.001,face_G>ri_V>face_C>li_V,4,S4-Direct,rule,boot,300,True,0.0006032636563810213,0.0,0.00047888419981443237,0.019305019305019305,1.3783783783783783,2.102241776660381,"[[75.97413635253906, 63.05667495727539], [28.000001907348633, 9.000000953674316], [0.7040700316429138, 0.6414200663566589], -Infinity]",,,,,,10.107762098312378,81.64074277877808
fing_x_face,15,0.001,face_G>ri_V>li_V>face_C,4,LR-P1-N2,GP,boot,300,True,0.0005881820649714958,0.015503875968992248,0.0005686749872796385,0.019305019305019305,1.2934362934362935,2.7151387267666336,"[[75.1910400390625, 64.82164001464844], [31.000001907348633, 3.000000238418579], [34.000003814697266, 10.000000953674316], 0.6771100163459778]",,,,,,10.107762098312378,81.64074277877808
fing_x_face,15,0.001,face_G>ri_V>li_V>face_C,4,HYP,GP,boot,300,False,,,,,,,,,,,,,10.107762098312378,81.64074277877808
fing_x_face,15,0.001,face_G>ri_V>li_V>face_C,4,S1-Marcialis,rule,boot,300,True,0.0005731004735619702,0.003875968992248062,0.0009128730058962617,0.011583011583011582,1.4092664092664093,3.363697584627817,"[[75.97413635253906, 64.80564880371094], [37.000003814697266, 3.0], [34.000003814697266, 5.0], 0.6461099982261658]",,,,,,10.107762098312378,81.64074277877808
fing_x_face,15,0.001,face_G>ri_V>li_V>face_C,4,S2-Symmetric,rule,boot,300,True,0.0005731004735619702,0.003875968992248062,0.0009128730058962617,0.011583011583011582,1.4092664092664093,3.363697584627817,"[[75.97413635253906, 64.80564880371094], [37.000003814697266, 3.0], [34.000003814697266, 5.0], 0.6461099982261658]",,,,,,10.107762098312378,81.64074277877808
fing_x_face,15,0.001,face_G>ri_V>li_V>face_C,4,S3-SPRT,rule,boot,300,True,0.0006032636563810213,0.007751937984496124,0.00046391906857023134,0.003861003861003861,1.3667953667953667,1.9549699200861992,"[[6.1501779305154045, -3.1177294608641115], [6.1501779305154045, -3.1177294608641115], [6.1501779305154045, -3.1177294608641115], 1.3630455853539862]",,,,,,10.107762098312378,81.64074277877808
fing_x_face,15,0.001,face_G>ri_V>li_V>face_C,4,S4-Direct,rule,boot,300,True,0.0006485084306095979,0.0,0.0008081170871868546,0.011583011583011582,1.3436293436293436,2.785235401514471,"[[75.57040405273438, 63.05667495727539], [29.000001907348633, 6.000000476837158], [34.000003814697266, 4.000000476837158], 0.648169994354248]",,,,,,10.107762098312378,81.64074277877808
fing_x_face,15,0.001,li_V>face_C>face_G>ri_V,4,LR-P1-N2,GP,boot,300,True,0.0005580188821524447,0.023255813953488372,0.0006734309059890455,0.03088803088803089,1.2316602316602316,2.8854718505881296,"[[28.000001907348633, 5.000000476837158], [0.658780038356781, -Infinity], [75.87541961669922, 64.82164001464844], 33.000003814697266]",,,,,,10.107762098312378,81.64074277877808
fing_x_face,15,0.001,li_V>face_C>face_G>ri_V,4,HYP,GP,boot,300,False,,,,,,,,,,,,,10.107762098312378,81.64074277877808
fing_x_face,15,0.001,li_V>face_C>face_G>ri_V,4,S1-Marcialis,rule,boot,300,True,0.0005731004735619702,0.007751937984496124,0.0006435006435006435,0.019305019305019305,1.4324324324324325,3.3711352548561853,"[[34.000003814697266, 5.0], [0.7040700316429138, -1.0], [75.97413635253906, 64.80564880371094], 26.0]",,,,,,10.107762098312378,81.64074277877808
fing_x_face,15,0.001,li_V>face_C>face_G>ri_V,4,S2-Symmetric,rule,boot,300,True,0.0005731004735619702,0.007751937984496124,0.0006435006435006435,0.019305019305019305,1.4324324324324325,3.3711352548561853,"[[34.000003814697266, 5.0], [0.7040700316429138, -1.0], [75.97413635253906, 64.80564880371094], 26.0]",,,,,,10.107762098312378,81.64074277877808
fing_x_face,15,0.001,li_V>face_C>face_G>ri_V,4,S3-SPRT,rule,boot,300,True,0.0005731004735619702,0.007751937984496124,0.0005836401185238395,0.003861003861003861,1.3243243243243243,2.107299991020921,"[[6.2729963319908855, -3.492104330604506], [6.2729963319908855, -3.492104330604506], [6.2729963319908855, -3.492104330604506], 1.4643201792832123]",,,,,,10.107762098312378,81.64074277877808
fing_x_face,15,0.001,li_V>face_C>face_G>ri_V,4,S4-Direct,rule,boot,300,True,0.0006032636563810213,0.0,0.0009727335308730657,0.02702702702702703,1.308880308880309,1.9760408248780341,"[[34.000003814697266, 4.000000476837158], [0.6503000855445862, 0.5737200379371643], [75.43048858642578, 66.20941925048828], 25.0]",,,,,,10.107762098312378,81.64074277877808
fing_x_face,15,0.001,li_V>face_C>ri_V>face_G,4,LR-P1-N2,GP,boot,300,True,0.0005580188821524447,0.023255813953488372,0.0007482565622100506,0.03088803088803089,1.2046332046332047,2.450869474125288,"[[27.000001907348633, 5.000000476837158], [0.658780038356781, -Infinity], [35.000003814697266, 9.000000953674316], 75.1910400390625]",,,,,,10.107762098312378,81.64074277877808
fing_x_face,15,0.001,li_V>face_C>ri_V>face_G,4,HYP,GP,boot,300,False,,,,,,,,,,,,,10.107762098312378,81.64074277877808
fing_x_face,15,0.001,li_V>face_C>ri_V>face_G,4,S1-Marcialis,rule,boot,300,True,0.0006032636563810213,0.007751937984496124,0.0007033611684774476,0.019305019305019305,1.4015444015444016,3.5033821196611896,"[[34.000003814697266, 5.0], [0.7040700316429138, -1.0], [37.000003814697266, 3.0], 75.03880310058594]",,,,,,10.107762098312378,81.64074277877808
fing_x_face,15,0.001,li_V>face_C>ri_V>face_G,4,S2-Symmetric,rule,boot,300,True,0.0006032636563810213,0.007751937984496124,0.0007033611684774476,0.019305019305019305,1.4015444015444016,3.5033821196611896,"[[34.000003814697266, 5.0], [0.7040700316429138, -1.0], [37.000003814697266, 3.0], 75.03880310058594]",,,,,,10.107762098312378,81.64074277877808
fing_x_face,15,0.001,li_V>face_C>ri_V>face_G,4,S3-SPRT,rule,boot,300,True,0.0005881820649714958,0.003875968992248062,0.0005537098560354374,0.003861003861003861,1.3204633204633205,2.0922151387267665,"[[6.2729963319908855, -3.492104330604506], [6.2729963319908855, -3.492104330604506], [6.2729963319908855, -3.492104330604506], 1.4643201792832123]",,,,,,10.107762098312378,81.64074277877808
fing_x_face,15,0.001,li_V>face_C>ri_V>face_G,4,S4-Direct,rule,boot,300,True,0.0006183452477905468,0.003875968992248062,0.0006883960372332465,0.019305019305019305,1.3204633204633205,2.436173715243483,"[[34.000003814697266, 4.000000476837158], [0.6619100570678711, 0.5315300822257996], [29.000001907348633, 6.000000476837158], 75.05233764648438]",,,,,,10.107762098312378,81.64074277877808
fing_x_face,15,0.001,li_V>face_G>face_C>ri_V,4,LR-P1-N2,GP,boot,300,True,0.0005278556993333936,0.023255813953488372,0.0007033611684774476,0.03474903474903475,1.2162162162162162,2.7723055281194817,"[[27.000001907348633, 5.000000476837158], [75.58229064941406, 64.82164001464844], [0.6677500605583191, -Infinity], 34.000003814697266]",,,,,,10.107762098312378,81.64074277877808
fing_x_face,15,0.001,li_V>face_G>face_C>ri_V,4,HYP,GP,boot,300,False,,,,,,,,,,,,,10.107762098312378,81.64074277877808
fing_x_face,15,0.001,li_V>face_G>face_C>ri_V,4,S1-Marcialis,rule,boot,300,True,0.0005731004735619702,0.007751937984496124,0.0006435006435006435,0.019305019305019305,1.393822393822394,3.2335159079345126,"[[34.000003814697266, 5.0], [75.97413635253906, 64.80564880371094], [0.7040700316429138, -1.0], 26.0]",,,,,,10.107762098312378,81.64074277877808
fing_x_face,15,0.001,li_V>face_G>face_C>ri_V,4,S2-Symmetric,rule,boot,300,True,0.0005731004735619702,0.007751937984496124,0.0006435006435006435,0.019305019305019305,1.393822393822394,3.2335159079345126,"[[34.000003814697266, 5.0], [75.97413635253906, 64.80564880371094], [0.7040700316429138, -1.0], 26.0]",,,,,,10.107762098312378,81.64074277877808
fing_x_face,15,0.001,li_V>face_G>face_C>ri_V,4,S3-SPRT,rule,boot,300,True,0.0005731004735619702,0.007751937984496124,0.0005836401185238395,0.003861003861003861,1.305019305019305,2.1195265032474335,"[[6.2729963319908855, -3.492104330604506], [6.2729963319908855, -3.492104330604506], [6.2729963319908855, -3.492104330604506], 1.4643201792832123]",,,,,,10.107762098312378,81.64074277877808
fing_x_face,15,0.001,li_V>face_G>face_C>ri_V,4,S4-Direct,rule,boot,300,True,0.0006032636563810213,0.0,0.0010026637933614679,0.023166023166023165,1.3397683397683398,2.291849989524408,"[[34.000003814697266, 4.000000476837158], [75.43048858642578, 66.20941925048828], [0.6503000855445862, 0.5737200379371643], 25.0]",,,,,,10.107762098312378,81.64074277877808
fing_x_face,15,0.001,li_V>face_G>ri_V>face_C,4,LR-P1-N2,GP,boot,300,True,0.0006485084306095979,0.01937984496124031,0.0006734309059890455,0.03088803088803089,1.2046332046332047,2.3177247014456315,"[[27.000001907348633, 5.000000476837158], [75.5078353881836, 64.82164001464844], [35.000003814697266, 9.000000953674316], 0.6467700004577637]",,,,,,10.107762098312378,81.64074277877808
fing_x_face,15,0.001,li_V>face_G>ri_V>face_C,4,HYP,GP,boot,300,False,,,,,,,,,,,,,10.107762098312378,81.64074277877808
fing_x_face,15,0.001,li_V>face_G>ri_V>face_C,4,S1-Marcialis,rule,boot,300,True,0.0005731004735619702,0.003875968992248062,0.0009128730058962617,0.015444015444015444,1.3513513513513513,3.2290413336924964,"[[34.000003814697266, 5.0], [75.97413635253906, 64.80564880371094], [37.000003814697266, 3.0], 0.6461099982261658]",,,,,,10.107762098312378,81.64074277877808
fing_x_face,15,0.001,li_V>face_G>ri_V>face_C,4,S2-Symmetric,rule,boot,300,True,0.0005731004735619702,0.003875968992248062,0.0009128730058962617,0.015444015444015444,1.3513513513513513,3.2290413336924964,"[[34.000003814697266, 5.0], [75.97413635253906, 64.80564880371094], [37.000003814697266, 3.0], 0.6461099982261658]",,,,,,10.107762098312378,81.64074277877808
fing_x_face,15,0.001,li_V>face_G>ri_V>face_C,4,S3-SPRT,rule,boot,300,True,0.0005881820649714958,0.007751937984496124,0.0005537098560354374,0.003861003861003861,1.3011583011583012,2.104890604890605,"[[6.2729963319908855, -3.492104330604506], [6.2729963319908855, -3.492104330604506], [6.2729963319908855, -3.492104330604506], 1.4238001413052999]",,,,,,10.107762098312378,81.64074277877808
fing_x_face,15,0.001,li_V>face_G>ri_V>face_C,4,S4-Direct,rule,boot,300,True,0.0006334268392000724,0.0,0.0008081170871868546,0.015444015444015444,1.335907335907336,2.4282571608153005,"[[34.000003814697266, 4.000000476837158], [75.43048858642578, 66.20941925048828], [29.000001907348633, 6.000000476837158], 0.6465499997138977]",,,,,,10.107762098312378,81.64074277877808
fing_x_face,15,0.001,li_V>ri_V>face_C>face_G,4,LR-P1-N2,GP,boot,300,True,0.0006635900220191234,0.027131782945736434,0.0008081170871868546,0.03474903474903475,1.2162162162162162,2.4135314716710066,"[[27.000001907348633, 5.000000476837158], [31.000001907348633, 3.000000238418579], [0.6681700348854065, 0.5606700778007507], 75.34729766845703]",,,,,,10.107762098312378,81.64074277877808
fing_x_face,15,0.001,li_V>ri_V>face_C>face_G,4,HYP,GP,boot,300,False,,,,,,,,,,,,,10.107762098312378,81.64074277877808
fing_x_face,15,0.001,li_V>ri_V>face_C>face_G,4,S1-Marcialis,rule,boot,300,True,0.0006032636563810213,0.007751937984496124,0.0007033611684774476,0.019305019305019305,1.3667953667953667,3.4980096375445213,"[[34.000003814697266, 5.0], [37.000003814697266, 3.0], [0.7040700316429138, -1.0], 75.03880310058594]",,,,,,10.107762098312378,81.64074277877808
fing_x_face,15,0.001,li_V>ri_V>face_C>face_G,4,S2-Symmetric,rule,boot,300,True,0.0006032636563810213,0.007751937984496124,0.0007033611684774476,0.019305019305019305,1.3667953667953667,3.4980096375445213,"[[34.000003814697266, 5.0], [37.000003814697266, 3.0], [0.7040700316429138, -1.0], 75.03880310058594]",,,,,,10.107762098312378,81.64074277877808
fing_x_face,15,0.001,li_V>ri_V>face_C>face_G,4,S3-SPRT,rule,boot,300,True,0.0005731004735619702,0.03875968992248062,0.0004040585435934273,0.015444015444015444,1.3011583011583012,2.0659962287869265,"[[6.2729963319908855, -3.492104330604506], [6.2729963319908855, -3.492104330604506], [6.2729963319908855, -3.492104330604506], 0.9553537570779183]",,,,,,10.107762098312378,81.64074277877808
fing_x_face,15,0.001,li_V>ri_V>face_C>face_G,4,S4-Direct,rule,boot,300,True,0.0006485084306095979,0.003875968992248062,0.0009577683996288647,0.023166023166023165,1.3281853281853282,2.630885037861782,"[[34.000003814697266, 4.000000476837158], [29.000001907348633, 3.000000238418579], [0.7040700316429138, 0.6414200663566589], 73.10640716552734]",,,,,,10.107762098312378,81.64074277877808
fing_x_face,15,0.001,li_V>ri_V>face_G>face_C,4,LR-P1-N2,GP,boot,300,True,0.0006334268392000724,0.027131782945736434,0.001047559187094071,0.03088803088803089,1.2084942084942085,2.4382239382239383,"[[27.000001907348633, 5.000000476837158], [31.000001907348633, 3.000000238418579], [75.91119384765625, 67.45144653320312], 0.6505299806594849]",,,,,,10.107762098312378,81.64074277877808
fing_x_face,15,0.001,li_V>ri_V>face_G>face_C,4,HYP,GP,boot,300,False,,,,,,,,,,,,,10.107762098312378,81.64074277877808
fing_x_face,15,0.001,li_V>ri_V>face_G>face_C,4,S1-Marcialis,rule,boot,300,True,0.0005731004735619702,0.003875968992248062,0.0009128730058962617,0.015444015444015444,1.3552123552123552,3.3612881984975007,"[[34.000003814697266, 5.0], [37.000003814697266, 3.0], [75.97413635253906, 64.80564880371094], 0.6461099982261658]",,,,,,10.107762098312378,81.64074277877808
fing_x_face,15,0.001,li_V>ri_V>face_G>face_C,4,S2-Symmetric,rule,boot,300,True,0.0005731004735619702,0.003875968992248062,0.0009128730058962617,0.015444015444015444,1.3552123552123552,3.3612881984975007,"[[34.000003814697266, 5.0], [37.000003814697266, 3.0], [75.97413635253906, 64.80564880371094], 0.6461099982261658]",,,,,,10.107762098312378,81.64074277877808
fing_x_face,15,0.001,li_V>ri_V>face_G>face_C,4,S3-SPRT,rule,boot,300,True,0.0005881820649714958,0.03875968992248062,0.0004040585435934273,0.015444015444015444,1.2934362934362935,2.0669539971865554,"[[6.2729963319908855, -3.492104330604506], [6.2729963319908855, -3.492104330604506], [6.2729963319908855, -3.492104330604506], 0.9323269102642252]",,,,,,10.107762098312378,81.64074277877808
fing_x_face,15,0.001,li_V>ri_V>face_G>face_C,4,S4-Direct,rule,boot,300,True,0.0006183452477905468,0.007751937984496124,0.0006734309059890455,0.019305019305019305,1.335907335907336,3.0063901110412736,"[[34.000003814697266, 4.000000476837158], [29.000001907348633, 3.000000238418579], [75.43048858642578, 66.20941925048828], 0.6626899838447571]",,,,,,10.107762098312378,81.64074277877808
fing_x_face,15,0.001,ri_V>face_C>face_G>li_V,4,LR-P1-N2,GP,boot,300,True,0.0005278556993333936,0.007751937984496124,0.0005686749872796385,0.015444015444015444,1.1737451737451738,3.665888479841968,"[[29.000001907348633, 3.000000238418579], [0.6626900434494019, -Infinity], [75.87541961669922, 64.82164001464844], 32.000003814697266]",,,,,,10.107762098312378,81.64074277877808
fing_x_face,15,0.001,ri_V>face_C>face_G>li_V,4,HYP,GP,boot,300,False,,,,,,,,,,,,,10.107762098312378,81.64074277877808
fing_x_face,15,0.001,ri_V>face_C>face_G>li_V,4,S1-Marcialis,rule,boot,300,True,0.0005580188821524447,0.011627906976744186,0.0006135703810122415,0.015444015444015444,1.2625482625482625,3.8139983837658256,"[[37.000003814697266, 3.0], [0.7040700316429138, -1.0], [75.97413635253906, 64.80564880371094], 26.0]",,,,,,10.107762098312378,81.64074277877808
fing_x_face,15,0.001,ri_V>face_C>face_G>li_V,4,S2-Symmetric,rule,boot,300,True,0.0005580188821524447,0.011627906976744186,0.0006135703810122415,0.015444015444015444,1.2625482625482625,3.8139983837658256,"[[37.000003814697266, 3.0], [0.7040700316429138, -1.0], [75.97413635253906, 64.80564880371094], 26.0]",,,,,,10.107762098312378,81.64074277877808
fing_x_face,15,0.001,ri_V>face_C>face_G>li_V,4,S3-SPRT,rule,boot,300,True,0.0005881820649714958,0.0,0.0005836401185238395,0.003861003861003861,1.1776061776061777,2.118897967735177,"[[5.7482803109328735, -4.039053560564637], [5.7482803109328735, -4.039053560564637], [5.7482803109328735, -4.039053560564637], 1.4643201792832121]",,,,,,10.107762098312378,81.64074277877808
fing_x_face,15,0.001,ri_V>face_C>face_G>li_V,4,S4-Direct,rule,boot,300,False,,,,,,,,,,,,,10.107762098312378,81.64074277877808
fing_x_face,15,0.001,ri_V>face_C>li_V>face_G,4,LR-P1-N2,GP,boot,300,True,0.0005429372907429192,0.007751937984496124,0.0006883960372332465,0.019305019305019305,1.16988416988417,2.9935649935649935,"[[29.000001907348633, 3.000000238418579], [0.6616400480270386, -Infinity], [33.000003814697266, 10.000000953674316], 75.13900756835938]",,,,,,10.107762098312378,81.64074277877808
fing_x_face,15,0.001,ri_V>face_C>li_V>face_G,4,HYP,GP,boot,300,False,,,,,,,,,,,,,10.107762098312378,81.64074277877808
fing_x_face,15,0.001,ri_V>face_C>li_V>face_G,4,S1-Marcialis,rule,boot,300,True,0.0006032636563810213,0.007751937984496124,0.0007033611684774476,0.019305019305019305,1.2625482625482625,3.8137589416659186,"[[37.000003814697266, 3.0], [0.7040700316429138, -1.0], [34.000003814697266, 5.0], 75.03880310058594]",,,,,,10.107762098312378,81.64074277877808
fing_x_face,15,0.001,ri_V>face_C>li_V>face_G,4,S2-Symmetric,rule,boot,300,True,0.0006032636563810213,0.007751937984496124,0.0007033611684774476,0.019305019305019305,1.2625482625482625,3.8137589416659186,"[[37.000003814697266, 3.0], [0.7040700316429138, -1.0], [34.000003814697266, 5.0], 75.03880310058594]",,,,,,10.107762098312378,81.64074277877808
fing_x_face,15,0.001,ri_V>face_C>li_V>face_G,4,S3-SPRT,rule,boot,300,True,0.0005881820649714958,0.0,0.0005986052497680404,0.003861003861003861,1.1814671814671815,2.106506839064979,"[[5.7482803109328735, -4.039053560564637], [5.7482803109328735, -4.039053560564637], [5.7482803109328735, -4.039053560564637], 1.4643201792832121]",,,,,,10.107762098312378,81.64074277877808
fing_x_face,15,0.001,ri_V>face_C>li_V>face_G,4,S4-Direct,rule,boot,300,False,,,,,,,,,,,,,10.107762098312378,81.64074277877808
fing_x_face,15,0.001,ri_V>face_G>face_C>li_V,4,LR-P1-N2,GP,boot,300,True,0.0005429372907429192,0.007751937984496124,0.0005537098560354374,0.015444015444015444,1.166023166023166,3.5118823142078957,"[[28.000001907348633, 3.000000238418579], [75.747314453125, 64.82164001464844], [0.6677500605583191, -Infinity], 32.000003814697266]",,,,,,10.107762098312378,81.64074277877808
fing_x_face,15,0.001,ri_V>face_G>face_C>li_V,4,HYP,GP,boot,300,False,,,,,,,,,,,,,10.107762098312378,81.64074277877808
fing_x_face,15,0.001,ri_V>face_G>face_C>li_V,4,S1-Marcialis,rule,boot,300,True,0.0005580188821524447,0.011627906976744186,0.0006135703810122415,0.015444015444015444,1.2316602316602316,3.6536769327467002,"[[37.000003814697266, 3.0], [75.97413635253906, 64.80564880371094], [0.7040700316429138, -1.0], 26.0]",,,,,,10.107762098312378,81.64074277877808
fing_x_face,15,0.001,ri_V>face_G>face_C>li_V,4,S2-Symmetric,rule,boot,300,True,0.0005580188821524447,0.011627906976744186,0.0006135703810122415,0.015444015444015444,1.2316602316602316,3.6536769327467002,"[[37.000003814697266, 3.0], [75.97413635253906, 64.80564880371094], [0.7040700316429138, -1.0], 26.0]",,,,,,10.107762098312378,81.64074277877808
fing_x_face,15,0.001,ri_V>face_G>face_C>li_V,4,S3-SPRT,rule,boot,300,True,0.0005881820649714958,0.003875968992248062,0.0005836401185238395,0.003861003861003861,1.1737451737451738,2.1275178833318367,"[[5.7482803109328735, -4.039053560564637], [5.7482803109328735, -4.039053560564637], [5.7482803109328735, -4.039053560564637], 1.4643201792832123]",,,,,,10.107762098312378,81.64074277877808
fing_x_face,15,0.001,ri_V>face_G>face_C>li_V,4,S4-Direct,rule,boot,300,False,,,,,,,,,,,,,10.107762098312378,81.64074277877808
fing_x_face,15,0.001,ri_V>face_G>li_V>face_C,4,LR-P1-N2,GP,boot,300,True,0.0006334268392000724,0.011627906976744186,0.0004938493310586334,0.019305019305019305,1.1544401544401544,2.820149052707192,"[[28.000001907348633, 3.000000238418579], [75.55891418457031, 64.82164001464844], [34.000003814697266, 10.000000953674316], 0.6464099884033203]",,,,,,10.107762098312378,81.64074277877808
fing_x_face,15,0.001,ri_V>face_G>li_V>face_C,4,HYP,GP,boot,300,False,,,,,,,,,,,,,10.107762098312378,81.64074277877808
fing_x_face,15,0.001,ri_V>face_G>li_V>face_C,4,S1-Marcialis,rule,boot,300,True,0.0005731004735619702,0.003875968992248062,0.0009128730058962617,0.015444015444015444,1.22007722007722,3.5167160515997726,"[[37.000003814697266, 3.0], [75.97413635253906, 64.80564880371094], [34.000003814697266, 5.0], 0.6461099982261658]",,,,,,10.107762098312378,81.64074277877808
fing_x_face,15,0.001,ri_V>face_G>li_V>face_C,4,S2-Symmetric,rule,boot,300,True,0.0005731004735619702,0.003875968992248062,0.0009128730058962617,0.015444015444015444,1.22007722007722,3.5167160515997726,"[[37.000003814697266, 3.0], [75.97413635253906, 64.80564880371094], [34.000003814697266, 5.0], 0.6461099982261658]",,,,,,10.107762098312378,81.64074277877808
fing_x_face,15,0.001,ri_V>face_G>li_V>face_C,4,S3-SPRT,rule,boot,300,True,0.0005881820649714958,0.003875968992248062,0.0005836401185238395,0.003861003861003861,1.1737451737451738,2.116503546736105,"[[5.7482803109328735, -4.039053560564637], [5.7482803109328735, -4.039053560564637], [5.7482803109328735, -4.039053560564637], 1.4643201792832126]",,,,,,10.107762098312378,81.64074277877808
fing_x_face,15,0.001,ri_V>face_G>li_V>face_C,4,S4-Direct,rule,boot,300,True,0.0006334268392000724,0.007751937984496124,0.0005986052497680404,0.019305019305019305,1.166023166023166,2.765616114453324,"[[29.000001907348633, 3.000000238418579], [75.43048858642578, 66.20941925048828], [34.000003814697266, 4.000000476837158], 0.6644899845123291]",,,,,,10.107762098312378,81.64074277877808
fing_x_face,15,0.001,ri_V>li_V>face_C>face_G,4,LR-P1-N2,GP,boot,300,True,0.0006183452477905468,0.027131782945736434,0.0005986052497680404,0.02702702702702703,1.166023166023166,2.670797042890066,"[[27.000001907348633, 3.000000238418579], [31.000001907348633, 5.000000476837158], [0.6715600490570068, 0.5644100308418274], 75.84712982177734]",,,,,,10.107762098312378,81.64074277877808
fing_x_face,15,0.001,ri_V>li_V>face_C>face_G,4,HYP,GP,boot,300,False,,,,,,,,,,,,,10.107762098312378,81.64074277877808
fing_x_face,15,0.001,ri_V>li_V>face_C>face_G,4,S1-Marcialis,rule,boot,300,True,0.0006032636563810213,0.007751937984496124,0.0007033611684774476,0.019305019305019305,1.2702702702702702,3.653198048546886,"[[37.000003814697266, 3.0], [34.000003814697266, 5.0], [0.7040700316429138, -1.0], 75.03880310058594]",,,,,,10.107762098312378,81.64074277877808
fing_x_face,15,0.001,ri_V>li_V>face_C>face_G,4,S2-Symmetric,rule,boot,300,True,0.0006032636563810213,0.007751937984496124,0.0007033611684774476,0.019305019305019305,1.2702702702702702,3.653198048546886,"[[37.000003814697266, 3.0], [34.000003814697266, 5.0], [0.7040700316429138, -1.0], 75.03880310058594]",,,,,,10.107762098312378,81.64074277877808
fing_x_face,15,0.001,ri_V>li_V>face_C>face_G,4,S3-SPRT,rule,boot,300,True,0.0005731004735619702,0.031007751937984496,0.0005237795935470355,0.015444015444015444,1.193050193050193,2.097901888599563,"[[5.7482803109328735, -4.039053560564637], [5.7482803109328735, -4.039053560564637], [5.7482803109328735, -4.039053560564637], 1.044475137916436]",,,,,,10.107762098312378,81.64074277877808
fing_x_face,15,0.001,ri_V>li_V>face_C>face_G,4,S4-Direct,rule,boot,300,True,0.0006485084306095979,0.003875968992248062,0.0009577683996288647,0.023166023166023165,1.196911196911197,2.7348777348777347,"[[29.000001907348633, 3.000000238418579], [34.000003814697266, 4.000000476837158], [0.7040700316429138, 0.6414200663566589], 73.10640716552734]",,,,,,10.107762098312378,81.64074277877808
fing_x_face,15,0.001,ri_V>li_V>face_G>face_C,4,LR-P1-N2,GP,boot,300,True,0.0006485084306095979,0.027131782945736434,0.0006734309059890455,0.02702702702702703,1.1583011583011582,2.689578282601538,"[[27.000001907348633, 3.000000238418579], [31.000001907348633, 5.000000476837158], [75.91119384765625, 70.8680648803711], 0.664929986000061]",,,,,,10.107762098312378,81.64074277877808
fing_x_face,15,0.001,ri_V>li_V>face_G>face_C,4,HYP,GP,boot,300,False,,,,,,,,,,,,,10.107762098312378,81.64074277877808
fing_x_face,15,0.001,ri_V>li_V>face_G>face_C,4,S1-Marcialis,rule,boot,300,True,0.0005731004735619702,0.003875968992248062,0.0009128730058962617,0.015444015444015444,1.2586872586872586,3.516476609499865,"[[37.000003814697266, 3.0], [34.000003814697266, 5.0], [75.97413635253906, 64.80564880371094], 0.6461099982261658]",,,,,,10.107762098312378,81.64074277877808
fing_x_face,15,0.001,ri_V>li_V>face_G>face_C,4,S2-Symmetric,rule,boot,300,True,0.0005731004735619702,0.003875968992248062,0.0009128730058962617,0.015444015444015444,1.2586872586872586,3.516476609499865,"[[37.000003814697266, 3.0], [34.000003814697266, 5.0], [75.97413635253906, 64.80564880371094], 0.6461099982261658]",,,,,,10.107762098312378,81.64074277877808
fing_x_face,15,0.001,ri_V>li_V>face_G>face_C,4,S3-SPRT,rule,boot,300,True,0.0005731004735619702,0.031007751937984496,0.0005237795935470355,0.015444015444015444,1.1891891891891893,2.0998473556613093,"[[5.7482803109328735, -4.039053560564637], [5.7482803109328735, -4.039053560564637], [5.7482803109328735, -4.039053560564637], 1.044475137916436]",,,,,,10.107762098312378,81.64074277877808
fing_x_face,15,0.001,ri_V>li_V>face_G>face_C,4,S4-Direct,rule,boot,300,True,0.0006183452477905468,0.007751937984496124,0.0006734309059890455,0.019305019305019305,1.2046332046332047,3.1103828080572264,"[[29.000001907348633, 3.000000238418579], [34.000003814697266, 4.000000476837158], [75.43048858642578, 66.20941925048828], 0.6626899838447571]",,,,,,10.107762098312378,81.64074277877808
fing_x_face,15,0.001,parallel,4,P0-Parallel,parallel,boot,300,True,0.0006485084306095979,0.04263565891472868,0.0004040585435934273,0.02702702702702703,1.0,1.0,[9.231086730957031],,,,,,10.107762098312378,81.64074277877808
fing_x_face,15,0.001,parallel,4,P1-LLR,parallel,boot,300,True,0.0005881820649714958,0.0,0.0005836401185238395,0.003861003861003861,1.0,1.0,[1.4514726724152829],,,,,,10.107762098312378,81.64074277877808
fing_x_face,15,0.001,parallel,4,P2-LogReg,parallel,boot,300,True,0.0006032636563810213,0.007751937984496124,0.0006135703810122415,0.023166023166023165,1.0,1.0,[2.36105105209878],,,,,,10.107762098312378,81.64074277877808
fing_x_face,15,0.01,face_C,1,LR-P1-N2,GP,xfit,300,True,0.005957228606762586,0.10465116279069768,0.007647182065786717,0.07722007722007722,1.0,1.0,[0.6177600622177124],0.006722383720930232,0.10852713178294573,0.00436046511627907,0.10077519379844961,,10.107762098312378,81.64074277877808
fing_x_face,15,0.01,face_C,1,HYP,GP,xfit,300,True,0.005957228606762586,0.10465116279069768,0.007647182065786717,0.07722007722007722,1.0,1.0,[0.6177600622177124],0.006722383720930232,0.10852713178294573,0.00436046511627907,0.10077519379844961,,10.107762098312378,81.64074277877808
fing_x_face,15,0.01,face_G,1,LR-P1-N2,GP,xfit,300,True,0.00722408228516273,0.12790697674418605,0.007527461015833109,0.11969111969111969,1.0,1.0,[73.97245788574219],0.00720687984496124,0.13178294573643412,0.006237887596899225,0.13953488372093023,,10.107762098312378,81.64074277877808
fing_x_face,15,0.01,face_G,1,HYP,GP,xfit,300,False,,,,,,,,,,,,,10.107762098312378,81.64074277877808
fing_x_face,15,0.01,li_V,1,LR-P1-N2,GP,xfit,300,True,0.005987391789581637,0.15503875968992248,0.005207865672981952,0.11583011583011583,1.0,1.0,[20.0],0.005026647286821706,0.1937984496124031,0.007146317829457364,0.11627906976744186,,10.107762098312378,81.64074277877808
fing_x_face,15,0.01,li_V,1,HYP,GP,xfit,300,False,,,,,,,,,,,,,10.107762098312378,81.64074277877808
fing_x_face,15,0.01,ri_V,1,LR-P1-N2,GP,xfit,300,True,0.005399209724610141,0.08914728682170543,0.00547723803537757,0.06177606177606178,1.0,1.0,[20.0],0.005813953488372093,0.07751937984496124,0.005208333333333333,0.10077519379844961,,10.107762098312378,81.64074277877808
fing_x_face,15,0.01,ri_V,1,HYP,GP,xfit,300,False,,,,,,,,,,,,,10.107762098312378,81.64074277877808
fing_x_face,15,0.01,face_C>face_G,2,LR-P1-N2,GP,xfit,300,True,0.006032636563810213,0.09302325581395349,0.007138367603483882,0.05791505791505792,1.0965250965250966,1.9966328454700548,"[[0.6289300322532654, -Infinity], 74.28726959228516]",0.00720687984496124,0.07751937984496124,0.004784399224806201,0.10852713178294573,,10.107762098312378,81.64074277877808
fing_x_face,15,0.01,face_C>face_G,2,HYP,GP,xfit,300,True,0.008702078243296232,0.08527131782945736,0.00975726557121906,0.06563706563706563,1.027027027027027,1.0243781987968035,"[[0.6210100650787354, 0.5950600504875183], 73.27562713623047]",0.006782945736434108,0.10852713178294573,0.007146317829457364,0.07751937984496124,,10.107762098312378,81.64074277877808
fing_x_face,15,0.01,face_C>face_G,2,S1-Marcialis,rule,xfit,300,True,0.007661448436038971,0.10465116279069768,0.008350543234264164,0.10810810810810811,1.386100386100386,1.9999551046062674,"[[0.6979800462722778, -1.0], 73.92938232421875]",0.00720687984496124,0.12403100775193798,0.006722383720930232,0.10852713178294573,,10.107762098312378,81.64074277877808
fing_x_face,15,0.01,face_C>face_G,2,S2-Symmetric,rule,xfit,300,True,0.007661448436038971,0.10465116279069768,0.008350543234264164,0.10810810810810811,1.386100386100386,1.9999551046062674,"[[0.6979800462722778, -1.0], 73.92938232421875]",0.00720687984496124,0.12403100775193798,0.006722383720930232,0.10852713178294573,,10.107762098312378,81.64074277877808
fing_x_face,15,0.01,face_C>face_G,2,S3-SPRT,rule,xfit,300,True,0.008521099146381926,0.08139534883720931,0.009263416240160426,0.05019305019305019,1.1737451737451738,1.3866092005626889,"[[3.1833570634647748, -2.5987430615010703], 0.5679994179988375]",0.007267441860465116,0.06976744186046512,0.006722383720930232,0.09302325581395349,,10.107762098312378,81.64074277877808
fing_x_face,15,0.01,face_C>face_G,2,S4-Direct,rule,xfit,300,True,0.00793291708141043,0.07364341085271318,0.008320612971775762,0.0694980694980695,1.1158301158301158,1.0961808985064798,"[[0.639430046081543, 0.5728700757026672], 73.6141586303711]",0.0068435077519379845,0.06201550387596899,0.006419573643410853,0.08527131782945736,,10.107762098312378,81.64074277877808
fing_x_face,15,0.01,face_C>li_V,2,LR-P1-N2,GP,xfit,300,True,0.006847042499924592,0.007751937984496124,0.007901589296938134,0.015444015444015444,1.0926640926640927,1.9948070994582623,"[[0.6230100393295288, -Infinity], 22.0]",0.0068435077519379845,0.007751937984496124,0.00660125968992248,0.007751937984496124,,10.107762098312378,81.64074277877808
fing_x_face,15,0.01,face_C>li_V,2,HYP,GP,xfit,300,True,0.005987391789581637,0.08527131782945736,0.007003681422286074,0.06177606177606178,1.0193050193050193,1.0122714076202448,"[[0.6210100650787354, 0.6039800643920898], 11.000000953674316]",0.006722383720930232,0.08527131782945736,0.004602713178294574,0.08527131782945736,,10.107762098312378,81.64074277877808
fing_x_face,15,0.01,face_C>li_V,2,S1-Marcialis,rule,xfit,300,True,0.006002473380991163,0.027131782945736434,0.005252761066714555,0.03861003861003861,1.386100386100386,1.9999551046062674,"[[0.6979800462722778, -1.0], 20.0]",0.005026647286821706,0.031007751937984496,0.007146317829457364,0.023255813953488372,,10.107762098312378,81.64074277877808
fing_x_face,15,0.01,face_C>li_V,2,S2-Symmetric,rule,xfit,300,True,0.006002473380991163,0.027131782945736434,0.005252761066714555,0.03861003861003861,1.386100386100386,1.9999551046062674,"[[0.6979800462722778, -1.0], 20.0]",0.005026647286821706,0.031007751937984496,0.007146317829457364,0.023255813953488372,,10.107762098312378,81.64074277877808
fing_x_face,15,0.01,face_C>li_V,2,S3-SPRT,rule,xfit,300,True,0.00806865140409616,0.011627906976744186,0.007168297865972285,0.023166023166023165,1.2548262548262548,1.3871180150249918,"[[4.751899759315907, -2.5987430615010703], -0.8155113644393405]",0.007085755813953488,0.015503875968992248,0.007449127906976744,0.007751937984496124,,10.107762098312378,81.64074277877808
fing_x_face,15,0.01,face_C>li_V,2,S4-Direct,rule,xfit,300,True,0.005715923144210177,0.011627906976744186,0.005073179491784143,0.02702702702702703,1.1544401544401544,1.557615755290174,"[[0.6503000855445862, 0.52482008934021], 19.0]",0.006237887596899225,0.015503875968992248,0.006056201550387597,0.007751937984496124,,10.107762098312378,81.64074277877808
fing_x_face,15,0.01,face_C>ri_V,2,LR-P1-N2,GP,xfit,300,True,0.00692245045697222,0.0,0.008350543234264164,0.011583011583011582,1.0965250965250966,1.9957050073329143,"[[0.6256100535392761, -Infinity], 21.0]",0.006904069767441861,0.0,0.005813953488372093,0.0,,10.107762098312378,81.64074277877808
fing_x_face,15,0.01,face_C>ri_V,2,HYP,GP,xfit,300,True,0.00692245045697222,0.07364341085271318,0.007572356409565712,0.05405405405405406,1.027027027027027,1.025395827721409,"[[0.6210100650787354, 0.5945200324058533], 12.000000953674316]",0.006722383720930232,0.06976744186046512,0.005208333333333333,0.07751937984496124,,10.107762098312378,81.64074277877808
fing_x_face,15,0.01,face_C>ri_V,2,S1-Marcialis,rule,xfit,300,True,0.005414291316019666,0.007751937984496124,0.005522133429110173,0.023166023166023165,1.386100386100386,1.9999551046062674,"[[0.6979800462722778, -1.0], 20.0]",0.005813953488372093,0.0,0.005208333333333333,0.015503875968992248,,10.107762098312378,81.64074277877808
fing_x_face,15,0.01,face_C>ri_V,2,S2-Symmetric,rule,xfit,300,True,0.005414291316019666,0.007751937984496124,0.005522133429110173,0.023166023166023165,1.386100386100386,1.9999551046062674,"[[0.6979800462722778, -1.0], 20.0]",0.005813953488372093,0.0,0.005208333333333333,0.015503875968992248,,10.107762098312378,81.64074277877808
fing_x_face,15,0.01,face_C>ri_V,2,S3-SPRT,rule,xfit,300,True,0.008717159834705758,0.003875968992248062,0.008215857053066355,0.015444015444015444,1.2548262548262548,1.3871180150249918,"[[4.751899759315907, -2.5987430615010703], -1.5110446198182845]",0.006661821705426356,0.007751937984496124,0.007146317829457364,0.0,,10.107762098312378,81.64074277877808
fing_x_face,15,0.01,face_C>ri_V,2,S4-Direct,rule,xfit,300,True,0.006831960908515067,0.011627906976744186,0.00636018077878543,0.03088803088803089,1.3783783783783783,1.558364011852384,"[[0.6979800462722778, 0.52482008934021], 18.0]",0.005450581395348837,0.007751937984496124,0.006540697674418605,0.015503875968992248,,10.107762098312378,81.64074277877808
fing_x_face,15,0.01,face_G>face_C,2,LR-P1-N2,GP,xfit,300,True,0.006424757940457877,0.08527131782945736,0.007901589296938134,0.05791505791505792,1.1467181467181466,1.8290383406662476,"[[74.28726959228516, 64.83816528320312], 0.6257600784301758]",0.007328003875968992,0.07751937984496124,0.005208333333333333,0.09302325581395349,,10.107762098312378,81.64074277877808
fing_x_face,15,0.01,face_G>face_C,2,HYP,GP,xfit,300,False,,,,,,,,,,,,,10.107762098312378,81.64074277877808
fing_x_face,15,0.01,face_G>face_C,2,S1-Marcialis,rule,xfit,300,True,0.009712544867734443,0.08139534883720931,0.012091826045314417,0.05019305019305019,1.3397683397683398,1.8384514082188501,"[[75.97413635253906, 64.80564880371094], 0.610509991645813]",0.006722383720930232,0.08527131782945736,0.007388565891472868,0.08527131782945736,,10.107762098312378,81.64074277877808
fing_x_face,15,0.01,face_G>face_C,2,S2-Symmetric,rule,xfit,300,True,0.008762404608934335,0.07751937984496124,0.010670138577115322,0.04633204633204633,1.1467181467181466,1.8343808925204275,"[[74.30677795410156, 64.80564880371094], 0.6183199882507324]",0.007267441860465116,0.07751937984496124,0.007025193798449613,0.07751937984496124,,10.107762098312378,81.64074277877808
fing_x_face,15,0.01,face_G>face_C,2,S3-SPRT,rule,xfit,300,True,0.008430609597924773,0.08914728682170543,0.009293346502648828,0.05405405405405406,1.1312741312741312,1.78394840022747,"[[1.5456230290702233, -3.482222103528612], 1.063828372477439]",0.007328003875968992,0.09302325581395349,0.006722383720930232,0.10077519379844961,,10.107762098312378,81.64074277877808
fing_x_face,15,0.01,face_G>face_C,2,S4-Direct,rule,xfit,300,False,,,,,,,,,,,,,10.107762098312378,81.64074277877808
fing_x_face,15,0.01,face_G>li_V,2,LR-P1-N2,GP,xfit,300,True,0.00692245045697222,0.01937984496124031,0.007123402472239681,0.015444015444015444,1.135135135135135,1.827721409116758,"[[74.119140625, 64.83816528320312], 23.0]",0.007085755813953488,0.031007751937984496,0.006298449612403101,0.007751937984496124,,10.107762098312378,81.64074277877808
fing_x_face,15,0.01,face_G>li_V,2,HYP,GP,xfit,300,False,,,,,,,,,,,,,10.107762098312378,81.64074277877808
fing_x_face,15,0.01,face_G>li_V,2,S1-Marcialis,rule,xfit,300,True,0.007178837510934154,0.04263565891472868,0.006135703810122415,0.02702702702702703,1.3397683397683398,1.8384514082188501,"[[75.97413635253906, 64.80564880371094], 19.0]",0.007025193798449613,0.046511627906976744,0.007328003875968992,0.03875968992248062,,10.107762098312378,81.64074277877808
fing_x_face,15,0.01,face_G>li_V,2,S2-Symmetric,rule,xfit,300,True,0.006258860434953096,0.015503875968992248,0.006405076172518033,0.011583011583011582,1.1467181467181466,1.8343808925204275,"[[74.30677795410156, 64.80564880371094], 22.0]",0.006359011627906977,0.023255813953488372,0.00660125968992248,0.007751937984496124,,10.107762098312378,81.64074277877808
fing_x_face,15,0.01,face_G>li_V,2,S3-SPRT,rule,xfit,300,True,0.007209000693753205,0.03488372093023256,0.006225494597587621,0.011583011583011582,1.3204633204633205,1.7898296968064409,"[[5.426132977334145, -3.482222103528612], -0.3125843015384535]",0.006782945736434108,0.031007751937984496,0.007267441860465116,0.03875968992248062,,10.107762098312378,81.64074277877808
fing_x_face,15,0.01,face_G>li_V,2,S4-Direct,rule,xfit,300,True,0.0062739420263626215,0.023255813953488372,0.00532758672293556,0.019305019305019305,1.2316602316602316,1.918320313669151,"[[75.07616424560547, 64.01529693603516], 20.0]",0.005692829457364341,0.023255813953488372,0.006904069767441861,0.023255813953488372,,10.107762098312378,81.64074277877808
fing_x_face,15,0.01,face_G>ri_V,2,LR-P1-N2,GP,xfit,300,True,0.007073266371067475,0.007751937984496124,0.007632216934542516,0.007722007722007722,1.1467181467181466,1.8290233755350034,"[[74.28347778320312, 64.83816528320312], 21.0]",0.006904069767441861,0.007751937984496124,0.006237887596899225,0.007751937984496124,,10.107762098312378,81.64074277877808
fing_x_face,15,0.01,face_G>ri_V,2,HYP,GP,xfit,300,False,,,,,,,,,,,,,10.107762098312378,81.64074277877808
fing_x_face,15,0.01,face_G>ri_V,2,S1-Marcialis,rule,xfit,300,True,0.006530329080324556,0.01937984496124031,0.006405076172518033,0.011583011583011582,1.3397683397683398,1.8384514082188501,"[[75.97413635253906, 64.80564880371094], 19.0]",0.005147771317829457,0.007751937984496124,0.006056201550387597,0.031007751937984496,,10.107762098312378,81.64074277877808
fing_x_face,15,0.01,face_G>ri_V,2,S2-Symmetric,rule,xfit,300,True,0.00692245045697222,0.003875968992248062,0.007527461015833109,0.007722007722007722,1.1467181467181466,1.8343808925204275,"[[74.30677795410156, 64.80564880371094], 21.0]",0.006540697674418605,0.0,0.0061167635658914725,0.007751937984496124,,10.107762098312378,81.64074277877808
fing_x_face,15,0.01,face_G>ri_V,2,S3-SPRT,rule,xfit,300,True,0.007555877296172292,0.015503875968992248,0.006839064978599862,0.007722007722007722,1.3204633204633205,1.7898296968064409,"[[5.426132977334145, -3.482222103528612], -0.8449965167634379]",0.007025193798449613,0.007751937984496124,0.006904069767441861,0.023255813953488372,,10.107762098312378,81.64074277877808
fing_x_face,15,0.01,face_G>ri_V,2,S4-Direct,rule,xfit,300,True,0.007043103188248424,0.007751937984496124,0.007033611684774475,0.011583011583011582,1.2934362934362935,1.918769267606477,"[[75.55891418457031, 64.01529693603516], 19.0]",0.005632267441860465,0.0,0.006359011627906977,0.015503875968992248,,10.107762098312378,81.64074277877808
fing_x_face,15,0.01,li_V>face_C,2,LR-P1-N2,GP,xfit,300,True,0.006696226585829337,0.031007751937984496,0.006584657747448445,0.04247104247104247,1.1042471042471043,1.4927269462153183,"[[21.000001907348633, 6.000000476837158], 0.6179200410842896]",0.007085755813953488,0.023255813953488372,0.006964631782945737,0.03875968992248062,,10.107762098312378,81.64074277877808
fing_x_face,15,0.01,li_V>face_C,2,HYP,GP,xfit,300,False,,,,,,,,,,,,,10.107762098312378,81.64074277877808
fing_x_face,15,0.01,li_V>face_C,2,S1-Marcialis,rule,xfit,300,True,0.009064036437124846,0.027131782945736434,0.00990691688366107,0.04633204633204633,1.1891891891891893,1.6665918410104457,"[[30.000001907348633, 6.0], 0.6086400151252747]",0.006782945736434108,0.007751937984496124,0.007388565891472868,0.046511627906976744,,10.107762098312378,81.64074277877808
fing_x_face,15,0.01,li_V>face_C,2,S2-Symmetric,rule,xfit,300,True,0.009064036437124846,0.027131782945736434,0.00990691688366107,0.04633204633204633,1.1891891891891893,1.6665918410104457,"[[30.000001907348633, 6.0], 0.6086400151252747]",0.006782945736434108,0.007751937984496124,0.007388565891472868,0.046511627906976744,,10.107762098312378,81.64074277877808
fing_x_face,15,0.01,li_V>face_C,2,S3-SPRT,rule,xfit,300,True,0.007043103188248424,0.007751937984496124,0.006449971566250636,0.015444015444015444,1.193050193050193,1.9996408368501393,"[[4.871571932825799, -3.523733219687808], -0.4896074170597893]",0.006964631782945737,0.007751937984496124,0.007388565891472868,0.007751937984496124,,10.107762098312378,81.64074277877808
fing_x_face,15,0.01,li_V>face_C,2,S4-Direct,rule,xfit,300,True,0.009064036437124846,0.027131782945736434,0.00990691688366107,0.04633204633204633,1.1891891891891893,1.6665918410104457,"[[30.000001907348633, 5.000000476837158], 0.6086400151252747]",0.006782945736434108,0.007751937984496124,0.007388565891472868,0.046511627906976744,,10.107762098312378,81.64074277877808
fing_x_face,15,0.01,li_V>face_G,2,LR-P1-N2,GP,xfit,300,True,0.0062286972521340455,0.03875968992248062,0.006300320253808626,0.04633204633204633,1.1081081081081081,1.493594923827482,"[[22.000001907348633, 6.000000476837158], 73.9498291015625]",0.006782945736434108,0.03875968992248062,0.006540697674418605,0.03875968992248062,,10.107762098312378,81.64074277877808
fing_x_face,15,0.01,li_V>face_G,2,HYP,GP,xfit,300,False,,,,,,,,,,,,,10.107762098312378,81.64074277877808
fing_x_face,15,0.01,li_V>face_G,2,S1-Marcialis,rule,xfit,300,True,0.00692245045697222,0.03488372093023256,0.0073029840471700936,0.05405405405405406,1.1891891891891893,1.6665918410104457,"[[30.000001907348633, 6.0], 73.81857299804688]",0.007085755813953488,0.023255813953488372,0.006661821705426356,0.046511627906976744,,10.107762098312378,81.64074277877808
fing_x_face,15,0.01,li_V>face_G,2,S2-Symmetric,rule,xfit,300,True,0.00692245045697222,0.03488372093023256,0.0073029840471700936,0.05405405405405406,1.1891891891891893,1.6665918410104457,"[[30.000001907348633, 6.0], 73.81857299804688]",0.007085755813953488,0.023255813953488372,0.006661821705426356,0.046511627906976744,,10.107762098312378,81.64074277877808
fing_x_face,15,0.01,li_V>face_G,2,S3-SPRT,rule,xfit,300,True,0.007239163876572256,0.023255813953488372,0.0063452156475412285,0.007722007722007722,1.193050193050193,1.9996408368501393,"[[4.871571932825799, -3.523733219687808], -0.2743938757604219]",0.0068435077519379845,0.023255813953488372,0.007328003875968992,0.023255813953488372,,10.107762098312378,81.64074277877808
fing_x_face,15,0.01,li_V>face_G,2,S4-Direct,rule,xfit,300,True,0.00692245045697222,0.03488372093023256,0.0073029840471700936,0.05405405405405406,1.1891891891891893,1.6665918410104457,"[[30.000001907348633, 5.000000476837158], 73.81857299804688]",0.007085755813953488,0.023255813953488372,0.006661821705426356,0.046511627906976744,,10.107762098312378,81.64074277877808
fing_x_face,15,0.01,li_V>ri_V,2,LR-P1-N2,GP,xfit,300,True,0.005836575875486381,0.06201550387596899,0.005492203166621771,0.05019305019305019,1.1042471042471043,1.4927269462153183,"[[21.000001907348633, 6.000000476837158], 21.0]",0.0068435077519379845,0.06201550387596899,0.006782945736434108,0.06201550387596899,,10.107762098312378,81.64074277877808
fing_x_face,15,0.01,li_V>ri_V,2,HYP,GP,xfit,300,False,,,,,,,,,,,,,10.107762098312378,81.64074277877808
fing_x_face,15,0.01,li_V>ri_V,2,S1-Marcialis,rule,xfit,300,True,0.006816879317105541,0.06976744186046512,0.00621052946634342,0.05405405405405406,1.1891891891891893,1.6665918410104457,"[[30.000001907348633, 6.0], 19.0]",0.005208333333333333,0.06201550387596899,0.006964631782945737,0.07751937984496124,,10.107762098312378,81.64074277877808
fing_x_face,15,0.01,li_V>ri_V,2,S2-Symmetric,rule,xfit,300,True,0.006816879317105541,0.06976744186046512,0.00621052946634342,0.05405405405405406,1.1891891891891893,1.6665918410104457,"[[30.000001907348633, 6.0], 19.0]",0.005208333333333333,0.06201550387596899,0.006964631782945737,0.07751937984496124,,10.107762098312378,81.64074277877808
fing_x_face,15,0.01,li_V>ri_V,2,S3-SPRT,rule,xfit,300,True,0.006439839531867403,0.06201550387596899,0.0054622729041333695,0.03474903474903475,1.193050193050193,1.9996408368501393,"[[4.871571932825799, -3.523733219687808], -0.436285474704488]",0.006964631782945737,0.05426356589147287,0.007025193798449613,0.06976744186046512,,10.107762098312378,81.64074277877808
fing_x_face,15,0.01,li_V>ri_V,2,S4-Direct,rule,xfit,300,True,0.004931680390914849,0.06589147286821706,0.00457933016072551,0.05405405405405406,1.1737451737451738,1.666546945616713,"[[29.000001907348633, 5.000000476837158], 20.0]",0.005268895348837209,0.05426356589147287,0.005208333333333333,0.07751937984496124,,10.107762098312378,81.64074277877808
fing_x_face,15,0.01,ri_V>face_C,2,LR-P1-N2,GP,xfit,300,True,0.0068017977256960155,0.003875968992248062,0.008275717578043159,0.015444015444015444,1.0617760617760619,1.9363832270809016,"[[20.000001907348633, 3.000000238418579], 0.6256100535392761]",0.006904069767441861,0.007751937984496124,0.005692829457364341,0.0,,10.107762098312378,81.64074277877808
fing_x_face,15,0.01,ri_V>face_C,2,HYP,GP,xfit,300,False,,,,,,,,,,,,,10.107762098312378,81.64074277877808
fing_x_face,15,0.01,ri_V>face_C,2,S1-Marcialis,rule,xfit,300,True,0.009818116007601123,0.011627906976744186,0.011852383945407201,0.011583011583011582,1.138996138996139,1.9914698751908053,"[[35.000003814697266, 3.0], 0.6109499931335449]",0.006722383720930232,0.015503875968992248,0.007449127906976744,0.007751937984496124,,10.107762098312378,81.64074277877808
fing_x_face,15,0.01,ri_V>face_C,2,S2-Symmetric,rule,xfit,300,True,0.009818116007601123,0.011627906976744186,0.011852383945407201,0.011583011583011582,1.138996138996139,1.9914698751908053,"[[35.000003814697266, 3.0], 0.6109499931335449]",0.006722383720930232,0.015503875968992248,0.007449127906976744,0.007751937984496124,,10.107762098312378,81.64074277877808
fing_x_face,15,0.01,ri_V>face_C,2,S3-SPRT,rule,xfit,300,True,0.008852894157391489,0.011627906976744186,0.00799138008440334,0.011583011583011582,1.1158301158301158,1.6580018556762743,"[[4.472440495776489, -3.995385948470832], -1.304190548905268]",0.006964631782945737,0.007751937984496124,0.007328003875968992,0.015503875968992248,,10.107762098312378,81.64074277877808
fing_x_face,15,0.01,ri_V>face_C,2,S4-Direct,rule,xfit,300,True,0.010164992610020209,0.003875968992248062,0.011627906976744186,0.011583011583011582,1.1003861003861004,1.8144473377031516,"[[27.000001907348633, 4.000000476837158], 0.6092399954795837]",0.0068435077519379845,0.007751937984496124,0.007570251937984496,0.0,,10.107762098312378,81.64074277877808
fing_x_face,15,0.01,ri_V>face_G,2,LR-P1-N2,GP,xfit,300,True,0.00665098181160076,0.007751937984496124,0.007003681422286074,0.011583011583011582,1.0656370656370657,1.9375355421867049,"[[21.000001907348633, 3.000000238418579], 74.28334045410156]",0.00720687984496124,0.007751937984496124,0.006480135658914729,0.007751937984496124,,10.107762098312378,81.64074277877808
fing_x_face,15,0.01,ri_V>face_G,2,HYP,GP,xfit,300,False,,,,,,,,,,,,,10.107762098312378,81.64074277877808
fing_x_face,15,0.01,ri_V>face_G,2,S1-Marcialis,rule,xfit,300,True,0.007676530027448497,0.011627906976744186,0.008335578103019964,0.019305019305019305,1.138996138996139,1.9914698751908053,"[[35.000003814697266, 3.0], 73.92938232421875]",0.00720687984496124,0.015503875968992248,0.006722383720930232,0.007751937984496124,,10.107762098312378,81.64074277877808
fing_x_face,15,0.01,ri_V>face_G,2,S2-Symmetric,rule,xfit,300,True,0.007676530027448497,0.011627906976744186,0.008335578103019964,0.019305019305019305,1.138996138996139,1.9914698751908053,"[[35.000003814697266, 3.0], 73.92938232421875]",0.00720687984496124,0.015503875968992248,0.006722383720930232,0.007751937984496124,,10.107762098312378,81.64074277877808
fing_x_face,15,0.01,ri_V>face_G,2,S3-SPRT,rule,xfit,300,True,0.007525714113353241,0.015503875968992248,0.006644518272425249,0.007722007722007722,1.1158301158301158,1.6580018556762743,"[[4.472440495776489, -3.995385948470832], -0.8473228368505978]",0.006964631782945737,0.007751937984496124,0.006722383720930232,0.023255813953488372,,10.107762098312378,81.64074277877808
fing_x_face,15,0.01,ri_V>face_G,2,S4-Direct,rule,xfit,300,True,0.007782101167315175,0.007751937984496124,0.00845529915297357,0.015444015444015444,1.1081081081081081,1.8145670587531053,"[[28.000001907348633, 4.000000476837158], 73.8382568359375]",0.007146317829457364,0.015503875968992248,0.006722383720930232,0.007751937984496124,,10.107762098312378,81.64074277877808
fing_x_face,15,0.01,ri_V>li_V,2,LR-P1-N2,GP,xfit,300,True,0.005731004735619703,0.05813953488372093,0.005881296578970997,0.03088803088803089,1.0617760617760619,1.9363832270809016,"[[20.000001907348633, 3.000000238418579], 23.0]",0.0061167635658914725,0.05426356589147287,0.005995639534883721,0.06201550387596899,,10.107762098312378,81.64074277877808
fing_x_face,15,0.01,ri_V>li_V,2,HYP,GP,xfit,300,False,,,,,,,,,,,,,10.107762098312378,81.64074277877808
fing_x_face,15,0.01,ri_V>li_V,2,S1-Marcialis,rule,xfit,300,True,0.006002473380991163,0.06976744186046512,0.005222830804226153,0.05791505791505792,1.138996138996139,1.9914698751908053,"[[35.000003814697266, 3.0], 20.0]",0.005026647286821706,0.06976744186046512,0.007146317829457364,0.06976744186046512,,10.107762098312378,81.64074277877808
fing_x_face,15,0.01,ri_V>li_V,2,S2-Symmetric,rule,xfit,300,True,0.006002473380991163,0.06976744186046512,0.005222830804226153,0.05791505791505792,1.138996138996139,1.9914698751908053,"[[35.000003814697266, 3.0], 20.0]",0.005026647286821706,0.06976744186046512,0.007146317829457364,0.06976744186046512,,10.107762098312378,81.64074277877808
fing_x_face,15,0.01,ri_V>li_V,2,S3-SPRT,rule,xfit,300,False,,,,,,,,,,,,,10.107762098312378,81.64074277877808
fing_x_face,15,0.01,ri_V>li_V,2,S4-Direct,rule,xfit,300,True,0.0055198624558863455,0.06589147286821706,0.004354853192062494,0.05019305019305019,1.05019305019305,1.1097243422824818,"[[23.000001907348633, 10.000000953674316], 17.0]",0.005874515503875969,0.046511627906976744,0.005450581395348837,0.08527131782945736,,10.107762098312378,81.64074277877808
fing_x_face,15,0.01,face_C>face_G>li_V,3,LR-P1-N2,GP,xfit,300,True,0.005595270412933973,0.007751937984496124,0.006883960372332465,0.007722007722007722,1.1583011583011582,2.82252850857502,"[[0.6246400475502014, -Infinity], [74.63272094726562, 64.83816528320312], 24.000001907348633]",0.007085755813953488,0.015503875968992248,0.004663275193798449,0.0,,10.107762098312378,81.64074277877808
fing_x_face,15,0.01,face_C>face_G>li_V,3,HYP,GP,xfit,300,False,,,,,,,,,,,,,10.107762098312378,81.64074277877808
fing_x_face,15,0.01,face_C>face_G>li_V,3,S1-Marcialis,rule,xfit,300,True,0.0071939191023436795,0.023255813953488372,0.006180599203855018,0.015444015444015444,1.6563706563706564,2.838361617431385,"[[0.6979800462722778, -1.0], [75.97413635253906, 64.80564880371094], 19.0]",0.007025193798449613,0.023255813953488372,0.007328003875968992,0.023255813953488372,,10.107762098312378,81.64074277877808
fing_x_face,15,0.01,face_C>face_G>li_V,3,S2-Symmetric,rule,xfit,300,True,0.0062739420263626215,0.007751937984496124,0.006420041303762234,0.007722007722007722,1.5250965250965252,2.8343210319954504,"[[0.6979800462722778, -1.0], [74.30677795410156, 64.80564880371094], 22.0]",0.006359011627906977,0.015503875968992248,0.00660125968992248,0.0,,10.107762098312378,81.64074277877808
fing_x_face,15,0.01,face_C>face_G>li_V,3,S3-SPRT,rule,xfit,300,True,0.008988628480077218,0.03488372093023256,0.008679776121636586,0.02702702702702703,1.3552123552123552,1.4451827242524917,"[[4.751899759315907, -2.5987430615010703], [4.751899759315907, -2.5987430615010703], -1.7637885563440308]",0.007025193798449613,0.031007751937984496,0.007085755813953488,0.03875968992248062,,10.107762098312378,81.64074277877808
fing_x_face,15,0.01,face_C>face_G>li_V,3,S4-Direct,rule,xfit,300,True,0.007028021596838898,0.011627906976744186,0.006330250516297028,0.015444015444015444,1.2664092664092663,2.049893747568166,"[[0.648870050907135, 0.5260200500488281], [75.97413635253906, 64.01529693603516], 18.0]",0.006298449612403101,0.015503875968992248,0.007267441860465116,0.007751937984496124,,10.107762098312378,81.64074277877808
fing_x_face,15,0.01,face_C>face_G>ri_V,3,LR-P1-N2,GP,xfit,300,True,0.005927065423943534,0.003875968992248062,0.007317949178414294,0.007722007722007722,1.1544401544401544,2.822438717787555,"[[0.6240100860595703, -Infinity], [74.74758911132812, 64.83816528320312], 23.000001907348633]",0.0068435077519379845,0.007751937984496124,0.00436046511627907,0.0,,10.107762098312378,81.64074277877808
fing_x_face,15,0.01,face_C>face_G>ri_V,3,HYP,GP,xfit,300,False,,,,,,,,,,,,,10.107762098312378,81.64074277877808
fing_x_face,15,0.01,face_C>face_G>ri_V,3,S1-Marcialis,rule,xfit,300,True,0.006545410671734081,0.007751937984496124,0.006449971566250636,0.011583011583011582,1.6563706563706564,2.838361617431385,"[[0.6979800462722778, -1.0], [75.97413635253906, 64.80564880371094], 19.0]",0.005147771317829457,0.0,0.006056201550387597,0.015503875968992248,,10.107762098312378,81.64074277877808
fing_x_face,15,0.01,face_C>face_G>ri_V,3,S2-Symmetric,rule,xfit,300,True,0.006937532048381745,0.0,0.00754242614707731,0.007722007722007722,1.5250965250965252,2.8343210319954504,"[[0.6979800462722778, -1.0], [74.30677795410156, 64.80564880371094], 21.0]",0.006540697674418605,0.0,0.0061167635658914725,0.0,,10.107762098312378,81.64074277877808
fing_x_face,15,0.01,face_C>face_G>ri_V,3,S3-SPRT,rule,xfit,300,True,0.00932042349108678,0.031007751937984496,0.008949148484032205,0.023166023166023165,1.3552123552123552,1.4451827242524917,"[[4.751899759315907, -2.5987430615010703], [4.751899759315907, -2.5987430615010703], -2.397635830054398]",0.00660125968992248,0.023255813953488372,0.0068435077519379845,0.03875968992248062,,10.107762098312378,81.64074277877808
fing_x_face,15,0.01,face_C>face_G>ri_V,3,S4-Direct,rule,xfit,300,True,0.00651524748891503,0.003875968992248062,0.006674448534913651,0.019305019305019305,1.2664092664092663,2.049893747568166,"[[0.648870050907135, 0.5260200500488281], [75.97413635253906, 64.01529693603516], 18.0]",0.0061167635658914725,0.007751937984496124,0.005995639534883721,0.0,,10.107762098312378,81.64074277877808
fing_x_face,15,0.01,face_C>li_V>face_G,3,LR-P1-N2,GP,xfit,300,True,0.005353964950381564,0.003875968992248062,0.006704378797402053,0.015444015444015444,1.1158301158301158,2.486740893717638,"[[0.6224400401115417, -Infinity], [26.000001907348633, 6.000000476837158], 74.63646697998047]",0.006964631782945737,0.007751937984496124,0.004481589147286822,0.0,,10.107762098312378,81.64074277877808
fing_x_face,15,0.01,face_C>li_V>face_G,3,HYP,GP,xfit,300,False,,,,,,,,,,,,,10.107762098312378,81.64074277877808
fing_x_face,15,0.01,face_C>li_V>face_G,3,S1-Marcialis,rule,xfit,300,True,0.00692245045697222,0.011627906976744186,0.007317949178414294,0.03088803088803089,1.4671814671814671,2.666517015354225,"[[0.6979800462722778, -1.0], [30.000001907348633, 6.0], 73.81857299804688]",0.007085755813953488,0.015503875968992248,0.006661821705426356,0.007751937984496124,,10.107762098312378,81.64074277877808
fing_x_face,15,0.01,face_C>li_V>face_G,3,S2-Symmetric,rule,xfit,300,True,0.00692245045697222,0.011627906976744186,0.007317949178414294,0.03088803088803089,1.4671814671814671,2.666517015354225,"[[0.6979800462722778, -1.0], [30.000001907348633, 6.0], 73.81857299804688]",0.007085755813953488,0.015503875968992248,0.006661821705426356,0.007751937984496124,,10.107762098312378,81.64074277877808
fing_x_face,15,0.01,face_C>li_V>face_G,3,S3-SPRT,rule,xfit,300,True,0.009712544867734443,0.011627906976744186,0.009817126096195864,0.015444015444015444,1.2972972972972974,1.4192032564125587,"[[4.751899759315907, -2.5987430615010703], [4.751899759315907, -2.5987430615010703], -2.3423258646508898]",0.007146317829457364,0.015503875968992248,0.007449127906976744,0.007751937984496124,,10.107762098312378,81.64074277877808
fing_x_face,15,0.01,face_C>li_V>face_G,3,S4-Direct,rule,xfit,300,True,0.006364431574819775,0.015503875968992248,0.005881296578970997,0.023166023166023165,1.250965250965251,1.739651611744635,"[[0.6708900332450867, 0.5260200500488281], [21.000001907348633, 7.000000476837158], 73.70162200927734]",0.007025193798449613,0.015503875968992248,0.007025193798449613,0.015503875968992248,,10.107762098312378,81.64074277877808
fing_x_face,15,0.01,face_C>li_V>ri_V,3,LR-P1-N2,GP,xfit,300,False,,,,,,,,,,,,,10.107762098312378,81.64074277877808
fing_x_face,15,0.01,face_C>li_V>ri_V,3,HYP,GP,xfit,300,False,,,,,,,,,,,,,10.107762098312378,81.64074277877808
fing_x_face,15,0.01,face_C>li_V>ri_V,3,S1-Marcialis,rule,xfit,300,True,0.006831960908515067,0.007751937984496124,0.0062554248600760224,0.019305019305019305,1.4671814671814671,2.666517015354225,"[[0.6979800462722778, -1.0], [30.000001907348633, 6.0], 19.0]",0.005208333333333333,0.0,0.006964631782945737,0.015503875968992248,,10.107762098312378,81.64074277877808
fing_x_face,15,0.01,face_C>li_V>ri_V,3,S2-Symmetric,rule,xfit,300,True,0.006831960908515067,0.007751937984496124,0.0062554248600760224,0.019305019305019305,1.4671814671814671,2.666517015354225,"[[0.6979800462722778, -1.0], [30.000001907348633, 6.0], 19.0]",0.005208333333333333,0.0,0.006964631782945737,0.015503875968992248,,10.107762098312378,81.64074277877808
fing_x_face,15,0.01,face_C>li_V>ri_V,3,S3-SPRT,rule,xfit,300,True,0.006620818628781709,0.011627906976744186,0.0049833887043189366,0.007722007722007722,1.2972972972972974,1.4192032564125587,"[[4.751899759315907, -2.5987430615010703], [4.751899759315907, -2.5987430615010703], -3.229254898112812]",0.0068435077519379845,0.015503875968992248,0.006782945736434108,0.007751937984496124,,10.107762098312378,81.64074277877808
fing_x_face,15,0.01,face_C>li_V>ri_V,3,S4-Direct,rule,xfit,300,True,0.006831960908515067,0.007751937984496124,0.005701715004040585,0.019305019305019305,1.277992277992278,1.8188470862889468,"[[0.6708900332450867, 0.5260200500488281], [30.000001907348633, 6.000000476837158], 17.0]",0.005511143410852713,0.007751937984496124,0.006722383720930232,0.007751937984496124,,10.107762098312378,81.64074277877808
fing_x_face,15,0.01,face_C>ri_V>face_G,3,LR-P1-N2,GP,xfit,300,True,0.006002473380991163,0.0,0.007362844572146898,0.007722007722007722,1.1081081081081081,2.9296788482834994,"[[0.6246400475502014, -Infinity], [23.000001907348633, 3.000000238418579], 74.73939514160156]",0.006904069767441861,0.0,0.004542151162790698,0.0,,10.107762098312378,81.64074277877808
fing_x_face,15,0.01,face_C>ri_V>face_G,3,HYP,GP,xfit,300,False,,,,,,,,,,,,,10.107762098312378,81.64074277877808
fing_x_face,15,0.01,face_C>ri_V>face_G,3,S1-Marcialis,rule,xfit,300,True,0.007676530027448497,0.007751937984496124,0.008335578103019964,0.011583011583011582,1.444015444015444,2.9913800844033402,"[[0.6979800462722778, -1.0], [35.000003814697266, 3.0], 73.92938232421875]",0.00720687984496124,0.015503875968992248,0.006722383720930232,0.0,,10.107762098312378,81.64074277877808
fing_x_face,15,0.01,face_C>ri_V>face_G,3,S2-Symmetric,rule,xfit,300,True,0.007676530027448497,0.007751937984496124,0.008335578103019964,0.011583011583011582,1.444015444015444,2.9913800844033402,"[[0.6979800462722778, -1.0], [35.000003814697266, 3.0], 73.92938232421875]",0.00720687984496124,0.015503875968992248,0.006722383720930232,0.0,,10.107762098312378,81.64074277877808
fing_x_face,15,0.01,face_C>ri_V>face_G,3,S3-SPRT,rule,xfit,300,True,0.008807649383162912,0.003875968992248062,0.008694741252880788,0.007722007722007722,1.277992277992278,1.4070665349735116,"[[4.751899759315907, -2.5987430615010703], [4.751899759315907, -2.5987430615010703], -2.956012133563683]",0.006661821705426356,0.007751937984496124,0.006904069767441861,0.0,,10.107762098312378,81.64074277877808
fing_x_face,15,0.01,face_C>ri_V>face_G,3,S4-Direct,rule,xfit,300,True,0.007736856393086598,0.003875968992248062,0.007722007722007722,0.011583011583011582,1.4015444015444016,1.8031935590075125,"[[0.6979800462722778, 0.5260200500488281], [21.000001907348633, 6.000000476837158], 73.68755340576172]",0.00720687984496124,0.007751937984496124,0.007146317829457364,0.0,,10.107762098312378,81.64074277877808
fing_x_face,15,0.01,face_C>ri_V>li_V,3,LR-P1-N2,GP,xfit,300,False,,,,,,,,,,,,,10.107762098312378,81.64074277877808
fing_x_face,15,0.01,face_C>ri_V>li_V,3,HYP,GP,xfit,300,False,,,,,,,,,,,,,10.107762098312378,81.64074277877808
fing_x_face,15,0.01,face_C>ri_V>li_V,3,S1-Marcialis,rule,xfit,300,True,0.006017554972400687,0.011627906976744186,0.0052677261979587565,0.015444015444015444,1.444015444015444,2.9913800844033402,"[[0.6979800462722778, -1.0], [35.000003814697266, 3.0], 20.0]",0.005026647286821706,0.0,0.007146317829457364,0.023255813953488372,,10.107762098312378,81.64074277877808
fing_x_face,15,0.01,face_C>ri_V>li_V,3,S2-Symmetric,rule,xfit,300,True,0.006017554972400687,0.011627906976744186,0.0052677261979587565,0.015444015444015444,1.444015444015444,2.9913800844033402,"[[0.6979800462722778, -1.0], [35.000003814697266, 3.0], 20.0]",0.005026647286821706,0.0,0.007146317829457364,0.023255813953488372,,10.107762098312378,81.64074277877808
fing_x_face,15,0.01,face_C>ri_V>li_V,3,S3-SPRT,rule,xfit,300,True,0.006952613639791271,0.003875968992248062,0.005387447247912364,0.007722007722007722,1.277992277992278,1.4070665349735116,"[[4.751899759315907, -2.5987430615010703], [4.751899759315907, -2.5987430615010703], -3.3184615872027603]",0.006359011627906977,0.007751937984496124,0.006722383720930232,0.0,,10.107762098312378,81.64074277877808
fing_x_face,15,0.01,face_C>ri_V>li_V,3,S4-Direct,rule,xfit,300,True,0.005338883358972039,0.011627906976744186,0.004654155816946515,0.019305019305019305,1.4015444015444016,1.8031935590075125,"[[0.6979800462722778, 0.5260200500488281], [21.000001907348633, 6.000000476837158], 19.0]",0.006419573643410853,0.007751937984496124,0.005995639534883721,0.015503875968992248,,10.107762098312378,81.64074277877808
fing_x_face,15,0.01,face_G>face_C>li_V,3,LR-P1-N2,GP,xfit,300,True,0.006530329080324556,0.007751937984496124,0.00754242614707731,0.011583011583011582,1.2046332046332047,2.6543952590464217,"[[74.17963409423828, 64.83816528320312], [0.6347000598907471, -Infinity], 25.000001907348633]",0.007328003875968992,0.015503875968992248,0.0055717054263565895,0.0,,10.107762098312378,81.64074277877808
fing_x_face,15,0.01,face_G>face_C>li_V,3,HYP,GP,xfit,300,False,,,,,,,,,,,,,10.107762098312378,81.64074277877808
fing_x_face,15,0.01,face_G>face_C>li_V,3,S1-Marcialis,rule,xfit,300,True,0.0071939191023436795,0.023255813953488372,0.006180599203855018,0.015444015444015444,1.61003861003861,2.6768579210439674,"[[75.97413635253906, 64.80564880371094], [0.6979800462722778, -1.0], 19.0]",0.007025193798449613,0.023255813953488372,0.007328003875968992,0.023255813953488372,,10.107762098312378,81.64074277877808
fing_x_face,15,0.01,face_G>face_C>li_V,3,S2-Symmetric,rule,xfit,300,True,0.0062739420263626215,0.007751937984496124,0.006420041303762234,0.007722007722007722,1.2857142857142858,2.6687468199096105,"[[74.30677795410156, 64.80564880371094], [0.6979800462722778, -1.0], 22.0]",0.006359011627906977,0.015503875968992248,0.00660125968992248,0.0,,10.107762098312378,81.64074277877808
fing_x_face,15,0.01,face_G>face_C>li_V,3,S3-SPRT,rule,xfit,300,True,0.008581425512020029,0.031007751937984496,0.008365508365508366,0.015444015444015444,1.4633204633204633,1.8920714734668223,"[[5.426132977334145, -3.482222103528612], [5.426132977334145, -3.482222103528612], -1.6367137505426486]",0.007085755813953488,0.031007751937984496,0.007146317829457364,0.031007751937984496,,10.107762098312378,81.64074277877808
fing_x_face,15,0.01,face_G>face_C>li_V,3,S4-Direct,rule,xfit,300,True,0.006666063403010286,0.011627906976744186,0.0056568196103079825,0.019305019305019305,1.5212355212355213,2.4274640088593578,"[[75.97413635253906, 64.01529693603516], [0.6708900332450867, 0.5260200500488281], 18.0]",0.005450581395348837,0.007751937984496124,0.007146317829457364,0.015503875968992248,,10.107762098312378,81.64074277877808
fing_x_face,15,0.01,face_G>face_C>ri_V,3,LR-P1-N2,GP,xfit,300,True,0.006364431574819775,0.003875968992248062,0.006868995241088264,0.007722007722007722,1.2123552123552124,2.6552482715273413,"[[74.15118408203125, 64.83816528320312], [0.6438600420951843, -Infinity], 24.000001907348633]",0.007146317829457364,0.007751937984496124,0.00496608527131783,0.0,,10.107762098312378,81.64074277877808
fing_x_face,15,0.01,face_G>face_C>ri_V,3,HYP,GP,xfit,300,False,,,,,,,,,,,,,10.107762098312378,81.64074277877808
fing_x_face,15,0.01,face_G>face_C>ri_V,3,S1-Marcialis,rule,xfit,300,True,0.006545410671734081,0.007751937984496124,0.006449971566250636,0.011583011583011582,1.61003861003861,2.6768579210439674,"[[75.97413635253906, 64.80564880371094], [0.6979800462722778, -1.0], 19.0]",0.005147771317829457,0.0,0.006056201550387597,0.015503875968992248,,10.107762098312378,81.64074277877808
fing_x_face,15,0.01,face_G>face_C>ri_V,3,S2-Symmetric,rule,xfit,300,True,0.006937532048381745,0.0,0.00754242614707731,0.007722007722007722,1.2857142857142858,2.6687468199096105,"[[74.30677795410156, 64.80564880371094], [0.6979800462722778, -1.0], 21.0]",0.006540697674418605,0.0,0.0061167635658914725,0.0,,10.107762098312378,81.64074277877808
fing_x_face,15,0.01,face_G>face_C>ri_V,3,S3-SPRT,rule,xfit,300,True,0.00935058667390583,0.027131782945736434,0.009203555715183623,0.007722007722007722,1.4633204633204633,1.8920714734668223,"[[5.426132977334145, -3.482222103528612], [5.426132977334145, -3.482222103528612], -2.3174601519578926]",0.006419573643410853,0.023255813953488372,0.0068435077519379845,0.031007751937984496,,10.107762098312378,81.64074277877808
fing_x_face,15,0.01,face_G>face_C>ri_V,3,S4-Direct,rule,xfit,300,True,0.006108044520857841,0.007751937984496124,0.005881296578970997,0.019305019305019305,1.6023166023166022,2.4275986950405555,"[[75.97413635253906, 64.01529693603516], [0.6979800462722778, 0.5260200500488281], 18.0]",0.005147771317829457,0.0,0.005813953488372093,0.015503875968992248,,10.107762098312378,81.64074277877808
fing_x_face,15,0.01,face_G>li_V>face_C,3,LR-P1-N2,GP,xfit,300,True,0.006681144994419811,0.007751937984496124,0.0071084373409954806,0.019305019305019305,1.162162162162162,2.2326329651911045,"[[74.08443450927734, 64.83816528320312], [26.000001907348633, 6.000000476837158], 0.6380300521850586]",0.00720687984496124,0.015503875968992248,0.005753391472868217,0.0,,10.107762098312378,81.64074277877808
fing_x_face,15,0.01,face_G>li_V>face_C,3,HYP,GP,xfit,300,False,,,,,,,,,,,,,10.107762098312378,81.64074277877808
fing_x_face,15,0.01,face_G>li_V>face_C,3,S1-Marcialis,rule,xfit,300,True,0.009275178716858203,0.011627906976744186,0.010146358983568285,0.023166023166023165,1.3976833976833978,2.393538056328754,"[[75.97413635253906, 64.80564880371094], [30.000001907348633, 6.0], 0.6076200008392334]",0.006904069767441861,0.007751937984496124,0.007328003875968992,0.023255813953488372,,10.107762098312378,81.64074277877808
fing_x_face,15,0.01,face_G>li_V>face_C,3,S2-Symmetric,rule,xfit,300,True,0.009275178716858203,0.011627906976744186,0.010146358983568285,0.023166023166023165,1.3976833976833978,2.393538056328754,"[[75.97413635253906, 64.80564880371094], [30.000001907348633, 6.0], 0.6076200008392334]",0.006904069767441861,0.007751937984496124,0.007328003875968992,0.023255813953488372,,10.107762098312378,81.64074277877808
fing_x_face,15,0.01,face_G>li_V>face_C,3,S3-SPRT,rule,xfit,300,True,0.008536180737791452,0.01937984496124031,0.008215857053066355,0.011583011583011582,1.3629343629343629,1.8683218101822754,"[[5.426132977334145, -3.482222103528612], [5.426132977334145, -3.482222103528612], -1.5348379850581968]",0.007085755813953488,0.015503875968992248,0.007267441860465116,0.023255813953488372,,10.107762098312378,81.64074277877808
fing_x_face,15,0.01,face_G>li_V>face_C,3,S4-Direct,rule,xfit,300,True,0.008732241426115284,0.007751937984496124,0.008739636646613392,0.023166023166023165,1.2548262548262548,2.3704917542126847,"[[74.96791076660156, 64.01529693603516], [30.000001907348633, 6.000000476837158], 0.6067900061607361]",0.007025193798449613,0.007751937984496124,0.0075096899224806205,0.015503875968992248,,10.107762098312378,81.64074277877808
fing_x_face,15,0.01,face_G>li_V>ri_V,3,LR-P1-N2,GP,xfit,300,True,0.00692245045697222,0.007751937984496124,0.007258088653437491,0.007722007722007722,1.162162162162162,2.2320642902038252,"[[74.04798126220703, 64.83816528320312], [27.000001907348633, 6.000000476837158], 24.000001907348633]",0.00720687984496124,0.007751937984496124,0.005935077519379845,0.007751937984496124,,10.107762098312378,81.64074277877808
fing_x_face,15,0.01,face_G>li_V>ri_V,3,HYP,GP,xfit,300,False,,,,,,,,,,,,,10.107762098312378,81.64074277877808
fing_x_face,15,0.01,face_G>li_V>ri_V,3,S1-Marcialis,rule,xfit,300,True,0.0057913311012578045,0.01937984496124031,0.0052677261979587565,0.015444015444015444,1.3976833976833978,2.393538056328754,"[[75.97413635253906, 64.80564880371094], [30.000001907348633, 6.0], 19.0]",0.006722383720930232,0.007751937984496124,0.005692829457364341,0.031007751937984496,,10.107762098312378,81.64074277877808
fing_x_face,15,0.01,face_G>li_V>ri_V,3,S2-Symmetric,rule,xfit,300,True,0.0057913311012578045,0.01937984496124031,0.0052677261979587565,0.015444015444015444,1.3976833976833978,2.393538056328754,"[[75.97413635253906, 64.80564880371094], [30.000001907348633, 6.0], 19.0]",0.006722383720930232,0.007751937984496124,0.005692829457364341,0.031007751937984496,,10.107762098312378,81.64074277877808
fing_x_face,15,0.01,face_G>li_V>ri_V,3,S3-SPRT,rule,xfit,300,True,0.006590655445962658,0.023255813953488372,0.0048935979168537305,0.007722007722007722,1.3629343629343629,1.8683218101822754,"[[5.426132977334145, -3.482222103528612], [5.426132977334145, -3.482222103528612], -2.6162267841139992]",0.0068435077519379845,0.015503875968992248,0.006782945736434108,0.031007751937984496,,10.107762098312378,81.64074277877808
fing_x_face,15,0.01,face_G>li_V>ri_V,3,S4-Direct,rule,xfit,300,True,0.00580641269266733,0.007751937984496124,0.005417377510400766,0.015444015444015444,1.2548262548262548,2.3704917542126847,"[[74.96791076660156, 64.01529693603516], [30.000001907348633, 6.000000476837158], 19.0]",0.005208333333333333,0.0,0.005390019379844961,0.015503875968992248,,10.107762098312378,81.64074277877808
fing_x_face,15,0.01,face_G>ri_V>face_C,3,LR-P1-N2,GP,xfit,300,True,0.006816879317105541,0.003875968992248062,0.007647182065786717,0.007722007722007722,1.1428571428571428,2.6055341055341055,"[[74.18230438232422, 64.83816528320312], [23.000001907348633, 3.000000238418579], 0.6400300860404968]",0.007146317829457364,0.007751937984496124,0.005692829457364341,0.0,,10.107762098312378,81.64074277877808
fing_x_face,15,0.01,face_G>ri_V>face_C,3,HYP,GP,xfit,300,False,,,,,,,,,,,,,10.107762098312378,81.64074277877808
fing_x_face,15,0.01,face_G>ri_V>face_C,3,S1-Marcialis,rule,xfit,300,True,0.009712544867734443,0.007751937984496124,0.012076860914070217,0.003861003861003861,1.3822393822393821,2.6695699021280417,"[[75.97413635253906, 64.80564880371094], [35.000003814697266, 3.0], 0.610509991645813]",0.006722383720930232,0.007751937984496124,0.007388565891472868,0.007751937984496124,,10.107762098312378,81.64074277877808
fing_x_face,15,0.01,face_G>ri_V>face_C,3,S2-Symmetric,rule,xfit,300,True,0.00877748620034386,0.003875968992248062,0.010670138577115322,0.003861003861003861,1.166023166023166,2.661458800993685,"[[74.30677795410156, 64.80564880371094], [35.000003814697266, 3.0], 0.6183199882507324]",0.007267441860465116,0.007751937984496124,0.007025193798449613,0.0,,10.107762098312378,81.64074277877808
fing_x_face,15,0.01,face_G>ri_V>face_C,3,S3-SPRT,rule,xfit,300,True,0.009124362802762947,0.015503875968992248,0.009083834665230014,0.003861003861003861,1.3397683397683398,1.8405614917242825,"[[5.426132977334145, -3.482222103528612], [5.426132977334145, -3.482222103528612], -2.268141603411127]",0.006722383720930232,0.007751937984496124,0.006722383720930232,0.023255813953488372,,10.107762098312378,81.64074277877808
fing_x_face,15,0.01,face_G>ri_V>face_C,3,S4-Direct,rule,xfit,300,True,0.009245015534039152,0.0,0.00975726557121906,0.0,1.3552123552123552,2.3476399988027894,"[[75.97413635253906, 64.01529693603516], [21.000001907348633, 6.000000476837158], 0.6086400151252747]",0.007025193798449613,0.0,0.007267441860465116,0.0,,10.107762098312378,81.64074277877808
fing_x_face,15,0.01,face_G>ri_V>li_V,3,LR-P1-N2,GP,xfit,300,True,0.007163755919524628,0.007751937984496124,0.0075124958845889074,0.007722007722007722,1.1428571428571428,2.60498039567807,"[[74.15857696533203, 64.83816528320312], [22.000001907348633, 3.000000238418579], 25.000001907348633]",0.00720687984496124,0.007751937984496124,0.006419573643410853,0.007751937984496124,,10.107762098312378,81.64074277877808
fing_x_face,15,0.01,face_G>ri_V>li_V,3,HYP,GP,xfit,300,False,,,,,,,,,,,,,10.107762098312378,81.64074277877808
fing_x_face,15,0.01,face_G>ri_V>li_V,3,S1-Marcialis,rule,xfit,300,True,0.0071939191023436795,0.027131782945736434,0.0061506689413666155,0.011583011583011582,1.3822393822393821,2.6695699021280417,"[[75.97413635253906, 64.80564880371094], [35.000003814697266, 3.0], 19.0]",0.007025193798449613,0.015503875968992248,0.007328003875968992,0.03875968992248062,,10.107762098312378,81.64074277877808
fing_x_face,15,0.01,face_G>ri_V>li_V,3,S2-Symmetric,rule,xfit,300,True,0.0062739420263626215,0.003875968992248062,0.006420041303762234,0.007722007722007722,1.166023166023166,2.661458800993685,"[[74.30677795410156, 64.80564880371094], [35.000003814697266, 3.0], 22.0]",0.006359011627906977,0.0,0.00660125968992248,0.007751937984496124,,10.107762098312378,81.64074277877808
fing_x_face,15,0.01,face_G>ri_V>li_V,3,S3-SPRT,rule,xfit,300,True,0.006741471360057913,0.015503875968992248,0.005043249229295741,0.007722007722007722,1.3397683397683398,1.8405614917242825,"[[5.426132977334145, -3.482222103528612], [5.426132977334145, -3.482222103528612], -2.6731767619627225]",0.0068435077519379845,0.007751937984496124,0.006661821705426356,0.023255813953488372,,10.107762098312378,81.64074277877808
fing_x_face,15,0.01,face_G>ri_V>li_V,3,S4-Direct,rule,xfit,300,True,0.006560492263143607,0.007751937984496124,0.006090808416389812,0.007722007722007722,1.308880308880309,2.3474604172278593,"[[75.55891418457031, 64.01529693603516], [21.000001907348633, 6.000000476837158], 20.0]",0.005813953488372093,0.0,0.007146317829457364,0.015503875968992248,,10.107762098312378,81.64074277877808
fing_x_face,15,0.01,li_V>face_C>face_G,3,LR-P1-N2,GP,xfit,300,True,0.0060929629294483156,0.027131782945736434,0.00621052946634342,0.03861003861003861,1.1196911196911197,1.9837029720750652,"[[21.000001907348633, 6.000000476837158], [0.6301500797271729, -Infinity], 74.36258697509766]",0.006359011627906977,0.023255813953488372,0.006722383720930232,0.031007751937984496,,10.107762098312378,81.64074277877808
fing_x_face,15,0.01,li_V>face_C>face_G,3,HYP,GP,xfit,300,False,,,,,,,,,,,,,10.107762098312378,81.64074277877808
fing_x_face,15,0.01,li_V>face_C>face_G,3,S1-Marcialis,rule,xfit,300,True,0.00692245045697222,0.027131782945736434,0.0073029840471700936,0.05019305019305019,1.2702702702702702,2.333153751758403,"[[30.000001907348633, 6.0], [0.6979800462722778, -1.0], 73.81857299804688]",0.007085755813953488,0.015503875968992248,0.006661821705426356,0.03875968992248062,,10.107762098312378,81.64074277877808
fing_x_face,15,0.01,li_V>face_C>face_G,3,S2-Symmetric,rule,xfit,300,True,0.00692245045697222,0.027131782945736434,0.0073029840471700936,0.05019305019305019,1.2702702702702702,2.333153751758403,"[[30.000001907348633, 6.0], [0.6979800462722778, -1.0], 73.81857299804688]",0.007085755813953488,0.015503875968992248,0.006661821705426356,0.03875968992248062,,10.107762098312378,81.64074277877808
fing_x_face,15,0.01,li_V>face_C>face_G,3,S3-SPRT,rule,xfit,300,True,0.008355201640877146,0.007751937984496124,0.008155996528089552,0.007722007722007722,1.2586872586872586,2.08980575259645,"[[4.871571932825799, -3.523733219687808], [4.871571932825799, -3.523733219687808], -1.633749984518627]",0.007085755813953488,0.007751937984496124,0.007267441860465116,0.007751937984496124,,10.107762098312378,81.64074277877808
fing_x_face,15,0.01,li_V>face_C>face_G,3,S4-Direct,rule,xfit,300,True,0.009124362802762947,0.007751937984496124,0.010774894495824729,0.02702702702702703,1.2702702702702702,1.8490018257460117,"[[30.000001907348633, 4.000000476837158], [0.6979800462722778, 0.6070200800895691], 66.67912292480469]",0.007025193798449613,0.007751937984496124,0.007388565891472868,0.015503875968992248,,10.107762098312378,81.64074277877808
fing_x_face,15,0.01,li_V>face_C>ri_V,3,LR-P1-N2,GP,xfit,300,True,0.00651524748891503,0.023255813953488372,0.0059561222351920025,0.03861003861003861,1.1042471042471043,1.9818173655382958,"[[20.000001907348633, 6.000000476837158], [0.6316100358963013, -Infinity], 25.0]",0.006661821705426356,0.015503875968992248,0.007388565891472868,0.031007751937984496,,10.107762098312378,81.64074277877808
fing_x_face,15,0.01,li_V>face_C>ri_V,3,HYP,GP,xfit,300,False,,,,,,,,,,,,,10.107762098312378,81.64074277877808
fing_x_face,15,0.01,li_V>face_C>ri_V,3,S1-Marcialis,rule,xfit,300,True,0.006831960908515067,0.023255813953488372,0.006240459728831822,0.03861003861003861,1.2702702702702702,2.333153751758403,"[[30.000001907348633, 6.0], [0.6979800462722778, -1.0], 19.0]",0.005208333333333333,0.0,0.006964631782945737,0.046511627906976744,,10.107762098312378,81.64074277877808
fing_x_face,15,0.01,li_V>face_C>ri_V,3,S2-Symmetric,rule,xfit,300,True,0.006831960908515067,0.023255813953488372,0.006240459728831822,0.03861003861003861,1.2702702702702702,2.333153751758403,"[[30.000001907348633, 6.0], [0.6979800462722778, -1.0], 19.0]",0.005208333333333333,0.0,0.006964631782945737,0.046511627906976744,,10.107762098312378,81.64074277877808
fing_x_face,15,0.01,li_V>face_C>ri_V,3,S3-SPRT,rule,xfit,300,True,0.006877205682743643,0.003875968992248062,0.00502828409805154,0.0,1.2586872586872586,2.08980575259645,"[[4.871571932825799, -3.523733219687808], [4.871571932825799, -3.523733219687808], -2.625109379485633]",0.006722383720930232,0.0,0.006904069767441861,0.007751937984496124,,10.107762098312378,81.64074277877808
fing_x_face,15,0.01,li_V>face_C>ri_V,3,S4-Direct,rule,xfit,300,True,0.007902753898591379,0.0,0.007871659034449733,0.019305019305019305,1.2355212355212355,2.2334261171470473,"[[30.000001907348633, 4.000000476837158], [0.6294600367546082, 0.531480073928833], 18.0]",0.006298449612403101,0.0,0.006782945736434108,0.0,,10.107762098312378,81.64074277877808
fing_x_face,15,0.01,li_V>face_G>face_C,3,LR-P1-N2,GP,xfit,300,True,0.006153289295086417,0.027131782945736434,0.006285355122564425,0.03861003861003861,1.1158301158301158,1.8975487115021998,"[[21.000001907348633, 6.000000476837158], [74.36258697509766, 64.83816528320312], 0.6290300488471985]",0.00660125968992248,0.023255813953488372,0.006722383720930232,0.031007751937984496,,10.107762098312378,81.64074277877808
fing_x_face,15,0.01,li_V>face_G>face_C,3,HYP,GP,xfit,300,False,,,,,,,,,,,,,10.107762098312378,81.64074277877808
fing_x_face,15,0.01,li_V>face_G>face_C,3,S1-Marcialis,rule,xfit,300,True,0.008958465297258167,0.027131782945736434,0.00990691688366107,0.03861003861003861,1.247104247104247,2.2216784891203494,"[[30.000001907348633, 6.0], [75.97413635253906, 64.80564880371094], 0.6081299781799316]",0.006904069767441861,0.007751937984496124,0.007328003875968992,0.046511627906976744,,10.107762098312378,81.64074277877808
fing_x_face,15,0.01,li_V>face_G>face_C,3,S2-Symmetric,rule,xfit,300,True,0.008958465297258167,0.027131782945736434,0.00990691688366107,0.03861003861003861,1.247104247104247,2.2216784891203494,"[[30.000001907348633, 6.0], [75.97413635253906, 64.80564880371094], 0.6081299781799316]",0.006904069767441861,0.007751937984496124,0.007328003875968992,0.046511627906976744,,10.107762098312378,81.64074277877808
fing_x_face,15,0.01,li_V>face_G>face_C,3,S3-SPRT,rule,xfit,300,True,0.008686996651886707,0.007751937984496124,0.008395438627996767,0.007722007722007722,1.2393822393822393,2.08503187572955,"[[4.871571932825799, -3.523733219687808], [4.871571932825799, -3.523733219687808], -1.5343051734374842]",0.007146317829457364,0.007751937984496124,0.007388565891472868,0.007751937984496124,,10.107762098312378,81.64074277877808
fing_x_face,15,0.01,li_V>face_G>face_C,3,S4-Direct,rule,xfit,300,True,0.008958465297258167,0.011627906976744186,0.00990691688366107,0.019305019305019305,1.274131274131274,1.9815928885696328,"[[30.000001907348633, 4.000000476837158], [75.97413635253906, 70.96910095214844], 0.6041499972343445]",0.006964631782945737,0.007751937984496124,0.007388565891472868,0.023255813953488372,,10.107762098312378,81.64074277877808
fing_x_face,15,0.01,li_V>face_G>ri_V,3,LR-P1-N2,GP,xfit,300,True,0.006153289295086417,0.027131782945736434,0.005641854479063782,0.03861003861003861,1.1003861003861004,1.8957828260153842,"[[20.000001907348633, 6.000000476837158], [74.4013442993164, 64.83816528320312], 34.0]",0.0068435077519379845,0.015503875968992248,0.007388565891472868,0.03875968992248062,,10.107762098312378,81.64074277877808
fing_x_face,15,0.01,li_V>face_G>ri_V,3,HYP,GP,xfit,300,False,,,,,,,,,,,,,10.107762098312378,81.64074277877808
fing_x_face,15,0.01,li_V>face_G>ri_V,3,S1-Marcialis,rule,xfit,300,True,0.00580641269266733,0.031007751937984496,0.005297656460447158,0.03088803088803089,1.247104247104247,2.2216784891203494,"[[30.000001907348633, 6.0], [75.97413635253906, 64.80564880371094], 19.0]",0.006722383720930232,0.007751937984496124,0.005753391472868217,0.05426356589147287,,10.107762098312378,81.64074277877808
fing_x_face,15,0.01,li_V>face_G>ri_V,3,S2-Symmetric,rule,xfit,300,True,0.00580641269266733,0.031007751937984496,0.005297656460447158,0.03088803088803089,1.247104247104247,2.2216784891203494,"[[30.000001907348633, 6.0], [75.97413635253906, 64.80564880371094], 19.0]",0.006722383720930232,0.007751937984496124,0.005753391472868217,0.05426356589147287,,10.107762098312378,81.64074277877808
fing_x_face,15,0.01,li_V>face_G>ri_V,3,S3-SPRT,rule,xfit,300,True,0.006439839531867403,0.011627906976744186,0.004773876866900123,0.003861003861003861,1.2393822393822393,2.08503187572955,"[[4.871571932825799, -3.523733219687808], [4.871571932825799, -3.523733219687808], -2.5127600628262687]",0.006904069767441861,0.007751937984496124,0.006722383720930232,0.015503875968992248,,10.107762098312378,81.64074277877808
fing_x_face,15,0.01,li_V>face_G>ri_V,3,S4-Direct,rule,xfit,300,True,0.007510632521943715,0.003875968992248062,0.006734309059890455,0.011583011583011582,1.250965250965251,2.1913441680883543,"[[30.000001907348633, 4.000000476837158], [74.41653442382812, 66.35342407226562], 18.0]",0.006237887596899225,0.0,0.006722383720930232,0.007751937984496124,,10.107762098312378,81.64074277877808
fing_x_face,15,0.01,li_V>ri_V>face_C,3,LR-P1-N2,GP,xfit,300,False,,,,,,,,0.00720687984496124,0.023255813953488372,,,True,10.107762098312378,81.64074277877808
fing_x_face,15,0.01,li_V>ri_V>face_C,3,HYP,GP,xfit,300,False,,,,,,,,,,,,,10.107762098312378,81.64074277877808
fing_x_face,15,0.01,li_V>ri_V>face_C,3,S1-Marcialis,rule,xfit,300,True,0.00904895484571532,0.01937984496124031,0.00990691688366107,0.02702702702702703,1.247104247104247,2.3293526084223757,"[[30.000001907348633, 6.0], [35.000003814697266, 3.0], 0.6086400151252747]",0.006782945736434108,0.0,0.007388565891472868,0.03875968992248062,,10.107762098312378,81.64074277877808
fing_x_face,15,0.01,li_V>ri_V>face_C,3,S2-Symmetric,rule,xfit,300,True,0.00904895484571532,0.01937984496124031,0.00990691688366107,0.02702702702702703,1.247104247104247,2.3293526084223757,"[[30.000001907348633, 6.0], [35.000003814697266, 3.0], 0.6086400151252747]",0.006782945736434108,0.0,0.007388565891472868,0.03875968992248062,,10.107762098312378,81.64074277877808
fing_x_face,15,0.01,li_V>ri_V>face_C,3,S3-SPRT,rule,xfit,300,True,0.007043103188248424,0.03875968992248062,0.005237795935470354,0.011583011583011582,1.2316602316602316,2.0565981263655684,"[[4.871571932825799, -3.523733219687808], [4.871571932825799, -3.523733219687808], -2.4888240625686175]",0.006480135658914729,0.023255813953488372,0.007025193798449613,0.05426356589147287,,10.107762098312378,81.64074277877808
fing_x_face,15,0.01,li_V>ri_V>face_C,3,S4-Direct,rule,xfit,300,True,0.010149911018610683,0.007751937984496124,0.010999371464487744,0.011583011583011582,1.274131274131274,2.5303492861632395,"[[30.000001907348633, 4.000000476837158], [35.000003814697266, 4.000000476837158], 0.6075500249862671]",0.0068435077519379845,0.007751937984496124,0.007630813953488372,0.007751937984496124,,10.107762098312378,81.64074277877808
fing_x_face,15,0.01,li_V>ri_V>face_G,3,LR-P1-N2,GP,xfit,300,True,0.0062286972521340455,0.031007751937984496,0.005881296578970997,0.03474903474903475,1.1235521235521235,1.9628116488581604,"[[21.000001907348633, 6.000000476837158], [21.000001907348633, 3.000000238418579], 74.584716796875]",0.006661821705426356,0.023255813953488372,0.0075096899224806205,0.03875968992248062,,10.107762098312378,81.64074277877808
fing_x_face,15,0.01,li_V>ri_V>face_G,3,HYP,GP,xfit,300,False,,,,,,,,,,,,,10.107762098312378,81.64074277877808
fing_x_face,15,0.01,li_V>ri_V>face_G,3,S1-Marcialis,rule,xfit,300,True,0.006937532048381745,0.01937984496124031,0.0073029840471700936,0.03474903474903475,1.247104247104247,2.3293526084223757,"[[30.000001907348633, 6.0], [35.000003814697266, 3.0], 73.81857299804688]",0.007085755813953488,0.0,0.006661821705426356,0.03875968992248062,,10.107762098312378,81.64074277877808
fing_x_face,15,0.01,li_V>ri_V>face_G,3,S2-Symmetric,rule,xfit,300,True,0.006937532048381745,0.01937984496124031,0.0073029840471700936,0.03474903474903475,1.247104247104247,2.3293526084223757,"[[30.000001907348633, 6.0], [35.000003814697266, 3.0], 73.81857299804688]",0.007085755813953488,0.0,0.006661821705426356,0.03875968992248062,,10.107762098312378,81.64074277877808
fing_x_face,15,0.01,li_V>ri_V>face_G,3,S3-SPRT,rule,xfit,300,True,0.006500165897505504,0.03875968992248062,0.004848702523121128,0.015444015444015444,1.2316602316602316,2.0565981263655684,"[[4.871571932825799, -3.523733219687808], [4.871571932825799, -3.523733219687808], -2.5065235070657064]",0.006782945736434108,0.023255813953488372,0.006904069767441861,0.05426356589147287,,10.107762098312378,81.64074277877808
fing_x_face,15,0.01,li_V>ri_V>face_G,3,S4-Direct,rule,xfit,300,True,0.007012940005429373,0.007751937984496124,0.007617251803298315,0.019305019305019305,1.274131274131274,2.5303492861632395,"[[30.000001907348633, 4.000000476837158], [35.000003814697266, 4.000000476837158], 73.8204574584961]",0.006964631782945737,0.007751937984496124,0.006480135658914729,0.007751937984496124,,10.107762098312378,81.64074277877808
fing_x_face,15,0.01,ri_V>face_C>face_G,3,LR-P1-N2,GP,xfit,300,True,0.006168370886495943,0.003875968992248062,0.007033611684774475,0.011583011583011582,1.0810810810810811,2.8710753943312084,"[[20.000001907348633, 3.000000238418579], [0.6390000581741333, -Infinity], 74.73880767822266]",0.006964631782945737,0.007751937984496124,0.005390019379844961,0.0,,10.107762098312378,81.64074277877808
fing_x_face,15,0.01,ri_V>face_C>face_G,3,HYP,GP,xfit,300,False,,,,,,,,,,,,,10.107762098312378,81.64074277877808
fing_x_face,15,0.01,ri_V>face_C>face_G,3,S1-Marcialis,rule,xfit,300,True,0.007676530027448497,0.007751937984496124,0.008335578103019964,0.015444015444015444,1.196911196911197,2.982894854987878,"[[35.000003814697266, 3.0], [0.6979800462722778, -1.0], 73.92938232421875]",0.00720687984496124,0.015503875968992248,0.006722383720930232,0.0,,10.107762098312378,81.64074277877808
fing_x_face,15,0.01,ri_V>face_C>face_G,3,S2-Symmetric,rule,xfit,300,True,0.007676530027448497,0.007751937984496124,0.008335578103019964,0.015444015444015444,1.196911196911197,2.982894854987878,"[[35.000003814697266, 3.0], [0.6979800462722778, -1.0], 73.92938232421875]",0.00720687984496124,0.015503875968992248,0.006722383720930232,0.0,,10.107762098312378,81.64074277877808
fing_x_face,15,0.01,ri_V>face_C>face_G,3,S3-SPRT,rule,xfit,300,True,0.008867975748801013,0.011627906976744186,0.008515159677950376,0.003861003861003861,1.1467181467181466,1.7358803986710964,"[[4.472440495776489, -3.995385948470832], [4.472440495776489, -3.995385948470832], -2.4458425285912666]",0.00660125968992248,0.007751937984496124,0.006722383720930232,0.015503875968992248,,10.107762098312378,81.64074277877808
fing_x_face,15,0.01,ri_V>face_C>face_G,3,S4-Direct,rule,xfit,300,True,0.008792567791753386,0.003875968992248062,0.010086498458591482,0.011583011583011582,1.1235521235521235,2.200143665259944,"[[28.000001907348633, 4.000000476837158], [0.6294600367546082, 0.531480073928833], 73.84602355957031]",0.007267441860465116,0.007751937984496124,0.006661821705426356,0.0,,10.107762098312378,81.64074277877808
fing_x_face,15,0.01,ri_V>face_C>li_V,3,LR-P1-N2,GP,xfit,300,True,0.006062799746629264,0.003875968992248062,0.007033611684774475,0.015444015444015444,1.0772200772200773,2.870446858818952,"[[20.000001907348633, 3.000000238418579], [0.6346100568771362, -Infinity], 25.000001907348633]",0.006480135658914729,0.007751937984496124,0.005692829457364341,0.0,,10.107762098312378,81.64074277877808
fing_x_face,15,0.01,ri_V>face_C>li_V,3,HYP,GP,xfit,300,False,,,,,,,,,,,,,10.107762098312378,81.64074277877808
fing_x_face,15,0.01,ri_V>face_C>li_V,3,S1-Marcialis,rule,xfit,300,True,0.006017554972400687,0.011627906976744186,0.0052677261979587565,0.019305019305019305,1.196911196911197,2.982894854987878,"[[35.000003814697266, 3.0], [0.6979800462722778, -1.0], 20.0]",0.005026647286821706,0.0,0.007146317829457364,0.023255813953488372,,10.107762098312378,81.64074277877808
fing_x_face,15,0.01,ri_V>face_C>li_V,3,S2-Symmetric,rule,xfit,300,True,0.006017554972400687,0.011627906976744186,0.0052677261979587565,0.019305019305019305,1.196911196911197,2.982894854987878,"[[35.000003814697266, 3.0], [0.6979800462722778, -1.0], 20.0]",0.005026647286821706,0.0,0.007146317829457364,0.023255813953488372,,10.107762098312378,81.64074277877808
fing_x_face,15,0.01,ri_V>face_C>li_V,3,S3-SPRT,rule,xfit,300,True,0.0072844086508008325,0.011627906976744186,0.0055670288228427765,0.003861003861003861,1.1467181467181466,1.7358803986710964,"[[4.472440495776489, -3.995385948470832], [4.472440495776489, -3.995385948470832], -2.7057680815818603]",0.006419573643410853,0.007751937984496124,0.006661821705426356,0.015503875968992248,,10.107762098312378,81.64074277877808
fing_x_face,15,0.01,ri_V>face_C>li_V,3,S4-Direct,rule,xfit,300,True,0.0068922872741531685,0.003875968992248062,0.006614588009936847,0.015444015444015444,1.1235521235521235,2.200143665259944,"[[28.000001907348633, 4.000000476837158], [0.6294600367546082, 0.531480073928833], 19.0]",0.006298449612403101,0.007751937984496124,0.006298449612403101,0.0,,10.107762098312378,81.64074277877808
fing_x_face,15,0.01,ri_V>face_G>face_C,3,LR-P1-N2,GP,xfit,300,True,0.006258860434953096,0.003875968992248062,0.007198228128460687,0.011583011583011582,1.0694980694980696,2.715333273472808,"[[20.000001907348633, 3.000000238418579], [74.73880767822266, 64.83816528320312], 0.6380300521850586]",0.007146317829457364,0.007751937984496124,0.005450581395348837,0.0,,10.107762098312378,81.64074277877808
fing_x_face,15,0.01,ri_V>face_G>face_C,3,HYP,GP,xfit,300,False,,,,,,,,,,,,,10.107762098312378,81.64074277877808
fing_x_face,15,0.01,ri_V>face_G>face_C,3,S1-Marcialis,rule,xfit,300,True,0.009712544867734443,0.007751937984496124,0.012076860914070217,0.007722007722007722,1.1814671814671815,2.822588369099997,"[[35.000003814697266, 3.0], [75.97413635253906, 64.80564880371094], 0.610509991645813]",0.006722383720930232,0.007751937984496124,0.007388565891472868,0.007751937984496124,,10.107762098312378,81.64074277877808
fing_x_face,15,0.01,ri_V>face_G>face_C,3,S2-Symmetric,rule,xfit,300,True,0.00877748620034386,0.003875968992248062,0.01064020831462692,0.007722007722007722,1.1583011583011582,2.8185477836640627,"[[35.000003814697266, 3.0], [74.30677795410156, 64.80564880371094], 0.6183199882507324]",0.007267441860465116,0.007751937984496124,0.007025193798449613,0.0,,10.107762098312378,81.64074277877808
fing_x_face,15,0.01,ri_V>face_G>face_C,3,S3-SPRT,rule,xfit,300,True,0.0092148523512201,0.015503875968992248,0.008425368890485169,0.003861003861003861,1.138996138996139,1.7302535093232767,"[[4.472440495776489, -3.995385948470832], [4.472440495776489, -3.995385948470832], -2.357364528680728]",0.006661821705426356,0.007751937984496124,0.0068435077519379845,0.023255813953488372,,10.107762098312378,81.64074277877808
fing_x_face,15,0.01,ri_V>face_G>face_C,3,S4-Direct,rule,xfit,300,True,0.009878442373239224,0.003875968992248062,0.011762593157941995,0.007722007722007722,1.1274131274131274,2.163344407530454,"[[28.000001907348633, 4.000000476837158], [74.41653442382812, 66.35342407226562], 0.610509991645813]",0.007085755813953488,0.007751937984496124,0.007267441860465116,0.0,,10.107762098312378,81.64074277877808
fing_x_face,15,0.01,ri_V>face_G>li_V,3,LR-P1-N2,GP,xfit,300,True,0.0063191868005911984,0.007751937984496124,0.00665948340366945,0.007722007722007722,1.0694980694980696,2.7148543892729937,"[[20.000001907348633, 3.000000238418579], [74.61289978027344, 64.83816528320312], 24.000001907348633]",0.006964631782945737,0.007751937984496124,0.0061773255813953485,0.007751937984496124,,10.107762098312378,81.64074277877808
fing_x_face,15,0.01,ri_V>face_G>li_V,3,HYP,GP,xfit,300,False,,,,,,,,,,,,,10.107762098312378,81.64074277877808
fing_x_face,15,0.01,ri_V>face_G>li_V,3,S1-Marcialis,rule,xfit,300,True,0.0071939191023436795,0.027131782945736434,0.0061506689413666155,0.015444015444015444,1.1814671814671815,2.822588369099997,"[[35.000003814697266, 3.0], [75.97413635253906, 64.80564880371094], 19.0]",0.007025193798449613,0.015503875968992248,0.007328003875968992,0.03875968992248062,,10.107762098312378,81.64074277877808
fing_x_face,15,0.01,ri_V>face_G>li_V,3,S2-Symmetric,rule,xfit,300,True,0.0062739420263626215,0.003875968992248062,0.006390111041273832,0.011583011583011582,1.1583011583011582,2.8185477836640627,"[[35.000003814697266, 3.0], [74.30677795410156, 64.80564880371094], 22.0]",0.006359011627906977,0.0,0.00660125968992248,0.007751937984496124,,10.107762098312378,81.64074277877808
fing_x_face,15,0.01,ri_V>face_G>li_V,3,S3-SPRT,rule,xfit,300,True,0.006470002714686454,0.01937984496124031,0.004654155816946515,0.007722007722007722,1.138996138996139,1.7302535093232767,"[[4.472440495776489, -3.995385948470832], [4.472440495776489, -3.995385948470832], -2.5127600628262687]",0.0068435077519379845,0.007751937984496124,0.006722383720930232,0.031007751937984496,,10.107762098312378,81.64074277877808
fing_x_face,15,0.01,ri_V>face_G>li_V,3,S4-Direct,rule,xfit,300,True,0.00763128525321992,0.007751937984496124,0.006689413666157852,0.019305019305019305,1.162162162162162,2.1636137798928496,"[[35.000003814697266, 4.000000476837158], [74.41653442382812, 66.35342407226562], 18.0]",0.005632267441860465,0.007751937984496124,0.006722383720930232,0.007751937984496124,,10.107762098312378,81.64074277877808
fing_x_face,15,0.01,ri_V>li_V>face_C,3,LR-P1-N2,GP,xfit,300,True,0.00678671613428649,0.023255813953488372,0.007003681422286074,0.02702702702702703,1.0810810810810811,2.4055550567178474,"[[19.000001907348633, 3.000000238418579], [26.000001907348633, 6.000000476837158], 0.6371400356292725]",0.006964631782945737,0.015503875968992248,0.006722383720930232,0.031007751937984496,,10.107762098312378,81.64074277877808
fing_x_face,15,0.01,ri_V>li_V>face_C,3,HYP,GP,xfit,300,False,,,,,,,,,,,,,10.107762098312378,81.64074277877808
fing_x_face,15,0.01,ri_V>li_V>face_C,3,S1-Marcialis,rule,xfit,300,True,0.00904895484571532,0.01937984496124031,0.00990691688366107,0.019305019305019305,1.196911196911197,2.6542306426027356,"[[35.000003814697266, 3.0], [30.000001907348633, 6.0], 0.6086400151252747]",0.006782945736434108,0.0,0.007388565891472868,0.03875968992248062,,10.107762098312378,81.64074277877808
fing_x_face,15,0.01,ri_V>li_V>face_C,3,S2-Symmetric,rule,xfit,300,True,0.00904895484571532,0.01937984496124031,0.00990691688366107,0.019305019305019305,1.196911196911197,2.6542306426027356,"[[35.000003814697266, 3.0], [30.000001907348633, 6.0], 0.6086400151252747]",0.006782945736434108,0.0,0.007388565891472868,0.03875968992248062,,10.107762098312378,81.64074277877808
fing_x_face,15,0.01,ri_V>li_V>face_C,3,S3-SPRT,rule,xfit,300,True,0.007043103188248424,0.03875968992248062,0.00532758672293556,0.015444015444015444,1.1544401544401544,1.7303133698482536,"[[4.472440495776489, -3.995385948470832], [4.472440495776489, -3.995385948470832], -2.526382450981008]",0.006419573643410853,0.023255813953488372,0.007025193798449613,0.05426356589147287,,10.107762098312378,81.64074277877808
fing_x_face,15,0.01,ri_V>li_V>face_C,3,S4-Direct,rule,xfit,300,True,0.010134829427201158,0.007751937984496124,0.010999371464487744,0.011583011583011582,1.2007722007722008,2.5089641136152765,"[[35.000003814697266, 4.000000476837158], [30.000001907348633, 4.000000476837158], 0.6075500249862671]",0.0068435077519379845,0.007751937984496124,0.007630813953488372,0.007751937984496124,,10.107762098312378,81.64074277877808
fing_x_face,15,0.01,ri_V>li_V>face_G,3,LR-P1-N2,GP,xfit,300,True,0.006816879317105541,0.027131782945736434,0.007003681422286074,0.019305019305019305,1.0810810810810811,2.4055550567178474,"[[19.000001907348633, 3.000000238418579], [26.000001907348633, 6.000000476837158], 74.61471557617188]",0.007085755813953488,0.015503875968992248,0.007025193798449613,0.03875968992248062,,10.107762098312378,81.64074277877808
fing_x_face,15,0.01,ri_V>li_V>face_G,3,HYP,GP,xfit,300,False,,,,,,,,,,,,,10.107762098312378,81.64074277877808
fing_x_face,15,0.01,ri_V>li_V>face_G,3,S1-Marcialis,rule,xfit,300,True,0.006937532048381745,0.01937984496124031,0.0073029840471700936,0.02702702702702703,1.196911196911197,2.6542306426027356,"[[35.000003814697266, 3.0], [30.000001907348633, 6.0], 73.81857299804688]",0.007085755813953488,0.0,0.006661821705426356,0.03875968992248062,,10.107762098312378,81.64074277877808
fing_x_face,15,0.01,ri_V>li_V>face_G,3,S2-Symmetric,rule,xfit,300,True,0.006937532048381745,0.01937984496124031,0.0073029840471700936,0.02702702702702703,1.196911196911197,2.6542306426027356,"[[35.000003814697266, 3.0], [30.000001907348633, 6.0], 73.81857299804688]",0.007085755813953488,0.0,0.006661821705426356,0.03875968992248062,,10.107762098312378,81.64074277877808
fing_x_face,15,0.01,ri_V>li_V>face_G,3,S3-SPRT,rule,xfit,300,True,0.0062739420263626215,0.03875968992248062,0.004609260423213911,0.019305019305019305,1.1544401544401544,1.7303133698482536,"[[4.472440495776489, -3.995385948470832], [4.472440495776489, -3.995385948470832], -2.4727846401678626]",0.006722383720930232,0.023255813953488372,0.006722383720930232,0.05426356589147287,,10.107762098312378,81.64074277877808
fing_x_face,15,0.01,ri_V>li_V>face_G,3,S4-Direct,rule,xfit,300,True,0.006997858414019847,0.007751937984496124,0.007617251803298315,0.019305019305019305,1.2007722007722008,2.5089641136152765,"[[35.000003814697266, 4.000000476837158], [30.000001907348633, 4.000000476837158], 73.8204574584961]",0.006964631782945737,0.007751937984496124,0.006480135658914729,0.007751937984496124,,10.107762098312378,81.64074277877808
fing_x_face,15,0.01,face_C>face_G>li_V>ri_V,4,LR-P1-N2,GP,xfit,300,True,0.005323801767562513,0.003875968992248062,0.006539762353715842,0.007722007722007722,1.1776061776061777,3.227604681093053,"[[0.6236900687217712, -Infinity], [74.67781829833984, 64.83816528320312], [30.000001907348633, 6.000000476837158], 28.000001907348633]",0.006964631782945737,0.007751937984496124,0.003997093023255814,0.0,,10.107762098312378,81.64074277877808
fing_x_face,15,0.01,face_C>face_G>li_V>ri_V,4,HYP,GP,xfit,300,False,,,,,,,,,,,,,10.107762098312378,81.64074277877808
fing_x_face,15,0.01,face_C>face_G>li_V>ri_V,4,S1-Marcialis,rule,xfit,300,True,0.00580641269266733,0.007751937984496124,0.005312621591691359,0.011583011583011582,1.7027027027027026,3.3934183352788003,"[[0.6979800462722778, -1.0], [75.97413635253906, 64.80564880371094], [30.000001907348633, 6.0], 19.0]",0.006722383720930232,0.0,0.005692829457364341,0.015503875968992248,,10.107762098312378,81.64074277877808
fing_x_face,15,0.01,face_C>face_G>li_V>ri_V,4,S2-Symmetric,rule,xfit,300,True,0.00580641269266733,0.007751937984496124,0.005312621591691359,0.011583011583011582,1.7027027027027026,3.3934183352788003,"[[0.6979800462722778, -1.0], [75.97413635253906, 64.80564880371094], [30.000001907348633, 6.0], 19.0]",0.006722383720930232,0.0,0.005692829457364341,0.015503875968992248,,10.107762098312378,81.64074277877808
fing_x_face,15,0.01,face_C>face_G>li_V>ri_V,4,S3-SPRT,rule,xfit,300,True,0.009908605556058275,0.03488372093023256,0.009368172158869833,0.02702702702702703,1.359073359073359,1.4587860285534704,"[[4.751899759315907, -2.5987430615010703], [4.751899759315907, -2.5987430615010703], [4.751899759315907, -2.5987430615010703], -5.35258107454146]",0.0068435077519379845,0.031007751937984496,0.00720687984496124,0.03875968992248062,,10.107762098312378,81.64074277877808
fing_x_face,15,0.01,face_C>face_G>li_V>ri_V,4,S4-Direct,rule,xfit,300,True,0.006590655445962658,0.003875968992248062,0.005971087366436203,0.007722007722007722,1.2934362934362935,2.3072042141809583,"[[0.648870050907135, 0.5260200500488281], [75.97413635253906, 64.01529693603516], [30.000001907348633, 6.000000476837158], 17.0]",0.005995639534883721,0.007751937984496124,0.006359011627906977,0.0,,10.107762098312378,81.64074277877808
fing_x_face,15,0.01,face_C>face_G>ri_V>li_V,4,LR-P1-N2,GP,xfit,300,False,,,,,,,,,,,,,10.107762098312378,81.64074277877808
fing_x_face,15,0.01,face_C>face_G>ri_V>li_V,4,HYP,GP,xfit,300,False,,,,,,,,,,,,,10.107762098312378,81.64074277877808
fing_x_face,15,0.01,face_C>face_G>ri_V>li_V,4,S1-Marcialis,rule,xfit,300,True,0.007209000693753205,0.011627906976744186,0.006195564335099219,0.003861003861003861,1.691119691119691,3.669435215946844,"[[0.6979800462722778, -1.0], [75.97413635253906, 64.80564880371094], [35.000003814697266, 3.0], 19.0]",0.007025193798449613,0.0,0.007328003875968992,0.023255813953488372,,10.107762098312378,81.64074277877808
fing_x_face,15,0.01,face_C>face_G>ri_V>li_V,4,S2-Symmetric,rule,xfit,300,True,0.006289023617772147,0.0,0.006435006435006435,0.003861003861003861,1.5405405405405406,3.6613839753374635,"[[0.6979800462722778, -1.0], [74.30677795410156, 64.80564880371094], [35.000003814697266, 3.0], 22.0]",0.006359011627906977,0.0,0.00660125968992248,0.0,,10.107762098312378,81.64074277877808
fing_x_face,15,0.01,face_C>face_G>ri_V>li_V,4,S3-SPRT,rule,xfit,300,True,0.008686996651886707,0.031007751937984496,0.008320612971775762,0.023166023166023165,1.3629343629343629,1.4546107569363382,"[[4.751899759315907, -2.5987430615010703], [4.751899759315907, -2.5987430615010703], [4.751899759315907, -2.5987430615010703], -5.204894444497427]",0.006904069767441861,0.023255813953488372,0.0068435077519379845,0.03875968992248062,,10.107762098312378,81.64074277877808
fing_x_face,15,0.01,face_C>face_G>ri_V>li_V,4,S4-Direct,rule,xfit,300,True,0.005987391789581637,0.003875968992248062,0.005581993954086977,0.011583011583011582,1.277992277992278,2.2922989434617342,"[[0.648870050907135, 0.5260200500488281], [75.97413635253906, 64.01529693603516], [22.000001907348633, 6.000000476837158], 18.0]",0.006722383720930232,0.007751937984496124,0.005995639534883721,0.0,,10.107762098312378,81.64074277877808
fing_x_face,15,0.01,face_C>li_V>face_G>ri_V,4,LR-P1-N2,GP,xfit,300,False,,,,,,,,,,,,,10.107762098312378,81.64074277877808
fing_x_face,15,0.01,face_C>li_V>face_G>ri_V,4,HYP,GP,xfit,300,False,,,,,,,,,,,,,10.107762098312378,81.64074277877808
fing_x_face,15,0.01,face_C>li_V>face_G>ri_V,4,S1-Marcialis,rule,xfit,300,True,0.005821494284076856,0.007751937984496124,0.005342551854179761,0.011583011583011582,1.5135135135135136,3.22157373320164,"[[0.6979800462722778, -1.0], [30.000001907348633, 6.0], [75.97413635253906, 64.80564880371094], 19.0]",0.006722383720930232,0.0,0.005753391472868217,0.015503875968992248,,10.107762098312378,81.64074277877808
fing_x_face,15,0.01,face_C>li_V>face_G>ri_V,4,S2-Symmetric,rule,xfit,300,True,0.005821494284076856,0.007751937984496124,0.005342551854179761,0.011583011583011582,1.5135135135135136,3.22157373320164,"[[0.6979800462722778, -1.0], [30.000001907348633, 6.0], [75.97413635253906, 64.80564880371094], 19.0]",0.006722383720930232,0.0,0.005753391472868217,0.015503875968992248,,10.107762098312378,81.64074277877808
fing_x_face,15,0.01,face_C>li_V>face_G>ri_V,4,S3-SPRT,rule,xfit,300,True,0.00975778964196302,0.011627906976744186,0.009682439914998054,0.011583011583011582,1.308880308880309,1.4298584298584298,"[[4.751899759315907, -2.5987430615010703], [4.751899759315907, -2.5987430615010703], [4.751899759315907, -2.5987430615010703], -6.024526122728833]",0.006782945736434108,0.015503875968992248,0.007449127906976744,0.007751937984496124,,10.107762098312378,81.64074277877808
fing_x_face,15,0.01,face_C>li_V>face_G>ri_V,4,S4-Direct,rule,xfit,300,True,0.0063795131662293,0.003875968992248062,0.005357516985423963,0.011583011583011582,1.3011583011583012,1.9607314956152166,"[[0.6708900332450867, 0.5260200500488281], [30.000001907348633, 6.000000476837158], [74.61289978027344, 66.35342407226562], 16.0]",0.005632267441860465,0.007751937984496124,0.006237887596899225,0.0,,10.107762098312378,81.64074277877808
fing_x_face,15,0.01,face_C>li_V>ri_V>face_G,4,LR-P1-N2,GP,xfit,300,False,,,,,,,,,,,,,10.107762098312378,81.64074277877808
fing_x_face,15,0.01,face_C>li_V>ri_V>face_G,4,HYP,GP,xfit,300,False,,,,,,,,,,,,,10.107762098312378,81.64074277877808
fing_x_face,15,0.01,face_C>li_V>ri_V>face_G,4,S1-Marcialis,rule,xfit,300,True,0.006937532048381745,0.0,0.007317949178414294,0.011583011583011582,1.494208494208494,3.3292478525036664,"[[0.6979800462722778, -1.0], [30.000001907348633, 6.0], [35.000003814697266, 3.0], 73.81857299804688]",0.007085755813953488,0.0,0.006661821705426356,0.0,,10.107762098312378,81.64074277877808
fing_x_face,15,0.01,face_C>li_V>ri_V>face_G,4,S2-Symmetric,rule,xfit,300,True,0.006937532048381745,0.0,0.007317949178414294,0.011583011583011582,1.494208494208494,3.3292478525036664,"[[0.6979800462722778, -1.0], [30.000001907348633, 6.0], [35.000003814697266, 3.0], 73.81857299804688]",0.007085755813953488,0.0,0.006661821705426356,0.0,,10.107762098312378,81.64074277877808
fing_x_face,15,0.01,face_C>li_V>ri_V>face_G,4,S3-SPRT,rule,xfit,300,True,0.00482610925104817,0.011627906976744186,0.0033372242674568255,0.007722007722007722,1.3127413127413128,1.4223309688425967,"[[4.751899759315907, -2.5987430615010703], [4.751899759315907, -2.5987430615010703], [4.751899759315907, -2.5987430615010703], -Infinity]",0.006056201550387597,0.015503875968992248,0.004421027131782946,0.007751937984496124,,10.107762098312378,81.64074277877808
fing_x_face,15,0.01,face_C>li_V>ri_V>face_G,4,S4-Direct,rule,xfit,300,True,0.007028021596838898,0.003875968992248062,0.0062554248600760224,0.015444015444015444,1.2934362934362935,1.9640687198826734,"[[0.6708900332450867, 0.5260200500488281], [30.000001907348633, 6.000000476837158], [22.000001907348633, 6.000000476837158], 73.40309143066406]",0.0068435077519379845,0.007751937984496124,0.007025193798449613,0.0,,10.107762098312378,81.64074277877808
fing_x_face,15,0.01,face_C>ri_V>face_G>li_V,4,LR-P1-N2,GP,xfit,300,True,0.005595270412933973,0.0,0.006973751159797671,0.007722007722007722,1.1158301158301158,3.7064140552512645,"[[0.6228600740432739, -Infinity], [24.000001907348633, 3.000000238418579], [75.20835876464844, 64.83816528320312], 27.000001907348633]",0.007025193798449613,0.0,0.0041787790697674415,0.0,,10.107762098312378,81.64074277877808
fing_x_face,15,0.01,face_C>ri_V>face_G>li_V,4,HYP,GP,xfit,300,False,,,,,,,,,,,,,10.107762098312378,81.64074277877808
fing_x_face,15,0.01,face_C>ri_V>face_G>li_V,4,S1-Marcialis,rule,xfit,300,True,0.007209000693753205,0.011627906976744186,0.006195564335099219,0.003861003861003861,1.4787644787644787,3.822453682918799,"[[0.6979800462722778, -1.0], [35.000003814697266, 3.0], [75.97413635253906, 64.80564880371094], 19.0]",0.007025193798449613,0.0,0.007328003875968992,0.023255813953488372,,10.107762098312378,81.64074277877808
fing_x_face,15,0.01,face_C>ri_V>face_G>li_V,4,S2-Symmetric,rule,xfit,300,True,0.006289023617772147,0.0,0.006405076172518033,0.003861003861003861,1.4594594594594594,3.8184430277453534,"[[0.6979800462722778, -1.0], [35.000003814697266, 3.0], [74.30677795410156, 64.80564880371094], 22.0]",0.006359011627906977,0.0,0.00660125968992248,0.0,,10.107762098312378,81.64074277877808
fing_x_face,15,0.01,face_C>ri_V>face_G>li_V,4,S3-SPRT,rule,xfit,300,True,0.007616203661810394,0.003875968992248062,0.007422705097123701,0.007722007722007722,1.2895752895752897,1.4142497979707283,"[[4.751899759315907, -2.5987430615010703], [4.751899759315907, -2.5987430615010703], [4.751899759315907, -2.5987430615010703], -Infinity]",0.006722383720930232,0.007751937984496124,0.005813953488372093,0.0,,10.107762098312378,81.64074277877808
fing_x_face,15,0.01,face_C>ri_V>face_G>li_V,4,S4-Direct,rule,xfit,300,True,0.006198534069314994,0.003875968992248062,0.004998353835563138,0.011583011583011582,1.4131274131274132,1.9407231151417197,"[[0.6979800462722778, 0.5260200500488281], [22.000001907348633, 6.000000476837158], [74.61289978027344, 66.35342407226562], 17.0]",0.005935077519379845,0.007751937984496124,0.005874515503875969,0.0,,10.107762098312378,81.64074277877808
fing_x_face,15,0.01,face_C>ri_V>li_V>face_G,4,LR-P1-N2,GP,xfit,300,True,0.005776249509848279,0.0,0.0073029840471700936,0.007722007722007722,1.1158301158301158,3.2644787644787643,"[[0.6232800483703613, -Infinity], [23.000001907348633, 3.000000238418579], [29.000001907348633, 7.000000476837158], 74.87910461425781]",0.006964631782945737,0.0,0.004421027131782946,0.0,,10.107762098312378,81.64074277877808
fing_x_face,15,0.01,face_C>ri_V>li_V>face_G,4,HYP,GP,xfit,300,False,,,,,,,,,,,,,10.107762098312378,81.64074277877808
fing_x_face,15,0.01,face_C>ri_V>li_V>face_G,4,S1-Marcialis,rule,xfit,300,True,0.006937532048381745,0.0,0.007317949178414294,0.007722007722007722,1.471042471042471,3.654110921552782,"[[0.6979800462722778, -1.0], [35.000003814697266, 3.0], [30.000001907348633, 6.0], 73.81857299804688]",0.007085755813953488,0.0,0.006661821705426356,0.0,,10.107762098312378,81.64074277877808
fing_x_face,15,0.01,face_C>ri_V>li_V>face_G,4,S2-Symmetric,rule,xfit,300,True,0.006937532048381745,0.0,0.007317949178414294,0.007722007722007722,1.471042471042471,3.654110921552782,"[[0.6979800462722778, -1.0], [35.000003814697266, 3.0], [30.000001907348633, 6.0], 73.81857299804688]",0.007085755813953488,0.0,0.006661821705426356,0.0,,10.107762098312378,81.64074277877808
fing_x_face,15,0.01,face_C>ri_V>li_V>face_G,4,S3-SPRT,rule,xfit,300,True,0.0046451301541338644,0.003875968992248062,0.0035766663673640416,0.007722007722007722,1.2934362934362935,1.4104187243722128,"[[4.751899759315907, -2.5987430615010703], [4.751899759315907, -2.5987430615010703], [4.751899759315907, -2.5987430615010703], -Infinity]",0.005632267441860465,0.007751937984496124,0.004118217054263566,0.0,,10.107762098312378,81.64074277877808
fing_x_face,15,0.01,face_C>ri_V>li_V>face_G,4,S4-Direct,rule,xfit,300,True,0.006620818628781709,0.007751937984496124,0.006240459728831822,0.011583011583011582,1.416988416988417,1.909760258597468,"[[0.6979800462722778, 0.5260200500488281], [22.000001907348633, 6.000000476837158], [21.000001907348633, 7.000000476837158], 73.46328735351562]",0.006904069767441861,0.007751937984496124,0.007085755813953488,0.007751937984496124,,10.107762098312378,81.64074277877808
fing_x_face,15,0.01,face_G>face_C>li_V>ri_V,4,LR-P1-N2,GP,xfit,300,False,,,,,,,,,,,,,10.107762098312378,81.64074277877808
fing_x_face,15,0.01,face_G>face_C>li_V>ri_V,4,HYP,GP,xfit,300,False,,,,,,,,,,,,,10.107762098312378,81.64074277877808
fing_x_face,15,0.01,face_G>face_C>li_V>ri_V,4,S1-Marcialis,rule,xfit,300,True,0.00580641269266733,0.007751937984496124,0.005312621591691359,0.011583011583011582,1.6563706563706564,3.231914638891383,"[[75.97413635253906, 64.80564880371094], [0.6979800462722778, -1.0], [30.000001907348633, 6.0], 19.0]",0.006722383720930232,0.0,0.005692829457364341,0.015503875968992248,,10.107762098312378,81.64074277877808
fing_x_face,15,0.01,face_G>face_C>li_V>ri_V,4,S2-Symmetric,rule,xfit,300,True,0.00580641269266733,0.007751937984496124,0.005312621591691359,0.011583011583011582,1.6563706563706564,3.231914638891383,"[[75.97413635253906, 64.80564880371094], [0.6979800462722778, -1.0], [30.000001907348633, 6.0], 19.0]",0.006722383720930232,0.0,0.005692829457364341,0.015503875968992248,,10.107762098312378,81.64074277877808
fing_x_face,15,0.01,face_G>face_C>li_V>ri_V,4,S3-SPRT,rule,xfit,300,True,0.008898138931620064,0.031007751937984496,0.007961449821914938,0.007722007722007722,1.4787644787644787,1.9153871479452875,"[[5.426132977334145, -3.482222103528612], [5.426132977334145, -3.482222103528612], [5.426132977334145, -3.482222103528612], -4.646356348217315]",0.006964631782945737,0.031007751937984496,0.006782945736434108,0.031007751937984496,,10.107762098312378,81.64074277877808
fing_x_face,15,0.01,face_G>face_C>li_V>ri_V,4,S4-Direct,rule,xfit,300,True,0.006258860434953096,0.003875968992248062,0.005297656460447158,0.011583011583011582,1.5521235521235521,2.6851934991469877,"[[75.97413635253906, 64.01529693603516], [0.6708900332450867, 0.5260200500488281], [30.000001907348633, 6.000000476837158], 17.0]",0.006661821705426356,0.0,0.006237887596899225,0.007751937984496124,,10.107762098312378,81.64074277877808
fing_x_face,15,0.01,face_G>face_C>ri_V>li_V,4,LR-P1-N2,GP,xfit,300,False,,,,,,,,,,,,,10.107762098312378,81.64074277877808
fing_x_face,15,0.01,face_G>face_C>ri_V>li_V,4,HYP,GP,xfit,300,False,,,,,,,,,,,,,10.107762098312378,81.64074277877808
fing_x_face,15,0.01,face_G>face_C>ri_V>li_V,4,S1-Marcialis,rule,xfit,300,True,0.007209000693753205,0.011627906976744186,0.006195564335099219,0.003861003861003861,1.6447876447876448,3.5079315195594267,"[[75.97413635253906, 64.80564880371094], [0.6979800462722778, -1.0], [35.000003814697266, 3.0], 19.0]",0.007025193798449613,0.0,0.007328003875968992,0.023255813953488372,,10.107762098312378,81.64074277877808
fing_x_face,15,0.01,face_G>face_C>ri_V>li_V,4,S2-Symmetric,rule,xfit,300,True,0.006289023617772147,0.0,0.006435006435006435,0.003861003861003861,1.3011583011583012,3.4958097632516236,"[[74.30677795410156, 64.80564880371094], [0.6979800462722778, -1.0], [35.000003814697266, 3.0], 22.0]",0.006359011627906977,0.0,0.00660125968992248,0.0,,10.107762098312378,81.64074277877808
fing_x_face,15,0.01,face_G>face_C>ri_V>li_V,4,S3-SPRT,rule,xfit,300,True,0.0085060175549724,0.027131782945736434,0.007811798509472928,0.007722007722007722,1.4749034749034748,1.9090419322977463,"[[5.426132977334145, -3.482222103528612], [5.426132977334145, -3.482222103528612], [5.426132977334145, -3.482222103528612], -4.677728411893299]",0.0068435077519379845,0.023255813953488372,0.006904069767441861,0.031007751937984496,,10.107762098312378,81.64074277877808
fing_x_face,15,0.01,face_G>face_C>ri_V>li_V,4,S4-Direct,rule,xfit,300,True,0.005550025638705396,0.007751937984496124,0.004773876866900123,0.011583011583011582,1.613899613899614,2.670512705396426,"[[75.97413635253906, 64.01529693603516], [0.6979800462722778, 0.5260200500488281], [22.000001907348633, 6.000000476837158], 18.0]",0.005692829457364341,0.0,0.005813953488372093,0.015503875968992248,,10.107762098312378,81.64074277877808
fing_x_face,15,0.01,face_G>li_V>face_C>ri_V,4,LR-P1-N2,GP,xfit,300,False,,,,,,,,,,,,,10.107762098312378,81.64074277877808
fing_x_face,15,0.01,face_G>li_V>face_C>ri_V,4,HYP,GP,xfit,300,False,,,,,,,,,,,,,10.107762098312378,81.64074277877808
fing_x_face,15,0.01,face_G>li_V>face_C>ri_V,4,S1-Marcialis,rule,xfit,300,True,0.00580641269266733,0.011627906976744186,0.005297656460447158,0.015444015444015444,1.444015444015444,2.9485947741761693,"[[75.97413635253906, 64.80564880371094], [30.000001907348633, 6.0], [0.6979800462722778, -1.0], 19.0]",0.006722383720930232,0.0,0.005692829457364341,0.023255813953488372,,10.107762098312378,81.64074277877808
fing_x_face,15,0.01,face_G>li_V>face_C>ri_V,4,S2-Symmetric,rule,xfit,300,True,0.00580641269266733,0.011627906976744186,0.005297656460447158,0.015444015444015444,1.444015444015444,2.9485947741761693,"[[75.97413635253906, 64.80564880371094], [30.000001907348633, 6.0], [0.6979800462722778, -1.0], 19.0]",0.006722383720930232,0.0,0.005692829457364341,0.023255813953488372,,10.107762098312378,81.64074277877808
fing_x_face,15,0.01,face_G>li_V>face_C>ri_V,4,S3-SPRT,rule,xfit,300,True,0.008355201640877146,0.01937984496124031,0.0072131932597048875,0.007722007722007722,1.3822393822393821,1.8922510550417526,"[[5.426132977334145, -3.482222103528612], [5.426132977334145, -3.482222103528612], [5.426132977334145, -3.482222103528612], -4.365077823147114]",0.006661821705426356,0.015503875968992248,0.007025193798449613,0.023255813953488372,,10.107762098312378,81.64074277877808
fing_x_face,15,0.01,face_G>li_V>face_C>ri_V,4,S4-Direct,rule,xfit,300,True,0.005731004735619703,0.0,0.0055670288228427765,0.019305019305019305,1.277992277992278,2.59486396695699,"[[74.96791076660156, 64.01529693603516], [30.000001907348633, 6.000000476837158], [0.6337000727653503, 0.531480073928833], 18.0]",0.005995639534883721,0.0,0.005087209302325582,0.0,,10.107762098312378,81.64074277877808
fing_x_face,15,0.01,face_G>li_V>ri_V>face_C,4,LR-P1-N2,GP,xfit,300,False,,,,,,,,,,,,,10.107762098312378,81.64074277877808
fing_x_face,15,0.01,face_G>li_V>ri_V>face_C,4,HYP,GP,xfit,300,False,,,,,,,,,,,,,10.107762098312378,81.64074277877808
fing_x_face,15,0.01,face_G>li_V>ri_V>face_C,4,S1-Marcialis,rule,xfit,300,True,0.009260097125448678,0.007751937984496124,0.010146358983568285,0.007722007722007722,1.416988416988417,2.9455269222711085,"[[75.97413635253906, 64.80564880371094], [30.000001907348633, 6.0], [35.000003814697266, 3.0], 0.6076200008392334]",0.006904069767441861,0.0,0.007328003875968992,0.015503875968992248,,10.107762098312378,81.64074277877808
fing_x_face,15,0.01,face_G>li_V>ri_V>face_C,4,S2-Symmetric,rule,xfit,300,True,0.009260097125448678,0.007751937984496124,0.010146358983568285,0.007722007722007722,1.416988416988417,2.9455269222711085,"[[75.97413635253906, 64.80564880371094], [30.000001907348633, 6.0], [35.000003814697266, 3.0], 0.6076200008392334]",0.006904069767441861,0.0,0.007328003875968992,0.015503875968992248,,10.107762098312378,81.64074277877808
fing_x_face,15,0.01,face_G>li_V>ri_V>face_C,4,S3-SPRT,rule,xfit,300,True,0.006816879317105541,0.01937984496124031,0.0052677261979587565,0.007722007722007722,1.3706563706563706,1.8773607494537727,"[[5.426132977334145, -3.482222103528612], [5.426132977334145, -3.482222103528612], [5.426132977334145, -3.482222103528612], -4.466877174628186]",0.00660125968992248,0.015503875968992248,0.006661821705426356,0.023255813953488372,,10.107762098312378,81.64074277877808
fing_x_face,15,0.01,face_G>li_V>ri_V>face_C,4,S4-Direct,rule,xfit,300,True,0.009229933942629626,0.0,0.00857502020292718,0.007722007722007722,1.2625482625482625,2.603648498997336,"[[74.96791076660156, 64.01529693603516], [30.000001907348633, 6.000000476837158], [22.000001907348633, 6.000000476837158], 0.6002600193023682]",0.007025193798449613,0.0,0.007388565891472868,0.0,,10.107762098312378,81.64074277877808
fing_x_face,15,0.01,face_G>ri_V>face_C>li_V,4,LR-P1-N2,GP,xfit,300,True,0.006530329080324556,0.003875968992248062,0.006883960372332465,0.007722007722007722,1.1505791505791505,3.3822693125018706,"[[74.10525512695312, 64.83816528320312], [24.000001907348633, 3.000000238418579], [0.6649300456047058, -Infinity], 28.000001907348633]",0.007267441860465116,0.007751937984496124,0.0055717054263565895,0.0,,10.107762098312378,81.64074277877808
fing_x_face,15,0.01,face_G>ri_V>face_C>li_V,4,HYP,GP,xfit,300,False,,,,,,,,,,,,,10.107762098312378,81.64074277877808
fing_x_face,15,0.01,face_G>ri_V>face_C>li_V,4,S1-Marcialis,rule,xfit,300,True,0.007209000693753205,0.011627906976744186,0.006195564335099219,0.003861003861003861,1.416988416988417,3.5006435006435006,"[[75.97413635253906, 64.80564880371094], [35.000003814697266, 3.0], [0.6979800462722778, -1.0], 19.0]",0.007025193798449613,0.0,0.007328003875968992,0.023255813953488372,,10.107762098312378,81.64074277877808
fing_x_face,15,0.01,face_G>ri_V>face_C>li_V,4,S2-Symmetric,rule,xfit,300,True,0.006289023617772147,0.0,0.006435006435006435,0.003861003861003861,1.1814671814671815,3.488521744335698,"[[74.30677795410156, 64.80564880371094], [35.000003814697266, 3.0], [0.6979800462722778, -1.0], 22.0]",0.006359011627906977,0.0,0.00660125968992248,0.0,,10.107762098312378,81.64074277877808
fing_x_face,15,0.01,face_G>ri_V>face_C>li_V,4,S3-SPRT,rule,xfit,300,True,0.007661448436038971,0.015503875968992248,0.006749274191134656,0.003861003861003861,1.3513513513513513,1.8569632755679268,"[[5.426132977334145, -3.482222103528612], [5.426132977334145, -3.482222103528612], [5.426132977334145, -3.482222103528612], -4.346003553933036]",0.006722383720930232,0.007751937984496124,0.00660125968992248,0.023255813953488372,,10.107762098312378,81.64074277877808
fing_x_face,15,0.01,face_G>ri_V>face_C>li_V,4,S4-Direct,rule,xfit,300,True,0.006997858414019847,0.0,0.006569692616204244,0.003861003861003861,1.3667953667953667,2.5596659782706292,"[[75.97413635253906, 64.01529693603516], [22.000001907348633, 6.000000476837158], [0.6337000727653503, 0.531480073928833], 18.0]",0.006722383720930232,0.0,0.006480135658914729,0.0,,10.107762098312378,81.64074277877808
fing_x_face,15,0.01,face_G>ri_V>li_V>face_C,4,LR-P1-N2,GP,xfit,300,False,,,,,,,,,,,,,10.107762098312378,81.64074277877808
fing_x_face,15,0.01,face_G>ri_V>li_V>face_C,4,HYP,GP,xfit,300,False,,,,,,,,,,,,,10.107762098312378,81.64074277877808
fing_x_face,15,0.01,face_G>ri_V>li_V>face_C,4,S1-Marcialis,rule,xfit,300,True,0.009260097125448678,0.007751937984496124,0.010146358983568285,0.003861003861003861,1.4015444015444016,3.221558768070396,"[[75.97413635253906, 64.80564880371094], [35.000003814697266, 3.0], [30.000001907348633, 6.0], 0.6076200008392334]",0.006904069767441861,0.0,0.007328003875968992,0.015503875968992248,,10.107762098312378,81.64074277877808
fing_x_face,15,0.01,face_G>ri_V>li_V>face_C,4,S2-Symmetric,rule,xfit,300,True,0.009260097125448678,0.007751937984496124,0.010146358983568285,0.003861003861003861,1.4015444015444016,3.221558768070396,"[[75.97413635253906, 64.80564880371094], [35.000003814697266, 3.0], [30.000001907348633, 6.0], 0.6076200008392334]",0.006904069767441861,0.0,0.007328003875968992,0.015503875968992248,,10.107762098312378,81.64074277877808
fing_x_face,15,0.01,face_G>ri_V>li_V>face_C,4,S3-SPRT,rule,xfit,300,True,0.006681144994419811,0.015503875968992248,0.005162970279249349,0.007722007722007722,1.3474903474903475,1.8493011283708958,"[[5.426132977334145, -3.482222103528612], [5.426132977334145, -3.482222103528612], [5.426132977334145, -3.482222103528612], -4.513240235746462]",0.006904069767441861,0.007751937984496124,0.006661821705426356,0.023255813953488372,,10.107762098312378,81.64074277877808
fing_x_face,15,0.01,face_G>ri_V>li_V>face_C,4,S4-Direct,rule,xfit,300,True,0.00763128525321992,0.007751937984496124,0.007288018915925893,0.003861003861003861,1.3127413127413128,2.5164317141061328,"[[75.55891418457031, 64.01529693603516], [22.000001907348633, 6.000000476837158], [21.000001907348633, 7.000000476837158], 0.6069200038909912]",0.00720687984496124,0.0,0.007146317829457364,0.015503875968992248,,10.107762098312378,81.64074277877808
fing_x_face,15,0.01,li_V>face_C>face_G>ri_V,4,LR-P1-N2,GP,xfit,300,True,0.006258860434953096,0.023255813953488372,0.005806470922749993,0.03474903474903475,1.111969111969112,2.3862201071503395,"[[20.000001907348633, 6.000000476837158], [0.6337000727653503, -Infinity], [75.07616424560547, 64.83816528320312], 25.000001907348633]",0.0061773255813953485,0.015503875968992248,0.007025193798449613,0.031007751937984496,,10.107762098312378,81.64074277877808
fing_x_face,15,0.01,li_V>face_C>face_G>ri_V,4,HYP,GP,xfit,300,False,,,,,,,,,,,,,10.107762098312378,81.64074277877808
fing_x_face,15,0.01,li_V>face_C>face_G>ri_V,4,S1-Marcialis,rule,xfit,300,True,0.005821494284076856,0.023255813953488372,0.00532758672293556,0.03088803088803089,1.3166023166023166,2.8882104696058186,"[[30.000001907348633, 6.0], [0.6979800462722778, -1.0], [75.97413635253906, 64.80564880371094], 19.0]",0.006722383720930232,0.0,0.005753391472868217,0.046511627906976744,,10.107762098312378,81.64074277877808
fing_x_face,15,0.01,li_V>face_C>face_G>ri_V,4,S2-Symmetric,rule,xfit,300,True,0.005821494284076856,0.023255813953488372,0.00532758672293556,0.03088803088803089,1.3166023166023166,2.8882104696058186,"[[30.000001907348633, 6.0], [0.6979800462722778, -1.0], [75.97413635253906, 64.80564880371094], 19.0]",0.006722383720930232,0.0,0.005753391472868217,0.046511627906976744,,10.107762098312378,81.64074277877808
fing_x_face,15,0.01,li_V>face_C>face_G>ri_V,4,S3-SPRT,rule,xfit,300,True,0.00904895484571532,0.007751937984496124,0.008066205740624345,0.0,1.277992277992278,2.11181946065667,"[[4.871571932825799, -3.523733219687808], [4.871571932825799, -3.523733219687808], [4.871571932825799, -3.523733219687808], -4.648133740733415]",0.006540697674418605,0.007751937984496124,0.007146317829457364,0.007751937984496124,,10.107762098312378,81.64074277877808
fing_x_face,15,0.01,li_V>face_C>face_G>ri_V,4,S4-Direct,rule,xfit,300,True,0.007555877296172292,0.0,0.007422705097123701,0.007722007722007722,1.2625482625482625,2.4456167130585733,"[[30.000001907348633, 4.000000476837158], [0.6337000727653503, 0.531480073928833], [74.61289978027344, 66.35342407226562], 17.0]",0.006904069767441861,0.0,0.0061773255813953485,0.0,,10.107762098312378,81.64074277877808
fing_x_face,15,0.01,li_V>face_C>ri_V>face_G,4,LR-P1-N2,GP,xfit,300,False,,,,,,,,0.0068435077519379845,0.015503875968992248,,,True,10.107762098312378,81.64074277877808
fing_x_face,15,0.01,li_V>face_C>ri_V>face_G,4,HYP,GP,xfit,300,False,,,,,,,,,,,,,10.107762098312378,81.64074277877808
fing_x_face,15,0.01,li_V>face_C>ri_V>face_G,4,S1-Marcialis,rule,xfit,300,True,0.006937532048381745,0.015503875968992248,0.0073029840471700936,0.03088803088803089,1.2972972972972974,2.995884588907845,"[[30.000001907348633, 6.0], [0.6979800462722778, -1.0], [35.000003814697266, 3.0], 73.81857299804688]",0.007085755813953488,0.0,0.006661821705426356,0.031007751937984496,,10.107762098312378,81.64074277877808
fing_x_face,15,0.01,li_V>face_C>ri_V>face_G,4,S2-Symmetric,rule,xfit,300,True,0.006937532048381745,0.015503875968992248,0.0073029840471700936,0.03088803088803089,1.2972972972972974,2.995884588907845,"[[30.000001907348633, 6.0], [0.6979800462722778, -1.0], [35.000003814697266, 3.0], 73.81857299804688]",0.007085755813953488,0.0,0.006661821705426356,0.031007751937984496,,10.107762098312378,81.64074277877808
fing_x_face,15,0.01,li_V>face_C>ri_V>face_G,4,S3-SPRT,rule,xfit,300,True,0.006831960908515067,0.003875968992248062,0.005342551854179761,0.0,1.281853281853282,2.0984406333243544,"[[4.871571932825799, -3.523733219687808], [4.871571932825799, -3.523733219687808], [4.871571932825799, -3.523733219687808], -4.9952221972087285]",0.006661821705426356,0.0,0.007025193798449613,0.007751937984496124,,10.107762098312378,81.64074277877808
fing_x_face,15,0.01,li_V>face_C>ri_V>face_G,4,S4-Direct,rule,xfit,300,True,0.00793291708141043,0.0,0.008200891921822155,0.011583011583011582,1.250965250965251,2.432701804794828,"[[30.000001907348633, 4.000000476837158], [0.6337000727653503, 0.531480073928833], [22.000001907348633, 6.000000476837158], 73.67664337158203]",0.006964631782945737,0.0,0.0068435077519379845,0.0,,10.107762098312378,81.64074277877808
fing_x_face,15,0.01,li_V>face_G>face_C>ri_V,4,LR-P1-N2,GP,xfit,300,True,0.006394594757638826,0.023255813953488372,0.005881296578970997,0.03474903474903475,1.1081081081081081,2.300245428152405,"[[20.000001907348633, 6.000000476837158], [74.46190643310547, 64.83816528320312], [0.6580200791358948, -Infinity], 26.0]",0.006359011627906977,0.015503875968992248,0.0075096899224806205,0.031007751937984496,,10.107762098312378,81.64074277877808
fing_x_face,15,0.01,li_V>face_G>face_C>ri_V,4,HYP,GP,xfit,300,False,,,,,,,,,,,,,10.107762098312378,81.64074277877808
fing_x_face,15,0.01,li_V>face_G>face_C>ri_V,4,S1-Marcialis,rule,xfit,300,True,0.005821494284076856,0.023255813953488372,0.00532758672293556,0.03088803088803089,1.2934362934362935,2.776735206967765,"[[30.000001907348633, 6.0], [75.97413635253906, 64.80564880371094], [0.6979800462722778, -1.0], 19.0]",0.006722383720930232,0.0,0.005753391472868217,0.046511627906976744,,10.107762098312378,81.64074277877808
fing_x_face,15,0.01,li_V>face_G>face_C>ri_V,4,S2-Symmetric,rule,xfit,300,True,0.005821494284076856,0.023255813953488372,0.00532758672293556,0.03088803088803089,1.2934362934362935,2.776735206967765,"[[30.000001907348633, 6.0], [75.97413635253906, 64.80564880371094], [0.6979800462722778, -1.0], 19.0]",0.006722383720930232,0.0,0.005753391472868217,0.046511627906976744,,10.107762098312378,81.64074277877808
fing_x_face,15,0.01,li_V>face_G>face_C>ri_V,4,S3-SPRT,rule,xfit,300,True,0.008430609597924773,0.007751937984496124,0.0073927748346353,0.003861003861003861,1.2548262548262548,2.109963784382389,"[[4.871571932825799, -3.523733219687808], [4.871571932825799, -3.523733219687808], [4.871571932825799, -3.523733219687808], -4.346003553933037]",0.006540697674418605,0.007751937984496124,0.007025193798449613,0.007751937984496124,,10.107762098312378,81.64074277877808
fing_x_face,15,0.01,li_V>face_G>face_C>ri_V,4,S4-Direct,rule,xfit,300,True,0.007435224564896088,0.0,0.0073927748346353,0.007722007722007722,1.274131274131274,2.4038639968872526,"[[30.000001907348633, 4.000000476837158], [74.61289978027344, 66.35342407226562], [0.6337000727653503, 0.531480073928833], 17.0]",0.006722383720930232,0.0,0.0061773255813953485,0.0,,10.107762098312378,81.64074277877808
fing_x_face,15,0.01,li_V>face_G>ri_V>face_C,4,LR-P1-N2,GP,xfit,300,True,0.006108044520857841,0.023255813953488372,0.005671784741552183,0.03474903474903475,1.1042471042471043,2.283933435096226,"[[20.000001907348633, 6.000000476837158], [74.54354095458984, 64.83816528320312], [25.000001907348633, 3.000000238418579], 0.6557100415229797]",0.006056201550387597,0.015503875968992248,0.007328003875968992,0.031007751937984496,,10.107762098312378,81.64074277877808
fing_x_face,15,0.01,li_V>face_G>ri_V>face_C,4,HYP,GP,xfit,300,False,,,,,,,,,,,,,10.107762098312378,81.64074277877808
fing_x_face,15,0.01,li_V>face_G>ri_V>face_C,4,S1-Marcialis,rule,xfit,300,True,0.008943383705848641,0.01937984496124031,0.00990691688366107,0.023166023166023165,1.2664092664092663,2.773667355062704,"[[30.000001907348633, 6.0], [75.97413635253906, 64.80564880371094], [35.000003814697266, 3.0], 0.6081299781799316]",0.006904069767441861,0.0,0.007328003875968992,0.03875968992248062,,10.107762098312378,81.64074277877808
fing_x_face,15,0.01,li_V>face_G>ri_V>face_C,4,S2-Symmetric,rule,xfit,300,True,0.008943383705848641,0.01937984496124031,0.00990691688366107,0.023166023166023165,1.2664092664092663,2.773667355062704,"[[30.000001907348633, 6.0], [75.97413635253906, 64.80564880371094], [35.000003814697266, 3.0], 0.6081299781799316]",0.006904069767441861,0.0,0.007328003875968992,0.03875968992248062,,10.107762098312378,81.64074277877808
fing_x_face,15,0.01,li_V>face_G>ri_V>face_C,4,S3-SPRT,rule,xfit,300,True,0.006937532048381745,0.007751937984496124,0.00547723803537757,0.003861003861003861,1.247104247104247,2.0945048038071294,"[[4.871571932825799, -3.523733219687808], [4.871571932825799, -3.523733219687808], [4.871571932825799, -3.523733219687808], -4.365077823147114]",0.006782945736434108,0.007751937984496124,0.00660125968992248,0.007751937984496124,,10.107762098312378,81.64074277877808
fing_x_face,15,0.01,li_V>face_G>ri_V>face_C,4,S4-Direct,rule,xfit,300,True,0.009591892136458238,0.0,0.010086498458591482,0.003861003861003861,1.2625482625482625,2.3684265661009847,"[[30.000001907348633, 4.000000476837158], [74.61289978027344, 66.35342407226562], [22.000001907348633, 6.000000476837158], 0.6032599806785583]",0.006904069767441861,0.0,0.007570251937984496,0.0,,10.107762098312378,81.64074277877808
fing_x_face,15,0.01,li_V>ri_V>face_C>face_G,4,LR-P1-N2,GP,xfit,300,True,0.0063795131662293,0.027131782945736434,0.00577654066026159,0.03474903474903475,1.1196911196911197,2.430442069976954,"[[20.000001907348633, 6.000000476837158], [22.000001907348633, 3.000000238418579], [0.650130033493042, -Infinity], 75.38863372802734]",0.0061773255813953485,0.023255813953488372,0.007449127906976744,0.031007751937984496,,10.107762098312378,81.64074277877808
fing_x_face,15,0.01,li_V>ri_V>face_C>face_G,4,HYP,GP,xfit,300,False,,,,,,,,,,,,,10.107762098312378,81.64074277877808
fing_x_face,15,0.01,li_V>ri_V>face_C>face_G,4,S1-Marcialis,rule,xfit,300,True,0.006937532048381745,0.015503875968992248,0.0073029840471700936,0.03088803088803089,1.274131274131274,2.9920834455718177,"[[30.000001907348633, 6.0], [35.000003814697266, 3.0], [0.6979800462722778, -1.0], 73.81857299804688]",0.007085755813953488,0.0,0.006661821705426356,0.031007751937984496,,10.107762098312378,81.64074277877808
fing_x_face,15,0.01,li_V>ri_V>face_C>face_G,4,S2-Symmetric,rule,xfit,300,True,0.006937532048381745,0.015503875968992248,0.0073029840471700936,0.03088803088803089,1.274131274131274,2.9920834455718177,"[[30.000001907348633, 6.0], [35.000003814697266, 3.0], [0.6979800462722778, -1.0], 73.81857299804688]",0.007085755813953488,0.0,0.006661821705426356,0.031007751937984496,,10.107762098312378,81.64074277877808
fing_x_face,15,0.01,li_V>ri_V>face_C>face_G,4,S3-SPRT,rule,xfit,300,True,0.006304105209181673,0.03875968992248062,0.004354853192062494,0.011583011583011582,1.247104247104247,2.0662805662805663,"[[4.871571932825799, -3.523733219687808], [4.871571932825799, -3.523733219687808], [4.871571932825799, -3.523733219687808], -4.576666635096883]",0.006782945736434108,0.023255813953488372,0.0068435077519379845,0.05426356589147287,,10.107762098312378,81.64074277877808
fing_x_face,15,0.01,li_V>ri_V>face_C>face_G,4,S4-Direct,rule,xfit,300,True,0.00834012004946762,0.003875968992248062,0.00902397414025321,0.011583011583011582,1.2857142857142858,2.8630989793780492,"[[30.000001907348633, 4.000000476837158], [35.000003814697266, 4.000000476837158], [0.6337000727653503, 0.531480073928833], 73.76602935791016]",0.007146317829457364,0.007751937984496124,0.006722383720930232,0.0,,10.107762098312378,81.64074277877808
fing_x_face,15,0.01,li_V>ri_V>face_G>face_C,4,LR-P1-N2,GP,xfit,300,False,,,,,,,,0.006298449612403101,0.023255813953488372,,,True,10.107762098312378,81.64074277877808
fing_x_face,15,0.01,li_V>ri_V>face_G>face_C,4,HYP,GP,xfit,300,False,,,,,,,,,,,,,10.107762098312378,81.64074277877808
fing_x_face,15,0.01,li_V>ri_V>face_G>face_C,4,S1-Marcialis,rule,xfit,300,True,0.008943383705848641,0.01937984496124031,0.00990691688366107,0.023166023166023165,1.2664092664092663,2.88134147436473,"[[30.000001907348633, 6.0], [35.000003814697266, 3.0], [75.97413635253906, 64.80564880371094], 0.6081299781799316]",0.006904069767441861,0.0,0.007328003875968992,0.03875968992248062,,10.107762098312378,81.64074277877808
fing_x_face,15,0.01,li_V>ri_V>face_G>face_C,4,S2-Symmetric,rule,xfit,300,True,0.008943383705848641,0.01937984496124031,0.00990691688366107,0.023166023166023165,1.2664092664092663,2.88134147436473,"[[30.000001907348633, 6.0], [35.000003814697266, 3.0], [75.97413635253906, 64.80564880371094], 0.6081299781799316]",0.006904069767441861,0.0,0.007328003875968992,0.03875968992248062,,10.107762098312378,81.64074277877808
fing_x_face,15,0.01,li_V>ri_V>face_G>face_C,4,S3-SPRT,rule,xfit,300,True,0.006560492263143607,0.03875968992248062,0.004848702523121128,0.015444015444015444,1.2355212355212355,2.0655323097183564,"[[4.871571932825799, -3.523733219687808], [4.871571932825799, -3.523733219687808], [4.871571932825799, -3.523733219687808], -4.513240235746462]",0.006722383720930232,0.023255813953488372,0.006722383720930232,0.05426356589147287,,10.107762098312378,81.64074277877808
fing_x_face,15,0.01,li_V>ri_V>face_G>face_C,4,S4-Direct,rule,xfit,300,True,0.009109281211353421,0.003875968992248062,0.010355870820987101,0.007722007722007722,1.2934362934362935,2.8269432222920594,"[[30.000001907348633, 4.000000476837158], [35.000003814697266, 4.000000476837158], [74.61289978027344, 66.35342407226562], 0.6084700226783752]",0.006964631782945737,0.007751937984496124,0.0075096899224806205,0.0,,10.107762098312378,81.64074277877808
fing_x_face,15,0.01,ri_V>face_C>face_G>li_V,4,LR-P1-N2,GP,xfit,300,True,0.00523331221910536,0.003875968992248062,0.005971087366436203,0.011583011583011582,1.0926640926640927,3.650369638741732,"[[20.000001907348633, 3.000000238418579], [0.6438600420951843, -Infinity], [75.20691680908203, 64.83816528320312], 27.000001907348633]",0.005813953488372093,0.007751937984496124,0.004784399224806201,0.0,,10.107762098312378,81.64074277877808
fing_x_face,15,0.01,ri_V>face_C>face_G>li_V,4,HYP,GP,xfit,300,False,,,,,,,,,,,,,10.107762098312378,81.64074277877808
fing_x_face,15,0.01,ri_V>face_C>face_G>li_V,4,S1-Marcialis,rule,xfit,300,True,0.007209000693753205,0.011627906976744186,0.006195564335099219,0.007722007722007722,1.2316602316602316,3.813968453503337,"[[35.000003814697266, 3.0], [0.6979800462722778, -1.0], [75.97413635253906, 64.80564880371094], 19.0]",0.007025193798449613,0.0,0.007328003875968992,0.023255813953488372,,10.107762098312378,81.64074277877808
fing_x_face,15,0.01,ri_V>face_C>face_G>li_V,4,S2-Symmetric,rule,xfit,300,True,0.006289023617772147,0.0,0.006405076172518033,0.007722007722007722,1.2123552123552124,3.8099577983298913,"[[35.000003814697266, 3.0], [0.6979800462722778, -1.0], [74.30677795410156, 64.80564880371094], 22.0]",0.006359011627906977,0.0,0.00660125968992248,0.0,,10.107762098312378,81.64074277877808
fing_x_face,15,0.01,ri_V>face_C>face_G>li_V,4,S3-SPRT,rule,xfit,300,True,0.008264712092419992,0.011627906976744186,0.00709347220975128,0.003861003861003861,1.1583011583011582,1.7540331028703122,"[[4.472440495776489, -3.995385948470832], [4.472440495776489, -3.995385948470832], [4.472440495776489, -3.995385948470832], -4.606259325784164]",0.00660125968992248,0.007751937984496124,0.00660125968992248,0.015503875968992248,,10.107762098312378,81.64074277877808
fing_x_face,15,0.01,ri_V>face_C>face_G>li_V,4,S4-Direct,rule,xfit,300,True,0.007842427532953278,0.003875968992248062,0.007362844572146898,0.011583011583011582,1.135135135135135,2.407769896141989,"[[28.000001907348633, 4.000000476837158], [0.6337000727653503, 0.531480073928833], [74.61289978027344, 66.35342407226562], 17.0]",0.006359011627906977,0.007751937984496124,0.006480135658914729,0.0,,10.107762098312378,81.64074277877808
fing_x_face,15,0.01,ri_V>face_C>li_V>face_G,4,LR-P1-N2,GP,xfit,300,True,0.0057008415528006515,0.003875968992248062,0.006554727484960043,0.011583011583011582,1.0965250965250966,3.2066983927449044,"[[20.000001907348633, 3.000000238418579], [0.6371400356292725, -Infinity], [29.000001907348633, 7.000000476837158], 74.87910461425781]",0.006298449612403101,0.007751937984496124,0.005147771317829457,0.0,,10.107762098312378,81.64074277877808
fing_x_face,15,0.01,ri_V>face_C>li_V>face_G,4,HYP,GP,xfit,300,False,,,,,,,,,,,,,10.107762098312378,81.64074277877808
fing_x_face,15,0.01,ri_V>face_C>li_V>face_G,4,S1-Marcialis,rule,xfit,300,True,0.006937532048381745,0.0,0.007317949178414294,0.011583011583011582,1.223938223938224,3.6456256921373202,"[[35.000003814697266, 3.0], [0.6979800462722778, -1.0], [30.000001907348633, 6.0], 73.81857299804688]",0.007085755813953488,0.0,0.006661821705426356,0.0,,10.107762098312378,81.64074277877808
fing_x_face,15,0.01,ri_V>face_C>li_V>face_G,4,S2-Symmetric,rule,xfit,300,True,0.006937532048381745,0.0,0.007317949178414294,0.011583011583011582,1.223938223938224,3.6456256921373202,"[[35.000003814697266, 3.0], [0.6979800462722778, -1.0], [30.000001907348633, 6.0], 73.81857299804688]",0.007085755813953488,0.0,0.006661821705426356,0.0,,10.107762098312378,81.64074277877808
fing_x_face,15,0.01,ri_V>face_C>li_V>face_G,4,S3-SPRT,rule,xfit,300,True,0.007299490242210358,0.011627906976744186,0.005836401185238395,0.003861003861003861,1.166023166023166,1.7480919457663644,"[[4.472440495776489, -3.995385948470832], [4.472440495776489, -3.995385948470832], [4.472440495776489, -3.995385948470832], -4.8286803806042755]",0.006722383720930232,0.007751937984496124,0.006722383720930232,0.015503875968992248,,10.107762098312378,81.64074277877808
fing_x_face,15,0.01,ri_V>face_C>li_V>face_G,4,S4-Direct,rule,xfit,300,True,0.007555877296172292,0.003875968992248062,0.007572356409565712,0.011583011583011582,1.135135135135135,2.348657627727395,"[[28.000001907348633, 4.000000476837158], [0.6337000727653503, 0.531480073928833], [21.000001907348633, 7.000000476837158], 73.6456069946289]",0.007025193798449613,0.007751937984496124,0.006964631782945737,0.0,,10.107762098312378,81.64074277877808
fing_x_face,15,0.01,ri_V>face_G>face_C>li_V,4,LR-P1-N2,GP,xfit,300,True,0.005489699273067294,0.003875968992248062,0.0060459130226572086,0.011583011583011582,1.0772200772200773,3.4940588428960524,"[[20.000001907348633, 3.000000238418579], [74.74758911132812, 64.83816528320312], [0.6619100570678711, -Infinity], 27.000001907348633]",0.006056201550387597,0.007751937984496124,0.005087209302325582,0.0,,10.107762098312378,81.64074277877808
fing_x_face,15,0.01,ri_V>face_G>face_C>li_V,4,HYP,GP,xfit,300,False,,,,,,,,,,,,,10.107762098312378,81.64074277877808
fing_x_face,15,0.01,ri_V>face_G>face_C>li_V,4,S1-Marcialis,rule,xfit,300,True,0.007209000693753205,0.011627906976744186,0.006195564335099219,0.007722007722007722,1.2162162162162162,3.653661967615456,"[[35.000003814697266, 3.0], [75.97413635253906, 64.80564880371094], [0.6979800462722778, -1.0], 19.0]",0.007025193798449613,0.0,0.007328003875968992,0.023255813953488372,,10.107762098312378,81.64074277877808
fing_x_face,15,0.01,ri_V>face_G>face_C>li_V,4,S2-Symmetric,rule,xfit,300,True,0.006289023617772147,0.0,0.006405076172518033,0.007722007722007722,1.1737451737451738,3.645610727006076,"[[35.000003814697266, 3.0], [74.30677795410156, 64.80564880371094], [0.6979800462722778, -1.0], 22.0]",0.006359011627906977,0.0,0.00660125968992248,0.0,,10.107762098312378,81.64074277877808
fing_x_face,15,0.01,ri_V>face_G>face_C>li_V,4,S3-SPRT,rule,xfit,300,True,0.00806865140409616,0.015503875968992248,0.006809134716111461,0.003861003861003861,1.1505791505791505,1.7501122384843315,"[[4.472440495776489, -3.995385948470832], [4.472440495776489, -3.995385948470832], [4.472440495776489, -3.995385948470832], -4.434296853752642]",0.006722383720930232,0.007751937984496124,0.006722383720930232,0.023255813953488372,,10.107762098312378,81.64074277877808
fing_x_face,15,0.01,ri_V>face_G>face_C>li_V,4,S4-Direct,rule,xfit,300,True,0.007721774801677073,0.003875968992248062,0.007332914309658495,0.011583011583011582,1.135135135135135,2.3713746969560923,"[[28.000001907348633, 4.000000476837158], [74.61289978027344, 66.35342407226562], [0.6337000727653503, 0.531480073928833], 17.0]",0.0061773255813953485,0.007751937984496124,0.006480135658914729,0.0,,10.107762098312378,81.64074277877808
fing_x_face,15,0.01,ri_V>face_G>li_V>face_C,4,LR-P1-N2,GP,xfit,300,True,0.005776249509848279,0.003875968992248062,0.006180599203855018,0.011583011583011582,1.0772200772200773,3.1038879410972435,"[[20.000001907348633, 3.000000238418579], [74.63646697998047, 64.83816528320312], [29.000001907348633, 6.000000476837158], 0.6616400480270386]",0.006540697674418605,0.007751937984496124,0.005450581395348837,0.0,,10.107762098312378,81.64074277877808
fing_x_face,15,0.01,ri_V>face_G>li_V>face_C,4,HYP,GP,xfit,300,False,,,,,,,,,,,,,10.107762098312378,81.64074277877808
fing_x_face,15,0.01,ri_V>face_G>li_V>face_C,4,S1-Marcialis,rule,xfit,300,True,0.009260097125448678,0.007751937984496124,0.010146358983568285,0.007722007722007722,1.2007722007722008,3.3745772350423513,"[[35.000003814697266, 3.0], [75.97413635253906, 64.80564880371094], [30.000001907348633, 6.0], 0.6076200008392334]",0.006904069767441861,0.0,0.007328003875968992,0.015503875968992248,,10.107762098312378,81.64074277877808
fing_x_face,15,0.01,ri_V>face_G>li_V>face_C,4,S2-Symmetric,rule,xfit,300,True,0.009260097125448678,0.007751937984496124,0.010146358983568285,0.007722007722007722,1.2007722007722008,3.3745772350423513,"[[35.000003814697266, 3.0], [75.97413635253906, 64.80564880371094], [30.000001907348633, 6.0], 0.6076200008392334]",0.006904069767441861,0.0,0.007328003875968992,0.015503875968992248,,10.107762098312378,81.64074277877808
fing_x_face,15,0.01,ri_V>face_G>li_V>face_C,4,S3-SPRT,rule,xfit,300,True,0.006590655445962658,0.015503875968992248,0.005103109754272545,0.007722007722007722,1.1467181467181466,1.742779324174673,"[[4.472440495776489, -3.995385948470832], [4.472440495776489, -3.995385948470832], [4.472440495776489, -3.995385948470832], -4.141181134861736]",0.006661821705426356,0.007751937984496124,0.006480135658914729,0.023255813953488372,,10.107762098312378,81.64074277877808
fing_x_face,15,0.01,ri_V>face_G>li_V>face_C,4,S4-Direct,rule,xfit,300,True,0.008656833469067655,0.007751937984496124,0.008260752446798959,0.011583011583011582,1.16988416988417,2.2928376881865256,"[[35.000003814697266, 4.000000476837158], [74.61289978027344, 66.35342407226562], [21.000001907348633, 7.000000476837158], 0.6023799777030945]",0.007328003875968992,0.007751937984496124,0.007691375968992248,0.007751937984496124,,10.107762098312378,81.64074277877808
fing_x_face,15,0.01,ri_V>li_V>face_C>face_G,4,LR-P1-N2,GP,xfit,300,True,0.006062799746629264,0.027131782945736434,0.006315285385052827,0.019305019305019305,1.0965250965250966,2.751863158839903,"[[19.000001907348633, 3.000000238418579], [27.000001907348633, 6.000000476837158], [0.6657800674438477, 0.5112400650978088], 75.1263198852539]",0.006661821705426356,0.015503875968992248,0.005935077519379845,0.03875968992248062,,10.107762098312378,81.64074277877808
fing_x_face,15,0.01,ri_V>li_V>face_C>face_G,4,HYP,GP,xfit,300,False,,,,,,,,,,,,,10.107762098312378,81.64074277877808
fing_x_face,15,0.01,ri_V>li_V>face_C>face_G,4,S1-Marcialis,rule,xfit,300,True,0.006937532048381745,0.015503875968992248,0.0073029840471700936,0.023166023166023165,1.223938223938224,3.3169614797521776,"[[35.000003814697266, 3.0], [30.000001907348633, 6.0], [0.6979800462722778, -1.0], 73.81857299804688]",0.007085755813953488,0.0,0.006661821705426356,0.031007751937984496,,10.107762098312378,81.64074277877808
fing_x_face,15,0.01,ri_V>li_V>face_C>face_G,4,S2-Symmetric,rule,xfit,300,True,0.006937532048381745,0.015503875968992248,0.0073029840471700936,0.023166023166023165,1.223938223938224,3.3169614797521776,"[[35.000003814697266, 3.0], [30.000001907348633, 6.0], [0.6979800462722778, -1.0], 73.81857299804688]",0.007085755813953488,0.0,0.006661821705426356,0.031007751937984496,,10.107762098312378,81.64074277877808
fing_x_face,15,0.01,ri_V>li_V>face_C>face_G,4,S3-SPRT,rule,xfit,300,True,0.006605737037372184,0.03875968992248062,0.004818772260632726,0.015444015444015444,1.166023166023166,1.7439615695429649,"[[4.472440495776489, -3.995385948470832], [4.472440495776489, -3.995385948470832], [4.472440495776489, -3.995385948470832], -4.521885600206088]",0.006722383720930232,0.023255813953488372,0.0068435077519379845,0.05426356589147287,,10.107762098312378,81.64074277877808
fing_x_face,15,0.01,ri_V>li_V>face_C>face_G,4,S4-Direct,rule,xfit,300,True,0.008325038458058095,0.003875968992248062,0.00902397414025321,0.011583011583011582,1.2123552123552124,2.841713806830086,"[[35.000003814697266, 4.000000476837158], [30.000001907348633, 4.000000476837158], [0.6337000727653503, 0.531480073928833], 73.76602935791016]",0.007146317829457364,0.007751937984496124,0.006722383720930232,0.0,,10.107762098312378,81.64074277877808
fing_x_face,15,0.01,ri_V>li_V>face_G>face_C,4,LR-P1-N2,GP,xfit,300,True,0.006017554972400687,0.027131782945736434,0.006300320253808626,0.019305019305019305,1.0888030888030888,2.794438957229655,"[[19.000001907348633, 3.000000238418579], [27.000001907348633, 6.000000476837158], [75.2286376953125, 64.83816528320312], 0.6644900441169739]",0.006722383720930232,0.015503875968992248,0.005935077519379845,0.03875968992248062,,10.107762098312378,81.64074277877808
fing_x_face,15,0.01,ri_V>li_V>face_G>face_C,4,HYP,GP,xfit,300,False,,,,,,,,,,,,,10.107762098312378,81.64074277877808
fing_x_face,15,0.01,ri_V>li_V>face_G>face_C,4,S1-Marcialis,rule,xfit,300,True,0.008943383705848641,0.01937984496124031,0.00990691688366107,0.015444015444015444,1.2162162162162162,3.20621950854509,"[[35.000003814697266, 3.0], [30.000001907348633, 6.0], [75.97413635253906, 64.80564880371094], 0.6081299781799316]",0.006904069767441861,0.0,0.007328003875968992,0.03875968992248062,,10.107762098312378,81.64074277877808
fing_x_face,15,0.01,ri_V>li_V>face_G>face_C,4,S2-Symmetric,rule,xfit,300,True,0.008943383705848641,0.01937984496124031,0.00990691688366107,0.015444015444015444,1.2162162162162162,3.20621950854509,"[[35.000003814697266, 3.0], [30.000001907348633, 6.0], [75.97413635253906, 64.80564880371094], 0.6081299781799316]",0.006904069767441861,0.0,0.007328003875968992,0.03875968992248062,,10.107762098312378,81.64074277877808
fing_x_face,15,0.01,ri_V>li_V>face_G>face_C,4,S3-SPRT,rule,xfit,300,True,0.006123126112267367,0.03875968992248062,0.0045045045045045045,0.019305019305019305,1.1583011583011582,1.742689533387208,"[[4.472440495776489, -3.995385948470832], [4.472440495776489, -3.995385948470832], [4.472440495776489, -3.995385948470832], -4.221886515866852]",0.006722383720930232,0.023255813953488372,0.006540697674418605,0.05426356589147287,,10.107762098312378,81.64074277877808
fing_x_face,15,0.01,ri_V>li_V>face_G>face_C,4,S4-Direct,rule,xfit,300,True,0.009094199619943897,0.003875968992248062,0.010355870820987101,0.007722007722007722,1.22007722007722,2.8055580497440964,"[[35.000003814697266, 4.000000476837158], [30.000001907348633, 4.000000476837158], [74.61289978027344, 66.35342407226562], 0.6084700226783752]",0.006964631782945737,0.007751937984496124,0.0075096899224806205,0.0,,10.107762098312378,81.64074277877808
fing_x_face,15,0.01,parallel,4,P0-Parallel,parallel,xfit,300,True,0.005972310198172111,0.031007751937984496,0.004175271617132082,0.007722007722007722,1.0,1.0,[6.360572814941406],0.006540697674418605,0.015503875968992248,0.006661821705426356,0.046511627906976744,,10.107762098312378,81.64074277877808
fing_x_face,15,0.01,parallel,4,P1-LLR,parallel,xfit,300,True,0.007344735016438934,0.0,0.006524797222471641,0.0,1.0,1.0,[-3.772451724295958],0.006661821705426356,0.0,0.006661821705426356,0.0,,10.107762098312378,81.64074277877808
fing_x_face,15,0.01,parallel,4,P2-LogReg,parallel,xfit,300,True,0.008159140952553313,0.003875968992248062,0.007587321540809913,0.0,1.0,1.0,[-4.629673658118772],0.0068435077519379845,0.0,0.00660125968992248,0.007751937984496124,,10.107762098312378,81.64074277877808
fing_x_face,15,0.001,face_C,1,LR-P1-N2,GP,xfit,300,True,0.00019606068832383192,0.25193798449612403,0.0002693723623956182,0.21235521235521235,1.0,1.0,[0.6644900441169739],0.0004239341085271318,0.20155038759689922,6.056201550387597e-05,0.3023255813953488,,10.107762098312378,81.64074277877808
fing_x_face,15,0.001,face_C,1,HYP,GP,xfit,300,False,,,,,,,,,,,,,10.107762098312378,81.64074277877808
fing_x_face,15,0.001,face_G,1,LR-P1-N2,GP,xfit,300,True,0.00034687660241908725,0.2596899224806202,0.0002544072311514172,0.2702702702702703,1.0,1.0,[75.33206939697266],0.0003633720930232558,0.2713178294573643,0.00030281007751937984,0.29457364341085274,,10.107762098312378,81.64074277877808
fing_x_face,15,0.001,face_G,1,HYP,GP,xfit,300,False,,,,,,,,,,,,,10.107762098312378,81.64074277877808
fing_x_face,15,0.001,li_V,1,LR-P1-N2,GP,xfit,300,True,0.00021114227973335746,0.2248062015503876,0.0003292328873724223,0.19305019305019305,1.0,1.0,[29.0],0.0003633720930232558,0.23255813953488372,0.00048449612403100775,0.20930232558139536,,10.107762098312378,81.64074277877808
fing_x_face,15,0.001,li_V,1,HYP,GP,xfit,300,False,,,,,,,,,,,,,10.107762098312378,81.64074277877808
fing_x_face,15,0.001,ri_V,1,LR-P1-N2,GP,xfit,300,True,0.00043736615087624044,0.12790697674418605,0.00034419801861662326,0.10810810810810811,1.0,1.0,[28.0],0.00030281007751937984,0.13953488372093023,0.00048449612403100775,0.13178294573643412,,10.107762098312378,81.64074277877808
fing_x_face,15,0.001,ri_V,1,HYP,GP,xfit,300,False,,,,,,,,,,,,,10.107762098312378,81.64074277877808
fing_x_face,15,0.001,face_C>face_G,2,LR-P1-N2,GP,xfit,300,True,0.0004675293336952915,0.1937984496124031,0.0005088144623028344,0.16602316602316602,1.2316602316602316,1.3686809733321361,"[[0.6708900332450867, 0.5398800373077393], 75.26376342773438]",0.0004239341085271318,0.16279069767441862,0.0004239341085271318,0.23255813953488372,,10.107762098312378,81.64074277877808
fing_x_face,15,0.001,face_C>face_G,2,HYP,GP,xfit,300,False,,,,,,,,,,,,,10.107762098312378,81.64074277877808
fing_x_face,15,0.001,face_C>face_G,2,S1-Marcialis,rule,xfit,300,True,0.0005731004735619702,0.2248062015503876,0.0005537098560354374,0.21621621621621623,1.386100386100386,1.9999551046062674,"[[0.6979800462722778, -1.0], 75.13899993896484]",0.0003633720930232558,0.23255813953488372,0.0004239341085271318,0.26356589147286824,,10.107762098312378,81.64074277877808
fing_x_face,15,0.001,face_C>face_G,2,S2-Symmetric,rule,xfit,300,True,0.0005731004735619702,0.2248062015503876,0.0005537098560354374,0.21621621621621623,1.386100386100386,1.9999551046062674,"[[0.6979800462722778, -1.0], 75.13899993896484]",0.0003633720930232558,0.23255813953488372,0.0004239341085271318,0.26356589147286824,,10.107762098312378,81.64074277877808
fing_x_face,15,0.001,face_C>face_G,2,S3-SPRT,rule,xfit,300,True,0.0006334268392000724,0.1511627906976744,0.0010325940558498698,0.10810810810810811,1.3011583011583012,1.3871629104187244,"[[5.314945834849903, -2.5987430615010703], 3.997395943553968]",0.0003633720930232558,0.18604651162790697,0.0003633720930232558,0.17829457364341086,,10.107762098312378,81.64074277877808
fing_x_face,15,0.001,face_C>face_G,2,S4-Direct,rule,xfit,300,False,,,,,,,,,,,,,10.107762098312378,81.64074277877808
fing_x_face,15,0.001,face_C>li_V,2,LR-P1-N2,GP,xfit,300,True,0.000226223871142883,0.027131782945736434,0.0004040585435934273,0.05405405405405406,1.2277992277992278,1.9997605579000928,"[[0.6676100492477417, -Infinity], 31.0]",0.0003633720930232558,0.015503875968992248,0.00030281007751937984,0.03875968992248062,,10.107762098312378,81.64074277877808
fing_x_face,15,0.001,face_C>li_V,2,HYP,GP,xfit,300,False,,,,,,,,,,,,,10.107762098312378,81.64074277877808
fing_x_face,15,0.001,face_C>li_V,2,S1-Marcialis,rule,xfit,300,True,0.000226223871142883,0.03488372093023256,0.0003741282811050253,0.0694980694980695,1.386100386100386,1.9999551046062674,"[[0.6979800462722778, -1.0], 29.0]",0.0003633720930232558,0.031007751937984496,0.00048449612403100775,0.03875968992248062,,10.107762098312378,81.64074277877808
fing_x_face,15,0.001,face_C>li_V,2,S2-Symmetric,rule,xfit,300,True,0.000226223871142883,0.03488372093023256,0.0003741282811050253,0.0694980694980695,1.386100386100386,1.9999551046062674,"[[0.6979800462722778, -1.0], 29.0]",0.0003633720930232558,0.031007751937984496,0.00048449612403100775,0.03875968992248062,,10.107762098312378,81.64074277877808
fing_x_face,15,0.001,face_C>li_V,2,S3-SPRT,rule,xfit,300,False,,,,,,,,,,,,,10.107762098312378,81.64074277877808
fing_x_face,15,0.001,face_C>li_V,2,S4-Direct,rule,xfit,300,False,,,,,,,,,,,,,10.107762098312378,81.64074277877808
fing_x_face,15,0.001,face_C>ri_V,2,LR-P1-N2,GP,xfit,300,True,0.00030163182819051065,0.011627906976744186,0.00034419801861662326,0.03861003861003861,1.2393822393822393,1.9998204184250696,"[[0.6708900332450867, -Infinity], 29.000001907348633]",0.00030281007751937984,0.015503875968992248,0.00030281007751937984,0.007751937984496124,,10.107762098312378,81.64074277877808
fing_x_face,15,0.001,face_C>ri_V,2,HYP,GP,xfit,300,False,,,,,,,,,,,,,10.107762098312378,81.64074277877808
fing_x_face,15,0.001,face_C>ri_V,2,S1-Marcialis,rule,xfit,300,True,0.000452447742285766,0.011627906976744186,0.0003890934123492263,0.04633204633204633,1.386100386100386,1.9999551046062674,"[[0.6979800462722778, -1.0], 28.0]",0.00030281007751937984,0.015503875968992248,0.00048449612403100775,0.023255813953488372,,10.107762098312378,81.64074277877808
fing_x_face,15,0.001,face_C>ri_V,2,S2-Symmetric,rule,xfit,300,True,0.000452447742285766,0.011627906976744186,0.0003890934123492263,0.04633204633204633,1.386100386100386,1.9999551046062674,"[[0.6979800462722778, -1.0], 28.0]",0.00030281007751937984,0.015503875968992248,0.00048449612403100775,0.023255813953488372,,10.107762098312378,81.64074277877808
fing_x_face,15,0.001,face_C>ri_V,2,S3-SPRT,rule,xfit,300,True,0.0003619581938286128,0.007751937984496124,0.00044895393732603036,0.02702702702702703,1.3011583011583012,1.3871629104187244,"[[5.314945834849903, -2.5987430615010703], 2.408616953994476]",0.0004239341085271318,0.007751937984496124,0.0004239341085271318,0.007751937984496124,,10.107762098312378,81.64074277877808
fing_x_face,15,0.001,face_C>ri_V,2,S4-Direct,rule,xfit,300,True,0.00034687660241908725,0.015503875968992248,0.0002993026248840202,0.04633204633204633,1.386100386100386,1.6344168088354134,"[[0.6979800462722778, 0.5188300609588623], 28.0]",0.0004239341085271318,0.007751937984496124,0.0003633720930232558,0.023255813953488372,,10.107762098312378,81.64074277877808
fing_x_face,15,0.001,face_G>face_C,2,LR-P1-N2,GP,xfit,300,True,0.000226223871142883,0.19767441860465115,0.0002693723623956182,0.17374517374517376,1.3127413127413128,1.6694651462093322,"[[75.747314453125, 65.57998657226562], 0.6677500605583191]",0.0004239341085271318,0.15503875968992248,6.056201550387597e-05,0.24031007751937986,,10.107762098312378,81.64074277877808
fing_x_face,15,0.001,face_G>face_C,2,HYP,GP,xfit,300,False,,,,,,,,,,,,,10.107762098312378,81.64074277877808
fing_x_face,15,0.001,face_G>face_C,2,S1-Marcialis,rule,xfit,300,True,0.0007993243447048532,0.14728682170542637,0.0011972104995360809,0.11969111969111969,1.3397683397683398,1.8384514082188501,"[[75.97413635253906, 64.80564880371094], 0.6434999704360962]",0.0004239341085271318,0.16279069767441862,0.0004239341085271318,0.18604651162790697,,10.107762098312378,81.64074277877808
fing_x_face,15,0.001,face_G>face_C,2,S2-Symmetric,rule,xfit,300,True,0.0007993243447048532,0.14728682170542637,0.0011972104995360809,0.11969111969111969,1.3397683397683398,1.8384514082188501,"[[75.97413635253906, 64.80564880371094], 0.6434999704360962]",0.0004239341085271318,0.16279069767441862,0.0004239341085271318,0.18604651162790697,,10.107762098312378,81.64074277877808
fing_x_face,15,0.001,face_G>face_C,2,S3-SPRT,rule,xfit,300,True,0.0006334268392000724,0.15503875968992248,0.0010325940558498698,0.10810810810810811,1.3281853281853282,1.7898296968064409,"[[5.509521185613435, -3.482222103528612], 3.997395943553968]",0.0003633720930232558,0.17054263565891473,0.0003633720930232558,0.18604651162790697,,10.107762098312378,81.64074277877808
fing_x_face,15,0.001,face_G>face_C,2,S4-Direct,rule,xfit,300,True,0.0005429372907429192,0.16666666666666666,0.0008829427434078596,0.138996138996139,1.2664092664092663,1.0293765526323666,"[[75.97413635253906, 73.07593536376953], 0.640720009803772]",0.0004239341085271318,0.16279069767441862,0.0004239341085271318,0.21705426356589147,,10.107762098312378,81.64074277877808
fing_x_face,15,0.001,face_G>li_V,2,LR-P1-N2,GP,xfit,300,True,0.00030163182819051065,0.04263565891472868,0.0002993026248840202,0.05405405405405406,1.2934362934362935,1.8331238214959145,"[[75.55891418457031, 64.83816528320312], 29.000001907348633]",0.0003633720930232558,0.03875968992248062,0.0003633720930232558,0.046511627906976744,,10.107762098312378,81.64074277877808
fing_x_face,15,0.001,face_G>li_V,2,HYP,GP,xfit,300,False,,,,,,,,,,,,,10.107762098312378,81.64074277877808
fing_x_face,15,0.001,face_G>li_V,2,S1-Marcialis,rule,xfit,300,True,0.00024130546255240852,0.046511627906976744,0.0003591631498608243,0.05019305019305019,1.3397683397683398,1.8384514082188501,"[[75.97413635253906, 64.80564880371094], 28.0]",0.00030281007751937984,0.046511627906976744,0.00048449612403100775,0.046511627906976744,,10.107762098312378,81.64074277877808
fing_x_face,15,0.001,face_G>li_V,2,S2-Symmetric,rule,xfit,300,True,0.00024130546255240852,0.046511627906976744,0.0003591631498608243,0.05019305019305019,1.3397683397683398,1.8384514082188501,"[[75.97413635253906, 64.80564880371094], 28.0]",0.00030281007751937984,0.046511627906976744,0.00048449612403100775,0.046511627906976744,,10.107762098312378,81.64074277877808
fing_x_face,15,0.001,face_G>li_V,2,S3-SPRT,rule,xfit,300,False,,,,,,,,,,,,,10.107762098312378,81.64074277877808
fing_x_face,15,0.001,face_G>li_V,2,S4-Direct,rule,xfit,300,False,,,,,,,,,,,,,10.107762098312378,81.64074277877808
fing_x_face,15,0.001,face_G>ri_V,2,LR-P1-N2,GP,xfit,300,True,0.0003167134196000362,0.03488372093023256,0.00017958157493041214,0.03088803088803089,1.308880308880309,1.8331986471521355,"[[75.7102279663086, 64.83816528320312], 29.000001907348633]",0.0003633720930232558,0.03875968992248062,0.0001816860465116279,0.031007751937984496,,10.107762098312378,81.64074277877808
fing_x_face,15,0.001,face_G>ri_V,2,HYP,GP,xfit,300,False,,,,,,,,,,,,,10.107762098312378,81.64074277877808
fing_x_face,15,0.001,face_G>ri_V,2,S1-Marcialis,rule,xfit,300,True,0.0003619581938286128,0.03488372093023256,0.0002993026248840202,0.02702702702702703,1.3397683397683398,1.8384514082188501,"[[75.97413635253906, 64.80564880371094], 28.0]",0.0004239341085271318,0.031007751937984496,0.0003633720930232558,0.03875968992248062,,10.107762098312378,81.64074277877808
fing_x_face,15,0.001,face_G>ri_V,2,S2-Symmetric,rule,xfit,300,True,0.0003619581938286128,0.03488372093023256,0.0002993026248840202,0.02702702702702703,1.3397683397683398,1.8384514082188501,"[[75.97413635253906, 64.80564880371094], 28.0]",0.0004239341085271318,0.031007751937984496,0.0003633720930232558,0.03875968992248062,,10.107762098312378,81.64074277877808
fing_x_face,15,0.001,face_G>ri_V,2,S3-SPRT,rule,xfit,300,True,0.00030163182819051065,0.01937984496124031,0.0002544072311514172,0.015444015444015444,1.3281853281853282,1.7898296968064409,"[[5.509521185613435, -3.482222103528612], 3.179881616932512]",0.0004239341085271318,0.007751937984496124,0.0004239341085271318,0.031007751937984496,,10.107762098312378,81.64074277877808
fing_x_face,15,0.001,face_G>ri_V,2,S4-Direct,rule,xfit,300,False,,,,,,,,,,,,,10.107762098312378,81.64074277877808
fing_x_face,15,0.001,li_V>face_C,2,LR-P1-N2,GP,xfit,300,True,0.0001809790969143064,0.06201550387596899,0.00028433749363981925,0.07722007722007722,1.166023166023166,1.495241088264344,"[[29.000001907348633, 6.000000476837158], 0.6771100759506226]",0.0003633720930232558,0.031007751937984496,0.0004239341085271318,0.08527131782945736,,10.107762098312378,81.64074277877808
fing_x_face,15,0.001,li_V>face_C,2,HYP,GP,xfit,300,False,,,,,,,,,,,,,10.107762098312378,81.64074277877808
fing_x_face,15,0.001,li_V>face_C,2,S1-Marcialis,rule,xfit,300,True,0.000678671613428649,0.031007751937984496,0.0010176289246056687,0.06563706563706563,1.1891891891891893,1.6665918410104457,"[[30.000001907348633, 6.0], 0.6448000073432922]",0.0003633720930232558,0.015503875968992248,0.00048449612403100775,0.05426356589147287,,10.107762098312378,81.64074277877808
fing_x_face,15,0.001,li_V>face_C,2,S2-Symmetric,rule,xfit,300,True,0.000678671613428649,0.031007751937984496,0.0010176289246056687,0.06563706563706563,1.1891891891891893,1.6665918410104457,"[[30.000001907348633, 6.0], 0.6448000073432922]",0.0003633720930232558,0.015503875968992248,0.00048449612403100775,0.05426356589147287,,10.107762098312378,81.64074277877808
fing_x_face,15,0.001,li_V>face_C,2,S3-SPRT,rule,xfit,300,True,0.0002714686453714596,0.03875968992248062,0.0003890934123492263,0.04633204633204633,1.2084942084942085,1.9997156625063601,"[[4.874792773101474, -3.523733219687808], 3.826286002936304]",0.0004239341085271318,0.031007751937984496,0.00048449612403100775,0.03875968992248062,,10.107762098312378,81.64074277877808
fing_x_face,15,0.001,li_V>face_C,2,S4-Direct,rule,xfit,300,True,0.0007389979790667511,0.015503875968992248,0.001122384843315076,0.04633204633204633,1.2084942084942085,1.8361617431384873,"[[30.000001907348633, 4.000000476837158], 0.6448000073432922]",0.0004239341085271318,0.015503875968992248,0.00048449612403100775,0.023255813953488372,,10.107762098312378,81.64074277877808
fing_x_face,15,0.001,li_V>face_G,2,LR-P1-N2,GP,xfit,300,True,0.00034687660241908725,0.07364341085271318,0.00047888419981443237,0.07722007722007722,1.1776061776061777,1.3524138756696895,"[[30.000001907348633, 7.000000476837158], 75.05233764648438]",0.0004239341085271318,0.06976744186046512,0.0004239341085271318,0.07751937984496124,,10.107762098312378,81.64074277877808
fing_x_face,15,0.001,li_V>face_G,2,HYP,GP,xfit,300,False,,,,,,,,,,,,,10.107762098312378,81.64074277877808
fing_x_face,15,0.001,li_V>face_G,2,S1-Marcialis,rule,xfit,300,True,0.0003619581938286128,0.05426356589147287,0.0003890934123492263,0.0694980694980695,1.1891891891891893,1.6665918410104457,"[[30.000001907348633, 6.0], 75.34729766845703]",0.0003633720930232558,0.031007751937984496,0.00048449612403100775,0.07751937984496124,,10.107762098312378,81.64074277877808
fing_x_face,15,0.001,li_V>face_G,2,S2-Symmetric,rule,xfit,300,True,0.0003619581938286128,0.05426356589147287,0.0003890934123492263,0.0694980694980695,1.1891891891891893,1.6665918410104457,"[[30.000001907348633, 6.0], 75.34729766845703]",0.0003633720930232558,0.031007751937984496,0.00048449612403100775,0.07751937984496124,,10.107762098312378,81.64074277877808
fing_x_face,15,0.001,li_V>face_G,2,S3-SPRT,rule,xfit,300,True,0.0002865502367809851,0.03875968992248062,0.00034419801861662326,0.04633204633204633,1.2084942084942085,1.9997156625063601,"[[4.874792773101474, -3.523733219687808], 3.6154608667102064]",0.00048449612403100775,0.03875968992248062,0.0004239341085271318,0.03875968992248062,,10.107762098312378,81.64074277877808
fing_x_face,15,0.001,li_V>face_G,2,S4-Direct,rule,xfit,300,True,0.0003770397852381383,0.03875968992248062,0.0003890934123492263,0.05791505791505792,1.2084942084942085,1.8361617431384873,"[[30.000001907348633, 4.000000476837158], 75.35397338867188]",0.0003633720930232558,0.031007751937984496,0.00048449612403100775,0.046511627906976744,,10.107762098312378,81.64074277877808
fing_x_face,15,0.001,li_V>ri_V,2,LR-P1-N2,GP,xfit,300,True,0.00019606068832383192,0.09302325581395349,0.00022447696866301518,0.08494208494208494,1.166023166023166,1.495241088264344,"[[29.000001907348633, 6.000000476837158], 34.000003814697266]",0.0003633720930232558,0.08527131782945736,0.0004239341085271318,0.10077519379844961,,10.107762098312378,81.64074277877808
fing_x_face,15,0.001,li_V>ri_V,2,HYP,GP,xfit,300,False,,,,,,,,,,,,,10.107762098312378,81.64074277877808
fing_x_face,15,0.001,li_V>ri_V,2,S1-Marcialis,rule,xfit,300,True,0.0002714686453714596,0.09689922480620156,0.0002693723623956182,0.07335907335907337,1.1891891891891893,1.6665918410104457,"[[30.000001907348633, 6.0], 31.0]",0.0004239341085271318,0.08527131782945736,0.00048449612403100775,0.10852713178294573,,10.107762098312378,81.64074277877808
fing_x_face,15,0.001,li_V>ri_V,2,S2-Symmetric,rule,xfit,300,True,0.0002714686453714596,0.09689922480620156,0.0002693723623956182,0.07335907335907337,1.1891891891891893,1.6665918410104457,"[[30.000001907348633, 6.0], 31.0]",0.0004239341085271318,0.08527131782945736,0.00048449612403100775,0.10852713178294573,,10.107762098312378,81.64074277877808
fing_x_face,15,0.001,li_V>ri_V,2,S3-SPRT,rule,xfit,300,True,0.00024130546255240852,0.08139534883720931,0.0003890934123492263,0.05791505791505792,1.2084942084942085,1.9997156625063601,"[[4.874792773101474, -3.523733219687808], 5.61215483847316]",0.0004239341085271318,0.07751937984496124,0.0004239341085271318,0.08527131782945736,,10.107762098312378,81.64074277877808
fing_x_face,15,0.001,li_V>ri_V,2,S4-Direct,rule,xfit,300,True,0.0002714686453714596,0.10077519379844961,0.0002544072311514172,0.07722007722007722,1.1814671814671815,1.4952859836580767,"[[30.000001907348633, 6.000000476837158], 31.0]",0.0004239341085271318,0.09302325581395349,0.00048449612403100775,0.10852713178294573,,10.107762098312378,81.64074277877808
fing_x_face,15,0.001,ri_V>face_C,2,LR-P1-N2,GP,xfit,300,True,0.00030163182819051065,0.015503875968992248,0.00034419801861662326,0.04247104247104247,1.1158301158301158,1.9402741612043937,"[[29.000001907348633, 3.000000238418579], 0.6708900332450867]",0.00030281007751937984,0.023255813953488372,0.00030281007751937984,0.007751937984496124,,10.107762098312378,81.64074277877808
fing_x_face,15,0.001,ri_V>face_C,2,HYP,GP,xfit,300,False,,,,,,,,,,,,,10.107762098312378,81.64074277877808
fing_x_face,15,0.001,ri_V>face_C,2,S1-Marcialis,rule,xfit,300,True,0.0008144059361143788,0.011627906976744186,0.0011972104995360809,0.03861003861003861,1.138996138996139,1.9914698751908053,"[[35.000003814697266, 3.0], 0.6434999704360962]",0.0004239341085271318,0.015503875968992248,0.0004239341085271318,0.007751937984496124,,10.107762098312378,81.64074277877808
fing_x_face,15,0.001,ri_V>face_C,2,S2-Symmetric,rule,xfit,300,True,0.0008144059361143788,0.011627906976744186,0.0011972104995360809,0.03861003861003861,1.138996138996139,1.9914698751908053,"[[35.000003814697266, 3.0], 0.6434999704360962]",0.0004239341085271318,0.015503875968992248,0.0004239341085271318,0.007751937984496124,,10.107762098312378,81.64074277877808
fing_x_face,15,0.001,ri_V>face_C,2,S3-SPRT,rule,xfit,300,False,,,,,,,,,,,,,10.107762098312378,81.64074277877808
fing_x_face,15,0.001,ri_V>face_C,2,S4-Direct,rule,xfit,300,False,,,,,,,,,,,,,10.107762098312378,81.64074277877808
fing_x_face,15,0.001,ri_V>face_G,2,LR-P1-N2,GP,xfit,300,True,0.000452447742285766,0.03875968992248062,0.0003292328873724223,0.04247104247104247,1.1042471042471043,1.3337822872706593,"[[29.000001907348633, 7.000000476837158], 75.1263198852539]",0.0003633720930232558,0.05426356589147287,0.0003633720930232558,0.03875968992248062,,10.107762098312378,81.64074277877808
fing_x_face,15,0.001,ri_V>face_G,2,HYP,GP,xfit,300,False,,,,,,,,,,,,,10.107762098312378,81.64074277877808
fing_x_face,15,0.001,ri_V>face_G,2,S1-Marcialis,rule,xfit,300,True,0.0005731004735619702,0.01937984496124031,0.0005387447247912364,0.03861003861003861,1.138996138996139,1.9914698751908053,"[[35.000003814697266, 3.0], 75.13899993896484]",0.0003633720930232558,0.031007751937984496,0.0004239341085271318,0.023255813953488372,,10.107762098312378,81.64074277877808
fing_x_face,15,0.001,ri_V>face_G,2,S2-Symmetric,rule,xfit,300,True,0.0005731004735619702,0.01937984496124031,0.0005387447247912364,0.03861003861003861,1.138996138996139,1.9914698751908053,"[[35.000003814697266, 3.0], 75.13899993896484]",0.0003633720930232558,0.031007751937984496,0.0004239341085271318,0.023255813953488372,,10.107762098312378,81.64074277877808
fing_x_face,15,0.001,ri_V>face_G,2,S3-SPRT,rule,xfit,300,True,0.0003317950110095617,0.01937984496124031,0.0002693723623956182,0.019305019305019305,1.1158301158301158,1.6580018556762743,"[[4.726000250143469, -3.995385948470832], 3.2529595679875376]",0.0004239341085271318,0.007751937984496124,0.0004239341085271318,0.031007751937984496,,10.107762098312378,81.64074277877808
fing_x_face,15,0.001,ri_V>face_G,2,S4-Direct,rule,xfit,300,True,0.0005580188821524447,0.01937984496124031,0.00044895393732603036,0.03474903474903475,1.1081081081081081,1.8145670587531053,"[[28.000001907348633, 4.000000476837158], 75.38863372802734]",0.0004239341085271318,0.046511627906976744,0.0004239341085271318,0.015503875968992248,,10.107762098312378,81.64074277877808
fing_x_face,15,0.001,ri_V>li_V,2,LR-P1-N2,GP,xfit,300,True,0.0003317950110095617,0.08914728682170543,0.0003591631498608243,0.06177606177606178,1.111969111969112,1.940214300679417,"[[28.000001907348633, 3.000000238418579], 32.0]",0.0003633720930232558,0.07751937984496124,0.00048449612403100775,0.09302325581395349,,10.107762098312378,81.64074277877808
fing_x_face,15,0.001,ri_V>li_V,2,HYP,GP,xfit,300,False,,,,,,,,,,,,,10.107762098312378,81.64074277877808
fing_x_face,15,0.001,ri_V>li_V,2,S1-Marcialis,rule,xfit,300,True,0.000226223871142883,0.08527131782945736,0.00034419801861662326,0.07335907335907337,1.138996138996139,1.9914698751908053,"[[35.000003814697266, 3.0], 29.0]",0.0003633720930232558,0.06976744186046512,0.00048449612403100775,0.09302325581395349,,10.107762098312378,81.64074277877808
fing_x_face,15,0.001,ri_V>li_V,2,S2-Symmetric,rule,xfit,300,True,0.000226223871142883,0.08527131782945736,0.00034419801861662326,0.07335907335907337,1.138996138996139,1.9914698751908053,"[[35.000003814697266, 3.0], 29.0]",0.0003633720930232558,0.06976744186046512,0.00048449612403100775,0.09302325581395349,,10.107762098312378,81.64074277877808
fing_x_face,15,0.001,ri_V>li_V,2,S3-SPRT,rule,xfit,300,True,0.000226223871142883,0.08914728682170543,0.00028433749363981925,0.05405405405405406,1.1158301158301158,1.6580018556762743,"[[4.726000250143469, -3.995385948470832], 6.991415884890557]",0.0004239341085271318,0.07751937984496124,0.0004239341085271318,0.09302325581395349,,10.107762098312378,81.64074277877808
fing_x_face,15,0.001,ri_V>li_V,2,S4-Direct,rule,xfit,300,True,0.00039212137664766385,0.08139534883720931,0.0002693723623956182,0.07335907335907337,1.1158301158301158,1.1113256113256114,"[[35.000003814697266, 10.000000953674316], 24.0]",0.00030281007751937984,0.06976744186046512,0.0004239341085271318,0.09302325581395349,,10.107762098312378,81.64074277877808
fing_x_face,15,0.001,face_C>face_G>li_V,3,LR-P1-N2,GP,xfit,300,True,0.0001809790969143064,0.023255813953488372,0.0003292328873724223,0.03861003861003861,1.4285714285714286,2.8328843793960075,"[[0.6708900332450867, -Infinity], [75.96875, 64.83816528320312], 30.000001907348633]",0.00024224806201550387,0.015503875968992248,0.00024224806201550387,0.031007751937984496,,10.107762098312378,81.64074277877808
fing_x_face,15,0.001,face_C>face_G>li_V,3,HYP,GP,xfit,300,False,,,,,,,,,,,,,10.107762098312378,81.64074277877808
fing_x_face,15,0.001,face_C>face_G>li_V,3,S1-Marcialis,rule,xfit,300,True,0.00025638705396193405,0.027131782945736434,0.0004040585435934273,0.03474903474903475,1.6563706563706564,2.838361617431385,"[[0.6979800462722778, -1.0], [75.97413635253906, 64.80564880371094], 28.0]",0.00030281007751937984,0.023255813953488372,0.00048449612403100775,0.031007751937984496,,10.107762098312378,81.64074277877808
fing_x_face,15,0.001,face_C>face_G>li_V,3,S2-Symmetric,rule,xfit,300,True,0.00025638705396193405,0.027131782945736434,0.0004040585435934273,0.03474903474903475,1.6563706563706564,2.838361617431385,"[[0.6979800462722778, -1.0], [75.97413635253906, 64.80564880371094], 28.0]",0.00030281007751937984,0.023255813953488372,0.00048449612403100775,0.031007751937984496,,10.107762098312378,81.64074277877808
fing_x_face,15,0.001,face_C>face_G>li_V,3,S3-SPRT,rule,xfit,300,False,,,,,,,,,,,,,10.107762098312378,81.64074277877808
fing_x_face,15,0.001,face_C>face_G>li_V,3,S4-Direct,rule,xfit,300,True,0.00016589750550478086,0.027131782945736434,0.0003591631498608243,0.03861003861003861,1.4285714285714286,2.8256711861363026,"[[0.6715600490570068, 0.48135003447532654], [75.97413635253906, 64.01529693603516], 31.0]",0.0004239341085271318,0.015503875968992248,0.00030281007751937984,0.03875968992248062,,10.107762098312378,81.64074277877808
fing_x_face,15,0.001,face_C>face_G>ri_V,3,LR-P1-N2,GP,xfit,300,True,0.00010557113986667873,0.015503875968992248,0.00020951183741881415,0.02702702702702703,1.4285714285714286,2.8328843793960075,"[[0.6708900332450867, -Infinity], [75.97413635253906, 64.83816528320312], 35.000003814697266]",0.0001816860465116279,0.015503875968992248,6.056201550387597e-05,0.015503875968992248,,10.107762098312378,81.64074277877808
fing_x_face,15,0.001,face_C>face_G>ri_V,3,HYP,GP,xfit,300,False,,,,,,,,,,,,,10.107762098312378,81.64074277877808
fing_x_face,15,0.001,face_C>face_G>ri_V,3,S1-Marcialis,rule,xfit,300,True,0.0003770397852381383,0.007751937984496124,0.00034419801861662326,0.023166023166023165,1.6563706563706564,2.838361617431385,"[[0.6979800462722778, -1.0], [75.97413635253906, 64.80564880371094], 28.0]",0.0004239341085271318,0.0,0.0003633720930232558,0.015503875968992248,,10.107762098312378,81.64074277877808
fing_x_face,15,0.001,face_C>face_G>ri_V,3,S2-Symmetric,rule,xfit,300,True,0.0003770397852381383,0.007751937984496124,0.00034419801861662326,0.023166023166023165,1.6563706563706564,2.838361617431385,"[[0.6979800462722778, -1.0], [75.97413635253906, 64.80564880371094], 28.0]",0.0004239341085271318,0.0,0.0003633720930232558,0.015503875968992248,,10.107762098312378,81.64074277877808
fing_x_face,15,0.001,face_C>face_G>ri_V,3,S3-SPRT,rule,xfit,300,False,,,,,,,,,,,,,10.107762098312378,81.64074277877808
fing_x_face,15,0.001,face_C>face_G>ri_V,3,S4-Direct,rule,xfit,300,True,0.00039212137664766385,0.011627906976744186,0.00034419801861662326,0.023166023166023165,1.6563706563706564,2.825940558498698,"[[0.6979800462722778, 0.48135003447532654], [75.97413635253906, 64.01529693603516], 28.0]",0.00048449612403100775,0.007751937984496124,0.0004239341085271318,0.015503875968992248,,10.107762098312378,81.64074277877808
fing_x_face,15,0.001,face_C>li_V>face_G,3,LR-P1-N2,GP,xfit,300,True,0.0002865502367809851,0.023255813953488372,0.00046391906857023134,0.04247104247104247,1.2664092664092663,2.081096046212325,"[[0.6676100492477417, -Infinity], [30.000001907348633, 11.000000953674316], 75.04167938232422]",0.0004239341085271318,0.015503875968992248,0.0004239341085271318,0.031007751937984496,,10.107762098312378,81.64074277877808
fing_x_face,15,0.001,face_C>li_V>face_G,3,HYP,GP,xfit,300,False,,,,,,,,,,,,,10.107762098312378,81.64074277877808
fing_x_face,15,0.001,face_C>li_V>face_G,3,S1-Marcialis,rule,xfit,300,True,0.0003770397852381383,0.031007751937984496,0.00043398880608182933,0.04633204633204633,1.4671814671814671,2.666517015354225,"[[0.6979800462722778, -1.0], [30.000001907348633, 6.0], 75.34729766845703]",0.0003633720930232558,0.023255813953488372,0.00048449612403100775,0.03875968992248062,,10.107762098312378,81.64074277877808
fing_x_face,15,0.001,face_C>li_V>face_G,3,S2-Symmetric,rule,xfit,300,True,0.0003770397852381383,0.031007751937984496,0.00043398880608182933,0.04633204633204633,1.4671814671814671,2.666517015354225,"[[0.6979800462722778, -1.0], [30.000001907348633, 6.0], 75.34729766845703]",0.0003633720930232558,0.023255813953488372,0.00048449612403100775,0.03875968992248062,,10.107762098312378,81.64074277877808
fing_x_face,15,0.001,face_C>li_V>face_G,3,S3-SPRT,rule,xfit,300,True,0.0004072029680571894,0.015503875968992248,0.00044895393732603036,0.015444015444015444,1.2664092664092663,1.4190985004938492,"[[4.4432933740970615, -2.5987430615010703], [4.4432933740970615, -2.5987430615010703], 3.260861964186212]",0.0004239341085271318,0.015503875968992248,0.0004239341085271318,0.015503875968992248,,10.107762098312378,81.64074277877808
fing_x_face,15,0.001,face_C>li_V>face_G,3,S4-Direct,rule,xfit,300,False,,,,,,,,0.00048449612403100775,0.015503875968992248,,,True,10.107762098312378,81.64074277877808
fing_x_face,15,0.001,face_C>li_V>ri_V,3,LR-P1-N2,GP,xfit,300,True,0.00025638705396193405,0.007751937984496124,0.0004190236748376283,0.023166023166023165,1.2702702702702702,2.4949118553769716,"[[0.6666200757026672, -Infinity], [30.000001907348633, 6.000000476837158], 35.000003814697266]",0.0003633720930232558,0.0,0.00030281007751937984,0.015503875968992248,,10.107762098312378,81.64074277877808
fing_x_face,15,0.001,face_C>li_V>ri_V,3,HYP,GP,xfit,300,False,,,,,,,,,,,,,10.107762098312378,81.64074277877808
fing_x_face,15,0.001,face_C>li_V>ri_V,3,S1-Marcialis,rule,xfit,300,True,0.0002865502367809851,0.011627906976744186,0.00031426775612822125,0.03088803088803089,1.4671814671814671,2.666517015354225,"[[0.6979800462722778, -1.0], [30.000001907348633, 6.0], 31.0]",0.0004239341085271318,0.0,0.00048449612403100775,0.023255813953488372,,10.107762098312378,81.64074277877808
fing_x_face,15,0.001,face_C>li_V>ri_V,3,S2-Symmetric,rule,xfit,300,True,0.0002865502367809851,0.011627906976744186,0.00031426775612822125,0.03088803088803089,1.4671814671814671,2.666517015354225,"[[0.6979800462722778, -1.0], [30.000001907348633, 6.0], 31.0]",0.0004239341085271318,0.0,0.00048449612403100775,0.023255813953488372,,10.107762098312378,81.64074277877808
fing_x_face,15,0.001,face_C>li_V>ri_V,3,S3-SPRT,rule,xfit,300,True,0.0008144059361143788,0.015503875968992248,0.00047888419981443237,0.019305019305019305,1.3474903474903475,1.4193080123312682,"[[5.314945834849903, -2.5987430615010703], [5.314945834849903, -2.5987430615010703], 0.20349053272722717]",0.0004239341085271318,0.015503875968992248,0.0004239341085271318,0.015503875968992248,,10.107762098312378,81.64074277877808
fing_x_face,15,0.001,face_C>li_V>ri_V,3,S4-Direct,rule,xfit,300,True,0.000226223871142883,0.015503875968992248,0.0003890934123492263,0.019305019305019305,1.2934362934362935,2.746206339229595,"[[0.6715600490570068, 0.48135003447532654], [30.000001907348633, 4.000000476837158], 34.0]",0.0003633720930232558,0.007751937984496124,0.0003633720930232558,0.023255813953488372,,10.107762098312378,81.64074277877808
fing_x_face,15,0.001,face_C>ri_V>face_G,3,LR-P1-N2,GP,xfit,300,True,0.00021114227973335746,0.011627906976744186,0.0002544072311514172,0.023166023166023165,1.277992277992278,2.16005207865673,"[[0.6708900332450867, -Infinity], [35.000003814697266, 9.000000953674316], 75.1263198852539]",0.00024224806201550387,0.007751937984496124,0.00012112403100775194,0.015503875968992248,,10.107762098312378,81.64074277877808
fing_x_face,15,0.001,face_C>ri_V>face_G,3,HYP,GP,xfit,300,False,,,,,,,,,,,,,10.107762098312378,81.64074277877808
fing_x_face,15,0.001,face_C>ri_V>face_G,3,S1-Marcialis,rule,xfit,300,True,0.0005881820649714958,0.015503875968992248,0.0005686749872796385,0.02702702702702703,1.444015444015444,2.9913800844033402,"[[0.6979800462722778, -1.0], [35.000003814697266, 3.0], 75.13899993896484]",0.0003633720930232558,0.015503875968992248,0.0004239341085271318,0.015503875968992248,,10.107762098312378,81.64074277877808
fing_x_face,15,0.001,face_C>ri_V>face_G,3,S2-Symmetric,rule,xfit,300,True,0.0005881820649714958,0.015503875968992248,0.0005686749872796385,0.02702702702702703,1.444015444015444,2.9913800844033402,"[[0.6979800462722778, -1.0], [35.000003814697266, 3.0], 75.13899993896484]",0.0003633720930232558,0.015503875968992248,0.0004239341085271318,0.015503875968992248,,10.107762098312378,81.64074277877808
fing_x_face,15,0.001,face_C>ri_V>face_G,3,S3-SPRT,rule,xfit,300,True,0.0004222845594667149,0.003875968992248062,0.00046391906857023134,0.019305019305019305,1.3243243243243243,1.4071862560234654,"[[5.314945834849903, -2.5987430615010703], [5.314945834849903, -2.5987430615010703], 2.4113133957170594]",0.0004239341085271318,0.007751937984496124,0.0003633720930232558,0.0,,10.107762098312378,81.64074277877808
fing_x_face,15,0.001,face_C>ri_V>face_G,3,S4-Direct,rule,xfit,300,True,0.0004675293336952915,0.007751937984496124,0.00047888419981443237,0.019305019305019305,1.277992277992278,2.400616563407261,"[[0.6715600490570068, 0.48135003447532654], [28.000001907348633, 6.000000476837158], 75.38863372802734]",0.0004239341085271318,0.007751937984496124,0.0004239341085271318,0.007751937984496124,,10.107762098312378,81.64074277877808
fing_x_face,15,0.001,face_C>ri_V>li_V,3,LR-P1-N2,GP,xfit,300,True,0.000226223871142883,0.007751937984496124,0.0004190236748376283,0.019305019305019305,1.2702702702702702,2.939944928317021,"[[0.6677500605583191, -Infinity], [35.000003814697266, 3.000000238418579], 31.0]",0.00024224806201550387,0.0,0.00030281007751937984,0.015503875968992248,,10.107762098312378,81.64074277877808
fing_x_face,15,0.001,face_C>ri_V>li_V,3,HYP,GP,xfit,300,False,,,,,,,,,,,,,10.107762098312378,81.64074277877808
fing_x_face,15,0.001,face_C>ri_V>li_V,3,S1-Marcialis,rule,xfit,300,True,0.00024130546255240852,0.011627906976744186,0.0003890934123492263,0.02702702702702703,1.444015444015444,2.9913800844033402,"[[0.6979800462722778, -1.0], [35.000003814697266, 3.0], 29.0]",0.0003633720930232558,0.0,0.00048449612403100775,0.023255813953488372,,10.107762098312378,81.64074277877808
fing_x_face,15,0.001,face_C>ri_V>li_V,3,S2-Symmetric,rule,xfit,300,True,0.00024130546255240852,0.011627906976744186,0.0003890934123492263,0.02702702702702703,1.444015444015444,2.9913800844033402,"[[0.6979800462722778, -1.0], [35.000003814697266, 3.0], 29.0]",0.0003633720930232558,0.0,0.00048449612403100775,0.023255813953488372,,10.107762098312378,81.64074277877808
fing_x_face,15,0.001,face_C>ri_V>li_V,3,S3-SPRT,rule,xfit,300,True,0.0008294875275239043,0.007751937984496124,0.0005237795935470355,0.019305019305019305,1.3243243243243243,1.4071862560234654,"[[5.314945834849903, -2.5987430615010703], [5.314945834849903, -2.5987430615010703], 0.23806373017352378]",0.0004239341085271318,0.007751937984496124,0.0004239341085271318,0.007751937984496124,,10.107762098312378,81.64074277877808
fing_x_face,15,0.001,face_C>ri_V>li_V,3,S4-Direct,rule,xfit,300,True,0.0003167134196000362,0.011627906976744186,0.0003741282811050253,0.02702702702702703,1.4362934362934363,2.400856005507168,"[[0.6979800462722778, 0.48135003447532654], [28.000001907348633, 6.000000476837158], 32.0]",0.0003633720930232558,0.007751937984496124,0.0004239341085271318,0.015503875968992248,,10.107762098312378,81.64074277877808
fing_x_face,15,0.001,face_G>face_C>li_V,3,LR-P1-N2,GP,xfit,300,True,0.000226223871142883,0.03488372093023256,0.0002693723623956182,0.04247104247104247,1.5250965250965252,2.6663224686480502,"[[75.7102279663086, 64.83816528320312], [0.6842800378799438, -Infinity], 30.000001907348633]",0.00030281007751937984,0.023255813953488372,0.0001816860465116279,0.046511627906976744,,10.107762098312378,81.64074277877808
fing_x_face,15,0.001,face_G>face_C>li_V,3,HYP,GP,xfit,300,False,,,,,,,,,,,,,10.107762098312378,81.64074277877808
fing_x_face,15,0.001,face_G>face_C>li_V,3,S1-Marcialis,rule,xfit,300,True,0.00025638705396193405,0.027131782945736434,0.0004040585435934273,0.03474903474903475,1.61003861003861,2.6768579210439674,"[[75.97413635253906, 64.80564880371094], [0.6979800462722778, -1.0], 28.0]",0.00030281007751937984,0.023255813953488372,0.00048449612403100775,0.031007751937984496,,10.107762098312378,81.64074277877808
fing_x_face,15,0.001,face_G>face_C>li_V,3,S2-Symmetric,rule,xfit,300,True,0.00025638705396193405,0.027131782945736434,0.0004040585435934273,0.03474903474903475,1.61003861003861,2.6768579210439674,"[[75.97413635253906, 64.80564880371094], [0.6979800462722778, -1.0], 28.0]",0.00030281007751937984,0.023255813953488372,0.00048449612403100775,0.031007751937984496,,10.107762098312378,81.64074277877808
fing_x_face,15,0.001,face_G>face_C>li_V,3,S3-SPRT,rule,xfit,300,False,,,,,,,,,,,,,10.107762098312378,81.64074277877808
fing_x_face,15,0.001,face_G>face_C>li_V,3,S4-Direct,rule,xfit,300,True,0.00016589750550478086,0.023255813953488372,0.0003591631498608243,0.03861003861003861,1.528957528957529,2.7941097243422823,"[[75.97413635253906, 64.01529693603516], [0.6715600490570068, 0.48135003447532654], 31.0]",0.0004239341085271318,0.007751937984496124,0.00030281007751937984,0.03875968992248062,,10.107762098312378,81.64074277877808
fing_x_face,15,0.001,face_G>face_C>ri_V,3,LR-P1-N2,GP,xfit,300,True,0.00015081591409525533,0.023255813953488372,0.00011972104995360809,0.03088803088803089,1.555984555984556,2.6663523989105387,"[[75.7102279663086, 64.83816528320312], [0.6979800462722778, -Infinity], 35.000003814697266]",0.00024224806201550387,0.023255813953488372,0.0,0.023255813953488372,,10.107762098312378,81.64074277877808
fing_x_face,15,0.001,face_G>face_C>ri_V,3,HYP,GP,xfit,300,False,,,,,,,,,,,,,10.107762098312378,81.64074277877808
fing_x_face,15,0.001,face_G>face_C>ri_V,3,S1-Marcialis,rule,xfit,300,True,0.0003770397852381383,0.007751937984496124,0.00034419801861662326,0.023166023166023165,1.61003861003861,2.6768579210439674,"[[75.97413635253906, 64.80564880371094], [0.6979800462722778, -1.0], 28.0]",0.0004239341085271318,0.0,0.0003633720930232558,0.015503875968992248,,10.107762098312378,81.64074277877808
fing_x_face,15,0.001,face_G>face_C>ri_V,3,S2-Symmetric,rule,xfit,300,True,0.0003770397852381383,0.007751937984496124,0.00034419801861662326,0.023166023166023165,1.61003861003861,2.6768579210439674,"[[75.97413635253906, 64.80564880371094], [0.6979800462722778, -1.0], 28.0]",0.0004239341085271318,0.0,0.0003633720930232558,0.015503875968992248,,10.107762098312378,81.64074277877808
fing_x_face,15,0.001,face_G>face_C>ri_V,3,S3-SPRT,rule,xfit,300,False,,,,,,,,,,,,,10.107762098312378,81.64074277877808
fing_x_face,15,0.001,face_G>face_C>ri_V,3,S4-Direct,rule,xfit,300,True,0.00039212137664766385,0.007751937984496124,0.00034419801861662326,0.023166023166023165,1.61003861003861,2.7942444105234805,"[[75.97413635253906, 64.01529693603516], [0.6979800462722778, 0.48135003447532654], 28.0]",0.00048449612403100775,0.0,0.0004239341085271318,0.015503875968992248,,10.107762098312378,81.64074277877808
fing_x_face,15,0.001,face_G>li_V>face_C,3,LR-P1-N2,GP,xfit,300,True,0.0003317950110095617,0.03875968992248062,0.0004040585435934273,0.04247104247104247,1.3474903474903475,2.1242105893268683,"[[75.55891418457031, 64.83816528320312], [30.000001907348633, 7.000000476837158], 0.6677500605583191]",0.0004239341085271318,0.03875968992248062,0.00024224806201550387,0.03875968992248062,,10.107762098312378,81.64074277877808
fing_x_face,15,0.001,face_G>li_V>face_C,3,HYP,GP,xfit,300,False,,,,,,,,,,,,,10.107762098312378,81.64074277877808
fing_x_face,15,0.001,face_G>li_V>face_C,3,S1-Marcialis,rule,xfit,300,True,0.0006635900220191234,0.01937984496124031,0.0010026637933614679,0.03861003861003861,1.3976833976833978,2.393538056328754,"[[75.97413635253906, 64.80564880371094], [30.000001907348633, 6.0], 0.6448000073432922]",0.0003633720930232558,0.007751937984496124,0.0004239341085271318,0.031007751937984496,,10.107762098312378,81.64074277877808
fing_x_face,15,0.001,face_G>li_V>face_C,3,S2-Symmetric,rule,xfit,300,True,0.0006635900220191234,0.01937984496124031,0.0010026637933614679,0.03861003861003861,1.3976833976833978,2.393538056328754,"[[75.97413635253906, 64.80564880371094], [30.000001907348633, 6.0], 0.6448000073432922]",0.0003633720930232558,0.007751937984496124,0.0004239341085271318,0.031007751937984496,,10.107762098312378,81.64074277877808
fing_x_face,15,0.001,face_G>li_V>face_C,3,S3-SPRT,rule,xfit,300,True,0.0004222845594667149,0.031007751937984496,0.00044895393732603036,0.019305019305019305,1.3706563706563706,1.8683218101822754,"[[5.509521185613435, -3.482222103528612], [5.509521185613435, -3.482222103528612], 3.260861964186212]",0.00048449612403100775,0.031007751937984496,0.0004239341085271318,0.03875968992248062,,10.107762098312378,81.64074277877808
fing_x_face,15,0.001,face_G>li_V>face_C,3,S4-Direct,rule,xfit,300,True,0.0008596507103429554,0.015503875968992248,0.00118224536829188,0.03088803088803089,1.3745173745173744,2.685298255065697,"[[75.7102279663086, 64.01529693603516], [30.000001907348633, 4.000000476837158], 0.6448000073432922]",0.0004239341085271318,0.007751937984496124,0.00048449612403100775,0.023255813953488372,,10.107762098312378,81.64074277877808
fing_x_face,15,0.001,face_G>li_V>ri_V,3,LR-P1-N2,GP,xfit,300,True,0.0002865502367809851,0.01937984496124031,0.00031426775612822125,0.02702702702702703,1.335907335907336,2.2419263116937533,"[[75.49197387695312, 64.83816528320312], [30.000001907348633, 6.000000476837158], 35.000003814697266]",0.0003633720930232558,0.015503875968992248,0.0001816860465116279,0.023255813953488372,,10.107762098312378,81.64074277877808
fing_x_face,15,0.001,face_G>li_V>ri_V,3,HYP,GP,xfit,300,False,,,,,,,,,,,,,10.107762098312378,81.64074277877808
fing_x_face,15,0.001,face_G>li_V>ri_V,3,S1-Marcialis,rule,xfit,300,True,0.0003167134196000362,0.023255813953488372,0.00028433749363981925,0.023166023166023165,1.3976833976833978,2.393538056328754,"[[75.97413635253906, 64.80564880371094], [30.000001907348633, 6.0], 29.0]",0.00048449612403100775,0.015503875968992248,0.0004239341085271318,0.031007751937984496,,10.107762098312378,81.64074277877808
fing_x_face,15,0.001,face_G>li_V>ri_V,3,S2-Symmetric,rule,xfit,300,True,0.0003167134196000362,0.023255813953488372,0.00028433749363981925,0.023166023166023165,1.3976833976833978,2.393538056328754,"[[75.97413635253906, 64.80564880371094], [30.000001907348633, 6.0], 29.0]",0.00048449612403100775,0.015503875968992248,0.0004239341085271318,0.031007751937984496,,10.107762098312378,81.64074277877808
fing_x_face,15,0.001,face_G>li_V>ri_V,3,S3-SPRT,rule,xfit,300,True,0.0003167134196000362,0.027131782945736434,0.00034419801861662326,0.011583011583011582,1.3706563706563706,1.8683218101822754,"[[5.509521185613435, -3.482222103528612], [5.509521185613435, -3.482222103528612], 1.9939450781176118]",0.0004239341085271318,0.015503875968992248,0.00048449612403100775,0.03875968992248062,,10.107762098312378,81.64074277877808
fing_x_face,15,0.001,face_G>li_V>ri_V,3,S4-Direct,rule,xfit,300,True,0.00039212137664766385,0.015503875968992248,0.00031426775612822125,0.019305019305019305,1.3745173745173744,2.685298255065697,"[[75.7102279663086, 64.01529693603516], [30.000001907348633, 4.000000476837158], 31.0]",0.0003633720930232558,0.0,0.00048449612403100775,0.031007751937984496,,10.107762098312378,81.64074277877808
fing_x_face,15,0.001,face_G>ri_V>face_C,3,LR-P1-N2,GP,xfit,300,True,0.0001809790969143064,0.015503875968992248,0.00020951183741881415,0.02702702702702703,1.3474903474903475,2.225569423243842,"[[75.7102279663086, 64.83816528320312], [35.000003814697266, 6.000000476837158], 0.6708900332450867]",0.00030281007751937984,0.015503875968992248,6.056201550387597e-05,0.015503875968992248,,10.107762098312378,81.64074277877808
fing_x_face,15,0.001,face_G>ri_V>face_C,3,HYP,GP,xfit,300,False,,,,,,,,,,,,,10.107762098312378,81.64074277877808
fing_x_face,15,0.001,face_G>ri_V>face_C,3,S1-Marcialis,rule,xfit,300,True,0.0008144059361143788,0.007751937984496124,0.001212175630780282,0.023166023166023165,1.3822393822393821,2.6695699021280417,"[[75.97413635253906, 64.80564880371094], [35.000003814697266, 3.0], 0.6434999704360962]",0.0004239341085271318,0.007751937984496124,0.0004239341085271318,0.007751937984496124,,10.107762098312378,81.64074277877808
fing_x_face,15,0.001,face_G>ri_V>face_C,3,S2-Symmetric,rule,xfit,300,True,0.0008144059361143788,0.007751937984496124,0.001212175630780282,0.023166023166023165,1.3822393822393821,2.6695699021280417,"[[75.97413635253906, 64.80564880371094], [35.000003814697266, 3.0], 0.6434999704360962]",0.0004239341085271318,0.007751937984496124,0.0004239341085271318,0.007751937984496124,,10.107762098312378,81.64074277877808
fing_x_face,15,0.001,face_G>ri_V>face_C,3,S3-SPRT,rule,xfit,300,False,,,,,,,,,,,,,10.107762098312378,81.64074277877808
fing_x_face,15,0.001,face_G>ri_V>face_C,3,S4-Direct,rule,xfit,300,True,0.00048261092510481704,0.0,0.0006435006435006435,0.019305019305019305,1.3706563706563706,2.350124210589327,"[[75.97413635253906, 64.01529693603516], [28.000001907348633, 6.000000476837158], 0.6513299942016602]",0.00048449612403100775,0.0,0.0004239341085271318,0.0,,10.107762098312378,81.64074277877808
fing_x_face,15,0.001,face_G>ri_V>li_V,3,LR-P1-N2,GP,xfit,300,True,0.0002865502367809851,0.01937984496124031,0.00028433749363981925,0.019305019305019305,1.3397683397683398,2.616817814492233,"[[75.7102279663086, 64.83816528320312], [31.000001907348633, 3.000000238418579], 30.000001907348633]",0.00030281007751937984,0.007751937984496124,0.00024224806201550387,0.031007751937984496,,10.107762098312378,81.64074277877808
fing_x_face,15,0.001,face_G>ri_V>li_V,3,HYP,GP,xfit,300,False,,,,,,,,,,,,,10.107762098312378,81.64074277877808
fing_x_face,15,0.001,face_G>ri_V>li_V,3,S1-Marcialis,rule,xfit,300,True,0.00025638705396193405,0.027131782945736434,0.0003741282811050253,0.019305019305019305,1.3822393822393821,2.6695699021280417,"[[75.97413635253906, 64.80564880371094], [35.000003814697266, 3.0], 28.0]",0.00030281007751937984,0.015503875968992248,0.00048449612403100775,0.03875968992248062,,10.107762098312378,81.64074277877808
fing_x_face,15,0.001,face_G>ri_V>li_V,3,S2-Symmetric,rule,xfit,300,True,0.00025638705396193405,0.027131782945736434,0.0003741282811050253,0.019305019305019305,1.3822393822393821,2.6695699021280417,"[[75.97413635253906, 64.80564880371094], [35.000003814697266, 3.0], 28.0]",0.00030281007751937984,0.015503875968992248,0.00048449612403100775,0.03875968992248062,,10.107762098312378,81.64074277877808
fing_x_face,15,0.001,face_G>ri_V>li_V,3,S3-SPRT,rule,xfit,300,True,0.0003167134196000362,0.023255813953488372,0.00028433749363981925,0.011583011583011582,1.3474903474903475,1.8405614917242825,"[[5.509521185613435, -3.482222103528612], [5.509521185613435, -3.482222103528612], 1.9939450781176118]",0.0004239341085271318,0.007751937984496124,0.0004239341085271318,0.03875968992248062,,10.107762098312378,81.64074277877808
fing_x_face,15,0.001,face_G>ri_V>li_V,3,S4-Direct,rule,xfit,300,False,,,,,,,,,,,,,10.107762098312378,81.64074277877808
fing_x_face,15,0.001,li_V>face_C>face_G,3,LR-P1-N2,GP,xfit,300,False,,,,,,,,0.0004239341085271318,0.023255813953488372,,,True,10.107762098312378,81.64074277877808
fing_x_face,15,0.001,li_V>face_C>face_G,3,HYP,GP,xfit,300,False,,,,,,,,,,,,,10.107762098312378,81.64074277877808
fing_x_face,15,0.001,li_V>face_C>face_G,3,S1-Marcialis,rule,xfit,300,True,0.0003770397852381383,0.046511627906976744,0.0004190236748376283,0.06563706563706563,1.2702702702702702,2.333153751758403,"[[30.000001907348633, 6.0], [0.6979800462722778, -1.0], 75.34729766845703]",0.0003633720930232558,0.023255813953488372,0.00048449612403100775,0.06976744186046512,,10.107762098312378,81.64074277877808
fing_x_face,15,0.001,li_V>face_C>face_G,3,S2-Symmetric,rule,xfit,300,True,0.0003770397852381383,0.046511627906976744,0.0004190236748376283,0.06563706563706563,1.2702702702702702,2.333153751758403,"[[30.000001907348633, 6.0], [0.6979800462722778, -1.0], 75.34729766845703]",0.0003633720930232558,0.023255813953488372,0.00048449612403100775,0.06976744186046512,,10.107762098312378,81.64074277877808
fing_x_face,15,0.001,li_V>face_C>face_G,3,S3-SPRT,rule,xfit,300,True,0.0002865502367809851,0.015503875968992248,0.0004190236748376283,0.02702702702702703,1.274131274131274,2.0899554039088923,"[[4.874792773101474, -3.523733219687808], [4.874792773101474, -3.523733219687808], 5.3177640864044955]",0.00048449612403100775,0.015503875968992248,0.0004239341085271318,0.015503875968992248,,10.107762098312378,81.64074277877808
fing_x_face,15,0.001,li_V>face_C>face_G,3,S4-Direct,rule,xfit,300,True,0.0004675293336952915,0.01937984496124031,0.0005387447247912364,0.04247104247104247,1.2586872586872586,2.2360450151147826,"[[30.000001907348633, 4.000000476837158], [0.6676100492477417, 0.531480073928833], 75.38863372802734]",0.0004239341085271318,0.007751937984496124,0.00048449612403100775,0.031007751937984496,,10.107762098312378,81.64074277877808
fing_x_face,15,0.001,li_V>face_C>ri_V,3,LR-P1-N2,GP,xfit,300,False,,,,,,,,0.00024224806201550387,0.015503875968992248,,,True,10.107762098312378,81.64074277877808
fing_x_face,15,0.001,li_V>face_C>ri_V,3,HYP,GP,xfit,300,False,,,,,,,,,,,,,10.107762098312378,81.64074277877808
fing_x_face,15,0.001,li_V>face_C>ri_V,3,S1-Marcialis,rule,xfit,300,True,0.0002865502367809851,0.027131782945736434,0.0002993026248840202,0.05019305019305019,1.2702702702702702,2.333153751758403,"[[30.000001907348633, 6.0], [0.6979800462722778, -1.0], 31.0]",0.0004239341085271318,0.0,0.00048449612403100775,0.05426356589147287,,10.107762098312378,81.64074277877808
fing_x_face,15,0.001,li_V>face_C>ri_V,3,S2-Symmetric,rule,xfit,300,True,0.0002865502367809851,0.027131782945736434,0.0002993026248840202,0.05019305019305019,1.2702702702702702,2.333153751758403,"[[30.000001907348633, 6.0], [0.6979800462722778, -1.0], 31.0]",0.0004239341085271318,0.0,0.00048449612403100775,0.05426356589147287,,10.107762098312378,81.64074277877808
fing_x_face,15,0.001,li_V>face_C>ri_V,3,S3-SPRT,rule,xfit,300,True,0.00030163182819051065,0.01937984496124031,0.00044895393732603036,0.015444015444015444,1.274131274131274,2.0899554039088923,"[[4.874792773101474, -3.523733219687808], [4.874792773101474, -3.523733219687808], 2.700693719210018]",0.0004239341085271318,0.007751937984496124,0.0004239341085271318,0.031007751937984496,,10.107762098312378,81.64074277877808
fing_x_face,15,0.001,li_V>face_C>ri_V,3,S4-Direct,rule,xfit,300,True,0.0003167134196000362,0.007751937984496124,0.00047888419981443237,0.02702702702702703,1.2586872586872586,2.2360450151147826,"[[30.000001907348633, 4.000000476837158], [0.6676100492477417, 0.531480073928833], 31.0]",0.0004239341085271318,0.0,0.0004239341085271318,0.015503875968992248,,10.107762098312378,81.64074277877808
fing_x_face,15,0.001,li_V>face_G>face_C,3,LR-P1-N2,GP,xfit,300,True,0.00024130546255240852,0.04263565891472868,0.0003292328873724223,0.06563706563706563,1.2393822393822393,1.8348747418514861,"[[30.000001907348633, 6.000000476837158], [75.747314453125, 65.49295043945312], 0.6677500605583191]",0.00030281007751937984,0.023255813953488372,0.00030281007751937984,0.06201550387596899,,10.107762098312378,81.64074277877808
fing_x_face,15,0.001,li_V>face_G>face_C,3,HYP,GP,xfit,300,False,,,,,,,,,,,,,10.107762098312378,81.64074277877808
fing_x_face,15,0.001,li_V>face_G>face_C,3,S1-Marcialis,rule,xfit,300,True,0.000678671613428649,0.031007751937984496,0.0010325940558498698,0.05405405405405406,1.247104247104247,2.2216784891203494,"[[30.000001907348633, 6.0], [75.97413635253906, 64.80564880371094], 0.6448000073432922]",0.0003633720930232558,0.007751937984496124,0.00048449612403100775,0.05426356589147287,,10.107762098312378,81.64074277877808
fing_x_face,15,0.001,li_V>face_G>face_C,3,S2-Symmetric,rule,xfit,300,True,0.000678671613428649,0.031007751937984496,0.0010325940558498698,0.05405405405405406,1.247104247104247,2.2216784891203494,"[[30.000001907348633, 6.0], [75.97413635253906, 64.80564880371094], 0.6448000073432922]",0.0003633720930232558,0.007751937984496124,0.00048449612403100775,0.05426356589147287,,10.107762098312378,81.64074277877808
fing_x_face,15,0.001,li_V>face_G>face_C,3,S3-SPRT,rule,xfit,300,True,0.0002865502367809851,0.023255813953488372,0.0004190236748376283,0.023166023166023165,1.2548262548262548,2.0851815270419922,"[[4.874792773101474, -3.523733219687808], [4.874792773101474, -3.523733219687808], 5.3177640864044955]",0.00048449612403100775,0.015503875968992248,0.0004239341085271318,0.023255813953488372,,10.107762098312378,81.64074277877808
fing_x_face,15,0.001,li_V>face_G>face_C,3,S4-Direct,rule,xfit,300,True,0.0008144059361143788,0.015503875968992248,0.001227140762024483,0.03474903474903475,1.2702702702702702,2.1939181706623567,"[[30.000001907348633, 4.000000476837158], [75.55891418457031, 66.35342407226562], 0.6448000073432922]",0.0004239341085271318,0.007751937984496124,0.0004239341085271318,0.023255813953488372,,10.107762098312378,81.64074277877808
fing_x_face,15,0.001,li_V>face_G>ri_V,3,LR-P1-N2,GP,xfit,300,True,0.00025638705396193405,0.03875968992248062,0.0002544072311514172,0.05019305019305019,1.2162162162162162,1.9041632995121367,"[[29.000001907348633, 6.000000476837158], [75.747314453125, 64.83816528320312], 34.000003814697266]",0.0003633720930232558,0.015503875968992248,0.0004239341085271318,0.06201550387596899,,10.107762098312378,81.64074277877808
fing_x_face,15,0.001,li_V>face_G>ri_V,3,HYP,GP,xfit,300,False,,,,,,,,,,,,,10.107762098312378,81.64074277877808
fing_x_face,15,0.001,li_V>face_G>ri_V,3,S1-Marcialis,rule,xfit,300,True,0.0003317950110095617,0.03488372093023256,0.00031426775612822125,0.03861003861003861,1.247104247104247,2.2216784891203494,"[[30.000001907348633, 6.0], [75.97413635253906, 64.80564880371094], 29.0]",0.00048449612403100775,0.015503875968992248,0.00048449612403100775,0.05426356589147287,,10.107762098312378,81.64074277877808
fing_x_face,15,0.001,li_V>face_G>ri_V,3,S2-Symmetric,rule,xfit,300,True,0.0003317950110095617,0.03488372093023256,0.00031426775612822125,0.03861003861003861,1.247104247104247,2.2216784891203494,"[[30.000001907348633, 6.0], [75.97413635253906, 64.80564880371094], 29.0]",0.00048449612403100775,0.015503875968992248,0.00048449612403100775,0.05426356589147287,,10.107762098312378,81.64074277877808
fing_x_face,15,0.001,li_V>face_G>ri_V,3,S3-SPRT,rule,xfit,300,True,0.0002714686453714596,0.023255813953488372,0.0003741282811050253,0.011583011583011582,1.2548262548262548,2.0851815270419922,"[[4.874792773101474, -3.523733219687808], [4.874792773101474, -3.523733219687808], 3.6948974797028757]",0.00048449612403100775,0.007751937984496124,0.0004239341085271318,0.031007751937984496,,10.107762098312378,81.64074277877808
fing_x_face,15,0.001,li_V>face_G>ri_V,3,S4-Direct,rule,xfit,300,True,0.00048261092510481704,0.007751937984496124,0.0004040585435934273,0.019305019305019305,1.2702702702702702,2.1939181706623567,"[[30.000001907348633, 4.000000476837158], [75.55891418457031, 66.35342407226562], 28.0]",0.0003633720930232558,0.0,0.00048449612403100775,0.015503875968992248,,10.107762098312378,81.64074277877808
fing_x_face,15,0.001,li_V>ri_V>face_C,3,LR-P1-N2,GP,xfit,300,False,,,,,,,,0.00024224806201550387,0.023255813953488372,,,True,10.107762098312378,81.64074277877808
fing_x_face,15,0.001,li_V>ri_V>face_C,3,HYP,GP,xfit,300,False,,,,,,,,,,,,,10.107762098312378,81.64074277877808
fing_x_face,15,0.001,li_V>ri_V>face_C,3,S1-Marcialis,rule,xfit,300,True,0.0006937532048381745,0.01937984496124031,0.0010325940558498698,0.03861003861003861,1.247104247104247,2.3293526084223757,"[[30.000001907348633, 6.0], [35.000003814697266, 3.0], 0.6448000073432922]",0.0003633720930232558,0.0,0.00048449612403100775,0.03875968992248062,,10.107762098312378,81.64074277877808
fing_x_face,15,0.001,li_V>ri_V>face_C,3,S2-Symmetric,rule,xfit,300,True,0.0006937532048381745,0.01937984496124031,0.0010325940558498698,0.03861003861003861,1.247104247104247,2.3293526084223757,"[[30.000001907348633, 6.0], [35.000003814697266, 3.0], 0.6448000073432922]",0.0003633720930232558,0.0,0.00048449612403100775,0.03875968992248062,,10.107762098312378,81.64074277877808
fing_x_face,15,0.001,li_V>ri_V>face_C,3,S3-SPRT,rule,xfit,300,False,,,,,,,,0.0004239341085271318,0.023255813953488372,,,True,10.107762098312378,81.64074277877808
fing_x_face,15,0.001,li_V>ri_V>face_C,3,S4-Direct,rule,xfit,300,True,0.0007088347962477,0.007751937984496124,0.001092454580826674,0.023166023166023165,1.274131274131274,2.5303492861632395,"[[30.000001907348633, 4.000000476837158], [35.000003814697266, 4.000000476837158], 0.6448000073432922]",0.0004239341085271318,0.007751937984496124,0.00048449612403100775,0.007751937984496124,,10.107762098312378,81.64074277877808
fing_x_face,15,0.001,li_V>ri_V>face_G,3,LR-P1-N2,GP,xfit,300,False,,,,,,,,0.0004239341085271318,0.03875968992248062,,,True,10.107762098312378,81.64074277877808
fing_x_face,15,0.001,li_V>ri_V>face_G,3,HYP,GP,xfit,300,False,,,,,,,,,,,,,10.107762098312378,81.64074277877808
fing_x_face,15,0.001,li_V>ri_V>face_G,3,S1-Marcialis,rule,xfit,300,True,0.0003770397852381383,0.027131782945736434,0.0004040585435934273,0.04247104247104247,1.247104247104247,2.3293526084223757,"[[30.000001907348633, 6.0], [35.000003814697266, 3.0], 75.34729766845703]",0.0003633720930232558,0.0,0.00048449612403100775,0.05426356589147287,,10.107762098312378,81.64074277877808
fing_x_face,15,0.001,li_V>ri_V>face_G,3,S2-Symmetric,rule,xfit,300,True,0.0003770397852381383,0.027131782945736434,0.0004040585435934273,0.04247104247104247,1.247104247104247,2.3293526084223757,"[[30.000001907348633, 6.0], [35.000003814697266, 3.0], 75.34729766845703]",0.0003633720930232558,0.0,0.00048449612403100775,0.05426356589147287,,10.107762098312378,81.64074277877808
fing_x_face,15,0.001,li_V>ri_V>face_G,3,S3-SPRT,rule,xfit,300,False,,,,,,,,0.0004239341085271318,0.023255813953488372,,,True,10.107762098312378,81.64074277877808
fing_x_face,15,0.001,li_V>ri_V>face_G,3,S4-Direct,rule,xfit,300,True,0.0003770397852381383,0.015503875968992248,0.0003741282811050253,0.03088803088803089,1.274131274131274,2.5303492861632395,"[[30.000001907348633, 4.000000476837158], [35.000003814697266, 4.000000476837158], 75.34729766845703]",0.0003633720930232558,0.007751937984496124,0.00048449612403100775,0.023255813953488372,,10.107762098312378,81.64074277877808
fing_x_face,15,0.001,ri_V>face_C>face_G,3,LR-P1-N2,GP,xfit,300,True,0.0005278556993333936,0.015503875968992248,0.0004938493310586334,0.02702702702702703,1.166023166023166,2.1120888330190657,"[[29.000001907348633, 3.000000238418579], [0.6979800462722778, 0.5590300559997559], 75.26376342773438]",0.0003633720930232558,0.023255813953488372,0.00048449612403100775,0.007751937984496124,,10.107762098312378,81.64074277877808
fing_x_face,15,0.001,ri_V>face_C>face_G,3,HYP,GP,xfit,300,False,,,,,,,,,,,,,10.107762098312378,81.64074277877808
fing_x_face,15,0.001,ri_V>face_C>face_G,3,S1-Marcialis,rule,xfit,300,True,0.0005881820649714958,0.015503875968992248,0.0005686749872796385,0.03088803088803089,1.196911196911197,2.982894854987878,"[[35.000003814697266, 3.0], [0.6979800462722778, -1.0], 75.13899993896484]",0.0003633720930232558,0.015503875968992248,0.0004239341085271318,0.015503875968992248,,10.107762098312378,81.64074277877808
fing_x_face,15,0.001,ri_V>face_C>face_G,3,S2-Symmetric,rule,xfit,300,True,0.0005881820649714958,0.015503875968992248,0.0005686749872796385,0.03088803088803089,1.196911196911197,2.982894854987878,"[[35.000003814697266, 3.0], [0.6979800462722778, -1.0], 75.13899993896484]",0.0003633720930232558,0.015503875968992248,0.0004239341085271318,0.015503875968992248,,10.107762098312378,81.64074277877808
fing_x_face,15,0.001,ri_V>face_C>face_G,3,S3-SPRT,rule,xfit,300,True,0.0003619581938286128,0.015503875968992248,0.0004040585435934273,0.015444015444015444,1.1467181467181466,1.7358803986710964,"[[4.726000250143469, -3.995385948470832], [4.726000250143469, -3.995385948470832], 3.4945823118877946]",0.0004239341085271318,0.015503875968992248,0.0004239341085271318,0.015503875968992248,,10.107762098312378,81.64074277877808
fing_x_face,15,0.001,ri_V>face_C>face_G,3,S4-Direct,rule,xfit,300,False,,,,,,,,,,,,,10.107762098312378,81.64074277877808
fing_x_face,15,0.001,ri_V>face_C>li_V,3,LR-P1-N2,GP,xfit,300,True,0.0003317950110095617,0.011627906976744186,0.0004040585435934273,0.03088803088803089,1.162162162162162,2.8804734967525665,"[[29.000001907348633, 3.000000238418579], [0.6842800378799438, -Infinity], 31.0]",0.0001816860465116279,0.007751937984496124,0.00048449612403100775,0.015503875968992248,,10.107762098312378,81.64074277877808
fing_x_face,15,0.001,ri_V>face_C>li_V,3,HYP,GP,xfit,300,False,,,,,,,,,,,,,10.107762098312378,81.64074277877808
fing_x_face,15,0.001,ri_V>face_C>li_V,3,S1-Marcialis,rule,xfit,300,True,0.00024130546255240852,0.011627906976744186,0.0003890934123492263,0.03088803088803089,1.196911196911197,2.982894854987878,"[[35.000003814697266, 3.0], [0.6979800462722778, -1.0], 29.0]",0.0003633720930232558,0.0,0.00048449612403100775,0.023255813953488372,,10.107762098312378,81.64074277877808
fing_x_face,15,0.001,ri_V>face_C>li_V,3,S2-Symmetric,rule,xfit,300,True,0.00024130546255240852,0.011627906976744186,0.0003890934123492263,0.03088803088803089,1.196911196911197,2.982894854987878,"[[35.000003814697266, 3.0], [0.6979800462722778, -1.0], 29.0]",0.0003633720930232558,0.0,0.00048449612403100775,0.023255813953488372,,10.107762098312378,81.64074277877808
fing_x_face,15,0.001,ri_V>face_C>li_V,3,S3-SPRT,rule,xfit,300,True,0.0002714686453714596,0.023255813953488372,0.00023944209990721618,0.019305019305019305,1.1467181467181466,1.7358803986710964,"[[4.726000250143469, -3.995385948470832], [4.726000250143469, -3.995385948470832], 3.553176306151481]",0.0004239341085271318,0.007751937984496124,0.0004239341085271318,0.03875968992248062,,10.107762098312378,81.64074277877808
fing_x_face,15,0.001,ri_V>face_C>li_V,3,S4-Direct,rule,xfit,300,False,,,,,,,,,,,,,10.107762098312378,81.64074277877808
fing_x_face,15,0.001,ri_V>face_G>face_C,3,LR-P1-N2,GP,xfit,300,True,0.0003317950110095617,0.015503875968992248,0.0004040585435934273,0.02702702702702703,1.1467181467181466,2.272574900481877,"[[29.000001907348633, 3.000000238418579], [75.96875, 66.60936737060547], 0.6677500605583191]",0.0003633720930232558,0.015503875968992248,0.00030281007751937984,0.015503875968992248,,10.107762098312378,81.64074277877808
fing_x_face,15,0.001,ri_V>face_G>face_C,3,HYP,GP,xfit,300,False,,,,,,,,,,,,,10.107762098312378,81.64074277877808
fing_x_face,15,0.001,ri_V>face_G>face_C,3,S1-Marcialis,rule,xfit,300,True,0.0008144059361143788,0.007751937984496124,0.001212175630780282,0.02702702702702703,1.1814671814671815,2.822588369099997,"[[35.000003814697266, 3.0], [75.97413635253906, 64.80564880371094], 0.6434999704360962]",0.0004239341085271318,0.007751937984496124,0.0004239341085271318,0.007751937984496124,,10.107762098312378,81.64074277877808
fing_x_face,15,0.001,ri_V>face_G>face_C,3,S2-Symmetric,rule,xfit,300,True,0.0008144059361143788,0.007751937984496124,0.001212175630780282,0.02702702702702703,1.1814671814671815,2.822588369099997,"[[35.000003814697266, 3.0], [75.97413635253906, 64.80564880371094], 0.6434999704360962]",0.0004239341085271318,0.007751937984496124,0.0004239341085271318,0.007751937984496124,,10.107762098312378,81.64074277877808
fing_x_face,15,0.001,ri_V>face_G>face_C,3,S3-SPRT,rule,xfit,300,True,0.0003619581938286128,0.01937984496124031,0.0004040585435934273,0.015444015444015444,1.138996138996139,1.7302535093232767,"[[4.726000250143469, -3.995385948470832], [4.726000250143469, -3.995385948470832], 3.4945823118877946]",0.0004239341085271318,0.015503875968992248,0.0004239341085271318,0.023255813953488372,,10.107762098312378,81.64074277877808
fing_x_face,15,0.001,ri_V>face_G>face_C,3,S4-Direct,rule,xfit,300,False,,,,,,,,,,,,,10.107762098312378,81.64074277877808
fing_x_face,15,0.001,ri_V>face_G>li_V,3,LR-P1-N2,GP,xfit,300,True,0.00030163182819051065,0.023255813953488372,0.00028433749363981925,0.023166023166023165,1.1467181467181466,2.7239082936757355,"[[29.000001907348633, 3.000000238418579], [75.91119384765625, 64.83816528320312], 32.0]",0.00024224806201550387,0.015503875968992248,0.0004239341085271318,0.031007751937984496,,10.107762098312378,81.64074277877808
fing_x_face,15,0.001,ri_V>face_G>li_V,3,HYP,GP,xfit,300,False,,,,,,,,,,,,,10.107762098312378,81.64074277877808
fing_x_face,15,0.001,ri_V>face_G>li_V,3,S1-Marcialis,rule,xfit,300,True,0.00025638705396193405,0.027131782945736434,0.0003741282811050253,0.023166023166023165,1.1814671814671815,2.822588369099997,"[[35.000003814697266, 3.0], [75.97413635253906, 64.80564880371094], 28.0]",0.00030281007751937984,0.015503875968992248,0.00048449612403100775,0.03875968992248062,,10.107762098312378,81.64074277877808
fing_x_face,15,0.001,ri_V>face_G>li_V,3,S2-Symmetric,rule,xfit,300,True,0.00025638705396193405,0.027131782945736434,0.0003741282811050253,0.023166023166023165,1.1814671814671815,2.822588369099997,"[[35.000003814697266, 3.0], [75.97413635253906, 64.80564880371094], 28.0]",0.00030281007751937984,0.015503875968992248,0.00048449612403100775,0.03875968992248062,,10.107762098312378,81.64074277877808
fing_x_face,15,0.001,ri_V>face_G>li_V,3,S3-SPRT,rule,xfit,300,True,0.0003317950110095617,0.023255813953488372,0.00023944209990721618,0.015444015444015444,1.138996138996139,1.7302535093232767,"[[4.726000250143469, -3.995385948470832], [4.726000250143469, -3.995385948470832], 3.8507958463453784]",0.00048449612403100775,0.007751937984496124,0.0004239341085271318,0.03875968992248062,,10.107762098312378,81.64074277877808
fing_x_face,15,0.001,ri_V>face_G>li_V,3,S4-Direct,rule,xfit,300,True,0.0002714686453714596,0.015503875968992248,0.0003292328873724223,0.02702702702702703,1.16988416988417,2.166232677860585,"[[35.000003814697266, 4.000000476837158], [75.55891418457031, 66.35342407226562], 28.0]",0.0003633720930232558,0.007751937984496124,0.00024224806201550387,0.023255813953488372,,10.107762098312378,81.64074277877808
fing_x_face,15,0.001,ri_V>li_V>face_C,3,LR-P1-N2,GP,xfit,300,False,,,,,,,,0.0003633720930232558,0.015503875968992248,,,True,10.107762098312378,81.64074277877808
fing_x_face,15,0.001,ri_V>li_V>face_C,3,HYP,GP,xfit,300,False,,,,,,,,,,,,,10.107762098312378,81.64074277877808
fing_x_face,15,0.001,ri_V>li_V>face_C,3,S1-Marcialis,rule,xfit,300,True,0.0006937532048381745,0.01937984496124031,0.0010325940558498698,0.03088803088803089,1.196911196911197,2.6542306426027356,"[[35.000003814697266, 3.0], [30.000001907348633, 6.0], 0.6448000073432922]",0.0003633720930232558,0.0,0.00048449612403100775,0.03875968992248062,,10.107762098312378,81.64074277877808
fing_x_face,15,0.001,ri_V>li_V>face_C,3,S2-Symmetric,rule,xfit,300,True,0.0006937532048381745,0.01937984496124031,0.0010325940558498698,0.03088803088803089,1.196911196911197,2.6542306426027356,"[[35.000003814697266, 3.0], [30.000001907348633, 6.0], 0.6448000073432922]",0.0003633720930232558,0.0,0.00048449612403100775,0.03875968992248062,,10.107762098312378,81.64074277877808
fing_x_face,15,0.001,ri_V>li_V>face_C,3,S3-SPRT,rule,xfit,300,False,,,,,,,,0.0004239341085271318,0.023255813953488372,,,True,10.107762098312378,81.64074277877808
fing_x_face,15,0.001,ri_V>li_V>face_C,3,S4-Direct,rule,xfit,300,True,0.0006937532048381745,0.007751937984496124,0.001092454580826674,0.023166023166023165,1.2007722007722008,2.5089641136152765,"[[35.000003814697266, 4.000000476837158], [30.000001907348633, 4.000000476837158], 0.6448000073432922]",0.0004239341085271318,0.007751937984496124,0.00048449612403100775,0.007751937984496124,,10.107762098312378,81.64074277877808
fing_x_face,15,0.001,ri_V>li_V>face_G,3,LR-P1-N2,GP,xfit,300,False,,,,,,,,0.0003633720930232558,0.046511627906976744,,,True,10.107762098312378,81.64074277877808
fing_x_face,15,0.001,ri_V>li_V>face_G,3,HYP,GP,xfit,300,False,,,,,,,,,,,,,10.107762098312378,81.64074277877808
fing_x_face,15,0.001,ri_V>li_V>face_G,3,S1-Marcialis,rule,xfit,300,True,0.0003770397852381383,0.027131782945736434,0.0004040585435934273,0.03474903474903475,1.196911196911197,2.6542306426027356,"[[35.000003814697266, 3.0], [30.000001907348633, 6.0], 75.34729766845703]",0.0003633720930232558,0.0,0.00048449612403100775,0.05426356589147287,,10.107762098312378,81.64074277877808
fing_x_face,15,0.001,ri_V>li_V>face_G,3,S2-Symmetric,rule,xfit,300,True,0.0003770397852381383,0.027131782945736434,0.0004040585435934273,0.03474903474903475,1.196911196911197,2.6542306426027356,"[[35.000003814697266, 3.0], [30.000001907348633, 6.0], 75.34729766845703]",0.0003633720930232558,0.0,0.00048449612403100775,0.05426356589147287,,10.107762098312378,81.64074277877808
fing_x_face,15,0.001,ri_V>li_V>face_G,3,S3-SPRT,rule,xfit,300,False,,,,,,,,0.00048449612403100775,0.023255813953488372,,,True,10.107762098312378,81.64074277877808
fing_x_face,15,0.001,ri_V>li_V>face_G,3,S4-Direct,rule,xfit,300,True,0.0003619581938286128,0.015503875968992248,0.0003741282811050253,0.03088803088803089,1.2007722007722008,2.5089641136152765,"[[35.000003814697266, 4.000000476837158], [30.000001907348633, 4.000000476837158], 75.34729766845703]",0.0003633720930232558,0.007751937984496124,0.00048449612403100775,0.023255813953488372,,10.107762098312378,81.64074277877808
fing_x_face,15,0.001,face_C>face_G>li_V>ri_V,4,LR-P1-N2,GP,xfit,300,True,0.00019606068832383192,0.011627906976744186,0.00034419801861662326,0.015444015444015444,1.4633204633204633,3.241761695250067,"[[0.6708900332450867, -Infinity], [75.96875, 64.83816528320312], [30.000001907348633, 6.000000476837158], 35.000003814697266]",0.00024224806201550387,0.007751937984496124,0.00024224806201550387,0.015503875968992248,,10.107762098312378,81.64074277877808
fing_x_face,15,0.001,face_C>face_G>li_V>ri_V,4,HYP,GP,xfit,300,False,,,,,,,,,,,,,10.107762098312378,81.64074277877808
fing_x_face,15,0.001,face_C>face_G>li_V>ri_V,4,S1-Marcialis,rule,xfit,300,True,0.0003317950110095617,0.007751937984496124,0.0003292328873724223,0.019305019305019305,1.7027027027027026,3.3934183352788003,"[[0.6979800462722778, -1.0], [75.97413635253906, 64.80564880371094], [30.000001907348633, 6.0], 29.0]",0.00048449612403100775,0.0,0.0004239341085271318,0.015503875968992248,,10.107762098312378,81.64074277877808
fing_x_face,15,0.001,face_C>face_G>li_V>ri_V,4,S2-Symmetric,rule,xfit,300,True,0.0003317950110095617,0.007751937984496124,0.0003292328873724223,0.019305019305019305,1.7027027027027026,3.3934183352788003,"[[0.6979800462722778, -1.0], [75.97413635253906, 64.80564880371094], [30.000001907348633, 6.0], 29.0]",0.00048449612403100775,0.0,0.0004239341085271318,0.015503875968992248,,10.107762098312378,81.64074277877808
fing_x_face,15,0.001,face_C>face_G>li_V>ri_V,4,S3-SPRT,rule,xfit,300,False,,,,,,,,,,,,,10.107762098312378,81.64074277877808
fing_x_face,15,0.001,face_C>face_G>li_V>ri_V,4,S4-Direct,rule,xfit,300,True,0.000226223871142883,0.015503875968992248,0.0003890934123492263,0.011583011583011582,1.4671814671814671,3.5567178474155217,"[[0.6715600490570068, 0.48135003447532654], [75.97413635253906, 64.01529693603516], [30.000001907348633, 4.000000476837158], 34.0]",0.00030281007751937984,0.007751937984496124,0.0003633720930232558,0.023255813953488372,,10.107762098312378,81.64074277877808
fing_x_face,15,0.001,face_C>face_G>ri_V>li_V,4,LR-P1-N2,GP,xfit,300,True,0.00021114227973335746,0.011627906976744186,0.0004040585435934273,0.011583011583011582,1.4324324324324325,3.6162641046361976,"[[0.6677500605583191, -Infinity], [75.97413635253906, 64.83816528320312], [35.000003814697266, 3.000000238418579], 30.000001907348633]",0.00024224806201550387,0.007751937984496124,0.00024224806201550387,0.015503875968992248,,10.107762098312378,81.64074277877808
fing_x_face,15,0.001,face_C>face_G>ri_V>li_V,4,HYP,GP,xfit,300,False,,,,,,,,,,,,,10.107762098312378,81.64074277877808
fing_x_face,15,0.001,face_C>face_G>ri_V>li_V,4,S1-Marcialis,rule,xfit,300,True,0.0002714686453714596,0.011627906976744186,0.0004190236748376283,0.011583011583011582,1.691119691119691,3.669435215946844,"[[0.6979800462722778, -1.0], [75.97413635253906, 64.80564880371094], [35.000003814697266, 3.0], 28.0]",0.00030281007751937984,0.0,0.00048449612403100775,0.023255813953488372,,10.107762098312378,81.64074277877808
fing_x_face,15,0.001,face_C>face_G>ri_V>li_V,4,S2-Symmetric,rule,xfit,300,True,0.0002714686453714596,0.011627906976744186,0.0004190236748376283,0.011583011583011582,1.691119691119691,3.669435215946844,"[[0.6979800462722778, -1.0], [75.97413635253906, 64.80564880371094], [35.000003814697266, 3.0], 28.0]",0.00030281007751937984,0.0,0.00048449612403100775,0.023255813953488372,,10.107762098312378,81.64074277877808
fing_x_face,15,0.001,face_C>face_G>ri_V>li_V,4,S3-SPRT,rule,xfit,300,False,,,,,,,,,,,,,10.107762098312378,81.64074277877808
fing_x_face,15,0.001,face_C>face_G>ri_V>li_V,4,S4-Direct,rule,xfit,300,True,0.0002865502367809851,0.011627906976744186,0.00031426775612822125,0.015444015444015444,1.6833976833976834,3.2376762144204005,"[[0.6979800462722778, 0.48135003447532654], [75.97413635253906, 64.01529693603516], [29.000001907348633, 6.000000476837158], 31.0]",0.0004239341085271318,0.007751937984496124,0.0004239341085271318,0.015503875968992248,,10.107762098312378,81.64074277877808
fing_x_face,15,0.001,face_C>li_V>face_G>ri_V,4,LR-P1-N2,GP,xfit,300,True,0.00025638705396193405,0.007751937984496124,0.00043398880608182933,0.015444015444015444,1.305019305019305,2.7776780102361496,"[[0.6666200757026672, -Infinity], [30.000001907348633, 6.000000476837158], [75.97413635253906, 65.88695526123047], 35.000003814697266]",0.0003633720930232558,0.0,0.00030281007751937984,0.015503875968992248,,10.107762098312378,81.64074277877808
fing_x_face,15,0.001,face_C>li_V>face_G>ri_V,4,HYP,GP,xfit,300,False,,,,,,,,,,,,,10.107762098312378,81.64074277877808
fing_x_face,15,0.001,face_C>li_V>face_G>ri_V,4,S1-Marcialis,rule,xfit,300,True,0.00034687660241908725,0.007751937984496124,0.0003591631498608243,0.019305019305019305,1.5135135135135136,3.22157373320164,"[[0.6979800462722778, -1.0], [30.000001907348633, 6.0], [75.97413635253906, 64.80564880371094], 29.0]",0.00048449612403100775,0.0,0.00048449612403100775,0.015503875968992248,,10.107762098312378,81.64074277877808
fing_x_face,15,0.001,face_C>li_V>face_G>ri_V,4,S2-Symmetric,rule,xfit,300,True,0.00034687660241908725,0.007751937984496124,0.0003591631498608243,0.019305019305019305,1.5135135135135136,3.22157373320164,"[[0.6979800462722778, -1.0], [30.000001907348633, 6.0], [75.97413635253906, 64.80564880371094], 29.0]",0.00048449612403100775,0.0,0.00048449612403100775,0.015503875968992248,,10.107762098312378,81.64074277877808
fing_x_face,15,0.001,face_C>li_V>face_G>ri_V,4,S3-SPRT,rule,xfit,300,True,0.0005429372907429192,0.015503875968992248,0.00044895393732603036,0.011583011583011582,1.3629343629343629,1.4300380114333602,"[[5.314945834849903, -2.5987430615010703], [5.314945834849903, -2.5987430615010703], [5.314945834849903, -2.5987430615010703], 0.5647274529347888]",0.00048449612403100775,0.015503875968992248,0.0004239341085271318,0.015503875968992248,,10.107762098312378,81.64074277877808
fing_x_face,15,0.001,face_C>li_V>face_G>ri_V,4,S4-Direct,rule,xfit,300,True,0.0004072029680571894,0.011627906976744186,0.00046391906857023134,0.011583011583011582,1.332046332046332,3.0945796294633503,"[[0.6715600490570068, 0.48135003447532654], [30.000001907348633, 4.000000476837158], [75.7102279663086, 66.35342407226562], 29.0]",0.00048449612403100775,0.007751937984496124,0.00048449612403100775,0.015503875968992248,,10.107762098312378,81.64074277877808
fing_x_face,15,0.001,face_C>li_V>ri_V>face_G,4,LR-P1-N2,GP,xfit,300,True,0.00030163182819051065,0.007751937984496124,0.0004190236748376283,0.015444015444015444,1.281853281853282,2.5283289934452724,"[[0.6657800674438477, -Infinity], [30.000001907348633, 6.000000476837158], [35.000003814697266, 12.000000953674316], 75.1263198852539]",0.0004239341085271318,0.0,0.00030281007751937984,0.015503875968992248,,10.107762098312378,81.64074277877808
fing_x_face,15,0.001,face_C>li_V>ri_V>face_G,4,HYP,GP,xfit,300,False,,,,,,,,,,,,,10.107762098312378,81.64074277877808
fing_x_face,15,0.001,face_C>li_V>ri_V>face_G,4,S1-Marcialis,rule,xfit,300,True,0.00039212137664766385,0.007751937984496124,0.00044895393732603036,0.019305019305019305,1.494208494208494,3.3292478525036664,"[[0.6979800462722778, -1.0], [30.000001907348633, 6.0], [35.000003814697266, 3.0], 75.34729766845703]",0.0003633720930232558,0.0,0.00048449612403100775,0.015503875968992248,,10.107762098312378,81.64074277877808
fing_x_face,15,0.001,face_C>li_V>ri_V>face_G,4,S2-Symmetric,rule,xfit,300,True,0.00039212137664766385,0.007751937984496124,0.00044895393732603036,0.019305019305019305,1.494208494208494,3.3292478525036664,"[[0.6979800462722778, -1.0], [30.000001907348633, 6.0], [35.000003814697266, 3.0], 75.34729766845703]",0.0003633720930232558,0.0,0.00048449612403100775,0.015503875968992248,,10.107762098312378,81.64074277877808
fing_x_face,15,0.001,face_C>li_V>ri_V>face_G,4,S3-SPRT,rule,xfit,300,True,0.00048261092510481704,0.015503875968992248,0.00044895393732603036,0.011583011583011582,1.3629343629343629,1.422510550417527,"[[5.314945834849903, -2.5987430615010703], [5.314945834849903, -2.5987430615010703], [5.314945834849903, -2.5987430615010703], 0.5647274529347888]",0.00048449612403100775,0.015503875968992248,0.0003633720930232558,0.015503875968992248,,10.107762098312378,81.64074277877808
fing_x_face,15,0.001,face_C>li_V>ri_V>face_G,4,S4-Direct,rule,xfit,300,False,,,,,,,,0.0004239341085271318,0.007751937984496124,,,True,10.107762098312378,81.64074277877808
fing_x_face,15,0.001,face_C>ri_V>face_G>li_V,4,LR-P1-N2,GP,xfit,300,True,0.0001809790969143064,0.007751937984496124,0.00034419801861662326,0.011583011583011582,1.308880308880309,3.7236239561820956,"[[0.6708900332450867, -Infinity], [35.000003814697266, 3.000000238418579], [75.97413635253906, 64.83816528320312], 30.000001907348633]",0.0001816860465116279,0.0,0.00024224806201550387,0.015503875968992248,,10.107762098312378,81.64074277877808
fing_x_face,15,0.001,face_C>ri_V>face_G>li_V,4,HYP,GP,xfit,300,False,,,,,,,,,,,,,10.107762098312378,81.64074277877808
fing_x_face,15,0.001,face_C>ri_V>face_G>li_V,4,S1-Marcialis,rule,xfit,300,True,0.0002714686453714596,0.011627906976744186,0.0004190236748376283,0.011583011583011582,1.4787644787644787,3.822453682918799,"[[0.6979800462722778, -1.0], [35.000003814697266, 3.0], [75.97413635253906, 64.80564880371094], 28.0]",0.00030281007751937984,0.0,0.00048449612403100775,0.023255813953488372,,10.107762098312378,81.64074277877808
fing_x_face,15,0.001,face_C>ri_V>face_G>li_V,4,S2-Symmetric,rule,xfit,300,True,0.0002714686453714596,0.011627906976744186,0.0004190236748376283,0.011583011583011582,1.4787644787644787,3.822453682918799,"[[0.6979800462722778, -1.0], [35.000003814697266, 3.0], [75.97413635253906, 64.80564880371094], 28.0]",0.00030281007751937984,0.0,0.00048449612403100775,0.023255813953488372,,10.107762098312378,81.64074277877808
fing_x_face,15,0.001,face_C>ri_V>face_G>li_V,4,S3-SPRT,rule,xfit,300,True,0.0005731004735619702,0.007751937984496124,0.00046391906857023134,0.011583011583011582,1.335907335907336,1.4144293795456586,"[[5.314945834849903, -2.5987430615010703], [5.314945834849903, -2.5987430615010703], [5.314945834849903, -2.5987430615010703], 0.5624012573760979]",0.00048449612403100775,0.007751937984496124,0.0003633720930232558,0.007751937984496124,,10.107762098312378,81.64074277877808
fing_x_face,15,0.001,face_C>ri_V>face_G>li_V,4,S4-Direct,rule,xfit,300,True,0.0003167134196000362,0.011627906976744186,0.0003292328873724223,0.015444015444015444,1.4633204633204633,2.600879949717159,"[[0.6979800462722778, 0.48135003447532654], [29.000001907348633, 6.000000476837158], [75.7102279663086, 66.35342407226562], 29.0]",0.0003633720930232558,0.007751937984496124,0.0004239341085271318,0.015503875968992248,,10.107762098312378,81.64074277877808
fing_x_face,15,0.001,face_C>ri_V>li_V>face_G,4,LR-P1-N2,GP,xfit,300,True,0.00024130546255240852,0.007751937984496124,0.00047888419981443237,0.011583011583011582,1.281853281853282,2.980036514920236,"[[0.6677500605583191, -Infinity], [35.000003814697266, 3.000000238418579], [30.000001907348633, 13.000000953674316], 74.96791076660156]",0.00024224806201550387,0.0,0.0003633720930232558,0.015503875968992248,,10.107762098312378,81.64074277877808
fing_x_face,15,0.001,face_C>ri_V>li_V>face_G,4,HYP,GP,xfit,300,False,,,,,,,,,,,,,10.107762098312378,81.64074277877808
fing_x_face,15,0.001,face_C>ri_V>li_V>face_G,4,S1-Marcialis,rule,xfit,300,True,0.00039212137664766385,0.007751937984496124,0.00044895393732603036,0.015444015444015444,1.471042471042471,3.654110921552782,"[[0.6979800462722778, -1.0], [35.000003814697266, 3.0], [30.000001907348633, 6.0], 75.34729766845703]",0.0003633720930232558,0.0,0.00048449612403100775,0.015503875968992248,,10.107762098312378,81.64074277877808
fing_x_face,15,0.001,face_C>ri_V>li_V>face_G,4,S2-Symmetric,rule,xfit,300,True,0.00039212137664766385,0.007751937984496124,0.00044895393732603036,0.015444015444015444,1.471042471042471,3.654110921552782,"[[0.6979800462722778, -1.0], [35.000003814697266, 3.0], [30.000001907348633, 6.0], 75.34729766845703]",0.0003633720930232558,0.0,0.00048449612403100775,0.015503875968992248,,10.107762098312378,81.64074277877808
fing_x_face,15,0.001,face_C>ri_V>li_V>face_G,4,S3-SPRT,rule,xfit,300,True,0.0005278556993333936,0.007751937984496124,0.00046391906857023134,0.011583011583011582,1.3397683397683398,1.4106282362096316,"[[5.314945834849903, -2.5987430615010703], [5.314945834849903, -2.5987430615010703], [5.314945834849903, -2.5987430615010703], 0.5624012573760979]",0.00048449612403100775,0.007751937984496124,0.0003633720930232558,0.007751937984496124,,10.107762098312378,81.64074277877808
fing_x_face,15,0.001,face_C>ri_V>li_V>face_G,4,S4-Direct,rule,xfit,300,False,,,,,,,,0.0004239341085271318,0.007751937984496124,,,True,10.107762098312378,81.64074277877808
fing_x_face,15,0.001,face_G>face_C>li_V>ri_V,4,LR-P1-N2,GP,xfit,300,True,0.00024130546255240852,0.015503875968992248,0.00028433749363981925,0.019305019305019305,1.5637065637065637,3.0752147496333544,"[[75.7102279663086, 64.83816528320312], [0.6842800378799438, -Infinity], [30.000001907348633, 6.000000476837158], 35.000003814697266]",0.00030281007751937984,0.007751937984496124,0.0001816860465116279,0.023255813953488372,,10.107762098312378,81.64074277877808
fing_x_face,15,0.001,face_G>face_C>li_V>ri_V,4,HYP,GP,xfit,300,False,,,,,,,,,,,,,10.107762098312378,81.64074277877808
fing_x_face,15,0.001,face_G>face_C>li_V>ri_V,4,S1-Marcialis,rule,xfit,300,True,0.0003317950110095617,0.007751937984496124,0.0003292328873724223,0.019305019305019305,1.6563706563706564,3.231914638891383,"[[75.97413635253906, 64.80564880371094], [0.6979800462722778, -1.0], [30.000001907348633, 6.0], 29.0]",0.00048449612403100775,0.0,0.0004239341085271318,0.015503875968992248,,10.107762098312378,81.64074277877808
fing_x_face,15,0.001,face_G>face_C>li_V>ri_V,4,S2-Symmetric,rule,xfit,300,True,0.0003317950110095617,0.007751937984496124,0.0003292328873724223,0.019305019305019305,1.6563706563706564,3.231914638891383,"[[75.97413635253906, 64.80564880371094], [0.6979800462722778, -1.0], [30.000001907348633, 6.0], 29.0]",0.00048449612403100775,0.0,0.0004239341085271318,0.015503875968992248,,10.107762098312378,81.64074277877808
fing_x_face,15,0.001,face_G>face_C>li_V>ri_V,4,S3-SPRT,rule,xfit,300,False,,,,,,,,,,,,,10.107762098312378,81.64074277877808
fing_x_face,15,0.001,face_G>face_C>li_V>ri_V,4,S4-Direct,rule,xfit,300,True,0.000226223871142883,0.011627906976744186,0.0003890934123492263,0.011583011583011582,1.5675675675675675,3.525156385621502,"[[75.97413635253906, 64.01529693603516], [0.6715600490570068, 0.48135003447532654], [30.000001907348633, 4.000000476837158], 34.0]",0.00030281007751937984,0.0,0.0003633720930232558,0.023255813953488372,,10.107762098312378,81.64074277877808
fing_x_face,15,0.001,face_G>face_C>ri_V>li_V,4,LR-P1-N2,GP,xfit,300,True,0.0002714686453714596,0.011627906976744186,0.0003292328873724223,0.015444015444015444,1.5598455598455598,3.4497770195444613,"[[75.55891418457031, 64.83816528320312], [0.6979800462722778, -Infinity], [35.000003814697266, 3.000000238418579], 30.000001907348633]",0.00030281007751937984,0.007751937984496124,0.0001816860465116279,0.015503875968992248,,10.107762098312378,81.64074277877808
fing_x_face,15,0.001,face_G>face_C>ri_V>li_V,4,HYP,GP,xfit,300,False,,,,,,,,,,,,,10.107762098312378,81.64074277877808
fing_x_face,15,0.001,face_G>face_C>ri_V>li_V,4,S1-Marcialis,rule,xfit,300,True,0.0002714686453714596,0.011627906976744186,0.0004190236748376283,0.011583011583011582,1.6447876447876448,3.5079315195594267,"[[75.97413635253906, 64.80564880371094], [0.6979800462722778, -1.0], [35.000003814697266, 3.0], 28.0]",0.00030281007751937984,0.0,0.00048449612403100775,0.023255813953488372,,10.107762098312378,81.64074277877808
fing_x_face,15,0.001,face_G>face_C>ri_V>li_V,4,S2-Symmetric,rule,xfit,300,True,0.0002714686453714596,0.011627906976744186,0.0004190236748376283,0.011583011583011582,1.6447876447876448,3.5079315195594267,"[[75.97413635253906, 64.80564880371094], [0.6979800462722778, -1.0], [35.000003814697266, 3.0], 28.0]",0.00030281007751937984,0.0,0.00048449612403100775,0.023255813953488372,,10.107762098312378,81.64074277877808
fing_x_face,15,0.001,face_G>face_C>ri_V>li_V,4,S3-SPRT,rule,xfit,300,False,,,,,,,,,,,,,10.107762098312378,81.64074277877808
fing_x_face,15,0.001,face_G>face_C>ri_V>li_V,4,S4-Direct,rule,xfit,300,True,0.0002865502367809851,0.007751937984496124,0.00031426775612822125,0.015444015444015444,1.6370656370656371,3.2059800664451825,"[[75.97413635253906, 64.01529693603516], [0.6979800462722778, 0.48135003447532654], [29.000001907348633, 6.000000476837158], 31.0]",0.0004239341085271318,0.0,0.0004239341085271318,0.015503875968992248,,10.107762098312378,81.64074277877808
fing_x_face,15,0.001,face_G>li_V>face_C>ri_V,4,LR-P1-N2,GP,xfit,300,True,0.00030163182819051065,0.015503875968992248,0.00034419801861662326,0.023166023166023165,1.3822393822393821,2.5644248900062854,"[[75.49197387695312, 64.83816528320312], [30.000001907348633, 6.000000476837158], [0.6979800462722778, 0.5084700584411621], 35.000003814697266]",0.0003633720930232558,0.015503875968992248,0.0001816860465116279,0.015503875968992248,,10.107762098312378,81.64074277877808
fing_x_face,15,0.001,face_G>li_V>face_C>ri_V,4,HYP,GP,xfit,300,False,,,,,,,,,,,,,10.107762098312378,81.64074277877808
fing_x_face,15,0.001,face_G>li_V>face_C>ri_V,4,S1-Marcialis,rule,xfit,300,True,0.0003317950110095617,0.011627906976744186,0.00031426775612822125,0.023166023166023165,1.444015444015444,2.9485947741761693,"[[75.97413635253906, 64.80564880371094], [30.000001907348633, 6.0], [0.6979800462722778, -1.0], 29.0]",0.00048449612403100775,0.0,0.0004239341085271318,0.023255813953488372,,10.107762098312378,81.64074277877808
fing_x_face,15,0.001,face_G>li_V>face_C>ri_V,4,S2-Symmetric,rule,xfit,300,True,0.0003317950110095617,0.011627906976744186,0.00031426775612822125,0.023166023166023165,1.444015444015444,2.9485947741761693,"[[75.97413635253906, 64.80564880371094], [30.000001907348633, 6.0], [0.6979800462722778, -1.0], 29.0]",0.00048449612403100775,0.0,0.0004239341085271318,0.023255813953488372,,10.107762098312378,81.64074277877808
fing_x_face,15,0.001,face_G>li_V>face_C>ri_V,4,S3-SPRT,rule,xfit,300,True,0.0005881820649714958,0.023255813953488372,0.0005537098560354374,0.007722007722007722,1.393822393822394,1.8922510550417526,"[[5.509521185613435, -3.482222103528612], [5.509521185613435, -3.482222103528612], [5.509521185613435, -3.482222103528612], 0.7640524080008082]",0.00048449612403100775,0.015503875968992248,0.0004239341085271318,0.031007751937984496,,10.107762098312378,81.64074277877808
fing_x_face,15,0.001,face_G>li_V>face_C>ri_V,4,S4-Direct,rule,xfit,300,True,0.0004222845594667149,0.007751937984496124,0.0004938493310586334,0.015444015444015444,1.4092664092664093,3.060399269701595,"[[75.7102279663086, 64.01529693603516], [30.000001907348633, 4.000000476837158], [0.6677500605583191, 0.531480073928833], 31.0]",0.0004239341085271318,0.0,0.0004239341085271318,0.015503875968992248,,10.107762098312378,81.64074277877808
fing_x_face,15,0.001,face_G>li_V>ri_V>face_C,4,LR-P1-N2,GP,xfit,300,False,,,,,,,,,,,,,10.107762098312378,81.64074277877808
fing_x_face,15,0.001,face_G>li_V>ri_V>face_C,4,HYP,GP,xfit,300,False,,,,,,,,,,,,,10.107762098312378,81.64074277877808
fing_x_face,15,0.001,face_G>li_V>ri_V>face_C,4,S1-Marcialis,rule,xfit,300,True,0.000678671613428649,0.007751937984496124,0.0010176289246056687,0.015444015444015444,1.416988416988417,2.9455269222711085,"[[75.97413635253906, 64.80564880371094], [30.000001907348633, 6.0], [35.000003814697266, 3.0], 0.6448000073432922]",0.0003633720930232558,0.0,0.0004239341085271318,0.015503875968992248,,10.107762098312378,81.64074277877808
fing_x_face,15,0.001,face_G>li_V>ri_V>face_C,4,S2-Symmetric,rule,xfit,300,True,0.000678671613428649,0.007751937984496124,0.0010176289246056687,0.015444015444015444,1.416988416988417,2.9455269222711085,"[[75.97413635253906, 64.80564880371094], [30.000001907348633, 6.0], [35.000003814697266, 3.0], 0.6448000073432922]",0.0003633720930232558,0.0,0.0004239341085271318,0.015503875968992248,,10.107762098312378,81.64074277877808
fing_x_face,15,0.001,face_G>li_V>ri_V>face_C,4,S3-SPRT,rule,xfit,300,True,0.0006032636563810213,0.023255813953488372,0.0005387447247912364,0.007722007722007722,1.3783783783783783,1.8773607494537727,"[[5.509521185613435, -3.482222103528612], [5.509521185613435, -3.482222103528612], [5.509521185613435, -3.482222103528612], 0.7640524080008082]",0.00048449612403100775,0.015503875968992248,0.0004239341085271318,0.031007751937984496,,10.107762098312378,81.64074277877808
fing_x_face,15,0.001,face_G>li_V>ri_V>face_C,4,S4-Direct,rule,xfit,300,True,0.00043736615087624044,0.007751937984496124,0.00043398880608182933,0.011583011583011582,1.393822393822394,3.0597408039268505,"[[75.7102279663086, 64.01529693603516], [30.000001907348633, 4.000000476837158], [29.000001907348633, 6.000000476837158], 0.6771100759506226]",0.0004239341085271318,0.0,0.00048449612403100775,0.015503875968992248,,10.107762098312378,81.64074277877808
fing_x_face,15,0.001,face_G>ri_V>face_C>li_V,4,LR-P1-N2,GP,xfit,300,True,0.000226223871142883,0.015503875968992248,0.0002544072311514172,0.015444015444015444,1.3783783783783783,3.4005417377510403,"[[75.7102279663086, 64.83816528320312], [35.000003814697266, 3.000000238418579], [0.6979800462722778, -Infinity], 30.000001907348633]",0.00024224806201550387,0.007751937984496124,0.0001816860465116279,0.023255813953488372,,10.107762098312378,81.64074277877808
fing_x_face,15,0.001,face_G>ri_V>face_C>li_V,4,HYP,GP,xfit,300,False,,,,,,,,,,,,,10.107762098312378,81.64074277877808
fing_x_face,15,0.001,face_G>ri_V>face_C>li_V,4,S1-Marcialis,rule,xfit,300,True,0.0002714686453714596,0.011627906976744186,0.0004190236748376283,0.011583011583011582,1.416988416988417,3.5006435006435006,"[[75.97413635253906, 64.80564880371094], [35.000003814697266, 3.0], [0.6979800462722778, -1.0], 28.0]",0.00030281007751937984,0.0,0.00048449612403100775,0.023255813953488372,,10.107762098312378,81.64074277877808
fing_x_face,15,0.001,face_G>ri_V>face_C>li_V,4,S2-Symmetric,rule,xfit,300,True,0.0002714686453714596,0.011627906976744186,0.0004190236748376283,0.011583011583011582,1.416988416988417,3.5006435006435006,"[[75.97413635253906, 64.80564880371094], [35.000003814697266, 3.0], [0.6979800462722778, -1.0], 28.0]",0.00030281007751937984,0.0,0.00048449612403100775,0.023255813953488372,,10.107762098312378,81.64074277877808
fing_x_face,15,0.001,face_G>ri_V>face_C>li_V,4,S3-SPRT,rule,xfit,300,True,0.0006183452477905468,0.01937984496124031,0.0005237795935470355,0.007722007722007722,1.359073359073359,1.8569632755679268,"[[5.509521185613435, -3.482222103528612], [5.509521185613435, -3.482222103528612], [5.509521185613435, -3.482222103528612], 0.5647274529347888]",0.00048449612403100775,0.007751937984496124,0.0003633720930232558,0.031007751937984496,,10.107762098312378,81.64074277877808
fing_x_face,15,0.001,face_G>ri_V>face_C>li_V,4,S4-Direct,rule,xfit,300,True,0.0003317950110095617,0.011627906976744186,0.00022447696866301518,0.007722007722007722,1.386100386100386,1.9375954027116817,"[[75.97413635253906, 64.01529693603516], [28.000001907348633, 16.000001907348633], [0.6677500605583191, 0.531480073928833], 23.0]",0.0004239341085271318,0.0,0.0004239341085271318,0.023255813953488372,,10.107762098312378,81.64074277877808
fing_x_face,15,0.001,face_G>ri_V>li_V>face_C,4,LR-P1-N2,GP,xfit,300,True,0.000226223871142883,0.015503875968992248,0.00020951183741881415,0.015444015444015444,1.3629343629343629,2.7107240130495946,"[[75.7102279663086, 64.83816528320312], [35.000003814697266, 3.000000238418579], [30.000001907348633, 10.000000953674316], 0.6708900332450867]",0.00024224806201550387,0.007751937984496124,0.00024224806201550387,0.023255813953488372,,10.107762098312378,81.64074277877808
fing_x_face,15,0.001,face_G>ri_V>li_V>face_C,4,HYP,GP,xfit,300,False,,,,,,,,,,,,,10.107762098312378,81.64074277877808
fing_x_face,15,0.001,face_G>ri_V>li_V>face_C,4,S1-Marcialis,rule,xfit,300,True,0.000678671613428649,0.007751937984496124,0.0010176289246056687,0.011583011583011582,1.4015444015444016,3.221558768070396,"[[75.97413635253906, 64.80564880371094], [35.000003814697266, 3.0], [30.000001907348633, 6.0], 0.6448000073432922]",0.0003633720930232558,0.0,0.0004239341085271318,0.015503875968992248,,10.107762098312378,81.64074277877808
fing_x_face,15,0.001,face_G>ri_V>li_V>face_C,4,S2-Symmetric,rule,xfit,300,True,0.000678671613428649,0.007751937984496124,0.0010176289246056687,0.011583011583011582,1.4015444015444016,3.221558768070396,"[[75.97413635253906, 64.80564880371094], [35.000003814697266, 3.0], [30.000001907348633, 6.0], 0.6448000073432922]",0.0003633720930232558,0.0,0.0004239341085271318,0.015503875968992248,,10.107762098312378,81.64074277877808
fing_x_face,15,0.001,face_G>ri_V>li_V>face_C,4,S3-SPRT,rule,xfit,300,True,0.0006334268392000724,0.01937984496124031,0.0004938493310586334,0.007722007722007722,1.3552123552123552,1.8493011283708958,"[[5.509521185613435, -3.482222103528612], [5.509521185613435, -3.482222103528612], [5.509521185613435, -3.482222103528612], 0.5647274529347888]",0.00048449612403100775,0.007751937984496124,0.0004239341085271318,0.031007751937984496,,10.107762098312378,81.64074277877808
fing_x_face,15,0.001,face_G>ri_V>li_V>face_C,4,S4-Direct,rule,xfit,300,False,,,,,,,,,,,,,10.107762098312378,81.64074277877808
fing_x_face,15,0.001,li_V>face_C>face_G>ri_V,4,LR-P1-N2,GP,xfit,300,False,,,,,,,,0.0001816860465116279,0.015503875968992248,,,True,10.107762098312378,81.64074277877808
fing_x_face,15,0.001,li_V>face_C>face_G>ri_V,4,HYP,GP,xfit,300,False,,,,,,,,,,,,,10.107762098312378,81.64074277877808
fing_x_face,15,0.001,li_V>face_C>face_G>ri_V,4,S1-Marcialis,rule,xfit,300,True,0.00034687660241908725,0.023255813953488372,0.00034419801861662326,0.03861003861003861,1.3166023166023166,2.8882104696058186,"[[30.000001907348633, 6.0], [0.6979800462722778, -1.0], [75.97413635253906, 64.80564880371094], 29.0]",0.00048449612403100775,0.0,0.00048449612403100775,0.046511627906976744,,10.107762098312378,81.64074277877808
fing_x_face,15,0.001,li_V>face_C>face_G>ri_V,4,S2-Symmetric,rule,xfit,300,True,0.00034687660241908725,0.023255813953488372,0.00034419801861662326,0.03861003861003861,1.3166023166023166,2.8882104696058186,"[[30.000001907348633, 6.0], [0.6979800462722778, -1.0], [75.97413635253906, 64.80564880371094], 29.0]",0.00048449612403100775,0.0,0.00048449612403100775,0.046511627906976744,,10.107762098312378,81.64074277877808
fing_x_face,15,0.001,li_V>face_C>face_G>ri_V,4,S3-SPRT,rule,xfit,300,True,0.0002865502367809851,0.011627906976744186,0.00046391906857023134,0.003861003861003861,1.2934362934362935,2.112043937625333,"[[4.874792773101474, -3.523733219687808], [4.874792773101474, -3.523733219687808], [4.874792773101474, -3.523733219687808], 7.079245570923843]",0.00048449612403100775,0.007751937984496124,0.0004239341085271318,0.015503875968992248,,10.107762098312378,81.64074277877808
fing_x_face,15,0.001,li_V>face_C>face_G>ri_V,4,S4-Direct,rule,xfit,300,True,0.0004222845594667149,0.003875968992248062,0.0004938493310586334,0.019305019305019305,1.2934362934362935,2.4509293346502647,"[[30.000001907348633, 4.000000476837158], [0.6677500605583191, 0.531480073928833], [75.7102279663086, 66.35342407226562], 28.0]",0.0004239341085271318,0.0,0.00048449612403100775,0.007751937984496124,,10.107762098312378,81.64074277877808
fing_x_face,15,0.001,li_V>face_C>ri_V>face_G,4,LR-P1-N2,GP,xfit,300,False,,,,,,,,0.0001816860465116279,0.015503875968992248,,,True,10.107762098312378,81.64074277877808
fing_x_face,15,0.001,li_V>face_C>ri_V>face_G,4,HYP,GP,xfit,300,False,,,,,,,,,,,,,10.107762098312378,81.64074277877808
fing_x_face,15,0.001,li_V>face_C>ri_V>face_G,4,S1-Marcialis,rule,xfit,300,True,0.00039212137664766385,0.023255813953488372,0.00043398880608182933,0.03861003861003861,1.2972972972972974,2.995884588907845,"[[30.000001907348633, 6.0], [0.6979800462722778, -1.0], [35.000003814697266, 3.0], 75.34729766845703]",0.0003633720930232558,0.0,0.00048449612403100775,0.046511627906976744,,10.107762098312378,81.64074277877808
fing_x_face,15,0.001,li_V>face_C>ri_V>face_G,4,S2-Symmetric,rule,xfit,300,True,0.00039212137664766385,0.023255813953488372,0.00043398880608182933,0.03861003861003861,1.2972972972972974,2.995884588907845,"[[30.000001907348633, 6.0], [0.6979800462722778, -1.0], [35.000003814697266, 3.0], 75.34729766845703]",0.0003633720930232558,0.0,0.00048449612403100775,0.046511627906976744,,10.107762098312378,81.64074277877808
fing_x_face,15,0.001,li_V>face_C>ri_V>face_G,4,S3-SPRT,rule,xfit,300,True,0.000226223871142883,0.007751937984496124,0.0003292328873724223,0.007722007722007722,1.2972972972972974,2.0986651102930174,"[[4.874792773101474, -3.523733219687808], [4.874792773101474, -3.523733219687808], [4.874792773101474, -3.523733219687808], 5.88430982032461]",0.00048449612403100775,0.0,0.0004239341085271318,0.015503875968992248,,10.107762098312378,81.64074277877808
fing_x_face,15,0.001,li_V>face_C>ri_V>face_G,4,S4-Direct,rule,xfit,300,True,0.0004072029680571894,0.003875968992248062,0.0005387447247912364,0.019305019305019305,1.277992277992278,2.4368920415432043,"[[30.000001907348633, 4.000000476837158], [0.6677500605583191, 0.531480073928833], [29.000001907348633, 6.000000476837158], 75.38864135742188]",0.0004239341085271318,0.0,0.0004239341085271318,0.007751937984496124,,10.107762098312378,81.64074277877808
fing_x_face,15,0.001,li_V>face_G>face_C>ri_V,4,LR-P1-N2,GP,xfit,300,True,0.00030163182819051065,0.03488372093023256,0.0004040585435934273,0.04633204633204633,1.250965250965251,2.3127263476100683,"[[28.000001907348633, 6.000000476837158], [75.747314453125, 64.83816528320312], [0.6979800462722778, -Infinity], 35.000003814697266]",0.00030281007751937984,0.015503875968992248,0.00048449612403100775,0.05426356589147287,,10.107762098312378,81.64074277877808
fing_x_face,15,0.001,li_V>face_G>face_C>ri_V,4,HYP,GP,xfit,300,False,,,,,,,,,,,,,10.107762098312378,81.64074277877808
fing_x_face,15,0.001,li_V>face_G>face_C>ri_V,4,S1-Marcialis,rule,xfit,300,True,0.00034687660241908725,0.023255813953488372,0.00034419801861662326,0.03861003861003861,1.2934362934362935,2.776735206967765,"[[30.000001907348633, 6.0], [75.97413635253906, 64.80564880371094], [0.6979800462722778, -1.0], 29.0]",0.00048449612403100775,0.0,0.00048449612403100775,0.046511627906976744,,10.107762098312378,81.64074277877808
fing_x_face,15,0.001,li_V>face_G>face_C>ri_V,4,S2-Symmetric,rule,xfit,300,True,0.00034687660241908725,0.023255813953488372,0.00034419801861662326,0.03861003861003861,1.2934362934362935,2.776735206967765,"[[30.000001907348633, 6.0], [75.97413635253906, 64.80564880371094], [0.6979800462722778, -1.0], 29.0]",0.00048449612403100775,0.0,0.00048449612403100775,0.046511627906976744,,10.107762098312378,81.64074277877808
fing_x_face,15,0.001,li_V>face_G>face_C>ri_V,4,S3-SPRT,rule,xfit,300,True,0.0002865502367809851,0.015503875968992248,0.00046391906857023134,0.003861003861003861,1.2702702702702702,2.110188261351052,"[[4.874792773101474, -3.523733219687808], [4.874792773101474, -3.523733219687808], [4.874792773101474, -3.523733219687808], 7.079245570923843]",0.00048449612403100775,0.007751937984496124,0.0004239341085271318,0.023255813953488372,,10.107762098312378,81.64074277877808
fing_x_face,15,0.001,li_V>face_G>face_C>ri_V,4,S4-Direct,rule,xfit,300,True,0.0004222845594667149,0.003875968992248062,0.00047888419981443237,0.019305019305019305,1.308880308880309,2.40887731585406,"[[30.000001907348633, 4.000000476837158], [75.7102279663086, 66.35342407226562], [0.6677500605583191, 0.531480073928833], 28.0]",0.0004239341085271318,0.0,0.00048449612403100775,0.007751937984496124,,10.107762098312378,81.64074277877808
fing_x_face,15,0.001,li_V>face_G>ri_V>face_C,4,LR-P1-N2,GP,xfit,300,True,0.00030163182819051065,0.03488372093023256,0.0004190236748376283,0.04247104247104247,1.2316602316602316,2.058079674358744,"[[28.000001907348633, 6.000000476837158], [75.747314453125, 64.83816528320312], [35.000003814697266, 7.000000476837158], 0.6771100759506226]",0.00030281007751937984,0.015503875968992248,0.00048449612403100775,0.05426356589147287,,10.107762098312378,81.64074277877808
fing_x_face,15,0.001,li_V>face_G>ri_V>face_C,4,HYP,GP,xfit,300,False,,,,,,,,,,,,,10.107762098312378,81.64074277877808
fing_x_face,15,0.001,li_V>face_G>ri_V>face_C,4,S1-Marcialis,rule,xfit,300,True,0.0006937532048381745,0.01937984496124031,0.001047559187094071,0.03088803088803089,1.2664092664092663,2.773667355062704,"[[30.000001907348633, 6.0], [75.97413635253906, 64.80564880371094], [35.000003814697266, 3.0], 0.6448000073432922]",0.0003633720930232558,0.0,0.00048449612403100775,0.03875968992248062,,10.107762098312378,81.64074277877808
fing_x_face,15,0.001,li_V>face_G>ri_V>face_C,4,S2-Symmetric,rule,xfit,300,True,0.0006937532048381745,0.01937984496124031,0.001047559187094071,0.03088803088803089,1.2664092664092663,2.773667355062704,"[[30.000001907348633, 6.0], [75.97413635253906, 64.80564880371094], [35.000003814697266, 3.0], 0.6448000073432922]",0.0003633720930232558,0.0,0.00048449612403100775,0.03875968992248062,,10.107762098312378,81.64074277877808
fing_x_face,15,0.001,li_V>face_G>ri_V>face_C,4,S3-SPRT,rule,xfit,300,True,0.000226223871142883,0.011627906976744186,0.0003591631498608243,0.003861003861003861,1.2625482625482625,2.0947292807757925,"[[4.874792773101474, -3.523733219687808], [4.874792773101474, -3.523733219687808], [4.874792773101474, -3.523733219687808], 5.88430982032461]",0.00048449612403100775,0.007751937984496124,0.0004239341085271318,0.015503875968992248,,10.107762098312378,81.64074277877808
fing_x_face,15,0.001,li_V>face_G>ri_V>face_C,4,S4-Direct,rule,xfit,300,True,0.0007239163876572256,0.0,0.0009278381371404627,0.011583011583011582,1.2934362934362935,2.3717637903684414,"[[30.000001907348633, 4.000000476837158], [75.7102279663086, 66.35342407226562], [29.000001907348633, 6.000000476837158], 0.6434999704360962]",0.0004239341085271318,0.0,0.00048449612403100775,0.0,,10.107762098312378,81.64074277877808
fing_x_face,15,0.001,li_V>ri_V>face_C>face_G,4,LR-P1-N2,GP,xfit,300,False,,,,,,,,0.0004239341085271318,0.023255813953488372,,,True,10.107762098312378,81.64074277877808
fing_x_face,15,0.001,li_V>ri_V>face_C>face_G,4,HYP,GP,xfit,300,False,,,,,,,,,,,,,10.107762098312378,81.64074277877808
fing_x_face,15,0.001,li_V>ri_V>face_C>face_G,4,S1-Marcialis,rule,xfit,300,True,0.00039212137664766385,0.023255813953488372,0.00043398880608182933,0.03861003861003861,1.274131274131274,2.9920834455718177,"[[30.000001907348633, 6.0], [35.000003814697266, 3.0], [0.6979800462722778, -1.0], 75.34729766845703]",0.0003633720930232558,0.0,0.00048449612403100775,0.046511627906976744,,10.107762098312378,81.64074277877808
fing_x_face,15,0.001,li_V>ri_V>face_C>face_G,4,S2-Symmetric,rule,xfit,300,True,0.00039212137664766385,0.023255813953488372,0.00043398880608182933,0.03861003861003861,1.274131274131274,2.9920834455718177,"[[30.000001907348633, 6.0], [35.000003814697266, 3.0], [0.6979800462722778, -1.0], 75.34729766845703]",0.0003633720930232558,0.0,0.00048449612403100775,0.046511627906976744,,10.107762098312378,81.64074277877808
fing_x_face,15,0.001,li_V>ri_V>face_C>face_G,4,S3-SPRT,rule,xfit,300,False,,,,,,,,0.0004239341085271318,0.023255813953488372,,,True,10.107762098312378,81.64074277877808
fing_x_face,15,0.001,li_V>ri_V>face_C>face_G,4,S4-Direct,rule,xfit,300,True,0.000452447742285766,0.011627906976744186,0.0005537098560354374,0.019305019305019305,1.2934362934362935,2.8648947951273533,"[[30.000001907348633, 4.000000476837158], [35.000003814697266, 4.000000476837158], [0.6677500605583191, 0.531480073928833], 75.35397338867188]",0.0004239341085271318,0.007751937984496124,0.00048449612403100775,0.015503875968992248,,10.107762098312378,81.64074277877808
fing_x_face,15,0.001,li_V>ri_V>face_G>face_C,4,LR-P1-N2,GP,xfit,300,False,,,,,,,,0.00024224806201550387,0.023255813953488372,,,True,10.107762098312378,81.64074277877808
fing_x_face,15,0.001,li_V>ri_V>face_G>face_C,4,HYP,GP,xfit,300,False,,,,,,,,,,,,,10.107762098312378,81.64074277877808
fing_x_face,15,0.001,li_V>ri_V>face_G>face_C,4,S1-Marcialis,rule,xfit,300,True,0.0006937532048381745,0.01937984496124031,0.001047559187094071,0.03088803088803089,1.2664092664092663,2.88134147436473,"[[30.000001907348633, 6.0], [35.000003814697266, 3.0], [75.97413635253906, 64.80564880371094], 0.6448000073432922]",0.0003633720930232558,0.0,0.00048449612403100775,0.03875968992248062,,10.107762098312378,81.64074277877808
fing_x_face,15,0.001,li_V>ri_V>face_G>face_C,4,S2-Symmetric,rule,xfit,300,True,0.0006937532048381745,0.01937984496124031,0.001047559187094071,0.03088803088803089,1.2664092664092663,2.88134147436473,"[[30.000001907348633, 6.0], [35.000003814697266, 3.0], [75.97413635253906, 64.80564880371094], 0.6448000073432922]",0.0003633720930232558,0.0,0.00048449612403100775,0.03875968992248062,,10.107762098312378,81.64074277877808
fing_x_face,15,0.001,li_V>ri_V>face_G>face_C,4,S3-SPRT,rule,xfit,300,False,,,,,,,,0.0004239341085271318,0.023255813953488372,,,True,10.107762098312378,81.64074277877808
fing_x_face,15,0.001,li_V>ri_V>face_G>face_C,4,S4-Direct,rule,xfit,300,True,0.0007389979790667511,0.007751937984496124,0.001122384843315076,0.015444015444015444,1.2972972972972974,2.8283798748915028,"[[30.000001907348633, 4.000000476837158], [35.000003814697266, 4.000000476837158], [75.7102279663086, 66.35342407226562], 0.6448000073432922]",0.0004239341085271318,0.007751937984496124,0.0004239341085271318,0.007751937984496124,,10.107762098312378,81.64074277877808
fing_x_face,15,0.001,ri_V>face_C>face_G>li_V,4,LR-P1-N2,GP,xfit,300,True,0.0002714686453714596,0.011627906976744186,0.0003292328873724223,0.019305019305019305,1.193050193050193,3.664092664092664,"[[29.000001907348633, 3.000000238418579], [0.6979800462722778, -Infinity], [75.97413635253906, 64.83816528320312], 32.0]",0.00012112403100775194,0.007751937984496124,0.0004239341085271318,0.015503875968992248,,10.107762098312378,81.64074277877808
fing_x_face,15,0.001,ri_V>face_C>face_G>li_V,4,HYP,GP,xfit,300,False,,,,,,,,,,,,,10.107762098312378,81.64074277877808
fing_x_face,15,0.001,ri_V>face_C>face_G>li_V,4,S1-Marcialis,rule,xfit,300,True,0.0002714686453714596,0.011627906976744186,0.0004190236748376283,0.015444015444015444,1.2316602316602316,3.813968453503337,"[[35.000003814697266, 3.0], [0.6979800462722778, -1.0], [75.97413635253906, 64.80564880371094], 28.0]",0.00030281007751937984,0.0,0.00048449612403100775,0.023255813953488372,,10.107762098312378,81.64074277877808
fing_x_face,15,0.001,ri_V>face_C>face_G>li_V,4,S2-Symmetric,rule,xfit,300,True,0.0002714686453714596,0.011627906976744186,0.0004190236748376283,0.015444015444015444,1.2316602316602316,3.813968453503337,"[[35.000003814697266, 3.0], [0.6979800462722778, -1.0], [75.97413635253906, 64.80564880371094], 28.0]",0.00030281007751937984,0.0,0.00048449612403100775,0.023255813953488372,,10.107762098312378,81.64074277877808
fing_x_face,15,0.001,ri_V>face_C>face_G>li_V,4,S3-SPRT,rule,xfit,300,True,0.0006635900220191234,0.015503875968992248,0.0005387447247912364,0.007722007722007722,1.1583011583011582,1.7540480680015564,"[[4.726000250143469, -3.995385948470832], [4.726000250143469, -3.995385948470832], [4.726000250143469, -3.995385948470832], 0.7948882859679425]",0.00048449612403100775,0.007751937984496124,0.0004239341085271318,0.023255813953488372,,10.107762098312378,81.64074277877808
fing_x_face,15,0.001,ri_V>face_C>face_G>li_V,4,S4-Direct,rule,xfit,300,False,,,,,,,,,,,,,10.107762098312378,81.64074277877808
fing_x_face,15,0.001,ri_V>face_C>li_V>face_G,4,LR-P1-N2,GP,xfit,300,True,0.0003317950110095617,0.011627906976744186,0.00043398880608182933,0.02702702702702703,1.1776061776061777,2.920550118224537,"[[29.000001907348633, 3.000000238418579], [0.6842800378799438, -Infinity], [30.000001907348633, 13.000000953674316], 75.13900756835938]",0.0001816860465116279,0.007751937984496124,0.00048449612403100775,0.015503875968992248,,10.107762098312378,81.64074277877808
fing_x_face,15,0.001,ri_V>face_C>li_V>face_G,4,HYP,GP,xfit,300,False,,,,,,,,,,,,,10.107762098312378,81.64074277877808
fing_x_face,15,0.001,ri_V>face_C>li_V>face_G,4,S1-Marcialis,rule,xfit,300,True,0.00039212137664766385,0.007751937984496124,0.00044895393732603036,0.019305019305019305,1.223938223938224,3.6456256921373202,"[[35.000003814697266, 3.0], [0.6979800462722778, -1.0], [30.000001907348633, 6.0], 75.34729766845703]",0.0003633720930232558,0.0,0.00048449612403100775,0.015503875968992248,,10.107762098312378,81.64074277877808
fing_x_face,15,0.001,ri_V>face_C>li_V>face_G,4,S2-Symmetric,rule,xfit,300,True,0.00039212137664766385,0.007751937984496124,0.00044895393732603036,0.019305019305019305,1.223938223938224,3.6456256921373202,"[[35.000003814697266, 3.0], [0.6979800462722778, -1.0], [30.000001907348633, 6.0], 75.34729766845703]",0.0003633720930232558,0.0,0.00048449612403100775,0.015503875968992248,,10.107762098312378,81.64074277877808
fing_x_face,15,0.001,ri_V>face_C>li_V>face_G,4,S3-SPRT,rule,xfit,300,True,0.0002865502367809851,0.015503875968992248,0.00020951183741881415,0.011583011583011582,1.166023166023166,1.7480919457663644,"[[4.726000250143469, -3.995385948470832], [4.726000250143469, -3.995385948470832], [4.726000250143469, -3.995385948470832], 5.88430982032461]",0.00048449612403100775,0.007751937984496124,0.0004239341085271318,0.023255813953488372,,10.107762098312378,81.64074277877808
fing_x_face,15,0.001,ri_V>face_C>li_V>face_G,4,S4-Direct,rule,xfit,300,False,,,,,,,,,,,,,10.107762098312378,81.64074277877808
fing_x_face,15,0.001,ri_V>face_G>face_C>li_V,4,LR-P1-N2,GP,xfit,300,True,0.0002714686453714596,0.011627906976744186,0.0003292328873724223,0.019305019305019305,1.1737451737451738,3.5074975307533447,"[[29.000001907348633, 3.000000238418579], [75.97413635253906, 64.83816528320312], [0.6979800462722778, -Infinity], 32.0]",0.00012112403100775194,0.007751937984496124,0.0004239341085271318,0.015503875968992248,,10.107762098312378,81.64074277877808
fing_x_face,15,0.001,ri_V>face_G>face_C>li_V,4,HYP,GP,xfit,300,False,,,,,,,,,,,,,10.107762098312378,81.64074277877808
fing_x_face,15,0.001,ri_V>face_G>face_C>li_V,4,S1-Marcialis,rule,xfit,300,True,0.0002714686453714596,0.011627906976744186,0.0004190236748376283,0.015444015444015444,1.2162162162162162,3.653661967615456,"[[35.000003814697266, 3.0], [75.97413635253906, 64.80564880371094], [0.6979800462722778, -1.0], 28.0]",0.00030281007751937984,0.0,0.00048449612403100775,0.023255813953488372,,10.107762098312378,81.64074277877808
fing_x_face,15,0.001,ri_V>face_G>face_C>li_V,4,S2-Symmetric,rule,xfit,300,True,0.0002714686453714596,0.011627906976744186,0.0004190236748376283,0.015444015444015444,1.2162162162162162,3.653661967615456,"[[35.000003814697266, 3.0], [75.97413635253906, 64.80564880371094], [0.6979800462722778, -1.0], 28.0]",0.00030281007751937984,0.0,0.00048449612403100775,0.023255813953488372,,10.107762098312378,81.64074277877808
fing_x_face,15,0.001,ri_V>face_G>face_C>li_V,4,S3-SPRT,rule,xfit,300,True,0.0006635900220191234,0.01937984496124031,0.0005387447247912364,0.007722007722007722,1.1505791505791505,1.7501272036155757,"[[4.726000250143469, -3.995385948470832], [4.726000250143469, -3.995385948470832], [4.726000250143469, -3.995385948470832], 0.7948882859679425]",0.00048449612403100775,0.007751937984496124,0.0004239341085271318,0.031007751937984496,,10.107762098312378,81.64074277877808
fing_x_face,15,0.001,ri_V>face_G>face_C>li_V,4,S4-Direct,rule,xfit,300,False,,,,,,,,,,,,,10.107762098312378,81.64074277877808
fing_x_face,15,0.001,ri_V>face_G>li_V>face_C,4,LR-P1-N2,GP,xfit,300,True,0.00030163182819051065,0.023255813953488372,0.0003591631498608243,0.019305019305019305,1.1583011583011582,2.857711532130137,"[[29.000001907348633, 3.000000238418579], [75.96875, 64.83816528320312], [30.000001907348633, 9.000000953674316], 0.6771100759506226]",0.0001816860465116279,0.015503875968992248,0.0004239341085271318,0.031007751937984496,,10.107762098312378,81.64074277877808
fing_x_face,15,0.001,ri_V>face_G>li_V>face_C,4,HYP,GP,xfit,300,False,,,,,,,,,,,,,10.107762098312378,81.64074277877808
fing_x_face,15,0.001,ri_V>face_G>li_V>face_C,4,S1-Marcialis,rule,xfit,300,True,0.000678671613428649,0.007751937984496124,0.0010176289246056687,0.015444015444015444,1.2007722007722008,3.3745772350423513,"[[35.000003814697266, 3.0], [75.97413635253906, 64.80564880371094], [30.000001907348633, 6.0], 0.6448000073432922]",0.0003633720930232558,0.0,0.0004239341085271318,0.015503875968992248,,10.107762098312378,81.64074277877808
fing_x_face,15,0.001,ri_V>face_G>li_V>face_C,4,S2-Symmetric,rule,xfit,300,True,0.000678671613428649,0.007751937984496124,0.0010176289246056687,0.015444015444015444,1.2007722007722008,3.3745772350423513,"[[35.000003814697266, 3.0], [75.97413635253906, 64.80564880371094], [30.000001907348633, 6.0], 0.6448000073432922]",0.0003633720930232558,0.0,0.0004239341085271318,0.015503875968992248,,10.107762098312378,81.64074277877808
fing_x_face,15,0.001,ri_V>face_G>li_V>face_C,4,S3-SPRT,rule,xfit,300,True,0.00030163182819051065,0.01937984496124031,0.00023944209990721618,0.007722007722007722,1.1467181467181466,1.742779324174673,"[[4.726000250143469, -3.995385948470832], [4.726000250143469, -3.995385948470832], [4.726000250143469, -3.995385948470832], 5.88430982032461]",0.00048449612403100775,0.007751937984496124,0.0004239341085271318,0.031007751937984496,,10.107762098312378,81.64074277877808
fing_x_face,15,0.001,ri_V>face_G>li_V>face_C,4,S4-Direct,rule,xfit,300,True,0.0005580188821524447,0.015503875968992248,0.0007632216934542516,0.019305019305019305,1.1891891891891893,2.296159947322738,"[[35.000003814697266, 4.000000476837158], [75.7102279663086, 66.35342407226562], [27.000001907348633, 7.000000476837158], 0.6437600255012512]",0.0004239341085271318,0.007751937984496124,0.0004239341085271318,0.023255813953488372,,10.107762098312378,81.64074277877808
fing_x_face,15,0.001,ri_V>li_V>face_C>face_G,4,LR-P1-N2,GP,xfit,300,False,,,,,,,,0.0004239341085271318,0.015503875968992248,,,True,10.107762098312378,81.64074277877808
fing_x_face,15,0.001,ri_V>li_V>face_C>face_G,4,HYP,GP,xfit,300,False,,,,,,,,,,,,,10.107762098312378,81.64074277877808
fing_x_face,15,0.001,ri_V>li_V>face_C>face_G,4,S1-Marcialis,rule,xfit,300,True,0.00039212137664766385,0.023255813953488372,0.00043398880608182933,0.03088803088803089,1.223938223938224,3.3169614797521776,"[[35.000003814697266, 3.0], [30.000001907348633, 6.0], [0.6979800462722778, -1.0], 75.34729766845703]",0.0003633720930232558,0.0,0.00048449612403100775,0.046511627906976744,,10.107762098312378,81.64074277877808
fing_x_face,15,0.001,ri_V>li_V>face_C>face_G,4,S2-Symmetric,rule,xfit,300,True,0.00039212137664766385,0.023255813953488372,0.00043398880608182933,0.03088803088803089,1.223938223938224,3.3169614797521776,"[[35.000003814697266, 3.0], [30.000001907348633, 6.0], [0.6979800462722778, -1.0], 75.34729766845703]",0.0003633720930232558,0.0,0.00048449612403100775,0.046511627906976744,,10.107762098312378,81.64074277877808
fing_x_face,15,0.001,ri_V>li_V>face_C>face_G,4,S3-SPRT,rule,xfit,300,False,,,,,,,,0.0004239341085271318,0.023255813953488372,,,True,10.107762098312378,81.64074277877808
fing_x_face,15,0.001,ri_V>li_V>face_C>face_G,4,S4-Direct,rule,xfit,300,True,0.00043736615087624044,0.011627906976744186,0.0005537098560354374,0.019305019305019305,1.22007722007722,2.84350962257939,"[[35.000003814697266, 4.000000476837158], [30.000001907348633, 4.000000476837158], [0.6677500605583191, 0.531480073928833], 75.35397338867188]",0.0004239341085271318,0.007751937984496124,0.00048449612403100775,0.015503875968992248,,10.107762098312378,81.64074277877808
fing_x_face,15,0.001,ri_V>li_V>face_G>face_C,4,LR-P1-N2,GP,xfit,300,False,,,,,,,,0.0003633720930232558,0.015503875968992248,,,True,10.107762098312378,81.64074277877808
fing_x_face,15,0.001,ri_V>li_V>face_G>face_C,4,HYP,GP,xfit,300,False,,,,,,,,,,,,,10.107762098312378,81.64074277877808
fing_x_face,15,0.001,ri_V>li_V>face_G>face_C,4,S1-Marcialis,rule,xfit,300,True,0.0006937532048381745,0.01937984496124031,0.001047559187094071,0.023166023166023165,1.2162162162162162,3.20621950854509,"[[35.000003814697266, 3.0], [30.000001907348633, 6.0], [75.97413635253906, 64.80564880371094], 0.6448000073432922]",0.0003633720930232558,0.0,0.00048449612403100775,0.03875968992248062,,10.107762098312378,81.64074277877808
fing_x_face,15,0.001,ri_V>li_V>face_G>face_C,4,S2-Symmetric,rule,xfit,300,True,0.0006937532048381745,0.01937984496124031,0.001047559187094071,0.023166023166023165,1.2162162162162162,3.20621950854509,"[[35.000003814697266, 3.0], [30.000001907348633, 6.0], [75.97413635253906, 64.80564880371094], 0.6448000073432922]",0.0003633720930232558,0.0,0.00048449612403100775,0.03875968992248062,,10.107762098312378,81.64074277877808
fing_x_face,15,0.001,ri_V>li_V>face_G>face_C,4,S3-SPRT,rule,xfit,300,False,,,,,,,,0.0004239341085271318,0.023255813953488372,,,True,10.107762098312378,81.64074277877808
fing_x_face,15,0.001,ri_V>li_V>face_G>face_C,4,S4-Direct,rule,xfit,300,True,0.0007239163876572256,0.007751937984496124,0.001122384843315076,0.015444015444015444,1.223938223938224,2.8069947023435398,"[[35.000003814697266, 4.000000476837158], [30.000001907348633, 4.000000476837158], [75.7102279663086, 66.35342407226562], 0.6448000073432922]",0.0004239341085271318,0.007751937984496124,0.0004239341085271318,0.007751937984496124,,10.107762098312378,81.64074277877808
fing_x_face,15,0.001,parallel,4,P0-Parallel,parallel,xfit,300,True,0.00039212137664766385,0.050387596899224806,0.00023944209990721618,0.03088803088803089,1.0,1.0,[9.958383560180664],0.0004239341085271318,0.03875968992248062,0.0004239341085271318,0.06201550387596899,,10.107762098312378,81.64074277877808
fing_x_face,15,0.001,parallel,4,P1-LLR,parallel,xfit,300,True,0.0006334268392000724,0.003875968992248062,0.0006285355122564425,0.003861003861003861,1.0,1.0,[0.7640524080008078],0.00048449612403100775,0.0,0.0004239341085271318,0.007751937984496124,,10.107762098312378,81.64074277877808
fing_x_face,15,0.001,parallel,4,P2-LogReg,parallel,xfit,300,True,0.0004675293336952915,0.007751937984496124,0.00031426775612822125,0.003861003861003861,1.0,1.0,[-1.0940311878259763],0.0004239341085271318,0.0,0.0003633720930232558,0.015503875968992248,,10.107762098312378,81.64074277877808
