dataset,seed,alpha,order,n_stages,method,kind,calib,B,feasible,far_train,frr_train,far_test,frr_test,stages_gen,stages_imp,thr,far_foldA,frr_foldA,far_foldB,frr_foldB,feasible_foldA,fit_time_full,fit_time_foldA
lfw_x_fing,7,0.01,face_S,1,LR-P1-N2,GP,boot,300,True,0.009391849707701913,0.004761904761904762,0.010986718883024008,0.009523809523809525,1.0,1.0,[0.2937060296535492],,,,,,25.568304538726807,3.31123685836792
lfw_x_fing,7,0.01,face_S,1,HYP,GP,boot,300,True,0.009391849707701913,0.004761904761904762,0.010986718883024008,0.009523809523809525,1.0,1.0,[0.2937060296535492],,,,,,25.568304538726807,3.31123685836792
lfw_x_fing,7,0.01,li_V,1,LR-P1-N2,GP,boot,300,True,0.007385492933764686,0.11904761904761904,0.007165559906918667,0.14523809523809525,1.0,1.0,[19.0],,,,,,25.568304538726807,3.31123685836792
lfw_x_fing,7,0.01,li_V,1,HYP,GP,boot,300,False,,,,,,,,,,,,,25.568304538726807,3.31123685836792
lfw_x_fing,7,0.01,ri_V,1,LR-P1-N2,GP,boot,300,True,0.007650831488733753,0.0761904761904762,0.006941370111811113,0.09285714285714286,1.0,1.0,[19.0],,,,,,25.568304538726807,3.31123685836792
lfw_x_fing,7,0.01,ri_V,1,HYP,GP,boot,300,True,0.007650831488733753,0.0761904761904762,0.006941370111811113,0.09285714285714286,1.0,1.0,[19.0],,,,,,25.568304538726807,3.31123685836792
lfw_x_fing,7,0.01,face_S>li_V,2,LR-P1-N2,GP,boot,300,True,0.009337930643055792,0.0011904761904761906,0.010539758215562745,0.0011904761904761906,1.0095238095238095,1.6823386684828878,"[[0.3039962947368622, 0.04602618142962456], 21.0]",,,,,,25.568304538726807,3.31123685836792
lfw_x_fing,7,0.01,face_S>li_V,2,HYP,GP,boot,300,True,0.008980362109086782,0.0035714285714285713,0.010332595493501334,0.004761904761904762,1.0047619047619047,1.0373077359668539,"[[0.31452131271362305, 0.24202954769134521], 11.0]",,,,,,25.568304538726807,3.31123685836792
lfw_x_fing,7,0.01,face_S>li_V,2,S1-Marcialis,rule,boot,300,True,0.007100289460241785,0.014285714285714285,0.006914410579488052,0.015476190476190477,1.111904761904762,1.691270787218344,"[[0.5276017189025879, 0.04580334201455116], 18.0]",,,,,,25.568304538726807,3.31123685836792
lfw_x_fing,7,0.01,face_S>li_V,2,S2-Symmetric,rule,boot,300,True,0.007100289460241785,0.014285714285714285,0.006914410579488052,0.015476190476190477,1.111904761904762,1.691270787218344,"[[0.5276017189025879, 0.04580334201455116], 18.0]",,,,,,25.568304538726807,3.31123685836792
lfw_x_fing,7,0.01,face_S>li_V,2,S3-SPRT,rule,boot,300,True,0.009247119586809694,0.0011904761904761906,0.010416311935978206,0.002380952380952381,1.019047619047619,1.183868267211533,"[[4.437378051540802, -4.709390288863942], -4.096828267688234]",,,,,,25.568304538726807,3.31123685836792
lfw_x_fing,7,0.01,face_S>li_V,2,S4-Direct,rule,boot,300,True,0.008151711220841138,0.0,0.008093535387933481,0.002380952380952381,1.0178571428571428,1.762206992451331,"[[0.38406941294670105, 0.02675364539027214], 18.0]",,,,,,25.568304538726807,3.31123685836792
lfw_x_fing,7,0.01,face_S>ri_V,2,LR-P1-N2,GP,boot,300,True,0.009266984505363528,0.0011904761904761906,0.010370906407855157,0.002380952380952381,1.0095238095238095,1.6824621147624723,"[[0.3044882118701935, 0.04602618142962456], 21.0]",,,,,,25.568304538726807,3.31123685836792
lfw_x_fing,7,0.01,face_S>ri_V,2,HYP,GP,boot,300,True,0.008065156932856575,0.0035714285714285713,0.008967591804302174,0.004761904761904762,1.0047619047619047,1.0595493501333788,"[[0.31452131271362305, 0.22389516234397888], 13.0]",,,,,,25.568304538726807,3.31123685836792
lfw_x_fing,7,0.01,face_S>ri_V,2,S1-Marcialis,rule,boot,300,True,0.007198195130257109,0.008333333333333333,0.006639139565242068,0.013095238095238096,1.111904761904762,1.691270787218344,"[[0.5276017189025879, 0.04580334201455116], 18.0]",,,,,,25.568304538726807,3.31123685836792
lfw_x_fing,7,0.01,face_S>ri_V,2,S2-Symmetric,rule,boot,300,True,0.007198195130257109,0.008333333333333333,0.006639139565242068,0.013095238095238096,1.111904761904762,1.691270787218344,"[[0.5276017189025879, 0.04580334201455116], 18.0]",,,,,,25.568304538726807,3.31123685836792
lfw_x_fing,7,0.01,face_S>ri_V,2,S3-SPRT,rule,boot,300,True,0.009269822350871218,0.0011904761904761906,0.010080027243316874,0.0035714285714285713,1.019047619047619,1.183868267211533,"[[4.437378051540802, -4.709390288863942], -4.422143366959028]",,,,,,25.568304538726807,3.31123685836792
lfw_x_fing,7,0.01,face_S>ri_V,2,S4-Direct,rule,boot,300,True,0.007951643112548952,0.0,0.0074124524660877465,0.0035714285714285713,1.0273809523809523,1.7625886826721153,"[[0.42831698060035706, 0.02675364539027214], 18.0]",,,,,,25.568304538726807,3.31123685836792
lfw_x_fing,7,0.01,li_V>face_S,2,LR-P1-N2,GP,boot,300,True,0.00866536125773313,0.0035714285714285713,0.009645836880640218,0.004761904761904762,1.175,1.8381165219365458,"[[21.000001907348633, 4.000000476837158], 0.3027716279029846]",,,,,,25.568304538726807,3.31123685836792
lfw_x_fing,7,0.01,li_V>face_S,2,HYP,GP,boot,300,False,,,,,,,,,,,,,25.568304538726807,3.31123685836792
lfw_x_fing,7,0.01,li_V>face_S,2,S1-Marcialis,rule,boot,300,True,0.00942022816277882,0.002380952380952381,0.011093138089562405,0.002380952380952381,1.3928571428571428,1.9569002213519495,"[[45.000003814697266, 4.0], 0.2921689748764038]",,,,,,25.568304538726807,3.31123685836792
lfw_x_fing,7,0.01,li_V>face_S,2,S2-Symmetric,rule,boot,300,True,0.00942022816277882,0.002380952380952381,0.011093138089562405,0.002380952380952381,1.3928571428571428,1.9569002213519495,"[[45.000003814697266, 4.0], 0.2921689748764038]",,,,,,25.568304538726807,3.31123685836792
lfw_x_fing,7,0.01,li_V>face_S,2,S3-SPRT,rule,boot,300,True,0.00924853850956354,0.0,0.010078608320563029,0.0011904761904761906,1.2619047619047619,1.9998836483341846,"[[5.348171622460813, -3.5486396718702387], -3.762207433402218]",,,,,,25.568304538726807,3.31123685836792
lfw_x_fing,7,0.01,li_V>face_S,2,S4-Direct,rule,boot,300,True,0.009403201089732674,0.0035714285714285713,0.010734150632839548,0.004761904761904762,1.1976190476190476,1.8397809183268063,"[[24.000001907348633, 4.000000476837158], 0.2917707562446594]",,,,,,25.568304538726807,3.31123685836792
lfw_x_fing,7,0.01,li_V>ri_V,2,LR-P1-N2,GP,boot,300,True,0.0074124524660877465,0.036904761904761905,0.00679805891367274,0.04642857142857143,1.1642857142857144,1.837067938021454,"[[20.000001907348633, 4.000000476837158], 21.0]",,,,,,25.568304538726807,3.31123685836792
lfw_x_fing,7,0.01,li_V>ri_V,2,HYP,GP,boot,300,False,,,,,,,,,,,,,25.568304538726807,3.31123685836792
lfw_x_fing,7,0.01,li_V>ri_V,2,S1-Marcialis,rule,boot,300,True,0.007535898745672285,0.05119047619047619,0.0068065724501958115,0.06904761904761905,1.3928571428571428,1.9569002213519495,"[[45.000003814697266, 4.0], 19.0]",,,,,,25.568304538726807,3.31123685836792
lfw_x_fing,7,0.01,li_V>ri_V,2,S2-Symmetric,rule,boot,300,True,0.007535898745672285,0.05119047619047619,0.0068065724501958115,0.06904761904761905,1.3928571428571428,1.9569002213519495,"[[45.000003814697266, 4.0], 19.0]",,,,,,25.568304538726807,3.31123685836792
lfw_x_fing,7,0.01,li_V>ri_V,2,S3-SPRT,rule,boot,300,True,0.008534820364379364,0.03214285714285714,0.007247857426641693,0.05238095238095238,1.2619047619047619,1.9998836483341846,"[[5.348171622460813, -3.5486396718702387], -0.8307408908322302]",,,,,,25.568304538726807,3.31123685836792
lfw_x_fing,7,0.01,li_V>ri_V,2,S4-Direct,rule,boot,300,True,0.008710766785856179,0.03571428571428571,0.008302117032748737,0.04642857142857143,1.1416666666666666,1.8335248879051025,"[[18.000001907348633, 4.000000476837158], 24.0]",,,,,,25.568304538726807,3.31123685836792
lfw_x_fing,7,0.01,ri_V>face_S,2,LR-P1-N2,GP,boot,300,True,0.008580225892502413,0.0011904761904761906,0.009276916964640445,0.009523809523809525,1.098809523809524,1.8055252852034736,"[[21.000001907348633, 4.000000476837158], 0.3027544617652893]",,,,,,25.568304538726807,3.31123685836792
lfw_x_fing,7,0.01,ri_V>face_S,2,HYP,GP,boot,300,True,0.00760684488336455,0.03571428571428571,0.00710454622850332,0.05476190476190476,1.0464285714285715,1.1023781145354448,"[[19.000001907348633, 10.000000953674316], 0.2699772119522095]",,,,,,25.568304538726807,3.31123685836792
lfw_x_fing,7,0.01,ri_V>face_S,2,S1-Marcialis,rule,boot,300,True,0.009352119870594245,0.0,0.01076962370168568,0.002380952380952381,1.276190476190476,1.9422101140813894,"[[42.000003814697266, 4.0], 0.29211661219596863]",,,,,,25.568304538726807,3.31123685836792
lfw_x_fing,7,0.01,ri_V>face_S,2,S2-Symmetric,rule,boot,300,True,0.009352119870594245,0.0,0.01076962370168568,0.002380952380952381,1.276190476190476,1.9422101140813894,"[[42.000003814697266, 4.0], 0.29211661219596863]",,,,,,25.568304538726807,3.31123685836792
lfw_x_fing,7,0.01,ri_V>face_S,2,S3-SPRT,rule,boot,300,True,0.009143538225778989,0.0,0.00958198535671718,0.002380952380952381,1.1690476190476191,1.999860945570123,"[[5.135545813323589, -4.055151958985673], -4.041739619156747]",,,,,,25.568304538726807,3.31123685836792
lfw_x_fing,7,0.01,ri_V>face_S,2,S4-Direct,rule,boot,300,True,0.009352119870594245,0.0,0.01076962370168568,0.002380952380952381,1.276190476190476,1.9422101140813894,"[[42.000003814697266, 3.000000238418579], 0.29211661219596863]",,,,,,25.568304538726807,3.31123685836792
lfw_x_fing,7,0.01,ri_V>li_V,2,LR-P1-N2,GP,boot,300,True,0.007328736023610874,0.034523809523809526,0.006729950621488166,0.047619047619047616,1.0940476190476192,1.8045334581985357,"[[20.000001907348633, 4.000000476837158], 20.000001907348633]",,,,,,25.568304538726807,3.31123685836792
lfw_x_fing,7,0.01,ri_V>li_V,2,HYP,GP,boot,300,True,0.008014075713718144,0.06428571428571428,0.007020829786026449,0.08333333333333333,1.0226190476190475,1.0213391792950792,"[[19.000001907348633, 14.000000953674316], 14.0]",,,,,,25.568304538726807,3.31123685836792
lfw_x_fing,7,0.01,ri_V>li_V,2,S1-Marcialis,rule,boot,300,True,0.007223735739826324,0.060714285714285714,0.007010897326749531,0.08095238095238096,1.276190476190476,1.9422101140813894,"[[42.000003814697266, 4.0], 19.0]",,,,,,25.568304538726807,3.31123685836792
lfw_x_fing,7,0.01,ri_V>li_V,2,S2-Symmetric,rule,boot,300,True,0.006735626312503547,0.060714285714285714,0.006527044667688291,0.08571428571428572,1.269047619047619,1.8080410352460412,"[[42.000003814697266, 5.0], 19.0]",,,,,,25.568304538726807,3.31123685836792
lfw_x_fing,7,0.01,ri_V>li_V,2,S3-SPRT,rule,boot,300,True,0.008534820364379364,0.03214285714285714,0.007247857426641693,0.05238095238095238,1.1690476190476191,1.999860945570123,"[[5.135545813323589, -4.055151958985673], -0.8307408908322302]",,,,,,25.568304538726807,3.31123685836792
lfw_x_fing,7,0.01,ri_V>li_V,2,S4-Direct,rule,boot,300,True,0.007927521425733584,0.03571428571428571,0.007511777058856916,0.041666666666666664,1.105952380952381,1.9396943640388218,"[[21.000001907348633, 3.000000238418579], 20.0]",,,,,,25.568304538726807,3.31123685836792
lfw_x_fing,7,0.01,face_S>li_V>ri_V,3,LR-P1-N2,GP,boot,300,True,0.00927266019637891,0.0011904761904761906,0.010660366649639593,0.0011904761904761906,1.0107142857142857,2.25269737215506,"[[0.2983704209327698, 0.04602618142962456], [24.000001907348633, 4.000000476837158], 26.0]",,,,,,25.568304538726807,3.31123685836792
lfw_x_fing,7,0.01,face_S>li_V>ri_V,3,HYP,GP,boot,300,True,0.00899313241387139,0.0035714285714285713,0.009956580963732335,0.004761904761904762,1.0047619047619047,1.0904350417163289,"[[0.31452131271362305, 0.21842698752880096], [14.000000953674316, 7.000000476837158], 12.0]",,,,,,25.568304538726807,3.31123685836792
lfw_x_fing,7,0.01,face_S>li_V>ri_V,3,S1-Marcialis,rule,boot,300,True,0.007096032691980249,0.008333333333333333,0.006514274362903683,0.008333333333333333,1.1595238095238096,2.3528208184346444,"[[0.5276017189025879, 0.04580334201455116], [45.000003814697266, 4.0], 18.0]",,,,,,25.568304538726807,3.31123685836792
lfw_x_fing,7,0.01,face_S>li_V>ri_V,3,S2-Symmetric,rule,boot,300,True,0.007096032691980249,0.008333333333333333,0.006514274362903683,0.008333333333333333,1.1595238095238096,2.3528208184346444,"[[0.5276017189025879, 0.04580334201455116], [45.000003814697266, 4.0], 18.0]",,,,,,25.568304538726807,3.31123685836792
lfw_x_fing,7,0.01,face_S>li_V>ri_V,3,S3-SPRT,rule,boot,300,True,0.0092754980418866,0.0011904761904761906,0.010190703218116806,0.002380952380952381,1.0238095238095237,1.1990791191327543,"[[4.437378051540802, -4.709390288863942], [4.437378051540802, -4.709390288863942], -7.467023712462849]",,,,,,25.568304538726807,3.31123685836792
lfw_x_fing,7,0.01,face_S>li_V>ri_V,3,S4-Direct,rule,boot,300,True,0.008309211646517963,0.0,0.007514614904364606,0.0011904761904761906,1.0380952380952382,2.295038027129803,"[[0.4354812204837799, -0.06007595360279083], [21.000001907348633, 7.000000476837158], 18.0]",,,,,,25.568304538726807,3.31123685836792
lfw_x_fing,7,0.01,face_S>ri_V>li_V,3,LR-P1-N2,GP,boot,300,True,0.009360633407117316,0.0011904761904761906,0.010681650490947273,0.0011904761904761906,1.0119047619047619,2.229760485839151,"[[0.2997173070907593, 0.04602618142962456], [23.000001907348633, 4.000000476837158], 25.0]",,,,,,25.568304538726807,3.31123685836792
lfw_x_fing,7,0.01,face_S>ri_V>li_V,3,HYP,GP,boot,300,True,0.009204551904194336,0.0035714285714285713,0.00988563482604007,0.0035714285714285713,1.005952380952381,1.0959475566150179,"[[0.31452131271362305, 0.20842672884464264], [14.000000953674316, 9.000000953674316], 11.0]",,,,,,25.568304538726807,3.31123685836792
lfw_x_fing,7,0.01,face_S>ri_V>li_V,3,S1-Marcialis,rule,boot,300,True,0.006941370111811113,0.005952380952380952,0.006744139849026619,0.008333333333333333,1.1404761904761904,2.3423392360519895,"[[0.5276017189025879, 0.04580334201455116], [42.000003814697266, 4.0], 18.0]",,,,,,25.568304538726807,3.31123685836792
lfw_x_fing,7,0.01,face_S>ri_V>li_V,3,S2-Symmetric,rule,boot,300,True,0.006480220216811397,0.005952380952380952,0.00626596288098076,0.008333333333333333,1.1404761904761904,2.2488308076508314,"[[0.5276017189025879, 0.04580334201455116], [42.000003814697266, 5.0], 18.0]",,,,,,25.568304538726807,3.31123685836792
lfw_x_fing,7,0.01,face_S>ri_V>li_V,3,S3-SPRT,rule,boot,300,True,0.009298200805948124,0.0011904761904761906,0.010128270616947613,0.0035714285714285713,1.0202380952380952,1.1955757988535105,"[[4.437378051540802, -4.709390288863942], [4.437378051540802, -4.709390288863942], -7.670304052855517]",,,,,,25.568304538726807,3.31123685836792
lfw_x_fing,7,0.01,face_S>ri_V>li_V,3,S4-Direct,rule,boot,300,True,0.007372722628980078,0.0,0.006744139849026619,0.0011904761904761906,1.0642857142857143,2.3954750553379873,"[[0.49287480115890503, -0.06007595360279083], [21.000001907348633, 6.000000476837158], 19.0]",,,,,,25.568304538726807,3.31123685836792
lfw_x_fing,7,0.01,li_V>face_S>ri_V,3,LR-P1-N2,GP,boot,300,True,0.00789488620239514,0.0035714285714285713,0.008239684431579545,0.004761904761904762,1.1654761904761906,2.411784153470685,"[[20.000001907348633, 4.000000476837158], [0.32479602098464966, 0.04602618142962456], 22.000001907348633]",,,,,,25.568304538726807,3.31123685836792
lfw_x_fing,7,0.01,li_V>face_S>ri_V,3,HYP,GP,boot,300,False,,,,,,,,,,,,,25.568304538726807,3.31123685836792
lfw_x_fing,7,0.01,li_V>face_S>ri_V,3,S1-Marcialis,rule,boot,300,True,0.007096032691980249,0.008333333333333333,0.006514274362903683,0.008333333333333333,1.4404761904761905,2.61845025256825,"[[45.000003814697266, 4.0], [0.5276017189025879, 0.04580334201455116], 18.0]",,,,,,25.568304538726807,3.31123685836792
lfw_x_fing,7,0.01,li_V>face_S>ri_V,3,S2-Symmetric,rule,boot,300,True,0.007096032691980249,0.008333333333333333,0.006514274362903683,0.008333333333333333,1.4404761904761905,2.61845025256825,"[[45.000003814697266, 4.0], [0.5276017189025879, 0.04580334201455116], 18.0]",,,,,,25.568304538726807,3.31123685836792
lfw_x_fing,7,0.01,li_V>face_S>ri_V,3,S3-SPRT,rule,boot,300,True,0.007999886486179693,0.0,0.00872211816788694,0.0011904761904761906,1.2654761904761904,2.0084752256087177,"[[5.348171622460813, -3.5486396718702387], [5.348171622460813, -3.5486396718702387], -Infinity]",,,,,,25.568304538726807,3.31123685836792
lfw_x_fing,7,0.01,li_V>face_S>ri_V,3,S4-Direct,rule,boot,300,True,0.007656507179749135,0.0035714285714285713,0.007919007889210511,0.0035714285714285713,1.3916666666666666,2.2736264827742776,"[[45.000003814697266, 4.000000476837158], [0.3258577287197113, 0.08596503734588623], 18.0]",,,,,,25.568304538726807,3.31123685836792
lfw_x_fing,7,0.01,li_V>ri_V>face_S,3,LR-P1-N2,GP,boot,300,True,0.008234008740564163,0.004761904761904762,0.00806657585561042,0.007142857142857143,1.186904761904762,2.5193895794312957,"[[18.000001907348633, 4.000000476837158], [28.000001907348633, 4.000000476837158], 0.36409586668014526]",,,,,,25.568304538726807,3.31123685836792
lfw_x_fing,7,0.01,li_V>ri_V>face_S,3,HYP,GP,boot,300,False,,,,,,,,,,,,,25.568304538726807,3.31123685836792
lfw_x_fing,7,0.01,li_V>ri_V>face_S,3,S1-Marcialis,rule,boot,300,True,0.009381917248424996,0.0,0.010871786139962541,0.0011904761904761906,1.5702380952380952,2.861283273738578,"[[45.000003814697266, 4.0], [42.000003814697266, 4.0], 0.2905520498752594]",,,,,,25.568304538726807,3.31123685836792
lfw_x_fing,7,0.01,li_V>ri_V>face_S,3,S2-Symmetric,rule,boot,300,True,0.009381917248424996,0.0,0.010871786139962541,0.0011904761904761906,1.5702380952380952,2.861283273738578,"[[45.000003814697266, 4.0], [42.000003814697266, 4.0], 0.2905520498752594]",,,,,,25.568304538726807,3.31123685836792
lfw_x_fing,7,0.01,li_V>ri_V>face_S,3,S3-SPRT,rule,boot,300,True,0.008636982802656224,0.02023809523809524,0.00773596685396447,0.023809523809523808,1.3392857142857142,2.054052443384982,"[[5.348171622460813, -3.5486396718702387], [5.348171622460813, -3.5486396718702387], -6.291458359874477]",,,,,,25.568304538726807,3.31123685836792
lfw_x_fing,7,0.01,li_V>ri_V>face_S,3,S4-Direct,rule,boot,300,True,0.009011578409671378,0.0035714285714285713,0.009045632555763664,0.004761904761904762,1.2202380952380953,2.6250595947556614,"[[18.000001907348633, 4.000000476837158], [42.000003814697266, 3.000000238418579], 0.3400783836841583]",,,,,,25.568304538726807,3.31123685836792
lfw_x_fing,7,0.01,ri_V>face_S>li_V,3,LR-P1-N2,GP,boot,300,True,0.008282252114194904,0.0011904761904761906,0.008224076281287247,0.008333333333333333,1.0964285714285715,2.3553947443101197,"[[20.000001907348633, 4.000000476837158], [0.322063684463501, 0.04602618142962456], 22.000001907348633]",,,,,,25.568304538726807,3.31123685836792
lfw_x_fing,7,0.01,ri_V>face_S>li_V,3,HYP,GP,boot,300,True,0.008058062319087348,0.02738095238095238,0.007378398319995459,0.05119047619047619,1.05,1.1575756285827798,"[[19.000001907348633, 9.000000953674316], [0.30520251393318176, 0.22966237366199493], 10.000000953674316]",,,,,,25.568304538726807,3.31123685836792
lfw_x_fing,7,0.01,ri_V>face_S>li_V,3,S1-Marcialis,rule,boot,300,True,0.006941370111811113,0.005952380952380952,0.0067427209262727736,0.008333333333333333,1.3047619047619048,2.593278562915035,"[[42.000003814697266, 4.0], [0.5276017189025879, 0.04580334201455116], 18.0]",,,,,,25.568304538726807,3.31123685836792
lfw_x_fing,7,0.01,ri_V>face_S>li_V,3,S2-Symmetric,rule,boot,300,True,0.006941370111811113,0.005952380952380952,0.0067427209262727736,0.008333333333333333,1.3047619047619048,2.593278562915035,"[[42.000003814697266, 4.0], [0.5276017189025879, 0.04580334201455116], 18.0]",,,,,,25.568304538726807,3.31123685836792
lfw_x_fing,7,0.01,ri_V>face_S>li_V,3,S3-SPRT,rule,boot,300,True,0.009144957148532834,0.0,0.009577728588455644,0.002380952380952381,1.1714285714285715,2.009380498325671,"[[5.135545813323589, -4.055151958985673], [5.135545813323589, -4.055151958985673], -7.568180737556297]",,,,,,25.568304538726807,3.31123685836792
lfw_x_fing,7,0.01,ri_V>face_S>li_V,3,S4-Direct,rule,boot,300,True,0.008334752256087178,0.0,0.008696577558317726,0.0011904761904761906,1.2785714285714285,2.4269950053919063,"[[42.000003814697266, 3.000000238418579], [0.3258577287197113, 0.08596503734588623], 18.0]",,,,,,25.568304538726807,3.31123685836792
lfw_x_fing,7,0.01,ri_V>li_V>face_S,3,LR-P1-N2,GP,boot,300,True,0.008432657926102503,0.002380952380952381,0.007775696691072138,0.009523809523809525,1.1333333333333333,2.487123276008854,"[[18.000001907348633, 4.000000476837158], [28.000001907348633, 4.000000476837158], 0.3656758964061737]",,,,,,25.568304538726807,3.31123685836792
lfw_x_fing,7,0.01,ri_V>li_V>face_S,3,HYP,GP,boot,300,True,0.008678131562517736,0.039285714285714285,0.007672115330041433,0.05714285714285714,1.0535714285714286,1.1105993529712241,"[[19.000001907348633, 11.000000953674316], [16.000001907348633, 6.000000476837158], 0.28708675503730774]",,,,,,25.568304538726807,3.31123685836792
lfw_x_fing,7,0.01,ri_V>li_V>face_S,3,S1-Marcialis,rule,boot,300,True,0.009381917248424996,0.0,0.010871786139962541,0.0011904761904761906,1.4535714285714285,2.8465931664680175,"[[42.000003814697266, 4.0], [45.000003814697266, 4.0], 0.2905520498752594]",,,,,,25.568304538726807,3.31123685836792
lfw_x_fing,7,0.01,ri_V>li_V>face_S,3,S2-Symmetric,rule,boot,300,True,0.009381917248424996,0.0,0.010871786139962541,0.0011904761904761906,1.4535714285714285,2.8465931664680175,"[[42.000003814697266, 4.0], [45.000003814697266, 4.0], 0.2905520498752594]",,,,,,25.568304538726807,3.31123685836792
lfw_x_fing,7,0.01,ri_V>li_V>face_S,3,S3-SPRT,rule,boot,300,True,0.008585901583517793,0.016666666666666666,0.007777115613825983,0.02261904761904762,1.2333333333333334,2.0728687780237243,"[[5.135545813323589, -4.055151958985673], [5.135545813323589, -4.055151958985673], -6.23332137623572]",,,,,,25.568304538726807,3.31123685836792
lfw_x_fing,7,0.01,ri_V>li_V>face_S,3,S4-Direct,rule,boot,300,True,0.009268403428117373,0.0011904761904761906,0.010058743402009195,0.002380952380952381,1.1821428571428572,2.7358873942902546,"[[21.000001907348633, 3.000000238418579], [45.000003814697266, 4.000000476837158], 0.298804372549057]",,,,,,25.568304538726807,3.31123685836792
lfw_x_fing,7,0.01,parallel,3,P0-Parallel,parallel,boot,300,True,0.008607185424825473,0.004761904761904762,0.007846642828764402,0.007142857142857143,1.0,1.0,[5.503693580627441],,,,,,25.568304538726807,3.31123685836792
lfw_x_fing,7,0.01,parallel,3,P1-LLR,parallel,boot,300,True,0.008805834610363812,0.0,0.008476644531471707,0.0011904761904761906,1.0,1.0,[-5.875058712062245],,,,,,25.568304538726807,3.31123685836792
lfw_x_fing,7,0.01,parallel,3,P2-LogReg,parallel,boot,300,True,0.009296781883194279,0.0,0.01030989272943981,0.0011904761904761906,1.0,1.0,[-7.29664455187487],,,,,,25.568304538726807,3.31123685836792
lfw_x_fing,7,0.001,face_S,1,LR-P1-N2,GP,boot,300,True,0.0008825699528917646,0.010714285714285714,0.0010329757647993642,0.015476190476190477,1.0,1.0,[0.36201193928718567],,,,,,25.568304538726807,3.31123685836792
lfw_x_fing,7,0.001,face_S,1,HYP,GP,boot,300,True,0.0008825699528917646,0.010714285714285714,0.0010329757647993642,0.015476190476190477,1.0,1.0,[0.36201193928718567],,,,,,25.568304538726807,3.31123685836792
lfw_x_fing,7,0.001,li_V,1,LR-P1-N2,GP,boot,300,True,0.0006796639990918895,0.16785714285714284,0.0006512855440149838,0.20952380952380953,1.0,1.0,[26.0],,,,,,25.568304538726807,3.31123685836792
lfw_x_fing,7,0.001,li_V,1,HYP,GP,boot,300,False,,,,,,,,,,,,,25.568304538726807,3.31123685836792
lfw_x_fing,7,0.001,ri_V,1,LR-P1-N2,GP,boot,300,True,0.0007193938361995573,0.12738095238095237,0.0006597990805380555,0.13690476190476192,1.0,1.0,[26.0],,,,,,25.568304538726807,3.31123685836792
lfw_x_fing,7,0.001,ri_V,1,HYP,GP,boot,300,False,,,,,,,,,,,,,25.568304538726807,3.31123685836792
lfw_x_fing,7,0.001,face_S>li_V,2,LR-P1-N2,GP,boot,300,True,0.0008400022702764061,0.002380952380952381,0.0009237187127532778,0.002380952380952381,1.0154761904761904,1.689674499120268,"[[0.36968713998794556, 0.04602618142962456], 29.0]",,,,,,25.568304538726807,3.31123685836792
lfw_x_fing,7,0.001,face_S>li_V,2,HYP,GP,boot,300,True,0.0008768942618763834,0.005952380952380952,0.0010429082240762813,0.011904761904761904,1.0035714285714286,1.002695953232306,"[[0.3664804697036743, 0.32878366112709045], 13.0]",,,,,,25.568304538726807,3.31123685836792
lfw_x_fing,7,0.001,face_S>li_V,2,S1-Marcialis,rule,boot,300,True,0.0006697315398149725,0.023809523809523808,0.0006158124751688518,0.02261904761904762,1.111904761904762,1.691270787218344,"[[0.5276017189025879, 0.04580334201455116], 25.0]",,,,,,25.568304538726807,3.31123685836792
lfw_x_fing,7,0.001,face_S>li_V,2,S2-Symmetric,rule,boot,300,True,0.0006697315398149725,0.023809523809523808,0.0006158124751688518,0.02261904761904762,1.111904761904762,1.691270787218344,"[[0.5276017189025879, 0.04580334201455116], 25.0]",,,,,,25.568304538726807,3.31123685836792
lfw_x_fing,7,0.001,face_S>li_V,2,S3-SPRT,rule,boot,300,True,0.0008669618025994665,0.0011904761904761906,0.0010116919234916851,0.002380952380952381,1.0333333333333334,1.1839902945683638,"[[6.961143074279503, -4.709390288863942], -0.6015238794585387]",,,,,,25.568304538726807,3.31123685836792
lfw_x_fing,7,0.001,face_S>li_V,2,S4-Direct,rule,boot,300,True,0.0007846642828764402,0.0011904761904761906,0.0008172995062148817,0.0035714285714285713,1.0154761904761904,1.1677422101140813,"[[0.38620641827583313, 0.17551471292972565], 22.0]",,,,,,25.568304538726807,3.31123685836792
lfw_x_fing,7,0.001,face_S>ri_V,2,LR-P1-N2,GP,boot,300,True,0.0008414211930302515,0.0011904761904761906,0.0009421647085532664,0.002380952380952381,1.0154761904761904,1.6896886883478064,"[[0.37008988857269287, 0.04602618142962456], 29.0]",,,,,,25.568304538726807,3.31123685836792
lfw_x_fing,7,0.001,face_S>ri_V,2,HYP,GP,boot,300,True,0.0008513536523071684,0.004761904761904762,0.000980475622907089,0.009523809523809525,1.005952380952381,1.0047164992337818,"[[0.3664804697036743, 0.3160816431045532], 15.0]",,,,,,25.568304538726807,3.31123685836792
lfw_x_fing,7,0.001,face_S>ri_V,2,S1-Marcialis,rule,boot,300,True,0.0006711504625688178,0.015476190476190477,0.0006597990805380555,0.016666666666666666,1.111904761904762,1.691270787218344,"[[0.5276017189025879, 0.04580334201455116], 25.0]",,,,,,25.568304538726807,3.31123685836792
lfw_x_fing,7,0.001,face_S>ri_V,2,S2-Symmetric,rule,boot,300,True,0.0006711504625688178,0.015476190476190477,0.0006597990805380555,0.016666666666666666,1.111904761904762,1.691270787218344,"[[0.5276017189025879, 0.04580334201455116], 25.0]",,,,,,25.568304538726807,3.31123685836792
lfw_x_fing,7,0.001,face_S>ri_V,2,S3-SPRT,rule,boot,300,True,0.0008740564163686929,0.0011904761904761906,0.0009435836313071116,0.0035714285714285713,1.0333333333333334,1.1839902945683638,"[[6.961143074279503, -4.709390288863942], -0.8578684570833155]",,,,,,25.568304538726807,3.31123685836792
lfw_x_fing,7,0.001,face_S>ri_V,2,S4-Direct,rule,boot,300,True,0.0007193938361995573,0.0,0.000692434303876497,0.007142857142857143,1.0297619047619047,1.9550598785402122,"[[0.43130654096603394, -0.06007595360279083], 26.0]",,,,,,25.568304538726807,3.31123685836792
lfw_x_fing,7,0.001,li_V>face_S,2,LR-P1-N2,GP,boot,300,True,0.0007676372098302969,0.004761904761904762,0.0008541914978148589,0.005952380952380952,1.2452380952380953,1.8405286906180827,"[[29.000001907348633, 4.000000476837158], 0.3682501018047333]",,,,,,25.568304538726807,3.31123685836792
lfw_x_fing,7,0.001,li_V>face_S,2,HYP,GP,boot,300,False,,,,,,,,,,,,,25.568304538726807,3.31123685836792
lfw_x_fing,7,0.001,li_V>face_S,2,S1-Marcialis,rule,boot,300,True,0.000889664566660991,0.002380952380952381,0.001041489301322436,0.004761904761904762,1.3928571428571428,1.9569002213519495,"[[45.000003814697266, 4.0], 0.3605358898639679]",,,,,,25.568304538726807,3.31123685836792
lfw_x_fing,7,0.001,li_V>face_S,2,S2-Symmetric,rule,boot,300,True,0.000889664566660991,0.002380952380952381,0.001041489301322436,0.004761904761904762,1.3928571428571428,1.9569002213519495,"[[45.000003814697266, 4.0], 0.3605358898639679]",,,,,,25.568304538726807,3.31123685836792
lfw_x_fing,7,0.001,li_V>face_S,2,S3-SPRT,rule,boot,300,True,0.0008584482660763948,0.0,0.0009818945456609343,0.0011904761904761906,1.3142857142857143,1.9999843918497078,"[[7.591778480950572, -3.5486396718702387], -0.45472296336427154]",,,,,,25.568304538726807,3.31123685836792
lfw_x_fing,7,0.001,li_V>face_S,2,S4-Direct,rule,boot,300,True,0.0008768942618763834,0.004761904761904762,0.0010528406833531982,0.005952380952380952,1.3571428571428572,1.8406847721210058,"[[40.000003814697266, 4.000000476837158], 0.35785746574401855]",,,,,,25.568304538726807,3.31123685836792
lfw_x_fing,7,0.001,li_V>ri_V,2,LR-P1-N2,GP,boot,300,True,0.0006910153811226517,0.06428571428571428,0.0006512855440149838,0.07261904761904762,1.2202380952380953,1.8403740280379137,"[[27.000001907348633, 4.000000476837158], 28.0]",,,,,,25.568304538726807,3.31123685836792
lfw_x_fing,7,0.001,li_V>ri_V,2,HYP,GP,boot,300,False,,,,,,,,,,,,,25.568304538726807,3.31123685836792
lfw_x_fing,7,0.001,li_V>ri_V,2,S1-Marcialis,rule,boot,300,True,0.000717974913445712,0.08333333333333333,0.0006541233895226744,0.1,1.3928571428571428,1.9569002213519495,"[[45.000003814697266, 4.0], 26.0]",,,,,,25.568304538726807,3.31123685836792
lfw_x_fing,7,0.001,li_V>ri_V,2,S2-Symmetric,rule,boot,300,True,0.000717974913445712,0.08333333333333333,0.0006541233895226744,0.1,1.3928571428571428,1.9569002213519495,"[[45.000003814697266, 4.0], 26.0]",,,,,,25.568304538726807,3.31123685836792
lfw_x_fing,7,0.001,li_V>ri_V,2,S3-SPRT,rule,boot,300,True,0.0007775696691072138,0.055952380952380955,0.0007875021283841307,0.07023809523809524,1.3142857142857143,1.9999843918497078,"[[7.591778480950572, -3.5486396718702387], 2.456499375417008]",,,,,,25.568304538726807,3.31123685836792
lfw_x_fing,7,0.001,li_V>ri_V,2,S4-Direct,rule,boot,300,True,0.000727907372722629,0.06547619047619048,0.0006895964583688065,0.07261904761904762,1.213095238095238,1.8402406492990522,"[[26.000001907348633, 4.000000476837158], 29.0]",,,,,,25.568304538726807,3.31123685836792
lfw_x_fing,7,0.001,ri_V>face_S,2,LR-P1-N2,GP,boot,300,True,0.0007718939780918326,0.0011904761904761906,0.0008527725750610137,0.009523809523809525,1.1571428571428573,1.8078622509790567,"[[29.000001907348633, 4.000000476837158], 0.36821362376213074]",,,,,,25.568304538726807,3.31123685836792
lfw_x_fing,7,0.001,ri_V>face_S,2,HYP,GP,boot,300,False,,,,,,,,,,,,,25.568304538726807,3.31123685836792
lfw_x_fing,7,0.001,ri_V>face_S,2,S1-Marcialis,rule,boot,300,True,0.000879732107384074,0.0,0.0010372325330609002,0.002380952380952381,1.276190476190476,1.9422101140813894,"[[42.000003814697266, 4.0], 0.36016228795051575]",,,,,,25.568304538726807,3.31123685836792
lfw_x_fing,7,0.001,ri_V>face_S,2,S2-Symmetric,rule,boot,300,True,0.000879732107384074,0.0,0.0010372325330609002,0.002380952380952381,1.276190476190476,1.9422101140813894,"[[42.000003814697266, 4.0], 0.36016228795051575]",,,,,,25.568304538726807,3.31123685836792
lfw_x_fing,7,0.001,ri_V>face_S,2,S3-SPRT,rule,boot,300,True,0.0008655428798456212,0.0,0.0009322322492763494,0.0035714285714285713,1.225,1.9999858107724615,"[[7.293864382284608, -4.055151958985673], -0.7091475696179965]",,,,,,25.568304538726807,3.31123685836792
lfw_x_fing,7,0.001,ri_V>face_S,2,S4-Direct,rule,boot,300,True,0.000879732107384074,0.0,0.0010372325330609002,0.002380952380952381,1.276190476190476,1.9422101140813894,"[[42.000003814697266, 3.000000238418579], 0.36016228795051575]",,,,,,25.568304538726807,3.31123685836792
lfw_x_fing,7,0.001,ri_V>li_V,2,LR-P1-N2,GP,boot,300,True,0.0006768261535841989,0.0630952380952381,0.0006413530847380668,0.07261904761904762,1.1416666666666666,1.8076877234803337,"[[27.000001907348633, 4.000000476837158], 28.0]",,,,,,25.568304538726807,3.31123685836792
lfw_x_fing,7,0.001,ri_V>li_V,2,HYP,GP,boot,300,False,,,,,,,,,,,,,25.568304538726807,3.31123685836792
lfw_x_fing,7,0.001,ri_V>li_V,2,S1-Marcialis,rule,boot,300,True,0.000672569385322663,0.08333333333333333,0.0006413530847380668,0.11071428571428571,1.276190476190476,1.9422101140813894,"[[42.000003814697266, 4.0], 26.0]",,,,,,25.568304538726807,3.31123685836792
lfw_x_fing,7,0.001,ri_V>li_V,2,S2-Symmetric,rule,boot,300,True,0.0006441909302457574,0.08333333333333333,0.0005959475566150178,0.1130952380952381,1.269047619047619,1.8080410352460412,"[[42.000003814697266, 5.0], 26.0]",,,,,,25.568304538726807,3.31123685836792
lfw_x_fing,7,0.001,ri_V>li_V,2,S3-SPRT,rule,boot,300,True,0.0007775696691072138,0.05357142857142857,0.0007718939780918326,0.06904761904761905,1.1416666666666666,1.9995062148816618,"[[3.8398744930763287, -4.055151958985673], 3.3848632434688084]",,,,,,25.568304538726807,3.31123685836792
lfw_x_fing,7,0.001,ri_V>li_V,2,S4-Direct,rule,boot,300,True,0.0007491912140303082,0.060714285714285714,0.0007193938361995573,0.07142857142857142,1.1416666666666666,1.9417177478858052,"[[26.000001907348633, 3.000000238418579], 29.0]",,,,,,25.568304538726807,3.31123685836792
lfw_x_fing,7,0.001,face_S>li_V>ri_V,3,LR-P1-N2,GP,boot,300,True,0.0008669618025994665,0.0011904761904761906,0.0009833134684147796,0.0011904761904761906,1.0178571428571428,2.2694278903456495,"[[0.3667641282081604, 0.04602618142962456], [30.000001907348633, 4.000000476837158], 33.0]",,,,,,25.568304538726807,3.31123685836792
lfw_x_fing,7,0.001,face_S>li_V>ri_V,3,HYP,GP,boot,300,True,0.0008641239570917759,0.004761904761904762,0.001000340541460923,0.009523809523809525,1.0071428571428571,1.0063142062546115,"[[0.3664804697036743, 0.31210857629776], [16.000001907348633, 9.000000953674316], 13.0]",,,,,,25.568304538726807,3.31123685836792
lfw_x_fing,7,0.001,face_S>li_V>ri_V,3,S1-Marcialis,rule,boot,300,True,0.0006683126170611272,0.011904761904761904,0.0006541233895226744,0.011904761904761904,1.1595238095238096,2.3528208184346444,"[[0.5276017189025879, 0.04580334201455116], [45.000003814697266, 4.0], 25.0]",,,,,,25.568304538726807,3.31123685836792
lfw_x_fing,7,0.001,face_S>li_V>ri_V,3,S2-Symmetric,rule,boot,300,True,0.0006683126170611272,0.011904761904761904,0.0006541233895226744,0.011904761904761904,1.1595238095238096,2.3528208184346444,"[[0.5276017189025879, 0.04580334201455116], [45.000003814697266, 4.0], 25.0]",,,,,,25.568304538726807,3.31123685836792
lfw_x_fing,7,0.001,face_S>li_V>ri_V,3,S3-SPRT,rule,boot,300,True,0.0008556104205687042,0.0011904761904761906,0.0008967591804302173,0.002380952380952381,1.0392857142857144,1.1993274306146773,"[[6.961143074279503, -4.709390288863942], [6.961143074279503, -4.709390288863942], -3.0725521136015947]",,,,,,25.568304538726807,3.31123685836792
lfw_x_fing,7,0.001,face_S>li_V>ri_V,3,S4-Direct,rule,boot,300,True,0.0008059481241841194,0.0,0.000773312900845678,0.002380952380952381,1.0392857142857144,2.2971806004881095,"[[0.43682125210762024, -0.06007595360279083], [27.000001907348633, 7.000000476837158], 26.0]",,,,,,25.568304538726807,3.31123685836792
lfw_x_fing,7,0.001,face_S>ri_V>li_V,3,LR-P1-N2,GP,boot,300,True,0.0008754753391225381,0.0011904761904761906,0.001006016232476304,0.0011904761904761906,1.0178571428571428,2.2457418128157105,"[[0.36772486567497253, 0.04602618142962456], [30.000001907348633, 4.000000476837158], 31.0]",,,,,,25.568304538726807,3.31123685836792
lfw_x_fing,7,0.001,face_S>ri_V>li_V,3,HYP,GP,boot,300,True,0.0008783131846302288,0.004761904761904762,0.001006016232476304,0.009523809523809525,1.005952380952381,1.007307452182303,"[[0.3664804697036743, 0.30538249015808105], [17.000001907348633, 11.000000953674316], 11.0]",,,,,,25.568304538726807,3.31123685836792
lfw_x_fing,7,0.001,face_S>ri_V>li_V,3,S1-Marcialis,rule,boot,300,True,0.0006612180032919008,0.011904761904761904,0.0006072989386457802,0.010714285714285714,1.1404761904761904,2.3423392360519895,"[[0.5276017189025879, 0.04580334201455116], [42.000003814697266, 4.0], 25.0]",,,,,,25.568304538726807,3.31123685836792
lfw_x_fing,7,0.001,face_S>ri_V>li_V,3,S2-Symmetric,rule,boot,300,True,0.0006257449344457687,0.011904761904761904,0.0005647312560304218,0.010714285714285714,1.1404761904761904,2.2488308076508314,"[[0.5276017189025879, 0.04580334201455116], [42.000003814697266, 5.0], 25.0]",,,,,,25.568304538726807,3.31123685836792
lfw_x_fing,7,0.001,face_S>ri_V>li_V,3,S3-SPRT,rule,boot,300,True,0.0008612861115840853,0.0011904761904761906,0.0009379079402917305,0.0035714285714285713,1.036904761904762,1.1958255292581872,"[[6.961143074279503, -4.709390288863942], [6.961143074279503, -4.709390288863942], -3.1180629801291313]",,,,,,25.568304538726807,3.31123685836792
lfw_x_fing,7,0.001,face_S>ri_V>li_V,3,S4-Direct,rule,boot,300,True,0.000727907372722629,0.0,0.000692434303876497,0.002380952380952381,1.042857142857143,2.3976034394687553,"[[0.4540325105190277, -0.06007595360279083], [28.000001907348633, 6.000000476837158], 26.0]",,,,,,25.568304538726807,3.31123685836792
lfw_x_fing,7,0.001,li_V>face_S>ri_V,3,LR-P1-N2,GP,boot,300,True,0.0007577047505533799,0.0035714285714285713,0.0007875021283841307,0.004761904761904762,1.236904761904762,2.420526136557126,"[[28.000001907348633, 4.000000476837158], [0.3808147609233856, 0.04602618142962456], 29.000001907348633]",,,,,,25.568304538726807,3.31123685836792
lfw_x_fing,7,0.001,li_V>face_S>ri_V,3,HYP,GP,boot,300,False,,,,,,,,,,,,,25.568304538726807,3.31123685836792
lfw_x_fing,7,0.001,li_V>face_S>ri_V,3,S1-Marcialis,rule,boot,300,True,0.0006683126170611272,0.011904761904761904,0.0006541233895226744,0.011904761904761904,1.4404761904761905,2.61845025256825,"[[45.000003814697266, 4.0], [0.5276017189025879, 0.04580334201455116], 25.0]",,,,,,25.568304538726807,3.31123685836792
lfw_x_fing,7,0.001,li_V>face_S>ri_V,3,S2-Symmetric,rule,boot,300,True,0.0006683126170611272,0.011904761904761904,0.0006541233895226744,0.011904761904761904,1.4404761904761905,2.61845025256825,"[[45.000003814697266, 4.0], [0.5276017189025879, 0.04580334201455116], 25.0]",,,,,,25.568304538726807,3.31123685836792
lfw_x_fing,7,0.001,li_V>face_S>ri_V,3,S3-SPRT,rule,boot,300,True,0.0008329076565071797,0.0,0.0009109484079686702,0.0011904761904761906,1.325,2.008683807253533,"[[7.591778480950572, -3.5486396718702387], [7.591778480950572, -3.5486396718702387], -2.803096906617148]",,,,,,25.568304538726807,3.31123685836792
lfw_x_fing,7,0.001,li_V>face_S>ri_V,3,S4-Direct,rule,boot,300,True,0.0007491912140303082,0.0035714285714285713,0.0008059481241841194,0.005952380952380952,1.3952380952380952,2.276643112548953,"[[45.000003814697266, 4.000000476837158], [0.3874870836734772, 0.08596503734588623], 25.0]",,,,,,25.568304538726807,3.31123685836792
lfw_x_fing,7,0.001,li_V>ri_V>face_S,3,LR-P1-N2,GP,boot,300,True,0.0008201373517225723,0.004761904761904762,0.000824394119984108,0.010714285714285714,1.2916666666666667,2.5320307622453035,"[[25.000001907348633, 4.000000476837158], [33.000003814697266, 4.000000476837158], 0.405503511428833]",,,,,,25.568304538726807,3.31123685836792
lfw_x_fing,7,0.001,li_V>ri_V>face_S,3,HYP,GP,boot,300,False,,,,,,,,,,,,,25.568304538726807,3.31123685836792
lfw_x_fing,7,0.001,li_V>ri_V>face_S,3,S1-Marcialis,rule,boot,300,True,0.0008825699528917646,0.0,0.001041489301322436,0.0011904761904761906,1.5702380952380952,2.861283273738578,"[[45.000003814697266, 4.0], [42.000003814697266, 4.0], 0.35921916365623474]",,,,,,25.568304538726807,3.31123685836792
lfw_x_fing,7,0.001,li_V>ri_V>face_S,3,S2-Symmetric,rule,boot,300,True,0.0008825699528917646,0.0,0.001041489301322436,0.0011904761904761906,1.5702380952380952,2.861283273738578,"[[45.000003814697266, 4.0], [42.000003814697266, 4.0], 0.35921916365623474]",,,,,,25.568304538726807,3.31123685836792
lfw_x_fing,7,0.001,li_V>ri_V>face_S,3,S3-SPRT,rule,boot,300,True,0.0007960156649072025,0.02023809523809524,0.0007761507463533685,0.023809523809523808,1.4107142857142858,2.0542979170213975,"[[7.591778480950572, -3.5486396718702387], [7.591778480950572, -3.5486396718702387], -2.598040262922319]",,,,,,25.568304538726807,3.31123685836792
lfw_x_fing,7,0.001,li_V>ri_V>face_S,3,S4-Direct,rule,boot,300,True,0.0008811510301379193,0.0035714285714285713,0.001025881151030138,0.004761904761904762,1.5642857142857143,2.639231795221068,"[[45.000003814697266, 4.000000476837158], [42.000003814697266, 3.000000238418579], 0.3566236197948456]",,,,,,25.568304538726807,3.31123685836792
lfw_x_fing,7,0.001,ri_V>face_S>li_V,3,LR-P1-N2,GP,boot,300,True,0.0008229751972302628,0.0011904761904761906,0.0008655428798456212,0.008333333333333333,1.15,2.364040240649299,"[[28.000001907348633, 4.000000476837158], [0.3786720633506775, 0.04602618142962456], 29.0]",,,,,,25.568304538726807,3.31123685836792
lfw_x_fing,7,0.001,ri_V>face_S>li_V,3,HYP,GP,boot,300,False,,,,,,,,,,,,,25.568304538726807,3.31123685836792
lfw_x_fing,7,0.001,ri_V>face_S>li_V,3,S1-Marcialis,rule,boot,300,True,0.0006612180032919008,0.011904761904761904,0.0006058800158919348,0.010714285714285714,1.3047619047619048,2.593278562915035,"[[42.000003814697266, 4.0], [0.5276017189025879, 0.04580334201455116], 25.0]",,,,,,25.568304538726807,3.31123685836792
lfw_x_fing,7,0.001,ri_V>face_S>li_V,3,S2-Symmetric,rule,boot,300,True,0.0006612180032919008,0.011904761904761904,0.0006058800158919348,0.010714285714285714,1.3047619047619048,2.593278562915035,"[[42.000003814697266, 4.0], [0.5276017189025879, 0.04580334201455116], 25.0]",,,,,,25.568304538726807,3.31123685836792
lfw_x_fing,7,0.001,ri_V>face_S>li_V,3,S3-SPRT,rule,boot,300,True,0.0008116238151995005,0.0,0.0008712185708610023,0.002380952380952381,1.2333333333333334,2.0096359044213634,"[[7.293864382284608, -4.055151958985673], [7.293864382284608, -4.055151958985673], -2.636252448046661]",,,,,,25.568304538726807,3.31123685836792
lfw_x_fing,7,0.001,ri_V>face_S>li_V,3,S4-Direct,rule,boot,300,True,0.0008016913559225836,0.0,0.0008144616607071912,0.0011904761904761906,1.2797619047619047,2.430336568477212,"[[42.000003814697266, 3.000000238418579], [0.3874870836734772, 0.08596503734588623], 25.0]",,,,,,25.568304538726807,3.31123685836792
lfw_x_fing,7,0.001,ri_V>li_V>face_S,3,LR-P1-N2,GP,boot,300,True,0.0008130427379533458,0.002380952380952381,0.0007818264373687496,0.010714285714285714,1.2107142857142856,2.4993543901470003,"[[25.000001907348633, 4.000000476837158], [33.000003814697266, 4.000000476837158], 0.41448137164115906]",,,,,,25.568304538726807,3.31123685836792
lfw_x_fing,7,0.001,ri_V>li_V>face_S,3,HYP,GP,boot,300,False,,,,,,,,,,,,,25.568304538726807,3.31123685836792
lfw_x_fing,7,0.001,ri_V>li_V>face_S,3,S1-Marcialis,rule,boot,300,True,0.0008825699528917646,0.0,0.001041489301322436,0.0011904761904761906,1.4535714285714285,2.8465931664680175,"[[42.000003814697266, 4.0], [45.000003814697266, 4.0], 0.35921916365623474]",,,,,,25.568304538726807,3.31123685836792
lfw_x_fing,7,0.001,ri_V>li_V>face_S,3,S2-Symmetric,rule,boot,300,True,0.0008825699528917646,0.0,0.001041489301322436,0.0011904761904761906,1.4535714285714285,2.8465931664680175,"[[42.000003814697266, 4.0], [45.000003814697266, 4.0], 0.35921916365623474]",,,,,,25.568304538726807,3.31123685836792
lfw_x_fing,7,0.001,ri_V>li_V>face_S,3,S3-SPRT,rule,boot,300,True,0.000798853510414893,0.016666666666666666,0.0008073670469379647,0.02261904761904762,1.319047619047619,2.0731781031840626,"[[7.293864382284608, -4.055151958985673], [7.293864382284608, -4.055151958985673], -2.560368603653881]",,,,,,25.568304538726807,3.31123685836792
lfw_x_fing,7,0.001,ri_V>li_V>face_S,3,S4-Direct,rule,boot,300,True,0.0008258130427379534,0.0011904761904761906,0.0008116238151995005,0.004761904761904762,1.2357142857142858,2.7394758499347294,"[[25.000001907348633, 3.000000238418579], [45.000003814697266, 4.000000476837158], 0.40641719102859497]",,,,,,25.568304538726807,3.31123685836792
lfw_x_fing,7,0.001,parallel,3,P0-Parallel,parallel,boot,300,True,0.000783245360122595,0.016666666666666666,0.0007577047505533799,0.017857142857142856,1.0,1.0,[8.538712501525879],,,,,,25.568304538726807,3.31123685836792
lfw_x_fing,7,0.001,parallel,3,P1-LLR,parallel,boot,300,True,0.0008116238151995005,0.0,0.0009095294852148249,0.0011904761904761906,1.0,1.0,[-2.2889429558646253],,,,,,25.568304538726807,3.31123685836792
lfw_x_fing,7,0.001,parallel,3,P2-LogReg,parallel,boot,300,True,0.0008740564163686929,0.0,0.0010088540779839945,0.0011904761904761906,1.0,1.0,[-3.530999786079679],,,,,,25.568304538726807,3.31123685836792
lfw_x_fing,7,0.0001,face_S,1,LR-P1-N2,GP,boot,300,True,6.952721493841875e-05,0.02738095238095238,0.0001177705885691583,0.025,1.0,1.0,[0.4195955991744995],,,,,,25.568304538726807,3.31123685836792
lfw_x_fing,7,0.0001,face_S,1,HYP,GP,boot,300,False,,,,,,,,,,,,,25.568304538726807,3.31123685836792
lfw_x_fing,7,0.0001,li_V,1,LR-P1-N2,GP,boot,300,True,4.540552812304898e-05,0.2261904761904762,4.39866053692037e-05,0.2785714285714286,1.0,1.0,[33.0],,,,,,25.568304538726807,3.31123685836792
lfw_x_fing,7,0.0001,li_V,1,HYP,GP,boot,300,False,,,,,,,,,,,,,25.568304538726807,3.31123685836792
lfw_x_fing,7,0.0001,ri_V,1,LR-P1-N2,GP,boot,300,True,6.243260116919235e-05,0.16904761904761906,6.385152392303763e-05,0.18333333333333332,1.0,1.0,[33.0],,,,,,25.568304538726807,3.31123685836792
lfw_x_fing,7,0.0001,ri_V,1,HYP,GP,boot,300,False,,,,,,,,,,,,,25.568304538726807,3.31123685836792
lfw_x_fing,7,0.0001,face_S>li_V,2,LR-P1-N2,GP,boot,300,True,6.810829218457347e-05,0.005952380952380952,0.00012628412509222998,0.007142857142857143,1.0214285714285714,1.1317370452352573,"[[0.42132094502449036, 0.18931929767131805], 30.0]",,,,,,25.568304538726807,3.31123685836792
lfw_x_fing,7,0.0001,face_S>li_V,2,HYP,GP,boot,300,False,,,,,,,,,,,,,25.568304538726807,3.31123685836792
lfw_x_fing,7,0.0001,face_S>li_V,2,S1-Marcialis,rule,boot,300,True,4.966229638458482e-05,0.034523809523809526,5.8175832907656505e-05,0.03214285714285714,1.111904761904762,1.691270787218344,"[[0.5276017189025879, 0.04580334201455116], 32.0]",,,,,,25.568304538726807,3.31123685836792
lfw_x_fing,7,0.0001,face_S>li_V,2,S2-Symmetric,rule,boot,300,True,4.966229638458482e-05,0.034523809523809526,5.8175832907656505e-05,0.03214285714285714,1.111904761904762,1.691270787218344,"[[0.5276017189025879, 0.04580334201455116], 32.0]",,,,,,25.568304538726807,3.31123685836792
lfw_x_fing,7,0.0001,face_S>li_V,2,S3-SPRT,rule,boot,300,True,6.527044667688292e-05,0.004761904761904762,8.371644247687156e-05,0.005952380952380952,1.055952380952381,1.1840073216414098,"[[9.400486277775592, -4.709390288863942], 2.932040386320322]",,,,,,25.568304538726807,3.31123685836792
lfw_x_fing,7,0.0001,face_S>li_V,2,S4-Direct,rule,boot,300,True,5.959475566150179e-05,0.005952380952380952,0.0001177705885691583,0.005952380952380952,1.0226190476190475,1.2380441568760996,"[[0.4218170940876007, 0.15336045622825623], 33.0]",,,,,,25.568304538726807,3.31123685836792
lfw_x_fing,7,0.0001,face_S>ri_V,2,LR-P1-N2,GP,boot,300,True,6.385152392303763e-05,0.0011904761904761906,0.00010925705204608661,0.007142857142857143,1.0226190476190475,1.237939156592315,"[[0.42132094502449036, 0.1533845216035843], 34.0]",,,,,,25.568304538726807,3.31123685836792
lfw_x_fing,7,0.0001,face_S>ri_V,2,HYP,GP,boot,300,False,,,,,,,,,,,,,25.568304538726807,3.31123685836792
lfw_x_fing,7,0.0001,face_S>ri_V,2,S1-Marcialis,rule,boot,300,True,5.959475566150179e-05,0.016666666666666666,6.66893694307282e-05,0.02261904761904762,1.111904761904762,1.691270787218344,"[[0.5276017189025879, 0.04580334201455116], 32.0]",,,,,,25.568304538726807,3.31123685836792
lfw_x_fing,7,0.0001,face_S>ri_V,2,S2-Symmetric,rule,boot,300,True,5.959475566150179e-05,0.016666666666666666,6.66893694307282e-05,0.02261904761904762,1.111904761904762,1.691270787218344,"[[0.5276017189025879, 0.04580334201455116], 32.0]",,,,,,25.568304538726807,3.31123685836792
lfw_x_fing,7,0.0001,face_S>ri_V,2,S3-SPRT,rule,boot,300,True,6.66893694307282e-05,0.0011904761904761906,8.229751972302628e-05,0.004761904761904762,1.055952380952381,1.1840073216414098,"[[9.400486277775592, -4.709390288863942], 2.693395545318915]",,,,,,25.568304538726807,3.31123685836792
lfw_x_fing,7,0.0001,face_S>ri_V,2,S4-Direct,rule,boot,300,True,6.527044667688292e-05,0.0011904761904761906,0.00011209489755377717,0.005952380952380952,1.025,1.9550272433168738,"[[0.4218170940876007, -0.06007595360279083], 37.0]",,,,,,25.568304538726807,3.31123685836792
lfw_x_fing,7,0.0001,li_V>face_S,2,LR-P1-N2,GP,boot,300,True,6.66893694307282e-05,0.008333333333333333,0.00010641920653839604,0.010714285714285714,1.3107142857142857,1.8406748396617287,"[[35.000003814697266, 4.000000476837158], 0.4212217628955841]",,,,,,25.568304538726807,3.31123685836792
lfw_x_fing,7,0.0001,li_V>face_S,2,HYP,GP,boot,300,False,,,,,,,,,,,,,25.568304538726807,3.31123685836792
lfw_x_fing,7,0.0001,li_V>face_S,2,S1-Marcialis,rule,boot,300,True,6.952721493841875e-05,0.007142857142857143,0.00012060843407684885,0.009523809523809525,1.3928571428571428,1.9569002213519495,"[[45.000003814697266, 4.0], 0.41861116886138916]",,,,,,25.568304538726807,3.31123685836792
lfw_x_fing,7,0.0001,li_V>face_S,2,S2-Symmetric,rule,boot,300,True,6.952721493841875e-05,0.007142857142857143,0.00012060843407684885,0.009523809523809525,1.3928571428571428,1.9569002213519495,"[[45.000003814697266, 4.0], 0.41861116886138916]",,,,,,25.568304538726807,3.31123685836792
lfw_x_fing,7,0.0001,li_V>face_S,2,S3-SPRT,rule,boot,300,True,6.385152392303763e-05,0.004761904761904762,8.371644247687156e-05,0.004761904761904762,1.3702380952380953,1.9999943243089846,"[[8.966553375787763, -3.5486396718702387], 3.023430206519991]",,,,,,25.568304538726807,3.31123685836792
lfw_x_fing,7,0.0001,li_V>face_S,2,S4-Direct,rule,boot,300,True,6.952721493841875e-05,0.009523809523809525,0.00011067597479993189,0.010714285714285714,1.3571428571428572,1.8406847721210058,"[[40.000003814697266, 4.000000476837158], 0.418476939201355]",,,,,,25.568304538726807,3.31123685836792
lfw_x_fing,7,0.0001,li_V>ri_V,2,LR-P1-N2,GP,boot,300,True,5.108121913843011e-05,0.09404761904761905,3.547306884613202e-05,0.12261904761904761,1.3023809523809524,1.840673420738975,"[[34.000003814697266, 4.000000476837158], 34.000003814697266]",,,,,,25.568304538726807,3.31123685836792
lfw_x_fing,7,0.0001,li_V>ri_V,2,HYP,GP,boot,300,False,,,,,,,,,,,,,25.568304538726807,3.31123685836792
lfw_x_fing,7,0.0001,li_V>ri_V,2,S1-Marcialis,rule,boot,300,True,6.1013678415347066e-05,0.11071428571428571,6.527044667688292e-05,0.12857142857142856,1.3928571428571428,1.9569002213519495,"[[45.000003814697266, 4.0], 33.0]",,,,,,25.568304538726807,3.31123685836792
lfw_x_fing,7,0.0001,li_V>ri_V,2,S2-Symmetric,rule,boot,300,True,6.1013678415347066e-05,0.11071428571428571,6.527044667688292e-05,0.12857142857142856,1.3928571428571428,1.9569002213519495,"[[45.000003814697266, 4.0], 33.0]",,,,,,25.568304538726807,3.31123685836792
lfw_x_fing,7,0.0001,li_V>ri_V,2,S3-SPRT,rule,boot,300,True,6.810829218457347e-05,0.07738095238095238,7.094613769226404e-05,0.10714285714285714,1.3702380952380953,1.9999943243089846,"[[8.966553375787763, -3.5486396718702387], 5.576436002683895]",,,,,,25.568304538726807,3.31123685836792
lfw_x_fing,7,0.0001,li_V>ri_V,2,S4-Direct,rule,boot,300,True,5.675691015381123e-05,0.09404761904761905,4.966229638458482e-05,0.12142857142857143,1.3107142857142857,1.8406748396617287,"[[35.000003814697266, 4.000000476837158], 34.0]",,,,,,25.568304538726807,3.31123685836792
lfw_x_fing,7,0.0001,ri_V>face_S,2,LR-P1-N2,GP,boot,300,True,4.824337363073954e-05,0.002380952380952381,9.364890175378852e-05,0.013095238095238096,1.223809523809524,1.808033940632272,"[[37.000003814697266, 4.000000476837158], 0.4210902452468872]",,,,,,25.568304538726807,3.31123685836792
lfw_x_fing,7,0.0001,ri_V>face_S,2,HYP,GP,boot,300,False,,,,,,,,,,,,,25.568304538726807,3.31123685836792
lfw_x_fing,7,0.0001,ri_V>face_S,2,S1-Marcialis,rule,boot,300,True,6.952721493841875e-05,0.0011904761904761906,0.00011918951132300358,0.007142857142857143,1.276190476190476,1.9422101140813894,"[[42.000003814697266, 4.0], 0.4181930720806122]",,,,,,25.568304538726807,3.31123685836792
lfw_x_fing,7,0.0001,ri_V>face_S,2,S2-Symmetric,rule,boot,300,True,6.952721493841875e-05,0.0011904761904761906,0.00011918951132300358,0.007142857142857143,1.276190476190476,1.9422101140813894,"[[42.000003814697266, 4.0], 0.4181930720806122]",,,,,,25.568304538726807,3.31123685836792
lfw_x_fing,7,0.0001,ri_V>face_S,2,S3-SPRT,rule,boot,300,True,6.810829218457347e-05,0.0,8.79732107384074e-05,0.0035714285714285713,1.2571428571428571,1.9999929053862309,"[[8.059679611051987, -4.055151958985673], 2.711023480461266]",,,,,,25.568304538726807,3.31123685836792
lfw_x_fing,7,0.0001,ri_V>face_S,2,S4-Direct,rule,boot,300,True,6.952721493841875e-05,0.0,0.00011209489755377717,0.005952380952380952,1.2095238095238094,1.9421916680855895,"[[34.000003814697266, 3.000000238418579], 0.4236941933631897]",,,,,,25.568304538726807,3.31123685836792
lfw_x_fing,7,0.0001,ri_V>li_V,2,LR-P1-N2,GP,boot,300,True,6.243260116919235e-05,0.09047619047619047,4.682445087689426e-05,0.12261904761904761,1.2023809523809523,1.8080225892502413,"[[34.000003814697266, 4.000000476837158], 34.0]",,,,,,25.568304538726807,3.31123685836792
lfw_x_fing,7,0.0001,ri_V>li_V,2,HYP,GP,boot,300,False,,,,,,,,,,,,,25.568304538726807,3.31123685836792
lfw_x_fing,7,0.0001,ri_V>li_V,2,S1-Marcialis,rule,boot,300,True,4.540552812304898e-05,0.10357142857142858,4.540552812304898e-05,0.1357142857142857,1.276190476190476,1.9422101140813894,"[[42.000003814697266, 4.0], 33.0]",,,,,,25.568304538726807,3.31123685836792
lfw_x_fing,7,0.0001,ri_V>li_V,2,S2-Symmetric,rule,boot,300,True,6.527044667688292e-05,0.10238095238095238,7.662182870764516e-05,0.13690476190476192,1.269047619047619,1.8080410352460412,"[[42.000003814697266, 5.0], 32.0]",,,,,,25.568304538726807,3.31123685836792
lfw_x_fing,7,0.0001,ri_V>li_V,2,S3-SPRT,rule,boot,300,True,6.1013678415347066e-05,0.07857142857142857,6.810829218457347e-05,0.10833333333333334,1.2571428571428571,1.9999929053862309,"[[8.059679611051987, -4.055151958985673], 5.746287392742267]",,,,,,25.568304538726807,3.31123685836792
lfw_x_fing,7,0.0001,ri_V>li_V,2,S4-Direct,rule,boot,300,True,5.108121913843011e-05,0.09285714285714286,3.6891991599977296e-05,0.12142857142857143,1.2095238095238094,1.9421916680855895,"[[34.000003814697266, 3.000000238418579], 35.0]",,,,,,25.568304538726807,3.31123685836792
lfw_x_fing,7,0.0001,face_S>li_V>ri_V,3,LR-P1-N2,GP,boot,300,True,6.810829218457347e-05,0.002380952380952381,0.00011635166581531301,0.002380952380952381,1.0321428571428573,2.270897894318633,"[[0.4212217926979065, 0.04602618142962456], [37.000003814697266, 4.000000476837158], 39.0]",,,,,,25.568304538726807,3.31123685836792
lfw_x_fing,7,0.0001,face_S>li_V>ri_V,3,HYP,GP,boot,300,False,,,,,,,,,,,,,25.568304538726807,3.31123685836792
lfw_x_fing,7,0.0001,face_S>li_V>ri_V,3,S1-Marcialis,rule,boot,300,True,5.8175832907656505e-05,0.013095238095238096,6.810829218457347e-05,0.015476190476190477,1.1595238095238096,2.3528208184346444,"[[0.5276017189025879, 0.04580334201455116], [45.000003814697266, 4.0], 32.0]",,,,,,25.568304538726807,3.31123685836792
lfw_x_fing,7,0.0001,face_S>li_V>ri_V,3,S2-Symmetric,rule,boot,300,True,5.8175832907656505e-05,0.013095238095238096,6.810829218457347e-05,0.015476190476190477,1.1595238095238096,2.3528208184346444,"[[0.5276017189025879, 0.04580334201455116], [45.000003814697266, 4.0], 32.0]",,,,,,25.568304538726807,3.31123685836792
lfw_x_fing,7,0.0001,face_S>li_V>ri_V,3,S3-SPRT,rule,boot,300,True,6.527044667688292e-05,0.0011904761904761906,6.810829218457347e-05,0.002380952380952381,1.063095238095238,1.1993614847607696,"[[9.400486277775592, -4.709390288863942], [9.400486277775592, -4.709390288863942], 0.8923348378445976]",,,,,,25.568304538726807,3.31123685836792
lfw_x_fing,7,0.0001,face_S>li_V>ri_V,3,S4-Direct,rule,boot,300,True,6.385152392303763e-05,0.002380952380952381,9.790567001532437e-05,0.002380952380952381,1.0333333333333334,2.2974388444293092,"[[0.4282097816467285, -0.06007595360279083], [34.000003814697266, 7.000000476837158], 42.0]",,,,,,25.568304538726807,3.31123685836792
lfw_x_fing,7,0.0001,face_S>ri_V>li_V,3,LR-P1-N2,GP,boot,300,True,7.094613769226404e-05,0.002380952380952381,0.00011918951132300358,0.002380952380952381,1.0309523809523808,2.1266544639309837,"[[0.42132094502449036, 0.04602618142962456], [37.000003814697266, 5.000000476837158], 36.0]",,,,,,25.568304538726807,3.31123685836792
lfw_x_fing,7,0.0001,face_S>ri_V>li_V,3,HYP,GP,boot,300,False,,,,,,,,,,,,,25.568304538726807,3.31123685836792
lfw_x_fing,7,0.0001,face_S>ri_V>li_V,3,S1-Marcialis,rule,boot,300,True,4.966229638458482e-05,0.017857142857142856,5.8175832907656505e-05,0.013095238095238096,1.1404761904761904,2.3423392360519895,"[[0.5276017189025879, 0.04580334201455116], [42.000003814697266, 4.0], 32.0]",,,,,,25.568304538726807,3.31123685836792
lfw_x_fing,7,0.0001,face_S>ri_V>li_V,3,S2-Symmetric,rule,boot,300,True,4.824337363073954e-05,0.017857142857142856,5.8175832907656505e-05,0.013095238095238096,1.1404761904761904,2.2488308076508314,"[[0.5276017189025879, 0.04580334201455116], [42.000003814697266, 5.0], 32.0]",,,,,,25.568304538726807,3.31123685836792
lfw_x_fing,7,0.0001,face_S>ri_V>li_V,3,S3-SPRT,rule,boot,300,True,6.385152392303763e-05,0.0011904761904761906,6.527044667688292e-05,0.0035714285714285713,1.061904761904762,1.1958595834042796,"[[9.400486277775592, -4.709390288863942], [9.400486277775592, -4.709390288863942], 0.8923348378445976]",,,,,,25.568304538726807,3.31123685836792
lfw_x_fing,7,0.0001,face_S>ri_V>li_V,3,S4-Direct,rule,boot,300,False,,,,,,,,,,,,,25.568304538726807,3.31123685836792
lfw_x_fing,7,0.0001,li_V>face_S>ri_V,3,LR-P1-N2,GP,boot,300,True,6.810829218457347e-05,0.004761904761904762,0.00010500028378455077,0.005952380952380952,1.3178571428571428,1.9855610420568703,"[[35.000003814697266, 4.000000476837158], [0.4282097816467285, 0.17416192591190338], 32.0]",,,,,,25.568304538726807,3.31123685836792
lfw_x_fing,7,0.0001,li_V>face_S>ri_V,3,HYP,GP,boot,300,False,,,,,,,,,,,,,25.568304538726807,3.31123685836792
lfw_x_fing,7,0.0001,li_V>face_S>ri_V,3,S1-Marcialis,rule,boot,300,True,5.8175832907656505e-05,0.013095238095238096,6.810829218457347e-05,0.015476190476190477,1.4404761904761905,2.61845025256825,"[[45.000003814697266, 4.0], [0.5276017189025879, 0.04580334201455116], 32.0]",,,,,,25.568304538726807,3.31123685836792
lfw_x_fing,7,0.0001,li_V>face_S>ri_V,3,S2-Symmetric,rule,boot,300,True,5.8175832907656505e-05,0.013095238095238096,6.810829218457347e-05,0.015476190476190477,1.4404761904761905,2.61845025256825,"[[45.000003814697266, 4.0], [0.5276017189025879, 0.04580334201455116], 32.0]",,,,,,25.568304538726807,3.31123685836792
lfw_x_fing,7,0.0001,li_V>face_S>ri_V,3,S3-SPRT,rule,boot,300,True,6.385152392303763e-05,0.0,5.959475566150179e-05,0.0011904761904761906,1.3845238095238095,2.008703672172087,"[[8.966553375787763, -3.5486396718702387], [8.966553375787763, -3.5486396718702387], 1.5052461811271152]",,,,,,25.568304538726807,3.31123685836792
lfw_x_fing,7,0.0001,li_V>face_S>ri_V,3,S4-Direct,rule,boot,300,True,6.527044667688292e-05,0.0035714285714285713,0.00010358136103070549,0.007142857142857143,1.4,2.143606334071173,"[[45.000003814697266, 4.000000476837158], [0.4210081100463867, 0.12182155251502991], 34.0]",,,,,,25.568304538726807,3.31123685836792
lfw_x_fing,7,0.0001,li_V>ri_V>face_S,3,LR-P1-N2,GP,boot,300,True,5.5337987399965944e-05,0.007142857142857143,6.952721493841875e-05,0.010714285714285714,1.4035714285714285,2.5332212384357797,"[[32.000003814697266, 4.000000476837158], [42.000003814697266, 4.000000476837158], 0.44931352138519287]",,,,,,25.568304538726807,3.31123685836792
lfw_x_fing,7,0.0001,li_V>ri_V>face_S,3,HYP,GP,boot,300,False,,,,,,,,,,,,,25.568304538726807,3.31123685836792
lfw_x_fing,7,0.0001,li_V>ri_V>face_S,3,S1-Marcialis,rule,boot,300,True,6.952721493841875e-05,0.0011904761904761906,0.00012344627958453942,0.004761904761904762,1.5702380952380952,2.861283273738578,"[[45.000003814697266, 4.0], [42.000003814697266, 4.0], 0.41756319999694824]",,,,,,25.568304538726807,3.31123685836792
lfw_x_fing,7,0.0001,li_V>ri_V>face_S,3,S2-Symmetric,rule,boot,300,True,6.952721493841875e-05,0.0011904761904761906,0.00012344627958453942,0.004761904761904762,1.5702380952380952,2.861283273738578,"[[45.000003814697266, 4.0], [42.000003814697266, 4.0], 0.41756319999694824]",,,,,,25.568304538726807,3.31123685836792
lfw_x_fing,7,0.0001,li_V>ri_V>face_S,3,S3-SPRT,rule,boot,300,True,6.385152392303763e-05,0.02023809523809524,5.391906464612067e-05,0.023809523809523808,1.4845238095238096,2.0543234576309666,"[[8.966553375787763, -3.5486396718702387], [8.966553375787763, -3.5486396718702387], 1.2291089166747313]",,,,,,25.568304538726807,3.31123685836792
lfw_x_fing,7,0.0001,li_V>ri_V>face_S,3,S4-Direct,rule,boot,300,True,6.810829218457347e-05,0.0035714285714285713,9.932459276916965e-05,0.007142857142857143,1.5285714285714285,2.639214768148022,"[[45.000003814697266, 4.000000476837158], [34.000003814697266, 3.000000238418579], 0.423610657453537]",,,,,,25.568304538726807,3.31123685836792
lfw_x_fing,7,0.0001,ri_V>face_S>li_V,3,LR-P1-N2,GP,boot,300,True,5.2500141892275384e-05,0.0035714285714285713,8.939213349225268e-05,0.010714285714285714,1.2178571428571427,1.8854517850048242,"[[36.000003814697266, 4.000000476837158], [0.42740756273269653, 0.20565921068191528], 29.000001907348633]",,,,,,25.568304538726807,3.31123685836792
lfw_x_fing,7,0.0001,ri_V>face_S>li_V,3,HYP,GP,boot,300,False,,,,,,,,,,,,,25.568304538726807,3.31123685836792
lfw_x_fing,7,0.0001,ri_V>face_S>li_V,3,S1-Marcialis,rule,boot,300,True,4.966229638458482e-05,0.017857142857142856,5.675691015381123e-05,0.013095238095238096,1.3047619047619048,2.593278562915035,"[[42.000003814697266, 4.0], [0.5276017189025879, 0.04580334201455116], 32.0]",,,,,,25.568304538726807,3.31123685836792
lfw_x_fing,7,0.0001,ri_V>face_S>li_V,3,S2-Symmetric,rule,boot,300,True,4.966229638458482e-05,0.017857142857142856,5.675691015381123e-05,0.013095238095238096,1.3047619047619048,2.593278562915035,"[[42.000003814697266, 4.0], [0.5276017189025879, 0.04580334201455116], 32.0]",,,,,,25.568304538726807,3.31123685836792
lfw_x_fing,7,0.0001,ri_V>face_S>li_V,3,S3-SPRT,rule,boot,300,True,6.385152392303763e-05,0.0,5.5337987399965944e-05,0.002380952380952381,1.269047619047619,2.0096500936489017,"[[8.059679611051987, -4.055151958985673], [8.059679611051987, -4.055151958985673], 1.609211694018276]",,,,,,25.568304538726807,3.31123685836792
lfw_x_fing,7,0.0001,ri_V>face_S>li_V,3,S4-Direct,rule,boot,300,True,5.959475566150179e-05,0.0,5.959475566150179e-05,0.004761904761904762,1.213095238095238,1.9423222089789431,"[[34.000003814697266, 3.000000238418579], [0.49287480115890503, 0.4129493236541748], 8.0]",,,,,,25.568304538726807,3.31123685836792
lfw_x_fing,7,0.0001,ri_V>li_V>face_S,3,LR-P1-N2,GP,boot,300,True,5.2500141892275384e-05,0.005952380952380952,6.385152392303763e-05,0.013095238095238096,1.3178571428571428,2.5005845961745843,"[[33.000003814697266, 4.000000476837158], [40.000003814697266, 4.000000476837158], 0.44980064034461975]",,,,,,25.568304538726807,3.31123685836792
lfw_x_fing,7,0.0001,ri_V>li_V>face_S,3,HYP,GP,boot,300,False,,,,,,,,,,,,,25.568304538726807,3.31123685836792
lfw_x_fing,7,0.0001,ri_V>li_V>face_S,3,S1-Marcialis,rule,boot,300,True,6.952721493841875e-05,0.0011904761904761906,0.00012344627958453942,0.004761904761904762,1.4535714285714285,2.8465931664680175,"[[42.000003814697266, 4.0], [45.000003814697266, 4.0], 0.41756319999694824]",,,,,,25.568304538726807,3.31123685836792
lfw_x_fing,7,0.0001,ri_V>li_V>face_S,3,S2-Symmetric,rule,boot,300,True,6.952721493841875e-05,0.0011904761904761906,0.00012344627958453942,0.004761904761904762,1.4535714285714285,2.8465931664680175,"[[42.000003814697266, 4.0], [45.000003814697266, 4.0], 0.41756319999694824]",,,,,,25.568304538726807,3.31123685836792
lfw_x_fing,7,0.0001,ri_V>li_V>face_S,3,S3-SPRT,rule,boot,300,True,6.385152392303763e-05,0.016666666666666666,5.2500141892275384e-05,0.02261904761904762,1.3607142857142858,2.0731951302571088,"[[8.059679611051987, -4.055151958985673], [8.059679611051987, -4.055151958985673], 1.4404683567357655]",,,,,,25.568304538726807,3.31123685836792
lfw_x_fing,7,0.0001,ri_V>li_V>face_S,3,S4-Direct,rule,boot,300,True,6.810829218457347e-05,0.002380952380952381,0.00010074351552301492,0.005952380952380952,1.348809523809524,2.740717407344344,"[[34.000003814697266, 3.000000238418579], [45.000003814697266, 4.000000476837158], 0.423610657453537]",,,,,,25.568304538726807,3.31123685836792
lfw_x_fing,7,0.0001,parallel,3,P0-Parallel,parallel,boot,300,True,5.8175832907656505e-05,0.03214285714285714,5.959475566150179e-05,0.04285714285714286,1.0,1.0,[11.50892448425293],,,,,,25.568304538726807,3.31123685836792
lfw_x_fing,7,0.0001,parallel,3,P1-LLR,parallel,boot,300,True,6.385152392303763e-05,0.0,6.1013678415347066e-05,0.0011904761904761906,1.0,1.0,[1.609211694018276],,,,,,25.568304538726807,3.31123685836792
lfw_x_fing,7,0.0001,parallel,3,P2-LogReg,parallel,boot,300,True,6.810829218457347e-05,0.0,8.087859696918099e-05,0.0011904761904761906,1.0,1.0,[-0.15452036987174367],,,,,,25.568304538726807,3.31123685836792
lfw_x_fing,7,0.01,face_S,1,LR-P1-N2,GP,xfit,300,True,0.0018119643566604233,0.007142857142857143,0.0021425733583063738,0.011904761904761904,1.0,1.0,[0.343209445476532],0.0019036254119786339,0.002380952380952381,0.0018468007728150925,0.011904761904761904,,25.568304538726807,3.31123685836792
lfw_x_fing,7,0.01,face_S,1,HYP,GP,xfit,300,True,0.0018119643566604233,0.007142857142857143,0.0021425733583063738,0.011904761904761904,1.0,1.0,[0.343209445476532],0.0019036254119786339,0.002380952380952381,0.0018468007728150925,0.011904761904761904,,25.568304538726807,3.31123685836792
lfw_x_fing,7,0.01,li_V,1,LR-P1-N2,GP,xfit,300,True,0.007385492933764686,0.11904761904761904,0.007165559906918667,0.14523809523809525,1.0,1.0,[19.0],0.007426980338674849,0.10952380952380952,0.007296283668598705,0.12857142857142856,,25.568304538726807,3.31123685836792
lfw_x_fing,7,0.01,li_V,1,HYP,GP,xfit,300,False,,,,,,,,,,,,,25.568304538726807,3.31123685836792
lfw_x_fing,7,0.01,ri_V,1,LR-P1-N2,GP,xfit,300,True,0.007650831488733753,0.0761904761904762,0.006941370111811113,0.09285714285714286,1.0,1.0,[19.0],0.006347312194567564,0.07380952380952381,0.006585975679054438,0.08333333333333333,,25.568304538726807,3.31123685836792
lfw_x_fing,7,0.01,ri_V,1,HYP,GP,xfit,300,True,0.007650831488733753,0.0761904761904762,0.006941370111811113,0.09285714285714286,1.0,1.0,[19.0],0.006347312194567564,0.07380952380952381,0.006585975679054438,0.08333333333333333,,25.568304538726807,3.31123685836792
lfw_x_fing,7,0.01,face_S>li_V,2,LR-P1-N2,GP,xfit,300,True,0.0018119643566604233,0.007142857142857143,0.0021425733583063738,0.011904761904761904,1.0,1.0,"[[0.343209445476532, 0.343209445476532], 4.000000476837158]",0.0019036254119786339,0.002380952380952381,0.0018468007728150925,0.011904761904761904,,25.568304538726807,3.31123685836792
lfw_x_fing,7,0.01,face_S>li_V,2,HYP,GP,xfit,300,True,0.0018119643566604233,0.007142857142857143,0.0021425733583063738,0.011904761904761904,1.0,1.0,"[[0.343209445476532, 0.343209445476532], 4.000000476837158]",0.0019036254119786339,0.002380952380952381,0.0018468007728150925,0.011904761904761904,,25.568304538726807,3.31123685836792
lfw_x_fing,7,0.01,face_S>li_V,2,S1-Marcialis,rule,xfit,300,True,0.0019893297008910836,0.005952380952380952,0.0023653442306600827,0.011904761904761904,1.0333333333333334,1.002348317157614,"[[0.46664342284202576, 0.34048816561698914], -Infinity]",0.002085464257301966,0.0,0.001988862370723946,0.011904761904761904,,25.568304538726807,3.31123685836792
lfw_x_fing,7,0.01,face_S>li_V,2,S2-Symmetric,rule,xfit,300,True,0.0019893297008910836,0.005952380952380952,0.0023653442306600827,0.011904761904761904,1.0333333333333334,1.002348317157614,"[[0.46664342284202576, 0.34048816561698914], -Infinity]",0.002085464257301966,0.0,0.001988862370723946,0.011904761904761904,,25.568304538726807,3.31123685836792
lfw_x_fing,7,0.01,face_S>li_V,2,S3-SPRT,rule,xfit,300,True,0.0016587206992451332,0.008333333333333333,0.0019524377092911061,0.011904761904761904,1.0095238095238095,1.001762302060276,"[[4.413440689897514, 0.7499700103680917], -Infinity]",0.0017217865666553018,0.002380952380952381,0.0017104216388225935,0.014285714285714285,,25.568304538726807,3.31123685836792
lfw_x_fing,7,0.01,face_S>li_V,2,S4-Direct,rule,xfit,300,True,0.0085986718883024,0.004761904761904762,0.010004824337363074,0.009523809523809525,1.0357142857142858,1.0118451671491004,"[[0.46664342284202576, 0.2911264896392822], 5.0]",0.008574838049778384,0.0,0.008466871235367655,0.009523809523809525,,25.568304538726807,3.31123685836792
lfw_x_fing,7,0.01,face_S>ri_V,2,LR-P1-N2,GP,xfit,300,True,0.0018119643566604233,0.007142857142857143,0.0021425733583063738,0.011904761904761904,1.0,1.0,"[[0.343209445476532, 0.343209445476532], 5.000000476837158]",0.0019036254119786339,0.002380952380952381,0.0018468007728150925,0.011904761904761904,,25.568304538726807,3.31123685836792
lfw_x_fing,7,0.01,face_S>ri_V,2,HYP,GP,xfit,300,True,0.0018119643566604233,0.007142857142857143,0.0021425733583063738,0.011904761904761904,1.0,1.0,"[[0.343209445476532, 0.343209445476532], 5.000000476837158]",0.0019036254119786339,0.002380952380952381,0.0018468007728150925,0.011904761904761904,,25.568304538726807,3.31123685836792
lfw_x_fing,7,0.01,face_S>ri_V,2,S1-Marcialis,rule,xfit,300,True,0.0019893297008910836,0.005952380952380952,0.0023653442306600827,0.011904761904761904,1.0333333333333334,1.002348317157614,"[[0.46664342284202576, 0.34048816561698914], -Infinity]",0.002085464257301966,0.0,0.001988862370723946,0.011904761904761904,,25.568304538726807,3.31123685836792
lfw_x_fing,7,0.01,face_S>ri_V,2,S2-Symmetric,rule,xfit,300,True,0.0019893297008910836,0.005952380952380952,0.0023653442306600827,0.011904761904761904,1.0333333333333334,1.002348317157614,"[[0.46664342284202576, 0.34048816561698914], -Infinity]",0.002085464257301966,0.0,0.001988862370723946,0.011904761904761904,,25.568304538726807,3.31123685836792
lfw_x_fing,7,0.01,face_S>ri_V,2,S3-SPRT,rule,xfit,300,True,0.0016587206992451332,0.008333333333333333,0.0019524377092911061,0.011904761904761904,1.0095238095238095,1.001762302060276,"[[4.413440689897514, 0.7499700103680917], -Infinity]",0.0017217865666553018,0.002380952380952381,0.0017104216388225935,0.014285714285714285,,25.568304538726807,3.31123685836792
lfw_x_fing,7,0.01,face_S>ri_V,2,S4-Direct,rule,xfit,300,True,0.008348941483625631,0.004761904761904762,0.009481241841194166,0.009523809523809525,1.0357142857142858,1.0118451671491004,"[[0.46664342284202576, 0.2911264896392822], 5.0]",0.008319127173542449,0.0,0.008131605864302761,0.009523809523809525,,25.568304538726807,3.31123685836792
lfw_x_fing,7,0.01,li_V>face_S,2,LR-P1-N2,GP,xfit,300,True,0.008524887905102446,0.0035714285714285713,0.00852063113684091,0.004761904761904762,1.1416666666666666,1.8335248879051025,"[[18.000001907348633, 4.000000476837158], 0.35080698132514954]",0.008302079781793386,0.004761904761904762,0.008461188771451302,0.002380952380952381,,25.568304538726807,3.31123685836792
lfw_x_fing,7,0.01,li_V>face_S,2,HYP,GP,xfit,300,False,,,,,,,,,,,,,25.568304538726807,3.31123685836792
lfw_x_fing,7,0.01,li_V>face_S,2,S1-Marcialis,rule,xfit,300,True,0.009282592655655826,0.0011904761904761906,0.010914353822577898,0.002380952380952381,1.3607142857142858,1.956895964583688,"[[40.000003814697266, 4.0], 0.29267653822898865]",0.008961245596090465,0.0,0.009040800090919423,0.002380952380952381,,25.568304538726807,3.31123685836792
lfw_x_fing,7,0.01,li_V>face_S,2,S2-Symmetric,rule,xfit,300,True,0.009282592655655826,0.0011904761904761906,0.010914353822577898,0.002380952380952381,1.3607142857142858,1.956895964583688,"[[40.000003814697266, 4.0], 0.29267653822898865]",0.008961245596090465,0.0,0.009040800090919423,0.002380952380952381,,25.568304538726807,3.31123685836792
lfw_x_fing,7,0.01,li_V>face_S,2,S3-SPRT,rule,xfit,300,True,0.008817185992394574,0.0,0.009929621431409274,0.0011904761904761906,1.2583333333333333,1.9998751347976615,"[[4.685448996422209, -3.8975469905279927], -4.933118622807383]",0.00889873849301057,0.0,0.008910103420843278,0.0,,25.568304538726807,3.31123685836792
lfw_x_fing,7,0.01,li_V>face_S,2,S4-Direct,rule,xfit,300,True,0.009112321925194393,0.004761904761904762,0.010617798967024234,0.005952380952380952,1.3571428571428572,1.8406847721210058,"[[40.000003814697266, 4.000000476837158], 0.2891770899295807]",0.008921468348675986,0.004761904761904762,0.009029435163086715,0.004761904761904762,,25.568304538726807,3.31123685836792
lfw_x_fing,7,0.01,li_V>ri_V,2,LR-P1-N2,GP,xfit,300,True,0.0074124524660877465,0.036904761904761905,0.00679805891367274,0.04642857142857143,1.1642857142857144,1.837067938021454,"[[20.000001907348633, 4.000000476837158], 20.000001907348633]",0.00817138311171724,0.03333333333333333,0.006750767132628708,0.04047619047619048,,25.568304538726807,3.31123685836792
lfw_x_fing,7,0.01,li_V>ri_V,2,HYP,GP,xfit,300,False,,,,,,,,,,,,,25.568304538726807,3.31123685836792
lfw_x_fing,7,0.01,li_V>ri_V,2,S1-Marcialis,rule,xfit,300,True,0.007538736591179976,0.05119047619047619,0.006810829218457347,0.06785714285714285,1.3607142857142858,1.956895964583688,"[[40.000003814697266, 4.0], 19.0]",0.006250710307989544,0.05238095238095238,0.006466643936811001,0.05238095238095238,,25.568304538726807,3.31123685836792
lfw_x_fing,7,0.01,li_V>ri_V,2,S2-Symmetric,rule,xfit,300,True,0.007538736591179976,0.05119047619047619,0.006810829218457347,0.06785714285714285,1.3607142857142858,1.956895964583688,"[[40.000003814697266, 4.0], 19.0]",0.006250710307989544,0.05238095238095238,0.006466643936811001,0.05238095238095238,,25.568304538726807,3.31123685836792
lfw_x_fing,7,0.01,li_V>ri_V,2,S3-SPRT,rule,xfit,300,True,0.008905159203132982,0.030952380952380953,0.0076834667120721945,0.05119047619047619,1.2583333333333333,1.9998751347976615,"[[4.685448996422209, -3.8975469905279927], -1.0813953728668828]",0.008148653256051824,0.02857142857142857,0.008120240936470053,0.0380952380952381,,25.568304538726807,3.31123685836792
lfw_x_fing,7,0.01,li_V>ri_V,2,S4-Direct,rule,xfit,300,True,0.008327657642317953,0.041666666666666664,0.007989954026902776,0.04880952380952381,1.1416666666666666,1.8335248879051025,"[[18.000001907348633, 4.000000476837158], 25.0]",0.008233890214797136,0.03571428571428571,0.008120240936470053,0.05,,25.568304538726807,3.31123685836792
lfw_x_fing,7,0.01,ri_V>face_S,2,LR-P1-N2,GP,xfit,300,True,0.006754072308303536,0.005952380952380952,0.006284408876780748,0.014285714285714285,1.0869047619047618,1.6288112265168284,"[[19.000001907348633, 5.000000476837158], 0.343209445476532]",0.007563359472667348,0.002380952380952381,0.006108648710080691,0.009523809523809525,,25.568304538726807,3.31123685836792
lfw_x_fing,7,0.01,ri_V>face_S,2,HYP,GP,xfit,300,True,0.006754072308303536,0.005952380952380952,0.006284408876780748,0.014285714285714285,1.0869047619047618,1.6288112265168284,"[[19.000001907348633, 5.000000476837158], 0.343209445476532]",0.007563359472667348,0.002380952380952381,0.006108648710080691,0.009523809523809525,,25.568304538726807,3.31123685836792
lfw_x_fing,7,0.01,ri_V>face_S,2,S1-Marcialis,rule,xfit,300,True,0.009274079119132755,0.0011904761904761906,0.010576650207162723,0.009523809523809525,1.2142857142857142,1.8080311027867644,"[[36.000003814697266, 5.0], 0.28750142455101013]",0.008921468348675986,0.0,0.009097624730082963,0.002380952380952381,,25.568304538726807,3.31123685836792
lfw_x_fing,7,0.01,ri_V>face_S,2,S2-Symmetric,rule,xfit,300,True,0.009274079119132755,0.0011904761904761906,0.010576650207162723,0.009523809523809525,1.2142857142857142,1.8080311027867644,"[[36.000003814697266, 5.0], 0.28750142455101013]",0.008921468348675986,0.0,0.009097624730082963,0.002380952380952381,,25.568304538726807,3.31123685836792
lfw_x_fing,7,0.01,ri_V>face_S,2,S3-SPRT,rule,xfit,300,True,0.009685566717747885,0.004761904761904762,0.010488676996424315,0.007142857142857143,1.1642857142857144,1.8255916907883534,"[[4.815136334160105, -3.972948275775301], -5.600583356505981]",0.009040800090919423,0.002380952380952381,0.009143084441413797,0.007142857142857143,,25.568304538726807,3.31123685836792
lfw_x_fing,7,0.01,ri_V>face_S,2,S4-Direct,rule,xfit,300,True,0.00925421420057892,0.0,0.01064050173108576,0.002380952380952381,1.2214285714285715,1.9422001816221124,"[[36.000003814697266, 3.000000238418579], 0.29251179099082947]",0.008938515740425049,0.0,0.009046482554835776,0.0,,25.568304538726807,3.31123685836792
lfw_x_fing,7,0.01,ri_V>li_V,2,LR-P1-N2,GP,xfit,300,True,0.008195697826210342,0.036904761904761905,0.007527385209149214,0.04642857142857143,1.0892857142857142,1.630264203416766,"[[20.000001907348633, 5.000000476837158], 20.0]",0.007802022957154222,0.02857142857142857,0.00738720309126037,0.04523809523809524,,25.568304538726807,3.31123685836792
lfw_x_fing,7,0.01,ri_V>li_V,2,HYP,GP,xfit,300,True,0.007158465293149441,0.06428571428571428,0.006141097678642375,0.08928571428571429,1.0178571428571428,1.0152817980589137,"[[20.000001907348633, 15.000000953674316], 11.000000953674316]",0.007336060916013183,0.05714285714285714,0.006097283782247983,0.07142857142857142,,25.568304538726807,3.31123685836792
lfw_x_fing,7,0.01,ri_V>li_V,2,S1-Marcialis,rule,xfit,300,True,0.006749815540042,0.05714285714285714,0.006536977126965208,0.0761904761904762,1.2142857142857142,1.8080311027867644,"[[36.000003814697266, 5.0], 19.0]",0.00683600409137402,0.047619047619047616,0.0065632458233890216,0.06666666666666667,,25.568304538726807,3.31123685836792
lfw_x_fing,7,0.01,ri_V>li_V,2,S2-Symmetric,rule,xfit,300,True,0.006749815540042,0.05714285714285714,0.006536977126965208,0.0761904761904762,1.2142857142857142,1.8080311027867644,"[[36.000003814697266, 5.0], 19.0]",0.00683600409137402,0.047619047619047616,0.0065632458233890216,0.06666666666666667,,25.568304538726807,3.31123685836792
lfw_x_fing,7,0.01,ri_V>li_V,2,S3-SPRT,rule,xfit,300,True,0.008916510585163743,0.03333333333333333,0.007714683012656791,0.05238095238095238,1.1642857142857144,1.8255916907883534,"[[4.815136334160105, -3.972948275775301], -1.0923090964261508]",0.00808614615297193,0.02857142857142857,0.008120240936470053,0.04285714285714286,,25.568304538726807,3.31123685836792
lfw_x_fing,7,0.01,ri_V>li_V,2,S4-Direct,rule,xfit,300,True,0.007342925251149327,0.03571428571428571,0.006897383506441909,0.05119047619047619,1.1071428571428572,1.6324791418355185,"[[23.000001907348633, 5.000000476837158], 19.0]",0.007858847596317763,0.023809523809523808,0.00693260597795204,0.047619047619047616,,25.568304538726807,3.31123685836792
lfw_x_fing,7,0.01,face_S>li_V>ri_V,3,LR-P1-N2,GP,xfit,300,True,0.0018119643566604233,0.007142857142857143,0.0021425733583063738,0.011904761904761904,1.0,1.0,"[[0.343209445476532, 0.343209445476532], [4.000000476837158, 4.000000476837158], 5.000000476837158]",0.0019036254119786339,0.002380952380952381,0.0018468007728150925,0.011904761904761904,,25.568304538726807,3.31123685836792
lfw_x_fing,7,0.01,face_S>li_V>ri_V,3,HYP,GP,xfit,300,True,0.0018119643566604233,0.007142857142857143,0.0021425733583063738,0.011904761904761904,1.0,1.0,"[[0.343209445476532, 0.343209445476532], [4.000000476837158, 4.000000476837158], 5.000000476837158]",0.0019036254119786339,0.002380952380952381,0.0018468007728150925,0.011904761904761904,,25.568304538726807,3.31123685836792
lfw_x_fing,7,0.01,face_S>li_V>ri_V,3,S1-Marcialis,rule,xfit,300,True,0.001905613258414212,0.005952380952380952,0.002290141324706283,0.011904761904761904,1.0416666666666667,1.004621431409274,"[[0.46664342284202576, 0.34048816561698914], [40.000003814697266, 4.0], -Infinity]",0.0020115922263893625,0.0,0.0018808955563132173,0.011904761904761904,,25.568304538726807,3.31123685836792
lfw_x_fing,7,0.01,face_S>li_V>ri_V,3,S2-Symmetric,rule,xfit,300,True,0.00022135194959986378,0.008333333333333333,0.0002937170100459731,0.013095238095238096,1.0345238095238096,1.0025356149611215,"[[0.46664342284202576, 0.34048816561698914], [13.000000953674316, 11.0], -Infinity]",0.00022729855665416524,0.0,0.0002216160927378111,0.016666666666666666,,25.568304538726807,3.31123685836792
lfw_x_fing,7,0.01,face_S>li_V>ri_V,3,S3-SPRT,rule,xfit,300,True,0.0002497304046767694,0.008333333333333333,0.00032635223338441457,0.013095238095238096,1.0119047619047619,1.0018970997218912,"[[4.413440689897514, 0.7499700103680917], [4.413440689897514, 0.7499700103680917], -Infinity]",0.0002216160927378111,0.002380952380952381,0.00022729855665416524,0.014285714285714285,,25.568304538726807,3.31123685836792
lfw_x_fing,7,0.01,face_S>li_V>ri_V,3,S4-Direct,rule,xfit,300,True,0.008801577842102276,0.0011904761904761906,0.008862591520517623,0.0011904761904761906,1.0119047619047619,1.7014884499687837,"[[0.3260727524757385, 0.08542410284280777], [21.000001907348633, 7.000000476837158], 17.0]",0.008160018183884532,0.0,0.008455506307534947,0.002380952380952381,,25.568304538726807,3.31123685836792
lfw_x_fing,7,0.01,face_S>ri_V>li_V,3,LR-P1-N2,GP,xfit,300,True,0.0018119643566604233,0.007142857142857143,0.0021425733583063738,0.011904761904761904,1.0,1.0,"[[0.343209445476532, 0.343209445476532], [5.000000476837158, 5.000000476837158], 4.000000476837158]",0.0019036254119786339,0.002380952380952381,0.0018468007728150925,0.011904761904761904,,25.568304538726807,3.31123685836792
lfw_x_fing,7,0.01,face_S>ri_V>li_V,3,HYP,GP,xfit,300,True,0.0018119643566604233,0.007142857142857143,0.0021425733583063738,0.011904761904761904,1.0,1.0,"[[0.343209445476532, 0.343209445476532], [5.000000476837158, 5.000000476837158], 4.000000476837158]",0.0019036254119786339,0.002380952380952381,0.0018468007728150925,0.011904761904761904,,25.568304538726807,3.31123685836792
lfw_x_fing,7,0.01,face_S>ri_V>li_V,3,S1-Marcialis,rule,xfit,300,True,0.001648788239968216,0.005952380952380952,0.0019155457176911288,0.011904761904761904,1.0392857142857144,1.004246835802259,"[[0.46664342284202576, 0.34048816561698914], [36.000003814697266, 5.0], -Infinity]",0.001738833958404364,0.0,0.001642232071826344,0.011904761904761904,,25.568304538726807,3.31123685836792
lfw_x_fing,7,0.01,face_S>ri_V>li_V,3,S2-Symmetric,rule,xfit,300,True,0.0004725012770304785,0.007142857142857143,0.0005462852602304331,0.011904761904761904,1.036904761904762,1.0028307508939214,"[[0.46664342284202576, 0.34048816561698914], [15.000000953674316, 9.0], -Infinity]",0.0005511989998863507,0.0,0.00047732696897374703,0.014285714285714285,,25.568304538726807,3.31123685836792
lfw_x_fing,7,0.01,face_S>ri_V>li_V,3,S3-SPRT,rule,xfit,300,True,0.00021567625858448267,0.008333333333333333,0.0002922980872921278,0.013095238095238096,1.0095238095238095,1.0018602077302912,"[[4.413440689897514, 0.7499700103680917], [4.413440689897514, 0.7499700103680917], -Infinity]",0.00019320377315604046,0.002380952380952381,0.00020456870098874873,0.014285714285714285,,25.568304538726807,3.31123685836792
lfw_x_fing,7,0.01,face_S>ri_V>li_V,3,S4-Direct,rule,xfit,300,True,0.007801237300641353,0.0011904761904761906,0.008072251546625801,0.0011904761904761906,1.0142857142857142,1.7550825813042739,"[[0.3260727524757385, 0.08542410284280777], [22.000001907348633, 6.000000476837158], 18.0]",0.008091828616888282,0.0,0.007591771792249119,0.002380952380952381,,25.568304538726807,3.31123685836792
lfw_x_fing,7,0.01,li_V>face_S>ri_V,3,LR-P1-N2,GP,xfit,300,False,,,,,,,,,,,,,25.568304538726807,3.31123685836792
lfw_x_fing,7,0.01,li_V>face_S>ri_V,3,HYP,GP,xfit,300,False,,,,,,,,,,,,,25.568304538726807,3.31123685836792
lfw_x_fing,7,0.01,li_V>face_S>ri_V,3,S1-Marcialis,rule,xfit,300,True,0.0019084511039219026,0.0011904761904761906,0.002295817015721664,0.002380952380952381,1.369047619047619,1.9591690788353482,"[[40.000003814697266, 4.0], [0.46664342284202576, 0.34048816561698914], -Infinity]",0.0020115922263893625,0.0,0.0018808955563132173,0.002380952380952381,,25.568304538726807,3.31123685836792
lfw_x_fing,7,0.01,li_V>face_S>ri_V,3,S2-Symmetric,rule,xfit,300,True,0.0019084511039219026,0.0011904761904761906,0.002295817015721664,0.002380952380952381,1.369047619047619,1.9591690788353482,"[[40.000003814697266, 4.0], [0.46664342284202576, 0.34048816561698914], -Infinity]",0.0020115922263893625,0.0,0.0018808955563132173,0.002380952380952381,,25.568304538726807,3.31123685836792
lfw_x_fing,7,0.01,li_V>face_S>ri_V,3,S3-SPRT,rule,xfit,300,True,0.005215960043135252,0.0,0.0059438674158578805,0.0011904761904761906,1.2619047619047619,2.005667177478858,"[[4.685448996422209, -3.8975469905279927], [4.685448996422209, -3.8975469905279927], -Infinity]",0.005284691442209342,0.0,0.005301738833958404,0.0,,25.568304538726807,3.31123685836792
lfw_x_fing,7,0.01,li_V>face_S>ri_V,3,S4-Direct,rule,xfit,300,True,0.007679209943810659,0.0035714285714285713,0.007917588966456666,0.0035714285714285713,1.3595238095238096,2.2756711504625686,"[[40.000003814697266, 4.000000476837158], [0.3260727524757385, 0.08542410284280777], 18.0]",0.008381634276622344,0.004761904761904762,0.007137174678940789,0.002380952380952381,,25.568304538726807,3.31123685836792
lfw_x_fing,7,0.01,li_V>ri_V>face_S,3,LR-P1-N2,GP,xfit,300,True,0.00796441341733356,0.005952380952380952,0.0077813723820875196,0.009523809523809525,1.1904761904761905,2.3766516260854758,"[[18.000001907348633, 4.000000476837158], [30.000001907348633, 5.000000476837158], 0.36521217226982117]",0.0079781793385612,0.007142857142857143,0.007921354699397658,0.004761904761904762,,25.568304538726807,3.31123685836792
lfw_x_fing,7,0.01,li_V>ri_V>face_S,3,HYP,GP,xfit,300,False,,,,,,,,,,,,,25.568304538726807,3.31123685836792
lfw_x_fing,7,0.01,li_V>ri_V>face_S,3,S1-Marcialis,rule,xfit,300,True,0.009269822350871218,0.0011904761904761906,0.010613542198762699,0.005952380952380952,1.4976190476190476,2.7353751631761165,"[[40.000003814697266, 4.0], [36.000003814697266, 5.0], 0.2862575352191925]",0.008921468348675986,0.0,0.00909194226616661,0.002380952380952381,,25.568304538726807,3.31123685836792
lfw_x_fing,7,0.01,li_V>ri_V>face_S,3,S2-Symmetric,rule,xfit,300,True,0.009269822350871218,0.0011904761904761906,0.010613542198762699,0.005952380952380952,1.4976190476190476,2.7353751631761165,"[[40.000003814697266, 4.0], [36.000003814697266, 5.0], 0.2862575352191925]",0.008921468348675986,0.0,0.00909194226616661,0.002380952380952381,,25.568304538726807,3.31123685836792
lfw_x_fing,7,0.01,li_V>ri_V>face_S,3,S3-SPRT,rule,xfit,300,True,0.00935637663885578,0.016666666666666666,0.008269481809410296,0.023809523809523808,1.3297619047619047,2.059205970826948,"[[4.685448996422209, -3.8975469905279927], [4.685448996422209, -3.8975469905279927], -8.768713502764713]",0.008154335719968177,0.011904761904761904,0.008427093987953176,0.02142857142857143,,25.568304538726807,3.31123685836792
lfw_x_fing,7,0.01,li_V>ri_V>face_S,3,S4-Direct,rule,xfit,300,True,0.008497928372779386,0.0035714285714285713,0.008449684999148646,0.004761904761904762,1.2107142857142856,2.6250510812191385,"[[18.000001907348633, 4.000000476837158], [36.000003814697266, 3.000000238418579], 0.35053110122680664]",0.00829639731787703,0.004761904761904762,0.008421411524036823,0.002380952380952381,,25.568304538726807,3.31123685836792
lfw_x_fing,7,0.01,ri_V>face_S>li_V,3,LR-P1-N2,GP,xfit,300,True,0.006700153243657415,0.005952380952380952,0.006236165503150009,0.014285714285714285,1.0869047619047618,1.6288750780407515,"[[19.000001907348633, 5.000000476837158], [0.34477588534355164, 0.343209445476532], 8.000000953674316]",0.007495169905671099,0.002380952380952381,0.006057506534833504,0.009523809523809525,,25.568304538726807,3.31123685836792
lfw_x_fing,7,0.01,ri_V>face_S>li_V,3,HYP,GP,xfit,300,True,0.006393665928826835,0.005952380952380952,0.005851637436857938,0.014285714285714285,1.0869047619047618,1.6295292014302742,"[[19.000001907348633, 5.000000476837158], [0.36294394731521606, 0.343209445476532], 7.000000476837158]",0.0071087623593590185,0.002380952380952381,0.005796113194681214,0.009523809523809525,,25.568304538726807,3.31123685836792
lfw_x_fing,7,0.01,ri_V>face_S>li_V,3,S1-Marcialis,rule,xfit,300,True,0.001662977467506669,0.0011904761904761906,0.0019226403314603552,0.009523809523809525,1.2202380952380953,1.8099296214314093,"[[36.000003814697266, 5.0], [0.46664342284202576, 0.34048816561698914], -Infinity]",0.001738833958404364,0.0,0.0016592794635754062,0.002380952380952381,,25.568304538726807,3.31123685836792
lfw_x_fing,7,0.01,ri_V>face_S>li_V,3,S2-Symmetric,rule,xfit,300,True,0.001662977467506669,0.0011904761904761906,0.0019226403314603552,0.009523809523809525,1.2202380952380953,1.8099296214314093,"[[36.000003814697266, 5.0], [0.46664342284202576, 0.34048816561698914], -Infinity]",0.001738833958404364,0.0,0.0016592794635754062,0.002380952380952381,,25.568304538726807,3.31123685836792
lfw_x_fing,7,0.01,ri_V>face_S>li_V,3,S3-SPRT,rule,xfit,300,True,0.0040623758442590386,0.004761904761904762,0.0045561609625971965,0.007142857142857143,1.1666666666666667,1.8299960270162892,"[[4.815136334160105, -3.972948275775301], [4.815136334160105, -3.972948275775301], -Infinity]",0.0041936583702693484,0.002380952380952381,0.0038299806796226843,0.007142857142857143,,25.568304538726807,3.31123685836792
lfw_x_fing,7,0.01,ri_V>face_S>li_V,3,S4-Direct,rule,xfit,300,True,0.008350360406379476,0.0,0.008705091094840797,0.0011904761904761906,1.223809523809524,2.4293149440944437,"[[36.000003814697266, 3.000000238418579], [0.3260727524757385, 0.08542410284280777], 18.0]",0.008228207750880782,0.0,0.008330492101375157,0.0,,25.568304538726807,3.31123685836792
lfw_x_fing,7,0.01,ri_V>li_V>face_S,3,LR-P1-N2,GP,xfit,300,False,,,,,,,,,,,,,25.568304538726807,3.31123685836792
lfw_x_fing,7,0.01,ri_V>li_V>face_S,3,HYP,GP,xfit,300,False,,,,,,,,,,,,,25.568304538726807,3.31123685836792
lfw_x_fing,7,0.01,ri_V>li_V>face_S,3,S1-Marcialis,rule,xfit,300,True,0.009269822350871218,0.0011904761904761906,0.010613542198762699,0.008333333333333333,1.3511904761904763,2.586510301379193,"[[36.000003814697266, 5.0], [40.000003814697266, 4.0], 0.2862575352191925]",0.008921468348675986,0.0,0.00909194226616661,0.002380952380952381,,25.568304538726807,3.31123685836792
lfw_x_fing,7,0.01,ri_V>li_V>face_S,3,S2-Symmetric,rule,xfit,300,True,0.009269822350871218,0.0011904761904761906,0.010613542198762699,0.008333333333333333,1.3511904761904763,2.586510301379193,"[[36.000003814697266, 5.0], [40.000003814697266, 4.0], 0.2862575352191925]",0.008921468348675986,0.0,0.00909194226616661,0.002380952380952381,,25.568304538726807,3.31123685836792
lfw_x_fing,7,0.01,ri_V>li_V>face_S,3,S3-SPRT,rule,xfit,300,True,0.009342187411317327,0.01904761904761905,0.008262387195641069,0.025,1.2273809523809525,1.8845720528974403,"[[4.815136334160105, -3.972948275775301], [4.815136334160105, -3.972948275775301], -8.785025543300025]",0.008205477895215365,0.011904761904761904,0.008410046596204115,0.02619047619047619,,25.568304538726807,3.31123685836792
lfw_x_fing,7,0.01,ri_V>li_V>face_S,3,S4-Direct,rule,xfit,300,True,0.009441512004086498,0.0011904761904761906,0.010484420228162778,0.002380952380952381,1.2011904761904761,2.7382470628298994,"[[23.000001907348633, 3.000000238418579], [40.000003814697266, 4.000000476837158], 0.29195329546928406]",0.008983975451755881,0.0,0.009086259802250255,0.002380952380952381,,25.568304538726807,3.31123685836792
lfw_x_fing,7,0.01,parallel,3,P0-Parallel,parallel,xfit,300,True,0.00917901129462512,0.0035714285714285713,0.008387252397979455,0.005952380952380952,1.0,1.0,[5.30607795715332],0.008097511080804637,0.007142857142857143,0.008267984998295261,0.002380952380952381,,25.568304538726807,3.31123685836792
lfw_x_fing,7,0.01,parallel,3,P1-LLR,parallel,xfit,300,True,0.009336511720301947,0.0,0.009696918099778648,0.0011904761904761906,1.0,1.0,[-7.5989805525627965],0.008671439936356403,0.0,0.008807819070348904,0.0,,25.568304538726807,3.31123685836792
lfw_x_fing,7,0.01,parallel,3,P2-LogReg,parallel,xfit,300,True,0.009258470968840457,0.0,0.010551109597593507,0.0011904761904761906,1.0,1.0,[-5.609016945316782],0.008910103420843278,0.0,0.009046482554835776,0.0,,25.568304538726807,3.31123685836792
lfw_x_fing,7,0.001,face_S,1,LR-P1-N2,GP,xfit,300,True,0.0007548669050456893,0.010714285714285714,0.0008854077983994551,0.015476190476190477,1.0,1.0,[0.3661794662475586],0.0007671326287078077,0.004761904761904762,0.000778497556540516,0.016666666666666666,,25.568304538726807,3.31123685836792
lfw_x_fing,7,0.001,face_S,1,HYP,GP,xfit,300,True,0.0007548669050456893,0.010714285714285714,0.0008854077983994551,0.015476190476190477,1.0,1.0,[0.3661794662475586],0.0007671326287078077,0.004761904761904762,0.000778497556540516,0.016666666666666666,,25.568304538726807,3.31123685836792
lfw_x_fing,7,0.001,li_V,1,LR-P1-N2,GP,xfit,300,True,0.0006796639990918895,0.16785714285714284,0.0006512855440149838,0.20952380952380953,1.0,1.0,[26.0],0.0007046255256279122,0.1523809523809524,0.0007273553812933288,0.18333333333333332,,25.568304538726807,3.31123685836792
lfw_x_fing,7,0.001,li_V,1,HYP,GP,xfit,300,False,,,,,,,,,,,,,25.568304538726807,3.31123685836792
lfw_x_fing,7,0.001,ri_V,1,LR-P1-N2,GP,xfit,300,True,0.0005079743458766105,0.13214285714285715,0.0004937851183381577,0.14166666666666666,1.0,1.0,[26.000001907348633],0.0005966587112171838,0.11666666666666667,0.0004375497215592681,0.14761904761904762,,25.568304538726807,3.31123685836792
lfw_x_fing,7,0.001,ri_V,1,HYP,GP,xfit,300,False,,,,,,,,,,,,,25.568304538726807,3.31123685836792
lfw_x_fing,7,0.001,face_S>li_V,2,LR-P1-N2,GP,xfit,300,True,0.0007818264373687496,0.007142857142857143,0.0009237187127532778,0.011904761904761904,1.0035714285714286,1.0013224360065838,"[[0.36820587515830994, 0.343209445476532], 12.0]",0.0007444027730423912,0.002380952380952381,0.000778497556540516,0.011904761904761904,,25.568304538726807,3.31123685836792
lfw_x_fing,7,0.001,face_S>li_V,2,HYP,GP,xfit,300,True,0.0006895964583688065,0.007142857142857143,0.0008016913559225836,0.011904761904761904,1.005952380952381,1.0016033827118451,"[[0.37935665249824524, 0.343209445476532], 10.0]",0.0006023411751335379,0.002380952380952381,0.0007103079895442664,0.011904761904761904,,25.568304538726807,3.31123685836792
lfw_x_fing,7,0.001,face_S>li_V,2,S1-Marcialis,rule,xfit,300,True,0.000708042454168795,0.007142857142857143,0.0008513536523071684,0.011904761904761904,1.0333333333333334,1.002348317157614,"[[0.46664342284202576, 0.34048816561698914], 8.0]",0.0007444027730423912,0.0,0.000738720309126037,0.014285714285714285,,25.568304538726807,3.31123685836792
lfw_x_fing,7,0.001,face_S>li_V,2,S2-Symmetric,rule,xfit,300,True,0.000708042454168795,0.007142857142857143,0.0008513536523071684,0.011904761904761904,1.0333333333333334,1.002348317157614,"[[0.46664342284202576, 0.34048816561698914], 8.0]",0.0007444027730423912,0.0,0.000738720309126037,0.014285714285714285,,25.568304538726807,3.31123685836792
lfw_x_fing,7,0.001,face_S>li_V,2,S3-SPRT,rule,xfit,300,True,0.0007534479822918441,0.008333333333333333,0.0008470968840456326,0.011904761904761904,1.0238095238095237,1.0019084511039218,"[[6.40592358367966, 0.7499700103680917], -1.0674640393874482]",0.0007955449482895784,0.002380952380952381,0.0007841800204568701,0.014285714285714285,,25.568304538726807,3.31123685836792
lfw_x_fing,7,0.001,face_S>li_V,2,S4-Direct,rule,xfit,300,True,0.0004952040410920029,0.007142857142857143,0.0005732447925534934,0.013095238095238096,1.0333333333333334,1.003421022759521,"[[0.46664342284202576, 0.3298465609550476], 10.0]",0.0007671326287078077,0.0,0.0005000568246391635,0.014285714285714285,,25.568304538726807,3.31123685836792
lfw_x_fing,7,0.001,face_S>ri_V,2,LR-P1-N2,GP,xfit,300,True,0.000763380441568761,0.007142857142857143,0.0009123673307225154,0.011904761904761904,1.0035714285714286,1.0013508144616607,"[[0.36912280321121216, 0.343209445476532], 12.0]",0.0007557677008750995,0.002380952380952381,0.0007671326287078077,0.011904761904761904,,25.568304538726807,3.31123685836792
lfw_x_fing,7,0.001,face_S>ri_V,2,HYP,GP,xfit,300,True,0.0006597990805380555,0.007142857142857143,0.0008002724331687383,0.013095238095238096,1.005952380952381,1.0016033827118451,"[[0.37935665249824524, 0.343209445476532], 9.000000953674316]",0.0006648482782134333,0.002380952380952381,0.0006364359586316627,0.011904761904761904,,25.568304538726807,3.31123685836792
lfw_x_fing,7,0.001,face_S>ri_V,2,S1-Marcialis,rule,xfit,300,True,0.0006754072308303536,0.007142857142857143,0.0007591236733072252,0.011904761904761904,1.0333333333333334,1.002348317157614,"[[0.46664342284202576, 0.34048816561698914], 8.0]",0.000738720309126037,0.0,0.0006875781338788498,0.014285714285714285,,25.568304538726807,3.31123685836792
lfw_x_fing,7,0.001,face_S>ri_V,2,S2-Symmetric,rule,xfit,300,True,0.0006754072308303536,0.007142857142857143,0.0007591236733072252,0.011904761904761904,1.0333333333333334,1.002348317157614,"[[0.46664342284202576, 0.34048816561698914], 8.0]",0.000738720309126037,0.0,0.0006875781338788498,0.014285714285714285,,25.568304538726807,3.31123685836792
lfw_x_fing,7,0.001,face_S>ri_V,2,S3-SPRT,rule,xfit,300,True,0.0007761507463533685,0.008333333333333333,0.000925137635507123,0.011904761904761904,1.0238095238095237,1.0019084511039218,"[[6.40592358367966, 0.7499700103680917], -1.4369615295871725]",0.0007728150926241619,0.002380952380952381,0.0007898624843732243,0.014285714285714285,,25.568304538726807,3.31123685836792
lfw_x_fing,7,0.001,face_S>ri_V,2,S4-Direct,rule,xfit,300,True,0.0006668936943072819,0.007142857142857143,0.0007931778193995118,0.011904761904761904,1.0333333333333334,1.003421022759521,"[[0.46664342284202576, 0.3298465609550476], 9.0]",0.0007216729173769746,0.0,0.0006478008864643709,0.014285714285714285,,25.568304538726807,3.31123685836792
lfw_x_fing,7,0.001,li_V>face_S,2,LR-P1-N2,GP,xfit,300,True,0.0007236506044610931,0.004761904761904762,0.0008215562744764175,0.005952380952380952,1.2583333333333333,1.8405740961462058,"[[30.000001907348633, 4.000000476837158], 0.36764073371887207]",0.0007500852369587453,0.004761904761904762,0.0006875781338788498,0.004761904761904762,,25.568304538726807,3.31123685836792
lfw_x_fing,7,0.001,li_V>face_S,2,HYP,GP,xfit,300,False,,,,,,,,,,,,,25.568304538726807,3.31123685836792
lfw_x_fing,7,0.001,li_V>face_S,2,S1-Marcialis,rule,xfit,300,True,0.0008158805834610364,0.0011904761904761906,0.0009364890175378852,0.0035714285714285713,1.3607142857142858,1.956895964583688,"[[40.000003814697266, 4.0], 0.3636088967323303]",0.0007728150926241619,0.0,0.0008069098761222867,0.002380952380952381,,25.568304538726807,3.31123685836792
lfw_x_fing,7,0.001,li_V>face_S,2,S2-Symmetric,rule,xfit,300,True,0.0008158805834610364,0.0011904761904761906,0.0009364890175378852,0.0035714285714285713,1.3607142857142858,1.956895964583688,"[[40.000003814697266, 4.0], 0.3636088967323303]",0.0007728150926241619,0.0,0.0008069098761222867,0.002380952380952381,,25.568304538726807,3.31123685836792
lfw_x_fing,7,0.001,li_V>face_S,2,S3-SPRT,rule,xfit,300,True,0.0008059481241841194,0.0,0.0009393268630455757,0.0011904761904761906,1.3095238095238095,1.999973040467677,"[[7.047745025749011, -3.8975469905279927], -0.8210590209281348]",0.0007500852369587453,0.0,0.0007898624843732243,0.0,,25.568304538726807,3.31123685836792
lfw_x_fing,7,0.001,li_V>face_S,2,S4-Direct,rule,xfit,300,True,0.0007690561325841421,0.004761904761904762,0.000899597025937908,0.007142857142857143,1.3571428571428572,1.8406847721210058,"[[40.000003814697266, 4.000000476837158], 0.3617854118347168]",0.0007898624843732243,0.004761904761904762,0.0007898624843732243,0.004761904761904762,,25.568304538726807,3.31123685836792
lfw_x_fing,7,0.001,li_V>ri_V,2,LR-P1-N2,GP,xfit,300,True,0.0006101367841534707,0.06666666666666667,0.0005633123332765764,0.075,1.2345238095238096,1.8404620012486521,"[[28.000001907348633, 4.000000476837158], 27.000001907348633]",0.000653483350380725,0.06190476190476191,0.0005171042163882259,0.07380952380952381,,25.568304538726807,3.31123685836792
lfw_x_fing,7,0.001,li_V>ri_V,2,HYP,GP,xfit,300,False,,,,,,,,,,,,,25.568304538726807,3.31123685836792
lfw_x_fing,7,0.001,li_V>ri_V,2,S1-Marcialis,rule,xfit,300,True,0.0007208127589534025,0.07976190476190476,0.0006583801577842103,0.09642857142857143,1.3607142857142858,1.956895964583688,"[[40.000003814697266, 4.0], 26.0]",0.0005966587112171838,0.07857142857142857,0.0006137061029662462,0.08095238095238096,,25.568304538726807,3.31123685836792
lfw_x_fing,7,0.001,li_V>ri_V,2,S2-Symmetric,rule,xfit,300,True,0.0007208127589534025,0.07976190476190476,0.0006583801577842103,0.09642857142857143,1.3607142857142858,1.956895964583688,"[[40.000003814697266, 4.0], 26.0]",0.0005966587112171838,0.07857142857142857,0.0006137061029662462,0.08095238095238096,,25.568304538726807,3.31123685836792
lfw_x_fing,7,0.001,li_V>ri_V,2,S3-SPRT,rule,xfit,300,True,0.0007619615188149157,0.058333333333333334,0.0007562858277995346,0.07023809523809524,1.3095238095238095,1.999973040467677,"[[7.047745025749011, -3.8975469905279927], 2.2437465895490596]",0.0006818956699624957,0.05714285714285714,0.0006875781338788498,0.06190476190476191,,25.568304538726807,3.31123685836792
lfw_x_fing,7,0.001,li_V>ri_V,2,S4-Direct,rule,xfit,300,True,0.0008201373517225723,0.060714285714285714,0.0007846642828764402,0.07142857142857142,1.2202380952380953,1.8403740280379137,"[[27.000001907348633, 4.000000476837158], 27.0]",0.0007330378452096829,0.05952380952380952,0.000738720309126037,0.06666666666666667,,25.568304538726807,3.31123685836792
lfw_x_fing,7,0.001,ri_V>face_S,2,LR-P1-N2,GP,xfit,300,True,0.0006668936943072819,0.005952380952380952,0.0007052046086611044,0.014285714285714285,1.1571428571428573,1.6336341449571485,"[[30.000001907348633, 5.000000476837158], 0.36491721868515015]",0.0006250710307989545,0.002380952380952381,0.0007273553812933288,0.009523809523809525,,25.568304538726807,3.31123685836792
lfw_x_fing,7,0.001,ri_V>face_S,2,HYP,GP,xfit,300,False,,,,,,,,,,,,,25.568304538726807,3.31123685836792
lfw_x_fing,7,0.001,ri_V>face_S,2,S1-Marcialis,rule,xfit,300,True,0.0007335830637380101,0.0011904761904761906,0.0008087859696918099,0.009523809523809525,1.2142857142857142,1.8080311027867644,"[[36.000003814697266, 5.0], 0.36322253942489624]",0.0007841800204568701,0.0,0.0007841800204568701,0.002380952380952381,,25.568304538726807,3.31123685836792
lfw_x_fing,7,0.001,ri_V>face_S,2,S2-Symmetric,rule,xfit,300,True,0.0007335830637380101,0.0011904761904761906,0.0008087859696918099,0.009523809523809525,1.2142857142857142,1.8080311027867644,"[[36.000003814697266, 5.0], 0.36322253942489624]",0.0007841800204568701,0.0,0.0007841800204568701,0.002380952380952381,,25.568304538726807,3.31123685836792
lfw_x_fing,7,0.001,ri_V>face_S,2,S3-SPRT,rule,xfit,300,True,0.0007818264373687496,0.004761904761904762,0.000879732107384074,0.007142857142857143,1.2047619047619047,1.8257108802996764,"[[6.285501891456584, -3.972948275775301], -1.15494267823335]",0.000778497556540516,0.002380952380952381,0.0007728150926241619,0.007142857142857143,,25.568304538726807,3.31123685836792
lfw_x_fing,7,0.001,ri_V>face_S,2,S4-Direct,rule,xfit,300,True,0.0007804075146149044,0.0,0.0009010159486917532,0.002380952380952381,1.2214285714285715,1.9422001816221124,"[[36.000003814697266, 3.000000238418579], 0.36427173018455505]",0.0007841800204568701,0.0,0.0008012274122059325,0.0,,25.568304538726807,3.31123685836792
lfw_x_fing,7,0.001,ri_V>li_V,2,LR-P1-N2,GP,xfit,300,True,0.0005391906464612067,0.06785714285714285,0.0005221635734150633,0.075,1.1416666666666666,1.6335163743685794,"[[28.000001907348633, 5.000000476837158], 27.000001907348633]",0.000653483350380725,0.05714285714285714,0.0005000568246391635,0.07857142857142857,,25.568304538726807,3.31123685836792
lfw_x_fing,7,0.001,ri_V>li_V,2,HYP,GP,xfit,300,False,,,,,,,,,,,,,25.568304538726807,3.31123685836792
lfw_x_fing,7,0.001,ri_V>li_V,2,S1-Marcialis,rule,xfit,300,True,0.0006612180032919008,0.07738095238095238,0.0006058800158919348,0.10119047619047619,1.2142857142857142,1.8080311027867644,"[[36.000003814697266, 5.0], 26.0]",0.000653483350380725,0.07142857142857142,0.0007103079895442664,0.08333333333333333,,25.568304538726807,3.31123685836792
lfw_x_fing,7,0.001,ri_V>li_V,2,S2-Symmetric,rule,xfit,300,True,0.0006612180032919008,0.07738095238095238,0.0006058800158919348,0.10119047619047619,1.2142857142857142,1.8080311027867644,"[[36.000003814697266, 5.0], 26.0]",0.000653483350380725,0.07142857142857142,0.0007103079895442664,0.08333333333333333,,25.568304538726807,3.31123685836792
lfw_x_fing,7,0.001,ri_V>li_V,2,S3-SPRT,rule,xfit,300,False,,,,,,,,,,,,,25.568304538726807,3.31123685836792
lfw_x_fing,7,0.001,ri_V>li_V,2,S4-Direct,rule,xfit,300,True,0.0007052046086611044,0.0630952380952381,0.0006640558487995914,0.07976190476190476,1.1107142857142858,1.3257591236733073,"[[26.000001907348633, 7.000000476837158], 28.0]",0.0007159904534606205,0.06190476190476191,0.0006307534947153086,0.07380952380952381,,25.568304538726807,3.31123685836792
lfw_x_fing,7,0.001,face_S>li_V>ri_V,3,LR-P1-N2,GP,xfit,300,False,,,,,,,,,,,,,25.568304538726807,3.31123685836792
lfw_x_fing,7,0.001,face_S>li_V>ri_V,3,HYP,GP,xfit,300,True,0.0006810829218457347,0.007142857142857143,0.0008300698109994891,0.011904761904761904,1.005952380952381,1.00273426414666,"[[0.37692102789878845, 0.343209445476532], [11.000000953674316, 4.000000476837158], 11.000000953674316]",0.0006875781338788498,0.002380952380952381,0.0006648482782134333,0.011904761904761904,,25.568304538726807,3.31123685836792
lfw_x_fing,7,0.001,face_S>li_V>ri_V,3,S1-Marcialis,rule,xfit,300,True,0.0006555423122765197,0.007142857142857143,0.0007449344457687723,0.011904761904761904,1.0416666666666667,1.004621431409274,"[[0.46664342284202576, 0.34048816561698914], [40.000003814697266, 4.0], 8.0]",0.0007273553812933288,0.0,0.000653483350380725,0.014285714285714285,,25.568304538726807,3.31123685836792
lfw_x_fing,7,0.001,face_S>li_V>ri_V,3,S2-Symmetric,rule,xfit,300,True,0.00022135194959986378,0.008333333333333333,0.0002937170100459731,0.013095238095238096,1.0345238095238096,1.0025356149611215,"[[0.46664342284202576, 0.34048816561698914], [13.000000953674316, 11.0], -Infinity]",0.00022729855665416524,0.0,0.0002216160927378111,0.016666666666666666,,25.568304538726807,3.31123685836792
lfw_x_fing,7,0.001,face_S>li_V>ri_V,3,S3-SPRT,rule,xfit,300,True,0.00024547363641523357,0.008333333333333333,0.00031925761961518813,0.013095238095238096,1.026190476190476,1.002183722118168,"[[6.40592358367966, 0.7499700103680917], [6.40592358367966, 0.7499700103680917], -Infinity]",0.0002216160927378111,0.002380952380952381,0.00021593362882145698,0.014285714285714285,,25.568304538726807,3.31123685836792
lfw_x_fing,7,0.001,face_S>li_V>ri_V,3,S4-Direct,rule,xfit,300,True,0.0008215562744764175,0.0011904761904761906,0.0009095294852148249,0.0011904761904761906,1.019047619047619,1.7073812361655032,"[[0.3844117820262909, 0.08542410284280777], [28.000001907348633, 7.000000476837158], 25.0]",0.0007046255256279122,0.0,0.000738720309126037,0.002380952380952381,,25.568304538726807,3.31123685836792
lfw_x_fing,7,0.001,face_S>ri_V>li_V,3,LR-P1-N2,GP,xfit,300,False,,,,,,,,,,,,,25.568304538726807,3.31123685836792
lfw_x_fing,7,0.001,face_S>ri_V>li_V,3,HYP,GP,xfit,300,True,0.0006399341619842216,0.007142857142857143,0.0007761507463533685,0.011904761904761904,1.0071428571428571,1.0024547363641523,"[[0.37935665249824524, 0.343209445476532], [11.000000953674316, 5.000000476837158], 10.000000953674316]",0.0006307534947153086,0.002380952380952381,0.0006307534947153086,0.011904761904761904,,25.568304538726807,3.31123685836792
lfw_x_fing,7,0.001,face_S>ri_V>li_V,3,S1-Marcialis,rule,xfit,300,True,0.000627163857199614,0.005952380952380952,0.0007208127589534025,0.011904761904761904,1.0392857142857144,1.004246835802259,"[[0.46664342284202576, 0.34048816561698914], [36.000003814697266, 5.0], 8.0]",0.0006478008864643709,0.0,0.0006307534947153086,0.011904761904761904,,25.568304538726807,3.31123685836792
lfw_x_fing,7,0.001,face_S>ri_V>li_V,3,S2-Symmetric,rule,xfit,300,True,0.0004725012770304785,0.007142857142857143,0.0005462852602304331,0.011904761904761904,1.036904761904762,1.0028307508939214,"[[0.46664342284202576, 0.34048816561698914], [15.000000953674316, 9.0], -Infinity]",0.0005511989998863507,0.0,0.00047732696897374703,0.014285714285714285,,25.568304538726807,3.31123685836792
lfw_x_fing,7,0.001,face_S>ri_V>li_V,3,S3-SPRT,rule,xfit,300,True,0.00020432487655372043,0.008333333333333333,0.00027385209149213916,0.013095238095238096,1.026190476190476,1.0021383165900448,"[[6.40592358367966, 0.7499700103680917], [6.40592358367966, 0.7499700103680917], -Infinity]",0.00017615638140697806,0.002380952380952381,0.0001988862370723946,0.014285714285714285,,25.568304538726807,3.31123685836792
lfw_x_fing,7,0.001,face_S>ri_V>li_V,3,S4-Direct,rule,xfit,300,True,0.0006881775356149611,0.0011904761904761906,0.0007520290595379988,0.0011904761904761906,1.0214285714285714,1.7609015835177932,"[[0.3844117820262909, 0.08542410284280777], [28.000001907348633, 6.000000476837158], 27.0]",0.000738720309126037,0.0,0.0006875781338788498,0.002380952380952381,,25.568304538726807,3.31123685836792
lfw_x_fing,7,0.001,li_V>face_S>ri_V,3,LR-P1-N2,GP,xfit,300,True,0.000611555706907316,0.004761904761904762,0.0006583801577842103,0.004761904761904762,1.2214285714285715,1.8419078835348204,"[[27.000001907348633, 4.000000476837158], [0.39215341210365295, 0.343209445476532], 13.000000953674316]",0.0006875781338788498,0.004761904761904762,0.0005398340720536425,0.004761904761904762,,25.568304538726807,3.31123685836792
lfw_x_fing,7,0.001,li_V>face_S>ri_V,3,HYP,GP,xfit,300,False,,,,,,,,,,,,,25.568304538726807,3.31123685836792
lfw_x_fing,7,0.001,li_V>face_S>ri_V,3,S1-Marcialis,rule,xfit,300,True,0.0006583801577842103,0.002380952380952381,0.0007506101367841534,0.002380952380952381,1.369047619047619,1.9591690788353482,"[[40.000003814697266, 4.0], [0.46664342284202576, 0.34048816561698914], 8.0]",0.0007273553812933288,0.0,0.000653483350380725,0.004761904761904762,,25.568304538726807,3.31123685836792
lfw_x_fing,7,0.001,li_V>face_S>ri_V,3,S2-Symmetric,rule,xfit,300,True,0.0006583801577842103,0.002380952380952381,0.0007506101367841534,0.002380952380952381,1.369047619047619,1.9591690788353482,"[[40.000003814697266, 4.0], [0.46664342284202576, 0.34048816561698914], 8.0]",0.0007273553812933288,0.0,0.000653483350380725,0.004761904761904762,,25.568304538726807,3.31123685836792
lfw_x_fing,7,0.001,li_V>face_S>ri_V,3,S3-SPRT,rule,xfit,300,True,0.0008158805834610364,0.0,0.0009677053181224814,0.0011904761904761906,1.3154761904761905,2.005878596969181,"[[7.047745025749011, -3.8975469905279927], [7.047745025749011, -3.8975469905279927], -3.78251534604765]",0.0007159904534606205,0.0,0.0007671326287078077,0.0,,25.568304538726807,3.31123685836792
lfw_x_fing,7,0.001,li_V>face_S>ri_V,3,S4-Direct,rule,xfit,300,True,0.0008031102786764288,0.0035714285714285713,0.0008598671888302401,0.005952380952380952,1.361904761904762,2.2786182530223056,"[[40.000003814697266, 4.000000476837158], [0.3844117820262909, 0.08542410284280777], 25.0]",0.0007273553812933288,0.004761904761904762,0.0006989430617115581,0.002380952380952381,,25.568304538726807,3.31123685836792
lfw_x_fing,7,0.001,li_V>ri_V>face_S,3,LR-P1-N2,GP,xfit,300,True,0.0005945286338611726,0.005952380952380952,0.0006200692434303876,0.013095238095238096,1.3,2.3887663885578068,"[[26.000001907348633, 4.000000476837158], [34.000003814697266, 5.000000476837158], 0.3985133767127991]",0.0006023411751335379,0.007142857142857143,0.0005852937833844755,0.004761904761904762,,25.568304538726807,3.31123685836792
lfw_x_fing,7,0.001,li_V>ri_V>face_S,3,HYP,GP,xfit,300,False,,,,,,,,,,,,,25.568304538726807,3.31123685836792
lfw_x_fing,7,0.001,li_V>ri_V>face_S,3,S1-Marcialis,rule,xfit,300,True,0.0007789885918610591,0.0011904761904761906,0.000889664566660991,0.005952380952380952,1.4976190476190476,2.7353751631761165,"[[40.000003814697266, 4.0], [36.000003814697266, 5.0], 0.35992932319641113]",0.0007728150926241619,0.0,0.0008069098761222867,0.002380952380952381,,25.568304538726807,3.31123685836792
lfw_x_fing,7,0.001,li_V>ri_V>face_S,3,S2-Symmetric,rule,xfit,300,True,0.0007789885918610591,0.0011904761904761906,0.000889664566660991,0.005952380952380952,1.4976190476190476,2.7353751631761165,"[[40.000003814697266, 4.0], [36.000003814697266, 5.0], 0.35992932319641113]",0.0007728150926241619,0.0,0.0008069098761222867,0.002380952380952381,,25.568304538726807,3.31123685836792
lfw_x_fing,7,0.001,li_V>ri_V>face_S,3,S3-SPRT,rule,xfit,300,True,0.0009038537941994438,0.016666666666666666,0.0009066916397071343,0.023809523809523808,1.3964285714285714,2.0594755661501787,"[[7.047745025749011, -3.8975469905279927], [7.047745025749011, -3.8975469905279927], -4.599891412386818]",0.000693260597795204,0.011904761904761904,0.0007557677008750995,0.02142857142857143,,25.568304538726807,3.31123685836792
lfw_x_fing,7,0.001,li_V>ri_V>face_S,3,S4-Direct,rule,xfit,300,True,0.0007761507463533685,0.0035714285714285713,0.0008939213349225268,0.004761904761904762,1.4964285714285714,2.639214768148022,"[[40.000003814697266, 4.000000476837158], [36.000003814697266, 3.000000238418579], 0.3602716624736786]",0.0008012274122059325,0.004761904761904762,0.0007898624843732243,0.002380952380952381,,25.568304538726807,3.31123685836792
lfw_x_fing,7,0.001,ri_V>face_S>li_V,3,LR-P1-N2,GP,xfit,300,True,0.0006399341619842216,0.005952380952380952,0.0006711504625688178,0.014285714285714285,1.138095238095238,1.6344798229184403,"[[27.000001907348633, 5.000000476837158], [0.3866480886936188, 0.343209445476532], 13.000000953674316]",0.0006648482782134333,0.002380952380952381,0.0005682463916354131,0.009523809523809525,,25.568304538726807,3.31123685836792
lfw_x_fing,7,0.001,ri_V>face_S>li_V,3,HYP,GP,xfit,300,False,,,,,,,,,,,,,25.568304538726807,3.31123685836792
lfw_x_fing,7,0.001,ri_V>face_S>li_V,3,S1-Marcialis,rule,xfit,300,True,0.0006413530847380668,0.0011904761904761906,0.000727907372722629,0.009523809523809525,1.2202380952380953,1.8099296214314093,"[[36.000003814697266, 5.0], [0.46664342284202576, 0.34048816561698914], 8.0]",0.0006478008864643709,0.0,0.0006478008864643709,0.002380952380952381,,25.568304538726807,3.31123685836792
lfw_x_fing,7,0.001,ri_V>face_S>li_V,3,S2-Symmetric,rule,xfit,300,True,0.0006413530847380668,0.0011904761904761906,0.000727907372722629,0.009523809523809525,1.2202380952380953,1.8099296214314093,"[[36.000003814697266, 5.0], [0.46664342284202576, 0.34048816561698914], 8.0]",0.0006478008864643709,0.0,0.0006478008864643709,0.002380952380952381,,25.568304538726807,3.31123685836792
lfw_x_fing,7,0.001,ri_V>face_S>li_V,3,S3-SPRT,rule,xfit,300,True,0.0008272319654917986,0.004761904761904762,0.0009336511720301946,0.007142857142857143,1.2083333333333333,1.8302400817299507,"[[6.285501891456584, -3.972948275775301], [6.285501891456584, -3.972948275775301], -3.948090632471142]",0.0007444027730423912,0.002380952380952381,0.000778497556540516,0.007142857142857143,,25.568304538726807,3.31123685836792
lfw_x_fing,7,0.001,ri_V>face_S>li_V,3,S4-Direct,rule,xfit,300,True,0.0007037856859072592,0.0,0.0007619615188149157,0.0011904761904761906,1.225,2.4325713718145185,"[[36.000003814697266, 3.000000238418579], [0.3844117820262909, 0.08542410284280777], 26.0]",0.0006307534947153086,0.0,0.0007103079895442664,0.0,,25.568304538726807,3.31123685836792
lfw_x_fing,7,0.001,ri_V>li_V>face_S,3,LR-P1-N2,GP,xfit,300,True,0.000611555706907316,0.005952380952380952,0.0006484476985072933,0.015476190476190477,1.2107142857142856,2.181722856007719,"[[26.000001907348633, 5.000000476837158], [35.000003814697266, 4.000000476837158], 0.4012705087661743]",0.0006648482782134333,0.002380952380952381,0.0005284691442209342,0.009523809523809525,,25.568304538726807,3.31123685836792
lfw_x_fing,7,0.001,ri_V>li_V>face_S,3,HYP,GP,xfit,300,False,,,,,,,,,,,,,25.568304538726807,3.31123685836792
lfw_x_fing,7,0.001,ri_V>li_V>face_S,3,S1-Marcialis,rule,xfit,300,True,0.0007789885918610591,0.0011904761904761906,0.000889664566660991,0.008333333333333333,1.3511904761904763,2.586510301379193,"[[36.000003814697266, 5.0], [40.000003814697266, 4.0], 0.35992932319641113]",0.0007728150926241619,0.0,0.0008069098761222867,0.002380952380952381,,25.568304538726807,3.31123685836792
lfw_x_fing,7,0.001,ri_V>li_V>face_S,3,S2-Symmetric,rule,xfit,300,True,0.0007789885918610591,0.0011904761904761906,0.000889664566660991,0.008333333333333333,1.3511904761904763,2.586510301379193,"[[36.000003814697266, 5.0], [40.000003814697266, 4.0], 0.35992932319641113]",0.0007728150926241619,0.0,0.0008069098761222867,0.002380952380952381,,25.568304538726807,3.31123685836792
lfw_x_fing,7,0.001,ri_V>li_V>face_S,3,S3-SPRT,rule,xfit,300,True,0.0008967591804302173,0.01904761904761905,0.0008981781031840627,0.025,1.2845238095238096,1.884868607752994,"[[6.285501891456584, -3.972948275775301], [6.285501891456584, -3.972948275775301], -4.599891412386818]",0.0006818956699624957,0.011904761904761904,0.0007444027730423912,0.02619047619047619,,25.568304538726807,3.31123685836792
lfw_x_fing,7,0.001,ri_V>li_V>face_S,3,S4-Direct,rule,xfit,300,False,,,,,,,,,,,,,25.568304538726807,3.31123685836792
lfw_x_fing,7,0.001,parallel,3,P0-Parallel,parallel,xfit,300,True,0.0008045292014302742,0.015476190476190477,0.0007477722912764629,0.016666666666666666,1.0,1.0,[8.369891166687012],0.0006648482782134333,0.014285714285714285,0.0006989430617115581,0.016666666666666666,,25.568304538726807,3.31123685836792
lfw_x_fing,7,0.001,parallel,3,P1-LLR,parallel,xfit,300,True,0.0008357455020148704,0.0,0.000970543163630172,0.0011904761904761906,1.0,1.0,[-3.5057302847334464],0.0007103079895442664,0.0,0.0007841800204568701,0.0,,25.568304538726807,3.31123685836792
lfw_x_fing,7,0.001,parallel,3,P2-LogReg,parallel,xfit,300,True,0.0008272319654917986,0.0,0.0009620296271071003,0.0011904761904761906,1.0,1.0,[-2.7676642274857564],0.0007557677008750995,0.0,0.000778497556540516,0.0,,25.568304538726807,3.31123685836792
lfw_x_fing,7,0.0001,face_S,1,LR-P1-N2,GP,xfit,300,True,4.39866053692037e-05,0.030952380952380953,8.79732107384074e-05,0.02738095238095238,1.0,1.0,[0.4262925088405609],3.977724741447892e-05,0.02142857142857143,5.1142175247187183e-05,0.03571428571428571,,25.568304538726807,3.31123685836792
lfw_x_fing,7,0.0001,face_S,1,HYP,GP,xfit,300,True,4.39866053692037e-05,0.030952380952380953,8.79732107384074e-05,0.02738095238095238,1.0,1.0,[0.4262925088405609],3.977724741447892e-05,0.02142857142857143,5.1142175247187183e-05,0.03571428571428571,,25.568304538726807,3.31123685836792
lfw_x_fing,7,0.0001,li_V,1,LR-P1-N2,GP,xfit,300,True,4.540552812304898e-05,0.2261904761904762,4.39866053692037e-05,0.2785714285714286,1.0,1.0,[33.0],3.409478349812479e-05,0.21666666666666667,2.8412319581770656e-05,0.24761904761904763,,25.568304538726807,3.31123685836792
lfw_x_fing,7,0.0001,li_V,1,HYP,GP,xfit,300,False,,,,,,,,,,,,,25.568304538726807,3.31123685836792
lfw_x_fing,7,0.0001,ri_V,1,LR-P1-N2,GP,xfit,300,True,4.114875986151314e-05,0.1761904761904762,3.6891991599977296e-05,0.1988095238095238,1.0,1.0,[34.0],2.8412319581770656e-05,0.17857142857142858,3.409478349812479e-05,0.1738095238095238,,25.568304538726807,3.31123685836792
lfw_x_fing,7,0.0001,ri_V,1,HYP,GP,xfit,300,False,,,,,,,,,,,,,25.568304538726807,3.31123685836792
lfw_x_fing,7,0.0001,face_S>li_V,2,LR-P1-N2,GP,xfit,300,False,,,,,,,,4.545971133083305e-05,0.002380952380952381,,,True,25.568304538726807,3.31123685836792
lfw_x_fing,7,0.0001,face_S>li_V,2,HYP,GP,xfit,300,True,6.1013678415347066e-05,0.016666666666666666,9.081105624609796e-05,0.01904761904761905,1.0166666666666666,1.0003447982291844,"[[0.44048821926116943, 0.38745245337486267], 11.0]",2.8412319581770656e-05,0.009523809523809525,5.1142175247187183e-05,0.023809523809523808,,25.568304538726807,3.31123685836792
lfw_x_fing,7,0.0001,face_S>li_V,2,S1-Marcialis,rule,xfit,300,True,4.540552812304898e-05,0.009523809523809525,7.094613769226404e-05,0.015476190476190477,1.0333333333333334,1.002348317157614,"[[0.46664342284202576, 0.34048816561698914], 16.0]",3.409478349812479e-05,0.0,4.545971133083305e-05,0.01904761904761905,,25.568304538726807,3.31123685836792
lfw_x_fing,7,0.0001,face_S>li_V,2,S2-Symmetric,rule,xfit,300,True,4.540552812304898e-05,0.009523809523809525,7.094613769226404e-05,0.015476190476190477,1.0333333333333334,1.002348317157614,"[[0.46664342284202576, 0.34048816561698914], 16.0]",3.409478349812479e-05,0.0,4.545971133083305e-05,0.01904761904761905,,25.568304538726807,3.31123685836792
lfw_x_fing,7,0.0001,face_S>li_V,2,S3-SPRT,rule,xfit,300,True,3.972983710766786e-05,0.011904761904761904,4.966229638458482e-05,0.015476190476190477,1.0238095238095237,1.0019169646404449,"[[6.724952958362635, 0.7499700103680917], 3.2512297446761727]",4.545971133083305e-05,0.002380952380952381,4.545971133083305e-05,0.02142857142857143,,25.568304538726807,3.31123685836792
lfw_x_fing,7,0.0001,face_S>li_V,2,S4-Direct,rule,xfit,300,True,4.39866053692037e-05,0.009523809523809525,6.1013678415347066e-05,0.015476190476190477,1.0333333333333334,1.0033770361541519,"[[0.46664342284202576, 0.33015674352645874], 17.0]",3.977724741447892e-05,0.0,4.545971133083305e-05,0.01904761904761905,,25.568304538726807,3.31123685836792
lfw_x_fing,7,0.0001,face_S>ri_V,2,LR-P1-N2,GP,xfit,300,False,,,,,,,,3.977724741447892e-05,0.002380952380952381,,,True,25.568304538726807,3.31123685836792
lfw_x_fing,7,0.0001,face_S>ri_V,2,HYP,GP,xfit,300,True,4.540552812304898e-05,0.011904761904761904,6.1013678415347066e-05,0.01904761904761905,1.0166666666666666,1.0005888529428457,"[[0.44048821926116943, 0.3747735619544983], 16.0]",2.8412319581770656e-05,0.007142857142857143,4.545971133083305e-05,0.016666666666666666,,25.568304538726807,3.31123685836792
lfw_x_fing,7,0.0001,face_S>ri_V,2,S1-Marcialis,rule,xfit,300,True,3.4054146092286736e-05,0.008333333333333333,4.39866053692037e-05,0.015476190476190477,1.0333333333333334,1.002348317157614,"[[0.46664342284202576, 0.34048816561698914], 18.0]",3.977724741447892e-05,0.002380952380952381,4.545971133083305e-05,0.014285714285714285,,25.568304538726807,3.31123685836792
lfw_x_fing,7,0.0001,face_S>ri_V,2,S2-Symmetric,rule,xfit,300,True,3.4054146092286736e-05,0.008333333333333333,4.39866053692037e-05,0.015476190476190477,1.0333333333333334,1.002348317157614,"[[0.46664342284202576, 0.34048816561698914], 18.0]",3.977724741447892e-05,0.002380952380952381,4.545971133083305e-05,0.014285714285714285,,25.568304538726807,3.31123685836792
lfw_x_fing,7,0.0001,face_S>ri_V,2,S3-SPRT,rule,xfit,300,True,3.972983710766786e-05,0.008333333333333333,4.256768261535842e-05,0.014285714285714285,1.0238095238095237,1.0019169646404449,"[[6.724952958362635, 0.7499700103680917], 3.8214734421455]",4.545971133083305e-05,0.002380952380952381,5.1142175247187183e-05,0.014285714285714285,,25.568304538726807,3.31123685836792
lfw_x_fing,7,0.0001,face_S>ri_V,2,S4-Direct,rule,xfit,300,True,4.114875986151314e-05,0.005952380952380952,7.378398319995459e-05,0.014285714285714285,1.0226190476190475,1.0033415630853055,"[[0.43682125210762024, 0.33015674352645874], 20.0]",3.977724741447892e-05,0.0,4.545971133083305e-05,0.011904761904761904,,25.568304538726807,3.31123685836792
lfw_x_fing,7,0.0001,li_V>face_S,2,LR-P1-N2,GP,xfit,300,True,4.682445087689426e-05,0.010714285714285714,8.939213349225268e-05,0.013095238095238096,1.3571428571428572,1.8406847721210058,"[[40.000003814697266, 4.000000476837158], 0.423610657453537]",3.409478349812479e-05,0.007142857142857143,5.1142175247187183e-05,0.014285714285714285,,25.568304538726807,3.31123685836792
lfw_x_fing,7,0.0001,li_V>face_S,2,HYP,GP,xfit,300,False,,,,,,,,,,,,,25.568304538726807,3.31123685836792
lfw_x_fing,7,0.0001,li_V>face_S,2,S1-Marcialis,rule,xfit,300,True,4.966229638458482e-05,0.007142857142857143,0.00010074351552301492,0.009523809523809525,1.3607142857142858,1.956895964583688,"[[40.000003814697266, 4.0], 0.423610657453537]",3.977724741447892e-05,0.002380952380952381,5.1142175247187183e-05,0.011904761904761904,,25.568304538726807,3.31123685836792
lfw_x_fing,7,0.0001,li_V>face_S,2,S2-Symmetric,rule,xfit,300,True,4.966229638458482e-05,0.007142857142857143,0.00010074351552301492,0.009523809523809525,1.3607142857142858,1.956895964583688,"[[40.000003814697266, 4.0], 0.423610657453537]",3.977724741447892e-05,0.002380952380952381,5.1142175247187183e-05,0.011904761904761904,,25.568304538726807,3.31123685836792
lfw_x_fing,7,0.0001,li_V>face_S,2,S3-SPRT,rule,xfit,300,True,4.824337363073954e-05,0.004761904761904762,7.094613769226404e-05,0.005952380952380952,1.3166666666666667,1.9999744593904307,"[[7.483660535828052, -3.8975469905279927], 3.366804875114372]",4.545971133083305e-05,0.0,4.545971133083305e-05,0.009523809523809525,,25.568304538726807,3.31123685836792
lfw_x_fing,7,0.0001,li_V>face_S,2,S4-Direct,rule,xfit,300,True,4.682445087689426e-05,0.010714285714285714,8.939213349225268e-05,0.013095238095238096,1.3571428571428572,1.8406847721210058,"[[40.000003814697266, 4.000000476837158], 0.423610657453537]",4.545971133083305e-05,0.007142857142857143,5.1142175247187183e-05,0.014285714285714285,,25.568304538726807,3.31123685836792
lfw_x_fing,7,0.0001,li_V>ri_V,2,LR-P1-N2,GP,xfit,300,True,4.39866053692037e-05,0.09404761904761905,3.4054146092286736e-05,0.125,1.3107142857142857,1.8406748396617287,"[[35.000003814697266, 4.000000476837158], 34.000003814697266]",2.8412319581770656e-05,0.09761904761904762,2.8412319581770656e-05,0.09047619047619047,,25.568304538726807,3.31123685836792
lfw_x_fing,7,0.0001,li_V>ri_V,2,HYP,GP,xfit,300,False,,,,,,,,,,,,,25.568304538726807,3.31123685836792
lfw_x_fing,7,0.0001,li_V>ri_V,2,S1-Marcialis,rule,xfit,300,True,4.39866053692037e-05,0.10595238095238095,4.256768261535842e-05,0.13333333333333333,1.3607142857142858,1.956895964583688,"[[40.000003814697266, 4.0], 34.0]",2.8412319581770656e-05,0.10952380952380952,3.409478349812479e-05,0.10238095238095238,,25.568304538726807,3.31123685836792
lfw_x_fing,7,0.0001,li_V>ri_V,2,S2-Symmetric,rule,xfit,300,True,4.39866053692037e-05,0.10595238095238095,4.256768261535842e-05,0.13333333333333333,1.3607142857142858,1.956895964583688,"[[40.000003814697266, 4.0], 34.0]",2.8412319581770656e-05,0.10952380952380952,3.409478349812479e-05,0.10238095238095238,,25.568304538726807,3.31123685836792
lfw_x_fing,7,0.0001,li_V>ri_V,2,S3-SPRT,rule,xfit,300,True,5.8175832907656505e-05,0.07976190476190476,6.385152392303763e-05,0.10238095238095238,1.3166666666666667,1.9999744593904307,"[[7.483660535828052, -3.8975469905279927], 6.2345991178727935]",4.545971133083305e-05,0.07380952380952381,4.545971133083305e-05,0.08571428571428572,,25.568304538726807,3.31123685836792
lfw_x_fing,7,0.0001,li_V>ri_V,2,S4-Direct,rule,xfit,300,True,5.675691015381123e-05,0.09404761904761905,4.966229638458482e-05,0.12142857142857143,1.3107142857142857,1.8406748396617287,"[[35.000003814697266, 4.000000476837158], 34.0]",4.545971133083305e-05,0.09761904761904762,3.409478349812479e-05,0.09047619047619047,,25.568304538726807,3.31123685836792
lfw_x_fing,7,0.0001,ri_V>face_S,2,LR-P1-N2,GP,xfit,300,True,3.547306884613202e-05,0.008333333333333333,5.391906464612067e-05,0.017857142857142856,1.2095238095238094,1.6337618480049947,"[[36.000003814697266, 5.000000476837158], 0.42820975184440613]",3.409478349812479e-05,0.002380952380952381,4.545971133083305e-05,0.011904761904761904,,25.568304538726807,3.31123685836792
lfw_x_fing,7,0.0001,ri_V>face_S,2,HYP,GP,xfit,300,False,,,,,,,,,,,,,25.568304538726807,3.31123685836792
lfw_x_fing,7,0.0001,ri_V>face_S,2,S1-Marcialis,rule,xfit,300,True,3.4054146092286736e-05,0.0035714285714285713,5.8175832907656505e-05,0.014285714285714285,1.2142857142857142,1.8080311027867644,"[[36.000003814697266, 5.0], 0.43303629755973816]",4.545971133083305e-05,0.0,4.545971133083305e-05,0.004761904761904762,,25.568304538726807,3.31123685836792
lfw_x_fing,7,0.0001,ri_V>face_S,2,S2-Symmetric,rule,xfit,300,True,3.4054146092286736e-05,0.0035714285714285713,5.8175832907656505e-05,0.014285714285714285,1.2142857142857142,1.8080311027867644,"[[36.000003814697266, 5.0], 0.43303629755973816]",4.545971133083305e-05,0.0,4.545971133083305e-05,0.004761904761904762,,25.568304538726807,3.31123685836792
lfw_x_fing,7,0.0001,ri_V>face_S,2,S3-SPRT,rule,xfit,300,True,4.682445087689426e-05,0.005952380952380952,3.972983710766786e-05,0.009523809523809525,1.2107142857142856,1.8257137181451841,"[[6.895986284982345, -3.972948275775301], 4.102014746819176]",4.545971133083305e-05,0.002380952380952381,5.1142175247187183e-05,0.009523809523809525,,25.568304538726807,3.31123685836792
lfw_x_fing,7,0.0001,ri_V>face_S,2,S4-Direct,rule,xfit,300,True,3.4054146092286736e-05,0.0035714285714285713,3.972983710766786e-05,0.007142857142857143,1.2214285714285715,1.9422001816221124,"[[36.000003814697266, 3.000000238418579], 0.44980061054229736]",4.545971133083305e-05,0.0,4.545971133083305e-05,0.002380952380952381,,25.568304538726807,3.31123685836792
lfw_x_fing,7,0.0001,ri_V>li_V,2,LR-P1-N2,GP,xfit,300,True,3.972983710766786e-05,0.09523809523809523,3.4054146092286736e-05,0.12738095238095237,1.1976190476190476,1.6337533344684716,"[[34.000003814697266, 5.000000476837158], 35.000003814697266]",2.8412319581770656e-05,0.09523809523809523,2.8412319581770656e-05,0.09523809523809523,,25.568304538726807,3.31123685836792
lfw_x_fing,7,0.0001,ri_V>li_V,2,HYP,GP,xfit,300,False,,,,,,,,,,,,,25.568304538726807,3.31123685836792
lfw_x_fing,7,0.0001,ri_V>li_V,2,S1-Marcialis,rule,xfit,300,True,5.959475566150179e-05,0.09285714285714286,5.391906464612067e-05,0.12023809523809524,1.2142857142857142,1.8080311027867644,"[[36.000003814697266, 5.0], 33.0]",3.409478349812479e-05,0.09761904761904762,4.545971133083305e-05,0.09523809523809523,,25.568304538726807,3.31123685836792
lfw_x_fing,7,0.0001,ri_V>li_V,2,S2-Symmetric,rule,xfit,300,True,5.959475566150179e-05,0.09285714285714286,5.391906464612067e-05,0.12023809523809524,1.2142857142857142,1.8080311027867644,"[[36.000003814697266, 5.0], 33.0]",3.409478349812479e-05,0.09761904761904762,4.545971133083305e-05,0.09523809523809523,,25.568304538726807,3.31123685836792
lfw_x_fing,7,0.0001,ri_V>li_V,2,S3-SPRT,rule,xfit,300,True,5.5337987399965944e-05,0.08452380952380953,5.2500141892275384e-05,0.10595238095238095,1.2107142857142856,1.8257137181451841,"[[6.895986284982345, -3.972948275775301], 6.2345991178727935]",3.977724741447892e-05,0.0880952380952381,4.545971133083305e-05,0.09285714285714286,,25.568304538726807,3.31123685836792
lfw_x_fing,7,0.0001,ri_V>li_V,2,S4-Direct,rule,xfit,300,True,2.6959532323060334e-05,0.10833333333333334,1.5608150292298087e-05,0.1380952380952381,1.1547619047619047,1.0522461547193371,"[[36.000003814697266, 12.000000953674316], 33.0]",1.7047391749062393e-05,0.1,3.409478349812479e-05,0.11428571428571428,,25.568304538726807,3.31123685836792
lfw_x_fing,7,0.0001,face_S>li_V>ri_V,3,LR-P1-N2,GP,xfit,300,False,,,,,,,,,,,,,25.568304538726807,3.31123685836792
lfw_x_fing,7,0.0001,face_S>li_V>ri_V,3,HYP,GP,xfit,300,True,5.2500141892275384e-05,0.011904761904761904,6.952721493841875e-05,0.017857142857142856,1.019047619047619,1.0007491912140303,"[[0.44048821926116943, 0.37543508410453796], [14.000000953674316, 7.000000476837158], 14.0]",3.977724741447892e-05,0.004761904761904762,4.545971133083305e-05,0.01904761904761905,,25.568304538726807,3.31123685836792
lfw_x_fing,7,0.0001,face_S>li_V>ri_V,3,S1-Marcialis,rule,xfit,300,True,3.4054146092286736e-05,0.008333333333333333,4.39866053692037e-05,0.013095238095238096,1.0416666666666667,1.004621431409274,"[[0.46664342284202576, 0.34048816561698914], [40.000003814697266, 4.0], 18.0]",3.977724741447892e-05,0.002380952380952381,4.545971133083305e-05,0.014285714285714285,,25.568304538726807,3.31123685836792
lfw_x_fing,7,0.0001,face_S>li_V>ri_V,3,S2-Symmetric,rule,xfit,300,False,,,,,,,,,,,,,25.568304538726807,3.31123685836792
lfw_x_fing,7,0.0001,face_S>li_V>ri_V,3,S3-SPRT,rule,xfit,300,True,4.824337363073954e-05,0.008333333333333333,5.959475566150179e-05,0.013095238095238096,1.0273809523809523,1.002200749191214,"[[6.724952958362635, 0.7499700103680917], [6.724952958362635, 0.7499700103680917], 0.2694124975174317]",4.545971133083305e-05,0.002380952380952381,4.545971133083305e-05,0.014285714285714285,,25.568304538726807,3.31123685836792
lfw_x_fing,7,0.0001,face_S>li_V>ri_V,3,S4-Direct,rule,xfit,300,True,5.5337987399965944e-05,0.002380952380952381,0.00011067597479993189,0.002380952380952381,1.0345238095238096,1.7079715080311029,"[[0.4236942231655121, 0.08542410284280777], [35.000003814697266, 7.000000476837158], 37.000003814697266]",3.977724741447892e-05,0.0,5.1142175247187183e-05,0.004761904761904762,,25.568304538726807,3.31123685836792
lfw_x_fing,7,0.0001,face_S>ri_V>li_V,3,LR-P1-N2,GP,xfit,300,False,,,,,,,,,,,,,25.568304538726807,3.31123685836792
lfw_x_fing,7,0.0001,face_S>ri_V>li_V,3,HYP,GP,xfit,300,True,4.540552812304898e-05,0.010714285714285714,7.804075146149044e-05,0.016666666666666666,1.0202380952380952,1.0008925024121686,"[[0.44048821926116943, 0.367493212223053], [15.000000953674316, 9.000000953674316], 11.000000953674316]",3.977724741447892e-05,0.004761904761904762,4.545971133083305e-05,0.016666666666666666,,25.568304538726807,3.31123685836792
lfw_x_fing,7,0.0001,face_S>ri_V>li_V,3,S1-Marcialis,rule,xfit,300,True,4.39866053692037e-05,0.007142857142857143,6.243260116919235e-05,0.013095238095238096,1.0392857142857144,1.004246835802259,"[[0.46664342284202576, 0.34048816561698914], [36.000003814697266, 5.0], 16.0]",3.409478349812479e-05,0.0,3.977724741447892e-05,0.014285714285714285,,25.568304538726807,3.31123685836792
lfw_x_fing,7,0.0001,face_S>ri_V>li_V,3,S2-Symmetric,rule,xfit,300,False,,,,,,,,3.977724741447892e-05,0.0,,,True,25.568304538726807,3.31123685836792
lfw_x_fing,7,0.0001,face_S>ri_V>li_V,3,S3-SPRT,rule,xfit,300,True,4.39866053692037e-05,0.008333333333333333,4.540552812304898e-05,0.013095238095238096,1.026190476190476,1.002155343663091,"[[6.724952958362635, 0.7499700103680917], [6.724952958362635, 0.7499700103680917], 1.3367838989080432]",4.545971133083305e-05,0.002380952380952381,5.1142175247187183e-05,0.014285714285714285,,25.568304538726807,3.31123685836792
lfw_x_fing,7,0.0001,face_S>ri_V>li_V,3,S4-Direct,rule,xfit,300,False,,,,,,,,3.977724741447892e-05,0.0,,,True,25.568304538726807,3.31123685836792
lfw_x_fing,7,0.0001,li_V>face_S>ri_V,3,LR-P1-N2,GP,xfit,300,True,4.540552812304898e-05,0.005952380952380952,6.810829218457347e-05,0.005952380952380952,1.3273809523809523,1.8424555877178046,"[[36.000003814697266, 4.000000476837158], [0.44048821926116943, 0.343209445476532], 19.000001907348633]",3.409478349812479e-05,0.007142857142857143,3.409478349812479e-05,0.004761904761904762,,25.568304538726807,3.31123685836792
lfw_x_fing,7,0.0001,li_V>face_S>ri_V,3,HYP,GP,xfit,300,False,,,,,,,,,,,,,25.568304538726807,3.31123685836792
lfw_x_fing,7,0.0001,li_V>face_S>ri_V,3,S1-Marcialis,rule,xfit,300,True,3.6891991599977296e-05,0.0035714285714285713,4.966229638458482e-05,0.0035714285714285713,1.369047619047619,1.9591690788353482,"[[40.000003814697266, 4.0], [0.46664342284202576, 0.34048816561698914], 18.0]",3.977724741447892e-05,0.002380952380952381,4.545971133083305e-05,0.004761904761904762,,25.568304538726807,3.31123685836792
lfw_x_fing,7,0.0001,li_V>face_S>ri_V,3,S2-Symmetric,rule,xfit,300,True,3.6891991599977296e-05,0.0035714285714285713,4.966229638458482e-05,0.0035714285714285713,1.369047619047619,1.9591690788353482,"[[40.000003814697266, 4.0], [0.46664342284202576, 0.34048816561698914], 18.0]",3.977724741447892e-05,0.002380952380952381,4.545971133083305e-05,0.004761904761904762,,25.568304538726807,3.31123685836792
lfw_x_fing,7,0.0001,li_V>face_S>ri_V,3,S3-SPRT,rule,xfit,300,True,4.682445087689426e-05,0.0,5.2500141892275384e-05,0.0011904761904761906,1.3226190476190476,2.0058814348146887,"[[7.483660535828052, -3.8975469905279927], [7.483660535828052, -3.8975469905279927], 1.855530088963221]",3.977724741447892e-05,0.0,4.545971133083305e-05,0.0,,25.568304538726807,3.31123685836792
lfw_x_fing,7,0.0001,li_V>face_S>ri_V,3,S4-Direct,rule,xfit,300,True,4.682445087689426e-05,0.004761904761904762,9.364890175378852e-05,0.007142857142857143,1.3666666666666667,2.2789190646461206,"[[40.000003814697266, 4.000000476837158], [0.4236942231655121, 0.08542410284280777], 37.000003814697266]",4.545971133083305e-05,0.004761904761904762,4.545971133083305e-05,0.004761904761904762,,25.568304538726807,3.31123685836792
lfw_x_fing,7,0.0001,li_V>ri_V>face_S,3,LR-P1-N2,GP,xfit,300,True,4.39866053692037e-05,0.009523809523809525,4.540552812304898e-05,0.014285714285714285,1.4273809523809524,2.3895765934502524,"[[35.000003814697266, 4.000000476837158], [36.000003814697266, 5.000000476837158], 0.44151341915130615]",2.8412319581770656e-05,0.011904761904761904,2.8412319581770656e-05,0.007142857142857143,,25.568304538726807,3.31123685836792
lfw_x_fing,7,0.0001,li_V>ri_V>face_S,3,HYP,GP,xfit,300,False,,,,,,,,,,,,,25.568304538726807,3.31123685836792
lfw_x_fing,7,0.0001,li_V>ri_V>face_S,3,S1-Marcialis,rule,xfit,300,True,3.6891991599977296e-05,0.0035714285714285713,6.243260116919235e-05,0.008333333333333333,1.4976190476190476,2.7353751631761165,"[[40.000003814697266, 4.0], [36.000003814697266, 5.0], 0.43303629755973816]",4.545971133083305e-05,0.0,4.545971133083305e-05,0.004761904761904762,,25.568304538726807,3.31123685836792
lfw_x_fing,7,0.0001,li_V>ri_V>face_S,3,S2-Symmetric,rule,xfit,300,True,3.6891991599977296e-05,0.0035714285714285713,6.243260116919235e-05,0.008333333333333333,1.4976190476190476,2.7353751631761165,"[[40.000003814697266, 4.0], [36.000003814697266, 5.0], 0.43303629755973816]",4.545971133083305e-05,0.0,4.545971133083305e-05,0.004761904761904762,,25.568304538726807,3.31123685836792
lfw_x_fing,7,0.0001,li_V>ri_V>face_S,3,S3-SPRT,rule,xfit,300,True,4.682445087689426e-05,0.016666666666666666,4.540552812304898e-05,0.025,1.4059523809523808,2.05947982291844,"[[7.483660535828052, -3.8975469905279927], [7.483660535828052, -3.8975469905279927], 2.610610360093386]",3.977724741447892e-05,0.011904761904761904,3.977724741447892e-05,0.02142857142857143,,25.568304538726807,3.31123685836792
lfw_x_fing,7,0.0001,li_V>ri_V>face_S,3,S4-Direct,rule,xfit,300,True,3.547306884613202e-05,0.007142857142857143,4.256768261535842e-05,0.007142857142857143,1.4964285714285714,2.639214768148022,"[[40.000003814697266, 4.000000476837158], [36.000003814697266, 3.000000238418579], 0.44980061054229736]",4.545971133083305e-05,0.004761904761904762,4.545971133083305e-05,0.004761904761904762,,25.568304538726807,3.31123685836792
lfw_x_fing,7,0.0001,ri_V>face_S>li_V,3,LR-P1-N2,GP,xfit,300,True,4.682445087689426e-05,0.005952380952380952,4.824337363073954e-05,0.015476190476190477,1.2023809523809523,1.6350658380157783,"[[34.000003814697266, 5.000000476837158], [0.43682125210762024, 0.343209445476532], 18.000001907348633]",2.8412319581770656e-05,0.002380952380952381,3.977724741447892e-05,0.009523809523809525,,25.568304538726807,3.31123685836792
lfw_x_fing,7,0.0001,ri_V>face_S>li_V,3,HYP,GP,xfit,300,False,,,,,,,,,,,,,25.568304538726807,3.31123685836792
lfw_x_fing,7,0.0001,ri_V>face_S>li_V,3,S1-Marcialis,rule,xfit,300,True,3.6891991599977296e-05,0.002380952380952381,3.263522333844146e-05,0.010714285714285714,1.2202380952380953,1.8099296214314093,"[[36.000003814697266, 5.0], [0.46664342284202576, 0.34048816561698914], 18.0]",3.409478349812479e-05,0.0,3.977724741447892e-05,0.004761904761904762,,25.568304538726807,3.31123685836792
lfw_x_fing,7,0.0001,ri_V>face_S>li_V,3,S2-Symmetric,rule,xfit,300,True,3.6891991599977296e-05,0.002380952380952381,3.263522333844146e-05,0.010714285714285714,1.2202380952380953,1.8099296214314093,"[[36.000003814697266, 5.0], [0.46664342284202576, 0.34048816561698914], 18.0]",3.409478349812479e-05,0.0,3.977724741447892e-05,0.004761904761904762,,25.568304538726807,3.31123685836792
lfw_x_fing,7,0.0001,ri_V>face_S>li_V,3,S3-SPRT,rule,xfit,300,True,4.682445087689426e-05,0.004761904761904762,3.6891991599977296e-05,0.007142857142857143,1.2154761904761904,1.830245757420966,"[[6.895986284982345, -3.972948275775301], [6.895986284982345, -3.972948275775301], 2.1154858990562664]",3.977724741447892e-05,0.002380952380952381,4.545971133083305e-05,0.007142857142857143,,25.568304538726807,3.31123685836792
lfw_x_fing,7,0.0001,ri_V>face_S>li_V,3,S4-Direct,rule,xfit,300,False,,,,,,,,3.977724741447892e-05,0.0,,,True,25.568304538726807,3.31123685836792
lfw_x_fing,7,0.0001,ri_V>li_V>face_S,3,LR-P1-N2,GP,xfit,300,True,4.966229638458482e-05,0.009523809523809525,5.675691015381123e-05,0.017857142857142856,1.3083333333333333,2.1826238719564106,"[[33.000003814697266, 5.000000476837158], [40.000003814697266, 4.000000476837158], 0.44931352138519287]",3.409478349812479e-05,0.009523809523809525,3.977724741447892e-05,0.009523809523809525,,25.568304538726807,3.31123685836792
lfw_x_fing,7,0.0001,ri_V>li_V>face_S,3,HYP,GP,xfit,300,False,,,,,,,,,,,,,25.568304538726807,3.31123685836792
lfw_x_fing,7,0.0001,ri_V>li_V>face_S,3,S1-Marcialis,rule,xfit,300,True,3.6891991599977296e-05,0.0035714285714285713,6.243260116919235e-05,0.010714285714285714,1.3511904761904763,2.586510301379193,"[[36.000003814697266, 5.0], [40.000003814697266, 4.0], 0.43303629755973816]",4.545971133083305e-05,0.0,4.545971133083305e-05,0.004761904761904762,,25.568304538726807,3.31123685836792
lfw_x_fing,7,0.0001,ri_V>li_V>face_S,3,S2-Symmetric,rule,xfit,300,True,3.6891991599977296e-05,0.0035714285714285713,6.243260116919235e-05,0.010714285714285714,1.3511904761904763,2.586510301379193,"[[36.000003814697266, 5.0], [40.000003814697266, 4.0], 0.43303629755973816]",4.545971133083305e-05,0.0,4.545971133083305e-05,0.004761904761904762,,25.568304538726807,3.31123685836792
lfw_x_fing,7,0.0001,ri_V>li_V>face_S,3,S3-SPRT,rule,xfit,300,True,4.540552812304898e-05,0.01904761904761905,3.972983710766786e-05,0.02619047619047619,1.2964285714285715,1.8848842159032861,"[[6.895986284982345, -3.972948275775301], [6.895986284982345, -3.972948275775301], 3.227779508725885]",3.977724741447892e-05,0.011904761904761904,4.545971133083305e-05,0.02619047619047619,,25.568304538726807,3.31123685836792
lfw_x_fing,7,0.0001,ri_V>li_V>face_S,3,S4-Direct,rule,xfit,300,False,,,,,,,,,,,,,25.568304538726807,3.31123685836792
lfw_x_fing,7,0.0001,parallel,3,P0-Parallel,parallel,xfit,300,True,5.2500141892275384e-05,0.03214285714285714,5.675691015381123e-05,0.04285714285714286,1.0,1.0,[11.359750747680664],4.545971133083305e-05,0.04285714285714286,4.545971133083305e-05,0.0380952380952381,,25.568304538726807,3.31123685836792
lfw_x_fing,7,0.0001,parallel,3,P1-LLR,parallel,xfit,300,True,4.256768261535842e-05,0.0,3.972983710766786e-05,0.0011904761904761906,1.0,1.0,[1.855530088963221],3.977724741447892e-05,0.0,4.545971133083305e-05,0.0,,25.568304538726807,3.31123685836792
lfw_x_fing,7,0.0001,parallel,3,P2-LogReg,parallel,xfit,300,True,4.39866053692037e-05,0.0,4.682445087689426e-05,0.0011904761904761906,1.0,1.0,[0.02683409757488242],4.545971133083305e-05,0.0,5.1142175247187183e-05,0.0,,25.568304538726807,3.31123685836792
