dataset,seed,alpha,order,n_stages,method,kind,calib,B,frr_pred_gp,frr_pred_cal,feasible,far_train,frr_train,far_test,frr_test,stages_gen,stages_imp,thr,time,gp_feasible
fing_x_face,6,0.01,face_C,1,HYP,GP,boot,300,0.484423054305186,0.6762137902896735,True,0.007163755919524628,0.07364341085271318,0.006165634072610817,0.10810810810810811,1.0,1.0,[0.6186800003051758],0.04753708839416504,
fing_x_face,6,0.01,face_C,1,MONO,GP,boot,300,0.09956586610916784,0.10786404151941219,True,0.007163755919524628,0.07364341085271318,0.006165634072610817,0.10810810810810811,1.0,1.0,[0.6186800003051758],0.03692960739135742,
fing_x_face,6,0.01,face_C,1,MONO-rel,GP,boot,300,0.07981171203582967,0.08999449535870066,True,0.007163755919524628,0.07364341085271318,0.006165634072610817,0.10810810810810811,1.0,1.0,[0.6186800003051758],0.036208152770996094,
fing_x_face,6,0.01,face_C,1,LR-P1-N2,GP,boot,300,0.09788601803827504,0.10623490149622823,True,0.007163755919524628,0.07364341085271318,0.006165634072610817,0.10810810810810811,1.0,1.0,[0.6186800003051758],0.03528928756713867,
fing_x_face,6,0.01,face_C,1,LR-P1-N2-rel,GP,boot,300,0.07981171203582967,0.08999449535870065,True,0.007163755919524628,0.07364341085271318,0.006165634072610817,0.10810810810810811,1.0,1.0,[0.6186800003051758],0.03765988349914551,
fing_x_face,6,0.01,face_C,1,LR-P2-N2,GP,boot,300,0.1200305739089084,0.12769250569779375,True,0.007163755919524628,0.07364341085271318,0.006165634072610817,0.10810810810810811,1.0,1.0,[0.6186800003051758],0.035897254943847656,
fing_x_face,6,0.01,face_C,1,LR-P2-N2-rel,GP,boot,300,0.08637085069444349,0.0994204361377898,True,0.007163755919524628,0.07364341085271318,0.006165634072610817,0.10810810810810811,1.0,1.0,[0.6186800003051758],0.0355527400970459,
fing_x_face,6,0.01,face_C,1,LR-P1-N3,GP,boot,300,0.09788601800969453,0.10623490146851046,True,0.007163755919524628,0.07364341085271318,0.006165634072610817,0.10810810810810811,1.0,1.0,[0.6186800003051758],0.03473329544067383,
fing_x_face,6,0.01,face_C,1,NLS-N2,GP,boot,300,0.09264554529695657,0.10114903355358638,True,0.007163755919524628,0.07364341085271318,0.006165634072610817,0.10810810810810811,1.0,1.0,[0.6186800003051758],0.03449130058288574,
fing_x_face,6,0.01,face_C,1,DE-N2,GP,boot,300,0.09754807158766417,0.10591146355446213,True,0.007163755919524628,0.07364341085271318,0.006165634072610817,0.10810810810810811,1.0,1.0,[0.6186800003051758],0.03285551071166992,
fing_x_face,6,0.01,face_C,1,MAXMONO-K3,GP,boot,300,0.11157623778392049,0.12010743042444556,True,0.007163755919524628,0.07364341085271318,0.006165634072610817,0.10810810810810811,1.0,1.0,[0.6186800003051758],0.026911258697509766,
fing_x_face,6,0.01,face_C,1,MONO-cont,GP,boot,300,0.09755223582883835,0.10591549765670774,True,0.007163755919524628,0.07364341085271318,0.006165634072610817,0.10810810810810811,1.0,1.0,[0.6186800003051758],0.024384260177612305,
fing_x_face,6,0.01,face_G,1,HYP,GP,boot,300,0.8287626758437563,1.0,True,0.007887672307181855,0.09302325581395349,0.010535452395917513,0.13127413127413126,1.0,1.0,[73.8204574584961],0.025135040283203125,
fing_x_face,6,0.01,face_G,1,MONO,GP,boot,300,0.1147107303792573,0.1202857756577868,True,0.007887672307181855,0.09302325581395349,0.010535452395917513,0.13127413127413126,1.0,1.0,[73.8204574584961],0.026021718978881836,
fing_x_face,6,0.01,face_G,1,MONO-rel,GP,boot,300,0.10323294918413517,0.11084948421580919,True,0.007887672307181855,0.09302325581395349,0.010535452395917513,0.13127413127413126,1.0,1.0,[73.8204574584961],0.025187969207763672,
fing_x_face,6,0.01,face_G,1,LR-P1-N2,GP,boot,300,0.1150435113308182,0.12056780807421776,True,0.007887672307181855,0.09302325581395349,0.010535452395917513,0.13127413127413126,1.0,1.0,[73.8204574584961],0.02908015251159668,
fing_x_face,6,0.01,face_G,1,LR-P1-N2-rel,GP,boot,300,0.1029214058791705,0.11047880194799321,True,0.007887672307181855,0.09302325581395349,0.010535452395917513,0.13127413127413126,1.0,1.0,[73.8204574584961],0.027074337005615234,
fing_x_face,6,0.01,face_G,1,LR-P2-N2,GP,boot,300,0.1388070555843685,0.14405383833478425,True,0.007887672307181855,0.09302325581395349,0.010535452395917513,0.13127413127413126,1.0,1.0,[73.8204574584961],0.026903629302978516,
fing_x_face,6,0.01,face_G,1,LR-P2-N2-rel,GP,boot,300,0.11666238970468412,0.1268248586836134,True,0.007887672307181855,0.09302325581395349,0.010535452395917513,0.13127413127413126,1.0,1.0,[73.8204574584961],0.02824568748474121,
fing_x_face,6,0.01,face_G,1,LR-P1-N3,GP,boot,300,0.11504351133081762,0.12056780807421738,True,0.007887672307181855,0.09302325581395349,0.010535452395917513,0.13127413127413126,1.0,1.0,[73.8204574584961],0.02584981918334961,
fing_x_face,6,0.01,face_G,1,NLS-N2,GP,boot,300,0.11213643093537025,0.11809414918539565,True,0.007887672307181855,0.09302325581395349,0.010535452395917513,0.13127413127413126,1.0,1.0,[73.8204574584961],0.025828838348388672,
fing_x_face,6,0.01,face_G,1,DE-N2,GP,boot,300,0.115030370144066,0.12055724513434489,True,0.007887672307181855,0.09302325581395349,0.010535452395917513,0.13127413127413126,1.0,1.0,[73.8204574584961],0.025647401809692383,
fing_x_face,6,0.01,face_G,1,MAXMONO-K3,GP,boot,300,0.12472149043786367,0.13016388345915195,True,0.007887672307181855,0.09302325581395349,0.010535452395917513,0.13127413127413126,1.0,1.0,[73.8204574584961],0.027194976806640625,
fing_x_face,6,0.01,face_G,1,MONO-cont,GP,boot,300,0.11502657890349889,0.12055402608052454,True,0.007887672307181855,0.09302325581395349,0.010535452395917513,0.13127413127413126,1.0,1.0,[73.8204574584961],0.026175260543823242,
fing_x_face,6,0.01,li_V,1,HYP,GP,boot,300,,,False,,,,,,,,,
fing_x_face,6,0.01,li_V,1,MONO,GP,boot,300,0.1332881875734474,0.1444673884899359,True,0.005625433595753024,0.13178294573643412,0.0049833887043189366,0.138996138996139,1.0,1.0,[20.0],0.027106285095214844,
fing_x_face,6,0.01,li_V,1,MONO-rel,GP,boot,300,0.1724156677925168,0.20255037327777958,True,0.005625433595753024,0.13178294573643412,0.0049833887043189366,0.138996138996139,1.0,1.0,[20.0],0.024751901626586914,
fing_x_face,6,0.01,li_V,1,LR-P1-N2,GP,boot,300,0.13328818757344746,0.14446738848993587,True,0.005625433595753024,0.13178294573643412,0.0049833887043189366,0.138996138996139,1.0,1.0,[20.0],0.023979902267456055,
fing_x_face,6,0.01,li_V,1,LR-P1-N2-rel,GP,boot,300,0.1724156677925168,0.20255037327777958,True,0.005625433595753024,0.13178294573643412,0.0049833887043189366,0.138996138996139,1.0,1.0,[20.0],0.02408742904663086,
fing_x_face,6,0.01,li_V,1,LR-P2-N2,GP,boot,300,0.13128221395844622,0.1428860698952196,True,0.005625433595753024,0.13178294573643412,0.0049833887043189366,0.138996138996139,1.0,1.0,[20.0],0.02411508560180664,
fing_x_face,6,0.01,li_V,1,LR-P2-N2-rel,GP,boot,300,0.2477446338045139,0.30943649567979176,True,0.005625433595753024,0.13178294573643412,0.0049833887043189366,0.138996138996139,1.0,1.0,[20.0],0.024980783462524414,
fing_x_face,6,0.01,li_V,1,LR-P1-N3,GP,boot,300,0.13328818757344735,0.1444673884899359,True,0.005625433595753024,0.13178294573643412,0.0049833887043189366,0.138996138996139,1.0,1.0,[20.0],0.026589393615722656,
fing_x_face,6,0.01,li_V,1,NLS-N2,GP,boot,300,0.1307644319916971,0.14248401753000484,True,0.005625433595753024,0.13178294573643412,0.0049833887043189366,0.138996138996139,1.0,1.0,[20.0],0.025110244750976562,
fing_x_face,6,0.01,li_V,1,DE-N2,GP,boot,300,0.13285199176055024,0.1441253388895767,True,0.005625433595753024,0.13178294573643412,0.0049833887043189366,0.138996138996139,1.0,1.0,[20.0],0.029385089874267578,
fing_x_face,6,0.01,li_V,1,MAXMONO-K3,GP,boot,300,0.18179919354208923,0.21604546356993637,True,0.005625433595753024,0.13178294573643412,0.0049833887043189366,0.138996138996139,1.0,1.0,[20.0],0.027456998825073242,
fing_x_face,6,0.01,li_V,1,MONO-cont,GP,boot,300,0.13284576160761208,0.1441204511701171,True,0.005625433595753024,0.13178294573643412,0.0049833887043189366,0.138996138996139,1.0,1.0,[20.0],0.025991439819335938,
fing_x_face,6,0.01,ri_V,1,HYP,GP,boot,300,,,False,,,,,,,,,
fing_x_face,6,0.01,ri_V,1,MONO,GP,boot,300,0.07158319572087972,0.07732850396473959,True,0.005761167918438754,0.06976744186046512,0.005118074885516746,0.08108108108108109,1.0,1.0,[20.0],0.0243685245513916,
fing_x_face,6,0.01,ri_V,1,MONO-rel,GP,boot,300,0.07431487317081811,0.08390028257836248,True,0.005761167918438754,0.06976744186046512,0.005118074885516746,0.08108108108108109,1.0,1.0,[20.0],0.022439956665039062,
fing_x_face,6,0.01,ri_V,1,LR-P1-N2,GP,boot,300,0.07140064123798032,0.07721769999693222,True,0.005761167918438754,0.06976744186046512,0.005118074885516746,0.08108108108108109,1.0,1.0,[20.0],0.03091740608215332,
fing_x_face,6,0.01,ri_V,1,LR-P1-N2-rel,GP,boot,300,0.07415757995845161,0.08366977801139827,True,0.005761167918438754,0.06976744186046512,0.005118074885516746,0.08108108108108109,1.0,1.0,[20.0],0.02257084846496582,
fing_x_face,6,0.01,ri_V,1,LR-P2-N2,GP,boot,300,0.07103274243719362,0.0769943987323931,True,0.005761167918438754,0.06976744186046512,0.005118074885516746,0.08108108108108109,1.0,1.0,[20.0],0.021615028381347656,
fing_x_face,6,0.01,ri_V,1,LR-P2-N2-rel,GP,boot,300,0.08133986242186395,0.09446395494605091,True,0.005761167918438754,0.06976744186046512,0.005118074885516746,0.08108108108108109,1.0,1.0,[20.0],0.021674394607543945,
fing_x_face,6,0.01,ri_V,1,LR-P1-N3,GP,boot,300,0.07140064123798025,0.07721769999693223,True,0.005761167918438754,0.06976744186046512,0.005118074885516746,0.08108108108108109,1.0,1.0,[20.0],0.02142953872680664,
fing_x_face,6,0.01,ri_V,1,NLS-N2,GP,boot,300,0.07082131453508718,0.07747577772632537,True,0.005761167918438754,0.06976744186046512,0.005118074885516746,0.08108108108108109,1.0,1.0,[20.0],0.021456480026245117,
fing_x_face,6,0.01,ri_V,1,DE-N2,GP,boot,300,0.07129982309178602,0.0771573001575871,True,0.005761167918438754,0.06976744186046512,0.005118074885516746,0.08108108108108109,1.0,1.0,[20.0],0.02223348617553711,
fing_x_face,6,0.01,ri_V,1,MAXMONO-K3,GP,boot,300,0.1104346260770942,0.14076044470583438,True,0.005761167918438754,0.06976744186046512,0.005118074885516746,0.08108108108108109,1.0,1.0,[20.0],0.024677038192749023,
fing_x_face,6,0.01,ri_V,1,MONO-cont,GP,boot,300,0.07129747102299201,0.07715587786506208,True,0.005761167918438754,0.06976744186046512,0.005118074885516746,0.08108108108108109,1.0,1.0,[20.0],0.020900964736938477,
fing_x_face,6,0.01,face_C>face_G,2,HYP,GP,boot,300,0.1764005305053802,0.8800717795475971,True,0.007420142973486562,0.05813953488372093,0.007961449821914938,0.07722007722007722,1.0733590733590734,1.0459728831821855,"[[0.6255700588226318, 0.5853700637817383], 73.73092651367188]",0.04335832595825195,
fing_x_face,6,0.01,face_C>face_G,2,MONO,GP,boot,300,0.0508755502898069,0.04854127995284164,True,0.007586040478991343,0.05813953488372093,0.00814103139684535,0.0888030888030888,1.1158301158301158,1.6194516775912124,"[[0.6237600445747375, 0.5204200744628906], 74.306396484375]",0.04324817657470703,
fing_x_face,6,0.01,face_C>face_G,2,MONO-rel,GP,boot,300,0.02923152801070963,0.030376242709428444,True,0.007586040478991343,0.05813953488372093,0.00814103139684535,0.0888030888030888,1.1158301158301158,1.6194516775912124,"[[0.6237600445747375, 0.5204200744628906], 74.306396484375]",0.04381752014160156,
fing_x_face,6,0.01,face_C>face_G,2,LR-P1-N2,GP,boot,300,0.049317554574147375,0.047193114380932724,True,0.007510632521943715,0.05813953488372093,0.00797641495315914,0.0888030888030888,1.1158301158301158,1.619421747328724,"[[0.6236900687217712, 0.5204200744628906], 74.33271026611328]",0.04457998275756836,
fing_x_face,6,0.01,face_C>face_G,2,LR-P1-N2-rel,GP,boot,300,0.029192055021675635,0.030318688938156854,True,0.007586040478991343,0.05813953488372093,0.00814103139684535,0.0888030888030888,1.1158301158301158,1.6194516775912124,"[[0.6237600445747375, 0.5204200744628906], 74.306396484375]",0.04523897171020508,
fing_x_face,6,0.01,face_C>face_G,2,LR-P2-N2,GP,boot,300,0.07524046970117626,0.06918207299874354,True,0.007555877296172292,0.05813953488372093,0.008006345215647541,0.0888030888030888,1.1158301158301158,1.6196162940348986,"[[0.6239900588989258, 0.5204200744628906], 74.306396484375]",0.05509495735168457,
fing_x_face,6,0.01,face_C>face_G,2,LR-P2-N2-rel,GP,boot,300,0.029631512924382014,0.03284296969566629,True,0.007586040478991343,0.05813953488372093,0.00814103139684535,0.0888030888030888,1.1158301158301158,1.6194516775912124,"[[0.6237600445747375, 0.5204200744628906], 74.306396484375]",0.0660865306854248,
fing_x_face,6,0.01,face_C>face_G,2,LR-P1-N3,GP,boot,300,0.049317554547127364,0.047193114356814045,True,0.007510632521943715,0.05813953488372093,0.00797641495315914,0.0888030888030888,1.1158301158301158,1.619421747328724,"[[0.6236900687217712, 0.5204200744628906], 74.33271026611328]",0.05054640769958496,
fing_x_face,6,0.01,face_C>face_G,2,NLS-N2,GP,boot,300,0.04415687285288991,0.04270717743911068,True,0.007601122070400868,0.05813953488372093,0.008155996528089552,0.0888030888030888,1.1158301158301158,1.6194367124599682,"[[0.6237400770187378, 0.5204200744628906], 74.306396484375]",0.06207537651062012,
fing_x_face,6,0.01,face_C>face_G,2,DE-N2,GP,boot,300,0.04895181715185748,0.04686907097678996,True,0.007510632521943715,0.05813953488372093,0.008051240609380145,0.0888030888030888,1.1158301158301158,1.6193469216725032,"[[0.6235000491142273, 0.5204200744628906], 74.33531951904297]",0.0498964786529541,
fing_x_face,6,0.01,face_C>face_G,2,MAXMONO-K3,GP,boot,300,0.06620443242253288,0.06571183739755612,True,0.007435224564896088,0.050387596899224806,0.007751937984496124,0.0888030888030888,1.1081081081081081,1.6186136302415373,"[[0.621220052242279, 0.5204200744628906], 74.5145263671875]",0.051775455474853516,
fing_x_face,6,0.01,face_C>face_G,2,MONO-cont,GP,boot,300,0.04895547226914261,0.04687262092563928,True,0.007510632521943715,0.05813953488372093,0.008051240609380145,0.0888030888030888,1.1158301158301158,1.6193469216725032,"[[0.6235000491142273, 0.5204200744628906], 74.33531951904297]",0.04779195785522461,
fing_x_face,6,0.01,face_C>face_G,2,S1-Marcialis,rule,boot,300,,,True,0.007782101167315175,0.08139534883720931,0.010625243183382718,0.11969111969111969,1.393822393822394,1.6270689293945109,"[[0.6950200796127319, 0.5201699733734131], 73.80058288574219]",0.025578737258911133,
fing_x_face,6,0.01,face_C>face_G,2,S2-Symmetric,rule,boot,300,,,True,0.007782101167315175,0.08139534883720931,0.010625243183382718,0.11969111969111969,1.393822393822394,1.6270689293945109,"[[0.6950200796127319, 0.5201699733734131], 73.80058288574219]",0.05378007888793945,
fing_x_face,6,0.01,face_C>face_G,2,S3-SPRT,rule,boot,300,,,True,0.00722408228516273,0.05813953488372093,0.006854030109844063,0.08494208494208494,1.1081081081081081,1.6269492083445571,"[[1.4619107527447124, -3.899276712268543], 3.1233085822831383]",0.22690320014953613,
fing_x_face,6,0.01,face_C>face_G,2,S4-Direct,rule,boot,300,,,True,0.007148674328115103,0.06201550387596899,0.006165634072610817,0.09266409266409266,1.1042471042471043,1.7316452665289874,"[[0.6188600659370422, 0.5107100605964661], 75.8006362915039]",0.48209285736083984,
fing_x_face,6,0.01,face_C>li_V,2,HYP,GP,boot,300,0.3204636409061689,0.43043103693703033,True,0.0073748981992579855,0.05813953488372093,0.006270389991320224,0.07722007722007722,1.0424710424710424,1.0220137080602196,"[[0.6255700588226318, 0.5962000489234924], 12.0]",0.04112386703491211,
fing_x_face,6,0.01,face_C>li_V,2,MONO,GP,boot,300,0.05274296109591867,0.04950483087260174,True,0.007239163876572256,0.015503875968992248,0.00621052946634342,0.011583011583011582,1.1081081081081081,1.6187034210290023,"[[0.6215900778770447, 0.5204200744628906], 23.0]",0.04688739776611328,
fing_x_face,6,0.01,face_C>li_V,2,MONO-rel,GP,boot,300,0.03669513995364603,0.03786464041007481,True,0.007344735016438934,0.01937984496124031,0.006330250516297028,0.011583011583011582,1.1158301158301158,1.6193169914100147,"[[0.6234100461006165, 0.5204200744628906], 22.0]",0.04992341995239258,
fing_x_face,6,0.01,face_C>li_V,2,LR-P1-N2,GP,boot,300,0.05111804672126642,0.04804322457918971,True,0.0072844086508008325,0.015503875968992248,0.00621052946634342,0.011583011583011582,1.1081081081081081,1.6187034210290023,"[[0.6215000748634338, 0.5204200744628906], 23.0]",0.04644966125488281,
fing_x_face,6,0.01,face_C>li_V,2,LR-P1-N2-rel,GP,boot,300,0.036695139953665405,0.0378646404100748,True,0.007344735016438934,0.01937984496124031,0.006330250516297028,0.011583011583011582,1.1158301158301158,1.6193169914100147,"[[0.6234100461006165, 0.5204200744628906], 22.0]",0.046167612075805664,
fing_x_face,6,0.01,face_C>li_V,2,LR-P2-N2,GP,boot,300,0.07411627945287456,0.06817679996627686,True,0.0072844086508008325,0.01937984496124031,0.006315285385052827,0.011583011583011582,1.1158301158301158,1.619331956541259,"[[0.623460054397583, 0.5204200744628906], 22.0]",0.05200338363647461,
fing_x_face,6,0.01,face_C>li_V,2,LR-P2-N2-rel,GP,boot,300,0.04407521955014677,0.047331842543534904,True,0.007420142973486562,0.027131782945736434,0.006330250516297028,0.015444015444015444,1.111969111969112,1.2708539103887941,"[[0.6246000528335571, 0.5489800572395325], 19.0]",0.04685854911804199,
fing_x_face,6,0.01,face_C>li_V,2,LR-P1-N3,GP,boot,300,0.05111804669361462,0.04804322455491818,True,0.0072844086508008325,0.015503875968992248,0.00621052946634342,0.011583011583011582,1.1081081081081081,1.6187034210290023,"[[0.6215000748634338, 0.5204200744628906], 23.0]",0.04580879211425781,
fing_x_face,6,0.01,face_C>li_V,2,NLS-N2,GP,boot,300,0.045876054740705656,0.04355182406380107,True,0.007299490242210358,0.015503875968992248,0.006225494597587621,0.011583011583011582,1.1081081081081081,1.6186884558977581,"[[0.6214800477027893, 0.5204200744628906], 23.0]",0.05227518081665039,
fing_x_face,6,0.01,face_C>li_V,2,DE-N2,GP,boot,300,0.050708211283644306,0.04772038832044366,True,0.007269327059391307,0.015503875968992248,0.00621052946634342,0.011583011583011582,1.1081081081081081,1.6187034210290023,"[[0.6215700507164001, 0.5204200744628906], 23.0]",0.04750776290893555,
fing_x_face,6,0.01,face_C>li_V,2,MAXMONO-K3,GP,boot,300,0.07615216824605942,0.07328872630730938,True,0.0073296534250294094,0.015503875968992248,0.006270389991320224,0.011583011583011582,1.1081081081081081,1.6186435605040257,"[[0.6213800311088562, 0.5204200744628906], 23.0]",0.05008983612060547,
fing_x_face,6,0.01,face_C>li_V,2,MONO-cont,GP,boot,300,0.05071174557933257,0.047723814845411786,True,0.007269327059391307,0.015503875968992248,0.00621052946634342,0.011583011583011582,1.1081081081081081,1.6187034210290023,"[[0.6215700507164001, 0.5204200744628906], 23.0]",0.044263362884521484,
fing_x_face,6,0.01,face_C>li_V,2,S1-Marcialis,rule,boot,300,,,True,0.007435224564896088,0.04263565891472868,0.006943820897309269,0.023166023166023165,1.393822393822394,1.6270689293945109,"[[0.6950200796127319, 0.5201699733734131], 18.0]",0.02284097671508789,
fing_x_face,6,0.01,face_C>li_V,2,S2-Symmetric,rule,boot,300,,,True,0.007435224564896088,0.04263565891472868,0.006943820897309269,0.023166023166023165,1.393822393822394,1.6270689293945109,"[[0.6950200796127319, 0.5201699733734131], 18.0]",0.048882484436035156,
fing_x_face,6,0.01,face_C>li_V,2,S3-SPRT,rule,boot,300,,,True,0.007239163876572256,0.015503875968992248,0.006195564335099219,0.007722007722007722,1.1081081081081081,1.6269492083445571,"[[1.4619107527447124, -3.899276712268543], 1.6160751966532774]",0.19744658470153809,
fing_x_face,6,0.01,face_C>li_V,2,S4-Direct,rule,boot,300,,,True,0.007163755919524628,0.01937984496124031,0.006060878153901409,0.023166023166023165,1.1042471042471043,1.7316452665289874,"[[0.6188600659370422, 0.5107100605964661], 32.0]",0.4338338375091553,
fing_x_face,6,0.01,face_C>ri_V,2,HYP,GP,boot,300,0.1941689446004719,0.3946835646025187,True,0.006696226585829337,0.03875968992248062,0.005237795935470354,0.05019305019305019,1.0733590733590734,1.040944599084134,"[[0.6255700588226318, 0.5872200727462769], 15.0]",0.04639887809753418,
fing_x_face,6,0.01,face_C>ri_V,2,MONO,GP,boot,300,0.0453372830912917,0.043744464842847636,True,0.007254245467981781,0.007751937984496124,0.006524797222471641,0.007722007722007722,1.1081081081081081,1.6187034210290023,"[[0.6215900778770447, 0.5204200744628906], 23.0]",0.044417381286621094,
fing_x_face,6,0.01,face_C>ri_V,2,MONO-rel,GP,boot,300,0.025785779833849026,0.02654096281498347,True,0.007133592736705577,0.011627906976744186,0.006240459728831822,0.007722007722007722,1.1081081081081081,1.6189877585226422,"[[0.621910035610199, 0.5204200744628906], 23.0]",0.04588198661804199,
fing_x_face,6,0.01,face_C>ri_V,2,LR-P1-N2,GP,boot,300,0.04380736418779362,0.04233250425033302,True,0.007269327059391307,0.007751937984496124,0.006524797222471641,0.007722007722007722,1.1081081081081081,1.6187034210290023,"[[0.6215800642967224, 0.5204200744628906], 23.0]",0.06548595428466797,
fing_x_face,6,0.01,face_C>ri_V,2,LR-P1-N2-rel,GP,boot,300,0.02576438806022875,0.02650642244663639,True,0.007133592736705577,0.011627906976744186,0.006240459728831822,0.007722007722007722,1.1081081081081081,1.6189877585226422,"[[0.621910035610199, 0.5204200744628906], 23.0]",0.06701374053955078,
fing_x_face,6,0.01,face_C>ri_V,2,LR-P2-N2,GP,boot,300,0.06560957504209636,0.06249394569299831,True,0.0071939191023436795,0.011627906976744186,0.006449971566250636,0.007722007722007722,1.1158301158301158,1.619331956541259,"[[0.6234500408172607, 0.5204200744628906], 22.0]",0.06785821914672852,
fing_x_face,6,0.01,face_C>ri_V,2,LR-P2-N2-rel,GP,boot,300,0.024866492057609685,0.027304876024055093,True,0.007028021596838898,0.011627906976744186,0.0061506689413666155,0.007722007722007722,1.1081081081081081,1.6190775493101075,"[[0.6221800446510315, 0.5204200744628906], 23.0]",0.0615694522857666,
fing_x_face,6,0.01,face_C>ri_V,2,LR-P1-N3,GP,boot,300,0.04380736416197284,0.0423325042263106,True,0.007269327059391307,0.007751937984496124,0.006524797222471641,0.007722007722007722,1.1081081081081081,1.6187034210290023,"[[0.6215800642967224, 0.5204200744628906], 23.0]",0.04525566101074219,
fing_x_face,6,0.01,face_C>ri_V,2,NLS-N2,GP,boot,300,0.03913518120684902,0.03821913852729059,True,0.007118511145296051,0.011627906976744186,0.006225494597587621,0.007722007722007722,1.1081081081081081,1.6190027236538864,"[[0.6219700574874878, 0.5204200744628906], 23.0]",0.044554948806762695,
fing_x_face,6,0.01,face_C>ri_V,2,DE-N2,GP,boot,300,0.043449811554922016,0.04201705376117011,True,0.007254245467981781,0.007751937984496124,0.006524797222471641,0.007722007722007722,1.1081081081081081,1.6187034210290023,"[[0.6215900778770447, 0.5204200744628906], 23.0]",0.04512953758239746,
fing_x_face,6,0.01,face_C>ri_V,2,MAXMONO-K3,GP,boot,300,0.06644007061632112,0.06720258799306338,True,0.007118511145296051,0.011627906976744186,0.00636018077878543,0.007722007722007722,1.1158301158301158,1.619421747328724,"[[0.6237000823020935, 0.5204200744628906], 22.0]",0.05015444755554199,
fing_x_face,6,0.01,face_C>ri_V,2,MONO-cont,GP,boot,300,0.043453463661926185,0.04202067664491826,True,0.007254245467981781,0.007751937984496124,0.006524797222471641,0.007722007722007722,1.1081081081081081,1.6187034210290023,"[[0.6215900778770447, 0.5204200744628906], 23.0]",0.052599191665649414,
fing_x_face,6,0.01,face_C>ri_V,2,S1-Marcialis,rule,boot,300,,,True,0.005866739058305433,0.01937984496124031,0.004848702523121128,0.015444015444015444,1.393822393822394,1.6270689293945109,"[[0.6950200796127319, 0.5201699733734131], 19.0]",0.026137590408325195,
fing_x_face,6,0.01,face_C>ri_V,2,S2-Symmetric,rule,boot,300,,,True,0.005866739058305433,0.01937984496124031,0.004848702523121128,0.015444015444015444,1.393822393822394,1.6270689293945109,"[[0.6950200796127319, 0.5201699733734131], 19.0]",0.04474759101867676,
fing_x_face,6,0.01,face_C>ri_V,2,S3-SPRT,rule,boot,300,,,True,0.007389979790667511,0.003875968992248062,0.005552063691598576,0.003861003861003861,1.2664092664092663,1.6325611325611327,"[[5.457036793970535, -3.899276712268543], -0.9452921410771933]",0.2049553394317627,
fing_x_face,6,0.01,face_C>ri_V,2,S4-Direct,rule,boot,300,,,True,0.007163755919524628,0.007751937984496124,0.00621052946634342,0.015444015444015444,1.1042471042471043,1.7316452665289874,"[[0.6188600659370422, 0.5107100605964661], 30.0]",0.45742321014404297,
fing_x_face,6,0.01,face_G>face_C,2,HYP,GP,boot,300,0.3062374311626645,1.0,True,0.007782101167315175,0.07751937984496124,0.010445661608452306,0.11196911196911197,1.0617760617760619,1.0421567747149143,"[[73.83023071289062, 72.68988037109375], 0.6651999950408936]",0.04511404037475586,
fing_x_face,6,0.01,face_G>face_C,2,MONO,GP,boot,300,0.06427614103211007,0.06141953756565048,True,0.007555877296172292,0.06589147286821706,0.00797641495315914,0.07335907335907337,1.162162162162162,1.5442818233515907,"[[74.16650390625, 65.94686126708984], 0.6285399794578552]",0.047917842864990234,
fing_x_face,6,0.01,face_G>face_C,2,MONO-rel,GP,boot,300,0.04103924228071,0.04196908130125732,True,0.007555877296172292,0.06589147286821706,0.00797641495315914,0.07335907335907337,1.162162162162162,1.5442818233515907,"[[74.16650390625, 65.94686126708984], 0.6285399794578552]",0.05302786827087402,
fing_x_face,6,0.01,face_G>face_C,2,LR-P1-N2,GP,boot,300,0.06471954769102584,0.061843227608574566,True,0.007601122070400868,0.06201550387596899,0.008051240609380145,0.07335907335907337,1.162162162162162,1.5443416838765676,"[[74.1745376586914, 65.94686126708984], 0.6279299855232239]",0.048676490783691406,
fing_x_face,6,0.01,face_G>face_C,2,LR-P1-N2-rel,GP,boot,300,0.04108143686959079,0.04199850000266467,True,0.007540795704762767,0.06589147286821706,0.007931519559426536,0.07335907335907337,1.162162162162162,1.5443267187453233,"[[74.16983032226562, 65.94686126708984], 0.6285399794578552]",0.047684431076049805,
fing_x_face,6,0.01,face_G>face_C,2,LR-P2-N2,GP,boot,300,0.09241759491720138,0.0856298399587828,True,0.007525714113353241,0.06589147286821706,0.008021310346891743,0.07335907335907337,1.162162162162162,1.5442369279578583,"[[74.15990447998047, 65.94686126708984], 0.6287500262260437]",0.04538583755493164,
fing_x_face,6,0.01,face_G>face_C,2,LR-P2-N2-rel,GP,boot,300,0.04148518390270915,0.044592109934443305,True,0.007555877296172292,0.06589147286821706,0.00797641495315914,0.07335907335907337,1.162162162162162,1.5442818233515907,"[[74.16650390625, 65.94686126708984], 0.6285399794578552]",0.04287314414978027,
fing_x_face,6,0.01,face_G>face_C,2,LR-P1-N3,GP,boot,300,0.06471954768719188,0.06184322760637876,True,0.007601122070400868,0.06201550387596899,0.008051240609380145,0.07335907335907337,1.162162162162162,1.5443416838765676,"[[74.1745376586914, 65.94686126708984], 0.6279299855232239]",0.04672670364379883,
fing_x_face,6,0.01,face_G>face_C,2,NLS-N2,GP,boot,300,0.05856854895930456,0.056673807827889715,True,0.007540795704762767,0.06589147286821706,0.007931519559426536,0.07335907335907337,1.162162162162162,1.5443267187453233,"[[74.16983032226562, 65.94686126708984], 0.6285399794578552]",0.044469594955444336,
fing_x_face,6,0.01,face_G>face_C,2,DE-N2,GP,boot,300,0.06462537350141456,0.061787605335070384,True,0.007601122070400868,0.06201550387596899,0.008021310346891743,0.07335907335907337,1.162162162162162,1.544371614139056,"[[74.17784881591797, 65.94686126708984], 0.6279299855232239]",0.04329490661621094,
fing_x_face,6,0.01,face_G>face_C,2,MAXMONO-K3,GP,boot,300,0.07611870692486433,0.07539233423132224,True,0.007736856393086598,0.06976744186046512,0.008799497171590195,0.0694980694980695,1.1505791505791505,1.5428900661458802,"[[74.05801391601562, 65.94686126708984], 0.6311299800872803]",0.04692411422729492,
fing_x_face,6,0.01,face_G>face_C,2,MONO-cont,GP,boot,300,0.06461856333322513,0.06178143998763114,True,0.007601122070400868,0.06201550387596899,0.008021310346891743,0.07335907335907337,1.162162162162162,1.544371614139056,"[[74.17784881591797, 65.94686126708984], 0.6279299855232239]",0.041298866271972656,
fing_x_face,6,0.01,face_G>face_C,2,S1-Marcialis,rule,boot,300,,,True,0.007103429553886526,0.06201550387596899,0.00621052946634342,0.0888030888030888,1.3436293436293436,1.5531112507856695,"[[75.94683074951172, 65.9372329711914], 0.6177899837493896]",0.02184319496154785,
fing_x_face,6,0.01,face_G>face_C,2,S2-Symmetric,rule,boot,300,,,True,0.007570958887581818,0.06589147286821706,0.008081170871868546,0.07722007722007722,1.1544401544401544,1.5338660920056268,"[[74.14479064941406, 65.97827911376953], 0.6291599869728088]",0.058774709701538086,
fing_x_face,6,0.01,face_G>face_C,2,S3-SPRT,rule,boot,300,,,True,0.00722408228516273,0.05426356589147287,0.008036275478135943,0.07335907335907337,1.2664092664092663,1.555760079015893,"[[4.339167814749699, -3.5091428000324654], 1.2683708189680734]",0.21569585800170898,
fing_x_face,6,0.01,face_G>face_C,2,S4-Direct,rule,boot,300,,,True,0.0071939191023436795,0.050387596899224806,0.007168297865972285,0.0888030888030888,1.22007722007722,1.5410493550028435,"[[74.750244140625, 65.96794891357422], 0.6191499829292297]",0.4534749984741211,
fing_x_face,6,0.01,face_G>li_V,2,HYP,GP,boot,300,0.7276789951189123,1.0,True,0.007902753898591379,0.07751937984496124,0.010595312920894316,0.09266409266409266,1.0424710424710424,1.0140372931070605,"[[73.83023071289062, 73.27592468261719], 18.0]",0.028392791748046875,
fing_x_face,6,0.01,face_G>li_V,2,MONO,GP,boot,300,0.06851793898511407,0.062574600948118,True,0.007842427532953278,0.023255813953488372,0.009697405046242256,0.011583011583011582,1.138996138996139,1.5422764957648678,"[[74.02005004882812, 65.94686126708984], 21.0]",0.047857046127319336,
fing_x_face,6,0.01,face_G>li_V,2,MONO-rel,GP,boot,300,0.05328417068651496,0.05037409035836564,True,0.007978161855639007,0.023255813953488372,0.009338241896381431,0.011583011583011582,1.1505791505791505,1.543473706264404,"[[74.08942413330078, 65.94686126708984], 20.0]",0.05234932899475098,
fing_x_face,6,0.01,face_G>li_V,2,LR-P1-N2,GP,boot,300,0.06920152335045342,0.06318028632934115,True,0.0078122643501342265,0.023255813953488372,0.009697405046242256,0.011583011583011582,1.138996138996139,1.5422764957648678,"[[74.02043914794922, 65.94686126708984], 21.0]",0.05397319793701172,
fing_x_face,6,0.01,face_G>li_V,2,LR-P1-N2-rel,GP,boot,300,0.053280240375617245,0.05036182528443676,True,0.007963080264229481,0.023255813953488372,0.009338241896381431,0.011583011583011582,1.1505791505791505,1.543473706264404,"[[74.08966827392578, 65.94686126708984], 20.0]",0.04793047904968262,
fing_x_face,6,0.01,face_G>li_V,2,LR-P2-N2,GP,boot,300,0.09409391760266735,0.08515511852072154,True,0.007963080264229481,0.023255813953488372,0.009338241896381431,0.011583011583011582,1.1505791505791505,1.543473706264404,"[[74.08966827392578, 65.94686126708984], 20.0]",0.04720783233642578,
fing_x_face,6,0.01,face_G>li_V,2,LR-P2-N2-rel,GP,boot,300,0.06548585838999968,0.06376921999445151,True,0.007661448436038971,0.04263565891472868,0.00917362545269522,0.019305019305019305,1.1467181467181466,1.2952470743168418,"[[74.13616943359375, 66.7950668334961], 18.0]",0.052155256271362305,
fing_x_face,6,0.01,face_G>li_V,2,LR-P1-N3,GP,boot,300,0.06920152335046895,0.0631802863293408,True,0.0078122643501342265,0.023255813953488372,0.009697405046242256,0.011583011583011582,1.138996138996139,1.5422764957648678,"[[74.02043914794922, 65.94686126708984], 21.0]",0.054976701736450195,
fing_x_face,6,0.01,face_G>li_V,2,NLS-N2,GP,boot,300,0.06333170118358426,0.058193963807409155,True,0.007902753898591379,0.023255813953488372,0.009772230702463261,0.011583011583011582,1.138996138996139,1.542201670108647,"[[74.01469421386719, 65.94686126708984], 21.0]",0.05071449279785156,
fing_x_face,6,0.01,face_G>li_V,2,DE-N2,GP,boot,300,0.0691035275799407,0.06313736761979752,True,0.007782101167315175,0.023255813953488372,0.009592649127532849,0.011583011583011582,1.138996138996139,1.5423812516835773,"[[74.02753448486328, 65.94686126708984], 21.0]",0.0511622428894043,
fing_x_face,6,0.01,face_G>li_V,2,MAXMONO-K3,GP,boot,300,0.08721007220906649,0.07989607766248226,True,0.007299490242210358,0.023255813953488372,0.008634880727903983,0.011583011583011582,1.1505791505791505,1.5433390200832062,"[[74.08012390136719, 65.94686126708984], 21.0]",0.053906917572021484,
fing_x_face,6,0.01,face_G>li_V,2,MONO-cont,GP,boot,300,0.06909528603175805,0.063130594121045,True,0.007782101167315175,0.023255813953488372,0.009592649127532849,0.011583011583011582,1.138996138996139,1.5423812516835773,"[[74.02753448486328, 65.94686126708984], 21.0]",0.0596010684967041,
fing_x_face,6,0.01,face_G>li_V,2,S1-Marcialis,rule,boot,300,,,True,0.006334268392000724,0.03875968992248062,0.005941157103947802,0.03474903474903475,1.3436293436293436,1.5531112507856695,"[[75.94683074951172, 65.9372329711914], 18.0]",0.0285494327545166,
fing_x_face,6,0.01,face_G>li_V,2,S2-Symmetric,rule,boot,300,,,True,0.007480469339124664,0.023255813953488372,0.008679776121636586,0.015444015444015444,1.1544401544401544,1.5338660920056268,"[[74.14479064941406, 65.97827911376953], 20.0]",0.06795001029968262,
fing_x_face,6,0.01,face_G>li_V,2,S3-SPRT,rule,boot,300,,,True,0.00803848822127711,0.015503875968992248,0.009996707671126277,0.015444015444015444,1.308880308880309,1.5564784053156147,"[[5.69760963230602, -3.5091428000324654], -0.6262754374497739]",0.2640366554260254,
fing_x_face,6,0.01,face_G>li_V,2,S4-Direct,rule,boot,300,,,True,0.007178837510934154,0.023255813953488372,0.00769207745951932,0.019305019305019305,1.22007722007722,1.5410493550028435,"[[74.750244140625, 65.96794891357422], 18.0]",0.43976306915283203,
fing_x_face,6,0.01,face_G>ri_V,2,HYP,GP,boot,300,0.4409007589462623,1.0,True,0.007887672307181855,0.06589147286821706,0.010580347789650115,0.08108108108108109,1.05019305019305,1.0276854928017718,"[[73.83023071289062, 72.95235443115234], 20.0]",0.03917264938354492,
fing_x_face,6,0.01,face_G>ri_V,2,MONO,GP,boot,300,0.06022384659579149,0.05708972180492774,True,0.007691611618858022,0.011627906976744186,0.010026637933614678,0.007722007722007722,1.138996138996139,1.5422764957648678,"[[74.02005004882812, 65.94686126708984], 21.0]",0.04717540740966797,
fing_x_face,6,0.01,face_G>ri_V,2,MONO-rel,GP,boot,300,0.04001191065028628,0.03888812098074574,True,0.007586040478991343,0.011627906976744186,0.009802160964951663,0.007722007722007722,1.1467181467181466,1.5425009727335308,"[[74.0325698852539, 65.94686126708984], 21.0]",0.0461885929107666,
fing_x_face,6,0.01,face_G>ri_V,2,LR-P1-N2,GP,boot,300,0.060876204875557484,0.05772488827918606,True,0.00763128525321992,0.011627906976744186,0.009921882014905271,0.007722007722007722,1.138996138996139,1.5423812516835773,"[[74.02753448486328, 65.94686126708984], 21.0]",0.06020474433898926,
fing_x_face,6,0.01,face_G>ri_V,2,LR-P1-N2-rel,GP,boot,300,0.040037023800037215,0.0388955889936463,True,0.007586040478991343,0.011627906976744186,0.009802160964951663,0.007722007722007722,1.1467181467181466,1.5425009727335308,"[[74.0325698852539, 65.94686126708984], 21.0]",0.06034040451049805,
fing_x_face,6,0.01,face_G>ri_V,2,LR-P2-N2,GP,boot,300,0.08452176787272309,0.07968337361631761,True,0.007887672307181855,0.011627906976744186,0.009517823471311844,0.007722007722007722,1.1505791505791505,1.543473706264404,"[[74.08942413330078, 65.94686126708984], 20.0]",0.0556180477142334,
fing_x_face,6,0.01,face_G>ri_V,2,LR-P2-N2-rel,GP,boot,300,0.04030431192820935,0.04014030332393028,True,0.0074653877477151385,0.011627906976744186,0.009667474783753854,0.007722007722007722,1.1467181467181466,1.542650624045973,"[[74.03924560546875, 65.94686126708984], 21.0]",0.05919170379638672,
fing_x_face,6,0.01,face_G>ri_V,2,LR-P1-N3,GP,boot,300,0.06087620487554786,0.05772488827918572,True,0.00763128525321992,0.011627906976744186,0.009921882014905271,0.007722007722007722,1.138996138996139,1.5423812516835773,"[[74.02753448486328, 65.94686126708984], 21.0]",0.0586090087890625,
fing_x_face,6,0.01,face_G>ri_V,2,NLS-N2,GP,boot,300,0.05539846136791498,0.05280370607097686,True,0.007540795704762767,0.011627906976744186,0.009772230702463261,0.007722007722007722,1.1467181467181466,1.5425309029960192,"[[74.03474426269531, 65.94686126708984], 21.0]",0.046294450759887695,
fing_x_face,6,0.01,face_G>ri_V,2,DE-N2,GP,boot,300,0.060817484146977185,0.057683294168108905,True,0.007616203661810394,0.011627906976744186,0.009876986621172668,0.007722007722007722,1.1428571428571428,1.54242614707731,"[[74.03005981445312, 65.94686126708984], 21.0]",0.045774221420288086,
fing_x_face,6,0.01,face_G>ri_V,2,MAXMONO-K3,GP,boot,300,0.07675316627669974,0.07329179134693461,True,0.007103429553886526,0.011627906976744186,0.00856005507168298,0.007722007722007722,1.162162162162162,1.544446439795277,"[[74.18865966796875, 65.94686126708984], 20.0]",0.047339439392089844,
fing_x_face,6,0.01,face_G>ri_V,2,MONO-cont,GP,boot,300,0.060809865227923275,0.057676435797093285,True,0.007616203661810394,0.011627906976744186,0.009876986621172668,0.007722007722007722,1.1428571428571428,1.54242614707731,"[[74.03005981445312, 65.94686126708984], 21.0]",0.04280662536621094,
fing_x_face,6,0.01,face_G>ri_V,2,S1-Marcialis,rule,boot,300,,,True,0.006590655445962658,0.01937984496124031,0.006001017628924606,0.011583011583011582,1.3436293436293436,1.5531112507856695,"[[75.94683074951172, 65.9372329711914], 18.0]",0.02074265480041504,
fing_x_face,6,0.01,face_G>ri_V,2,S2-Symmetric,rule,boot,300,,,True,0.006590655445962658,0.01937984496124031,0.006001017628924606,0.011583011583011582,1.3436293436293436,1.5531112507856695,"[[75.94683074951172, 65.9372329711914], 18.0]",0.05978059768676758,
fing_x_face,6,0.01,face_G>ri_V,2,S3-SPRT,rule,boot,300,,,True,0.007827345941543752,0.007751937984496124,0.009188590583939421,0.007722007722007722,1.308880308880309,1.5564784053156147,"[[5.69760963230602, -3.5091428000324654], -1.0830513586318764]",0.22047924995422363,
fing_x_face,6,0.01,face_G>ri_V,2,S4-Direct,rule,boot,300,,,True,0.007314571833619884,0.011627906976744186,0.007677112328275119,0.011583011583011582,1.22007722007722,1.5410493550028435,"[[74.750244140625, 65.96794891357422], 18.0]",0.4562971591949463,
fing_x_face,6,0.01,li_V>face_C,2,HYP,GP,boot,300,,,False,,,,,,,,,
fing_x_face,6,0.01,li_V>face_C,2,MONO,GP,boot,300,0.0872165571710028,0.08145439235663664,True,0.007661448436038971,0.01937984496124031,0.006779204453623058,0.007722007722007722,1.166023166023166,1.854464098650145,"[[21.000001907348633, 4.000000476837158], 0.6226500272750854]",0.06549382209777832,
fing_x_face,6,0.01,li_V>face_C,2,MONO-rel,GP,boot,300,0.06904783346724043,0.06869437340602734,True,0.007586040478991343,0.01937984496124031,0.006764239322378857,0.007722007722007722,1.166023166023166,1.854464098650145,"[[21.000001907348633, 4.000000476837158], 0.6227400302886963]",0.04595947265625,
fing_x_face,6,0.01,li_V>face_C,2,LR-P1-N2,GP,boot,300,0.08696901218920902,0.08132051913155913,True,0.007661448436038971,0.01937984496124031,0.006779204453623058,0.007722007722007722,1.166023166023166,1.854464098650145,"[[21.000001907348633, 4.000000476837158], 0.6226500272750854]",0.04633808135986328,
fing_x_face,6,0.01,li_V>face_C,2,LR-P1-N2-rel,GP,boot,300,0.06904783346724043,0.06869437340602734,True,0.007586040478991343,0.01937984496124031,0.006764239322378857,0.007722007722007722,1.166023166023166,1.854464098650145,"[[21.000001907348633, 4.000000476837158], 0.6227400302886963]",0.04488253593444824,
fing_x_face,6,0.01,li_V>face_C,2,LR-P2-N2,GP,boot,300,0.08675747207249426,0.08019479423234072,True,0.007570958887581818,0.01937984496124031,0.006764239322378857,0.007722007722007722,1.166023166023166,1.854464098650145,"[[21.000001907348633, 4.000000476837158], 0.6228200793266296]",0.047283172607421875,
fing_x_face,6,0.01,li_V>face_C,2,LR-P2-N2-rel,GP,boot,300,0.07929206222681531,0.08233296951905829,True,0.007736856393086598,0.01937984496124031,0.006464936697494837,0.007722007722007722,1.1467181467181466,1.8535362605130048,"[[20.000001907348633, 4.000000476837158], 0.6274200081825256]",0.04500842094421387,
fing_x_face,6,0.01,li_V>face_C,2,LR-P1-N3,GP,boot,300,0.08696901218499108,0.08132051912928151,True,0.007661448436038971,0.01937984496124031,0.006779204453623058,0.007722007722007722,1.166023166023166,1.854464098650145,"[[21.000001907348633, 4.000000476837158], 0.6226500272750854]",0.037226200103759766,
fing_x_face,6,0.01,li_V>face_C,2,NLS-N2,GP,boot,300,0.08187008611999916,0.07704684703084193,True,0.007661448436038971,0.01937984496124031,0.006779204453623058,0.007722007722007722,1.166023166023166,1.854464098650145,"[[21.000001907348633, 4.000000476837158], 0.6226500272750854]",0.06248211860656738,
fing_x_face,6,0.01,li_V>face_C,2,DE-N2,GP,boot,300,0.08615876718876157,0.0806194486331955,True,0.007661448436038971,0.01937984496124031,0.006779204453623058,0.007722007722007722,1.166023166023166,1.854464098650145,"[[21.000001907348633, 4.000000476837158], 0.6226500272750854]",0.03734946250915527,
fing_x_face,6,0.01,li_V>face_C,2,MAXMONO-K3,GP,boot,300,0.12445125896284422,0.11813018760172267,True,0.007661448436038971,0.031007751937984496,0.006779204453623058,0.02702702702702703,1.1467181467181466,1.6917182963694593,"[[21.000001907348633, 5.000000476837158], 0.6198800206184387]",0.0527653694152832,
fing_x_face,6,0.01,li_V>face_C,2,MONO-cont,GP,boot,300,0.08614854426411327,0.0806101764019376,True,0.007661448436038971,0.01937984496124031,0.006779204453623058,0.007722007722007722,1.166023166023166,1.854464098650145,"[[21.000001907348633, 4.000000476837158], 0.6226500272750854]",0.0443110466003418,
fing_x_face,6,0.01,li_V>face_C,2,S1-Marcialis,rule,boot,300,,,True,0.007073266371067475,0.023255813953488372,0.006105773547634013,0.023166023166023165,1.2702702702702702,1.9643530573763133,"[[35.000003814697266, 4.0], 0.6185500025749207]",0.024097204208374023,
fing_x_face,6,0.01,li_V>face_C,2,S2-Symmetric,rule,boot,300,,,True,0.007073266371067475,0.023255813953488372,0.006105773547634013,0.023166023166023165,1.2702702702702702,1.9643530573763133,"[[35.000003814697266, 4.0], 0.6185500025749207]",0.030742406845092773,
fing_x_face,6,0.01,li_V>face_C,2,S3-SPRT,rule,boot,300,,,True,0.007797182758724701,0.01937984496124031,0.006285355122564425,0.007722007722007722,1.223938223938224,1.9998802789500465,"[[4.802019763735765, -3.586743437579266], -0.5452556757846199]",0.2140953540802002,
fing_x_face,6,0.01,li_V>face_C,2,S4-Direct,rule,boot,300,,,True,0.00749555093053419,0.015503875968992248,0.006435006435006435,0.007722007722007722,1.1776061776061777,1.8564394959743797,"[[24.000001907348633, 4.000000476837158], 0.6181300282478333]",0.4621007442474365,
fing_x_face,6,0.01,li_V>face_G,2,HYP,GP,boot,300,,,False,,,,,,,,,
fing_x_face,6,0.01,li_V>face_G,2,MONO,GP,boot,300,0.0894342946334268,0.08259744185890087,True,0.008008325038458058,0.023255813953488372,0.009712370177486456,0.007722007722007722,1.166023166023166,1.854464098650145,"[[21.000001907348633, 4.000000476837158], 74.0038070678711]",0.04090619087219238,
fing_x_face,6,0.01,li_V>face_G,2,MONO-rel,GP,boot,300,0.07429692863624492,0.07201716312390008,True,0.008128977769734263,0.023255813953488372,0.009203555715183623,0.007722007722007722,1.1467181467181466,1.8535362605130048,"[[20.000001907348633, 4.000000476837158], 74.10958099365234]",0.042749881744384766,
fing_x_face,6,0.01,li_V>face_G,2,LR-P1-N2,GP,boot,300,0.08946763814102572,0.08262618943929052,True,0.007978161855639007,0.023255813953488372,0.009697405046242256,0.007722007722007722,1.166023166023166,1.854464098650145,"[[21.000001907348633, 4.000000476837158], 74.0053939819336]",0.040334224700927734,
fing_x_face,6,0.01,li_V>face_G,2,LR-P1-N2-rel,GP,boot,300,0.07419522976636171,0.07192614157933086,True,0.008128977769734263,0.023255813953488372,0.009203555715183623,0.007722007722007722,1.1467181467181466,1.8535362605130048,"[[20.000001907348633, 4.000000476837158], 74.10958099365234]",0.03979372978210449,
fing_x_face,6,0.01,li_V>face_G,2,LR-P2-N2,GP,boot,300,0.08944954136666822,0.0810707152197388,True,0.008128977769734263,0.023255813953488372,0.009203555715183623,0.007722007722007722,1.1467181467181466,1.8535362605130048,"[[20.000001907348633, 4.000000476837158], 74.10958099365234]",0.04153180122375488,
fing_x_face,6,0.01,li_V>face_G,2,LR-P2-N2-rel,GP,boot,300,0.08998186106027105,0.0911083740237097,True,0.008128977769734263,0.023255813953488372,0.009203555715183623,0.007722007722007722,1.1467181467181466,1.8535362605130048,"[[20.000001907348633, 4.000000476837158], 74.10958099365234]",0.04556012153625488,
fing_x_face,6,0.01,li_V>face_G,2,LR-P1-N3,GP,boot,300,0.08946763814102561,0.08262618943929054,True,0.007978161855639007,0.023255813953488372,0.009697405046242256,0.007722007722007722,1.166023166023166,1.854464098650145,"[[21.000001907348633, 4.000000476837158], 74.0053939819336]",0.04106283187866211,
fing_x_face,6,0.01,li_V>face_G,2,NLS-N2,GP,boot,300,0.08479727782327193,0.07863493517851011,True,0.008053569812686635,0.023255813953488372,0.00975726557121906,0.007722007722007722,1.166023166023166,1.854464098650145,"[[21.000001907348633, 4.000000476837158], 73.99864959716797]",0.03828287124633789,
fing_x_face,6,0.01,li_V>face_G,2,DE-N2,GP,boot,300,0.08869696689029195,0.08197059802318434,True,0.007947998672819956,0.023255813953488372,0.009682439914998054,0.007722007722007722,1.166023166023166,1.854464098650145,"[[21.000001907348633, 4.000000476837158], 74.00608825683594]",0.03945446014404297,
fing_x_face,6,0.01,li_V>face_G,2,MAXMONO-K3,GP,boot,300,0.12628232268255163,0.11663638215943331,True,0.008128977769734263,0.023255813953488372,0.009203555715183623,0.007722007722007722,1.1467181467181466,1.8535362605130048,"[[20.000001907348633, 4.000000476837158], 74.10958099365234]",0.054840087890625,
fing_x_face,6,0.01,li_V>face_G,2,MONO-cont,GP,boot,300,0.08868563549188438,0.08196091263164285,True,0.007947998672819956,0.023255813953488372,0.009682439914998054,0.007722007722007722,1.166023166023166,1.854464098650145,"[[21.000001907348633, 4.000000476837158], 74.00608825683594]",0.0477910041809082,
fing_x_face,6,0.01,li_V>face_G,2,S1-Marcialis,rule,boot,300,,,True,0.007827345941543752,0.027131782945736434,0.010520487264673311,0.023166023166023165,1.2702702702702702,1.9643530573763133,"[[35.000003814697266, 4.0], 73.80986022949219]",0.02386307716369629,
fing_x_face,6,0.01,li_V>face_G,2,S2-Symmetric,rule,boot,300,,,True,0.007827345941543752,0.027131782945736434,0.010520487264673311,0.023166023166023165,1.2702702702702702,1.9643530573763133,"[[35.000003814697266, 4.0], 73.80986022949219]",0.03166055679321289,
fing_x_face,6,0.01,li_V>face_G,2,S3-SPRT,rule,boot,300,,,True,0.008113896178324738,0.015503875968992248,0.009772230702463261,0.011583011583011582,1.223938223938224,1.9998802789500465,"[[4.802019763735765, -3.586743437579266], -0.5493234782482992]",0.21210289001464844,
fing_x_face,6,0.01,li_V>face_G,2,S4-Direct,rule,boot,300,,,True,0.007857509124362803,0.027131782945736434,0.010625243183382718,0.023166023166023165,1.2702702702702702,1.857217682799078,"[[35.000003814697266, 4.000000476837158], 73.74241638183594]",0.4301290512084961,
fing_x_face,6,0.01,li_V>ri_V,2,HYP,GP,boot,300,,,False,,,,,,,,,
fing_x_face,6,0.01,li_V>ri_V,2,MONO,GP,boot,300,0.08185550745787655,0.07803135661478197,True,0.007857509124362803,0.04263565891472868,0.0073927748346353,0.04633204633204633,1.1467181467181466,1.8535362605130048,"[[20.000001907348633, 4.000000476837158], 21.0]",0.037506103515625,
fing_x_face,6,0.01,li_V>ri_V,2,MONO-rel,GP,boot,300,0.06590960950841293,0.06521160169758658,True,0.007857509124362803,0.04263565891472868,0.0073927748346353,0.04633204633204633,1.1467181467181466,1.8535362605130048,"[[20.000001907348633, 4.000000476837158], 21.0]",0.03798532485961914,
fing_x_face,6,0.01,li_V>ri_V,2,LR-P1-N2,GP,boot,300,0.08184132574625778,0.078026814785553,True,0.007857509124362803,0.04263565891472868,0.0073927748346353,0.04633204633204633,1.1467181467181466,1.8535362605130048,"[[20.000001907348633, 4.000000476837158], 21.0]",0.04136180877685547,
fing_x_face,6,0.01,li_V>ri_V,2,LR-P1-N2-rel,GP,boot,300,0.06585575376174482,0.06516305635981089,True,0.007857509124362803,0.04263565891472868,0.0073927748346353,0.04633204633204633,1.1467181467181466,1.8535362605130048,"[[20.000001907348633, 4.000000476837158], 21.0]",0.04011249542236328,
fing_x_face,6,0.01,li_V>ri_V,2,LR-P2-N2,GP,boot,300,0.07846151632997012,0.07493755221984723,True,0.007857509124362803,0.04263565891472868,0.0073927748346353,0.04633204633204633,1.1467181467181466,1.8535362605130048,"[[20.000001907348633, 4.000000476837158], 21.0]",0.04189801216125488,
fing_x_face,6,0.01,li_V>ri_V,2,LR-P2-N2-rel,GP,boot,300,0.07359929166539161,0.07911702316026711,True,0.006771634542876964,0.04263565891472868,0.006464936697494837,0.05019305019305019,1.1467181467181466,1.8535362605130048,"[[20.000001907348633, 4.000000476837158], 21.000001907348633]",0.05156850814819336,
fing_x_face,6,0.01,li_V>ri_V,2,LR-P1-N3,GP,boot,300,0.08184132574625776,0.07802681478555305,True,0.007857509124362803,0.04263565891472868,0.0073927748346353,0.04633204633204633,1.1467181467181466,1.8535362605130048,"[[20.000001907348633, 4.000000476837158], 21.0]",0.044096946716308594,
fing_x_face,6,0.01,li_V>ri_V,2,NLS-N2,GP,boot,300,0.07758455402716066,0.07413502326868165,True,0.007857509124362803,0.04263565891472868,0.0073927748346353,0.04633204633204633,1.1467181467181466,1.8535362605130048,"[[20.000001907348633, 4.000000476837158], 21.0]",0.03997349739074707,
fing_x_face,6,0.01,li_V>ri_V,2,DE-N2,GP,boot,300,0.08107529881715442,0.07732828133679386,True,0.007857509124362803,0.04263565891472868,0.0073927748346353,0.04633204633204633,1.1467181467181466,1.8535362605130048,"[[20.000001907348633, 4.000000476837158], 21.0]",0.04708290100097656,
fing_x_face,6,0.01,li_V>ri_V,2,MAXMONO-K3,GP,boot,300,0.12541274990239223,0.12295481780029856,True,0.007540795704762767,0.07751937984496124,0.006943820897309269,0.06563706563706563,1.1235521235521235,1.3708359522313012,"[[21.000001907348633, 7.000000476837158], 19.0]",0.05204486846923828,
fing_x_face,6,0.01,li_V>ri_V,2,MONO-cont,GP,boot,300,0.08106432409047581,0.07731831466111302,True,0.007857509124362803,0.04263565891472868,0.0073927748346353,0.04633204633204633,1.1467181467181466,1.8535362605130048,"[[20.000001907348633, 4.000000476837158], 21.0]",0.037354230880737305,
fing_x_face,6,0.01,li_V>ri_V,2,S1-Marcialis,rule,boot,300,,,True,0.007978161855639007,0.05813953488372093,0.007228158390949088,0.05791505791505792,1.2702702702702702,1.9643530573763133,"[[35.000003814697266, 4.0], 19.0]",0.019765615463256836,
fing_x_face,6,0.01,li_V>ri_V,2,S2-Symmetric,rule,boot,300,,,True,0.007978161855639007,0.05813953488372093,0.007228158390949088,0.05791505791505792,1.2702702702702702,1.9643530573763133,"[[35.000003814697266, 4.0], 19.0]",0.0312652587890625,
fing_x_face,6,0.01,li_V>ri_V,2,S3-SPRT,rule,boot,300,,,True,0.007616203661810394,0.03875968992248062,0.007183262997216486,0.05405405405405406,1.223938223938224,1.9998802789500465,"[[4.802019763735765, -3.586743437579266], -0.9114467259955975]",0.19183754920959473,
fing_x_face,6,0.01,li_V>ri_V,2,S4-Direct,rule,boot,300,,,False,,,,,,,,,
fing_x_face,6,0.01,ri_V>face_C,2,HYP,GP,boot,300,,,False,,,,,,,,,
fing_x_face,6,0.01,ri_V>face_C,2,MONO,GP,boot,300,0.046719704737690534,0.04327672421608745,True,0.007510632521943715,0.007751937984496124,0.006734309059890455,0.003861003861003861,1.084942084942085,1.997096764538625,"[[21.000001907348633, -Infinity], 0.6249899864196777]",0.04043722152709961,
fing_x_face,6,0.01,ri_V>face_C,2,MONO-rel,GP,boot,300,0.03569833024136082,0.03443458822858482,True,0.007510632521943715,0.007751937984496124,0.006734309059890455,0.003861003861003861,1.084942084942085,1.997096764538625,"[[21.000001907348633, -Infinity], 0.6249899864196777]",0.04535269737243652,
fing_x_face,6,0.01,ri_V>face_C,2,LR-P1-N2,GP,boot,300,0.04615406892515872,0.042825526569096814,True,0.007510632521943715,0.007751937984496124,0.006734309059890455,0.003861003861003861,1.084942084942085,1.997096764538625,"[[21.000001907348633, -Infinity], 0.6249899864196777]",0.04521536827087402,
fing_x_face,6,0.01,ri_V>face_C,2,LR-P1-N2-rel,GP,boot,300,0.035770967452219124,0.034488393983996335,True,0.007510632521943715,0.007751937984496124,0.006734309059890455,0.003861003861003861,1.084942084942085,1.997096764538625,"[[21.000001907348633, -Infinity], 0.6249899864196777]",0.04595518112182617,
fing_x_face,6,0.01,ri_V>face_C,2,LR-P2-N2,GP,boot,300,0.04697913405442972,0.04305452610610942,True,0.007510632521943715,0.007751937984496124,0.006734309059890455,0.003861003861003861,1.084942084942085,1.997096764538625,"[[21.000001907348633, -Infinity], 0.6249899864196777]",0.038419485092163086,
fing_x_face,6,0.01,ri_V>face_C,2,LR-P2-N2-rel,GP,boot,300,0.03452365710620573,0.03419093292804601,True,0.007510632521943715,0.007751937984496124,0.006734309059890455,0.003861003861003861,1.084942084942085,1.997096764538625,"[[21.000001907348633, -Infinity], 0.6249899864196777]",0.03232431411743164,
fing_x_face,6,0.01,ri_V>face_C,2,LR-P1-N3,GP,boot,300,0.04615406892291019,0.042825526567843365,True,0.007510632521943715,0.007751937984496124,0.006734309059890455,0.003861003861003861,1.084942084942085,1.997096764538625,"[[21.000001907348633, -Infinity], 0.6249899864196777]",0.03220057487487793,
fing_x_face,6,0.01,ri_V>face_C,2,NLS-N2,GP,boot,300,0.04216571975733081,0.039503184599499856,True,0.007510632521943715,0.007751937984496124,0.006734309059890455,0.003861003861003861,1.084942084942085,1.997096764538625,"[[21.000001907348633, -Infinity], 0.6249899864196777]",0.03239607810974121,
fing_x_face,6,0.01,ri_V>face_C,2,DE-N2,GP,boot,300,0.045862725846151364,0.04257935386467227,True,0.007510632521943715,0.007751937984496124,0.006734309059890455,0.003861003861003861,1.084942084942085,1.997096764538625,"[[21.000001907348633, -Infinity], 0.6249899864196777]",0.03281974792480469,
fing_x_face,6,0.01,ri_V>face_C,2,MAXMONO-K3,GP,boot,300,0.06425387637284082,0.06359161510419516,True,0.007691611618858022,0.01937984496124031,0.0068240998473556615,0.015444015444015444,1.0694980694980696,1.4715063901110412,"[[20.000001907348633, 6.000000476837158], 0.6206200122833252]",0.06362557411193848,
fing_x_face,6,0.01,ri_V>face_C,2,MONO-cont,GP,boot,300,0.045857295482636194,0.04257451027564041,True,0.007510632521943715,0.007751937984496124,0.006734309059890455,0.003861003861003861,1.084942084942085,1.997096764538625,"[[21.000001907348633, -Infinity], 0.6249899864196777]",0.04061579704284668,
fing_x_face,6,0.01,ri_V>face_C,2,S1-Marcialis,rule,boot,300,,,True,0.007163755919524628,0.011627906976744186,0.006180599203855018,0.015444015444015444,1.1891891891891893,1.9999850348687558,"[[37.000003814697266, 0.0], 0.6186800003051758]",0.022980690002441406,
fing_x_face,6,0.01,ri_V>face_C,2,S2-Symmetric,rule,boot,300,,,True,0.007163755919524628,0.011627906976744186,0.006180599203855018,0.015444015444015444,1.1891891891891893,1.9999850348687558,"[[37.000003814697266, 0.0], 0.6186800003051758]",0.029645442962646484,
fing_x_face,6,0.01,ri_V>face_C,2,S3-SPRT,rule,boot,300,,,True,0.007435224564896088,0.003875968992248062,0.005686749872796384,0.007722007722007722,1.1312741312741312,1.8271527341294782,"[[4.508733357114414, -4.1203573338537804], -0.9862110026850299]",0.19495439529418945,
fing_x_face,6,0.01,ri_V>face_C,2,S4-Direct,rule,boot,300,,,True,0.007420142973486562,0.007751937984496124,0.006794169584867259,0.007722007722007722,1.084942084942085,1.9474274939391218,"[[23.000001907348633, 3.000000238418579], 0.6207600235939026]",0.5369710922241211,
fing_x_face,6,0.01,ri_V>face_G,2,HYP,GP,boot,300,,,False,,,,,,,,,
fing_x_face,6,0.01,ri_V>face_G,2,MONO,GP,boot,300,0.04790581190698095,0.04378191070688611,True,0.008113896178324738,0.007751937984496124,0.010370835952231301,0.003861003861003861,1.084942084942085,1.997096764538625,"[[21.000001907348633, -Infinity], 74.03256225585938]",0.03401350975036621,
fing_x_face,6,0.01,ri_V>face_G,2,MONO-rel,GP,boot,300,0.03791527832632728,0.03584177283909845,True,0.008098814586915212,0.007751937984496124,0.010370835952231301,0.003861003861003861,1.084942084942085,1.997096764538625,"[[21.000001907348633, -Infinity], 74.0325698852539]",0.03168463706970215,
fing_x_face,6,0.01,ri_V>face_G,2,LR-P1-N2,GP,boot,300,0.047486110005222515,0.04341780703582698,True,0.008113896178324738,0.007751937984496124,0.010370835952231301,0.003861003861003861,1.084942084942085,1.997096764538625,"[[21.000001907348633, -Infinity], 74.03256225585938]",0.03215622901916504,
fing_x_face,6,0.01,ri_V>face_G,2,LR-P1-N2-rel,GP,boot,300,0.03794102409645204,0.035852456663315144,True,0.008098814586915212,0.007751937984496124,0.010370835952231301,0.003861003861003861,1.084942084942085,1.997096764538625,"[[21.000001907348633, -Infinity], 74.0325698852539]",0.033113956451416016,
fing_x_face,6,0.01,ri_V>face_G,2,LR-P2-N2,GP,boot,300,0.04843239048095416,0.04340062741743764,True,0.008189304135372364,0.007751937984496124,0.009637544521265452,0.003861003861003861,1.0810810810810811,1.9961090658765077,"[[20.000001907348633, -Infinity], 74.15780639648438]",0.03360915184020996,
fing_x_face,6,0.01,ri_V>face_G,2,LR-P2-N2-rel,GP,boot,300,0.03789147788629699,0.03672701407307803,True,0.007978161855639007,0.007751937984496124,0.01022118463978929,0.003861003861003861,1.084942084942085,1.997096764538625,"[[21.000001907348633, -Infinity], 74.03924560546875]",0.03547239303588867,
fing_x_face,6,0.01,ri_V>face_G,2,LR-P1-N3,GP,boot,300,0.04748611000522262,0.043417807035827025,True,0.008113896178324738,0.007751937984496124,0.010370835952231301,0.003861003861003861,1.084942084942085,1.997096764538625,"[[21.000001907348633, -Infinity], 74.03256225585938]",0.03225851058959961,
fing_x_face,6,0.01,ri_V>face_G,2,NLS-N2,GP,boot,300,0.04375501607972583,0.0403452259101992,True,0.008053569812686635,0.007751937984496124,0.0103409056897429,0.003861003861003861,1.084942084942085,1.997096764538625,"[[21.000001907348633, -Infinity], 74.03474426269531]",0.03507637977600098,
fing_x_face,6,0.01,ri_V>face_G,2,DE-N2,GP,boot,300,0.047218375090709565,0.0431890169140868,True,0.008113896178324738,0.007751937984496124,0.010370835952231301,0.003861003861003861,1.084942084942085,1.997096764538625,"[[21.000001907348633, -Infinity], 74.03256225585938]",0.05091381072998047,
fing_x_face,6,0.01,ri_V>face_G,2,MAXMONO-K3,GP,boot,300,0.06546676867785897,0.06375890339325711,True,0.007299490242210358,0.01937984496124031,0.009053904402741612,0.011583011583011582,1.0733590733590734,1.6458202388434946,"[[20.000001907348633, 5.000000476837158], 74.05801391601562]",0.06106376647949219,
fing_x_face,6,0.01,ri_V>face_G,2,MONO-cont,GP,boot,300,0.04721238006688561,0.043183959723773424,True,0.008113896178324738,0.007751937984496124,0.010370835952231301,0.003861003861003861,1.084942084942085,1.997096764538625,"[[21.000001907348633, -Infinity], 74.03256225585938]",0.04104876518249512,
fing_x_face,6,0.01,ri_V>face_G,2,S1-Marcialis,rule,boot,300,,,True,0.007887672307181855,0.007751937984496124,0.010550417527161713,0.015444015444015444,1.1891891891891893,1.9999850348687558,"[[37.000003814697266, 0.0], 73.8204574584961]",0.024220943450927734,
fing_x_face,6,0.01,ri_V>face_G,2,S2-Symmetric,rule,boot,300,,,True,0.007887672307181855,0.007751937984496124,0.010550417527161713,0.015444015444015444,1.1891891891891893,1.9999850348687558,"[[37.000003814697266, 0.0], 73.8204574584961]",0.04232454299926758,
fing_x_face,6,0.01,ri_V>face_G,2,S3-SPRT,rule,boot,300,,,True,0.0078122643501342265,0.007751937984496124,0.008979078746520607,0.007722007722007722,1.1312741312741312,1.8271527341294782,"[[4.508733357114414, -4.1203573338537804], -1.0600014187993492]",0.19092369079589844,
fing_x_face,6,0.01,ri_V>face_G,2,S4-Direct,rule,boot,300,,,True,0.007902753898591379,0.011627906976744186,0.010759929364580527,0.015444015444015444,1.1853281853281854,1.9490137978510071,"[[37.000003814697266, 3.000000238418579], 73.79589080810547]",0.43712496757507324,
fing_x_face,6,0.01,ri_V>li_V,2,HYP,GP,boot,300,,,False,,,,,,,,,
fing_x_face,6,0.01,ri_V>li_V,2,MONO,GP,boot,300,0.049152264596617465,0.04414510193958232,True,0.008189304135372364,0.03875968992248062,0.0075124958845889074,0.04633204633204633,1.0810810810810811,1.9961090658765077,"[[20.000001907348633, -Infinity], 21.0]",0.03370094299316406,
fing_x_face,6,0.01,ri_V>li_V,2,MONO-rel,GP,boot,300,0.04503721351763731,0.04256444808377841,True,0.007012940005429373,0.03875968992248062,0.006554727484960043,0.05019305019305019,1.084942084942085,1.997096764538625,"[[21.000001907348633, -Infinity], 21.0]",0.03857254981994629,
fing_x_face,6,0.01,ri_V>li_V,2,LR-P1-N2,GP,boot,300,0.04871008139400013,0.043772148881733794,True,0.008189304135372364,0.03875968992248062,0.0075124958845889074,0.04633204633204633,1.0810810810810811,1.9961090658765077,"[[20.000001907348633, -Infinity], 21.0]",0.03398299217224121,
fing_x_face,6,0.01,ri_V>li_V,2,LR-P1-N2-rel,GP,boot,300,0.04508279094323688,0.042567112272624955,True,0.007012940005429373,0.03875968992248062,0.006554727484960043,0.05019305019305019,1.084942084942085,1.997096764538625,"[[21.000001907348633, -Infinity], 21.0]",0.035683631896972656,
fing_x_face,6,0.01,ri_V>li_V,2,LR-P2-N2,GP,boot,300,0.04770259894113507,0.04296097061694752,True,0.008189304135372364,0.03875968992248062,0.0075124958845889074,0.04633204633204633,1.0810810810810811,1.9961090658765077,"[[20.000001907348633, -Infinity], 21.0]",0.03854012489318848,
fing_x_face,6,0.01,ri_V>li_V,2,LR-P2-N2-rel,GP,boot,300,0.05199659467629484,0.05353454161937317,True,0.0072844086508008325,0.046511627906976744,0.0068240998473556615,0.05791505791505792,1.0656370656370657,1.3317021340277155,"[[21.000001907348633, 7.000000476837158], 19.0]",0.05226635932922363,
fing_x_face,6,0.01,ri_V>li_V,2,LR-P1-N3,GP,boot,300,0.048710081394000286,0.04377214888173385,True,0.008189304135372364,0.03875968992248062,0.0075124958845889074,0.04633204633204633,1.0810810810810811,1.9961090658765077,"[[20.000001907348633, -Infinity], 21.0]",0.03294801712036133,
fing_x_face,6,0.01,ri_V>li_V,2,NLS-N2,GP,boot,300,0.04494825857397567,0.04069340321446599,True,0.008189304135372364,0.03875968992248062,0.0075124958845889074,0.04633204633204633,1.0810810810810811,1.9961090658765077,"[[20.000001907348633, -Infinity], 21.0]",0.03309464454650879,
fing_x_face,6,0.01,ri_V>li_V,2,DE-N2,GP,boot,300,0.048414915310318156,0.04353155283255288,True,0.008189304135372364,0.03875968992248062,0.0075124958845889074,0.04633204633204633,1.0810810810810811,1.9961090658765077,"[[20.000001907348633, -Infinity], 21.0]",0.030535221099853516,
fing_x_face,6,0.01,ri_V>li_V,2,MAXMONO-K3,GP,boot,300,0.07440483766788215,0.0744881331853811,True,0.007344735016438934,0.050387596899224806,0.006839064978599862,0.06177606177606178,1.05019305019305,1.1555924695459578,"[[20.000001907348633, 9.000000953674316], 18.0]",0.06558895111083984,
fing_x_face,6,0.01,ri_V>li_V,2,MONO-cont,GP,boot,300,0.04840868653887791,0.04352641834709032,True,0.008189304135372364,0.03875968992248062,0.0075124958845889074,0.04633204633204633,1.0810810810810811,1.9961090658765077,"[[20.000001907348633, -Infinity], 21.0]",0.04149127006530762,
fing_x_face,6,0.01,ri_V>li_V,2,S1-Marcialis,rule,boot,300,,,True,0.005625433595753024,0.05426356589147287,0.004998353835563138,0.07722007722007722,1.1891891891891893,1.9999850348687558,"[[37.000003814697266, 0.0], 20.0]",0.028071165084838867,
fing_x_face,6,0.01,ri_V>li_V,2,S2-Symmetric,rule,boot,300,,,True,0.005625433595753024,0.05426356589147287,0.004998353835563138,0.07722007722007722,1.1891891891891893,1.9999850348687558,"[[37.000003814697266, 0.0], 20.0]",0.02825927734375,
fing_x_face,6,0.01,ri_V>li_V,2,S3-SPRT,rule,boot,300,,,True,0.007616203661810394,0.04263565891472868,0.007123402472239681,0.05405405405405406,1.1312741312741312,1.8271527341294782,"[[4.508733357114414, -4.1203573338537804], -0.9772286019272944]",0.1824498176574707,
fing_x_face,6,0.01,ri_V>li_V,2,S4-Direct,rule,boot,300,,,True,0.006243778843543571,0.04263565891472868,0.006001017628924606,0.06563706563706563,1.1081081081081081,1.9478614827452037,"[[24.000001907348633, 3.000000238418579], 20.0]",0.428546667098999,
fing_x_face,6,0.01,face_C>face_G>li_V,3,HYP,GP,boot,300,,,False,,,,,,,,,True
fing_x_face,6,0.01,face_C>face_G>li_V,3,MONO,GP,boot,300,,,False,,,,,,,,,True
fing_x_face,6,0.01,face_C>face_G>li_V,3,MONO-rel,GP,boot,300,,,False,,,,,,,,,True
fing_x_face,6,0.01,face_C>face_G>li_V,3,LR-P1-N2,GP,boot,300,,,False,,,,,,,,,True
fing_x_face,6,0.01,face_C>face_G>li_V,3,LR-P1-N2-rel,GP,boot,300,,,False,,,,,,,,,True
fing_x_face,6,0.01,face_C>face_G>li_V,3,LR-P2-N2,GP,boot,300,,,False,,,,,,,,,True
fing_x_face,6,0.01,face_C>face_G>li_V,3,LR-P2-N2-rel,GP,boot,300,0.023205139207035524,0.03296771341483266,True,0.007525714113353241,0.027131782945736434,0.008096136003112746,0.015444015444015444,1.193050193050193,1.781045164766095,"[[0.6237600445747375, 0.5204200744628906], [74.31565856933594, 67.45901489257812], 29.000001907348633]",0.06577920913696289,
fing_x_face,6,0.01,face_C>face_G>li_V,3,LR-P1-N3,GP,boot,300,,,False,,,,,,,,,True
fing_x_face,6,0.01,face_C>face_G>li_V,3,NLS-N2,GP,boot,300,,,False,,,,,,,,,True
fing_x_face,6,0.01,face_C>face_G>li_V,3,DE-N2,GP,boot,300,,,False,,,,,,,,,True
fing_x_face,6,0.01,face_C>face_G>li_V,3,MAXMONO-K3,GP,boot,300,,,False,,,,,,,,,True
fing_x_face,6,0.01,face_C>face_G>li_V,3,MONO-cont,GP,boot,300,,,False,,,,,,,,,True
fing_x_face,6,0.01,face_C>face_G>li_V,3,S1-Marcialis,rule,boot,300,,,True,0.006862124091334117,0.027131782945736434,0.006165634072610817,0.019305019305019305,1.667953667953668,2.014276735206968,"[[0.6950200796127319, 0.5201699733734131], [75.94683074951172, 65.9372329711914], 17.0]",0.02693462371826172,
fing_x_face,6,0.01,face_C>face_G>li_V,3,S2-Symmetric,rule,boot,300,,,True,0.007420142973486562,0.015503875968992248,0.008979078746520607,0.015444015444015444,1.5405405405405406,2.000508814462303,"[[0.6950200796127319, 0.5201699733734131], [74.14479064941406, 65.97827911376953], 19.0]",0.0855875015258789,
fing_x_face,6,0.01,face_C>face_G>li_V,3,S3-SPRT,rule,boot,300,,,False,,,,,,,,,
fing_x_face,6,0.01,face_C>face_G>li_V,3,S4-Direct,rule,boot,300,,,True,0.006635900220191234,0.011627906976744186,0.007078507078507079,0.003861003861003861,1.3667953667953667,2.792269013199246,"[[0.6557100415229797, 0.4832500219345093], [74.68309020996094, 63.86409378051758], 20.0]",0.5871908664703369,
fing_x_face,6,0.01,face_C>face_G>ri_V,3,HYP,GP,boot,300,,,False,,,,,,,,,True
fing_x_face,6,0.01,face_C>face_G>ri_V,3,MONO,GP,boot,300,,,False,,,,,,,,,True
fing_x_face,6,0.01,face_C>face_G>ri_V,3,MONO-rel,GP,boot,300,,,False,,,,,,,,,True
fing_x_face,6,0.01,face_C>face_G>ri_V,3,LR-P1-N2,GP,boot,300,,,False,,,,,,,,,True
fing_x_face,6,0.01,face_C>face_G>ri_V,3,LR-P1-N2-rel,GP,boot,300,,,False,,,,,,,,,True
fing_x_face,6,0.01,face_C>face_G>ri_V,3,LR-P2-N2,GP,boot,300,,,False,,,,,,,,,True
fing_x_face,6,0.01,face_C>face_G>ri_V,3,LR-P2-N2-rel,GP,boot,300,,,False,,,,,,,,,True
fing_x_face,6,0.01,face_C>face_G>ri_V,3,LR-P1-N3,GP,boot,300,,,False,,,,,,,,,True
fing_x_face,6,0.01,face_C>face_G>ri_V,3,NLS-N2,GP,boot,300,,,False,,,,,,,,,True
fing_x_face,6,0.01,face_C>face_G>ri_V,3,DE-N2,GP,boot,300,,,False,,,,,,,,,True
fing_x_face,6,0.01,face_C>face_G>ri_V,3,MAXMONO-K3,GP,boot,300,,,False,,,,,,,,,True
fing_x_face,6,0.01,face_C>face_G>ri_V,3,MONO-cont,GP,boot,300,,,False,,,,,,,,,True
fing_x_face,6,0.01,face_C>face_G>ri_V,3,S1-Marcialis,rule,boot,300,,,True,0.007163755919524628,0.007751937984496124,0.006300320253808626,0.007722007722007722,1.667953667953668,2.014276735206968,"[[0.6950200796127319, 0.5201699733734131], [75.94683074951172, 65.9372329711914], 17.0]",0.024916648864746094,
fing_x_face,6,0.01,face_C>face_G>ri_V,3,S2-Symmetric,rule,boot,300,,,True,0.007163755919524628,0.007751937984496124,0.006300320253808626,0.007722007722007722,1.667953667953668,2.014276735206968,"[[0.6950200796127319, 0.5201699733734131], [75.94683074951172, 65.9372329711914], 17.0]",0.08834099769592285,
fing_x_face,6,0.01,face_C>face_G>ri_V,3,S3-SPRT,rule,boot,300,,,True,0.0072844086508008325,0.011627906976744186,0.007048576816018676,0.007722007722007722,1.4092664092664093,1.7308221843105565,"[[5.457036793970535, -3.899276712268543], [5.457036793970535, -3.899276712268543], -1.5314198946944226]",0.2253711223602295,
fing_x_face,6,0.01,face_C>face_G>ri_V,3,S4-Direct,rule,boot,300,,,True,0.006198534069314994,0.015503875968992248,0.005896261710215199,0.007722007722007722,1.359073359073359,1.6505192900541739,"[[0.6557100415229797, 0.5431400537490845], [74.68309020996094, 63.86409378051758], 18.0]",0.7664046287536621,
fing_x_face,6,0.01,face_C>li_V>face_G,3,HYP,GP,boot,300,0.19338211431364166,0.6705198610815324,True,0.00735981660784846,0.046511627906976744,0.00636018077878543,0.04633204633204633,1.0772200772200773,1.0615665499386429,"[[0.6255700588226318, 0.587100088596344], [13.000000953674316, 6.000000476837158], 74.66768646240234]",0.07341241836547852,
fing_x_face,6,0.01,face_C>li_V>face_G,3,MONO,GP,boot,300,,,False,,,,,,,,,True
fing_x_face,6,0.01,face_C>li_V>face_G,3,MONO-rel,GP,boot,300,0.025800797076731767,0.025560566894875274,True,0.007661448436038971,0.015503875968992248,0.0073927748346353,0.003861003861003861,1.1196911196911197,2.151267546616384,"[[0.6224100589752197, 0.5204200744628906], [22.000001907348633, 4.000000476837158], 74.71209716796875]",0.06543111801147461,
fing_x_face,6,0.01,face_C>li_V>face_G,3,LR-P1-N2,GP,boot,300,,,False,,,,,,,,,True
fing_x_face,6,0.01,face_C>li_V>face_G,3,LR-P1-N2-rel,GP,boot,300,0.02578598030959025,0.025538782805661603,True,0.007661448436038971,0.015503875968992248,0.0073927748346353,0.003861003861003861,1.1196911196911197,2.151267546616384,"[[0.6224100589752197, 0.5204200744628906], [22.000001907348633, 4.000000476837158], 74.71209716796875]",0.08095431327819824,
fing_x_face,6,0.01,face_C>li_V>face_G,3,LR-P2-N2,GP,boot,300,,,False,,,,,,,,,True
fing_x_face,6,0.01,face_C>li_V>face_G,3,LR-P2-N2-rel,GP,boot,300,0.02640248303290506,0.02842931670549778,True,0.007691611618858022,0.015503875968992248,0.007362844572146898,0.003861003861003861,1.1235521235521235,2.053021459998204,"[[0.6246000528335571, 0.5204200744628906], [21.000001907348633, 5.000000476837158], 74.66475677490234]",0.07212352752685547,
fing_x_face,6,0.01,face_C>li_V>face_G,3,LR-P1-N3,GP,boot,300,,,False,,,,,,,,,True
fing_x_face,6,0.01,face_C>li_V>face_G,3,NLS-N2,GP,boot,300,,,False,,,,,,,,,True
fing_x_face,6,0.01,face_C>li_V>face_G,3,DE-N2,GP,boot,300,,,False,,,,,,,,,True
fing_x_face,6,0.01,face_C>li_V>face_G,3,MAXMONO-K3,GP,boot,300,,,False,,,,,,,,,True
fing_x_face,6,0.01,face_C>li_V>face_G,3,MONO-cont,GP,boot,300,,,False,,,,,,,,,True
fing_x_face,6,0.01,face_C>li_V>face_G,3,S1-Marcialis,rule,boot,300,,,True,0.0078122643501342265,0.01937984496124031,0.010909580677022537,0.023166023166023165,1.4517374517374517,2.232573104666128,"[[0.6950200796127319, 0.5201699733734131], [35.000003814697266, 4.0], 73.77935028076172]",0.03113722801208496,
fing_x_face,6,0.01,face_C>li_V>face_G,3,S2-Symmetric,rule,boot,300,,,True,0.0078122643501342265,0.01937984496124031,0.010909580677022537,0.023166023166023165,1.4517374517374517,2.232573104666128,"[[0.6950200796127319, 0.5201699733734131], [35.000003814697266, 4.0], 73.77935028076172]",0.07486271858215332,
fing_x_face,6,0.01,face_C>li_V>face_G,3,S3-SPRT,rule,boot,300,,,False,,,,,,,,,
fing_x_face,6,0.01,face_C>li_V>face_G,3,S4-Direct,rule,boot,300,,,True,0.008219467318191415,0.011627906976744186,0.00784172877196133,0.015444015444015444,1.2084942084942085,1.9824010056568195,"[[0.6438600420951843, 0.4832500219345093], [35.000003814697266, 13.000000953674316], 71.47029113769531]",0.5366213321685791,
fing_x_face,6,0.01,face_C>li_V>ri_V,3,HYP,GP,boot,300,0.202887946154483,0.6723550061781922,True,0.007314571833619884,0.04263565891472868,0.006015982760168807,0.04633204633204633,1.0772200772200773,1.0576307204214181,"[[0.6255700588226318, 0.5880500674247742], [13.000000953674316, 6.000000476837158], 19.0]",0.05937552452087402,
fing_x_face,6,0.01,face_C>li_V>ri_V,3,MONO,GP,boot,300,,,False,,,,,,,,,True
fing_x_face,6,0.01,face_C>li_V>ri_V,3,MONO-rel,GP,boot,300,,,False,,,,,,,,,True
fing_x_face,6,0.01,face_C>li_V>ri_V,3,LR-P1-N2,GP,boot,300,,,False,,,,,,,,,True
fing_x_face,6,0.01,face_C>li_V>ri_V,3,LR-P1-N2-rel,GP,boot,300,,,False,,,,,,,,,True
fing_x_face,6,0.01,face_C>li_V>ri_V,3,LR-P2-N2,GP,boot,300,,,False,,,,,,,,,True
fing_x_face,6,0.01,face_C>li_V>ri_V,3,LR-P2-N2-rel,GP,boot,300,0.024043986541079733,0.027471942437293048,True,0.007525714113353241,0.007751937984496124,0.006689413666157852,0.007722007722007722,1.1235521235521235,2.1508485229415464,"[[0.6232200860977173, 0.5204200744628906], [21.000001907348633, 4.000000476837158], 28.0]",0.05681729316711426,
fing_x_face,6,0.01,face_C>li_V>ri_V,3,LR-P1-N3,GP,boot,300,,,False,,,,,,,,,True
fing_x_face,6,0.01,face_C>li_V>ri_V,3,NLS-N2,GP,boot,300,,,False,,,,,,,,,True
fing_x_face,6,0.01,face_C>li_V>ri_V,3,DE-N2,GP,boot,300,,,False,,,,,,,,,True
fing_x_face,6,0.01,face_C>li_V>ri_V,3,MAXMONO-K3,GP,boot,300,,,False,,,,,,,,,True
fing_x_face,6,0.01,face_C>li_V>ri_V,3,MONO-cont,GP,boot,300,,,False,,,,,,,,,True
fing_x_face,6,0.01,face_C>li_V>ri_V,3,S1-Marcialis,rule,boot,300,,,True,0.007827345941543752,0.01937984496124031,0.006584657747448445,0.011583011583011582,1.4517374517374517,2.232573104666128,"[[0.6950200796127319, 0.5201699733734131], [35.000003814697266, 4.0], 18.0]",0.026178359985351562,
fing_x_face,6,0.01,face_C>li_V>ri_V,3,S2-Symmetric,rule,boot,300,,,True,0.007827345941543752,0.01937984496124031,0.006584657747448445,0.011583011583011582,1.4517374517374517,2.232573104666128,"[[0.6950200796127319, 0.5201699733734131], [35.000003814697266, 4.0], 18.0]",0.059017181396484375,
fing_x_face,6,0.01,face_C>li_V>ri_V,3,S3-SPRT,rule,boot,300,,,True,0.007570958887581818,0.003875968992248062,0.005611924216575379,0.003861003861003861,1.2857142857142858,1.7108886294932806,"[[5.457036793970535, -3.899276712268543], [5.457036793970535, -3.899276712268543], -2.9561087900157683]",0.20894908905029297,
fing_x_face,6,0.01,face_C>li_V>ri_V,3,S4-Direct,rule,boot,300,,,True,0.006937532048381745,0.003875968992248062,0.005866331447726796,0.011583011583011582,1.193050193050193,2.4317739666576874,"[[0.6438600420951843, 0.4832500219345093], [22.000001907348633, 6.000000476837158], 20.0]",0.5528020858764648,
fing_x_face,6,0.01,face_C>ri_V>face_G,3,HYP,GP,boot,300,0.11717023789262278,0.4900853849187555,True,0.007239163876572256,0.027131782945736434,0.005731645266528988,0.03088803088803089,1.0926640926640927,1.091047858489719,"[[0.6255700588226318, 0.57722008228302], [15.000000953674316, 8.000000953674316], 74.89984893798828]",0.05540776252746582,
fing_x_face,6,0.01,face_C>ri_V>face_G,3,MONO,GP,boot,300,,,False,,,,,,,,,True
fing_x_face,6,0.01,face_C>ri_V>face_G,3,MONO-rel,GP,boot,300,,,False,,,,,,,,,True
fing_x_face,6,0.01,face_C>ri_V>face_G,3,LR-P1-N2,GP,boot,300,,,False,,,,,,,,,True
fing_x_face,6,0.01,face_C>ri_V>face_G,3,LR-P1-N2-rel,GP,boot,300,,,False,,,,,,,,,True
fing_x_face,6,0.01,face_C>ri_V>face_G,3,LR-P2-N2,GP,boot,300,,,False,,,,,,,,,True
fing_x_face,6,0.01,face_C>ri_V>face_G,3,LR-P2-N2-rel,GP,boot,300,0.019561624960187225,0.020229939852171478,True,0.007435224564896088,0.011627906976744186,0.007422705097123701,0.003861003861003861,1.111969111969112,2.12849061686271,"[[0.6221800446510315, 0.5204200744628906], [22.000001907348633, 4.000000476837158], 74.82280731201172]",0.07191157341003418,
fing_x_face,6,0.01,face_C>ri_V>face_G,3,LR-P1-N3,GP,boot,300,,,False,,,,,,,,,True
fing_x_face,6,0.01,face_C>ri_V>face_G,3,NLS-N2,GP,boot,300,,,False,,,,,,,,,True
fing_x_face,6,0.01,face_C>ri_V>face_G,3,DE-N2,GP,boot,300,,,False,,,,,,,,,True
fing_x_face,6,0.01,face_C>ri_V>face_G,3,MAXMONO-K3,GP,boot,300,,,False,,,,,,,,,True
fing_x_face,6,0.01,face_C>ri_V>face_G,3,MONO-cont,GP,boot,300,,,False,,,,,,,,,True
fing_x_face,6,0.01,face_C>ri_V>face_G,3,S1-Marcialis,rule,boot,300,,,True,0.007782101167315175,0.003875968992248062,0.01064020831462692,0.011583011583011582,1.4555984555984556,2.2541228936577773,"[[0.6950200796127319, 0.5201699733734131], [37.000003814697266, 0.0], 73.80058288574219]",0.027936458587646484,
fing_x_face,6,0.01,face_C>ri_V>face_G,3,S2-Symmetric,rule,boot,300,,,True,0.007782101167315175,0.003875968992248062,0.01064020831462692,0.011583011583011582,1.4555984555984556,2.2541228936577773,"[[0.6950200796127319, 0.5201699733734131], [37.000003814697266, 0.0], 73.80058288574219]",0.060303688049316406,
fing_x_face,6,0.01,face_C>ri_V>face_G,3,S3-SPRT,rule,boot,300,,,True,0.007344735016438934,0.003875968992248062,0.006943820897309269,0.0,1.2857142857142858,1.682544670916764,"[[5.457036793970535, -3.899276712268543], [5.457036793970535, -3.899276712268543], -1.6606234992149893]",0.19777297973632812,
fing_x_face,6,0.01,face_C>ri_V>face_G,3,S4-Direct,rule,boot,300,,,True,0.008174222543962838,0.003875968992248062,0.010086498458591482,0.003861003861003861,1.4054054054054055,2.3871030498937476,"[[0.6950200796127319, 0.4832500219345093], [21.000001907348633, 6.000000476837158], 73.6594467163086]",0.5650618076324463,
fing_x_face,6,0.01,face_C>ri_V>li_V,3,HYP,GP,boot,300,,,False,,,,,,,,,True
fing_x_face,6,0.01,face_C>ri_V>li_V,3,MONO,GP,boot,300,,,False,,,,,,,,,True
fing_x_face,6,0.01,face_C>ri_V>li_V,3,MONO-rel,GP,boot,300,0.022661769852585455,0.022405615210939065,True,0.007570958887581818,0.011627906976744186,0.006479901828739038,0.007722007722007722,1.111969111969112,2.1283110352877794,"[[0.621910035610199, 0.5204200744628906], [22.000001907348633, 4.000000476837158], 26.0]",0.06763768196105957,
fing_x_face,6,0.01,face_C>ri_V>li_V,3,LR-P1-N2,GP,boot,300,,,False,,,,,,,,,True
fing_x_face,6,0.01,face_C>ri_V>li_V,3,LR-P1-N2-rel,GP,boot,300,0.02266339029825668,0.0223985878137897,True,0.007570958887581818,0.011627906976744186,0.006479901828739038,0.007722007722007722,1.111969111969112,2.1283110352877794,"[[0.621910035610199, 0.5204200744628906], [22.000001907348633, 4.000000476837158], 26.0]",0.06696248054504395,
fing_x_face,6,0.01,face_C>ri_V>li_V,3,LR-P2-N2,GP,boot,300,,,False,,,,,,,,,True
fing_x_face,6,0.01,face_C>ri_V>li_V,3,LR-P2-N2-rel,GP,boot,300,0.021300426707533734,0.023055450928367003,True,0.007450306156305614,0.007751937984496124,0.00636018077878543,0.007722007722007722,1.111969111969112,1.7191643470713238,"[[0.6221800446510315, 0.5204200744628906], [22.000001907348633, 9.000000953674316], 24.0]",0.0746617317199707,
fing_x_face,6,0.01,face_C>ri_V>li_V,3,LR-P1-N3,GP,boot,300,,,False,,,,,,,,,True
fing_x_face,6,0.01,face_C>ri_V>li_V,3,NLS-N2,GP,boot,300,,,False,,,,,,,,,True
fing_x_face,6,0.01,face_C>ri_V>li_V,3,DE-N2,GP,boot,300,,,False,,,,,,,,,True
fing_x_face,6,0.01,face_C>ri_V>li_V,3,MAXMONO-K3,GP,boot,300,,,False,,,,,,,,,True
fing_x_face,6,0.01,face_C>ri_V>li_V,3,MONO-cont,GP,boot,300,,,False,,,,,,,,,True
fing_x_face,6,0.01,face_C>ri_V>li_V,3,S1-Marcialis,rule,boot,300,,,True,0.007435224564896088,0.01937984496124031,0.00695878602855347,0.015444015444015444,1.4555984555984556,2.2541228936577773,"[[0.6950200796127319, 0.5201699733734131], [37.000003814697266, 0.0], 18.0]",0.026283740997314453,
fing_x_face,6,0.01,face_C>ri_V>li_V,3,S2-Symmetric,rule,boot,300,,,True,0.007435224564896088,0.01937984496124031,0.00695878602855347,0.015444015444015444,1.4555984555984556,2.2541228936577773,"[[0.6950200796127319, 0.5201699733734131], [37.000003814697266, 0.0], 18.0]",0.06154942512512207,
fing_x_face,6,0.01,face_C>ri_V>li_V,3,S3-SPRT,rule,boot,300,,,True,0.007405061382077037,0.003875968992248062,0.005402412379156565,0.0,1.2857142857142858,1.682544670916764,"[[5.457036793970535, -3.899276712268543], [5.457036793970535, -3.899276712268543], -2.938997548285072]",0.19773292541503906,
fing_x_face,6,0.01,face_C>ri_V>li_V,3,S4-Direct,rule,boot,300,,,True,0.007586040478991343,0.003875968992248062,0.006794169584867259,0.011583011583011582,1.1891891891891893,2.385711292688037,"[[0.6438600420951843, 0.4832500219345093], [21.000001907348633, 6.000000476837158], 20.0]",0.5988328456878662,
fing_x_face,6,0.01,face_G>face_C>li_V,3,HYP,GP,boot,300,,,False,,,,,,,,,True
fing_x_face,6,0.01,face_G>face_C>li_V,3,MONO,GP,boot,300,,,False,,,,,,,,,True
fing_x_face,6,0.01,face_G>face_C>li_V,3,MONO-rel,GP,boot,300,,,False,,,,,,,,,True
fing_x_face,6,0.01,face_G>face_C>li_V,3,LR-P1-N2,GP,boot,300,,,False,,,,,,,,,True
fing_x_face,6,0.01,face_G>face_C>li_V,3,LR-P1-N2-rel,GP,boot,300,,,False,,,,,,,,,True
fing_x_face,6,0.01,face_G>face_C>li_V,3,LR-P2-N2,GP,boot,300,,,False,,,,,,,,,True
fing_x_face,6,0.01,face_G>face_C>li_V,3,LR-P2-N2-rel,GP,boot,300,,,False,,,,,,,,,True
fing_x_face,6,0.01,face_G>face_C>li_V,3,LR-P1-N3,GP,boot,300,,,False,,,,,,,,,True
fing_x_face,6,0.01,face_G>face_C>li_V,3,NLS-N2,GP,boot,300,,,False,,,,,,,,,True
fing_x_face,6,0.01,face_G>face_C>li_V,3,DE-N2,GP,boot,300,,,False,,,,,,,,,True
fing_x_face,6,0.01,face_G>face_C>li_V,3,MAXMONO-K3,GP,boot,300,,,False,,,,,,,,,True
fing_x_face,6,0.01,face_G>face_C>li_V,3,MONO-cont,GP,boot,300,,,False,,,,,,,,,True
fing_x_face,6,0.01,face_G>face_C>li_V,3,S1-Marcialis,rule,boot,300,,,True,0.006862124091334117,0.027131782945736434,0.006165634072610817,0.015444015444015444,1.6177606177606179,1.9403190565981263,"[[75.94683074951172, 65.9372329711914], [0.6950200796127319, 0.5201699733734131], 17.0]",0.02719259262084961,
fing_x_face,6,0.01,face_G>face_C>li_V,3,S2-Symmetric,rule,boot,300,,,True,0.007540795704762767,0.015503875968992248,0.009113764927718416,0.011583011583011582,1.3011583011583012,1.9073059770734189,"[[74.14479064941406, 65.97827911376953], [0.6950200796127319, 0.5201699733734131], 19.0]",0.08772778511047363,
fing_x_face,6,0.01,face_G>face_C>li_V,3,S3-SPRT,rule,boot,300,,,True,0.00722408228516273,0.023255813953488372,0.007766903115740325,0.015444015444015444,1.4517374517374517,1.6366017179970669,"[[5.69760963230602, -3.5091428000324654], [5.69760963230602, -3.5091428000324654], -1.1816903804886394]",0.27925705909729004,
fing_x_face,6,0.01,face_G>face_C>li_V,3,S4-Direct,rule,boot,300,,,True,0.0072844086508008325,0.015503875968992248,0.0072131932597048875,0.007722007722007722,1.386100386100386,2.2131782945736433,"[[74.9349594116211, 63.86409378051758], [0.6438600420951843, 0.5431400537490845], 17.0]",0.5662126541137695,
fing_x_face,6,0.01,face_G>face_C>ri_V,3,HYP,GP,boot,300,,,False,,,,,,,,,True
fing_x_face,6,0.01,face_G>face_C>ri_V,3,MONO,GP,boot,300,,,False,,,,,,,,,True
fing_x_face,6,0.01,face_G>face_C>ri_V,3,MONO-rel,GP,boot,300,,,False,,,,,,,,,True
fing_x_face,6,0.01,face_G>face_C>ri_V,3,LR-P1-N2,GP,boot,300,,,False,,,,,,,,,True
fing_x_face,6,0.01,face_G>face_C>ri_V,3,LR-P1-N2-rel,GP,boot,300,,,False,,,,,,,,,True
fing_x_face,6,0.01,face_G>face_C>ri_V,3,LR-P2-N2,GP,boot,300,,,False,,,,,,,,,True
fing_x_face,6,0.01,face_G>face_C>ri_V,3,LR-P2-N2-rel,GP,boot,300,,,False,,,,,,,,,True
fing_x_face,6,0.01,face_G>face_C>ri_V,3,LR-P1-N3,GP,boot,300,,,False,,,,,,,,,True
fing_x_face,6,0.01,face_G>face_C>ri_V,3,NLS-N2,GP,boot,300,,,False,,,,,,,,,True
fing_x_face,6,0.01,face_G>face_C>ri_V,3,DE-N2,GP,boot,300,,,False,,,,,,,,,True
fing_x_face,6,0.01,face_G>face_C>ri_V,3,MAXMONO-K3,GP,boot,300,,,False,,,,,,,,,True
fing_x_face,6,0.01,face_G>face_C>ri_V,3,MONO-cont,GP,boot,300,,,False,,,,,,,,,True
fing_x_face,6,0.01,face_G>face_C>ri_V,3,S1-Marcialis,rule,boot,300,,,True,0.007163755919524628,0.007751937984496124,0.006300320253808626,0.003861003861003861,1.6177606177606179,1.9403190565981263,"[[75.94683074951172, 65.9372329711914], [0.6950200796127319, 0.5201699733734131], 17.0]",0.024403810501098633,
fing_x_face,6,0.01,face_G>face_C>ri_V,3,S2-Symmetric,rule,boot,300,,,True,0.007163755919524628,0.007751937984496124,0.006300320253808626,0.003861003861003861,1.6177606177606179,1.9403190565981263,"[[75.94683074951172, 65.9372329711914], [0.6950200796127319, 0.5201699733734131], 17.0]",0.09660816192626953,
fing_x_face,6,0.01,face_G>face_C>ri_V,3,S3-SPRT,rule,boot,300,,,True,0.0073296534250294094,0.011627906976744186,0.006988716291041873,0.015444015444015444,1.4517374517374517,1.6366017179970669,"[[5.69760963230602, -3.5091428000324654], [5.69760963230602, -3.5091428000324654], -1.528176385878167]",0.23082685470581055,
fing_x_face,6,0.01,face_G>face_C>ri_V,3,S4-Direct,rule,boot,300,,,True,0.006907368865562694,0.01937984496124031,0.006001017628924606,0.007722007722007722,1.335907335907336,1.829143096584957,"[[74.9349594116211, 66.0118408203125], [0.6307300329208374, 0.5307600498199463], 19.0]",0.7119410037994385,
fing_x_face,6,0.01,face_G>li_V>face_C,3,HYP,GP,boot,300,,,False,,,,,,,,,True
fing_x_face,6,0.01,face_G>li_V>face_C,3,MONO,GP,boot,300,0.06197002958432113,0.05731561204489278,True,0.007917835490000904,0.015503875968992248,0.009951812277393673,0.003861003861003861,1.1428571428571428,2.005581993954087,"[[73.93766021728516, 65.94686126708984], [23.000001907348633, 4.000000476837158], 0.6444699764251709]",0.06822514533996582,
fing_x_face,6,0.01,face_G>li_V>face_C,3,MONO-rel,GP,boot,300,0.03928943999026728,0.03801560025999981,True,0.007857509124362803,0.015503875968992248,0.00917362545269522,0.003861003861003861,1.1544401544401544,2.0080811708718684,"[[74.03544616699219, 65.94686126708984], [22.000001907348633, 4.000000476837158], 0.638480007648468]",0.0659785270690918,
fing_x_face,6,0.01,face_G>li_V>face_C,3,LR-P1-N2,GP,boot,300,0.06261713253211565,0.05792758255911134,True,0.007917835490000904,0.015503875968992248,0.009921882014905271,0.003861003861003861,1.1428571428571428,2.0056418544790637,"[[73.94208526611328, 65.94686126708984], [23.000001907348633, 4.000000476837158], 0.6443799734115601]",0.07540202140808105,
fing_x_face,6,0.01,face_G>li_V>face_C,3,LR-P1-N2-rel,GP,boot,300,0.039341619789290336,0.038055131590341816,True,0.007857509124362803,0.015503875968992248,0.00917362545269522,0.003861003861003861,1.1544401544401544,2.0080811708718684,"[[74.03544616699219, 65.94686126708984], [22.000001907348633, 4.000000476837158], 0.638480007648468]",0.0648801326751709,
fing_x_face,6,0.01,face_G>li_V>face_C,3,LR-P2-N2,GP,boot,300,0.08669458556344636,0.07992560006722853,True,0.007887672307181855,0.015503875968992248,0.009862021489928466,0.003861003861003861,1.1467181467181466,2.006120738678878,"[[73.9719467163086, 65.94686126708984], [22.000001907348633, 4.000000476837158], 0.6436399817466736]",0.0748288631439209,
fing_x_face,6,0.01,face_G>li_V>face_C,3,LR-P2-N2-rel,GP,boot,300,0.04029576940772887,0.04043842244923728,True,0.00793291708141043,0.015503875968992248,0.008425368890485169,0.003861003861003861,1.166023166023166,2.0102211846397893,"[[74.13616943359375, 65.94686126708984], [21.000001907348633, 4.000000476837158], 0.6355199813842773]",0.08275270462036133,
fing_x_face,6,0.01,face_G>li_V>face_C,3,LR-P1-N3,GP,boot,300,0.06261713253160466,0.05792758255900298,True,0.007917835490000904,0.015503875968992248,0.009921882014905271,0.003861003861003861,1.1428571428571428,2.0056418544790637,"[[73.94208526611328, 65.94686126708984], [23.000001907348633, 4.000000476837158], 0.6443799734115601]",0.08887529373168945,
fing_x_face,6,0.01,face_G>li_V>face_C,3,NLS-N2,GP,boot,300,0.05647395547903729,0.05259120359713965,True,0.007917835490000904,0.015503875968992248,0.009951812277393673,0.003861003861003861,1.1428571428571428,2.005581993954087,"[[73.93766021728516, 65.94686126708984], [23.000001907348633, 4.000000476837158], 0.6444699764251709]",0.08226156234741211,
fing_x_face,6,0.01,face_G>li_V>face_C,3,DE-N2,GP,boot,300,0.06246937882434809,0.05781973893230667,True,0.007947998672819956,0.015503875968992248,0.009951812277393673,0.003861003861003861,1.1428571428571428,2.0056418544790637,"[[73.943115234375, 65.94686126708984], [23.000001907348633, 4.000000476837158], 0.6437600255012512]",0.07882261276245117,
fing_x_face,6,0.01,face_G>li_V>face_C,3,MAXMONO-K3,GP,boot,300,0.077724215999234,0.071413005680202,True,0.007887672307181855,0.015503875968992248,0.009098799796474216,0.003861003861003861,1.1583011583011582,1.8273023854419204,"[[74.05529022216797, 65.94686126708984], [21.000001907348633, 6.000000476837158], 0.6386399865150452]",0.08538198471069336,
fing_x_face,6,0.01,face_G>li_V>face_C,3,MONO-cont,GP,boot,300,0.06246066191731788,0.057812285017625954,True,0.007947998672819956,0.015503875968992248,0.009951812277393673,0.003861003861003861,1.1428571428571428,2.0056418544790637,"[[73.943115234375, 65.94686126708984], [23.000001907348633, 4.000000476837158], 0.6437600255012512]",0.07216978073120117,
fing_x_face,6,0.01,face_G>li_V>face_C,3,S1-Marcialis,rule,boot,300,,,True,0.007073266371067475,0.01937984496124031,0.006180599203855018,0.023166023166023165,1.4054054054054055,2.0872167848912033,"[[75.94683074951172, 65.9372329711914], [35.000003814697266, 4.0], 0.6175000071525574]",0.028896093368530273,
fing_x_face,6,0.01,face_G>li_V>face_C,3,S2-Symmetric,rule,boot,300,,,True,0.007073266371067475,0.01937984496124031,0.006180599203855018,0.023166023166023165,1.4054054054054055,2.0872167848912033,"[[75.94683074951172, 65.9372329711914], [35.000003814697266, 4.0], 0.6175000071525574]",0.08326268196105957,
fing_x_face,6,0.01,face_G>li_V>face_C,3,S3-SPRT,rule,boot,300,,,True,0.007887672307181855,0.015503875968992248,0.01005656819610308,0.007722007722007722,1.135135135135135,1.6124330310376822,"[[1.5061510264316753, -3.5091428000324654], [1.5061510264316753, -3.5091428000324654], 1.747365572274536]",0.2727675437927246,
fing_x_face,6,0.01,face_G>li_V>face_C,3,S4-Direct,rule,boot,300,,,True,0.007540795704762767,0.011627906976744186,0.007003681422286074,0.003861003861003861,1.2355212355212355,2.373140582442908,"[[74.68309020996094, 63.86409378051758], [25.000001907348633, 6.000000476837158], 0.6134700179100037]",0.5768482685089111,
fing_x_face,6,0.01,face_G>li_V>ri_V,3,HYP,GP,boot,300,,,False,,,,,,,,,True
fing_x_face,6,0.01,face_G>li_V>ri_V,3,MONO,GP,boot,300,,,False,,,,,,,,,True
fing_x_face,6,0.01,face_G>li_V>ri_V,3,MONO-rel,GP,boot,300,0.038635693199705716,0.03704519828679023,True,0.007872590715772329,0.007751937984496124,0.010355870820987101,0.007722007722007722,1.1467181467181466,2.006120738678878,"[[73.97071838378906, 65.94686126708984], [22.000001907348633, 4.000000476837158], 24.0]",0.08565616607666016,
fing_x_face,6,0.01,face_G>li_V>ri_V,3,LR-P1-N2,GP,boot,300,,,False,,,,,,,,,True
fing_x_face,6,0.01,face_G>li_V>ri_V,3,LR-P1-N2-rel,GP,boot,300,0.038681959948549206,0.03708174824970011,True,0.007872590715772329,0.007751937984496124,0.010355870820987101,0.007722007722007722,1.1467181467181466,2.006120738678878,"[[73.97071838378906, 65.94686126708984], [22.000001907348633, 4.000000476837158], 24.0]",0.06864142417907715,
fing_x_face,6,0.01,face_G>li_V>ri_V,3,LR-P2-N2,GP,boot,300,0.08511617542048103,0.07926487760183021,True,0.007917835490000904,0.007751937984496124,0.010400766214719703,0.007722007722007722,1.138996138996139,2.004609260423214,"[[73.89064025878906, 65.94686126708984], [23.000001907348633, 4.000000476837158], 27.0]",0.07835221290588379,
fing_x_face,6,0.01,face_G>li_V>ri_V,3,LR-P2-N2-rel,GP,boot,300,0.0391728060209426,0.038602532381341544,True,0.00763128525321992,0.007751937984496124,0.00945796294633504,0.007722007722007722,1.1583011583011582,2.008934183352788,"[[74.07844543457031, 65.94686126708984], [21.000001907348633, 4.000000476837158], 23.0]",0.06931757926940918,
fing_x_face,6,0.01,face_G>li_V>ri_V,3,LR-P1-N3,GP,boot,300,,,False,,,,,,,,,True
fing_x_face,6,0.01,face_G>li_V>ri_V,3,NLS-N2,GP,boot,300,,,False,,,,,,,,,True
fing_x_face,6,0.01,face_G>li_V>ri_V,3,DE-N2,GP,boot,300,,,False,,,,,,,,,True
fing_x_face,6,0.01,face_G>li_V>ri_V,3,MAXMONO-K3,GP,boot,300,0.07782017076002687,0.07073446219279343,True,0.007872590715772329,0.015503875968992248,0.009727335308730658,0.011583011583011582,1.1467181467181466,1.6871090359462453,"[[74.03582763671875, 65.94686126708984], [22.000001907348633, 8.000000953674316], 20.0]",0.09973764419555664,
fing_x_face,6,0.01,face_G>li_V>ri_V,3,MONO-cont,GP,boot,300,,,False,,,,,,,,,True
fing_x_face,6,0.01,face_G>li_V>ri_V,3,S1-Marcialis,rule,boot,300,,,True,0.0063795131662293,0.01937984496124031,0.0059561222351920025,0.011583011583011582,1.4054054054054055,2.0872167848912033,"[[75.94683074951172, 65.9372329711914], [35.000003814697266, 4.0], 18.0]",0.02496623992919922,
fing_x_face,6,0.01,face_G>li_V>ri_V,3,S2-Symmetric,rule,boot,300,,,True,0.0063795131662293,0.01937984496124031,0.0059561222351920025,0.011583011583011582,1.4054054054054055,2.0872167848912033,"[[75.94683074951172, 65.9372329711914], [35.000003814697266, 4.0], 18.0]",0.06542181968688965,
fing_x_face,6,0.01,face_G>li_V>ri_V,3,S3-SPRT,rule,boot,300,,,True,0.00803848822127711,0.011627906976744186,0.008769566909101793,0.007722007722007722,1.3397683397683398,1.6307353865493401,"[[5.69760963230602, -3.5091428000324654], [5.69760963230602, -3.5091428000324654], -3.2923574069955004]",0.2118535041809082,
fing_x_face,6,0.01,face_G>li_V>ri_V,3,S4-Direct,rule,boot,300,,,True,0.008113896178324738,0.003875968992248062,0.008275717578043159,0.007722007722007722,1.2355212355212355,2.3720481278620813,"[[74.68309020996094, 63.86409378051758], [22.000001907348633, 6.000000476837158], 19.0]",0.5265347957611084,
fing_x_face,6,0.01,face_G>ri_V>face_C,3,HYP,GP,boot,300,,,False,,,,,,,,,True
fing_x_face,6,0.01,face_G>ri_V>face_C,3,MONO,GP,boot,300,0.05669535878767755,0.05423483475081513,True,0.007797182758724701,0.007751937984496124,0.01020621950854509,0.003861003861003861,1.138996138996139,2.081215767262279,"[[73.9383544921875, 65.94686126708984], [23.000001907348633, -Infinity], 0.6478800177574158]",0.06178474426269531,
fing_x_face,6,0.01,face_G>ri_V>face_C,3,MONO-rel,GP,boot,300,0.03481153810522111,0.03394488456351925,True,0.007978161855639007,0.007751937984496124,0.01020621950854509,0.003861003861003861,1.1428571428571428,2.082203465924396,"[[73.98372650146484, 65.94686126708984], [22.000001907348633, -Infinity], 0.6424199938774109]",0.07134342193603516,
fing_x_face,6,0.01,face_G>ri_V>face_C,3,LR-P1-N2,GP,boot,300,0.05729369275415022,0.054823358905046214,True,0.007842427532953278,0.007751937984496124,0.010236149771033492,0.003861003861003861,1.138996138996139,2.0813354883122326,"[[73.94729614257812, 65.94686126708984], [23.000001907348633, -Infinity], 0.6449800133705139]",0.06731367111206055,
fing_x_face,6,0.01,face_G>ri_V>face_C,3,LR-P1-N2-rel,GP,boot,300,0.03488806227119797,0.03400702827387764,True,0.007993243447048532,0.007751937984496124,0.010266080033521894,0.003861003861003861,1.1428571428571428,2.082053814611954,"[[73.98149108886719, 65.94686126708984], [22.000001907348633, -Infinity], 0.6424199938774109]",0.05916333198547363,
fing_x_face,6,0.01,face_G>ri_V>face_C,3,LR-P2-N2,GP,boot,300,0.08052720342182905,0.07685474569145385,True,0.00793291708141043,0.007751937984496124,0.010370835952231301,0.003861003861003861,1.1428571428571428,2.0817245817245817,"[[73.9719467163086, 65.94686126708984], [22.000001907348633, -Infinity], 0.6433699727058411]",0.05927014350891113,
fing_x_face,6,0.01,face_G>ri_V>face_C,3,LR-P2-N2-rel,GP,boot,300,0.03297135679018903,0.03268256657648516,True,0.007827345941543752,0.011627906976744186,0.009727335308730658,0.003861003861003861,1.1505791505791505,2.0836999790488164,"[[74.03421020507812, 65.94686126708984], [22.000001907348633, -Infinity], 0.6389999985694885]",0.05621528625488281,
fing_x_face,6,0.01,face_G>ri_V>face_C,3,LR-P1-N3,GP,boot,300,0.05729369275387683,0.05482335890498845,True,0.007842427532953278,0.007751937984496124,0.010236149771033492,0.003861003861003861,1.138996138996139,2.0813354883122326,"[[73.94729614257812, 65.94686126708984], [23.000001907348633, -Infinity], 0.6449800133705139]",0.06531190872192383,
fing_x_face,6,0.01,face_G>ri_V>face_C,3,NLS-N2,GP,boot,300,0.05139162558841244,0.04943702524257718,True,0.0078122643501342265,0.007751937984496124,0.01020621950854509,0.003861003861003861,1.138996138996139,2.081664721199605,"[[73.95658874511719, 65.94686126708984], [23.000001907348633, -Infinity], 0.6439700126647949]",0.07817769050598145,
fing_x_face,6,0.01,face_G>ri_V>face_C,3,DE-N2,GP,boot,300,0.05720965815556356,0.054763622614909656,True,0.007827345941543752,0.007751937984496124,0.010161324114812487,0.003861003861003861,1.138996138996139,2.0815150698871627,"[[73.95037078857422, 65.94686126708984], [23.000001907348633, -Infinity], 0.6449800133705139]",0.06074357032775879,
fing_x_face,6,0.01,face_G>ri_V>face_C,3,MAXMONO-K3,GP,boot,300,0.0691762752670816,0.06609634231467502,True,0.008023406629867584,0.011627906976744186,0.00975726557121906,0.003861003861003861,1.1544401544401544,1.7251653647002485,"[[74.05801391601562, 65.94686126708984], [21.000001907348633, 7.000000476837158], 0.6305199861526489]",0.07663679122924805,
fing_x_face,6,0.01,face_G>ri_V>face_C,3,MONO-cont,GP,boot,300,0.057201654631358234,0.05475630279793182,True,0.007827345941543752,0.007751937984496124,0.010161324114812487,0.003861003861003861,1.138996138996139,2.0815150698871627,"[[73.95037078857422, 65.94686126708984], [23.000001907348633, -Infinity], 0.6449800133705139]",0.06679463386535645,
fing_x_face,6,0.01,face_G>ri_V>face_C,3,S1-Marcialis,rule,boot,300,,,True,0.007103429553886526,0.007751937984496124,0.006225494597587621,0.011583011583011582,1.393822393822394,2.1062075364400945,"[[75.94683074951172, 65.9372329711914], [37.000003814697266, 0.0], 0.6177899837493896]",0.024315595626831055,
fing_x_face,6,0.01,face_G>ri_V>face_C,3,S2-Symmetric,rule,boot,300,,,True,0.007570958887581818,0.011627906976744186,0.008096136003112746,0.011583011583011582,1.1737451737451738,2.0677172188800097,"[[74.14479064941406, 65.97827911376953], [37.000003814697266, 0.0], 0.6291599869728088]",0.07150840759277344,
fing_x_face,6,0.01,face_G>ri_V>face_C,3,S3-SPRT,rule,boot,300,,,True,0.007269327059391307,0.003875968992248062,0.007796833378228727,0.007722007722007722,1.3204633204633205,1.6037532549160456,"[[5.69760963230602, -3.5091428000324654], [5.69760963230602, -3.5091428000324654], -1.8211607388842053]",0.20758581161499023,
fing_x_face,6,0.01,face_G>ri_V>face_C,3,S4-Direct,rule,boot,300,,,True,0.007586040478991343,0.003875968992248062,0.006569692616204244,0.0,1.359073359073359,2.32965191104726,"[[75.94683074951172, 63.86409378051758], [21.000001907348633, 6.000000476837158], 0.6156799793243408]",0.5615589618682861,
fing_x_face,6,0.01,face_G>ri_V>li_V,3,HYP,GP,boot,300,,,False,,,,,,,,,True
fing_x_face,6,0.01,face_G>ri_V>li_V,3,MONO,GP,boot,300,0.0569596296927059,0.054214974641852945,True,0.007993243447048532,0.007751937984496124,0.010759929364580527,0.007722007722007722,1.135135135135135,2.08025799886265,"[[73.91104125976562, 65.94686126708984], [22.000001907348633, -Infinity], 27.0]",0.08682513236999512,
fing_x_face,6,0.01,face_G>ri_V>li_V,3,MONO-rel,GP,boot,300,0.03614569967837036,0.03492173513109404,True,0.0074653877477151385,0.007751937984496124,0.009787195833707461,0.007722007722007722,1.1505791505791505,2.0572865224028014,"[[74.0325698852539, 65.94686126708984], [22.000001907348633, 3.000000238418579], 23.0]",0.09177064895629883,
fing_x_face,6,0.01,face_G>ri_V>li_V,3,LR-P1-N2,GP,boot,300,0.05757512866886958,0.05483593108523851,True,0.00793291708141043,0.007751937984496124,0.010759929364580527,0.007722007722007722,1.135135135135135,2.08025799886265,"[[73.91400909423828, 65.94686126708984], [22.000001907348633, -Infinity], 27.0]",0.07934689521789551,
fing_x_face,6,0.01,face_G>ri_V>li_V,3,LR-P1-N2-rel,GP,boot,300,0.03621313827107708,0.03497607140215893,True,0.0074653877477151385,0.007751937984496124,0.009787195833707461,0.007722007722007722,1.1505791505791505,2.0572865224028014,"[[74.0325698852539, 65.94686126708984], [22.000001907348633, 3.000000238418579], 23.0]",0.0957186222076416,
fing_x_face,6,0.01,face_G>ri_V>li_V,3,LR-P2-N2,GP,boot,300,0.08061376943621011,0.07681003178090434,True,0.008008325038458058,0.007751937984496124,0.010520487264673311,0.007722007722007722,1.138996138996139,2.0815749304121396,"[[73.96316528320312, 65.94686126708984], [22.000001907348633, -Infinity], 24.0]",0.09387850761413574,
fing_x_face,6,0.01,face_G>ri_V>li_V,3,LR-P2-N2-rel,GP,boot,300,0.03573991344037424,0.035297388733167984,True,0.0077670195759056496,0.007751937984496124,0.009772230702463261,0.007722007722007722,1.1505791505791505,1.6694651462093322,"[[74.03924560546875, 65.94686126708984], [22.000001907348633, 8.000000953674316], 20.0]",0.08769631385803223,
fing_x_face,6,0.01,face_G>ri_V>li_V,3,LR-P1-N3,GP,boot,300,0.0575751286703097,0.05483593108523817,True,0.00793291708141043,0.007751937984496124,0.010759929364580527,0.007722007722007722,1.135135135135135,2.08025799886265,"[[73.91400909423828, 65.94686126708984], [22.000001907348633, -Infinity], 27.0]",0.057836055755615234,
fing_x_face,6,0.01,face_G>ri_V>li_V,3,NLS-N2,GP,boot,300,0.051707039454105444,0.04944909121919852,True,0.00793291708141043,0.007751937984496124,0.010685103708359522,0.007722007722007722,1.135135135135135,2.0805573014875343,"[[73.92420959472656, 65.94686126708984], [22.000001907348633, -Infinity], 26.0]",0.0651857852935791,
fing_x_face,6,0.01,face_G>ri_V>li_V,3,DE-N2,GP,boot,300,0.057492403705470034,0.054778338494624684,True,0.007917835490000904,0.007751937984496124,0.010744964233336327,0.007722007722007722,1.135135135135135,2.0802879291251384,"[[73.91654968261719, 65.94686126708984], [22.000001907348633, -Infinity], 27.0]",0.06165623664855957,
fing_x_face,6,0.01,face_G>ri_V>li_V,3,MAXMONO-K3,GP,boot,300,0.07068814489553721,0.0667429495015353,True,0.007947998672819956,0.007751937984496124,0.00990691688366107,0.007722007722007722,1.1544401544401544,1.6040226272784412,"[[74.05801391601562, 65.94686126708984], [21.000001907348633, 10.000000953674316], 19.0]",0.10430479049682617,
fing_x_face,6,0.01,face_G>ri_V>li_V,3,MONO-cont,GP,boot,300,0.05748432141922159,0.0547710346137685,True,0.007917835490000904,0.007751937984496124,0.010744964233336327,0.007722007722007722,1.135135135135135,2.0802879291251384,"[[73.91654968261719, 65.94686126708984], [22.000001907348633, -Infinity], 27.0]",0.08539843559265137,
fing_x_face,6,0.01,face_G>ri_V>li_V,3,S1-Marcialis,rule,boot,300,,,True,0.006334268392000724,0.01937984496124031,0.0059561222351920025,0.023166023166023165,1.393822393822394,2.1062075364400945,"[[75.94683074951172, 65.9372329711914], [37.000003814697266, 0.0], 18.0]",0.037017822265625,
fing_x_face,6,0.01,face_G>ri_V>li_V,3,S2-Symmetric,rule,boot,300,,,True,0.007480469339124664,0.011627906976744186,0.008694741252880788,0.011583011583011582,1.1737451737451738,2.0677172188800097,"[[74.14479064941406, 65.97827911376953], [37.000003814697266, 0.0], 20.0]",0.08640646934509277,
fing_x_face,6,0.01,face_G>ri_V>li_V,3,S3-SPRT,rule,boot,300,,,True,0.0078122643501342265,0.007751937984496124,0.008365508365508366,0.007722007722007722,1.3204633204633205,1.6037532549160456,"[[5.69760963230602, -3.5091428000324654], [5.69760963230602, -3.5091428000324654], -3.2625673463881855]",0.23430490493774414,
fing_x_face,6,0.01,face_G>ri_V>li_V,3,S4-Direct,rule,boot,300,,,True,0.007269327059391307,0.003875968992248062,0.007452635359612104,0.007722007722007722,1.2548262548262548,1.9130825177336805,"[[74.68309020996094, 63.86409378051758], [37.000003814697266, 16.000001907348633], 9.0]",0.5270531177520752,
fing_x_face,6,0.01,li_V>face_C>face_G,3,HYP,GP,boot,300,,,False,,,,,,,,,
fing_x_face,6,0.01,li_V>face_C>face_G,3,MONO,GP,boot,300,0.0784969668287971,0.07578357076370816,True,0.008008325038458058,0.015503875968992248,0.00797641495315914,0.0,1.1544401544401544,2.387058154500015,"[[20.000001907348633, 4.000000476837158], [0.6346100568771362, 0.5204200744628906], 74.4676284790039]",0.0660715103149414,
fing_x_face,6,0.01,li_V>face_C>face_G,3,MONO-rel,GP,boot,300,0.05539871284071407,0.055978000966246236,True,0.00806865140409616,0.015503875968992248,0.008081170871868546,0.0,1.1544401544401544,2.3869533985813054,"[[20.000001907348633, 4.000000476837158], [0.6340800523757935, 0.5204200744628906], 74.46824645996094]",0.09045147895812988,
fing_x_face,6,0.01,li_V>face_C>face_G,3,LR-P1-N2,GP,boot,300,0.07826470039185623,0.07566318929166897,True,0.008053569812686635,0.015503875968992248,0.008066205740624345,0.0,1.1544401544401544,2.38696836371255,"[[20.000001907348633, 4.000000476837158], [0.6340900659561157, 0.5204200744628906], 74.46824645996094]",0.08644604682922363,
fing_x_face,6,0.01,li_V>face_C>face_G,3,LR-P1-N2-rel,GP,boot,300,0.05538339387632688,0.05596163618095097,True,0.00806865140409616,0.015503875968992248,0.008081170871868546,0.0,1.1544401544401544,2.3869533985813054,"[[20.000001907348633, 4.000000476837158], [0.6340800523757935, 0.5204200744628906], 74.46824645996094]",0.07690644264221191,
fing_x_face,6,0.01,li_V>face_C>face_G,3,LR-P2-N2,GP,boot,300,0.07871614528258335,0.0743324888323708,True,0.008053569812686635,0.015503875968992248,0.008215857053066355,0.0,1.1583011583011582,2.3873275268624106,"[[20.000001907348633, 4.000000476837158], [0.6378200650215149, 0.5204200744628906], 74.36929321289062]",0.06563377380371094,
fing_x_face,6,0.01,li_V>face_C>face_G,3,LR-P2-N2-rel,GP,boot,300,0.05503057925777678,0.05782083150968415,True,0.00806865140409616,0.015503875968992248,0.008081170871868546,0.0,1.1544401544401544,2.227365238993146,"[[20.000001907348633, 4.000000476837158], [0.6344500780105591, 0.534980058670044], 74.41813659667969]",0.06489086151123047,
fing_x_face,6,0.01,li_V>face_C>face_G,3,LR-P1-N3,GP,boot,300,0.07826470038786872,0.07566318928980928,True,0.008053569812686635,0.015503875968992248,0.008066205740624345,0.0,1.1544401544401544,2.38696836371255,"[[20.000001907348633, 4.000000476837158], [0.6340900659561157, 0.5204200744628906], 74.46824645996094]",0.06451582908630371,
fing_x_face,6,0.01,li_V>face_C>face_G,3,NLS-N2,GP,boot,300,0.07326376491832515,0.0712841913578439,True,0.00803848822127711,0.015503875968992248,0.008081170871868546,0.0,1.1544401544401544,2.3869533985813054,"[[20.000001907348633, 4.000000476837158], [0.6340200304985046, 0.5204200744628906], 74.47122192382812]",0.06714177131652832,
fing_x_face,6,0.01,li_V>face_C>face_G,3,DE-N2,GP,boot,300,0.07746096053349712,0.07492879335540904,True,0.008053569812686635,0.015503875968992248,0.008066205740624345,0.0,1.1544401544401544,2.38696836371255,"[[20.000001907348633, 4.000000476837158], [0.6340900659561157, 0.5204200744628906], 74.46824645996094]",0.06887173652648926,
fing_x_face,6,0.01,li_V>face_C>face_G,3,MAXMONO-K3,GP,boot,300,0.11249629939581463,0.10699258452069062,True,0.00803848822127711,0.015503875968992248,0.008036275478135943,0.0,1.1544401544401544,2.3394391068809672,"[[20.000001907348633, 4.000000476837158], [0.6326200366020203, 0.5248900651931763], 74.5296630859375]",0.08324217796325684,
fing_x_face,6,0.01,li_V>face_C>face_G,3,MONO-cont,GP,boot,300,0.07745085286395798,0.07491898130235843,True,0.008053569812686635,0.015503875968992248,0.008066205740624345,0.0,1.1544401544401544,2.38696836371255,"[[20.000001907348633, 4.000000476837158], [0.6340900659561157, 0.5204200744628906], 74.46824645996094]",0.06409049034118652,
fing_x_face,6,0.01,li_V>face_C>face_G,3,S1-Marcialis,rule,boot,300,,,True,0.0078122643501342265,0.01937984496124031,0.010909580677022537,0.019305019305019305,1.3281853281853282,2.5698572326479305,"[[35.000003814697266, 4.0], [0.6950200796127319, 0.5201699733734131], 73.77935028076172]",0.029201507568359375,
fing_x_face,6,0.01,li_V>face_C>face_G,3,S2-Symmetric,rule,boot,300,,,True,0.0078122643501342265,0.01937984496124031,0.010909580677022537,0.019305019305019305,1.3281853281853282,2.5698572326479305,"[[35.000003814697266, 4.0], [0.6950200796127319, 0.5201699733734131], 73.77935028076172]",0.05687141418457031,
fing_x_face,6,0.01,li_V>face_C>face_G,3,S3-SPRT,rule,boot,300,,,True,0.007435224564896088,0.011627906976744186,0.0073029840471700936,0.003861003861003861,1.1853281853281854,2.064604471581216,"[[3.2051066421018235, -3.586743437579266], [3.2051066421018235, -3.586743437579266], -0.9088330419500902]",0.21929621696472168,
fing_x_face,6,0.01,li_V>face_C>face_G,3,S4-Direct,rule,boot,300,,,True,0.0073296534250294094,0.01937984496124031,0.006105773547634013,0.007722007722007722,1.2007722007722008,1.8689952410882644,"[[25.000001907348633, 4.000000476837158], [0.6950200796127319, 0.6059900522232056], 72.62374877929688]",0.6458225250244141,
fing_x_face,6,0.01,li_V>face_C>ri_V,3,HYP,GP,boot,300,,,False,,,,,,,,,
fing_x_face,6,0.01,li_V>face_C>ri_V,3,MONO,GP,boot,300,0.07731131524049424,0.0752734591427962,True,0.007450306156305614,0.007751937984496124,0.006405076172518033,0.007722007722007722,1.1583011583011582,2.3872377360749453,"[[20.000001907348633, 4.000000476837158], [0.636150062084198, 0.5204200744628906], 23.0]",0.10080528259277344,
fing_x_face,6,0.01,li_V>face_C>ri_V,3,MONO-rel,GP,boot,300,0.0541548346807542,0.05488517951140307,True,0.007676530027448497,0.007751937984496124,0.006599622878692646,0.003861003861003861,1.1544401544401544,2.3870431893687707,"[[20.000001907348633, 4.000000476837158], [0.6345800757408142, 0.5204200744628906], 23.0]",0.09178805351257324,
fing_x_face,6,0.01,li_V>face_C>ri_V,3,LR-P1-N2,GP,boot,300,0.07709540508272443,0.07515857492943456,True,0.00749555093053419,0.007751937984496124,0.006420041303762234,0.003861003861003861,1.1544401544401544,2.3872227709437013,"[[20.000001907348633, 4.000000476837158], [0.6358100771903992, 0.5204200744628906], 23.0]",0.08922672271728516,
fing_x_face,6,0.01,li_V>face_C>ri_V,3,LR-P1-N2-rel,GP,boot,300,0.05414601557921747,0.054871950936437174,True,0.007691611618858022,0.007751937984496124,0.006614588009936847,0.003861003861003861,1.1544401544401544,2.3870282242375267,"[[20.000001907348633, 4.000000476837158], [0.6344500780105591, 0.5204200744628906], 23.0]",0.0681154727935791,
fing_x_face,6,0.01,li_V>face_C>ri_V,3,LR-P2-N2,GP,boot,300,0.0768283256706719,0.07333295414624717,True,0.007887672307181855,0.007751937984496124,0.0070186465535302745,0.007722007722007722,1.1505791505791505,2.3853670946694203,"[[19.000001907348633, 4.000000476837158], [0.6411200761795044, 0.5204200744628906], 24.0]",0.0696096420288086,
fing_x_face,6,0.01,li_V>face_C>ri_V,3,LR-P2-N2-rel,GP,boot,300,0.05234274205595909,0.054433365693014754,True,0.007751937984496124,0.007751937984496124,0.006689413666157852,0.003861003861003861,1.1544401544401544,2.3869533985813054,"[[20.000001907348633, 4.000000476837158], [0.6340200304985046, 0.5204200744628906], 23.0]",0.06434369087219238,
fing_x_face,6,0.01,li_V>face_C>ri_V,3,LR-P1-N3,GP,boot,300,0.07709540507903626,0.07515857492757569,True,0.00749555093053419,0.007751937984496124,0.006420041303762234,0.003861003861003861,1.1544401544401544,2.3872227709437013,"[[20.000001907348633, 4.000000476837158], [0.6358100771903992, 0.5204200744628906], 23.0]",0.0753326416015625,
fing_x_face,6,0.01,li_V>face_C>ri_V,3,NLS-N2,GP,boot,300,0.07219967788181778,0.07076671184999879,True,0.007570958887581818,0.007751937984496124,0.006420041303762234,0.003861003861003861,1.1544401544401544,2.3872227709437013,"[[20.000001907348633, 4.000000476837158], [0.6354900598526001, 0.5204200744628906], 23.0]",0.06082606315612793,
fing_x_face,6,0.01,li_V>face_C>ri_V,3,DE-N2,GP,boot,300,0.07629593690639337,0.07442136368437396,True,0.00749555093053419,0.007751937984496124,0.006420041303762234,0.003861003861003861,1.1544401544401544,2.3872227709437013,"[[20.000001907348633, 4.000000476837158], [0.6358100771903992, 0.5204200744628906], 23.0]",0.06403040885925293,
fing_x_face,6,0.01,li_V>face_C>ri_V,3,MAXMONO-K3,GP,boot,300,0.11273875509231375,0.10781629811475667,True,0.007616203661810394,0.007751937984496124,0.0061506689413666155,0.003861003861003861,1.1544401544401544,2.1314387477178176,"[[20.000001907348633, 4.000000476837158], [0.6350000500679016, 0.5445200800895691], 22.0]",0.08270907402038574,
fing_x_face,6,0.01,li_V>face_C>ri_V,3,MONO-cont,GP,boot,300,0.07628581626097718,0.07441150835441421,True,0.00749555093053419,0.007751937984496124,0.006420041303762234,0.003861003861003861,1.1544401544401544,2.3872227709437013,"[[20.000001907348633, 4.000000476837158], [0.6358100771903992, 0.5204200744628906], 23.0]",0.06241726875305176,
fing_x_face,6,0.01,li_V>face_C>ri_V,3,S1-Marcialis,rule,boot,300,,,True,0.007827345941543752,0.01937984496124031,0.006584657747448445,0.007722007722007722,1.3281853281853282,2.5698572326479305,"[[35.000003814697266, 4.0], [0.6950200796127319, 0.5201699733734131], 18.0]",0.022330284118652344,
fing_x_face,6,0.01,li_V>face_C>ri_V,3,S2-Symmetric,rule,boot,300,,,True,0.007827345941543752,0.01937984496124031,0.006584657747448445,0.007722007722007722,1.3281853281853282,2.5698572326479305,"[[35.000003814697266, 4.0], [0.6950200796127319, 0.5201699733734131], 18.0]",0.04895281791687012,
fing_x_face,6,0.01,li_V>face_C>ri_V,3,S3-SPRT,rule,boot,300,,,True,0.007676530027448497,0.0,0.005731645266528988,0.003861003861003861,1.2432432432432432,2.066699589955404,"[[4.802019763735765, -3.586743437579266], [4.802019763735765, -3.586743437579266], -2.9622119384781915]",0.18622088432312012,
fing_x_face,6,0.01,li_V>face_C>ri_V,3,S4-Direct,rule,boot,300,,,True,0.007616203661810394,0.007751937984496124,0.0059112268414594,0.007722007722007722,1.1814671814671815,2.148962916404777,"[[22.000001907348633, 4.000000476837158], [0.6438600420951843, 0.5431400537490845], 18.0]",0.6087601184844971,
fing_x_face,6,0.01,li_V>face_G>face_C,3,HYP,GP,boot,300,,,False,,,,,,,,,
fing_x_face,6,0.01,li_V>face_G>face_C,3,MONO,GP,boot,300,0.08043450633707194,0.07679207505905039,True,0.00806865140409616,0.015503875968992248,0.008036275478135943,0.0,1.1583011583011582,2.3214959145191703,"[[20.000001907348633, 4.000000476837158], [74.48094940185547, 65.94686126708984], 0.633899986743927]",0.06781601905822754,
fing_x_face,6,0.01,li_V>face_G>face_C,3,MONO-rel,GP,boot,300,0.05780355371899383,0.05796095164886481,True,0.00806865140409616,0.015503875968992248,0.008036275478135943,0.0,1.1583011583011582,2.3214959145191703,"[[20.000001907348633, 4.000000476837158], [74.47966003417969, 65.94686126708984], 0.633899986743927]",0.07239222526550293,
fing_x_face,6,0.01,li_V>face_G>face_C,3,LR-P1-N2,GP,boot,300,0.0804934138674827,0.07682697283801564,True,0.00803848822127711,0.015503875968992248,0.00799138008440334,0.0,1.1583011583011582,2.321615635569124,"[[20.000001907348633, 4.000000476837158], [74.5041275024414, 65.94686126708984], 0.6335399746894836]",0.06491923332214355,
fing_x_face,6,0.01,li_V>face_G>face_C,3,LR-P1-N2-rel,GP,boot,300,0.057803038956460925,0.05796312768655072,True,0.00806865140409616,0.015503875968992248,0.008036275478135943,0.0,1.1583011583011582,2.3214959145191703,"[[20.000001907348633, 4.000000476837158], [74.48094940185547, 65.94686126708984], 0.633899986743927]",0.06399941444396973,
fing_x_face,6,0.01,li_V>face_G>face_C,3,LR-P2-N2,GP,boot,300,0.0811251374970553,0.07528045215884493,True,0.008159140952553313,0.015503875968992248,0.008275717578043159,0.0,1.1505791505791505,2.3197898895573315,"[[19.000001907348633, 4.000000476837158], [74.58061981201172, 65.94686126708984], 0.641700029373169]",0.06100964546203613,
fing_x_face,6,0.01,li_V>face_G>face_C,3,LR-P2-N2-rel,GP,boot,300,0.058833966816852455,0.061281888444523175,True,0.008053569812686635,0.015503875968992248,0.008066205740624345,0.0,1.1583011583011582,2.302205860345395,"[[20.000001907348633, 4.000000476837158], [74.47122955322266, 66.01863098144531], 0.6340399980545044]",0.061780452728271484,
fing_x_face,6,0.01,li_V>face_G>face_C,3,LR-P1-N3,GP,boot,300,0.08049341386689986,0.07682697283781559,True,0.00803848822127711,0.015503875968992248,0.00799138008440334,0.0,1.1583011583011582,2.321615635569124,"[[20.000001907348633, 4.000000476837158], [74.5041275024414, 65.94686126708984], 0.6335399746894836]",0.06633329391479492,
fing_x_face,6,0.01,li_V>face_G>face_C,3,NLS-N2,GP,boot,300,0.0753312892911061,0.07243130466836091,True,0.008008325038458058,0.015503875968992248,0.00797641495315914,0.0,1.1583011583011582,2.3214360539941934,"[[20.000001907348633, 4.000000476837158], [74.4725112915039, 65.94686126708984], 0.6345800161361694]",0.06579995155334473,
fing_x_face,6,0.01,li_V>face_G>face_C,3,DE-N2,GP,boot,300,0.07972296986657687,0.07611676985166417,True,0.00803848822127711,0.015503875968992248,0.00799138008440334,0.0,1.1583011583011582,2.321615635569124,"[[20.000001907348633, 4.000000476837158], [74.50981140136719, 65.94686126708984], 0.6333600282669067]",0.06503772735595703,
fing_x_face,6,0.01,li_V>face_G>face_C,3,MAXMONO-K3,GP,boot,300,0.11389256667442706,0.10880424982503886,True,0.00803848822127711,0.015503875968992248,0.007901589296938134,0.003861003861003861,1.1544401544401544,2.13504534434767,"[[20.000001907348633, 4.000000476837158], [74.58032989501953, 66.67699432373047], 0.6305199861526489]",0.08074116706848145,
fing_x_face,6,0.01,li_V>face_G>face_C,3,MONO-cont,GP,boot,300,0.07971126099890356,0.07610631889692208,True,0.00803848822127711,0.015503875968992248,0.00799138008440334,0.0,1.1583011583011582,2.321615635569124,"[[20.000001907348633, 4.000000476837158], [74.50981140136719, 65.94686126708984], 0.6333600282669067]",0.06348180770874023,
fing_x_face,6,0.01,li_V>face_G>face_C,3,S1-Marcialis,rule,boot,300,,,True,0.007073266371067475,0.01937984496124031,0.006180599203855018,0.019305019305019305,1.332046332046332,2.4984585914818473,"[[35.000003814697266, 4.0], [75.94683074951172, 65.9372329711914], 0.6175000071525574]",0.024791479110717773,
fing_x_face,6,0.01,li_V>face_G>face_C,3,S2-Symmetric,rule,boot,300,,,True,0.007073266371067475,0.01937984496124031,0.006180599203855018,0.019305019305019305,1.332046332046332,2.4984585914818473,"[[35.000003814697266, 4.0], [75.94683074951172, 65.9372329711914], 0.6175000071525574]",0.0634756088256836,
fing_x_face,6,0.01,li_V>face_G>face_C,3,S3-SPRT,rule,boot,300,,,True,0.007676530027448497,0.011627906976744186,0.007961449821914938,0.003861003861003861,1.196911196911197,2.0837897698362813,"[[3.2051066421018235, -3.586743437579266], [3.2051066421018235, -3.586743437579266], -0.972259059804133]",0.2069072723388672,
fing_x_face,6,0.01,li_V>face_G>face_C,3,S4-Direct,rule,boot,300,,,True,0.007842427532953278,0.015503875968992248,0.007811798509472928,0.0,1.1776061776061777,2.247628026697794,"[[22.000001907348633, 4.000000476837158], [74.25736999511719, 66.22789764404297], 0.6291599869728088]",0.6515021324157715,
fing_x_face,6,0.01,li_V>face_G>ri_V,3,HYP,GP,boot,300,,,False,,,,,,,,,
fing_x_face,6,0.01,li_V>face_G>ri_V,3,MONO,GP,boot,300,0.07941812942936943,0.07604444326930042,True,0.008189304135372364,0.007751937984496124,0.009143695190206818,0.007722007722007722,1.1505791505791505,2.319520517194936,"[[19.000001907348633, 4.000000476837158], [74.51453399658203, 65.94686126708984], 23.0]",0.07819056510925293,
fing_x_face,6,0.01,li_V>face_G>ri_V,3,MONO-rel,GP,boot,300,0.05708971248957189,0.05744437262736115,True,0.006967695231200797,0.007751937984496124,0.008081170871868546,0.007722007722007722,1.1583011583011582,2.3214360539941934,"[[20.000001907348633, 4.000000476837158], [74.46763610839844, 65.94686126708984], 22.000001907348633]",0.06296133995056152,
fing_x_face,6,0.01,li_V>face_G>ri_V,3,LR-P1-N2,GP,boot,300,0.07950969263998395,0.07609089305541643,True,0.008159140952553313,0.007751937984496124,0.009113764927718416,0.007722007722007722,1.1505791505791505,2.319550447457424,"[[19.000001907348633, 4.000000476837158], [74.52098083496094, 65.94686126708984], 23.0]",0.06628966331481934,
fing_x_face,6,0.01,li_V>face_G>ri_V,3,LR-P1-N2-rel,GP,boot,300,0.05708037461584607,0.056804339748600635,True,0.008144059361143787,0.007751937984496124,0.008994043877764807,0.007722007722007722,1.1505791505791505,2.319311005357517,"[[19.000001907348633, 4.000000476837158], [74.46825408935547, 65.94686126708984], 24.0]",0.06276679039001465,
fing_x_face,6,0.01,li_V>face_G>ri_V,3,LR-P2-N2,GP,boot,300,0.07944756818370798,0.07465521025405024,True,0.007691611618858022,0.007751937984496124,0.008350543234264164,0.007722007722007722,1.1505791505791505,2.3203136691508783,"[[19.000001907348633, 4.000000476837158], [74.6744155883789, 65.94686126708984], 23.0]",0.0678102970123291,
fing_x_face,6,0.01,li_V>face_G>ri_V,3,LR-P2-N2-rel,GP,boot,300,0.05739918899053273,0.05978713171648595,True,0.007043103188248424,0.007751937984496124,0.008155996528089552,0.007722007722007722,1.1583011583011582,2.3213612283379725,"[[20.000001907348633, 4.000000476837158], [74.45099639892578, 65.94686126708984], 22.000001907348633]",0.06208682060241699,
fing_x_face,6,0.01,li_V>face_G>ri_V,3,LR-P1-N3,GP,boot,300,0.07950969263960017,0.07609089305541646,True,0.008159140952553313,0.007751937984496124,0.009113764927718416,0.007722007722007722,1.1505791505791505,2.319550447457424,"[[19.000001907348633, 4.000000476837158], [74.52098083496094, 65.94686126708984], 23.0]",0.06896710395812988,
fing_x_face,6,0.01,li_V>face_G>ri_V,3,NLS-N2,GP,boot,300,0.07450749224102202,0.07174921106784936,True,0.008053569812686635,0.007751937984496124,0.008934183352788004,0.007722007722007722,1.1505791505791505,2.319370865882494,"[[19.000001907348633, 4.000000476837158], [74.47966003417969, 65.94686126708984], 24.0]",0.06672143936157227,
fing_x_face,6,0.01,li_V>face_G>ri_V,3,DE-N2,GP,boot,300,0.07874584781466462,0.07538162228014163,True,0.008144059361143787,0.007751937984496124,0.009068869533985812,0.007722007722007722,1.1505791505791505,2.319595342851157,"[[19.000001907348633, 4.000000476837158], [74.52967071533203, 65.94686126708984], 23.0]",0.06584858894348145,
fing_x_face,6,0.01,li_V>face_G>ri_V,3,MAXMONO-K3,GP,boot,300,0.11422832573681359,0.10778494359922242,True,0.007691611618858022,0.007751937984496124,0.00856005507168298,0.003861003861003861,1.1544401544401544,2.157687587920146,"[[20.000001907348633, 4.000000476837158], [74.54005432128906, 66.576904296875], 20.0]",0.08893370628356934,
fing_x_face,6,0.01,li_V>face_G>ri_V,3,MONO-cont,GP,boot,300,0.07873407791160697,0.07537108318218164,True,0.008144059361143787,0.007751937984496124,0.009068869533985812,0.007722007722007722,1.1505791505791505,2.319595342851157,"[[19.000001907348633, 4.000000476837158], [74.52967071533203, 65.94686126708984], 23.0]",0.09705734252929688,
fing_x_face,6,0.01,li_V>face_G>ri_V,3,S1-Marcialis,rule,boot,300,,,True,0.0063795131662293,0.01937984496124031,0.0059561222351920025,0.007722007722007722,1.332046332046332,2.4984585914818473,"[[35.000003814697266, 4.0], [75.94683074951172, 65.9372329711914], 18.0]",0.03353285789489746,
fing_x_face,6,0.01,li_V>face_G>ri_V,3,S2-Symmetric,rule,boot,300,,,True,0.0063795131662293,0.01937984496124031,0.0059561222351920025,0.007722007722007722,1.332046332046332,2.4984585914818473,"[[35.000003814697266, 4.0], [75.94683074951172, 65.9372329711914], 18.0]",0.0831766128540039,
fing_x_face,6,0.01,li_V>face_G>ri_V,3,S3-SPRT,rule,boot,300,,,True,0.008083732995505686,0.007751937984496124,0.008739636646613392,0.003861003861003861,1.2548262548262548,2.0860644697854,"[[4.802019763735765, -3.586743437579266], [4.802019763735765, -3.586743437579266], -3.150633960596415]",0.19669461250305176,
fing_x_face,6,0.01,li_V>face_G>ri_V,3,S4-Direct,rule,boot,300,,,True,0.0067113081772388625,0.011627906976744186,0.008036275478135943,0.003861003861003861,1.3011583011583012,2.249992517434378,"[[35.000003814697266, 4.000000476837158], [74.25736999511719, 66.22789764404297], 19.0]",0.6415107250213623,
fing_x_face,6,0.01,li_V>ri_V>face_C,3,HYP,GP,boot,300,,,False,,,,,,,,,
fing_x_face,6,0.01,li_V>ri_V>face_C,3,MONO,GP,boot,300,0.07754083315156714,0.0753063053757644,True,0.00692245045697222,0.007751937984496124,0.006135703810122415,0.003861003861003861,1.2123552123552124,2.7059501361826945,"[[20.000001907348633, 4.000000476837158], [24.000001907348633, -Infinity], 0.6358700394630432]",0.05664324760437012,
fing_x_face,6,0.01,li_V>ri_V>face_C,3,MONO-rel,GP,boot,300,0.05625763905119789,0.05638247614816563,True,0.00749555093053419,0.007751937984496124,0.006539762353715842,0.003861003861003861,1.196911196911197,2.705546077639101,"[[20.000001907348633, 4.000000476837158], [23.000001907348633, -Infinity], 0.6358100771903992]",0.051584720611572266,
fing_x_face,6,0.01,li_V>ri_V>face_C,3,LR-P1-N2,GP,boot,300,0.0774636883824153,0.07527146452654265,True,0.006952613639791271,0.007751937984496124,0.006135703810122415,0.003861003861003861,1.2123552123552124,2.7059501361826945,"[[20.000001907348633, 4.000000476837158], [24.000001907348633, -Infinity], 0.6356600522994995]",0.05532503128051758,
fing_x_face,6,0.01,li_V>ri_V>face_C,3,LR-P1-N2-rel,GP,boot,300,0.056266063366686464,0.05674532084929205,True,0.00692245045697222,0.007751937984496124,0.006135703810122415,0.003861003861003861,1.2123552123552124,2.7059501361826945,"[[20.000001907348633, 4.000000476837158], [24.000001907348633, -Infinity], 0.6358700394630432]",0.05847787857055664,
fing_x_face,6,0.01,li_V>ri_V>face_C,3,LR-P2-N2,GP,boot,300,0.07425905071759059,0.07208585630085909,True,0.007148674328115103,0.007751937984496124,0.006405076172518033,0.007722007722007722,1.196911196911197,2.705546077639101,"[[20.000001907348633, 4.000000476837158], [23.000001907348633, -Infinity], 0.6383600831031799]",0.05147671699523926,
fing_x_face,6,0.01,li_V>ri_V>face_C,3,LR-P2-N2-rel,GP,boot,300,0.05554168534493748,0.05712188720378549,True,0.007751937984496124,0.011627906976744186,0.006749274191134656,0.011583011583011582,1.1891891891891893,2.4210290024243513,"[[20.000001907348633, 4.000000476837158], [23.000001907348633, 5.000000476837158], 0.629770040512085]",0.061255455017089844,
fing_x_face,6,0.01,li_V>ri_V>face_C,3,LR-P1-N3,GP,boot,300,0.07746368838211012,0.07527146452642923,True,0.006952613639791271,0.007751937984496124,0.006135703810122415,0.003861003861003861,1.2123552123552124,2.7059501361826945,"[[20.000001907348633, 4.000000476837158], [24.000001907348633, -Infinity], 0.6356600522994995]",0.05215644836425781,
fing_x_face,6,0.01,li_V>ri_V>face_C,3,NLS-N2,GP,boot,300,0.07266659847274361,0.07088010392652234,True,0.007570958887581818,0.007751937984496124,0.006539762353715842,0.003861003861003861,1.196911196911197,2.705546077639101,"[[20.000001907348633, 4.000000476837158], [23.000001907348633, -Infinity], 0.6354900598526001]",0.0574495792388916,
fing_x_face,6,0.01,li_V>ri_V>face_C,3,DE-N2,GP,boot,300,0.07667313448038673,0.07454223979676736,True,0.006952613639791271,0.007751937984496124,0.006135703810122415,0.003861003861003861,1.2123552123552124,2.7059501361826945,"[[20.000001907348633, 4.000000476837158], [24.000001907348633, -Infinity], 0.6356600522994995]",0.051618099212646484,
fing_x_face,6,0.01,li_V>ri_V>face_C,3,MAXMONO-K3,GP,boot,300,0.11103641891428968,0.10669185024562086,True,0.00749555093053419,0.01937984496124031,0.0068240998473556615,0.019305019305019305,1.1814671814671815,1.9949866810331927,"[[20.000001907348633, 4.000000476837158], [22.000001907348633, 9.000000953674316], 0.6193500757217407]",0.08144211769104004,
fing_x_face,6,0.01,li_V>ri_V>face_C,3,MONO-cont,GP,boot,300,0.07666170857699474,0.07453177644124359,True,0.006952613639791271,0.007751937984496124,0.006135703810122415,0.003861003861003861,1.2123552123552124,2.7059501361826945,"[[20.000001907348633, 4.000000476837158], [24.000001907348633, -Infinity], 0.6356600522994995]",0.055995941162109375,
fing_x_face,6,0.01,li_V>ri_V>face_C,3,S1-Marcialis,rule,boot,300,,,True,0.007073266371067475,0.007751937984496124,0.006120738678878214,0.007722007722007722,1.3783783783783783,2.928691149621382,"[[35.000003814697266, 4.0], [37.000003814697266, 0.0], 0.6185500025749207]",0.0253446102142334,
fing_x_face,6,0.01,li_V>ri_V>face_C,3,S2-Symmetric,rule,boot,300,,,True,0.007073266371067475,0.007751937984496124,0.006120738678878214,0.007722007722007722,1.3783783783783783,2.928691149621382,"[[35.000003814697266, 4.0], [37.000003814697266, 0.0], 0.6185500025749207]",0.040520668029785156,
fing_x_face,6,0.01,li_V>ri_V>face_C,3,S3-SPRT,rule,boot,300,,,True,0.007676530027448497,0.015503875968992248,0.006180599203855018,0.03088803088803089,1.281853281853282,2.052018796204843,"[[4.802019763735765, -3.586743437579266], [4.802019763735765, -3.586743437579266], -3.2001230325173124]",0.20908594131469727,
fing_x_face,6,0.01,li_V>ri_V>face_C,3,S4-Direct,rule,boot,300,,,True,0.007012940005429373,0.007751937984496124,0.006105773547634013,0.011583011583011582,1.3706563706563706,2.67615455987549,"[[35.000003814697266, 4.000000476837158], [35.000003814697266, 3.000000238418579], 0.6163700222969055]",0.6537191867828369,
fing_x_face,6,0.01,li_V>ri_V>face_G,3,HYP,GP,boot,300,,,False,,,,,,,,,
fing_x_face,6,0.01,li_V>ri_V>face_G,3,MONO,GP,boot,300,0.07770675011496608,0.07528781425167372,True,0.00735981660784846,0.007751937984496124,0.008365508365508366,0.007722007722007722,1.196911196911197,2.705546077639101,"[[20.000001907348633, 4.000000476837158], [23.000001907348633, -Infinity], 74.45099639892578]",0.0625452995300293,
fing_x_face,6,0.01,li_V>ri_V>face_G,3,MONO-rel,GP,boot,300,0.05680539386737855,0.05681472612972457,True,0.007405061382077037,0.007751937984496124,0.008410403759240969,0.007722007722007722,1.196911196911197,2.705546077639101,"[[20.000001907348633, 4.000000476837158], [23.000001907348633, -Infinity], 74.44293975830078]",0.05984663963317871,
fing_x_face,6,0.01,li_V>ri_V>face_G,3,LR-P1-N2,GP,boot,300,0.07764673630271307,0.07526157658846909,True,0.007344735016438934,0.007751937984496124,0.008365508365508366,0.007722007722007722,1.196911196911197,2.705546077639101,"[[20.000001907348633, 4.000000476837158], [23.000001907348633, -Infinity], 74.45109558105469]",0.0732424259185791,
fing_x_face,6,0.01,li_V>ri_V>face_G,3,LR-P1-N2-rel,GP,boot,300,0.056795398002647,0.05680791760656727,True,0.007405061382077037,0.007751937984496124,0.008410403759240969,0.007722007722007722,1.196911196911197,2.705546077639101,"[[20.000001907348633, 4.000000476837158], [23.000001907348633, -Infinity], 74.44435119628906]",0.0610508918762207,
fing_x_face,6,0.01,li_V>ri_V>face_G,3,LR-P2-N2,GP,boot,300,0.07447565065968442,0.07190866333500597,True,0.008189304135372364,0.007751937984496124,0.008799497171590195,0.007722007722007722,1.1891891891891893,2.7029870401963425,"[[19.000001907348633, 4.000000476837158], [23.000001907348633, -Infinity], 74.61387634277344]",0.05488419532775879,
fing_x_face,6,0.01,li_V>ri_V>face_G,3,LR-P2-N2-rel,GP,boot,300,0.05688440254318895,0.05883225170177431,True,0.006907368865562694,0.015503875968992248,0.007766903115740325,0.011583011583011582,1.1891891891891893,2.272634761006854,"[[20.000001907348633, 4.000000476837158], [23.000001907348633, 6.000000476837158], 74.228759765625]",0.0662393569946289,
fing_x_face,6,0.01,li_V>ri_V>face_G,3,LR-P1-N3,GP,boot,300,0.07764673630271816,0.07526157658846915,True,0.007344735016438934,0.007751937984496124,0.008365508365508366,0.007722007722007722,1.196911196911197,2.705546077639101,"[[20.000001907348633, 4.000000476837158], [23.000001907348633, -Infinity], 74.45109558105469]",0.05919075012207031,
fing_x_face,6,0.01,li_V>ri_V>face_G,3,NLS-N2,GP,boot,300,0.07291151897244495,0.07099166942466652,True,0.007450306156305614,0.007751937984496124,0.00845529915297357,0.007722007722007722,1.196911196911197,2.705546077639101,"[[20.000001907348633, 4.000000476837158], [23.000001907348633, -Infinity], 74.42955780029297]",0.05936408042907715,
fing_x_face,6,0.01,li_V>ri_V>face_G,3,DE-N2,GP,boot,300,0.07685895467781591,0.0745332841054756,True,0.007344735016438934,0.007751937984496124,0.008365508365508366,0.007722007722007722,1.196911196911197,2.705546077639101,"[[20.000001907348633, 4.000000476837158], [23.000001907348633, -Infinity], 74.45109558105469]",0.0583035945892334,
fing_x_face,6,0.01,li_V>ri_V>face_G,3,MAXMONO-K3,GP,boot,300,0.11148520402942422,0.10688961103374955,True,0.007088347962477001,0.023255813953488372,0.007632216934542516,0.019305019305019305,1.1814671814671815,2.0594564664332107,"[[20.000001907348633, 4.000000476837158], [22.000001907348633, 8.000000953674316], 74.05801391601562]",0.07905697822570801,
fing_x_face,6,0.01,li_V>ri_V>face_G,3,MONO-cont,GP,boot,300,0.07684748416290604,0.07452280094150744,True,0.007344735016438934,0.007751937984496124,0.008365508365508366,0.007722007722007722,1.196911196911197,2.705546077639101,"[[20.000001907348633, 4.000000476837158], [23.000001907348633, -Infinity], 74.45109558105469]",0.06168365478515625,
fing_x_face,6,0.01,li_V>ri_V>face_G,3,S1-Marcialis,rule,boot,300,,,True,0.007827345941543752,0.007751937984496124,0.010535452395917513,0.003861003861003861,1.3783783783783783,2.928691149621382,"[[35.000003814697266, 4.0], [37.000003814697266, 0.0], 73.80986022949219]",0.025989770889282227,
fing_x_face,6,0.01,li_V>ri_V>face_G,3,S2-Symmetric,rule,boot,300,,,True,0.007827345941543752,0.007751937984496124,0.010535452395917513,0.003861003861003861,1.3783783783783783,2.928691149621382,"[[35.000003814697266, 4.0], [37.000003814697266, 0.0], 73.80986022949219]",0.03688669204711914,
fing_x_face,6,0.01,li_V>ri_V>face_G,3,S3-SPRT,rule,boot,300,,,True,0.007978161855639007,0.01937984496124031,0.007243123522193289,0.03088803088803089,1.281853281853282,2.052018796204843,"[[4.802019763735765, -3.586743437579266], [4.802019763735765, -3.586743437579266], -3.155562205279107]",0.1960465908050537,
fing_x_face,6,0.01,li_V>ri_V>face_G,3,S4-Direct,rule,boot,300,,,True,0.007993243447048532,0.007751937984496124,0.01065517344587112,0.007722007722007722,1.3745173745173744,2.67615455987549,"[[35.000003814697266, 4.000000476837158], [37.000003814697266, 3.000000238418579], 73.7235107421875]",0.6801931858062744,
fing_x_face,6,0.01,ri_V>face_C>face_G,3,HYP,GP,boot,300,,,False,,,,,,,,,
fing_x_face,6,0.01,ri_V>face_C>face_G,3,MONO,GP,boot,300,0.041977010655095945,0.03991580014653515,True,0.007902753898591379,0.007751937984496124,0.008096136003112746,0.0,1.084942084942085,2.61556074346772,"[[20.000001907348633, -Infinity], [0.6354800462722778, 0.5204200744628906], 74.56346130371094]",0.0592041015625,
fing_x_face,6,0.01,ri_V>face_C>face_G,3,MONO-rel,GP,boot,300,0.030052198025155945,0.0294437374704272,True,0.007887672307181855,0.007751937984496124,0.008380473496752567,0.0,1.0888030888030888,2.6168477447547214,"[[21.000001907348633, -Infinity], [0.6333000659942627, 0.5204200744628906], 74.3965072631836]",0.05204010009765625,
fing_x_face,6,0.01,ri_V>face_C>face_G,3,LR-P1-N2,GP,boot,300,0.041418742641313934,0.03944203593265373,True,0.00793291708141043,0.007751937984496124,0.00814103139684535,0.0,1.084942084942085,2.6155158480739877,"[[20.000001907348633, -Infinity], [0.6353000402450562, 0.5204200744628906], 74.5696792602539]",0.05364394187927246,
fing_x_face,6,0.01,ri_V>face_C>face_G,3,LR-P1-N2-rel,GP,boot,300,0.030137200416707987,0.02952314682574271,True,0.007887672307181855,0.007751937984496124,0.008380473496752567,0.0,1.0888030888030888,2.6168477447547214,"[[21.000001907348633, -Infinity], [0.6333000659942627, 0.5204200744628906], 74.3965072631836]",0.051902055740356445,
fing_x_face,6,0.01,ri_V>face_C>face_G,3,LR-P2-N2,GP,boot,300,0.04258347921811529,0.03959948146779789,True,0.00806865140409616,0.007751937984496124,0.008589985334171381,0.0,1.0888030888030888,2.6157103947801623,"[[20.000001907348633, -Infinity], [0.6380600333213806, 0.5204200744628906], 74.42874908447266]",0.05575990676879883,
fing_x_face,6,0.01,ri_V>face_C>face_G,3,LR-P2-N2-rel,GP,boot,300,0.0271642026051667,0.027040613338509187,True,0.007947998672819956,0.007751937984496124,0.008515159677950376,0.0,1.0888030888030888,2.484196821406124,"[[21.000001907348633, -Infinity], [0.6326200366020203, 0.530720055103302], 74.37593078613281]",0.05267977714538574,
fing_x_face,6,0.01,ri_V>face_C>face_G,3,LR-P1-N3,GP,boot,300,0.04141874263917612,0.0394420359316182,True,0.00793291708141043,0.007751937984496124,0.00814103139684535,0.0,1.084942084942085,2.6155158480739877,"[[20.000001907348633, -Infinity], [0.6353000402450562, 0.5204200744628906], 74.5696792602539]",0.053542375564575195,
fing_x_face,6,0.01,ri_V>face_C>face_G,3,NLS-N2,GP,boot,300,0.03736613210769746,0.03580166589787242,True,0.007902753898591379,0.007751937984496124,0.00812606626560115,0.0,1.084942084942085,2.6155308132052317,"[[20.000001907348633, -Infinity], [0.6353700757026672, 0.5204200744628906], 74.5696792602539]",0.05668139457702637,
fing_x_face,6,0.01,ri_V>face_C>face_G,3,DE-N2,GP,boot,300,0.041124709617499866,0.03917749639124853,True,0.00793291708141043,0.007751937984496124,0.00814103139684535,0.0,1.084942084942085,2.6155158480739877,"[[20.000001907348633, -Infinity], [0.6353000402450562, 0.5204200744628906], 74.5696792602539]",0.07890701293945312,
fing_x_face,6,0.01,ri_V>face_C>face_G,3,MAXMONO-K3,GP,boot,300,0.05652308985456482,0.054885587162750805,True,0.007947998672819956,0.007751937984496124,0.008395438627996767,0.0,1.0888030888030888,2.372676663374338,"[[20.000001907348633, -Infinity], [0.6362700462341309, 0.539620041847229], 74.45108795166016]",0.07466363906860352,
fing_x_face,6,0.01,ri_V>face_C>face_G,3,MONO-cont,GP,boot,300,0.04111925881014344,0.03917222084477393,True,0.00793291708141043,0.007751937984496124,0.00814103139684535,0.0,1.084942084942085,2.6155158480739877,"[[20.000001907348633, -Infinity], [0.6353000402450562, 0.5204200744628906], 74.5696792602539]",0.05801653861999512,
fing_x_face,6,0.01,ri_V>face_C>face_G,3,S1-Marcialis,rule,boot,300,,,True,0.007782101167315175,0.003875968992248062,0.01064020831462692,0.007722007722007722,1.250965250965251,2.627038999132022,"[[37.000003814697266, 0.0], [0.6950200796127319, 0.5201699733734131], 73.80058288574219]",0.02517557144165039,
fing_x_face,6,0.01,ri_V>face_C>face_G,3,S2-Symmetric,rule,boot,300,,,True,0.007782101167315175,0.003875968992248062,0.01064020831462692,0.007722007722007722,1.250965250965251,2.627038999132022,"[[37.000003814697266, 0.0], [0.6950200796127319, 0.5201699733734131], 73.80058288574219]",0.05892753601074219,
fing_x_face,6,0.01,ri_V>face_C>face_G,3,S3-SPRT,rule,boot,300,,,True,0.0074653877477151385,0.003875968992248062,0.007362844572146898,0.003861003861003861,1.1467181467181466,1.8863697584627817,"[[4.508733357114414, -4.1203573338537804], [4.508733357114414, -4.1203573338537804], -1.8975415977325376]",0.19710063934326172,
fing_x_face,6,0.01,ri_V>face_C>face_G,3,S4-Direct,rule,boot,300,,,True,0.007782101167315175,0.011627906976744186,0.009053904402741612,0.007722007722007722,1.2007722007722008,2.4131423782586574,"[[37.000003814697266, 3.000000238418579], [0.6307300329208374, 0.5307600498199463], 74.01468658447266]",0.5970256328582764,
fing_x_face,6,0.01,ri_V>face_C>li_V,3,HYP,GP,boot,300,,,False,,,,,,,,,
fing_x_face,6,0.01,ri_V>face_C>li_V,3,MONO,GP,boot,300,0.04210783417066953,0.039944809619344226,True,0.00763128525321992,0.003875968992248062,0.006375145910029631,0.003861003861003861,1.084942084942085,2.615156684924127,"[[20.000001907348633, -Infinity], [0.6335400342941284, 0.5204200744628906], 25.0]",0.08961772918701172,
fing_x_face,6,0.01,ri_V>face_C>li_V,3,MONO-rel,GP,boot,300,0.03096938613250566,0.030269278675369587,True,0.0071939191023436795,0.003875968992248062,0.006270389991320224,0.003861003861003861,1.0888030888030888,2.5214749633354283,"[[21.000001907348633, -Infinity], [0.6311800479888916, 0.5278300642967224], 23.0]",0.08882594108581543,
fing_x_face,6,0.01,ri_V>face_C>li_V,3,LR-P1-N2,GP,boot,300,0.041546432267768545,0.03947222572339101,True,0.007661448436038971,0.003875968992248062,0.006390111041273832,0.003861003861003861,1.084942084942085,2.6151417197928826,"[[20.000001907348633, -Infinity], [0.6334000825881958, 0.5204200744628906], 25.0]",0.06175565719604492,
fing_x_face,6,0.01,ri_V>face_C>li_V,3,LR-P1-N2-rel,GP,boot,300,0.031057241205024944,0.03034858523189865,True,0.0071939191023436795,0.003875968992248062,0.006270389991320224,0.003861003861003861,1.0888030888030888,2.5225823830474994,"[[21.000001907348633, -Infinity], [0.6311800479888916, 0.5277500748634338], 23.0]",0.0594329833984375,
fing_x_face,6,0.01,ri_V>face_C>li_V,3,LR-P2-N2,GP,boot,300,0.04245214137564515,0.039555047272846776,True,0.007480469339124664,0.003875968992248062,0.006390111041273832,0.007722007722007722,1.0888030888030888,2.6157253599114063,"[[20.000001907348633, -Infinity], [0.6382100582122803, 0.5204200744628906], 23.0]",0.05553317070007324,
fing_x_face,6,0.01,ri_V>face_C>li_V,3,LR-P2-N2-rel,GP,boot,300,0.029052250049606723,0.028708467465876443,True,0.007450306156305614,0.003875968992248062,0.0063452156475412285,0.003861003861003861,1.0888030888030888,2.159468438538206,"[[21.000001907348633, -Infinity], [0.6334000825881958, 0.5615400671958923], 19.0]",0.05707693099975586,
fing_x_face,6,0.01,ri_V>face_C>li_V,3,LR-P1-N3,GP,boot,300,0.0415464322655986,0.039472225722350464,True,0.007661448436038971,0.003875968992248062,0.006390111041273832,0.003861003861003861,1.084942084942085,2.6151417197928826,"[[20.000001907348633, -Infinity], [0.6334000825881958, 0.5204200744628906], 25.0]",0.05964040756225586,
fing_x_face,6,0.01,ri_V>face_C>li_V,3,NLS-N2,GP,boot,300,0.0374809901402473,0.03582045966357091,True,0.007661448436038971,0.003875968992248062,0.006390111041273832,0.003861003861003861,1.084942084942085,2.6151417197928826,"[[20.000001907348633, -Infinity], [0.6334000825881958, 0.5204200744628906], 25.0]",0.05856585502624512,
fing_x_face,6,0.01,ri_V>face_C>li_V,3,DE-N2,GP,boot,300,0.04124972602700124,0.03920779031981725,True,0.007661448436038971,0.003875968992248062,0.006390111041273832,0.003861003861003861,1.084942084942085,2.6151417197928826,"[[20.000001907348633, -Infinity], [0.6334000825881958, 0.5204200744628906], 25.0]",0.057755231857299805,
fing_x_face,6,0.01,ri_V>face_C>li_V,3,MAXMONO-K3,GP,boot,300,0.05878172240823165,0.05615138526771921,True,0.007646366844629445,0.003875968992248062,0.006375145910029631,0.003861003861003861,1.084942084942085,2.2026129119152373,"[[20.000001907348633, -Infinity], [0.6354900598526001, 0.5560200810432434], 21.0]",0.07218050956726074,
fing_x_face,6,0.01,ri_V>face_C>li_V,3,MONO-cont,GP,boot,300,0.041244252422194184,0.03920250716895141,True,0.007661448436038971,0.003875968992248062,0.006390111041273832,0.003861003861003861,1.084942084942085,2.6151417197928826,"[[20.000001907348633, -Infinity], [0.6334000825881958, 0.5204200744628906], 25.0]",0.05984020233154297,
fing_x_face,6,0.01,ri_V>face_C>li_V,3,S1-Marcialis,rule,boot,300,,,True,0.007435224564896088,0.01937984496124031,0.00695878602855347,0.011583011583011582,1.250965250965251,2.627038999132022,"[[37.000003814697266, 0.0], [0.6950200796127319, 0.5201699733734131], 18.0]",0.02439594268798828,
fing_x_face,6,0.01,ri_V>face_C>li_V,3,S2-Symmetric,rule,boot,300,,,True,0.007435224564896088,0.01937984496124031,0.00695878602855347,0.011583011583011582,1.250965250965251,2.627038999132022,"[[37.000003814697266, 0.0], [0.6950200796127319, 0.5201699733734131], 18.0]",0.05336451530456543,
fing_x_face,6,0.01,ri_V>face_C>li_V,3,S3-SPRT,rule,boot,300,,,True,0.007555877296172292,0.003875968992248062,0.005581993954086977,0.003861003861003861,1.1467181467181466,1.8863697584627817,"[[4.508733357114414, -4.1203573338537804], [4.508733357114414, -4.1203573338537804], -2.938997548285072]",0.18358397483825684,
fing_x_face,6,0.01,ri_V>face_C>li_V,3,S4-Direct,rule,boot,300,,,True,0.006560492263143607,0.007751937984496124,0.005432342641644967,0.019305019305019305,1.2007722007722008,1.9623776600520786,"[[35.000003814697266, 3.000000238418579], [0.6950200796127319, 0.6059900522232056], 8.0]",0.5406200885772705,
fing_x_face,6,0.01,ri_V>face_G>face_C,3,HYP,GP,boot,300,,,False,,,,,,,,,
fing_x_face,6,0.01,ri_V>face_G>face_C,3,MONO,GP,boot,300,0.043017588798741326,0.040465157525955135,True,0.007993243447048532,0.007751937984496124,0.008305647840531562,0.0,1.084942084942085,2.540600401065517,"[[20.000001907348633, -Infinity], [74.50981140136719, 65.94686126708984], 0.6359500288963318]",0.05607008934020996,
fing_x_face,6,0.01,ri_V>face_G>face_C,3,MONO-rel,GP,boot,300,0.031075090166469706,0.030109363624731243,True,0.00806865140409616,0.007751937984496124,0.00845529915297357,0.0,1.084942084942085,2.54036095896561,"[[20.000001907348633, -Infinity], [74.46099853515625, 65.94686126708984], 0.6369500160217285]",0.06843400001525879,
fing_x_face,6,0.01,ri_V>face_G>face_C,3,LR-P1-N2,GP,boot,300,0.042613127586780666,0.04011645115678935,True,0.007963080264229481,0.011627906976744186,0.008260752446798959,0.0,1.084942084942085,2.5334321031995453,"[[20.000001907348633, 1.401298464324817e-45], [74.52098083496094, 65.94686126708984], 0.6358699798583984]",0.05647420883178711,
fing_x_face,6,0.01,ri_V>face_G>face_C,3,LR-P1-N2-rel,GP,boot,300,0.031163996171135203,0.030188282297974767,True,0.00806865140409616,0.007751937984496124,0.00845529915297357,0.0,1.084942084942085,2.54036095896561,"[[20.000001907348633, -Infinity], [74.46099853515625, 65.94686126708984], 0.6369500160217285]",0.055164337158203125,
fing_x_face,6,0.01,ri_V>face_G>face_C,3,LR-P2-N2,GP,boot,300,0.04388680577201355,0.04035233998648555,True,0.007842427532953278,0.007751937984496124,0.007901589296938134,0.0,1.084942084942085,2.541019424740355,"[[20.000001907348633, -Infinity], [74.58636474609375, 65.94686126708984], 0.6354799866676331]",0.05855107307434082,
fing_x_face,6,0.01,ri_V>face_G>face_C,3,LR-P2-N2-rel,GP,boot,300,0.02836309994175047,0.02805955598958796,True,0.007887672307181855,0.007751937984496124,0.008380473496752567,0.0,1.0926640926640927,2.5416329951213674,"[[21.000001907348633, -Infinity], [74.4378662109375, 65.94686126708984], 0.6311799883842468]",0.055237770080566406,
fing_x_face,6,0.01,ri_V>face_G>face_C,3,LR-P1-N3,GP,boot,300,0.04261312758646708,0.04011645115668253,True,0.007963080264229481,0.011627906976744186,0.008260752446798959,0.0,1.084942084942085,2.5334321031995453,"[[20.000001907348633, 1.401298464324817e-45], [74.52098083496094, 65.94686126708984], 0.6358699798583984]",0.05665922164916992,
fing_x_face,6,0.01,ri_V>face_G>face_C,3,NLS-N2,GP,boot,300,0.0384890524529071,0.036464493591075904,True,0.007993243447048532,0.007751937984496124,0.00829068270928736,0.0,1.084942084942085,2.5406153661967616,"[[20.000001907348633, -Infinity], [74.51453399658203, 65.94686126708984], 0.6358699798583984]",0.05718088150024414,
fing_x_face,6,0.01,ri_V>face_G>face_C,3,DE-N2,GP,boot,300,0.042339117638594374,0.03983436582177473,True,0.007947998672819956,0.007751937984496124,0.008215857053066355,0.0,1.084942084942085,2.5406901918529825,"[[20.000001907348633, -Infinity], [74.52967071533203, 65.94686126708984], 0.6358699798583984]",0.0579986572265625,
fing_x_face,6,0.01,ri_V>face_G>face_C,3,MAXMONO-K3,GP,boot,300,0.05712546364455447,0.055769318444437325,True,0.008053569812686635,0.007751937984496124,0.008036275478135943,0.003861003861003861,1.0810810810810811,2.2407889617191943,"[[19.000001907348633, -Infinity], [74.6826171875, 67.06096649169922], 0.6423599720001221]",0.07572722434997559,
fing_x_face,6,0.01,ri_V>face_G>face_C,3,MONO-cont,GP,boot,300,0.042332824801066815,0.03986232257601135,True,0.007947998672819956,0.011627906976744186,0.008215857053066355,0.0,1.084942084942085,2.5334769985932777,"[[20.000001907348633, 1.401298464324817e-45], [74.52967071533203, 65.94686126708984], 0.6358699798583984]",0.06645607948303223,
fing_x_face,6,0.01,ri_V>face_G>face_C,3,S1-Marcialis,rule,boot,300,,,True,0.007103429553886526,0.007751937984496124,0.006225494597587621,0.007722007722007722,1.2393822393822393,2.553081320523181,"[[37.000003814697266, 0.0], [75.94683074951172, 65.9372329711914], 0.6177899837493896]",0.04413771629333496,
fing_x_face,6,0.01,ri_V>face_G>face_C,3,S2-Symmetric,rule,boot,300,,,True,0.007570958887581818,0.007751937984496124,0.008096136003112746,0.003861003861003861,1.2084942084942085,2.5338361617431384,"[[37.000003814697266, 0.0], [74.14479064941406, 65.97827911376953], 0.6291599869728088]",0.06920194625854492,
fing_x_face,6,0.01,ri_V>face_G>face_C,3,S3-SPRT,rule,boot,300,,,True,0.007420142973486562,0.003875968992248062,0.007632216934542516,0.007722007722007722,1.138996138996139,1.901050552213343,"[[4.508733357114414, -4.1203573338537804], [4.508733357114414, -4.1203573338537804], -1.8375049614129626]",0.1947317123413086,
fing_x_face,6,0.01,ri_V>face_G>face_C,3,S4-Direct,rule,boot,300,,,True,0.0071939191023436795,0.011627906976744186,0.005791505791505791,0.015444015444015444,1.2316602316602316,2.139011104127383,"[[37.000003814697266, 3.000000238418579], [75.94683074951172, 70.26591491699219], 0.6130599975585938]",0.6318747997283936,
fing_x_face,6,0.01,ri_V>face_G>li_V,3,HYP,GP,boot,300,,,False,,,,,,,,,
fing_x_face,6,0.01,ri_V>face_G>li_V,3,MONO,GP,boot,300,0.04333469655087106,0.04053586998766719,True,0.007450306156305614,0.003875968992248062,0.008395438627996767,0.003861003861003861,1.084942084942085,2.540151447128191,"[[20.000001907348633, -Infinity], [74.42955780029297, 65.94686126708984], 22.000001907348633]",0.06625604629516602,
fing_x_face,6,0.01,ri_V>face_G>li_V,3,MONO-rel,GP,boot,300,0.03254426910262541,0.031063590011007437,True,0.007872590715772329,0.003875968992248062,0.0088892879590554,0.007722007722007722,1.0926640926640927,2.541154110921553,"[[21.000001907348633, -Infinity], [74.36930084228516, 65.94686126708984], 21.0]",0.06265759468078613,
fing_x_face,6,0.01,ri_V>face_G>li_V,3,LR-P1-N2,GP,boot,300,0.04294789888061782,0.04016022716131009,True,0.007405061382077037,0.003875968992248062,0.008335578103019964,0.003861003861003861,1.084942084942085,2.540211307653168,"[[20.000001907348633, -Infinity], [74.44060516357422, 65.94686126708984], 22.000001907348633]",0.06307649612426758,
fing_x_face,6,0.01,ri_V>face_G>li_V,3,LR-P1-N2-rel,GP,boot,300,0.032622235429834494,0.031131754309661988,True,0.007872590715772329,0.003875968992248062,0.0088892879590554,0.007722007722007722,1.0926640926640927,2.541154110921553,"[[21.000001907348633, -Infinity], [74.36930084228516, 65.94686126708984], 21.0]",0.059931278228759766,
fing_x_face,6,0.01,ri_V>face_G>li_V,3,LR-P2-N2,GP,boot,300,0.04398345598014557,0.0400452113876537,True,0.008189304135372364,0.003875968992248062,0.008634880727903983,0.003861003861003861,1.084942084942085,2.538939271497411,"[[19.000001907348633, -Infinity], [74.5565185546875, 65.94686126708984], 24.0]",0.07017230987548828,
fing_x_face,6,0.01,ri_V>face_G>li_V,3,LR-P2-N2-rel,GP,boot,300,0.03151225595920572,0.03008068431667943,True,0.00803848822127711,0.003875968992248062,0.009383137290114035,0.007722007722007722,1.0888030888030888,2.1626260812307323,"[[21.000001907348633, -Infinity], [74.41690063476562, 71.14061737060547], 17.0]",0.0814361572265625,
fing_x_face,6,0.01,ri_V>face_G>li_V,3,LR-P1-N3,GP,boot,300,0.04294789888062129,0.040160227161310146,True,0.007405061382077037,0.003875968992248062,0.008335578103019964,0.003861003861003861,1.084942084942085,2.540211307653168,"[[20.000001907348633, -Infinity], [74.44060516357422, 65.94686126708984], 22.000001907348633]",0.07525086402893066,
fing_x_face,6,0.01,ri_V>face_G>li_V,3,NLS-N2,GP,boot,300,0.03886074937482089,0.03656780084546983,True,0.0074653877477151385,0.003875968992248062,0.008410403759240969,0.003861003861003861,1.084942084942085,2.540136481996947,"[[20.000001907348633, -Infinity], [74.42889404296875, 65.94686126708984], 22.000001907348633]",0.06296825408935547,
fing_x_face,6,0.01,ri_V>face_G>li_V,3,DE-N2,GP,boot,300,0.042674395731270874,0.039912513309991376,True,0.007389979790667511,0.003875968992248062,0.008320612971775762,0.003861003861003861,1.084942084942085,2.5402262727844125,"[[20.000001907348633, -Infinity], [74.44293975830078, 65.94686126708984], 22.000001907348633]",0.09541702270507812,
fing_x_face,6,0.01,ri_V>face_G>li_V,3,MAXMONO-K3,GP,boot,300,0.059383455108927674,0.054757378189111625,True,0.008098814586915212,0.003875968992248062,0.008694741252880788,0.003861003861003861,1.0810810810810811,2.2318398132351622,"[[19.000001907348633, -Infinity], [74.56346893310547, 67.12310028076172], 22.0]",0.10256671905517578,
fing_x_face,6,0.01,ri_V>face_G>li_V,3,MONO-cont,GP,boot,300,0.04266800499941741,0.03990688789855399,True,0.007389979790667511,0.003875968992248062,0.008320612971775762,0.003861003861003861,1.084942084942085,2.5402262727844125,"[[20.000001907348633, -Infinity], [74.44293975830078, 65.94686126708984], 22.000001907348633]",0.05620217323303223,
fing_x_face,6,0.01,ri_V>face_G>li_V,3,S1-Marcialis,rule,boot,300,,,True,0.006334268392000724,0.01937984496124031,0.0059561222351920025,0.019305019305019305,1.2393822393822393,2.553081320523181,"[[37.000003814697266, 0.0], [75.94683074951172, 65.9372329711914], 18.0]",0.02411365509033203,
fing_x_face,6,0.01,ri_V>face_G>li_V,3,S2-Symmetric,rule,boot,300,,,True,0.007480469339124664,0.007751937984496124,0.008694741252880788,0.003861003861003861,1.2084942084942085,2.5338361617431384,"[[37.000003814697266, 0.0], [74.14479064941406, 65.97827911376953], 20.0]",0.0650644302368164,
fing_x_face,6,0.01,ri_V>face_G>li_V,3,S3-SPRT,rule,boot,300,,,True,0.007887672307181855,0.007751937984496124,0.008380473496752567,0.007722007722007722,1.138996138996139,1.901050552213343,"[[4.508733357114414, -4.1203573338537804], [4.508733357114414, -4.1203573338537804], -3.0894478831600862]",0.19275617599487305,
fing_x_face,6,0.01,ri_V>face_G>li_V,3,S4-Direct,rule,boot,300,,,True,0.00692245045697222,0.007751937984496124,0.008649845859148185,0.007722007722007722,1.1737451737451738,2.3832869414264763,"[[30.000001907348633, 3.000000238418579], [74.25736999511719, 66.22789764404297], 19.0]",0.5716238021850586,
fing_x_face,6,0.01,ri_V>li_V>face_C,3,HYP,GP,boot,300,,,False,,,,,,,,,
fing_x_face,6,0.01,ri_V>li_V>face_C,3,MONO,GP,boot,300,0.04481395971393973,0.04142582398627333,True,0.006847042499924592,0.007751937984496124,0.005671784741552183,0.003861003861003861,1.135135135135135,2.849106581664721,"[[20.000001907348633, -Infinity], [25.000001907348633, 4.000000476837158], 0.6358700394630432]",0.04805350303649902,
fing_x_face,6,0.01,ri_V>li_V>face_C,3,MONO-rel,GP,boot,300,0.0339657878702327,0.03214688969111967,True,0.007902753898591379,0.007751937984496124,0.006599622878692646,0.003861003861003861,1.1312741312741312,2.84051659633055,"[[20.000001907348633, 1.401298464324817e-45], [23.000001907348633, 4.000000476837158], 0.633899986743927]",0.05348849296569824,
fing_x_face,6,0.01,ri_V>li_V>face_C,3,LR-P1-N2,GP,boot,300,0.04435632874804013,0.04102308756753282,True,0.006847042499924592,0.007751937984496124,0.005671784741552183,0.003861003861003861,1.135135135135135,2.849106581664721,"[[20.000001907348633, -Infinity], [25.000001907348633, 4.000000476837158], 0.6358700394630432]",0.05943155288696289,
fing_x_face,6,0.01,ri_V>li_V>face_C,3,LR-P1-N2-rel,GP,boot,300,0.03404559354932088,0.03217931680583994,True,0.007902753898591379,0.003875968992248062,0.006599622878692646,0.003861003861003861,1.1312741312741312,2.8484780461524646,"[[20.000001907348633, -Infinity], [23.000001907348633, 4.000000476837158], 0.633899986743927]",0.05110931396484375,
fing_x_face,6,0.01,ri_V>li_V>face_C,3,LR-P2-N2,GP,boot,300,0.04345113252888276,0.04013769263667123,True,0.0069827768226103214,0.003875968992248062,0.005866331447726796,0.007722007722007722,1.135135135135135,2.848777348777349,"[[20.000001907348633, -Infinity], [24.000001907348633, 4.000000476837158], 0.6383500695228577]",0.05833888053894043,
fing_x_face,6,0.01,ri_V>li_V>face_C,3,LR-P2-N2-rel,GP,boot,300,0.03341883390135185,0.03263364903954405,True,0.007586040478991343,0.015503875968992248,0.006569692616204244,0.023166023166023165,1.1158301158301158,2.515024991769178,"[[21.000001907348633, -Infinity], [22.000001907348633, 6.000000476837158], 0.6250600814819336]",0.06229090690612793,
fing_x_face,6,0.01,ri_V>li_V>face_C,3,LR-P1-N3,GP,boot,300,0.04435632874761075,0.04102308756741929,True,0.006847042499924592,0.007751937984496124,0.005671784741552183,0.003861003861003861,1.135135135135135,2.849106581664721,"[[20.000001907348633, -Infinity], [25.000001907348633, 4.000000476837158], 0.6358700394630432]",0.05945611000061035,
fing_x_face,6,0.01,ri_V>li_V>face_C,3,NLS-N2,GP,boot,300,0.040310748687537375,0.037586165017499715,True,0.006816879317105541,0.011627906976744186,0.0056568196103079825,0.007722007722007722,1.135135135135135,2.8411451318428065,"[[20.000001907348633, 1.401298464324817e-45], [25.000001907348633, 4.000000476837158], 0.636150062084198]",0.058882951736450195,
fing_x_face,6,0.01,ri_V>li_V>face_C,3,DE-N2,GP,boot,300,0.044027438240611255,0.04075239214908333,True,0.006847042499924592,0.007751937984496124,0.005671784741552183,0.003861003861003861,1.135135135135135,2.849106581664721,"[[20.000001907348633, -Infinity], [25.000001907348633, 4.000000476837158], 0.6358700394630432]",0.05050373077392578,
fing_x_face,6,0.01,ri_V>li_V>face_C,3,MAXMONO-K3,GP,boot,300,0.06367526196285844,0.05895568443387563,True,0.00763128525321992,0.027131782945736434,0.006390111041273832,0.03474903474903475,1.1042471042471043,2.119272096016282,"[[19.000001907348633, -Infinity], [25.000001907348633, 10.000000953674316], 0.6193500757217407]",0.06911110877990723,
fing_x_face,6,0.01,ri_V>li_V>face_C,3,MONO-cont,GP,boot,300,0.044020838108603015,0.04074675931101084,True,0.006847042499924592,0.007751937984496124,0.005671784741552183,0.003861003861003861,1.135135135135135,2.849106581664721,"[[20.000001907348633, -Infinity], [25.000001907348633, 4.000000476837158], 0.6358700394630432]",0.04932379722595215,
fing_x_face,6,0.01,ri_V>li_V>face_C,3,S1-Marcialis,rule,boot,300,,,True,0.007073266371067475,0.007751937984496124,0.006120738678878214,0.007722007722007722,1.2972972972972974,2.9643231271138246,"[[37.000003814697266, 0.0], [35.000003814697266, 4.0], 0.6185500025749207]",0.024033546447753906,
fing_x_face,6,0.01,ri_V>li_V>face_C,3,S2-Symmetric,rule,boot,300,,,True,0.007073266371067475,0.007751937984496124,0.006120738678878214,0.007722007722007722,1.2972972972972974,2.9643231271138246,"[[37.000003814697266, 0.0], [35.000003814697266, 4.0], 0.6185500025749207]",0.0407259464263916,
fing_x_face,6,0.01,ri_V>li_V>face_C,3,S3-SPRT,rule,boot,300,,,True,0.007661448436038971,0.015503875968992248,0.0060459130226572086,0.02702702702702703,1.1814671814671815,1.9002274699949118,"[[4.508733357114414, -4.1203573338537804], [4.508733357114414, -4.1203573338537804], -3.113684546852633]",0.19929170608520508,
fing_x_face,6,0.01,ri_V>li_V>face_C,3,S4-Direct,rule,boot,300,,,True,0.007012940005429373,0.007751937984496124,0.006105773547634013,0.011583011583011582,1.2664092664092663,2.767950674927419,"[[35.000003814697266, 3.000000238418579], [35.000003814697266, 4.000000476837158], 0.6163700222969055]",0.6033656597137451,
fing_x_face,6,0.01,ri_V>li_V>face_G,3,HYP,GP,boot,300,,,False,,,,,,,,,
fing_x_face,6,0.01,ri_V>li_V>face_G,3,MONO,GP,boot,300,0.044980785369481406,0.041427575832188424,True,0.007148674328115103,0.003875968992248062,0.007781868246984526,0.003861003861003861,1.135135135135135,2.848777348777349,"[[20.000001907348633, -Infinity], [24.000001907348633, 4.000000476837158], 74.45099639892578]",0.05521202087402344,
fing_x_face,6,0.01,ri_V>li_V>face_G,3,MONO-rel,GP,boot,300,0.03452759851136932,0.03232329530283874,True,0.008325038458058095,0.003875968992248062,0.008784532040345993,0.003861003861003861,1.1274131274131274,2.8480141270838946,"[[20.000001907348633, -Infinity], [22.000001907348633, 4.000000476837158], 74.40294647216797]",0.051836252212524414,
fing_x_face,6,0.01,ri_V>li_V>face_G,3,LR-P1-N2,GP,boot,300,0.04453977140304865,0.041033117878763306,True,0.007118511145296051,0.003875968992248062,0.007766903115740325,0.003861003861003861,1.135135135135135,2.848777348777349,"[[20.000001907348633, -Infinity], [24.000001907348633, 4.000000476837158], 74.4576644897461]",0.05134463310241699,
fing_x_face,6,0.01,ri_V>li_V>face_G,3,LR-P1-N2-rel,GP,boot,300,0.03459011245752625,0.032381045647203656,True,0.008325038458058095,0.003875968992248062,0.008784532040345993,0.003861003861003861,1.1274131274131274,2.8480141270838946,"[[20.000001907348633, -Infinity], [22.000001907348633, 4.000000476837158], 74.40294647216797]",0.05150246620178223,
fing_x_face,6,0.01,ri_V>li_V>face_G,3,LR-P2-N2,GP,boot,300,0.04366916210638505,0.04019103057301134,True,0.007163755919524628,0.003875968992248062,0.007811798509472928,0.003861003861003861,1.1312741312741312,2.8484780461524646,"[[20.000001907348633, -Infinity], [23.000001907348633, 4.000000476837158], 74.51453399658203]",0.06535840034484863,
fing_x_face,6,0.01,ri_V>li_V>face_G,3,LR-P2-N2-rel,GP,boot,300,0.034780362125327265,0.03387766478129346,True,0.007299490242210358,0.01937984496124031,0.008155996528089552,0.023166023166023165,1.1158301158301158,2.5087546017778575,"[[21.000001907348633, 1.401298464324817e-45], [22.000001907348633, 6.000000476837158], 74.09701538085938]",0.0726308822631836,
fing_x_face,6,0.01,ri_V>li_V>face_G,3,LR-P1-N3,GP,boot,300,0.0445397714030493,0.041033117878763375,True,0.007118511145296051,0.003875968992248062,0.007766903115740325,0.003861003861003861,1.135135135135135,2.848777348777349,"[[20.000001907348633, -Infinity], [24.000001907348633, 4.000000476837158], 74.4576644897461]",0.06691217422485352,
fing_x_face,6,0.01,ri_V>li_V>face_G,3,NLS-N2,GP,boot,300,0.04055448829674968,0.037584214100755825,True,0.007148674328115103,0.003875968992248062,0.007781868246984526,0.003861003861003861,1.135135135135135,2.848777348777349,"[[20.000001907348633, -Infinity], [24.000001907348633, 4.000000476837158], 74.45099639892578]",0.05663156509399414,
fing_x_face,6,0.01,ri_V>li_V>face_G,3,DE-N2,GP,boot,300,0.0442137984486595,0.040763500113003476,True,0.007118511145296051,0.003875968992248062,0.007766903115740325,0.003861003861003861,1.135135135135135,2.848777348777349,"[[20.000001907348633, -Infinity], [24.000001907348633, 4.000000476837158], 74.4576644897461]",0.05288362503051758,
fing_x_face,6,0.01,ri_V>li_V>face_G,3,MAXMONO-K3,GP,boot,300,0.06410973176112267,0.059120097120230246,True,0.007344735016438934,0.027131782945736434,0.007138367603483882,0.02702702702702703,1.1081081081081081,2.174134267157523,"[[19.000001907348633, -Infinity], [25.000001907348633, 9.000000953674316], 74.05801391601562]",0.06717920303344727,
fing_x_face,6,0.01,ri_V>li_V>face_G,3,MONO-cont,GP,boot,300,0.04420715308301134,0.04075785448390727,True,0.007118511145296051,0.003875968992248062,0.007766903115740325,0.003861003861003861,1.135135135135135,2.848777348777349,"[[20.000001907348633, -Infinity], [24.000001907348633, 4.000000476837158], 74.4576644897461]",0.05285382270812988,
fing_x_face,6,0.01,ri_V>li_V>face_G,3,S1-Marcialis,rule,boot,300,,,True,0.007827345941543752,0.007751937984496124,0.010535452395917513,0.003861003861003861,1.2972972972972974,2.9643231271138246,"[[37.000003814697266, 0.0], [35.000003814697266, 4.0], 73.80986022949219]",0.027500152587890625,
fing_x_face,6,0.01,ri_V>li_V>face_G,3,S2-Symmetric,rule,boot,300,,,True,0.007827345941543752,0.007751937984496124,0.010535452395917513,0.003861003861003861,1.2972972972972974,2.9643231271138246,"[[37.000003814697266, 0.0], [35.000003814697266, 4.0], 73.80986022949219]",0.04186224937438965,
fing_x_face,6,0.01,ri_V>li_V>face_G,3,S3-SPRT,rule,boot,300,,,True,0.007947998672819956,0.01937984496124031,0.007273053784681692,0.02702702702702703,1.1814671814671815,1.9002274699949118,"[[4.508733357114414, -4.1203573338537804], [4.508733357114414, -4.1203573338537804], -3.090193023719662]",0.19898247718811035,
fing_x_face,6,0.01,ri_V>li_V>face_G,3,S4-Direct,rule,boot,300,,,True,0.007993243447048532,0.007751937984496124,0.01065517344587112,0.007722007722007722,1.2895752895752897,2.767950674927419,"[[37.000003814697266, 3.000000238418579], [35.000003814697266, 4.000000476837158], 73.7235107421875]",0.6228582859039307,
fing_x_face,6,0.01,face_C>face_G>li_V>ri_V,4,HYP,GP,boot,300,,,False,,,,,,,,,True
fing_x_face,6,0.01,face_C>face_G>li_V>ri_V,4,MONO,GP,boot,300,,,False,,,,,,,,,True
fing_x_face,6,0.01,face_C>face_G>li_V>ri_V,4,MONO-rel,GP,boot,300,,,False,,,,,,,,,True
fing_x_face,6,0.01,face_C>face_G>li_V>ri_V,4,LR-P1-N2,GP,boot,300,,,False,,,,,,,,,True
fing_x_face,6,0.01,face_C>face_G>li_V>ri_V,4,LR-P1-N2-rel,GP,boot,300,,,False,,,,,,,,,True
fing_x_face,6,0.01,face_C>face_G>li_V>ri_V,4,LR-P2-N2,GP,boot,300,,,False,,,,,,,,,True
fing_x_face,6,0.01,face_C>face_G>li_V>ri_V,4,LR-P2-N2-rel,GP,boot,300,,,False,,,,,,,,,True
fing_x_face,6,0.01,face_C>face_G>li_V>ri_V,4,LR-P1-N3,GP,boot,300,,,False,,,,,,,,,True
fing_x_face,6,0.01,face_C>face_G>li_V>ri_V,4,NLS-N2,GP,boot,300,,,False,,,,,,,,,True
fing_x_face,6,0.01,face_C>face_G>li_V>ri_V,4,DE-N2,GP,boot,300,,,False,,,,,,,,,True
fing_x_face,6,0.01,face_C>face_G>li_V>ri_V,4,MAXMONO-K3,GP,boot,300,,,False,,,,,,,,,True
fing_x_face,6,0.01,face_C>face_G>li_V>ri_V,4,MONO-cont,GP,boot,300,,,False,,,,,,,,,True
fing_x_face,6,0.01,face_C>face_G>li_V>ri_V,4,S1-Marcialis,rule,boot,300,,,True,0.006967695231200797,0.007751937984496124,0.006195564335099219,0.007722007722007722,1.7104247104247103,2.38846487683697,"[[0.6950200796127319, 0.5201699733734131], [75.94683074951172, 65.9372329711914], [35.000003814697266, 4.0], 17.0]",0.0321042537689209,
fing_x_face,6,0.01,face_C>face_G>li_V>ri_V,4,S2-Symmetric,rule,boot,300,,,True,0.006967695231200797,0.007751937984496124,0.006195564335099219,0.007722007722007722,1.7104247104247103,2.38846487683697,"[[0.6950200796127319, 0.5201699733734131], [75.94683074951172, 65.9372329711914], [35.000003814697266, 4.0], 17.0]",0.09545469284057617,
fing_x_face,6,0.01,face_C>face_G>li_V>ri_V,4,S3-SPRT,rule,boot,300,,,True,0.007405061382077037,0.015503875968992248,0.0074077399658795005,0.007722007722007722,1.4247104247104247,1.7570710245128849,"[[5.457036793970535, -3.899276712268543], [5.457036793970535, -3.899276712268543], [5.457036793970535, -3.899276712268543], -4.141969367625398]",0.24768829345703125,
fing_x_face,6,0.01,face_C>face_G>li_V>ri_V,4,S4-Direct,rule,boot,300,,,True,0.007148674328115103,0.011627906976744186,0.006225494597587621,0.003861003861003861,1.4131274131274132,3.2424650564185447,"[[0.6557100415229797, 0.4832500219345093], [75.94683074951172, 63.86409378051758], [32.000003814697266, 6.000000476837158], 18.0]",1.0913207530975342,
fing_x_face,6,0.01,face_C>face_G>ri_V>li_V,4,HYP,GP,boot,300,,,False,,,,,,,,,True
fing_x_face,6,0.01,face_C>face_G>ri_V>li_V,4,MONO,GP,boot,300,,,False,,,,,,,,,True
fing_x_face,6,0.01,face_C>face_G>ri_V>li_V,4,MONO-rel,GP,boot,300,,,False,,,,,,,,,True
fing_x_face,6,0.01,face_C>face_G>ri_V>li_V,4,LR-P1-N2,GP,boot,300,,,False,,,,,,,,,True
fing_x_face,6,0.01,face_C>face_G>ri_V>li_V,4,LR-P1-N2-rel,GP,boot,300,,,False,,,,,,,,,True
fing_x_face,6,0.01,face_C>face_G>ri_V>li_V,4,LR-P2-N2,GP,boot,300,,,False,,,,,,,,,True
fing_x_face,6,0.01,face_C>face_G>ri_V>li_V,4,LR-P2-N2-rel,GP,boot,300,,,False,,,,,,,,,True
fing_x_face,6,0.01,face_C>face_G>ri_V>li_V,4,LR-P1-N3,GP,boot,300,,,False,,,,,,,,,True
fing_x_face,6,0.01,face_C>face_G>ri_V>li_V,4,NLS-N2,GP,boot,300,,,False,,,,,,,,,True
fing_x_face,6,0.01,face_C>face_G>ri_V>li_V,4,DE-N2,GP,boot,300,,,False,,,,,,,,,True
fing_x_face,6,0.01,face_C>face_G>ri_V>li_V,4,MAXMONO-K3,GP,boot,300,,,False,,,,,,,,,True
fing_x_face,6,0.01,face_C>face_G>ri_V>li_V,4,MONO-cont,GP,boot,300,,,False,,,,,,,,,True
fing_x_face,6,0.01,face_C>face_G>ri_V>li_V,4,S1-Marcialis,rule,boot,300,,,True,0.006862124091334117,0.011627906976744186,0.006180599203855018,0.011583011583011582,1.6988416988416988,2.4014695758881803,"[[0.6950200796127319, 0.5201699733734131], [75.94683074951172, 65.9372329711914], [37.000003814697266, 0.0], 17.0]",0.02819967269897461,
fing_x_face,6,0.01,face_C>face_G>ri_V>li_V,4,S2-Symmetric,rule,boot,300,,,True,0.007420142973486562,0.007751937984496124,0.008994043877764807,0.011583011583011582,1.555984555984556,2.3739337343988507,"[[0.6950200796127319, 0.5201699733734131], [74.14479064941406, 65.97827911376953], [37.000003814697266, 0.0], 19.0]",0.09554576873779297,
fing_x_face,6,0.01,face_C>face_G>ri_V>li_V,4,S3-SPRT,rule,boot,300,,,True,0.007480469339124664,0.011627906976744186,0.0073927748346353,0.007722007722007722,1.4131274131274132,1.7503965759779714,"[[5.457036793970535, -3.899276712268543], [5.457036793970535, -3.899276712268543], [5.457036793970535, -3.899276712268543], -4.229433325984838]",0.2338094711303711,
fing_x_face,6,0.01,face_C>face_G>ri_V>li_V,4,S4-Direct,rule,boot,300,,,True,0.007555877296172292,0.003875968992248062,0.007557391278321511,0.003861003861003861,1.3783783783783783,2.8041513274071415,"[[0.6557100415229797, 0.4832500219345093], [74.68309020996094, 63.86409378051758], [37.000003814697266, 16.000001907348633], 9.0]",1.012329339981079,
fing_x_face,6,0.01,face_C>li_V>face_G>ri_V,4,HYP,GP,boot,300,,,False,,,,,,,,,True
fing_x_face,6,0.01,face_C>li_V>face_G>ri_V,4,MONO,GP,boot,300,,,False,,,,,,,,,True
fing_x_face,6,0.01,face_C>li_V>face_G>ri_V,4,MONO-rel,GP,boot,300,,,False,,,,,,,,,True
fing_x_face,6,0.01,face_C>li_V>face_G>ri_V,4,LR-P1-N2,GP,boot,300,,,False,,,,,,,,,True
fing_x_face,6,0.01,face_C>li_V>face_G>ri_V,4,LR-P1-N2-rel,GP,boot,300,,,False,,,,,,,,,True
fing_x_face,6,0.01,face_C>li_V>face_G>ri_V,4,LR-P2-N2,GP,boot,300,,,False,,,,,,,,,True
fing_x_face,6,0.01,face_C>li_V>face_G>ri_V,4,LR-P2-N2-rel,GP,boot,300,,,False,,,,,,,,,True
fing_x_face,6,0.01,face_C>li_V>face_G>ri_V,4,LR-P1-N3,GP,boot,300,,,False,,,,,,,,,True
fing_x_face,6,0.01,face_C>li_V>face_G>ri_V,4,NLS-N2,GP,boot,300,,,False,,,,,,,,,True
fing_x_face,6,0.01,face_C>li_V>face_G>ri_V,4,DE-N2,GP,boot,300,,,False,,,,,,,,,True
fing_x_face,6,0.01,face_C>li_V>face_G>ri_V,4,MAXMONO-K3,GP,boot,300,,,False,,,,,,,,,True
fing_x_face,6,0.01,face_C>li_V>face_G>ri_V,4,MONO-cont,GP,boot,300,,,False,,,,,,,,,True
fing_x_face,6,0.01,face_C>li_V>face_G>ri_V,4,S1-Marcialis,rule,boot,300,,,True,0.006967695231200797,0.007751937984496124,0.006195564335099219,0.003861003861003861,1.494208494208494,2.60676124629613,"[[0.6950200796127319, 0.5201699733734131], [35.000003814697266, 4.0], [75.94683074951172, 65.9372329711914], 17.0]",0.02778315544128418,
fing_x_face,6,0.01,face_C>li_V>face_G>ri_V,4,S2-Symmetric,rule,boot,300,,,True,0.006967695231200797,0.007751937984496124,0.006195564335099219,0.003861003861003861,1.494208494208494,2.60676124629613,"[[0.6950200796127319, 0.5201699733734131], [35.000003814697266, 4.0], [75.94683074951172, 65.9372329711914], 17.0]",0.08780932426452637,
fing_x_face,6,0.01,face_C>li_V>face_G>ri_V,4,S3-SPRT,rule,boot,300,,,True,0.007405061382077037,0.007751937984496124,0.007123402472239681,0.003861003861003861,1.2972972972972974,1.7343539552841878,"[[5.457036793970535, -3.899276712268543], [5.457036793970535, -3.899276712268543], [5.457036793970535, -3.899276712268543], -4.162244244900887]",0.2314908504486084,
fing_x_face,6,0.01,face_C>li_V>face_G>ri_V,4,S4-Direct,rule,boot,300,,,True,0.007691611618858022,0.0,0.007811798509472928,0.003861003861003861,1.2355212355212355,2.6662775732543174,"[[0.6438600420951843, 0.4832500219345093], [35.000003814697266, 6.000000476837158], [74.39990997314453, 66.22789764404297], 17.0]",1.122581958770752,
fing_x_face,6,0.01,face_C>li_V>ri_V>face_G,4,HYP,GP,boot,300,,,False,,,,,,,,,True
fing_x_face,6,0.01,face_C>li_V>ri_V>face_G,4,MONO,GP,boot,300,,,False,,,,,,,,,True
fing_x_face,6,0.01,face_C>li_V>ri_V>face_G,4,MONO-rel,GP,boot,300,,,False,,,,,,,,,True
fing_x_face,6,0.01,face_C>li_V>ri_V>face_G,4,LR-P1-N2,GP,boot,300,,,False,,,,,,,,,True
fing_x_face,6,0.01,face_C>li_V>ri_V>face_G,4,LR-P1-N2-rel,GP,boot,300,,,False,,,,,,,,,True
fing_x_face,6,0.01,face_C>li_V>ri_V>face_G,4,LR-P2-N2,GP,boot,300,,,False,,,,,,,,,True
fing_x_face,6,0.01,face_C>li_V>ri_V>face_G,4,LR-P2-N2-rel,GP,boot,300,,,False,,,,,,,,,True
fing_x_face,6,0.01,face_C>li_V>ri_V>face_G,4,LR-P1-N3,GP,boot,300,,,False,,,,,,,,,True
fing_x_face,6,0.01,face_C>li_V>ri_V>face_G,4,NLS-N2,GP,boot,300,,,False,,,,,,,,,True
fing_x_face,6,0.01,face_C>li_V>ri_V>face_G,4,DE-N2,GP,boot,300,,,False,,,,,,,,,True
fing_x_face,6,0.01,face_C>li_V>ri_V>face_G,4,MAXMONO-K3,GP,boot,300,,,False,,,,,,,,,True
fing_x_face,6,0.01,face_C>li_V>ri_V>face_G,4,MONO-cont,GP,boot,300,,,False,,,,,,,,,True
fing_x_face,6,0.01,face_C>li_V>ri_V>face_G,4,S1-Marcialis,rule,boot,300,,,True,0.0078122643501342265,0.003875968992248062,0.010924545808266739,0.003861003861003861,1.471042471042471,2.8380623148065007,"[[0.6950200796127319, 0.5201699733734131], [35.000003814697266, 4.0], [37.000003814697266, 0.0], 73.77935028076172]",0.02954268455505371,
fing_x_face,6,0.01,face_C>li_V>ri_V>face_G,4,S2-Symmetric,rule,boot,300,,,True,0.0078122643501342265,0.003875968992248062,0.010924545808266739,0.003861003861003861,1.471042471042471,2.8380623148065007,"[[0.6950200796127319, 0.5201699733734131], [35.000003814697266, 4.0], [37.000003814697266, 0.0], 73.77935028076172]",0.0663299560546875,
fing_x_face,6,0.01,face_C>li_V>ri_V>face_G,4,S3-SPRT,rule,boot,300,,,True,0.007555877296172292,0.003875968992248062,0.006060878153901409,0.003861003861003861,1.2934362934362935,1.720586034539523,"[[5.457036793970535, -3.899276712268543], [5.457036793970535, -3.899276712268543], [5.457036793970535, -3.899276712268543], -5.156196420383326]",0.20931553840637207,
fing_x_face,6,0.01,face_C>li_V>ri_V>face_G,4,S4-Direct,rule,boot,300,,,True,0.007978161855639007,0.003875968992248062,0.009083834665230014,0.003861003861003861,1.223938223938224,2.6916285055819937,"[[0.6438600420951843, 0.4832500219345093], [35.000003814697266, 6.000000476837158], [22.000001907348633, 6.000000476837158], 73.37275695800781]",1.143193006515503,
fing_x_face,6,0.01,face_C>ri_V>face_G>li_V,4,HYP,GP,boot,300,,,False,,,,,,,,,True
fing_x_face,6,0.01,face_C>ri_V>face_G>li_V,4,MONO,GP,boot,300,,,False,,,,,,,,,True
fing_x_face,6,0.01,face_C>ri_V>face_G>li_V,4,MONO-rel,GP,boot,300,,,False,,,,,,,,,True
fing_x_face,6,0.01,face_C>ri_V>face_G>li_V,4,LR-P1-N2,GP,boot,300,,,False,,,,,,,,,True
fing_x_face,6,0.01,face_C>ri_V>face_G>li_V,4,LR-P1-N2-rel,GP,boot,300,,,False,,,,,,,,,True
fing_x_face,6,0.01,face_C>ri_V>face_G>li_V,4,LR-P2-N2,GP,boot,300,,,False,,,,,,,,,True
fing_x_face,6,0.01,face_C>ri_V>face_G>li_V,4,LR-P2-N2-rel,GP,boot,300,,,False,,,,,,,,,True
fing_x_face,6,0.01,face_C>ri_V>face_G>li_V,4,LR-P1-N3,GP,boot,300,,,False,,,,,,,,,True
fing_x_face,6,0.01,face_C>ri_V>face_G>li_V,4,NLS-N2,GP,boot,300,,,False,,,,,,,,,True
fing_x_face,6,0.01,face_C>ri_V>face_G>li_V,4,DE-N2,GP,boot,300,,,False,,,,,,,,,True
fing_x_face,6,0.01,face_C>ri_V>face_G>li_V,4,MAXMONO-K3,GP,boot,300,,,False,,,,,,,,,True
fing_x_face,6,0.01,face_C>ri_V>face_G>li_V,4,MONO-cont,GP,boot,300,,,False,,,,,,,,,True
fing_x_face,6,0.01,face_C>ri_V>face_G>li_V,4,S1-Marcialis,rule,boot,300,,,True,0.006862124091334117,0.011627906976744186,0.006180599203855018,0.007722007722007722,1.4864864864864864,2.64131573433899,"[[0.6950200796127319, 0.5201699733734131], [37.000003814697266, 0.0], [75.94683074951172, 65.9372329711914], 17.0]",0.02758932113647461,
fing_x_face,6,0.01,face_C>ri_V>face_G>li_V,4,S2-Symmetric,rule,boot,300,,,True,0.007420142973486562,0.003875968992248062,0.008994043877764807,0.003861003861003861,1.471042471042471,2.627547813594325,"[[0.6950200796127319, 0.5201699733734131], [37.000003814697266, 0.0], [74.14479064941406, 65.97827911376953], 19.0]",0.08406662940979004,
fing_x_face,6,0.01,face_C>ri_V>face_G>li_V,4,S3-SPRT,rule,boot,300,,,True,0.007420142973486562,0.003875968992248062,0.007003681422286074,0.0,1.2895752895752897,1.6987369429229895,"[[5.457036793970535, -3.899276712268543], [5.457036793970535, -3.899276712268543], [5.457036793970535, -3.899276712268543], -4.289053797776453]",0.19875192642211914,
fing_x_face,6,0.01,face_C>ri_V>face_G>li_V,4,S4-Direct,rule,boot,300,,,True,0.007510632521943715,0.003875968992248062,0.008649845859148185,0.003861003861003861,1.4054054054054055,2.6004758911735655,"[[0.6950200796127319, 0.4832500219345093], [22.000001907348633, 6.000000476837158], [74.39990997314453, 66.22789764404297], 17.0]",1.1469640731811523,
fing_x_face,6,0.01,face_C>ri_V>li_V>face_G,4,HYP,GP,boot,300,,,False,,,,,,,,,True
fing_x_face,6,0.01,face_C>ri_V>li_V>face_G,4,MONO,GP,boot,300,,,False,,,,,,,,,True
fing_x_face,6,0.01,face_C>ri_V>li_V>face_G,4,MONO-rel,GP,boot,300,,,False,,,,,,,,,True
fing_x_face,6,0.01,face_C>ri_V>li_V>face_G,4,LR-P1-N2,GP,boot,300,,,False,,,,,,,,,True
fing_x_face,6,0.01,face_C>ri_V>li_V>face_G,4,LR-P1-N2-rel,GP,boot,300,,,False,,,,,,,,,True
fing_x_face,6,0.01,face_C>ri_V>li_V>face_G,4,LR-P2-N2,GP,boot,300,,,False,,,,,,,,,True
fing_x_face,6,0.01,face_C>ri_V>li_V>face_G,4,LR-P2-N2-rel,GP,boot,300,,,False,,,,,,,,,True
fing_x_face,6,0.01,face_C>ri_V>li_V>face_G,4,LR-P1-N3,GP,boot,300,,,False,,,,,,,,,True
fing_x_face,6,0.01,face_C>ri_V>li_V>face_G,4,NLS-N2,GP,boot,300,,,False,,,,,,,,,True
fing_x_face,6,0.01,face_C>ri_V>li_V>face_G,4,DE-N2,GP,boot,300,,,False,,,,,,,,,True
fing_x_face,6,0.01,face_C>ri_V>li_V>face_G,4,MAXMONO-K3,GP,boot,300,,,False,,,,,,,,,True
fing_x_face,6,0.01,face_C>ri_V>li_V>face_G,4,MONO-cont,GP,boot,300,,,False,,,,,,,,,True
fing_x_face,6,0.01,face_C>ri_V>li_V>face_G,4,S1-Marcialis,rule,boot,300,,,True,0.0078122643501342265,0.003875968992248062,0.010924545808266739,0.003861003861003861,1.4749034749034748,2.8596121037981503,"[[0.6950200796127319, 0.5201699733734131], [37.000003814697266, 0.0], [35.000003814697266, 4.0], 73.77935028076172]",0.03154897689819336,
fing_x_face,6,0.01,face_C>ri_V>li_V>face_G,4,S2-Symmetric,rule,boot,300,,,True,0.0078122643501342265,0.003875968992248062,0.010924545808266739,0.003861003861003861,1.4749034749034748,2.8596121037981503,"[[0.6950200796127319, 0.5201699733734131], [37.000003814697266, 0.0], [35.000003814697266, 4.0], 73.77935028076172]",0.0673060417175293,
fing_x_face,6,0.01,face_C>ri_V>li_V>face_G,4,S3-SPRT,rule,boot,300,,,True,0.0073748981992579855,0.003875968992248062,0.006001017628924606,0.0,1.2972972972972974,1.691778156894436,"[[5.457036793970535, -3.899276712268543], [5.457036793970535, -3.899276712268543], [5.457036793970535, -3.899276712268543], -5.247831991460224]",0.2160968780517578,
fing_x_face,6,0.01,face_C>ri_V>li_V>face_G,4,S4-Direct,rule,boot,300,,,True,0.008023406629867584,0.003875968992248062,0.008664810990392386,0.003861003861003861,1.196911196911197,2.577489449582473,"[[0.6438600420951843, 0.4832500219345093], [22.000001907348633, 6.000000476837158], [22.000001907348633, 7.000000476837158], 73.43817138671875]",1.0968341827392578,
fing_x_face,6,0.01,face_G>face_C>li_V>ri_V,4,HYP,GP,boot,300,,,False,,,,,,,,,True
fing_x_face,6,0.01,face_G>face_C>li_V>ri_V,4,MONO,GP,boot,300,,,False,,,,,,,,,True
fing_x_face,6,0.01,face_G>face_C>li_V>ri_V,4,MONO-rel,GP,boot,300,,,False,,,,,,,,,True
fing_x_face,6,0.01,face_G>face_C>li_V>ri_V,4,LR-P1-N2,GP,boot,300,,,False,,,,,,,,,True
fing_x_face,6,0.01,face_G>face_C>li_V>ri_V,4,LR-P1-N2-rel,GP,boot,300,,,False,,,,,,,,,True
fing_x_face,6,0.01,face_G>face_C>li_V>ri_V,4,LR-P2-N2,GP,boot,300,,,False,,,,,,,,,True
fing_x_face,6,0.01,face_G>face_C>li_V>ri_V,4,LR-P2-N2-rel,GP,boot,300,,,False,,,,,,,,,True
fing_x_face,6,0.01,face_G>face_C>li_V>ri_V,4,LR-P1-N3,GP,boot,300,,,False,,,,,,,,,True
fing_x_face,6,0.01,face_G>face_C>li_V>ri_V,4,NLS-N2,GP,boot,300,,,False,,,,,,,,,True
fing_x_face,6,0.01,face_G>face_C>li_V>ri_V,4,DE-N2,GP,boot,300,,,False,,,,,,,,,True
fing_x_face,6,0.01,face_G>face_C>li_V>ri_V,4,MAXMONO-K3,GP,boot,300,,,False,,,,,,,,,True
fing_x_face,6,0.01,face_G>face_C>li_V>ri_V,4,MONO-cont,GP,boot,300,,,False,,,,,,,,,True
fing_x_face,6,0.01,face_G>face_C>li_V>ri_V,4,S1-Marcialis,rule,boot,300,,,True,0.006967695231200797,0.007751937984496124,0.006195564335099219,0.003861003861003861,1.6602316602316602,2.3145071982281284,"[[75.94683074951172, 65.9372329711914], [0.6950200796127319, 0.5201699733734131], [35.000003814697266, 4.0], 17.0]",0.02607440948486328,
fing_x_face,6,0.01,face_G>face_C>li_V>ri_V,4,S2-Symmetric,rule,boot,300,,,True,0.006967695231200797,0.007751937984496124,0.006195564335099219,0.003861003861003861,1.6602316602316602,2.3145071982281284,"[[75.94683074951172, 65.9372329711914], [0.6950200796127319, 0.5201699733734131], [35.000003814697266, 4.0], 17.0]",0.08910894393920898,
fing_x_face,6,0.01,face_G>face_C>li_V>ri_V,4,S3-SPRT,rule,boot,300,,,True,0.007435224564896088,0.015503875968992248,0.00754242614707731,0.015444015444015444,1.4671814671814671,1.6587351471072402,"[[5.69760963230602, -3.5091428000324654], [5.69760963230602, -3.5091428000324654], [5.69760963230602, -3.5091428000324654], -4.226867054346569]",0.23528575897216797,
fing_x_face,6,0.01,face_G>face_C>li_V>ri_V,4,S4-Direct,rule,boot,300,,,True,0.007148674328115103,0.011627906976744186,0.0059112268414594,0.0,1.3822393822393821,2.588443925653228,"[[74.9349594116211, 63.86409378051758], [0.6353700757026672, 0.5307600498199463], [35.000003814697266, 6.000000476837158], 18.0]",1.2050294876098633,
fing_x_face,6,0.01,face_G>face_C>ri_V>li_V,4,HYP,GP,boot,300,,,False,,,,,,,,,True
fing_x_face,6,0.01,face_G>face_C>ri_V>li_V,4,MONO,GP,boot,300,,,False,,,,,,,,,True
fing_x_face,6,0.01,face_G>face_C>ri_V>li_V,4,MONO-rel,GP,boot,300,,,False,,,,,,,,,True
fing_x_face,6,0.01,face_G>face_C>ri_V>li_V,4,LR-P1-N2,GP,boot,300,,,False,,,,,,,,,True
fing_x_face,6,0.01,face_G>face_C>ri_V>li_V,4,LR-P1-N2-rel,GP,boot,300,,,False,,,,,,,,,True
fing_x_face,6,0.01,face_G>face_C>ri_V>li_V,4,LR-P2-N2,GP,boot,300,,,False,,,,,,,,,True
fing_x_face,6,0.01,face_G>face_C>ri_V>li_V,4,LR-P2-N2-rel,GP,boot,300,,,False,,,,,,,,,True
fing_x_face,6,0.01,face_G>face_C>ri_V>li_V,4,LR-P1-N3,GP,boot,300,,,False,,,,,,,,,True
fing_x_face,6,0.01,face_G>face_C>ri_V>li_V,4,NLS-N2,GP,boot,300,,,False,,,,,,,,,True
fing_x_face,6,0.01,face_G>face_C>ri_V>li_V,4,DE-N2,GP,boot,300,,,False,,,,,,,,,True
fing_x_face,6,0.01,face_G>face_C>ri_V>li_V,4,MAXMONO-K3,GP,boot,300,,,False,,,,,,,,,True
fing_x_face,6,0.01,face_G>face_C>ri_V>li_V,4,MONO-cont,GP,boot,300,,,False,,,,,,,,,True
fing_x_face,6,0.01,face_G>face_C>ri_V>li_V,4,S1-Marcialis,rule,boot,300,,,True,0.006862124091334117,0.011627906976744186,0.006180599203855018,0.007722007722007722,1.6486486486486487,2.327511897279339,"[[75.94683074951172, 65.9372329711914], [0.6950200796127319, 0.5201699733734131], [37.000003814697266, 0.0], 17.0]",0.029599905014038086,
fing_x_face,6,0.01,face_G>face_C>ri_V>li_V,4,S2-Symmetric,rule,boot,300,,,True,0.007540795704762767,0.007751937984496124,0.009128730058962618,0.007722007722007722,1.3166023166023166,2.280730897009967,"[[74.14479064941406, 65.97827911376953], [0.6950200796127319, 0.5201699733734131], [37.000003814697266, 0.0], 19.0]",0.09554052352905273,
fing_x_face,6,0.01,face_G>face_C>ri_V>li_V,4,S3-SPRT,rule,boot,300,,,True,0.00735981660784846,0.011627906976744186,0.007258088653437491,0.015444015444015444,1.4555984555984556,1.6527790248720482,"[[5.69760963230602, -3.5091428000324654], [5.69760963230602, -3.5091428000324654], [5.69760963230602, -3.5091428000324654], -4.229433325984838]",0.22696757316589355,
fing_x_face,6,0.01,face_G>face_C>ri_V>li_V,4,S4-Direct,rule,boot,300,,,True,0.007525714113353241,0.003875968992248062,0.007138367603483882,0.003861003861003861,1.4054054054054055,2.764089671066415,"[[74.9349594116211, 63.86409378051758], [0.6438600420951843, 0.4832500219345093], [37.000003814697266, 16.000001907348633], 9.0]",0.9531888961791992,
fing_x_face,6,0.01,face_G>li_V>face_C>ri_V,4,HYP,GP,boot,300,,,False,,,,,,,,,True
fing_x_face,6,0.01,face_G>li_V>face_C>ri_V,4,MONO,GP,boot,300,,,False,,,,,,,,,True
fing_x_face,6,0.01,face_G>li_V>face_C>ri_V,4,MONO-rel,GP,boot,300,,,False,,,,,,,,,True
fing_x_face,6,0.01,face_G>li_V>face_C>ri_V,4,LR-P1-N2,GP,boot,300,,,False,,,,,,,,,True
fing_x_face,6,0.01,face_G>li_V>face_C>ri_V,4,LR-P1-N2-rel,GP,boot,300,,,False,,,,,,,,,True
fing_x_face,6,0.01,face_G>li_V>face_C>ri_V,4,LR-P2-N2,GP,boot,300,,,False,,,,,,,,,True
fing_x_face,6,0.01,face_G>li_V>face_C>ri_V,4,LR-P2-N2-rel,GP,boot,300,,,False,,,,,,,,,True
fing_x_face,6,0.01,face_G>li_V>face_C>ri_V,4,LR-P1-N3,GP,boot,300,,,False,,,,,,,,,True
fing_x_face,6,0.01,face_G>li_V>face_C>ri_V,4,NLS-N2,GP,boot,300,,,False,,,,,,,,,True
fing_x_face,6,0.01,face_G>li_V>face_C>ri_V,4,DE-N2,GP,boot,300,,,False,,,,,,,,,True
fing_x_face,6,0.01,face_G>li_V>face_C>ri_V,4,MAXMONO-K3,GP,boot,300,,,False,,,,,,,,,True
fing_x_face,6,0.01,face_G>li_V>face_C>ri_V,4,MONO-cont,GP,boot,300,,,False,,,,,,,,,True
fing_x_face,6,0.01,face_G>li_V>face_C>ri_V,4,S1-Marcialis,rule,boot,300,,,True,0.006967695231200797,0.007751937984496124,0.006195564335099219,0.003861003861003861,1.4478764478764479,2.4614049265212055,"[[75.94683074951172, 65.9372329711914], [35.000003814697266, 4.0], [0.6950200796127319, 0.5201699733734131], 17.0]",0.027248859405517578,
fing_x_face,6,0.01,face_G>li_V>face_C>ri_V,4,S2-Symmetric,rule,boot,300,,,True,0.006967695231200797,0.007751937984496124,0.006195564335099219,0.003861003861003861,1.4478764478764479,2.4614049265212055,"[[75.94683074951172, 65.9372329711914], [35.000003814697266, 4.0], [0.6950200796127319, 0.5201699733734131], 17.0]",0.09495663642883301,
fing_x_face,6,0.01,face_G>li_V>face_C>ri_V,4,S3-SPRT,rule,boot,300,,,True,0.007525714113353241,0.011627906976744186,0.007707042590763521,0.007722007722007722,1.3552123552123552,1.651806291341175,"[[5.69760963230602, -3.5091428000324654], [5.69760963230602, -3.5091428000324654], [5.69760963230602, -3.5091428000324654], -4.29974252007537]",0.24511051177978516,
fing_x_face,6,0.01,face_G>li_V>face_C>ri_V,4,S4-Direct,rule,boot,300,,,True,0.007420142973486562,0.007751937984496124,0.006524797222471641,0.003861003861003861,1.2355212355212355,2.6116997396067165,"[[74.68309020996094, 63.86409378051758], [25.000001907348633, 6.000000476837158], [0.6353700757026672, 0.5307600498199463], 18.0]",1.199418306350708,
fing_x_face,6,0.01,face_G>li_V>ri_V>face_C,4,HYP,GP,boot,300,,,False,,,,,,,,,True
fing_x_face,6,0.01,face_G>li_V>ri_V>face_C,4,MONO,GP,boot,300,,,False,,,,,,,,,True
fing_x_face,6,0.01,face_G>li_V>ri_V>face_C,4,MONO-rel,GP,boot,300,0.03707993498742374,0.03626612437371128,True,0.007993243447048532,0.007751937984496124,0.010475591870940708,0.003861003861003861,1.1428571428571428,2.236239561820957,"[[73.89592742919922, 65.94686126708984], [23.000001907348633, 4.000000476837158], [25.000001907348633, 6.000000476837158], 0.677869975566864]",0.08783173561096191,
fing_x_face,6,0.01,face_G>li_V>ri_V>face_C,4,LR-P1-N2,GP,boot,300,,,False,,,,,,,,,True
fing_x_face,6,0.01,face_G>li_V>ri_V>face_C,4,LR-P1-N2-rel,GP,boot,300,0.037142908743910553,0.036311310219887316,True,0.007993243447048532,0.007751937984496124,0.010475591870940708,0.003861003861003861,1.1428571428571428,2.236239561820957,"[[73.89592742919922, 65.94686126708984], [23.000001907348633, 4.000000476837158], [25.000001907348633, 6.000000476837158], 0.677869975566864]",0.09195065498352051,
fing_x_face,6,0.01,face_G>li_V>ri_V>face_C,4,LR-P2-N2,GP,boot,300,,,False,,,,,,,,,True
fing_x_face,6,0.01,face_G>li_V>ri_V>face_C,4,LR-P2-N2-rel,GP,boot,300,,,False,,,,,,,,,True
fing_x_face,6,0.01,face_G>li_V>ri_V>face_C,4,LR-P1-N3,GP,boot,300,,,False,,,,,,,,,True
fing_x_face,6,0.01,face_G>li_V>ri_V>face_C,4,NLS-N2,GP,boot,300,,,False,,,,,,,,,True
fing_x_face,6,0.01,face_G>li_V>ri_V>face_C,4,DE-N2,GP,boot,300,,,False,,,,,,,,,True
fing_x_face,6,0.01,face_G>li_V>ri_V>face_C,4,MAXMONO-K3,GP,boot,300,0.07538954295107998,0.0693613739028946,True,0.00793291708141043,0.007751937984496124,0.010355870820987101,0.003861003861003861,1.1505791505791505,2.0623447367633414,"[[73.97071838378906, 65.94686126708984], [22.000001907348633, 4.000000476837158], [23.000001907348633, 10.000000953674316], 0.6537500023841858]",0.13006925582885742,
fing_x_face,6,0.01,face_G>li_V>ri_V>face_C,4,MONO-cont,GP,boot,300,,,False,,,,,,,,,True
fing_x_face,6,0.01,face_G>li_V>ri_V>face_C,4,S1-Marcialis,rule,boot,300,,,True,0.007073266371067475,0.003875968992248062,0.006195564335099219,0.007722007722007722,1.4285714285714286,2.621307353865493,"[[75.94683074951172, 65.9372329711914], [35.000003814697266, 4.0], [37.000003814697266, 0.0], 0.6175000071525574]",0.026752948760986328,
fing_x_face,6,0.01,face_G>li_V>ri_V>face_C,4,S2-Symmetric,rule,boot,300,,,True,0.007073266371067475,0.003875968992248062,0.006195564335099219,0.007722007722007722,1.4285714285714286,2.621307353865493,"[[75.94683074951172, 65.9372329711914], [35.000003814697266, 4.0], [37.000003814697266, 0.0], 0.6175000071525574]",0.07470035552978516,
fing_x_face,6,0.01,face_G>li_V>ri_V>face_C,4,S3-SPRT,rule,boot,300,,,True,0.007947998672819956,0.011627906976744186,0.008814462302834395,0.007722007722007722,1.3474903474903475,1.64056747777678,"[[5.69760963230602, -3.5091428000324654], [5.69760963230602, -3.5091428000324654], [5.69760963230602, -3.5091428000324654], -6.538998932877705]",0.2214336395263672,
fing_x_face,6,0.01,face_G>li_V>ri_V>face_C,4,S4-Direct,rule,boot,300,,,True,0.007736856393086598,0.0,0.00754242614707731,0.003861003861003861,1.2625482625482625,2.622384843315076,"[[74.68309020996094, 63.86409378051758], [35.000003814697266, 6.000000476837158], [22.000001907348633, 6.000000476837158], 0.6063699722290039]",1.1277036666870117,
fing_x_face,6,0.01,face_G>ri_V>face_C>li_V,4,HYP,GP,boot,300,,,False,,,,,,,,,True
fing_x_face,6,0.01,face_G>ri_V>face_C>li_V,4,MONO,GP,boot,300,,,False,,,,,,,,,True
fing_x_face,6,0.01,face_G>ri_V>face_C>li_V,4,MONO-rel,GP,boot,300,,,False,,,,,,,,,True
fing_x_face,6,0.01,face_G>ri_V>face_C>li_V,4,LR-P1-N2,GP,boot,300,,,False,,,,,,,,,True
fing_x_face,6,0.01,face_G>ri_V>face_C>li_V,4,LR-P1-N2-rel,GP,boot,300,,,False,,,,,,,,,True
fing_x_face,6,0.01,face_G>ri_V>face_C>li_V,4,LR-P2-N2,GP,boot,300,,,False,,,,,,,,,True
fing_x_face,6,0.01,face_G>ri_V>face_C>li_V,4,LR-P2-N2-rel,GP,boot,300,,,False,,,,,,,,,True
fing_x_face,6,0.01,face_G>ri_V>face_C>li_V,4,LR-P1-N3,GP,boot,300,,,False,,,,,,,,,True
fing_x_face,6,0.01,face_G>ri_V>face_C>li_V,4,NLS-N2,GP,boot,300,,,False,,,,,,,,,True
fing_x_face,6,0.01,face_G>ri_V>face_C>li_V,4,DE-N2,GP,boot,300,,,False,,,,,,,,,True
fing_x_face,6,0.01,face_G>ri_V>face_C>li_V,4,MAXMONO-K3,GP,boot,300,,,False,,,,,,,,,True
fing_x_face,6,0.01,face_G>ri_V>face_C>li_V,4,MONO-cont,GP,boot,300,,,False,,,,,,,,,True
fing_x_face,6,0.01,face_G>ri_V>face_C>li_V,4,S1-Marcialis,rule,boot,300,,,True,0.006862124091334117,0.011627906976744186,0.006180599203855018,0.007722007722007722,1.4247104247104247,2.4934003771213074,"[[75.94683074951172, 65.9372329711914], [37.000003814697266, 0.0], [0.6950200796127319, 0.5201699733734131], 17.0]",0.03786659240722656,
fing_x_face,6,0.01,face_G>ri_V>face_C>li_V,4,S2-Symmetric,rule,boot,300,,,True,0.007540795704762767,0.007751937984496124,0.009128730058962618,0.007722007722007722,1.1891891891891893,2.4411421388165575,"[[74.14479064941406, 65.97827911376953], [37.000003814697266, 0.0], [0.6950200796127319, 0.5201699733734131], 19.0]",0.1264801025390625,
fing_x_face,6,0.01,face_G>ri_V>face_C>li_V,4,S3-SPRT,rule,boot,300,,,True,0.007269327059391307,0.003875968992248062,0.007722007722007722,0.007722007722007722,1.3204633204633205,1.6186136302415373,"[[5.69760963230602, -3.5091428000324654], [5.69760963230602, -3.5091428000324654], [5.69760963230602, -3.5091428000324654], -4.4195577965840105]",0.2544279098510742,
fing_x_face,6,0.01,face_G>ri_V>face_C>li_V,4,S4-Direct,rule,boot,300,,,True,0.007435224564896088,0.0,0.006285355122564425,0.0,1.359073359073359,2.337643291131663,"[[75.94683074951172, 63.86409378051758], [22.000001907348633, 6.000000476837158], [0.6950200796127319, 0.6059900522232056], 7.0]",1.0756042003631592,
fing_x_face,6,0.01,face_G>ri_V>li_V>face_C,4,HYP,GP,boot,300,,,False,,,,,,,,,True
fing_x_face,6,0.01,face_G>ri_V>li_V>face_C,4,MONO,GP,boot,300,,,False,,,,,,,,,True
fing_x_face,6,0.01,face_G>ri_V>li_V>face_C,4,MONO-rel,GP,boot,300,0.03447408866002661,0.033733867169855644,True,0.007947998672819956,0.007751937984496124,0.01064020831462692,0.003861003861003861,1.1428571428571428,2.3643859806650505,"[[73.93233489990234, 65.94686126708984], [22.000001907348633, -Infinity], [25.000001907348633, 6.000000476837158], 0.6691399812698364]",0.09356188774108887,
fing_x_face,6,0.01,face_G>ri_V>li_V>face_C,4,LR-P1-N2,GP,boot,300,,,False,,,,,,,,,True
fing_x_face,6,0.01,face_G>ri_V>li_V>face_C,4,LR-P1-N2-rel,GP,boot,300,0.03455294925272785,0.033801755123077794,True,0.007947998672819956,0.007751937984496124,0.01064020831462692,0.003861003861003861,1.1428571428571428,2.3643859806650505,"[[73.93233489990234, 65.94686126708984], [22.000001907348633, -Infinity], [25.000001907348633, 6.000000476837158], 0.6691399812698364]",0.09120440483093262,
fing_x_face,6,0.01,face_G>ri_V>li_V>face_C,4,LR-P2-N2,GP,boot,300,,,False,,,,,,,,,True
fing_x_face,6,0.01,face_G>ri_V>li_V>face_C,4,LR-P2-N2-rel,GP,boot,300,0.03274671499905606,0.03220286255738569,True,0.008023406629867584,0.007751937984496124,0.010131393852324085,0.007722007722007722,1.1428571428571428,2.287091077788752,"[[74.01200103759766, 65.94686126708984], [22.000001907348633, -Infinity], [23.000001907348633, 7.000000476837158], 0.6404500007629395]",0.1161644458770752,
fing_x_face,6,0.01,face_G>ri_V>li_V>face_C,4,LR-P1-N3,GP,boot,300,,,False,,,,,,,,,True
fing_x_face,6,0.01,face_G>ri_V>li_V>face_C,4,NLS-N2,GP,boot,300,,,False,,,,,,,,,True
fing_x_face,6,0.01,face_G>ri_V>li_V>face_C,4,DE-N2,GP,boot,300,,,False,,,,,,,,,True
fing_x_face,6,0.01,face_G>ri_V>li_V>face_C,4,MAXMONO-K3,GP,boot,300,0.06904529701830978,0.06544338824888135,True,0.007993243447048532,0.011627906976744186,0.009787195833707461,0.007722007722007722,1.1544401544401544,2.1525096525096523,"[[74.05801391601562, 65.94686126708984], [20.000001907348633, -Infinity], [25.000001907348633, 10.000000953674316], 0.6426600217819214]",0.17920351028442383,
fing_x_face,6,0.01,face_G>ri_V>li_V>face_C,4,MONO-cont,GP,boot,300,,,False,,,,,,,,,True
fing_x_face,6,0.01,face_G>ri_V>li_V>face_C,4,S1-Marcialis,rule,boot,300,,,True,0.007073266371067475,0.003875968992248062,0.006195564335099219,0.007722007722007722,1.416988416988417,2.6402981054143844,"[[75.94683074951172, 65.9372329711914], [37.000003814697266, 0.0], [35.000003814697266, 4.0], 0.6175000071525574]",0.03510761260986328,
fing_x_face,6,0.01,face_G>ri_V>li_V>face_C,4,S2-Symmetric,rule,boot,300,,,True,0.007073266371067475,0.003875968992248062,0.006195564335099219,0.007722007722007722,1.416988416988417,2.6402981054143844,"[[75.94683074951172, 65.9372329711914], [37.000003814697266, 0.0], [35.000003814697266, 4.0], 0.6175000071525574]",0.09090781211853027,
fing_x_face,6,0.01,face_G>ri_V>li_V>face_C,4,S3-SPRT,rule,boot,300,,,True,0.007902753898591379,0.007751937984496124,0.0088743228278112,0.007722007722007722,1.3243243243243243,1.6131363922061597,"[[5.69760963230602, -3.5091428000324654], [5.69760963230602, -3.5091428000324654], [5.69760963230602, -3.5091428000324654], -6.595383833398516]",0.21225953102111816,
fing_x_face,6,0.01,face_G>ri_V>li_V>face_C,4,S4-Direct,rule,boot,300,,,True,0.007963080264229481,0.0,0.00784172877196133,0.007722007722007722,1.2355212355212355,2.511178953039418,"[[74.68309020996094, 63.86409378051758], [22.000001907348633, 6.000000476837158], [22.000001907348633, 7.000000476837158], 0.6074000000953674]",1.0912988185882568,
fing_x_face,6,0.01,li_V>face_C>face_G>ri_V,4,HYP,GP,boot,300,,,False,,,,,,,,,
fing_x_face,6,0.01,li_V>face_C>face_G>ri_V,4,MONO,GP,boot,300,0.07686669003257497,0.07482825847744494,True,0.008053569812686635,0.007751937984496124,0.007722007722007722,0.0,1.1544401544401544,2.7119361886803746,"[[19.000001907348633, 4.000000476837158], [0.637190043926239, 0.5204200744628906], [74.87918090820312, 65.94686126708984], 27.0]",0.10187315940856934,
fing_x_face,6,0.01,li_V>face_C>face_G>ri_V,4,MONO-rel,GP,boot,300,,,False,,,,,,,,,True
fing_x_face,6,0.01,li_V>face_C>face_G>ri_V,4,LR-P1-N2,GP,boot,300,0.0766697406045621,0.07474626162966377,True,0.008083732995505686,0.007751937984496124,0.007572356409565712,0.0,1.1544401544401544,2.711876328155398,"[[19.000001907348633, 4.000000476837158], [0.6368100643157959, 0.5204200744628906], [74.87918090820312, 65.94686126708984], 29.0]",0.10014081001281738,
fing_x_face,6,0.01,li_V>face_C>face_G>ri_V,4,LR-P1-N2-rel,GP,boot,300,,,False,,,,,,,,,True
fing_x_face,6,0.01,li_V>face_C>face_G>ri_V,4,LR-P2-N2,GP,boot,300,0.07684009331276481,0.07326913866541424,True,0.007570958887581818,0.007751937984496124,0.007452635359612104,0.0,1.1544401544401544,2.7125048636676543,"[[19.000001907348633, 4.000000476837158], [0.6396500468254089, 0.5204200744628906], [74.981201171875, 65.94686126708984], 25.000001907348633]",0.10221481323242188,
fing_x_face,6,0.01,li_V>face_C>face_G>ri_V,4,LR-P2-N2-rel,GP,boot,300,0.04963884228864935,0.05175833159721674,True,0.007721774801677073,0.007751937984496124,0.0076022866720541135,0.0,1.1583011583011582,2.714031307054563,"[[20.000001907348633, 4.000000476837158], [0.6374000310897827, 0.5204200744628906], [74.65007781982422, 65.94686126708984], 23.000001907348633]",0.12385082244873047,
fing_x_face,6,0.01,li_V>face_C>face_G>ri_V,4,LR-P1-N3,GP,boot,300,0.07666974060098866,0.07474626162794736,True,0.008083732995505686,0.007751937984496124,0.007572356409565712,0.0,1.1544401544401544,2.711876328155398,"[[19.000001907348633, 4.000000476837158], [0.6368100643157959, 0.5204200744628906], [74.87918090820312, 65.94686126708984], 29.0]",0.14052677154541016,
fing_x_face,6,0.01,li_V>face_C>face_G>ri_V,4,NLS-N2,GP,boot,300,,,False,,,,,,,,,True
fing_x_face,6,0.01,li_V>face_C>face_G>ri_V,4,DE-N2,GP,boot,300,0.07587083736275496,0.07400753397022736,True,0.008083732995505686,0.007751937984496124,0.007572356409565712,0.0,1.1544401544401544,2.711876328155398,"[[19.000001907348633, 4.000000476837158], [0.6368100643157959, 0.5204200744628906], [74.87918090820312, 65.94686126708984], 29.0]",0.11588096618652344,
fing_x_face,6,0.01,li_V>face_C>face_G>ri_V,4,MAXMONO-K3,GP,boot,300,0.10947918614420438,0.104963211845811,True,0.007691611618858022,0.007751937984496124,0.007422705097123701,0.0,1.1583011583011582,2.486501451617731,"[[20.000001907348633, 4.000000476837158], [0.6335400342941284, 0.5204200744628906], [74.84854125976562, 71.6184310913086], 19.000001907348633]",0.11990046501159668,
fing_x_face,6,0.01,li_V>face_C>face_G>ri_V,4,MONO-cont,GP,boot,300,0.0758605732346937,0.07399757607736962,True,0.008083732995505686,0.007751937984496124,0.007572356409565712,0.0,1.1544401544401544,2.711876328155398,"[[19.000001907348633, 4.000000476837158], [0.6368100643157959, 0.5204200744628906], [74.87918090820312, 65.94686126708984], 29.0]",0.11583423614501953,
fing_x_face,6,0.01,li_V>face_C>face_G>ri_V,4,S1-Marcialis,rule,boot,300,,,True,0.006967695231200797,0.007751937984496124,0.006195564335099219,0.0,1.3706563706563706,2.9440453742779322,"[[35.000003814697266, 4.0], [0.6950200796127319, 0.5201699733734131], [75.94683074951172, 65.9372329711914], 17.0]",0.023845911026000977,
fing_x_face,6,0.01,li_V>face_C>face_G>ri_V,4,S2-Symmetric,rule,boot,300,,,True,0.006967695231200797,0.007751937984496124,0.006195564335099219,0.0,1.3706563706563706,2.9440453742779322,"[[35.000003814697266, 4.0], [0.6950200796127319, 0.5201699733734131], [75.94683074951172, 65.9372329711914], 17.0]",0.08235335350036621,
fing_x_face,6,0.01,li_V>face_C>face_G>ri_V,4,S3-SPRT,rule,boot,300,,,True,0.007540795704762767,0.003875968992248062,0.007362844572146898,0.003861003861003861,1.250965250965251,2.0866331447726796,"[[4.802019763735765, -3.586743437579266], [4.802019763735765, -3.586743437579266], [4.802019763735765, -3.586743437579266], -4.283102920536329]",0.21022987365722656,
fing_x_face,6,0.01,li_V>face_C>face_G>ri_V,4,S4-Direct,rule,boot,300,,,True,0.0073748981992579855,0.011627906976744186,0.007078507078507079,0.0,1.196911196911197,2.5108197898895575,"[[25.000001907348633, 4.000000476837158], [0.6353700757026672, 0.5307600498199463], [74.39990997314453, 66.22789764404297], 19.0]",1.1825945377349854,
fing_x_face,6,0.01,li_V>face_C>ri_V>face_G,4,HYP,GP,boot,300,,,False,,,,,,,,,
fing_x_face,6,0.01,li_V>face_C>ri_V>face_G,4,MONO,GP,boot,300,0.07663478410532741,0.07471828642857022,True,0.008083732995505686,0.007751937984496124,0.007946484690670738,0.0,1.1583011583011582,2.917572057106941,"[[19.000001907348633, 4.000000476837158], [0.6384900808334351, 0.5204200744628906], [25.000001907348633, -Infinity], 74.8791732788086]",0.10115456581115723,
fing_x_face,6,0.01,li_V>face_C>ri_V>face_G,4,MONO-rel,GP,boot,300,0.05283942920584417,0.05358389271217464,True,0.008008325038458058,0.007751937984496124,0.007736972853251923,0.0,1.1583011583011582,2.742390230762324,"[[19.000001907348633, 4.000000476837158], [0.6380500793457031, 0.5204200744628906], [25.000001907348633, 5.000000476837158], 74.8791732788086]",0.09690546989440918,
fing_x_face,6,0.01,li_V>face_C>ri_V>face_G,4,LR-P1-N2,GP,boot,300,0.07642048137140182,0.07461452143627104,True,0.008053569812686635,0.007751937984496124,0.007961449821914938,0.0,1.1583011583011582,2.917512196581964,"[[19.000001907348633, 4.000000476837158], [0.6383800506591797, 0.5204200744628906], [25.000001907348633, -Infinity], 74.90482330322266]",0.08925175666809082,
fing_x_face,6,0.01,li_V>face_C>ri_V>face_G,4,LR-P1-N2-rel,GP,boot,300,0.05283626956934473,0.05357849177651139,True,0.008008325038458058,0.007751937984496124,0.007736972853251923,0.0,1.1583011583011582,2.742390230762324,"[[19.000001907348633, 4.000000476837158], [0.6380500793457031, 0.5204200744628906], [25.000001907348633, 5.000000476837158], 74.8791732788086]",0.11198854446411133,
fing_x_face,6,0.01,li_V>face_C>ri_V>face_G,4,LR-P2-N2,GP,boot,300,0.07604013675998333,0.07300107033091718,True,0.0073748981992579855,0.007751937984496124,0.0076022866720541135,0.0,1.1583011583011582,2.9182903834066627,"[[19.000001907348633, 4.000000476837158], [0.6433100700378418, 0.5204200744628906], [25.000001907348633, -Infinity], 74.90623474121094]",0.08129739761352539,
fing_x_face,6,0.01,li_V>face_C>ri_V>face_G,4,LR-P2-N2-rel,GP,boot,300,0.049519303761050584,0.05157763771888402,True,0.007586040478991343,0.007751937984496124,0.0076022866720541135,0.0,1.166023166023166,2.5755589476519707,"[[20.000001907348633, 4.000000476837158], [0.637190043926239, 0.5204200744628906], [24.000001907348633, 7.000000476837158], 74.228759765625]",0.08280777931213379,
fing_x_face,6,0.01,li_V>face_C>ri_V>face_G,4,LR-P1-N3,GP,boot,300,0.07642048136789288,0.07461452143455576,True,0.008053569812686635,0.007751937984496124,0.007961449821914938,0.0,1.1583011583011582,2.917512196581964,"[[19.000001907348633, 4.000000476837158], [0.6383800506591797, 0.5204200744628906], [25.000001907348633, -Infinity], 74.90482330322266]",0.10544610023498535,
fing_x_face,6,0.01,li_V>face_C>ri_V>face_G,4,NLS-N2,GP,boot,300,0.0714824174420731,0.07020817314587417,True,0.008023406629867584,0.007751937984496124,0.007811798509472928,0.0,1.1583011583011582,2.917512196581964,"[[19.000001907348633, 4.000000476837158], [0.6383500695228577, 0.5204200744628906], [25.000001907348633, -Infinity], 74.94386291503906]",0.12101435661315918,
fing_x_face,6,0.01,li_V>face_C>ri_V>face_G,4,DE-N2,GP,boot,300,0.07561865972185758,0.07387343963229541,True,0.008053569812686635,0.007751937984496124,0.007961449821914938,0.0,1.1583011583011582,2.917512196581964,"[[19.000001907348633, 4.000000476837158], [0.6383800506591797, 0.5204200744628906], [25.000001907348633, -Infinity], 74.90482330322266]",0.0866537094116211,
fing_x_face,6,0.01,li_V>face_C>ri_V>face_G,4,MAXMONO-K3,GP,boot,300,0.10888731290299083,0.10493544437537958,True,0.007435224564896088,0.007751937984496124,0.0068240998473556615,0.0,1.1583011583011582,2.432028373888839,"[[20.000001907348633, 4.000000476837158], [0.6342700719833374, 0.5204200744628906], [24.000001907348633, 11.000000953674316], 74.05801391601562]",0.1172635555267334,
fing_x_face,6,0.01,li_V>face_C>ri_V>face_G,4,MONO-cont,GP,boot,300,0.07560842223555815,0.07386347468353797,True,0.008053569812686635,0.007751937984496124,0.007961449821914938,0.0,1.1583011583011582,2.917512196581964,"[[19.000001907348633, 4.000000476837158], [0.6383800506591797, 0.5204200744628906], [25.000001907348633, -Infinity], 74.90482330322266]",0.11875414848327637,
fing_x_face,6,0.01,li_V>face_C>ri_V>face_G,4,S1-Marcialis,rule,boot,300,,,True,0.0078122643501342265,0.003875968992248062,0.010924545808266739,0.0,1.3474903474903475,3.175346442788303,"[[35.000003814697266, 4.0], [0.6950200796127319, 0.5201699733734131], [37.000003814697266, 0.0], 73.77935028076172]",0.0335392951965332,
fing_x_face,6,0.01,li_V>face_C>ri_V>face_G,4,S2-Symmetric,rule,boot,300,,,True,0.0078122643501342265,0.003875968992248062,0.010924545808266739,0.0,1.3474903474903475,3.175346442788303,"[[35.000003814697266, 4.0], [0.6950200796127319, 0.5201699733734131], [37.000003814697266, 0.0], 73.77935028076172]",0.07491350173950195,
fing_x_face,6,0.01,li_V>face_C>ri_V>face_G,4,S3-SPRT,rule,boot,300,,,True,0.007570958887581818,0.0,0.005986052497680405,0.003861003861003861,1.250965250965251,2.0748256562210052,"[[4.802019763735765, -3.586743437579266], [4.802019763735765, -3.586743437579266], [4.802019763735765, -3.586743437579266], -5.708462662024644]",0.21854090690612793,
fing_x_face,6,0.01,li_V>face_C>ri_V>face_G,4,S4-Direct,rule,boot,300,,,True,0.007842427532953278,0.003875968992248062,0.006075843285145611,0.003861003861003861,1.2007722007722008,2.2860734488641463,"[[25.000001907348633, 4.000000476837158], [0.6353700757026672, 0.5307600498199463], [37.000003814697266, 16.000001907348633], 66.23211669921875]",1.3213632106781006,
fing_x_face,6,0.01,li_V>face_G>face_C>ri_V,4,HYP,GP,boot,300,,,False,,,,,,,,,
fing_x_face,6,0.01,li_V>face_G>face_C>ri_V,4,MONO,GP,boot,300,0.07858882268090743,0.07576797227205345,True,0.007661448436038971,0.007751937984496124,0.00797641495315914,0.0,1.1505791505791505,2.646822902636856,"[[19.000001907348633, 4.000000476837158], [74.63304138183594, 65.94686126708984], [0.648870050907135, 0.5204200744628906], 25.000001907348633]",0.10882019996643066,
fing_x_face,6,0.01,li_V>face_G>face_C>ri_V,4,MONO-rel,GP,boot,300,0.05497169085537671,0.05535865415212628,True,0.007917835490000904,0.007751937984496124,0.008200891921822155,0.0,1.1505791505791505,2.646882763161833,"[[19.000001907348633, 4.000000476837158], [74.67701721191406, 65.94686126708984], [0.6434600353240967, 0.5204200744628906], 25.0]",0.11388325691223145,
fing_x_face,6,0.01,li_V>face_G>face_C>ri_V,4,LR-P1-N2,GP,boot,300,0.0786451432450204,0.07580464568131877,True,0.00763128525321992,0.007751937984496124,0.007931519559426536,0.0,1.1505791505791505,2.64694262368681,"[[19.000001907348633, 4.000000476837158], [74.65023803710938, 65.94686126708984], [0.6482500433921814, 0.5204200744628906], 25.000001907348633]",0.10901832580566406,
fing_x_face,6,0.01,li_V>face_G>face_C>ri_V,4,LR-P1-N2-rel,GP,boot,300,0.05497821054594768,0.05536646993620595,True,0.007902753898591379,0.007751937984496124,0.008200891921822155,0.0,1.1505791505791505,2.646882763161833,"[[19.000001907348633, 4.000000476837158], [74.67791748046875, 65.94686126708984], [0.6434600353240967, 0.5204200744628906], 25.0]",0.10419034957885742,
fing_x_face,6,0.01,li_V>face_G>face_C>ri_V,4,LR-P2-N2,GP,boot,300,0.07898438165328389,0.07449704668549431,True,0.007254245467981781,0.007751937984496124,0.007662147197030918,0.0,1.1505791505791505,2.647286821705426,"[[19.000001907348633, 4.000000476837158], [74.6826171875, 65.94686126708984], [0.6557100415229797, 0.5204200744628906], 25.000001907348633]",0.10406756401062012,
fing_x_face,6,0.01,li_V>face_G>face_C>ri_V,4,LR-P2-N2-rel,GP,boot,300,0.05286374613175147,0.05464708100810453,True,0.008128977769734263,0.007751937984496124,0.008230822184310557,0.0,1.1505791505791505,2.6466882164556584,"[[19.000001907348633, 4.000000476837158], [74.66767120361328, 65.94686126708984], [0.6413900852203369, 0.5204200744628906], 26.0]",0.11291050910949707,
fing_x_face,6,0.01,li_V>face_G>face_C>ri_V,4,LR-P1-N3,GP,boot,300,0.07864514324442083,0.0758046456811236,True,0.00763128525321992,0.007751937984496124,0.007931519559426536,0.0,1.1505791505791505,2.64694262368681,"[[19.000001907348633, 4.000000476837158], [74.65023803710938, 65.94686126708984], [0.6482500433921814, 0.5204200744628906], 25.000001907348633]",0.12345218658447266,
fing_x_face,6,0.01,li_V>face_G>face_C>ri_V,4,NLS-N2,GP,boot,300,0.07353527017312798,0.07134401263086496,True,0.007887672307181855,0.007751937984496124,0.008200891921822155,0.0,1.1505791505791505,2.646733111849391,"[[19.000001907348633, 4.000000476837158], [74.63304138183594, 65.94686126708984], [0.6464200615882874, 0.5204200744628906], 25.0]",0.12539196014404297,
fing_x_face,6,0.01,li_V>face_G>face_C>ri_V,4,DE-N2,GP,boot,300,0.07787434156845065,0.07509052962618985,True,0.007616203661810394,0.007751937984496124,0.007916554428182334,0.0,1.1505791505791505,2.6469725539492983,"[[19.000001907348633, 4.000000476837158], [74.65371704101562, 65.94686126708984], [0.6482500433921814, 0.5204200744628906], 25.000001907348633]",0.13045072555541992,
fing_x_face,6,0.01,li_V>face_G>face_C>ri_V,4,MAXMONO-K3,GP,boot,300,0.11099270285051442,0.10575600758925235,True,0.008159140952553313,0.011627906976744186,0.00844033402172937,0.0,1.1505791505791505,2.399284666726527,"[[19.000001907348633, 4.000000476837158], [74.5565185546875, 65.94686126708984], [0.6431100368499756, 0.5677200555801392], 25.0]",0.14366626739501953,
fing_x_face,6,0.01,li_V>face_G>face_C>ri_V,4,MONO-cont,GP,boot,300,0.07786268844132407,0.07507997331918799,True,0.007616203661810394,0.007751937984496124,0.007916554428182334,0.0,1.1505791505791505,2.6469725539492983,"[[19.000001907348633, 4.000000476837158], [74.65371704101562, 65.94686126708984], [0.6482500433921814, 0.5204200744628906], 25.000001907348633]",0.09923720359802246,
fing_x_face,6,0.01,li_V>face_G>face_C>ri_V,4,S1-Marcialis,rule,boot,300,,,True,0.006967695231200797,0.007751937984496124,0.006195564335099219,0.0,1.3745173745173744,2.8726467331118495,"[[35.000003814697266, 4.0], [75.94683074951172, 65.9372329711914], [0.6950200796127319, 0.5201699733734131], 17.0]",0.02567768096923828,
fing_x_face,6,0.01,li_V>face_G>face_C>ri_V,4,S2-Symmetric,rule,boot,300,,,True,0.006967695231200797,0.007751937984496124,0.006195564335099219,0.0,1.3745173745173744,2.8726467331118495,"[[35.000003814697266, 4.0], [75.94683074951172, 65.9372329711914], [0.6950200796127319, 0.5201699733734131], 17.0]",0.08842277526855469,
fing_x_face,6,0.01,li_V>face_G>face_C>ri_V,4,S3-SPRT,rule,boot,300,,,True,0.007570958887581818,0.007751937984496124,0.007677112328275119,0.003861003861003861,1.2625482625482625,2.1083774804705038,"[[4.802019763735765, -3.586743437579266], [4.802019763735765, -3.586743437579266], [4.802019763735765, -3.586743437579266], -4.231922866241166]",0.24715566635131836,
fing_x_face,6,0.01,li_V>face_G>face_C>ri_V,4,S4-Direct,rule,boot,300,,,True,0.007510632521943715,0.011627906976744186,0.007123402472239681,0.0,1.2007722007722008,2.4820418425069586,"[[25.000001907348633, 4.000000476837158], [74.39990997314453, 66.22789764404297], [0.6353700757026672, 0.5307600498199463], 19.0]",1.2390251159667969,
fing_x_face,6,0.01,li_V>face_G>ri_V>face_C,4,HYP,GP,boot,300,,,False,,,,,,,,,
fing_x_face,6,0.01,li_V>face_G>ri_V>face_C,4,MONO,GP,boot,300,0.07863275479179649,0.07575975081001182,True,0.007661448436038971,0.007751937984496124,0.008021310346891743,0.0,1.1583011583011582,2.787584927119811,"[[19.000001907348633, 4.000000476837158], [74.62125396728516, 65.94686126708984], [26.000001907348633, -Infinity], 0.6478800773620605]",0.1051785945892334,
fing_x_face,6,0.01,li_V>face_G>ri_V>face_C,4,MONO-rel,GP,boot,300,0.05533624672621381,0.05554900875661652,True,0.00803848822127711,0.007751937984496124,0.008425368890485169,0.0,1.1583011583011582,2.553096285654425,"[[19.000001907348633, 4.000000476837158], [74.59772491455078, 65.94686126708984], [25.000001907348633, 6.000000476837158], 0.6394700407981873]",0.09616613388061523,
fing_x_face,6,0.01,li_V>face_G>ri_V>face_C,4,LR-P1-N2,GP,boot,300,0.07871155959530916,0.07580348626043504,True,0.007646366844629445,0.007751937984496124,0.007961449821914938,0.0,1.1583011583011582,2.7877345784322527,"[[19.000001907348633, 4.000000476837158], [74.63304138183594, 65.94686126708984], [26.000001907348633, -Infinity], 0.6471100449562073]",0.10251641273498535,
fing_x_face,6,0.01,li_V>face_G>ri_V>face_C,4,LR-P1-N2-rel,GP,boot,300,0.05534411507498765,0.05555284612973461,True,0.00803848822127711,0.007751937984496124,0.008425368890485169,0.0,1.1583011583011582,2.553096285654425,"[[19.000001907348633, 4.000000476837158], [74.59772491455078, 65.94686126708984], [25.000001907348633, 6.000000476837158], 0.6394700407981873]",0.09151911735534668,
fing_x_face,6,0.01,li_V>face_G>ri_V>face_C,4,LR-P2-N2,GP,boot,300,0.07851705508658816,0.07434882412551123,True,0.00705818477965795,0.007751937984496124,0.0073029840471700936,0.0,1.1583011583011582,2.7886324863069047,"[[19.000001907348633, 4.000000476837158], [74.74137115478516, 65.94686126708984], [26.000001907348633, -Infinity], 0.6543500423431396]",0.08150005340576172,
fing_x_face,6,0.01,li_V>face_G>ri_V>face_C,4,LR-P2-N2-rel,GP,boot,300,0.05344468948974439,0.05489051857174368,True,0.00820438572678189,0.007751937984496124,0.008485229415461974,0.0,1.1583011583011582,2.4848403220496245,"[[19.000001907348633, 4.000000476837158], [74.58032989501953, 65.94686126708984], [25.000001907348633, 7.000000476837158], 0.6359500288963318]",0.0862267017364502,
fing_x_face,6,0.01,li_V>face_G>ri_V>face_C,4,LR-P1-N3,GP,boot,300,0.07871155959527476,0.07580348626042718,True,0.007646366844629445,0.007751937984496124,0.007961449821914938,0.0,1.1583011583011582,2.7877345784322527,"[[19.000001907348633, 4.000000476837158], [74.63304138183594, 65.94686126708984], [26.000001907348633, -Infinity], 0.6471100449562073]",0.08671188354492188,
fing_x_face,6,0.01,li_V>face_G>ri_V>face_C,4,NLS-N2,GP,boot,300,0.0736185297324141,0.0713502089328293,True,0.007872590715772329,0.007751937984496124,0.008305647840531562,0.0,1.1583011583011582,2.7873454850199035,"[[19.000001907348633, 4.000000476837158], [74.6123046875, 65.94686126708984], [25.000001907348633, -Infinity], 0.6459400653839111]",0.08664512634277344,
fing_x_face,6,0.01,li_V>face_G>ri_V>face_C,4,DE-N2,GP,boot,300,0.07794235193506203,0.07509020395328651,True,0.00763128525321992,0.007751937984496124,0.007916554428182334,0.0,1.1583011583011582,2.787824369219718,"[[19.000001907348633, 4.000000476837158], [74.64289093017578, 65.94686126708984], [26.000001907348633, -Infinity], 0.6471100449562073]",0.08933877944946289,
fing_x_face,6,0.01,li_V>face_G>ri_V>face_C,4,MAXMONO-K3,GP,boot,300,0.1104008859515021,0.10486078001701107,True,0.008128977769734263,0.007751937984496124,0.008769566909101793,0.003861003861003861,1.1544401544401544,2.3593128011732665,"[[19.000001907348633, 4.000000476837158], [74.5565185546875, 65.94686126708984], [24.000001907348633, 11.000000953674316], 0.6219099760055542]",0.11206364631652832,
fing_x_face,6,0.01,li_V>face_G>ri_V>face_C,4,MONO-cont,GP,boot,300,0.07793049146147786,0.07507958303808991,True,0.00763128525321992,0.007751937984496124,0.007916554428182334,0.0,1.1583011583011582,2.787824369219718,"[[19.000001907348633, 4.000000476837158], [74.64289093017578, 65.94686126708984], [26.000001907348633, -Infinity], 0.6471100449562073]",0.10715270042419434,
fing_x_face,6,0.01,li_V>face_G>ri_V>face_C,4,S1-Marcialis,rule,boot,300,,,True,0.007073266371067475,0.003875968992248062,0.006195564335099219,0.003861003861003861,1.3552123552123552,3.032549160456137,"[[35.000003814697266, 4.0], [75.94683074951172, 65.9372329711914], [37.000003814697266, 0.0], 0.6175000071525574]",0.028362274169921875,
fing_x_face,6,0.01,li_V>face_G>ri_V>face_C,4,S2-Symmetric,rule,boot,300,,,True,0.007073266371067475,0.003875968992248062,0.006195564335099219,0.003861003861003861,1.3552123552123552,3.032549160456137,"[[35.000003814697266, 4.0], [75.94683074951172, 65.9372329711914], [37.000003814697266, 0.0], 0.6175000071525574]",0.07488703727722168,
fing_x_face,6,0.01,li_V>face_G>ri_V>face_C,4,S3-SPRT,rule,boot,300,,,True,0.008023406629867584,0.007751937984496124,0.008694741252880788,0.003861003861003861,1.2664092664092663,2.097467899793481,"[[4.802019763735765, -3.586743437579266], [4.802019763735765, -3.586743437579266], [4.802019763735765, -3.586743437579266], -6.029910800643806]",0.24559426307678223,
fing_x_face,6,0.01,li_V>face_G>ri_V>face_C,4,S4-Direct,rule,boot,300,,,True,0.007736856393086598,0.007751937984496124,0.008036275478135943,0.0,1.3127413127413128,2.4482954715512855,"[[35.000003814697266, 4.000000476837158], [74.39990997314453, 66.22789764404297], [22.000001907348633, 6.000000476837158], 0.6136999726295471]",1.2620201110839844,
fing_x_face,6,0.01,li_V>ri_V>face_C>face_G,4,HYP,GP,boot,300,,,False,,,,,,,,,
fing_x_face,6,0.01,li_V>ri_V>face_C>face_G,4,MONO,GP,boot,300,0.07648307206870464,0.07466122609718769,True,0.00763128525321992,0.007751937984496124,0.00814103139684535,0.0,1.2123552123552124,3.236359282870911,"[[19.000001907348633, 4.000000476837158], [24.000001907348633, -Infinity], [0.6520700454711914, 0.5204200744628906], 74.7351303100586]",0.08802676200866699,
fing_x_face,6,0.01,li_V>ri_V>face_C>face_G,4,MONO-rel,GP,boot,300,0.054282522617971805,0.05477403001111626,True,0.008144059361143787,0.007751937984496124,0.008859357696566999,0.0,1.2123552123552124,2.9558827930920955,"[[19.000001907348633, 4.000000476837158], [24.000001907348633, -Infinity], [0.6503000855445862, 0.5472500324249268], 74.55651092529297]",0.07612109184265137,
fing_x_face,6,0.01,li_V>ri_V>face_C>face_G,4,LR-P1-N2,GP,boot,300,0.0764037543901209,0.07462671249306753,True,0.007646366844629445,0.007751937984496124,0.00812606626560115,0.0,1.2123552123552124,3.2363293526084225,"[[19.000001907348633, 4.000000476837158], [24.000001907348633, -Infinity], [0.6515800356864929, 0.5204200744628906], 74.74137115478516]",0.08562278747558594,
fing_x_face,6,0.01,li_V>ri_V>face_C>face_G,4,LR-P1-N2-rel,GP,boot,300,0.054293105307656984,0.054779275673071136,True,0.008144059361143787,0.007751937984496124,0.0088743228278112,0.0,1.2123552123552124,2.9583670048786326,"[[19.000001907348633, 4.000000476837158], [24.000001907348633, -Infinity], [0.6503000855445862, 0.5469600558280945], 74.55651092529297]",0.09012222290039062,
fing_x_face,6,0.01,li_V>ri_V>face_C>face_G,4,LR-P2-N2,GP,boot,300,0.07331015563142786,0.07151715521662864,True,0.007405061382077037,0.011627906976744186,0.007826763640717129,0.0,1.2123552123552124,3.2364041782646433,"[[19.000001907348633, 4.000000476837158], [24.000001907348633, -Infinity], [0.6555600762367249, 0.5204200744628906], 74.81456756591797]",0.0955209732055664,
fing_x_face,6,0.01,li_V>ri_V>face_C>face_G,4,LR-P2-N2-rel,GP,boot,300,0.051525810815830374,0.053507427231458134,True,0.008144059361143787,0.007751937984496124,0.008784532040345993,0.0,1.2123552123552124,2.8396785489808747,"[[19.000001907348633, 4.000000476837158], [24.000001907348633, -Infinity], [0.6471100449562073, 0.5623900890350342], 74.5209732055664]",0.07488036155700684,
fing_x_face,6,0.01,li_V>ri_V>face_C>face_G,4,LR-P1-N3,GP,boot,300,0.07640375438978264,0.07462671249296791,True,0.007646366844629445,0.007751937984496124,0.00812606626560115,0.0,1.2123552123552124,3.2363293526084225,"[[19.000001907348633, 4.000000476837158], [24.000001907348633, -Infinity], [0.6515800356864929, 0.5204200744628906], 74.74137115478516]",0.08835840225219727,
fing_x_face,6,0.01,li_V>ri_V>face_C>face_G,4,NLS-N2,GP,boot,300,0.07160537689782465,0.070289199776306,True,0.0077670195759056496,0.007751937984496124,0.008380473496752567,0.0,1.2123552123552124,3.236239561820957,"[[19.000001907348633, 4.000000476837158], [24.000001907348633, -Infinity], [0.6503000855445862, 0.5204200744628906], 74.71012115478516]",0.09035778045654297,
fing_x_face,6,0.01,li_V>ri_V>face_C>face_G,4,DE-N2,GP,boot,300,0.0756132923425449,0.07389188199688429,True,0.007646366844629445,0.007751937984496124,0.00812606626560115,0.0,1.2123552123552124,3.2363293526084225,"[[19.000001907348633, 4.000000476837158], [24.000001907348633, -Infinity], [0.6515800356864929, 0.5204200744628906], 74.74137115478516]",0.0887291431427002,
fing_x_face,6,0.01,li_V>ri_V>face_C>face_G,4,MAXMONO-K3,GP,boot,300,0.10887858681935551,0.10508973137831781,True,0.007797182758724701,0.01937984496124031,0.007946484690670738,0.011583011583011582,1.193050193050193,2.252596450270869,"[[20.000001907348633, 4.000000476837158], [22.000001907348633, 7.000000476837158], [0.6378200650215149, 0.5437400341033936], 74.18037414550781]",0.1280052661895752,
fing_x_face,6,0.01,li_V>ri_V>face_C>face_G,4,MONO-cont,GP,boot,300,0.07560190917773688,0.07388133200950486,True,0.007646366844629445,0.007751937984496124,0.00812606626560115,0.0,1.2123552123552124,3.2363293526084225,"[[19.000001907348633, 4.000000476837158], [24.000001907348633, -Infinity], [0.6515800356864929, 0.5204200744628906], 74.74137115478516]",0.10307526588439941,
fing_x_face,6,0.01,li_V>ri_V>face_C>face_G,4,S1-Marcialis,rule,boot,300,,,True,0.0078122643501342265,0.003875968992248062,0.010924545808266739,0.0,1.3976833976833978,3.534180359761755,"[[35.000003814697266, 4.0], [37.000003814697266, 0.0], [0.6950200796127319, 0.5201699733734131], 73.77935028076172]",0.02720165252685547,
fing_x_face,6,0.01,li_V>ri_V>face_C>face_G,4,S2-Symmetric,rule,boot,300,,,True,0.0078122643501342265,0.003875968992248062,0.010924545808266739,0.0,1.3976833976833978,3.534180359761755,"[[35.000003814697266, 4.0], [37.000003814697266, 0.0], [0.6950200796127319, 0.5201699733734131], 73.77935028076172]",0.06028032302856445,
fing_x_face,6,0.01,li_V>ri_V>face_C>face_G,4,S3-SPRT,rule,boot,300,,,True,0.007676530027448497,0.015503875968992248,0.006315285385052827,0.03088803088803089,1.2895752895752897,2.059546257220676,"[[4.802019763735765, -3.586743437579266], [4.802019763735765, -3.586743437579266], [4.802019763735765, -3.586743437579266], -6.455570325684061]",0.19751906394958496,
fing_x_face,6,0.01,li_V>ri_V>face_C>face_G,4,S4-Direct,rule,boot,300,,,True,0.007797182758724701,0.007751937984496124,0.00947292807757924,0.003861003861003861,1.3822393822393821,3.0807368830624644,"[[35.000003814697266, 4.000000476837158], [37.000003814697266, 3.000000238418579], [0.6353700757026672, 0.5307600498199463], 73.8204574584961]",1.300666332244873,
fing_x_face,6,0.01,li_V>ri_V>face_G>face_C,4,HYP,GP,boot,300,,,False,,,,,,,,,
fing_x_face,6,0.01,li_V>ri_V>face_G>face_C,4,MONO,GP,boot,300,0.07665495420372573,0.07471779446832623,True,0.007661448436038971,0.007751937984496124,0.007946484690670738,0.0,1.2123552123552124,3.171605159977253,"[[19.000001907348633, 4.000000476837158], [24.000001907348633, -Infinity], [74.9438705444336, 65.94686126708984], 0.643760085105896]",0.10300183296203613,
fing_x_face,6,0.01,li_V>ri_V>face_G>face_C,4,MONO-rel,GP,boot,300,0.05454288226225551,0.05496999109584466,True,0.007993243447048532,0.007751937984496124,0.008170961659333752,0.003861003861003861,1.2084942084942085,2.9965280895513455,"[[19.000001907348633, 4.000000476837158], [24.000001907348633, -Infinity], [74.90483093261719, 66.62612915039062], 0.641700029373169]",0.08488678932189941,
fing_x_face,6,0.01,li_V>ri_V>face_G>face_C,4,LR-P1-N2,GP,boot,300,0.0766016769718395,0.07469240382790816,True,0.007661448436038971,0.007751937984496124,0.007946484690670738,0.0,1.2123552123552124,3.171605159977253,"[[19.000001907348633, 4.000000476837158], [24.000001907348633, -Infinity], [74.95536041259766, 65.94686126708984], 0.6436400413513184]",0.08659243583679199,
fing_x_face,6,0.01,li_V>ri_V>face_G>face_C,4,LR-P1-N2-rel,GP,boot,300,0.05455319887117718,0.05497477264206154,True,0.007993243447048532,0.007751937984496124,0.008170961659333752,0.003861003861003861,1.2084942084942085,2.996273682320194,"[[19.000001907348633, 4.000000476837158], [24.000001907348633, -Infinity], [74.90483093261719, 66.62775421142578], 0.641700029373169]",0.08268237113952637,
fing_x_face,6,0.01,li_V>ri_V>face_G>face_C,4,LR-P2-N2,GP,boot,300,0.07352489322339165,0.07153076359696318,True,0.008023406629867584,0.007751937984496124,0.00812606626560115,0.0,1.196911196911197,3.171066415252462,"[[19.000001907348633, 4.000000476837158], [23.000001907348633, -Infinity], [74.9967269897461, 65.94686126708984], 0.6456500887870789]",0.08442950248718262,
fing_x_face,6,0.01,li_V>ri_V>face_G>face_C,4,LR-P2-N2-rel,GP,boot,300,0.05203450160310504,0.05409077275083024,True,0.00806865140409616,0.007751937984496124,0.00812606626560115,0.003861003861003861,1.2084942084942085,2.8799646822902636,"[[19.000001907348633, 4.000000476837158], [24.000001907348633, -Infinity], [74.87918090820312, 68.33171844482422], 0.640749990940094]",0.07962179183959961,
fing_x_face,6,0.01,li_V>ri_V>face_G>face_C,4,LR-P1-N3,GP,boot,300,0.07660167697180838,0.07469240382789699,True,0.007661448436038971,0.007751937984496124,0.007946484690670738,0.0,1.2123552123552124,3.171605159977253,"[[19.000001907348633, 4.000000476837158], [24.000001907348633, -Infinity], [74.95536041259766, 65.94686126708984], 0.6436400413513184]",0.10574460029602051,
fing_x_face,6,0.01,li_V>ri_V>face_G>face_C,4,NLS-N2,GP,boot,300,0.07179210568207633,0.07036271632172708,True,0.007797182758724701,0.007751937984496124,0.008111101134356948,0.0,1.2123552123552124,3.171455508664811,"[[19.000001907348633, 4.000000476837158], [24.000001907348633, -Infinity], [74.90623474121094, 65.94686126708984], 0.6433000564575195]",0.09288835525512695,
fing_x_face,6,0.01,li_V>ri_V>face_G>face_C,4,DE-N2,GP,boot,300,0.07581431342808202,0.07395938599934587,True,0.007661448436038971,0.007751937984496124,0.007946484690670738,0.0,1.2123552123552124,3.171605159977253,"[[19.000001907348633, 4.000000476837158], [24.000001907348633, -Infinity], [74.95536041259766, 65.94686126708984], 0.6436400413513184]",0.09575700759887695,
fing_x_face,6,0.01,li_V>ri_V>face_G>face_C,4,MAXMONO-K3,GP,boot,300,0.10887190576401616,0.10555134474603686,True,0.008023406629867584,0.007751937984496124,0.007766903115740325,0.003861003861003861,1.2007722007722008,2.796249738110203,"[[20.000001907348633, 4.000000476837158], [22.000001907348633, -Infinity], [74.9793472290039, 71.98150634765625], 0.6345800161361694]",0.15937042236328125,
fing_x_face,6,0.01,li_V>ri_V>face_G>face_C,4,MONO-cont,GP,boot,300,0.07580278776946993,0.0739488117383956,True,0.007661448436038971,0.007751937984496124,0.007946484690670738,0.0,1.2123552123552124,3.171605159977253,"[[19.000001907348633, 4.000000476837158], [24.000001907348633, -Infinity], [74.95536041259766, 65.94686126708984], 0.6436400413513184]",0.1362903118133545,
fing_x_face,6,0.01,li_V>ri_V>face_G>face_C,4,S1-Marcialis,rule,boot,300,,,True,0.007073266371067475,0.003875968992248062,0.006195564335099219,0.003861003861003861,1.4015444015444016,3.462781718595672,"[[35.000003814697266, 4.0], [37.000003814697266, 0.0], [75.94683074951172, 65.9372329711914], 0.6175000071525574]",0.031319618225097656,
fing_x_face,6,0.01,li_V>ri_V>face_G>face_C,4,S2-Symmetric,rule,boot,300,,,True,0.007073266371067475,0.003875968992248062,0.006195564335099219,0.003861003861003861,1.4015444015444016,3.462781718595672,"[[35.000003814697266, 4.0], [37.000003814697266, 0.0], [75.94683074951172, 65.9372329711914], 0.6175000071525574]",0.0932321548461914,
fing_x_face,6,0.01,li_V>ri_V>face_G>face_C,4,S3-SPRT,rule,boot,300,,,True,0.007978161855639007,0.01937984496124031,0.007258088653437491,0.03088803088803089,1.2857142857142858,2.0612223519200263,"[[4.802019763735765, -3.586743437579266], [4.802019763735765, -3.586743437579266], [4.802019763735765, -3.586743437579266], -6.47287209763916]",0.20167970657348633,
fing_x_face,6,0.01,li_V>ri_V>face_G>face_C,4,S4-Direct,rule,boot,300,,,True,0.007209000693753205,0.003875968992248062,0.006120738678878214,0.011583011583011582,1.393822393822394,2.8414593995989343,"[[35.000003814697266, 4.000000476837158], [37.000003814697266, 3.000000238418579], [75.94683074951172, 70.26591491699219], 0.610069990158081]",1.1743321418762207,
fing_x_face,6,0.01,ri_V>face_C>face_G>li_V,4,HYP,GP,boot,300,,,False,,,,,,,,,
fing_x_face,6,0.01,ri_V>face_C>face_G>li_V,4,MONO,GP,boot,300,0.04124443999877478,0.03952862945928544,True,0.007269327059391307,0.007751937984496124,0.0074077399658795005,0.0,1.0888030888030888,2.9942982849959594,"[[20.000001907348633, -Infinity], [0.637190043926239, 0.5204200744628906], [74.72249603271484, 65.94686126708984], 25.000001907348633]",0.09744477272033691,
fing_x_face,6,0.01,ri_V>face_C>face_G>li_V,4,MONO-rel,GP,boot,300,0.029319755671666805,0.028753242082230582,True,0.007963080264229481,0.007751937984496124,0.008245787315554757,0.0,1.084942084942085,2.873739187692676,"[[20.000001907348633, -Infinity], [0.6356300711631775, 0.5204200744628906], [74.56968688964844, 66.58263397216797], 26.0]",0.0872812271118164,
fing_x_face,6,0.01,ri_V>face_C>face_G>li_V,4,LR-P1-N2,GP,boot,300,0.040701297928260716,0.039054877039019095,True,0.007314571833619884,0.007751937984496124,0.007437670228367903,0.0,1.0888030888030888,2.9942384244709825,"[[20.000001907348633, -Infinity], [0.6368800401687622, 0.5204200744628906], [74.72284698486328, 65.94686126708984], 25.000001907348633]",0.09144878387451172,
fing_x_face,6,0.01,ri_V>face_C>face_G>li_V,4,LR-P1-N2-rel,GP,boot,300,0.029412314843768828,0.02884088535540145,True,0.007963080264229481,0.007751937984496124,0.008245787315554757,0.0,1.084942084942085,2.874262967286223,"[[20.000001907348633, -Infinity], [0.6356300711631775, 0.5204200744628906], [74.56968688964844, 66.57962036132812], 26.0]",0.08532118797302246,
fing_x_face,6,0.01,ri_V>face_C>face_G>li_V,4,LR-P2-N2,GP,boot,300,,,False,,,,,,,,,True
fing_x_face,6,0.01,ri_V>face_C>face_G>li_V,4,LR-P2-N2-rel,GP,boot,300,0.02618212028403206,0.025861312893180794,True,0.007902753898591379,0.003875968992248062,0.008320612971775762,0.0,1.0888030888030888,2.71829636945916,"[[21.000001907348633, -Infinity], [0.6339000463485718, 0.5204200744628906], [74.5513687133789, 71.79168701171875], 19.0]",0.07443594932556152,
fing_x_face,6,0.01,ri_V>face_C>face_G>li_V,4,LR-P1-N3,GP,boot,300,0.04070129792630547,0.03905487703798155,True,0.007314571833619884,0.007751937984496124,0.007437670228367903,0.0,1.0888030888030888,2.9942384244709825,"[[20.000001907348633, -Infinity], [0.6368800401687622, 0.5204200744628906], [74.72284698486328, 65.94686126708984], 25.000001907348633]",0.08824944496154785,
fing_x_face,6,0.01,ri_V>face_C>face_G>li_V,4,NLS-N2,GP,boot,300,0.036618619135951574,0.035344967045831156,True,0.0072844086508008325,0.007751937984496124,0.007497530753344707,0.0,1.0888030888030888,2.994208494208494,"[[20.000001907348633, -Infinity], [0.6373000741004944, 0.5204200744628906], [74.71012115478516, 65.94686126708984], 25.000001907348633]",0.09327530860900879,
fing_x_face,6,0.01,ri_V>face_C>face_G>li_V,4,DE-N2,GP,boot,300,0.040408392357299046,0.03878842308267369,True,0.007299490242210358,0.007751937984496124,0.007422705097123701,0.0,1.0888030888030888,2.994253389602227,"[[20.000001907348633, -Infinity], [0.6368800401687622, 0.5204200744628906], [74.72784423828125, 65.94686126708984], 25.000001907348633]",0.09090566635131836,
fing_x_face,6,0.01,ri_V>face_C>face_G>li_V,4,MAXMONO-K3,GP,boot,300,0.0548052158249794,0.05288123339278247,True,0.007480469339124664,0.003875968992248062,0.007377809703391099,0.0,1.084942084942085,2.7024183652090628,"[[20.000001907348633, -Infinity], [0.6359400749206543, 0.5204200744628906], [74.8161849975586, 72.02296447753906], 19.000001907348633]",0.12910103797912598,
fing_x_face,6,0.01,ri_V>face_C>face_G>li_V,4,MONO-cont,GP,boot,300,0.04040284215598686,0.03878307113898439,True,0.007299490242210358,0.007751937984496124,0.007422705097123701,0.0,1.0888030888030888,2.994253389602227,"[[20.000001907348633, -Infinity], [0.6368800401687622, 0.5204200744628906], [74.72784423828125, 65.94686126708984], 25.000001907348633]",0.09413599967956543,
fing_x_face,6,0.01,ri_V>face_C>face_G>li_V,4,S1-Marcialis,rule,boot,300,,,True,0.006862124091334117,0.011627906976744186,0.006180599203855018,0.003861003861003861,1.281853281853282,3.014231839813235,"[[37.000003814697266, 0.0], [0.6950200796127319, 0.5201699733734131], [75.94683074951172, 65.9372329711914], 17.0]",0.027021169662475586,
fing_x_face,6,0.01,ri_V>face_C>face_G>li_V,4,S2-Symmetric,rule,boot,300,,,True,0.007420142973486562,0.003875968992248062,0.008994043877764807,0.0,1.2664092664092663,3.00046391906857,"[[37.000003814697266, 0.0], [0.6950200796127319, 0.5201699733734131], [74.14479064941406, 65.97827911376953], 19.0]",0.10689449310302734,
fing_x_face,6,0.01,ri_V>face_C>face_G>li_V,4,S3-SPRT,rule,boot,300,,,True,0.00749555093053419,0.003875968992248062,0.007003681422286074,0.003861003861003861,1.1467181467181466,1.903669450181078,"[[4.508733357114414, -4.1203573338537804], [4.508733357114414, -4.1203573338537804], [4.508733357114414, -4.1203573338537804], -4.35655123614527]",0.22906947135925293,
fing_x_face,6,0.01,ri_V>face_C>face_G>li_V,4,S4-Direct,rule,boot,300,,,True,0.00763128525321992,0.007751937984496124,0.008066205740624345,0.003861003861003861,1.2123552123552124,2.669105983059471,"[[37.000003814697266, 3.000000238418579], [0.6353700757026672, 0.5307600498199463], [74.39990997314453, 66.22789764404297], 18.0]",1.0923831462860107,
fing_x_face,6,0.01,ri_V>face_C>li_V>face_G,4,HYP,GP,boot,300,,,False,,,,,,,,,
fing_x_face,6,0.01,ri_V>face_C>li_V>face_G,4,MONO,GP,boot,300,0.041473370197213096,0.03960307687284163,True,0.007540795704762767,0.007751937984496124,0.0073029840471700936,0.0,1.0888030888030888,3.1487683696986024,"[[20.000001907348633, -Infinity], [0.6354900598526001, 0.5204200744628906], [26.000001907348633, 4.000000476837158], 74.72284698486328]",0.08174514770507812,
fing_x_face,6,0.01,ri_V>face_C>li_V>face_G,4,MONO-rel,GP,boot,300,0.029582768301105695,0.028968031090163753,True,0.0078122643501342265,0.003875968992248062,0.00709347220975128,0.0,1.0888030888030888,3.147900392086439,"[[20.000001907348633, -Infinity], [0.6340800523757935, 0.5204200744628906], [24.000001907348633, 4.000000476837158], 75.02899932861328]",0.08257126808166504,
fing_x_face,6,0.01,ri_V>face_C>li_V>face_G,4,LR-P1-N2,GP,boot,300,0.04091997935401007,0.03912706982824844,True,0.007586040478991343,0.007751937984496124,0.007332914309658495,0.0,1.0888030888030888,3.148678578911137,"[[20.000001907348633, -Infinity], [0.6353200674057007, 0.5204200744628906], [26.000001907348633, 4.000000476837158], 74.72784423828125]",0.09136509895324707,
fing_x_face,6,0.01,ri_V>face_C>li_V>face_G,4,LR-P1-N2-rel,GP,boot,300,0.0296731452027771,0.029053119964868146,True,0.0078122643501342265,0.003875968992248062,0.00709347220975128,0.0,1.0888030888030888,3.147900392086439,"[[20.000001907348633, -Infinity], [0.6340800523757935, 0.5204200744628906], [24.000001907348633, 4.000000476837158], 75.02899932861328]",0.0875406265258789,
fing_x_face,6,0.01,ri_V>face_C>li_V>face_G,4,LR-P2-N2,GP,boot,300,0.04171893566236126,0.039013006167297866,True,0.007902753898591379,0.007751937984496124,0.006854030109844063,0.0,1.0965250965250966,3.14665828619317,"[[19.000001907348633, -Infinity], [0.6396900415420532, 0.5204200744628906], [26.000001907348633, 4.000000476837158], 75.5040283203125]",0.08584022521972656,
fing_x_face,6,0.01,ri_V>face_C>li_V>face_G,4,LR-P2-N2-rel,GP,boot,300,0.026711662077784144,0.02633065833106396,True,0.007887672307181855,0.003875968992248062,0.007527461015833109,0.0,1.0926640926640927,2.8067851905061207,"[[21.000001907348633, -Infinity], [0.6334000825881958, 0.5229800343513489], [22.000001907348633, 7.000000476837158], 74.3195571899414]",0.08893990516662598,
fing_x_face,6,0.01,ri_V>face_C>li_V>face_G,4,LR-P1-N3,GP,boot,300,0.04091997935195295,0.039127069827208906,True,0.007586040478991343,0.007751937984496124,0.007332914309658495,0.0,1.0888030888030888,3.148678578911137,"[[20.000001907348633, -Infinity], [0.6353200674057007, 0.5204200744628906], [26.000001907348633, 4.000000476837158], 74.72784423828125]",0.08703923225402832,
fing_x_face,6,0.01,ri_V>face_C>li_V>face_G,4,NLS-N2,GP,boot,300,0.036845481274558625,0.0354294878741458,True,0.007570958887581818,0.007751937984496124,0.007377809703391099,0.0,1.0888030888030888,3.1487683696986024,"[[20.000001907348633, -Infinity], [0.6354900598526001, 0.5204200744628906], [26.000001907348633, 4.000000476837158], 74.71210479736328]",0.0955190658569336,
fing_x_face,6,0.01,ri_V>face_C>li_V>face_G,4,DE-N2,GP,boot,300,0.04061971243301622,0.03885899650162123,True,0.007570958887581818,0.007751937984496124,0.007317949178414294,0.0,1.0888030888030888,3.1487085091736255,"[[20.000001907348633, -Infinity], [0.6353700757026672, 0.5204200744628906], [26.000001907348633, 4.000000476837158], 74.72784423828125]",0.08683490753173828,
fing_x_face,6,0.01,ri_V>face_C>li_V>face_G,4,MAXMONO-K3,GP,boot,300,0.05571802755407665,0.05348903975238642,True,0.007435224564896088,0.007751937984496124,0.006704378797402053,0.0,1.0888030888030888,2.6710514501212175,"[[20.000001907348633, -Infinity], [0.6340800523757935, 0.5204200744628906], [26.000001907348633, 11.000000953674316], 74.05801391601562]",0.10916018486022949,
fing_x_face,6,0.01,ri_V>face_C>li_V>face_G,4,MONO-cont,GP,boot,300,0.04061414294440947,0.03885364205420387,True,0.007570958887581818,0.007751937984496124,0.007317949178414294,0.0,1.0888030888030888,3.1487085091736255,"[[20.000001907348633, -Infinity], [0.6353700757026672, 0.5204200744628906], [26.000001907348633, 4.000000476837158], 74.72784423828125]",0.08407115936279297,
fing_x_face,6,0.01,ri_V>face_C>li_V>face_G,4,S1-Marcialis,rule,boot,300,,,True,0.0078122643501342265,0.003875968992248062,0.010924545808266739,0.0,1.2702702702702702,3.2325282092723953,"[[37.000003814697266, 0.0], [0.6950200796127319, 0.5201699733734131], [35.000003814697266, 4.0], 73.77935028076172]",0.027808189392089844,
fing_x_face,6,0.01,ri_V>face_C>li_V>face_G,4,S2-Symmetric,rule,boot,300,,,True,0.0078122643501342265,0.003875968992248062,0.010924545808266739,0.0,1.2702702702702702,3.2325282092723953,"[[37.000003814697266, 0.0], [0.6950200796127319, 0.5201699733734131], [35.000003814697266, 4.0], 73.77935028076172]",0.06374001502990723,
fing_x_face,6,0.01,ri_V>face_C>li_V>face_G,4,S3-SPRT,rule,boot,300,,,True,0.007435224564896088,0.003875968992248062,0.00621052946634342,0.003861003861003861,1.1544401544401544,1.8970249319086527,"[[4.508733357114414, -4.1203573338537804], [4.508733357114414, -4.1203573338537804], [4.508733357114414, -4.1203573338537804], -5.115122653150847]",0.19743871688842773,
fing_x_face,6,0.01,ri_V>face_C>li_V>face_G,4,S4-Direct,rule,boot,300,,,True,0.007751937984496124,0.007751937984496124,0.00812606626560115,0.007722007722007722,1.2084942084942085,2.5941606057885127,"[[37.000003814697266, 3.000000238418579], [0.6353700757026672, 0.5307600498199463], [22.000001907348633, 7.000000476837158], 73.54559326171875]",1.16391921043396,
fing_x_face,6,0.01,ri_V>face_G>face_C>li_V,4,HYP,GP,boot,300,,,False,,,,,,,,,
fing_x_face,6,0.01,ri_V>face_G>face_C>li_V,4,MONO,GP,boot,300,,,False,,,,,,,,,True
fing_x_face,6,0.01,ri_V>face_G>face_C>li_V,4,MONO-rel,GP,boot,300,0.03024869475945849,0.02941730529598108,True,0.008008325038458058,0.003875968992248062,0.008470264284217772,0.0,1.084942084942085,2.7518032983149263,"[[20.000001907348633, -Infinity], [74.56968688964844, 65.94686126708984], [0.6393200755119324, 0.5453500747680664], 22.0]",0.09057855606079102,
fing_x_face,6,0.01,ri_V>face_G>face_C>li_V,4,LR-P1-N2,GP,boot,300,,,False,,,,,,,,,True
fing_x_face,6,0.01,ri_V>face_G>face_C>li_V,4,LR-P1-N2-rel,GP,boot,300,0.030343753004587873,0.029506785837132853,True,0.008008325038458058,0.003875968992248062,0.008425368890485169,0.0,1.084942084942085,2.7520427404148333,"[[20.000001907348633, -Infinity], [74.57986450195312, 65.94686126708984], [0.6393200755119324, 0.5453300476074219], 22.0]",0.08937907218933105,
fing_x_face,6,0.01,ri_V>face_G>face_C>li_V,4,LR-P2-N2,GP,boot,300,0.0429328207660072,0.03965579698933762,True,0.007993243447048532,0.007751937984496124,0.008021310346891743,0.0,1.084942084942085,2.918335278800395,"[[19.000001907348633, -Infinity], [74.67701721191406, 65.94686126708984], [0.6482500433921814, 0.5204200744628906], 26.0]",0.08792591094970703,
fing_x_face,6,0.01,ri_V>face_G>face_C>li_V,4,LR-P2-N2-rel,GP,boot,300,0.027246292478452852,0.02699391194457589,True,0.007993243447048532,0.003875968992248062,0.008350543234264164,0.0,1.084942084942085,2.6258567537637303,"[[20.000001907348633, -Infinity], [74.4940185546875, 65.94686126708984], [0.6384300589561462, 0.5691900849342346], 23.0]",0.07880544662475586,
fing_x_face,6,0.01,ri_V>face_G>face_C>li_V,4,LR-P1-N3,GP,boot,300,,,False,,,,,,,,,True
fing_x_face,6,0.01,ri_V>face_G>face_C>li_V,4,NLS-N2,GP,boot,300,,,False,,,,,,,,,True
fing_x_face,6,0.01,ri_V>face_G>face_C>li_V,4,DE-N2,GP,boot,300,,,False,,,,,,,,,True
fing_x_face,6,0.01,ri_V>face_G>face_C>li_V,4,MAXMONO-K3,GP,boot,300,,,False,,,,,,,,,True
fing_x_face,6,0.01,ri_V>face_G>face_C>li_V,4,MONO-cont,GP,boot,300,,,False,,,,,,,,,True
fing_x_face,6,0.01,ri_V>face_G>face_C>li_V,4,S1-Marcialis,rule,boot,300,,,True,0.006862124091334117,0.011627906976744186,0.006180599203855018,0.003861003861003861,1.2702702702702702,2.940274161204394,"[[37.000003814697266, 0.0], [75.94683074951172, 65.9372329711914], [0.6950200796127319, 0.5201699733734131], 17.0]",0.026901721954345703,
fing_x_face,6,0.01,ri_V>face_G>face_C>li_V,4,S2-Symmetric,rule,boot,300,,,True,0.007540795704762767,0.003875968992248062,0.009128730058962618,0.0,1.223938223938224,2.907261081679686,"[[37.000003814697266, 0.0], [74.14479064941406, 65.97827911376953], [0.6950200796127319, 0.5201699733734131], 19.0]",0.08486819267272949,
fing_x_face,6,0.01,ri_V>face_G>face_C>li_V,4,S3-SPRT,rule,boot,300,,,True,0.007389979790667511,0.003875968992248062,0.007347879440902697,0.007722007722007722,1.138996138996139,1.9205351530932926,"[[4.508733357114414, -4.1203573338537804], [4.508733357114414, -4.1203573338537804], [4.508733357114414, -4.1203573338537804], -4.31018297165372]",0.1812129020690918,
fing_x_face,6,0.01,ri_V>face_G>face_C>li_V,4,S4-Direct,rule,boot,300,,,True,0.006620818628781709,0.007751937984496124,0.0069138906348208675,0.007722007722007722,1.22007722007722,2.3952889766843257,"[[37.000003814697266, 3.000000238418579], [74.39990997314453, 66.22789764404297], [0.6950200796127319, 0.6059900522232056], 9.0]",1.0158462524414062,
fing_x_face,6,0.01,ri_V>face_G>li_V>face_C,4,HYP,GP,boot,300,,,False,,,,,,,,,
fing_x_face,6,0.01,ri_V>face_G>li_V>face_C,4,MONO,GP,boot,300,0.0426012707363439,0.0400085984413687,True,0.008249630501010467,0.007751937984496124,0.008784532040345993,0.0,1.0888030888030888,3.005282691329203,"[[19.000001907348633, -Infinity], [74.47412872314453, 65.94686126708984], [26.000001907348633, 4.000000476837158], 0.6600599884986877]",0.08107686042785645,
fing_x_face,6,0.01,ri_V>face_G>li_V>face_C,4,MONO-rel,GP,boot,300,0.030740764349772343,0.029673705591486896,True,0.00820438572678189,0.003875968992248062,0.008589985334171381,0.0,1.0888030888030888,3.007422705097124,"[[20.000001907348633, -Infinity], [74.45807647705078, 65.94686126708984], [24.000001907348633, 4.000000476837158], 0.6389999985694885]",0.0849161148071289,
fing_x_face,6,0.01,ri_V>face_G>li_V>face_C,4,LR-P1-N2,GP,boot,300,0.04221046119559485,0.03962375646476374,True,0.008234548909600941,0.007751937984496124,0.008604950465415581,0.0,1.0888030888030888,3.0056268893478197,"[[19.000001907348633, -Infinity], [74.4940185546875, 65.94686126708984], [26.000001907348633, 4.000000476837158], 0.6592400074005127]",0.08912539482116699,
fing_x_face,6,0.01,ri_V>face_G>li_V>face_C,4,LR-P1-N2-rel,GP,boot,300,0.03083229265786569,0.029758429190656487,True,0.008219467318191415,0.003875968992248062,0.00857502020292718,0.0,1.0888030888030888,3.0074975307533447,"[[20.000001907348633, -Infinity], [74.46099853515625, 65.94686126708984], [24.000001907348633, 4.000000476837158], 0.638670027256012]",0.08443689346313477,
fing_x_face,6,0.01,ri_V>face_G>li_V>face_C,4,LR-P2-N2,GP,boot,300,0.0431194722262938,0.03970579641887758,True,0.007993243447048532,0.007751937984496124,0.008051240609380145,0.0,1.0888030888030888,3.0071682978659724,"[[19.000001907348633, -Infinity], [74.65023803710938, 65.94686126708984], [26.000001907348633, 4.000000476837158], 0.6471100449562073]",0.08468365669250488,
fing_x_face,6,0.01,ri_V>face_G>li_V>face_C,4,LR-P2-N2-rel,GP,boot,300,0.028128267779533575,0.027351895430130283,True,0.00820438572678189,0.003875968992248062,0.008694741252880788,0.003861003861003861,1.084942084942085,2.745473047798629,"[[20.000001907348633, -Infinity], [74.4321060180664, 65.94686126708984], [23.000001907348633, 7.000000476837158], 0.6335399746894836]",0.09179019927978516,
fing_x_face,6,0.01,ri_V>face_G>li_V>face_C,4,LR-P1-N3,GP,boot,300,0.04221046119555818,0.03962375646476211,True,0.008234548909600941,0.007751937984496124,0.008604950465415581,0.0,1.0888030888030888,3.0056268893478197,"[[19.000001907348633, -Infinity], [74.4940185546875, 65.94686126708984], [26.000001907348633, 4.000000476837158], 0.6592400074005127]",0.0857083797454834,
fing_x_face,6,0.01,ri_V>face_G>li_V>face_C,4,NLS-N2,GP,boot,300,0.03807690399156696,0.0359650096131077,True,0.00820438572678189,0.007751937984496124,0.00872467151536919,0.0,1.0888030888030888,3.0053874472479123,"[[19.000001907348633, -Infinity], [74.48265075683594, 65.94686126708984], [26.000001907348633, 4.000000476837158], 0.6600599884986877]",0.08509182929992676,
fing_x_face,6,0.01,ri_V>face_G>li_V>face_C,4,DE-N2,GP,boot,300,0.041930494370616696,0.03937046418672078,True,0.008219467318191415,0.007751937984496124,0.008589985334171381,0.0,1.0888030888030888,3.0056418544790637,"[[19.000001907348633, -Infinity], [74.5041275024414, 65.94686126708984], [26.000001907348633, 4.000000476837158], 0.6592400074005127]",0.10205602645874023,
fing_x_face,6,0.01,ri_V>face_G>li_V>face_C,4,MAXMONO-K3,GP,boot,300,0.05634919532243009,0.052779169484849064,True,0.008144059361143787,0.007751937984496124,0.00856005507168298,0.003861003861003861,1.084942084942085,2.587905180928437,"[[19.000001907348633, -Infinity], [74.54005432128906, 65.94686126708984], [26.000001907348633, 11.000000953674316], 0.6288999915122986]",0.12530231475830078,
fing_x_face,6,0.01,ri_V>face_G>li_V>face_C,4,MONO-cont,GP,boot,300,0.04192403424621746,0.03936474274632447,True,0.008219467318191415,0.007751937984496124,0.008589985334171381,0.0,1.0888030888030888,3.0056418544790637,"[[19.000001907348633, -Infinity], [74.5041275024414, 65.94686126708984], [26.000001907348633, 4.000000476837158], 0.6592400074005127]",0.09248900413513184,
fing_x_face,6,0.01,ri_V>face_G>li_V>face_C,4,S1-Marcialis,rule,boot,300,,,True,0.007073266371067475,0.003875968992248062,0.006195564335099219,0.003861003861003861,1.2625482625482625,3.087171889497471,"[[37.000003814697266, 0.0], [75.94683074951172, 65.9372329711914], [35.000003814697266, 4.0], 0.6175000071525574]",0.02660083770751953,
fing_x_face,6,0.01,ri_V>face_G>li_V>face_C,4,S2-Symmetric,rule,boot,300,,,True,0.007073266371067475,0.003875968992248062,0.006195564335099219,0.003861003861003861,1.2625482625482625,3.087171889497471,"[[37.000003814697266, 0.0], [75.94683074951172, 65.9372329711914], [35.000003814697266, 4.0], 0.6175000071525574]",0.07531356811523438,
fing_x_face,6,0.01,ri_V>face_G>li_V>face_C,4,S3-SPRT,rule,boot,300,,,True,0.007661448436038971,0.007751937984496124,0.007916554428182334,0.007722007722007722,1.1467181467181466,1.9158959624075904,"[[4.508733357114414, -4.1203573338537804], [4.508733357114414, -4.1203573338537804], [4.508733357114414, -4.1203573338537804], -5.247831991460224]",0.22582530975341797,
fing_x_face,6,0.01,ri_V>face_G>li_V>face_C,4,S4-Direct,rule,boot,300,,,True,0.00763128525321992,0.003875968992248062,0.007946484690670738,0.011583011583011582,1.2084942084942085,2.553485379066774,"[[37.000003814697266, 3.000000238418579], [74.39990997314453, 66.22789764404297], [22.000001907348633, 7.000000476837158], 0.6103000044822693]",1.1319336891174316,
fing_x_face,6,0.01,ri_V>li_V>face_C>face_G,4,HYP,GP,boot,300,,,False,,,,,,,,,
fing_x_face,6,0.01,ri_V>li_V>face_C>face_G,4,MONO,GP,boot,300,0.04375040549213817,0.04071930266673757,True,0.0078122643501342265,0.007751937984496124,0.007587321540809913,0.0,1.1428571428571428,3.3801292987339497,"[[19.000001907348633, -Infinity], [25.000001907348633, 4.000000476837158], [0.6520700454711914, 0.5204200744628906], 74.7351303100586]",0.08561968803405762,
fing_x_face,6,0.01,ri_V>li_V>face_C>face_G,4,MONO-rel,GP,boot,300,0.03206841587374298,0.030931146813778544,True,0.007797182758724701,0.003875968992248062,0.008155996528089552,0.0,1.1428571428571428,3.1674598186226093,"[[20.000001907348633, -Infinity], [24.000001907348633, 4.000000476837158], [0.6449800729751587, 0.5404900312423706], 74.41337585449219]",0.0919032096862793,
fing_x_face,6,0.01,ri_V>li_V>face_C>face_G,4,LR-P1-N2,GP,boot,300,0.04328822386944038,0.04030952975060091,True,0.007827345941543752,0.007751937984496124,0.007527461015833109,0.0,1.1428571428571428,3.3800993684714613,"[[19.000001907348633, -Infinity], [25.000001907348633, 4.000000476837158], [0.6515800356864929, 0.5204200744628906], 74.7483901977539]",0.0915825366973877,
fing_x_face,6,0.01,ri_V>li_V>face_C>face_G,4,LR-P1-N2-rel,GP,boot,300,0.032152561484219855,0.03100655101420097,True,0.007751937984496124,0.003875968992248062,0.00814103139684535,0.0,1.1428571428571428,3.172473137589417,"[[20.000001907348633, -Infinity], [24.000001907348633, 4.000000476837158], [0.6449800729751587, 0.5399700403213501], 74.418701171875]",0.1021268367767334,
fing_x_face,6,0.01,ri_V>li_V>face_C>face_G,4,LR-P2-N2,GP,boot,300,0.042497817144350164,0.03948761827490014,True,0.007586040478991343,0.011627906976744186,0.007273053784681692,0.0,1.1428571428571428,3.3801741941276826,"[[19.000001907348633, -Infinity], [25.000001907348633, 4.000000476837158], [0.6555600762367249, 0.5204200744628906], 74.81456756591797]",0.08565330505371094,
fing_x_face,6,0.01,ri_V>li_V>face_C>face_G,4,LR-P2-N2-rel,GP,boot,300,0.029680006412324492,0.029081561025766568,True,0.008279793683829518,0.003875968992248062,0.008694741252880788,0.0,1.138996138996139,3.0368740833857113,"[[20.000001907348633, -Infinity], [23.000001907348633, 4.000000476837158], [0.6433700323104858, 0.5548600554466248], 74.33373260498047]",0.07615256309509277,
fing_x_face,6,0.01,ri_V>li_V>face_C>face_G,4,LR-P1-N3,GP,boot,300,0.04328822386908368,0.04030952975050227,True,0.007827345941543752,0.007751937984496124,0.007527461015833109,0.0,1.1428571428571428,3.3800993684714613,"[[19.000001907348633, -Infinity], [25.000001907348633, 4.000000476837158], [0.6515800356864929, 0.5204200744628906], 74.7483901977539]",0.08771800994873047,
fing_x_face,6,0.01,ri_V>li_V>face_C>face_G,4,NLS-N2,GP,boot,300,0.03922800013508718,0.0367814107426543,True,0.007586040478991343,0.007751937984496124,0.007482565622100506,0.0,1.1428571428571428,3.3803238454401243,"[[19.000001907348633, -Infinity], [26.000001907348633, 4.000000476837158], [0.6515800356864929, 0.5204200744628906], 74.72784423828125]",0.0841054916381836,
fing_x_face,6,0.01,ri_V>li_V>face_C>face_G,4,DE-N2,GP,boot,300,0.04295981070098515,0.04003414641536427,True,0.007827345941543752,0.007751937984496124,0.007527461015833109,0.0,1.1428571428571428,3.3800993684714613,"[[19.000001907348633, -Infinity], [25.000001907348633, 4.000000476837158], [0.6515800356864929, 0.5204200744628906], 74.7483901977539]",0.08302593231201172,
fing_x_face,6,0.01,ri_V>li_V>face_C>face_G,4,MAXMONO-K3,GP,boot,300,0.06147860500789853,0.05704210834013984,True,0.008159140952553313,0.023255813953488372,0.00754242614707731,0.023166023166023165,1.1196911196911197,2.460477088384065,"[[19.000001907348633, -Infinity], [25.000001907348633, 7.000000476837158], [0.6396900415420532, 0.551490068435669], 74.2231216430664]",0.12632298469543457,
fing_x_face,6,0.01,ri_V>li_V>face_C>face_G,4,MONO-cont,GP,boot,300,0.04295324848362815,0.04002841368302517,True,0.007827345941543752,0.007751937984496124,0.007527461015833109,0.0,1.1428571428571428,3.3800993684714613,"[[19.000001907348633, -Infinity], [25.000001907348633, 4.000000476837158], [0.6515800356864929, 0.5204200744628906], 74.7483901977539]",0.0932626724243164,
fing_x_face,6,0.01,ri_V>li_V>face_C>face_G,4,S1-Marcialis,rule,boot,300,,,True,0.0078122643501342265,0.003875968992248062,0.010924545808266739,0.0,1.3166023166023166,3.5698123372541977,"[[37.000003814697266, 0.0], [35.000003814697266, 4.0], [0.6950200796127319, 0.5201699733734131], 73.77935028076172]",0.02562689781188965,
fing_x_face,6,0.01,ri_V>li_V>face_C>face_G,4,S2-Symmetric,rule,boot,300,,,True,0.0078122643501342265,0.003875968992248062,0.010924545808266739,0.0,1.3166023166023166,3.5698123372541977,"[[37.000003814697266, 0.0], [35.000003814697266, 4.0], [0.6950200796127319, 0.5201699733734131], 73.77935028076172]",0.0576481819152832,
fing_x_face,6,0.01,ri_V>li_V>face_C>face_G,4,S3-SPRT,rule,boot,300,,,True,0.007782101167315175,0.015503875968992248,0.006599622878692646,0.02702702702702703,1.1891891891891893,1.9107928526533178,"[[4.508733357114414, -4.1203573338537804], [4.508733357114414, -4.1203573338537804], [4.508733357114414, -4.1203573338537804], -5.8797259692920765]",0.19881749153137207,
fing_x_face,6,0.01,ri_V>li_V>face_C>face_G,4,S4-Direct,rule,boot,300,,,True,0.007797182758724701,0.007751937984496124,0.00947292807757924,0.003861003861003861,1.2972972972972974,3.1725329981143933,"[[37.000003814697266, 3.000000238418579], [35.000003814697266, 4.000000476837158], [0.6353700757026672, 0.5307600498199463], 73.8204574584961]",1.2144052982330322,
fing_x_face,6,0.01,ri_V>li_V>face_G>face_C,4,HYP,GP,boot,300,,,False,,,,,,,,,
fing_x_face,6,0.01,ri_V>li_V>face_G>face_C,4,MONO,GP,boot,300,0.04392322898999985,0.040775511950588865,True,0.007842427532953278,0.007751937984496124,0.007362844572146898,0.0,1.138996138996139,3.3152404896590943,"[[19.000001907348633, -Infinity], [25.000001907348633, 4.000000476837158], [74.9438705444336, 65.94686126708984], 0.643760085105896]",0.08250594139099121,
fing_x_face,6,0.01,ri_V>li_V>face_G>face_C,4,MONO-rel,GP,boot,300,0.03233289255593064,0.03109811643233465,True,0.008008325038458058,0.007751937984496124,0.007437670228367903,0.0,1.135135135135135,3.2035706803148662,"[[20.000001907348633, 1.401298464324817e-45], [23.000001907348633, 4.000000476837158], [74.81621551513672, 66.33802795410156], 0.6371300220489502]",0.08108925819396973,
fing_x_face,6,0.01,ri_V>li_V>face_G>face_C,4,LR-P1-N2,GP,boot,300,0.043487028540945695,0.04037457453033648,True,0.007842427532953278,0.007751937984496124,0.007362844572146898,0.0,1.138996138996139,3.3152404896590943,"[[19.000001907348633, -Infinity], [25.000001907348633, 4.000000476837158], [74.95536041259766, 65.94686126708984], 0.643760085105896]",0.09331703186035156,
fing_x_face,6,0.01,ri_V>li_V>face_G>face_C,4,LR-P1-N2-rel,GP,boot,300,0.03241716380348393,0.031133726196113515,True,0.008008325038458058,0.003875968992248062,0.007437670228367903,0.0,1.135135135135135,3.2142857142857144,"[[20.000001907348633, -Infinity], [23.000001907348633, 4.000000476837158], [74.81621551513672, 66.33208465576172], 0.6371300220489502]",0.0843963623046875,
fing_x_face,6,0.01,ri_V>li_V>face_G>face_C,4,LR-P2-N2,GP,boot,300,0.04271385108201619,0.0395139638661027,True,0.008113896178324738,0.003875968992248062,0.007482565622100506,0.0,1.138996138996139,3.314866361377989,"[[19.000001907348633, -Infinity], [24.000001907348633, 4.000000476837158], [74.9967269897461, 65.94686126708984], 0.6456500887870789]",0.08357119560241699,
fing_x_face,6,0.01,ri_V>li_V>face_G>face_C,4,LR-P2-N2-rel,GP,boot,300,0.03019913499759925,0.02952890914866532,True,0.008159140952553313,0.003875968992248062,0.007916554428182334,0.003861003861003861,1.1274131274131274,3.080317859387627,"[[20.000001907348633, -Infinity], [22.000001907348633, 4.000000476837158], [74.74137115478516, 66.92459106445312], 0.6403099894523621]",0.07804155349731445,
fing_x_face,6,0.01,ri_V>li_V>face_G>face_C,4,LR-P1-N3,GP,boot,300,0.043487028540901064,0.04037457453032556,True,0.007842427532953278,0.007751937984496124,0.007362844572146898,0.0,1.138996138996139,3.3152404896590943,"[[19.000001907348633, -Infinity], [25.000001907348633, 4.000000476837158], [74.95536041259766, 65.94686126708984], 0.643760085105896]",0.08905625343322754,
fing_x_face,6,0.01,ri_V>li_V>face_G>face_C,4,NLS-N2,GP,boot,300,0.039414590494016674,0.03682059525061753,True,0.007857509124362803,0.007751937984496124,0.007362844572146898,0.0,1.138996138996139,3.3152404896590943,"[[19.000001907348633, -Infinity], [25.000001907348633, 4.000000476837158], [74.9438705444336, 65.94686126708984], 0.6436400413513184]",0.08199214935302734,
fing_x_face,6,0.01,ri_V>li_V>face_G>face_C,4,DE-N2,GP,boot,300,0.04316178960167238,0.04010064596617675,True,0.007857509124362803,0.007751937984496124,0.007362844572146898,0.0,1.138996138996139,3.3152404896590943,"[[19.000001907348633, -Infinity], [25.000001907348633, 4.000000476837158], [74.95536041259766, 65.94686126708984], 0.6436400413513184]",0.08441829681396484,
fing_x_face,6,0.01,ri_V>li_V>face_G>face_C,4,MAXMONO-K3,GP,boot,300,0.06138409301532434,0.057955246947665295,True,0.008113896178324738,0.007751937984496124,0.007198228128460687,0.003861003861003861,1.135135135135135,2.91692855646344,"[[19.000001907348633, -Infinity], [25.000001907348633, 4.000000476837158], [75.06671905517578, 72.27180480957031], 0.638480007648468]",0.1054074764251709,
fing_x_face,6,0.01,ri_V>li_V>face_G>face_C,4,MONO-cont,GP,boot,300,0.043155084041046156,0.040094888603285084,True,0.007857509124362803,0.007751937984496124,0.007362844572146898,0.0,1.138996138996139,3.3152404896590943,"[[19.000001907348633, -Infinity], [25.000001907348633, 4.000000476837158], [74.95536041259766, 65.94686126708984], 0.6436400413513184]",0.0840141773223877,
fing_x_face,6,0.01,ri_V>li_V>face_G>face_C,4,S1-Marcialis,rule,boot,300,,,True,0.007073266371067475,0.003875968992248062,0.006195564335099219,0.003861003861003861,1.3204633204633205,3.4984136960881145,"[[37.000003814697266, 0.0], [35.000003814697266, 4.0], [75.94683074951172, 65.9372329711914], 0.6175000071525574]",0.026971101760864258,
fing_x_face,6,0.01,ri_V>li_V>face_G>face_C,4,S2-Symmetric,rule,boot,300,,,True,0.007073266371067475,0.003875968992248062,0.006195564335099219,0.003861003861003861,1.3204633204633205,3.4984136960881145,"[[37.000003814697266, 0.0], [35.000003814697266, 4.0], [75.94683074951172, 65.9372329711914], 0.6175000071525574]",0.07755017280578613,
fing_x_face,6,0.01,ri_V>li_V>face_G>face_C,4,S3-SPRT,rule,boot,300,,,True,0.007827345941543752,0.01937984496124031,0.007123402472239681,0.02702702702702703,1.1853281853281854,1.9135464368022508,"[[4.508733357114414, -4.1203573338537804], [4.508733357114414, -4.1203573338537804], [4.508733357114414, -4.1203573338537804], -5.807546728642227]",0.20730209350585938,
fing_x_face,6,0.01,ri_V>li_V>face_G>face_C,4,S4-Direct,rule,boot,300,,,True,0.0078122643501342265,0.007751937984496124,0.007677112328275119,0.003861003861003861,1.2664092664092663,3.1426027356259914,"[[37.000003814697266, 3.000000238418579], [22.000001907348633, 4.000000476837158], [74.39990997314453, 66.22789764404297], 0.6241099834442139]",1.1093530654907227,
fing_x_face,6,0.01,parallel,4,P0-Parallel,parallel,boot,300,,,True,0.007827345941543752,0.0,0.006809134716111461,0.0,4.0,4.0,[6.775692939758301],,
fing_x_face,6,0.01,parallel,4,P1-LLR,parallel,boot,300,,,True,0.007540795704762767,0.0,0.007437670228367903,0.0,4.0,4.0,[-3.8585080779048555],,
fing_x_face,6,0.01,parallel,4,P2-LogReg,parallel,boot,300,,,True,0.007254245467981781,0.0,0.00577654066026159,0.003861003861003861,4.0,4.0,[-3.6372712246167342],,
fing_x_face,6,0.001,face_C,1,HYP,GP,boot,300,,,False,,,,,,,,,
fing_x_face,6,0.001,face_C,1,MONO,GP,boot,300,0.17302564463966125,0.203108554291011,True,0.0005127741079238681,0.19767441860465115,0.00023944209990721618,0.22393822393822393,1.0,1.0,[0.6593199968338013],0.009294271469116211,
fing_x_face,6,0.001,face_C,1,MONO-rel,GP,boot,300,0.18283806941489852,0.2325376265062999,True,0.0005127741079238681,0.19767441860465115,0.00023944209990721618,0.22393822393822393,1.0,1.0,[0.6593199968338013],0.007805585861206055,
fing_x_face,6,0.001,face_C,1,LR-P1-N2,GP,boot,300,0.17226045435345558,0.20296584859721917,True,0.0005127741079238681,0.19767441860465115,0.00023944209990721618,0.22393822393822393,1.0,1.0,[0.6593199968338013],0.011339426040649414,
fing_x_face,6,0.001,face_C,1,LR-P1-N2-rel,GP,boot,300,0.18283806941489852,0.23253762650629986,True,0.0005127741079238681,0.19767441860465115,0.00023944209990721618,0.22393822393822393,1.0,1.0,[0.6593199968338013],0.008582592010498047,
fing_x_face,6,0.001,face_C,1,LR-P2-N2,GP,boot,300,0.1840288068385451,0.20833232958591913,True,0.0005127741079238681,0.19767441860465115,0.00023944209990721618,0.22393822393822393,1.0,1.0,[0.6593199968338013],0.008179187774658203,
fing_x_face,6,0.001,face_C,1,LR-P2-N2-rel,GP,boot,300,0.22816439304928018,0.30244003073820436,True,0.0005127741079238681,0.19767441860465115,0.00023944209990721618,0.22393822393822393,1.0,1.0,[0.6593199968338013],0.008556127548217773,
fing_x_face,6,0.001,face_C,1,LR-P1-N3,GP,boot,300,0.17226045434043713,0.20296584859479114,True,0.0005127741079238681,0.19767441860465115,0.00023944209990721618,0.22393822393822393,1.0,1.0,[0.6593199968338013],0.008516550064086914,
fing_x_face,6,0.001,face_C,1,NLS-N2,GP,boot,300,0.16986163267428062,0.20251783278860952,True,0.0005127741079238681,0.19767441860465115,0.00023944209990721618,0.22393822393822393,1.0,1.0,[0.6593199968338013],0.008089542388916016,
fing_x_face,6,0.001,face_C,1,DE-N2,GP,boot,300,0.17212045203044823,0.20294049005287743,True,0.0005127741079238681,0.19767441860465115,0.00023944209990721618,0.22393822393822393,1.0,1.0,[0.6593199968338013],0.007771968841552734,
fing_x_face,6,0.001,face_C,1,MAXMONO-K3,GP,boot,300,0.34781306953535407,0.4988681870781604,True,0.0005127741079238681,0.19767441860465115,0.00023944209990721618,0.22393822393822393,1.0,1.0,[0.6593199968338013],0.008751630783081055,
fing_x_face,6,0.001,face_C,1,MONO-cont,GP,boot,300,0.17212233440924635,0.20294084031974918,True,0.0005127741079238681,0.19767441860465115,0.00023944209990721618,0.22393822393822393,1.0,1.0,[0.6593199968338013],0.008066415786743164,
fing_x_face,6,0.001,face_G,1,HYP,GP,boot,300,,,False,,,,,,,,,
fing_x_face,6,0.001,face_G,1,MONO,GP,boot,300,0.18180425568032713,0.20114192982282972,True,0.0006032636563810213,0.19767441860465115,0.0014965131244201013,0.2471042471042471,1.0,1.0,[74.90482330322266],0.007369518280029297,
fing_x_face,6,0.001,face_G,1,MONO-rel,GP,boot,300,0.20597681317020192,0.23969897998380438,True,0.0006032636563810213,0.19767441860465115,0.0014965131244201013,0.2471042471042471,1.0,1.0,[74.90482330322266],0.007897615432739258,
fing_x_face,6,0.001,face_G,1,LR-P1-N2,GP,boot,300,0.1813701225722924,0.20043460122345194,True,0.0006032636563810213,0.19767441860465115,0.0014965131244201013,0.2471042471042471,1.0,1.0,[74.90482330322266],0.00869441032409668,
fing_x_face,6,0.001,face_G,1,LR-P1-N2-rel,GP,boot,300,0.20471657454476466,0.23807382402027233,True,0.0006032636563810213,0.19767441860465115,0.0014965131244201013,0.2471042471042471,1.0,1.0,[74.90482330322266],0.008207321166992188,
fing_x_face,6,0.001,face_G,1,LR-P2-N2,GP,boot,300,0.198991506665644,0.215370513044937,True,0.0006032636563810213,0.19767441860465115,0.0014965131244201013,0.2471042471042471,1.0,1.0,[74.90482330322266],0.009122371673583984,
fing_x_face,6,0.001,face_G,1,LR-P2-N2-rel,GP,boot,300,0.2624369875189853,0.3135715039127341,True,0.0006032636563810213,0.19767441860465115,0.0014965131244201013,0.2471042471042471,1.0,1.0,[74.90482330322266],0.008832454681396484,
fing_x_face,6,0.001,face_G,1,LR-P1-N3,GP,boot,300,0.1813701225722921,0.20043460122345172,True,0.0006032636563810213,0.19767441860465115,0.0014965131244201013,0.2471042471042471,1.0,1.0,[74.90482330322266],0.010228633880615234,
fing_x_face,6,0.001,face_G,1,NLS-N2,GP,boot,300,0.18531342370063858,0.20691475940673823,True,0.0006032636563810213,0.19767441860465115,0.0014965131244201013,0.2471042471042471,1.0,1.0,[74.90482330322266],0.010052919387817383,
fing_x_face,6,0.001,face_G,1,DE-N2,GP,boot,300,0.1813786422639587,0.20044537584008518,True,0.0006032636563810213,0.19767441860465115,0.0014965131244201013,0.2471042471042471,1.0,1.0,[74.90482330322266],0.007169961929321289,
fing_x_face,6,0.001,face_G,1,MAXMONO-K3,GP,boot,300,0.24800944666677802,0.29450711291800463,True,0.0006032636563810213,0.19767441860465115,0.0014965131244201013,0.2471042471042471,1.0,1.0,[74.90482330322266],0.00761103630065918,
fing_x_face,6,0.001,face_G,1,MONO-cont,GP,boot,300,0.18138367768614236,0.2004536121712145,True,0.0006032636563810213,0.19767441860465115,0.0014965131244201013,0.2471042471042471,1.0,1.0,[74.90482330322266],0.007128000259399414,
fing_x_face,6,0.001,li_V,1,HYP,GP,boot,300,,,False,,,,,,,,,
fing_x_face,6,0.001,li_V,1,MONO,GP,boot,300,0.18398891678382456,0.20120535376319998,True,0.0005278556993333936,0.18604651162790697,0.00031426775612822125,0.19305019305019305,1.0,1.0,[27.0],0.007045745849609375,
fing_x_face,6,0.001,li_V,1,MONO-rel,GP,boot,300,0.32853128214004146,0.3928913508958971,True,0.0005278556993333936,0.18604651162790697,0.00031426775612822125,0.19305019305019305,1.0,1.0,[27.0],0.00708770751953125,
fing_x_face,6,0.001,li_V,1,LR-P1-N2,GP,boot,300,0.1839889167838247,0.20120535376319998,True,0.0005278556993333936,0.18604651162790697,0.00031426775612822125,0.19305019305019305,1.0,1.0,[27.0],0.007231235504150391,
fing_x_face,6,0.001,li_V,1,LR-P1-N2-rel,GP,boot,300,0.32853128214004146,0.3928913508958971,True,0.0005278556993333936,0.18604651162790697,0.00031426775612822125,0.19305019305019305,1.0,1.0,[27.0],0.006829977035522461,
fing_x_face,6,0.001,li_V,1,LR-P2-N2,GP,boot,300,0.18429509649057488,0.20250112974680734,True,0.0005278556993333936,0.18604651162790697,0.00031426775612822125,0.19305019305019305,1.0,1.0,[27.0],0.007628917694091797,
fing_x_face,6,0.001,li_V,1,LR-P2-N2-rel,GP,boot,300,0.6033797811663756,0.7725005989503966,True,0.0005278556993333936,0.18604651162790697,0.00031426775612822125,0.19305019305019305,1.0,1.0,[27.0],0.007615327835083008,
fing_x_face,6,0.001,li_V,1,LR-P1-N3,GP,boot,300,0.18398891678382445,0.20120535376319998,True,0.0005278556993333936,0.18604651162790697,0.00031426775612822125,0.19305019305019305,1.0,1.0,[27.0],0.007216453552246094,
fing_x_face,6,0.001,li_V,1,NLS-N2,GP,boot,300,0.18436938854259366,0.20280997838203974,True,0.0005278556993333936,0.18604651162790697,0.00031426775612822125,0.19305019305019305,1.0,1.0,[27.0],0.006844043731689453,
fing_x_face,6,0.001,li_V,1,DE-N2,GP,boot,300,0.1840541024477692,0.2014796024932078,True,0.0005278556993333936,0.18604651162790697,0.00031426775612822125,0.19305019305019305,1.0,1.0,[27.0],0.006960153579711914,
fing_x_face,6,0.001,li_V,1,MAXMONO-K3,GP,boot,300,0.36273707976626435,0.4393770694208216,True,0.0005278556993333936,0.18604651162790697,0.00031426775612822125,0.19305019305019305,1.0,1.0,[27.0],0.00746607780456543,
fing_x_face,6,0.001,li_V,1,MONO-cont,GP,boot,300,0.18405503520688163,0.2014835287978097,True,0.0005278556993333936,0.18604651162790697,0.00031426775612822125,0.19305019305019305,1.0,1.0,[27.0],0.007238864898681641,
fing_x_face,6,0.001,ri_V,1,HYP,GP,boot,300,,,False,,,,,,,,,
fing_x_face,6,0.001,ri_V,1,MONO,GP,boot,300,0.09881231698309093,0.10942271392251199,True,0.00048261092510481704,0.10077519379844961,0.0008230822184310556,0.11196911196911197,1.0,1.0,[26.0],0.007078886032104492,
fing_x_face,6,0.001,ri_V,1,MONO-rel,GP,boot,300,0.12333199054217259,0.14477193133396712,True,0.00048261092510481704,0.10077519379844961,0.0008230822184310556,0.11196911196911197,1.0,1.0,[26.0],0.007050037384033203,
fing_x_face,6,0.001,ri_V,1,LR-P1-N2,GP,boot,300,0.09902951554747608,0.10983267616760532,True,0.00048261092510481704,0.10077519379844961,0.0008230822184310556,0.11196911196911197,1.0,1.0,[26.0],0.006839275360107422,
fing_x_face,6,0.001,ri_V,1,LR-P1-N2-rel,GP,boot,300,0.12275718301030836,0.14398755480012643,True,0.00048261092510481704,0.10077519379844961,0.0008230822184310556,0.11196911196911197,1.0,1.0,[26.0],0.007147312164306641,
fing_x_face,6,0.001,ri_V,1,LR-P2-N2,GP,boot,300,0.09946723194918099,0.11065886578476583,True,0.00048261092510481704,0.10077519379844961,0.0008230822184310556,0.11196911196911197,1.0,1.0,[26.0],0.007573843002319336,
fing_x_face,6,0.001,ri_V,1,LR-P2-N2-rel,GP,boot,300,0.151930286951593,0.1851588215712181,True,0.00048261092510481704,0.10077519379844961,0.0008230822184310556,0.11196911196911197,1.0,1.0,[26.0],0.007288694381713867,
fing_x_face,6,0.001,ri_V,1,LR-P1-N3,GP,boot,300,0.09902951554747608,0.10983267616760523,True,0.00048261092510481704,0.10077519379844961,0.0008230822184310556,0.11196911196911197,1.0,1.0,[26.0],0.00687718391418457,
fing_x_face,6,0.001,ri_V,1,NLS-N2,GP,boot,300,0.10304302089067517,0.11602357460989185,True,0.00048261092510481704,0.10077519379844961,0.0008230822184310556,0.11196911196911197,1.0,1.0,[26.0],0.0070953369140625,
fing_x_face,6,0.001,ri_V,1,DE-N2,GP,boot,300,0.09914300035159276,0.11004304385472873,True,0.00048261092510481704,0.10077519379844961,0.0008230822184310556,0.11196911196911197,1.0,1.0,[26.0],0.007166147232055664,
fing_x_face,6,0.001,ri_V,1,MAXMONO-K3,GP,boot,300,0.3041622169839508,0.41910468866222633,True,0.00048261092510481704,0.10077519379844961,0.0008230822184310556,0.11196911196911197,1.0,1.0,[26.0],0.007081747055053711,
fing_x_face,6,0.001,ri_V,1,MONO-cont,GP,boot,300,0.09914575524327672,0.1100482177875666,True,0.00048261092510481704,0.10077519379844961,0.0008230822184310556,0.11196911196911197,1.0,1.0,[26.0],0.009031057357788086,
fing_x_face,6,0.001,face_C>face_G,2,HYP,GP,boot,300,,,False,,,,,,,,,
fing_x_face,6,0.001,face_C>face_G,2,MONO,GP,boot,300,0.07566192896204887,0.08141115700624652,True,0.0005731004735619702,0.15503875968992248,0.0007482565622100506,0.19305019305019305,1.2432432432432432,1.6235521235521235,"[[0.6627000570297241, 0.5204200744628906], 75.34105682373047]",0.02968740463256836,
fing_x_face,6,0.001,face_C>face_G,2,MONO-rel,GP,boot,300,0.06365512649941217,0.1021213805988112,True,0.0005731004735619702,0.15891472868217055,0.0007332914309658496,0.19305019305019305,1.2355212355212355,1.1594085780132293,"[[0.6627000570297241, 0.5622400641441345], 75.314697265625]",0.033960580825805664,
fing_x_face,6,0.001,face_C>face_G,2,LR-P1-N2,GP,boot,300,0.07410282602519912,0.08014382493071331,True,0.0005731004735619702,0.15503875968992248,0.0007482565622100506,0.19305019305019305,1.2432432432432432,1.6235521235521235,"[[0.6627000570297241, 0.5204200744628906], 75.34105682373047]",0.03046250343322754,
fing_x_face,6,0.001,face_C>face_G,2,LR-P1-N2-rel,GP,boot,300,0.06348801452223837,0.10143573803399364,True,0.0005731004735619702,0.15891472868217055,0.0007332914309658496,0.19305019305019305,1.2355212355212355,1.1621172667684296,"[[0.6627000570297241, 0.5619100332260132], 75.314697265625]",0.026355743408203125,
fing_x_face,6,0.001,face_C>face_G,2,LR-P2-N2,GP,boot,300,0.0987887153330407,0.09750832085147787,True,0.0005580188821524447,0.15503875968992248,0.0007482565622100506,0.19305019305019305,1.2432432432432432,1.6235521235521235,"[[0.6629800796508789, 0.5204200744628906], 75.34105682373047]",0.025386333465576172,
fing_x_face,6,0.001,face_C>face_G,2,LR-P2-N2-rel,GP,boot,300,0.07786602063178337,0.16693487422974806,True,0.0005580188821524447,0.15891472868217055,0.0006435006435006435,0.1969111969111969,1.2162162162162162,1.0773098680075424,"[[0.6627000570297241, 0.5772100687026978], 75.26847076416016]",0.021116256713867188,
fing_x_face,6,0.001,face_C>face_G,2,LR-P1-N3,GP,boot,300,0.07410282600082334,0.0801438249135733,True,0.0005731004735619702,0.15503875968992248,0.0007482565622100506,0.19305019305019305,1.2432432432432432,1.6235521235521235,"[[0.6627000570297241, 0.5204200744628906], 75.34105682373047]",0.0263214111328125,
fing_x_face,6,0.001,face_C>face_G,2,NLS-N2,GP,boot,300,0.07074848876935842,0.08030067290036424,True,0.0005731004735619702,0.15503875968992248,0.0007482565622100506,0.19305019305019305,1.2432432432432432,1.5502678758492712,"[[0.6627000570297241, 0.526140034198761], 75.34105682373047]",0.026858091354370117,
fing_x_face,6,0.001,face_C>face_G,2,DE-N2,GP,boot,300,0.07377051446906653,0.07990695042778506,True,0.0005731004735619702,0.15503875968992248,0.0007482565622100506,0.19305019305019305,1.2432432432432432,1.6235521235521235,"[[0.6627000570297241, 0.5204200744628906], 75.34105682373047]",0.02991628646850586,
fing_x_face,6,0.001,face_C>face_G,2,MAXMONO-K3,GP,boot,300,0.1379463109489941,0.35460286056409335,True,0.0005429372907429192,0.16279069767441862,0.0003741282811050253,0.1891891891891892,1.1814671814671815,1.053829577085391,"[[0.659320056438446, 0.5838900804519653], 75.77377319335938]",0.028435707092285156,
fing_x_face,6,0.001,face_C>face_G,2,MONO-cont,GP,boot,300,0.07377556598284396,0.07991256761807175,True,0.0005731004735619702,0.15503875968992248,0.0007482565622100506,0.19305019305019305,1.2432432432432432,1.6235521235521235,"[[0.6627000570297241, 0.5204200744628906], 75.34105682373047]",0.032338619232177734,
fing_x_face,6,0.001,face_C>face_G,2,S1-Marcialis,rule,boot,300,,,True,0.0006032636563810213,0.16666666666666666,0.0015114782556643021,0.22393822393822393,1.393822393822394,1.6270689293945109,"[[0.6950200796127319, 0.5201699733734131], 74.88909912109375]",0.007912874221801758,
fing_x_face,6,0.001,face_C>face_G,2,S2-Symmetric,rule,boot,300,,,True,0.0006032636563810213,0.16666666666666666,0.0015114782556643021,0.22393822393822393,1.393822393822394,1.6270689293945109,"[[0.6950200796127319, 0.5201699733734131], 74.88909912109375]",0.03418850898742676,
fing_x_face,6,0.001,face_C>face_G,2,S3-SPRT,rule,boot,300,,,True,0.0005580188821524447,0.12015503875968993,0.0008979078746520607,0.1583011583011583,1.305019305019305,1.6325611325611327,"[[6.8678505119742175, -3.899276712268543], 5.572282713505725]",0.2134075164794922,
fing_x_face,6,0.001,face_C>face_G,2,S4-Direct,rule,boot,300,,,True,0.0005429372907429192,0.13178294573643412,0.0005537098560354374,0.19305019305019305,1.135135135135135,1.00505821436054,"[[0.6624500751495361, 0.6209800839424133], 74.69410705566406]",0.34659814834594727,
fing_x_face,6,0.001,face_C>li_V,2,HYP,GP,boot,300,,,False,,,,,,,,,
fing_x_face,6,0.001,face_C>li_V,2,MONO,GP,boot,300,0.07511996988995892,0.07776129614891232,True,0.0005429372907429192,0.03875968992248062,0.0002993026248840202,0.03088803088803089,1.2277992277992278,1.623522193289635,"[[0.6600600481033325, 0.5204200744628906], 30.0]",0.026441097259521484,
fing_x_face,6,0.001,face_C>li_V,2,MONO-rel,GP,boot,300,0.08364025720088016,0.11235509199483196,True,0.0005127741079238681,0.050387596899224806,0.00022447696866301518,0.04247104247104247,1.2162162162162162,1.0817096165933375,"[[0.6624500751495361, 0.5761900544166565], 26.0]",0.023949861526489258,
fing_x_face,6,0.001,face_C>li_V,2,LR-P1-N2,GP,boot,300,0.07365367498838789,0.07669202152689422,True,0.0005429372907429192,0.03875968992248062,0.0002993026248840202,0.03088803088803089,1.2277992277992278,1.623522193289635,"[[0.6600600481033325, 0.5204200744628906], 30.0]",0.02599787712097168,
fing_x_face,6,0.001,face_C>li_V,2,LR-P1-N2-rel,GP,boot,300,0.08364025720089564,0.11235509199483194,True,0.0005127741079238681,0.050387596899224806,0.00022447696866301518,0.04247104247104247,1.2162162162162162,1.0817096165933375,"[[0.6624500751495361, 0.5761900544166565], 26.0]",0.021816492080688477,
fing_x_face,6,0.001,face_C>li_V,2,LR-P2-N2,GP,boot,300,0.09547262125978921,0.09183506214705664,True,0.0005580188821524447,0.04263565891472868,0.00031426775612822125,0.023166023166023165,1.2432432432432432,1.6235521235521235,"[[0.6627000570297241, 0.5204200744628906], 29.0]",0.02566695213317871,
fing_x_face,6,0.001,face_C>li_V,2,LR-P2-N2-rel,GP,boot,300,0.11642165096497653,0.17070387260437447,True,0.0005731004735619702,0.06976744186046512,0.0002993026248840202,0.08494208494208494,1.16988416988417,1.0237047678908144,"[[0.6632700562477112, 0.5973300337791443], 22.0]",0.02027440071105957,
fing_x_face,6,0.001,face_C>li_V,2,LR-P1-N3,GP,boot,300,0.0736536749634242,0.07669202150870184,True,0.0005429372907429192,0.03875968992248062,0.0002993026248840202,0.03088803088803089,1.2277992277992278,1.623522193289635,"[[0.6600600481033325, 0.5204200744628906], 30.0]",0.0252683162689209,
fing_x_face,6,0.001,face_C>li_V,2,NLS-N2,GP,boot,300,0.06938881467851411,0.07421613379732396,True,0.0005429372907429192,0.03875968992248062,0.0002993026248840202,0.03088803088803089,1.2277992277992278,1.623522193289635,"[[0.6600600481033325, 0.5204200744628906], 30.0]",0.02482318878173828,
fing_x_face,6,0.001,face_C>li_V,2,DE-N2,GP,boot,300,0.07336142261752067,0.07658045750865056,True,0.0005429372907429192,0.03875968992248062,0.0002993026248840202,0.03088803088803089,1.2277992277992278,1.623522193289635,"[[0.6600600481033325, 0.5204200744628906], 30.0]",0.02473163604736328,
fing_x_face,6,0.001,face_C>li_V,2,MAXMONO-K3,GP,boot,300,0.16455446032388546,0.28629579342633976,True,0.0004976925165143426,0.07751937984496124,0.00022447696866301518,0.09652509652509653,1.1428571428571428,1.0146358983568287,"[[0.6600600481033325, 0.6050100326538086], 27.0]",0.023857831954956055,
fing_x_face,6,0.001,face_C>li_V,2,MONO-cont,GP,boot,300,0.07336577932041435,0.0765851231240482,True,0.0005429372907429192,0.03875968992248062,0.0002993026248840202,0.03088803088803089,1.2277992277992278,1.623522193289635,"[[0.6600600481033325, 0.5204200744628906], 30.0]",0.024432659149169922,
fing_x_face,6,0.001,face_C>li_V,2,S1-Marcialis,rule,boot,300,,,True,0.0004976925165143426,0.05426356589147287,0.0003292328873724223,0.023166023166023165,1.393822393822394,1.6270689293945109,"[[0.6950200796127319, 0.5201699733734131], 26.0]",0.006888866424560547,
fing_x_face,6,0.001,face_C>li_V,2,S2-Symmetric,rule,boot,300,,,True,0.0004976925165143426,0.05426356589147287,0.0003292328873724223,0.023166023166023165,1.393822393822394,1.6270689293945109,"[[0.6950200796127319, 0.5201699733734131], 26.0]",0.029886722564697266,
fing_x_face,6,0.001,face_C>li_V,2,S3-SPRT,rule,boot,300,,,False,,,,,,,,,
fing_x_face,6,0.001,face_C>li_V,2,S4-Direct,rule,boot,300,,,False,,,,,,,,,
fing_x_face,6,0.001,face_C>ri_V,2,HYP,GP,boot,300,,,False,,,,,,,,,
fing_x_face,6,0.001,face_C>ri_V,2,MONO,GP,boot,300,0.05735498570480332,0.06103620892453548,True,0.0005278556993333936,0.031007751937984496,0.0003741282811050253,0.023166023166023165,1.2277992277992278,1.623522193289635,"[[0.6600600481033325, 0.5204200744628906], 30.0]",0.024650096893310547,
fing_x_face,6,0.001,face_C>ri_V,2,MONO-rel,GP,boot,300,0.04789329601621612,0.06371853928228828,True,0.0005278556993333936,0.03488372093023256,0.0004190236748376283,0.019305019305019305,1.2277992277992278,1.5982610517494238,"[[0.6603200435638428, 0.5224500298500061], 29.0]",0.02572035789489746,
fing_x_face,6,0.001,face_C>ri_V,2,LR-P1-N2,GP,boot,300,0.05599180648840497,0.06002470137513235,True,0.0005278556993333936,0.031007751937984496,0.0003741282811050253,0.023166023166023165,1.2277992277992278,1.623522193289635,"[[0.6600600481033325, 0.5204200744628906], 30.0]",0.02456068992614746,
fing_x_face,6,0.001,face_C>ri_V,2,LR-P1-N2-rel,GP,boot,300,0.04773938065900863,0.06331317412465645,True,0.0005278556993333936,0.03488372093023256,0.0004190236748376283,0.019305019305019305,1.2277992277992278,1.6082727245517943,"[[0.6603200435638428, 0.5216400623321533], 29.0]",0.028003454208374023,
fing_x_face,6,0.001,face_C>ri_V,2,LR-P2-N2,GP,boot,300,0.0771062529961293,0.07626330327668429,True,0.0005278556993333936,0.031007751937984496,0.0005088144623028344,0.015444015444015444,1.2432432432432432,1.6235521235521235,"[[0.6627000570297241, 0.5204200744628906], 28.0]",0.02443981170654297,
fing_x_face,6,0.001,face_C>ri_V,2,LR-P2-N2-rel,GP,boot,300,0.06000775127729771,0.09451645895730304,True,0.0004976925165143426,0.04263565891472868,0.0003292328873724223,0.019305019305019305,1.2355212355212355,1.2119960492053514,"[[0.6615100502967834, 0.5556400418281555], 28.0]",0.024491548538208008,
fing_x_face,6,0.001,face_C>ri_V,2,LR-P1-N3,GP,boot,300,0.05599180646403001,0.06002470135470696,True,0.0005278556993333936,0.031007751937984496,0.0003741282811050253,0.023166023166023165,1.2277992277992278,1.623522193289635,"[[0.6600600481033325, 0.5204200744628906], 30.0]",0.02393031120300293,
fing_x_face,6,0.001,face_C>ri_V,2,NLS-N2,GP,boot,300,0.052631552782521046,0.05756745943314209,True,0.0005278556993333936,0.031007751937984496,0.0004190236748376283,0.019305019305019305,1.2277992277992278,1.623522193289635,"[[0.6603200435638428, 0.5204200744628906], 29.0]",0.025397777557373047,
fing_x_face,6,0.001,face_C>ri_V,2,DE-N2,GP,boot,300,0.05569403898828773,0.059837261527664415,True,0.0005278556993333936,0.031007751937984496,0.0003741282811050253,0.023166023166023165,1.2277992277992278,1.623522193289635,"[[0.6600600481033325, 0.5204200744628906], 30.0]",0.026554346084594727,
fing_x_face,6,0.001,face_C>ri_V,2,MAXMONO-K3,GP,boot,300,0.13383747116624192,0.17236101489183248,True,0.0005278556993333936,0.06976744186046512,0.0003741282811050253,0.08494208494208494,1.166023166023166,1.02219328963515,"[[0.6627000570297241, 0.598590075969696], 21.0]",0.025163650512695312,
fing_x_face,6,0.001,face_C>ri_V,2,MONO-cont,GP,boot,300,0.05569851005824121,0.05984265353363445,True,0.0005278556993333936,0.031007751937984496,0.0003741282811050253,0.023166023166023165,1.2277992277992278,1.623522193289635,"[[0.6600600481033325, 0.5204200744628906], 30.0]",0.024958372116088867,
fing_x_face,6,0.001,face_C>ri_V,2,S1-Marcialis,rule,boot,300,,,True,0.0005731004735619702,0.027131782945736434,0.0008829427434078596,0.015444015444015444,1.393822393822394,1.6270689293945109,"[[0.6950200796127319, 0.5201699733734131], 25.0]",0.006611824035644531,
fing_x_face,6,0.001,face_C>ri_V,2,S2-Symmetric,rule,boot,300,,,True,0.0005731004735619702,0.027131782945736434,0.0008829427434078596,0.015444015444015444,1.393822393822394,1.6270689293945109,"[[0.6950200796127319, 0.5201699733734131], 25.0]",0.030382633209228516,
fing_x_face,6,0.001,face_C>ri_V,2,S3-SPRT,rule,boot,300,,,True,0.0005429372907429192,0.01937984496124031,0.0005237795935470355,0.011583011583011582,1.3667953667953667,1.632606027954865,"[[7.200907835801471, -3.899276712268543], 2.262481498377668]",0.19393682479858398,
fing_x_face,6,0.001,face_C>ri_V,2,S4-Direct,rule,boot,300,,,False,,,,,,,,,
fing_x_face,6,0.001,face_G>face_C,2,HYP,GP,boot,300,,,False,,,,,,,,,
fing_x_face,6,0.001,face_G>face_C,2,MONO,GP,boot,300,0.08826375928724173,0.0922718611684229,True,0.0006032636563810213,0.1511627906976744,0.0010774894495824729,0.18532818532818532,1.274131274131274,1.5491155607434677,"[[75.138427734375, 65.94686126708984], 0.664929986000061]",0.028527498245239258,
fing_x_face,6,0.001,face_G>face_C,2,MONO-rel,GP,boot,300,0.07524675338267447,0.11142220449320892,True,0.0005881820649714958,0.15891472868217055,0.001047559187094071,0.1891891891891892,1.2586872586872586,1.202792493490168,"[[75.138427734375, 69.66014099121094], 0.6644899845123291]",0.02812933921813965,
fing_x_face,6,0.001,face_G>face_C,2,LR-P1-N2,GP,boot,300,0.08861272153619805,0.09260024460824166,True,0.0006032636563810213,0.1511627906976744,0.0010774894495824729,0.18532818532818532,1.274131274131274,1.5491155607434677,"[[75.138427734375, 65.94686126708984], 0.664929986000061]",0.0269162654876709,
fing_x_face,6,0.001,face_G>face_C,2,LR-P1-N2-rel,GP,boot,300,0.07505755791873227,0.11078588163527239,True,0.0005881820649714958,0.15891472868217055,0.001047559187094071,0.1891891891891892,1.2586872586872586,1.2037053664960642,"[[75.138427734375, 68.95427703857422], 0.6644899845123291]",0.024557828903198242,
fing_x_face,6,0.001,face_G>face_C,2,LR-P2-N2,GP,boot,300,0.11539404286816314,0.1115843473979947,True,0.0006032636563810213,0.1511627906976744,0.0010774894495824729,0.18532818532818532,1.274131274131274,1.5491155607434677,"[[75.13805389404297, 65.94686126708984], 0.6651999950408936]",0.026152372360229492,
fing_x_face,6,0.001,face_G>face_C,2,LR-P2-N2-rel,GP,boot,300,0.09038604459378541,0.17957876186719227,True,0.0005881820649714958,0.15891472868217055,0.001047559187094071,0.1891891891891892,1.247104247104247,1.1065666995899555,"[[75.138427734375, 71.9615478515625], 0.6644899845123291]",0.022216320037841797,
fing_x_face,6,0.001,face_G>face_C,2,LR-P1-N3,GP,boot,300,0.08861272153365032,0.09260024460984517,True,0.0006032636563810213,0.1511627906976744,0.0010774894495824729,0.18532818532818532,1.274131274131274,1.5491155607434677,"[[75.138427734375, 65.94686126708984], 0.664929986000061]",0.03051900863647461,
fing_x_face,6,0.001,face_G>face_C,2,NLS-N2,GP,boot,300,0.0842362192037641,0.09143126350809262,True,0.0006032636563810213,0.1511627906976744,0.0010774894495824729,0.18532818532818532,1.2702702702702702,1.541528239202658,"[[75.138427734375, 65.97019958496094], 0.664929986000061]",0.03058314323425293,
fing_x_face,6,0.001,face_G>face_C,2,DE-N2,GP,boot,300,0.0885388346729883,0.09258180286128531,True,0.0006032636563810213,0.1511627906976744,0.0010774894495824729,0.18532818532818532,1.274131274131274,1.5491155607434677,"[[75.138427734375, 65.94686126708984], 0.664929986000061]",0.027798891067504883,
fing_x_face,6,0.001,face_G>face_C,2,MAXMONO-K3,GP,boot,300,0.1253836685458529,0.27202083407976985,True,0.0005881820649714958,0.15891472868217055,0.0010325940558498698,0.1969111969111969,1.223938223938224,1.069228697135674,"[[75.138427734375, 72.42181396484375], 0.6644899845123291]",0.03010249137878418,
fing_x_face,6,0.001,face_G>face_C,2,MONO-cont,GP,boot,300,0.08853382414755948,0.09257918403176957,True,0.0006032636563810213,0.1511627906976744,0.0010774894495824729,0.18532818532818532,1.274131274131274,1.5491155607434677,"[[75.138427734375, 65.94686126708984], 0.664929986000061]",0.029970407485961914,
fing_x_face,6,0.001,face_G>face_C,2,S1-Marcialis,rule,boot,300,,,True,0.0005127741079238681,0.15891472868217055,0.00034419801861662326,0.18532818532818532,1.3436293436293436,1.5531112507856695,"[[75.94683074951172, 65.9372329711914], 0.6593199968338013]",0.007822513580322266,
fing_x_face,6,0.001,face_G>face_C,2,S2-Symmetric,rule,boot,300,,,True,0.0005127741079238681,0.15891472868217055,0.00034419801861662326,0.18532818532818532,1.3436293436293436,1.5531112507856695,"[[75.94683074951172, 65.9372329711914], 0.6593199968338013]",0.047808170318603516,
fing_x_face,6,0.001,face_G>face_C,2,S3-SPRT,rule,boot,300,,,True,0.0005278556993333936,0.12403100775193798,0.0008380473496752566,0.1583011583011583,1.3397683397683398,1.5566729520217892,"[[6.457819740771156, -3.5091428000324654], 5.716622350094769]",0.2270963191986084,
fing_x_face,6,0.001,face_G>face_C,2,S4-Direct,rule,boot,300,,,True,0.0004976925165143426,0.15503875968992248,0.00043398880608182933,0.19305019305019305,1.3166023166023166,1.6113555415880998,"[[75.69056701660156, 65.73580932617188], 0.6624500155448914]",0.44471216201782227,
fing_x_face,6,0.001,face_G>li_V,2,HYP,GP,boot,300,,,False,,,,,,,,,
fing_x_face,6,0.001,face_G>li_V,2,MONO,GP,boot,300,0.08979783597289884,0.08515779078026192,True,0.0006183452477905468,0.046511627906976744,0.0013618269432222922,0.023166023166023165,1.250965250965251,1.5487713627248512,"[[75.00386047363281, 65.94686126708984], 28.0]",0.02707386016845703,
fing_x_face,6,0.001,face_G>li_V,2,MONO-rel,GP,boot,300,0.10478336046780355,0.10545496887241461,True,0.0006635900220191234,0.06976744186046512,0.00133189668073389,0.05019305019305019,1.2316602316602316,1.0978569932058304,"[[75.06671905517578, 72.05239868164062], 22.0]",0.022041797637939453,
fing_x_face,6,0.001,face_G>li_V,2,LR-P1-N2,GP,boot,300,0.09031153847944487,0.08548120051069785,True,0.0006183452477905468,0.046511627906976744,0.0013618269432222922,0.023166023166023165,1.250965250965251,1.5487713627248512,"[[75.00386047363281, 65.94686126708984], 28.0]",0.025887250900268555,
fing_x_face,6,0.001,face_G>li_V,2,LR-P1-N2-rel,GP,boot,300,0.10442195804821641,0.10491938957531541,True,0.0006635900220191234,0.06976744186046512,0.00133189668073389,0.04633204633204633,1.2355212355212355,1.0982311214869354,"[[75.06671905517578, 72.04812622070312], 22.0]",0.023520946502685547,
fing_x_face,6,0.001,face_G>li_V,2,LR-P2-N2,GP,boot,300,0.1152115750908003,0.10570218901006945,True,0.0006485084306095979,0.050387596899224806,0.001272036155757086,0.023166023166023165,1.2664092664092663,1.5489359791685373,"[[75.06671905517578, 65.94686126708984], 27.0]",0.02556777000427246,
fing_x_face,6,0.001,face_G>li_V,2,LR-P2-N2-rel,GP,boot,300,0.1472651504744289,0.1736806652956578,True,0.0005429372907429192,0.08139534883720931,0.001122384843315076,0.09652509652509653,1.1891891891891893,1.03230971835623,"[[75.12274932861328, 73.05137634277344], 20.0]",0.01996898651123047,
fing_x_face,6,0.001,face_G>li_V,2,LR-P1-N3,GP,boot,300,0.0903115384794443,0.08548120051069755,True,0.0006183452477905468,0.046511627906976744,0.0013618269432222922,0.023166023166023165,1.250965250965251,1.5487713627248512,"[[75.00386047363281, 65.94686126708984], 28.0]",0.02609729766845703,
fing_x_face,6,0.001,face_G>li_V,2,NLS-N2,GP,boot,300,0.08648475260979151,0.08343499292731452,True,0.0006183452477905468,0.046511627906976744,0.0013618269432222922,0.023166023166023165,1.250965250965251,1.5487713627248512,"[[75.00386047363281, 65.94686126708984], 28.0]",0.02732062339782715,
fing_x_face,6,0.001,face_G>li_V,2,DE-N2,GP,boot,300,0.0903014207469879,0.08550578696567379,True,0.0006183452477905468,0.046511627906976744,0.0013618269432222922,0.023166023166023165,1.250965250965251,1.5487713627248512,"[[75.00386047363281, 65.94686126708984], 28.0]",0.02814030647277832,
fing_x_face,6,0.001,face_G>li_V,2,MAXMONO-K3,GP,boot,300,0.15034625958601033,0.15370561834308216,True,0.0006183452477905468,0.07364341085271318,0.0013618269432222922,0.08108108108108109,1.196911196911197,1.046391906857023,"[[75.03804779052734, 72.77719116210938], 21.0]",0.03148937225341797,
fing_x_face,6,0.001,face_G>li_V,2,MONO-cont,GP,boot,300,0.09029636634553026,0.08550321948256684,True,0.0006183452477905468,0.046511627906976744,0.0013618269432222922,0.023166023166023165,1.250965250965251,1.5487713627248512,"[[75.00386047363281, 65.94686126708984], 28.0]",0.05320096015930176,
fing_x_face,6,0.001,face_G>li_V,2,S1-Marcialis,rule,boot,300,,,True,0.00043736615087624044,0.05426356589147287,0.0003890934123492263,0.03474903474903475,1.3436293436293436,1.5531112507856695,"[[75.94683074951172, 65.9372329711914], 26.0]",0.007737636566162109,
fing_x_face,6,0.001,face_G>li_V,2,S2-Symmetric,rule,boot,300,,,True,0.00043736615087624044,0.05426356589147287,0.0003890934123492263,0.03474903474903475,1.3436293436293436,1.5531112507856695,"[[75.94683074951172, 65.9372329711914], 26.0]",0.04558420181274414,
fing_x_face,6,0.001,face_G>li_V,2,S3-SPRT,rule,boot,300,,,False,,,,,,,,,
fing_x_face,6,0.001,face_G>li_V,2,S4-Direct,rule,boot,300,,,True,0.0005429372907429192,0.046511627906976744,0.0005237795935470355,0.02702702702702703,1.3166023166023166,1.6113555415880998,"[[75.69056701660156, 65.73580932617188], 26.0]",0.3637428283691406,
fing_x_face,6,0.001,face_G>ri_V,2,HYP,GP,boot,300,,,False,,,,,,,,,
fing_x_face,6,0.001,face_G>ri_V,2,MONO,GP,boot,300,0.07165233893805498,0.07011961051646648,True,0.0005429372907429192,0.015503875968992248,0.0016162341743737093,0.011583011583011582,1.250965250965251,1.5487713627248512,"[[75.00386047363281, 65.94686126708984], 27.0]",0.02543807029724121,
fing_x_face,6,0.001,face_G>ri_V,2,MONO-rel,GP,boot,300,0.06258469484087428,0.06916436381851919,True,0.0005278556993333936,0.015503875968992248,0.0015713387806411063,0.011583011583011582,1.250965250965251,1.5488162581185838,"[[75.02111053466797, 65.94686126708984], 27.0]",0.025837182998657227,
fing_x_face,6,0.001,face_G>ri_V,2,LR-P1-N2,GP,boot,300,0.0722932024013239,0.0706809403148744,True,0.0005429372907429192,0.015503875968992248,0.0016162341743737093,0.011583011583011582,1.250965250965251,1.5487713627248512,"[[75.00386047363281, 65.94686126708984], 27.0]",0.03444671630859375,
fing_x_face,6,0.001,face_G>ri_V,2,LR-P1-N2-rel,GP,boot,300,0.06228860691221779,0.0686882823808165,True,0.0005278556993333936,0.015503875968992248,0.0015713387806411063,0.011583011583011582,1.250965250965251,1.5488162581185838,"[[75.02111053466797, 65.94686126708984], 27.0]",0.029505014419555664,
fing_x_face,6,0.001,face_G>ri_V,2,LR-P2-N2,GP,boot,300,0.09588846245003504,0.09100775709984196,True,0.0006032636563810213,0.015503875968992248,0.0016162341743737093,0.011583011583011582,1.2664092664092663,1.5489359791685373,"[[75.06671905517578, 65.94686126708984], 26.0]",0.02587413787841797,
fing_x_face,6,0.001,face_G>ri_V,2,LR-P2-N2-rel,GP,boot,300,0.0793211825000408,0.08776906445089523,True,0.0005881820649714958,0.03488372093023256,0.0016611295681063123,0.019305019305019305,1.2393822393822393,1.2935410493550028,"[[75.02111053466797, 66.82390594482422], 25.0]",0.0341646671295166,
fing_x_face,6,0.001,face_G>ri_V,2,LR-P1-N3,GP,boot,300,0.07229320240132339,0.07068094031487407,True,0.0005429372907429192,0.015503875968992248,0.0016162341743737093,0.011583011583011582,1.250965250965251,1.5487713627248512,"[[75.00386047363281, 65.94686126708984], 27.0]",0.033287763595581055,
fing_x_face,6,0.001,face_G>ri_V,2,NLS-N2,GP,boot,300,0.06870533363076524,0.06864363788328416,True,0.0005278556993333936,0.015503875968992248,0.0015713387806411063,0.011583011583011582,1.250965250965251,1.5488162581185838,"[[75.02111053466797, 65.94686126708984], 27.0]",0.02490520477294922,
fing_x_face,6,0.001,face_G>ri_V,2,DE-N2,GP,boot,300,0.0722778988793887,0.07068706599713617,True,0.0005429372907429192,0.015503875968992248,0.0016162341743737093,0.011583011583011582,1.250965250965251,1.5487713627248512,"[[75.00386047363281, 65.94686126708984], 27.0]",0.026051998138427734,
fing_x_face,6,0.001,face_G>ri_V,2,MAXMONO-K3,GP,boot,300,0.12766006400936852,0.13845473991342921,True,0.0006032636563810213,0.06589147286821706,0.001257071024512885,0.06177606177606178,1.2162162162162162,1.0556253928346953,"[[75.15140533447266, 72.6237564086914], 21.0]",0.02907562255859375,
fing_x_face,6,0.001,face_G>ri_V,2,MONO-cont,GP,boot,300,0.07227235607213488,0.07068317643018517,True,0.0005429372907429192,0.015503875968992248,0.0016162341743737093,0.011583011583011582,1.250965250965251,1.5487713627248512,"[[75.00386047363281, 65.94686126708984], 27.0]",0.025988340377807617,
fing_x_face,6,0.001,face_G>ri_V,2,S1-Marcialis,rule,boot,300,,,True,0.00039212137664766385,0.031007751937984496,0.0008530124809194577,0.023166023166023165,1.3436293436293436,1.5531112507856695,"[[75.94683074951172, 65.9372329711914], 25.0]",0.00706791877746582,
fing_x_face,6,0.001,face_G>ri_V,2,S2-Symmetric,rule,boot,300,,,True,0.00039212137664766385,0.031007751937984496,0.0008530124809194577,0.023166023166023165,1.3436293436293436,1.5531112507856695,"[[75.94683074951172, 65.9372329711914], 25.0]",0.04424571990966797,
fing_x_face,6,0.001,face_G>ri_V,2,S3-SPRT,rule,boot,300,,,True,0.0006485084306095979,0.01937984496124031,0.0014067223369548952,0.007722007722007722,1.3397683397683398,1.5566729520217892,"[[6.457819740771156, -3.5091428000324654], 1.8229681859722058]",0.22742247581481934,
fing_x_face,6,0.001,face_G>ri_V,2,S4-Direct,rule,boot,300,,,True,0.0005278556993333936,0.011627906976744186,0.0015713387806411063,0.011583011583011582,1.250965250965251,1.6103977731884709,"[[75.02111053466797, 65.73580932617188], 27.0]",0.3981740474700928,
fing_x_face,6,0.001,li_V>face_C,2,HYP,GP,boot,300,,,False,,,,,,,,,
fing_x_face,6,0.001,li_V>face_C,2,MONO,GP,boot,300,0.11083279712701874,0.10627347712688394,True,0.0005127741079238681,0.04263565891472868,0.0003292328873724223,0.02702702702702703,1.223938223938224,1.8571129268803688,"[[29.000001907348633, 4.000000476837158], 0.6594900488853455]",0.02193284034729004,
fing_x_face,6,0.001,li_V>face_C,2,MONO-rel,GP,boot,300,0.12653041907830864,0.13940499540938647,True,0.0006485084306095979,0.08527131782945736,0.00043398880608182933,0.06563706563706563,1.162162162162162,1.181137948579809,"[[28.000001907348633, 9.000000953674316], 0.6423299908638]",0.02239823341369629,
fing_x_face,6,0.001,li_V>face_C,2,LR-P1-N2,GP,boot,300,0.11074654297098745,0.10600007354227617,True,0.0005278556993333936,0.04263565891472868,0.0003292328873724223,0.02702702702702703,1.223938223938224,1.8571129268803688,"[[29.000001907348633, 4.000000476837158], 0.659320056438446]",0.020120620727539062,
fing_x_face,6,0.001,li_V>face_C,2,LR-P1-N2-rel,GP,boot,300,0.12653041907830864,0.13940499540938647,True,0.0006485084306095979,0.08527131782945736,0.00043398880608182933,0.06563706563706563,1.162162162162162,1.181137948579809,"[[28.000001907348633, 9.000000953674316], 0.6423299908638]",0.02400827407836914,
fing_x_face,6,0.001,li_V>face_C,2,LR-P2-N2,GP,boot,300,0.10942242125724436,0.10193360122485984,True,0.0005881820649714958,0.046511627906976744,0.0003591631498608243,0.019305019305019305,1.2162162162162162,1.857053066355392,"[[28.000001907348633, 4.000000476837158], 0.6629800200462341]",0.019211292266845703,
fing_x_face,6,0.001,li_V>face_C,2,LR-P2-N2-rel,GP,boot,300,0.1929665410770543,0.2558143625225895,True,0.0006635900220191234,0.10465116279069768,0.0003591631498608243,0.0888030888030888,1.135135135135135,1.0879500763221694,"[[28.000001907348633, 11.000000953674316], 0.6382099986076355]",0.028264999389648438,
fing_x_face,6,0.001,li_V>face_C,2,LR-P1-N3,GP,boot,300,0.11074654296944601,0.10600007354196295,True,0.0005278556993333936,0.04263565891472868,0.0003292328873724223,0.02702702702702703,1.223938223938224,1.8571129268803688,"[[29.000001907348633, 4.000000476837158], 0.659320056438446]",0.022091388702392578,
fing_x_face,6,0.001,li_V>face_C,2,NLS-N2,GP,boot,300,0.1066871295678059,0.10430657553538646,True,0.0005580188821524447,0.05426356589147287,0.00034419801861662326,0.04633204633204633,1.2046332046332047,1.6943671245996828,"[[29.000001907348633, 5.000000476837158], 0.655709981918335]",0.03728652000427246,
fing_x_face,6,0.001,li_V>face_C,2,DE-N2,GP,boot,300,0.11007524399860288,0.1053237100038319,True,0.0005429372907429192,0.04263565891472868,0.0003292328873724223,0.02702702702702703,1.223938223938224,1.8571129268803688,"[[29.000001907348633, 4.000000476837158], 0.6592400670051575]",0.023046255111694336,
fing_x_face,6,0.001,li_V>face_C,2,MAXMONO-K3,GP,boot,300,0.17615944959879723,0.19037084601482646,True,0.000678671613428649,0.10852713178294573,0.00031426775612822125,0.10038610038610038,1.1196911196911197,1.0427553799646823,"[[28.000001907348633, 13.000000953674316], 0.6255800127983093]",0.028125524520874023,
fing_x_face,6,0.001,li_V>face_C,2,MONO-cont,GP,boot,300,0.11006615694363894,0.10531779478150241,True,0.0005429372907429192,0.04263565891472868,0.0003292328873724223,0.02702702702702703,1.223938223938224,1.8571129268803688,"[[29.000001907348633, 4.000000476837158], 0.6592400670051575]",0.03179764747619629,
fing_x_face,6,0.001,li_V>face_C,2,S1-Marcialis,rule,boot,300,,,True,0.0005278556993333936,0.04263565891472868,0.0003292328873724223,0.03861003861003861,1.2702702702702702,1.9643530573763133,"[[35.000003814697266, 4.0], 0.655709981918335]",0.008142709732055664,
fing_x_face,6,0.001,li_V>face_C,2,S2-Symmetric,rule,boot,300,,,True,0.0005278556993333936,0.04263565891472868,0.0003292328873724223,0.03861003861003861,1.2702702702702702,1.9643530573763133,"[[35.000003814697266, 4.0], 0.655709981918335]",0.016759157180786133,
fing_x_face,6,0.001,li_V>face_C,2,S3-SPRT,rule,boot,300,,,True,0.0006183452477905468,0.031007751937984496,0.00034419801861662326,0.019305019305019305,1.2393822393822393,1.9999850348687558,"[[5.450610868762374, -3.586743437579266], 2.999523492208643]",0.19005751609802246,
fing_x_face,6,0.001,li_V>face_C,2,S4-Direct,rule,boot,300,,,True,0.0006334268392000724,0.04263565891472868,0.0003741282811050253,0.015444015444015444,1.2046332046332047,1.8570231360929035,"[[27.000001907348633, 4.000000476837158], 0.664929986000061]",0.36221981048583984,
fing_x_face,6,0.001,li_V>face_G,2,HYP,GP,boot,300,,,False,,,,,,,,,
fing_x_face,6,0.001,li_V>face_G,2,MONO,GP,boot,300,0.11212120002526726,0.10768911890913692,True,0.0005278556993333936,0.050387596899224806,0.001227140762024483,0.02702702702702703,1.223938223938224,1.8571129268803688,"[[29.000001907348633, 4.000000476837158], 74.9967269897461]",0.02216482162475586,
fing_x_face,6,0.001,li_V>face_G,2,MONO-rel,GP,boot,300,0.13671673774082668,0.14388358335747942,True,0.0005731004735619702,0.09302325581395349,0.0007931519559426536,0.06177606177606178,1.162162162162162,1.181137948579809,"[[28.000001907348633, 9.000000953674316], 74.4940185546875]",0.027873754501342773,
fing_x_face,6,0.001,li_V>face_G,2,LR-P1-N2,GP,boot,300,0.1119753174136255,0.10753658233727242,True,0.0005278556993333936,0.050387596899224806,0.001227140762024483,0.02702702702702703,1.223938223938224,1.8571129268803688,"[[29.000001907348633, 4.000000476837158], 74.9967269897461]",0.02490997314453125,
fing_x_face,6,0.001,li_V>face_G,2,LR-P1-N2-rel,GP,boot,300,0.13637801302422822,0.14402458978456928,True,0.0005580188821524447,0.09302325581395349,0.0007781868246984526,0.06177606177606178,1.162162162162162,1.181137948579809,"[[28.000001907348633, 9.000000953674316], 74.5136947631836]",0.027225732803344727,
fing_x_face,6,0.001,li_V>face_G,2,LR-P2-N2,GP,boot,300,0.1120904983016026,0.10390028171777062,True,0.0006032636563810213,0.050387596899224806,0.001212175630780282,0.023166023166023165,1.2162162162162162,1.857053066355392,"[[28.000001907348633, 4.000000476837158], 75.03804779052734]",0.024018526077270508,
fing_x_face,6,0.001,li_V>face_G,2,LR-P2-N2-rel,GP,boot,300,0.21907020194792634,0.24689262269946688,True,0.000678671613428649,0.10852713178294573,0.0009128730058962617,0.0888030888030888,1.135135135135135,1.0879500763221694,"[[28.000001907348633, 11.000000953674316], 74.1701889038086]",0.024656057357788086,
fing_x_face,6,0.001,li_V>face_G,2,LR-P1-N3,GP,boot,300,0.11197531741352575,0.10753658233727245,True,0.0005278556993333936,0.050387596899224806,0.001227140762024483,0.02702702702702703,1.223938223938224,1.8571129268803688,"[[29.000001907348633, 4.000000476837158], 74.9967269897461]",0.0202639102935791,
fing_x_face,6,0.001,li_V>face_G,2,NLS-N2,GP,boot,300,0.1095804000254346,0.10645692153849085,True,0.0005429372907429192,0.050387596899224806,0.001242105893268684,0.02702702702702703,1.223938223938224,1.8571129268803688,"[[29.000001907348633, 4.000000476837158], 74.981201171875]",0.02023768424987793,
fing_x_face,6,0.001,li_V>face_G,2,DE-N2,GP,boot,300,0.11131670843800501,0.1071339173328522,True,0.0005278556993333936,0.050387596899224806,0.001227140762024483,0.02702702702702703,1.223938223938224,1.8571129268803688,"[[29.000001907348633, 4.000000476837158], 74.9967269897461]",0.02164912223815918,
fing_x_face,6,0.001,li_V>face_G,2,MAXMONO-K3,GP,boot,300,0.18126539521418758,0.1888312645713461,True,0.0006485084306095979,0.1124031007751938,0.0005088144623028344,0.09266409266409266,1.1158301158301158,1.0616114453323755,"[[27.000001907348633, 12.000000953674316], 74.40606689453125]",0.027589797973632812,
fing_x_face,6,0.001,li_V>face_G,2,MONO-cont,GP,boot,300,0.11130901663376276,0.10712997348118306,True,0.0005278556993333936,0.050387596899224806,0.001227140762024483,0.02702702702702703,1.223938223938224,1.8571129268803688,"[[29.000001907348633, 4.000000476837158], 74.9967269897461]",0.02271413803100586,
fing_x_face,6,0.001,li_V>face_G,2,S1-Marcialis,rule,boot,300,,,True,0.0006032636563810213,0.050387596899224806,0.0014815479931759002,0.03861003861003861,1.2702702702702702,1.9643530573763133,"[[35.000003814697266, 4.0], 74.90239715576172]",0.006855964660644531,
fing_x_face,6,0.001,li_V>face_G,2,S2-Symmetric,rule,boot,300,,,True,0.0006032636563810213,0.050387596899224806,0.0014815479931759002,0.03861003861003861,1.2702702702702702,1.9643530573763133,"[[35.000003814697266, 4.0], 74.90239715576172]",0.015562057495117188,
fing_x_face,6,0.001,li_V>face_G,2,S3-SPRT,rule,boot,300,,,True,0.0006334268392000724,0.03488372093023256,0.001047559187094071,0.019305019305019305,1.2393822393822393,1.9999850348687558,"[[5.450610868762374, -3.586743437579266], 2.435931967049828]",0.18211793899536133,
fing_x_face,6,0.001,li_V>face_G,2,S4-Direct,rule,boot,300,,,True,0.0006032636563810213,0.050387596899224806,0.0013917572057106941,0.03474903474903475,1.2393822393822393,1.857217682799078,"[[32.000003814697266, 4.000000476837158], 74.88909912109375]",0.35466647148132324,
fing_x_face,6,0.001,li_V>ri_V,2,HYP,GP,boot,300,,,False,,,,,,,,,
fing_x_face,6,0.001,li_V>ri_V,2,MONO,GP,boot,300,0.09228801498916434,0.08898629015699244,True,0.0005731004735619702,0.05426356589147287,0.0007183262997216486,0.08108108108108109,1.2162162162162162,1.857053066355392,"[[28.000001907348633, 4.000000476837158], 27.0]",0.021344423294067383,
fing_x_face,6,0.001,li_V>ri_V,2,MONO-rel,GP,boot,300,0.10461613474012692,0.11738849239113605,True,0.0005731004735619702,0.05426356589147287,0.0007183262997216486,0.08108108108108109,1.2162162162162162,1.857053066355392,"[[28.000001907348633, 4.000000476837158], 27.0]",0.02366924285888672,
fing_x_face,6,0.001,li_V>ri_V,2,LR-P1-N2,GP,boot,300,0.0923665965476097,0.08907084690155816,True,0.0005731004735619702,0.05426356589147287,0.0007183262997216486,0.08108108108108109,1.2162162162162162,1.857053066355392,"[[28.000001907348633, 4.000000476837158], 27.0]",0.022094011306762695,
fing_x_face,6,0.001,li_V>ri_V,2,LR-P1-N2-rel,GP,boot,300,0.10430626459815907,0.11698644577539728,True,0.0005731004735619702,0.05426356589147287,0.0007183262997216486,0.08108108108108109,1.2162162162162162,1.857053066355392,"[[28.000001907348633, 4.000000476837158], 27.0]",0.0222322940826416,
fing_x_face,6,0.001,li_V>ri_V,2,LR-P2-N2,GP,boot,300,0.08944188865412608,0.08668258951280236,True,0.0005731004735619702,0.05426356589147287,0.0007183262997216486,0.08108108108108109,1.2162162162162162,1.857053066355392,"[[28.000001907348633, 4.000000476837158], 27.0]",0.021075963973999023,
fing_x_face,6,0.001,li_V>ri_V,2,LR-P2-N2-rel,GP,boot,300,0.1697076671548554,0.21611064541498237,True,0.0006032636563810213,0.08914728682170543,0.0005836401185238395,0.09652509652509653,1.1544401544401544,1.2620244829547156,"[[27.000001907348633, 8.000000953674316], 26.0]",0.03269767761230469,
fing_x_face,6,0.001,li_V>ri_V,2,LR-P1-N3,GP,boot,300,0.09236659654760979,0.08907084690155818,True,0.0005731004735619702,0.05426356589147287,0.0007183262997216486,0.08108108108108109,1.2162162162162162,1.857053066355392,"[[28.000001907348633, 4.000000476837158], 27.0]",0.02187967300415039,
fing_x_face,6,0.001,li_V>ri_V,2,NLS-N2,GP,boot,300,0.08959272188472452,0.08699281625607141,True,0.0005731004735619702,0.05426356589147287,0.0007183262997216486,0.08108108108108109,1.2162162162162162,1.857053066355392,"[[28.000001907348633, 4.000000476837158], 27.0]",0.022339582443237305,
fing_x_face,6,0.001,li_V>ri_V,2,DE-N2,GP,boot,300,0.09170584077556389,0.0885287652706437,True,0.0005731004735619702,0.05426356589147287,0.0007183262997216486,0.08108108108108109,1.2162162162162162,1.857053066355392,"[[28.000001907348633, 4.000000476837158], 27.0]",0.01865386962890625,
fing_x_face,6,0.001,li_V>ri_V,2,MAXMONO-K3,GP,boot,300,0.17238138937282654,0.20487037408979242,True,0.0006032636563810213,0.11627906976744186,0.0004938493310586334,0.12355212355212356,1.111969111969112,1.0208164975606837,"[[29.000001907348633, 15.000000953674316], 19.0]",0.025505542755126953,
fing_x_face,6,0.001,li_V>ri_V,2,MONO-cont,GP,boot,300,0.09169685863492588,0.0885215186606384,True,0.0005731004735619702,0.05426356589147287,0.0007183262997216486,0.08108108108108109,1.2162162162162162,1.857053066355392,"[[28.000001907348633, 4.000000476837158], 27.0]",0.021961450576782227,
fing_x_face,6,0.001,li_V>ri_V,2,S1-Marcialis,rule,boot,300,,,True,0.0004675293336952915,0.06589147286821706,0.0008230822184310556,0.08494208494208494,1.2702702702702702,1.9643530573763133,"[[35.000003814697266, 4.0], 26.0]",0.0070400238037109375,
fing_x_face,6,0.001,li_V>ri_V,2,S2-Symmetric,rule,boot,300,,,True,0.0004675293336952915,0.06589147286821706,0.0008230822184310556,0.08494208494208494,1.2702702702702702,1.9643530573763133,"[[35.000003814697266, 4.0], 26.0]",0.01249241828918457,
fing_x_face,6,0.001,li_V>ri_V,2,S3-SPRT,rule,boot,300,,,True,0.0006032636563810213,0.04263565891472868,0.0005836401185238395,0.08108108108108109,1.2393822393822393,1.9999850348687558,"[[5.450610868762374, -3.586743437579266], 2.2916212554036273]",0.16614317893981934,
fing_x_face,6,0.001,li_V>ri_V,2,S4-Direct,rule,boot,300,,,True,0.0006183452477905468,0.050387596899224806,0.0009278381371404627,0.08108108108108109,1.223938223938224,1.8571129268803688,"[[29.000001907348633, 4.000000476837158], 26.0]",0.3473062515258789,
fing_x_face,6,0.001,ri_V>face_C,2,HYP,GP,boot,300,,,False,,,,,,,,,
fing_x_face,6,0.001,ri_V>face_C,2,MONO,GP,boot,300,0.05952223301580483,0.05652350814001235,True,0.0005731004735619702,0.031007751937984496,0.0006285355122564425,0.011583011583011582,1.1196911196911197,1.9947322738020412,"[[27.000001907348633, 1.401298464324817e-45], 0.6632699966430664]",0.014334440231323242,
fing_x_face,6,0.001,ri_V>face_C,2,MONO-rel,GP,boot,300,0.05664774651391074,0.060187371278122445,True,0.0006032636563810213,0.04263565891472868,0.0007033611684774476,0.03861003861003861,1.0926640926640927,1.2318697434976504,"[[27.000001907348633, 8.000000953674316], 0.6432999968528748]",0.02283930778503418,
fing_x_face,6,0.001,ri_V>face_C,2,LR-P1-N2,GP,boot,300,0.05914262073128992,0.05607310037377136,True,0.0006032636563810213,0.03488372093023256,0.0006435006435006435,0.015444015444015444,1.1158301158301158,1.8218251474065428,"[[27.000001907348633, 4.000000476837158], 0.6600599884986877]",0.0195770263671875,
fing_x_face,6,0.001,ri_V>face_C,2,LR-P1-N2-rel,GP,boot,300,0.0565997645490055,0.06005652663314366,True,0.0006032636563810213,0.04263565891472868,0.0007033611684774476,0.03861003861003861,1.0926640926640927,1.2318697434976504,"[[27.000001907348633, 8.000000953674316], 0.6432999968528748]",0.030010223388671875,
fing_x_face,6,0.001,ri_V>face_C,2,LR-P2-N2,GP,boot,300,0.059262908836354745,0.055221620799267804,True,0.0006032636563810213,0.023255813953488372,0.0007183262997216486,0.007722007722007722,1.1158301158301158,1.9994612552752087,"[[26.000001907348633, -Infinity], 0.6644899845123291]",0.012554168701171875,
fing_x_face,6,0.001,ri_V>face_C,2,LR-P2-N2-rel,GP,boot,300,0.06380291190422098,0.07410603400797522,True,0.0006032636563810213,0.03875968992248062,0.0006883960372332465,0.05019305019305019,1.0810810810810811,1.1102780521385172,"[[27.000001907348633, 10.000000953674316], 0.6376799941062927]",0.01980304718017578,
fing_x_face,6,0.001,ri_V>face_C,2,LR-P1-N3,GP,boot,300,0.0591426207303149,0.05607310037366131,True,0.0006032636563810213,0.03488372093023256,0.0006435006435006435,0.015444015444015444,1.1158301158301158,1.8218251474065428,"[[27.000001907348633, 4.000000476837158], 0.6600599884986877]",0.019411802291870117,
fing_x_face,6,0.001,ri_V>face_C,2,NLS-N2,GP,boot,300,0.05660209771834309,0.05500942836883929,True,0.0005881820649714958,0.03488372093023256,0.0007033611684774476,0.019305019305019305,1.111969111969112,1.649277184160905,"[[27.000001907348633, 5.000000476837158], 0.6554999947547913]",0.030740022659301758,
fing_x_face,6,0.001,ri_V>face_C,2,DE-N2,GP,boot,300,0.0589193416442945,0.055938275171154885,True,0.0006032636563810213,0.03488372093023256,0.0006435006435006435,0.015444015444015444,1.1158301158301158,1.8218251474065428,"[[27.000001907348633, 4.000000476837158], 0.6600599884986877]",0.020710229873657227,
fing_x_face,6,0.001,ri_V>face_C,2,MAXMONO-K3,GP,boot,300,0.107507581636931,0.13273699500312083,True,0.0006635900220191234,0.06201550387596899,0.0009128730058962617,0.06177606177606178,1.05019305019305,1.0263685612522822,"[[25.000001907348633, 14.000000953674316], 0.6310999989509583]",0.025709152221679688,
fing_x_face,6,0.001,ri_V>face_C,2,MONO-cont,GP,boot,300,0.05891495175594583,0.05593562065604969,True,0.0006032636563810213,0.03488372093023256,0.0006435006435006435,0.015444015444015444,1.1158301158301158,1.8218251474065428,"[[27.000001907348633, 4.000000476837158], 0.6600599884986877]",0.02500319480895996,
fing_x_face,6,0.001,ri_V>face_C,2,S1-Marcialis,rule,boot,300,,,True,0.0005127741079238681,0.031007751937984496,0.0002544072311514172,0.02702702702702703,1.1891891891891893,1.9999850348687558,"[[37.000003814697266, 0.0], 0.6593199968338013]",0.006324291229248047,
fing_x_face,6,0.001,ri_V>face_C,2,S2-Symmetric,rule,boot,300,,,True,0.0005127741079238681,0.031007751937984496,0.0002544072311514172,0.02702702702702703,1.1891891891891893,1.9999850348687558,"[[37.000003814697266, 0.0], 0.6593199968338013]",0.02163076400756836,
fing_x_face,6,0.001,ri_V>face_C,2,S3-SPRT,rule,boot,300,,,True,0.0005429372907429192,0.01937984496124031,0.0005537098560354374,0.015444015444015444,1.1583011583011582,1.8272425249169435,"[[5.613375902613195, -4.1203573338537804], 2.262481498377668]",0.2273731231689453,
fing_x_face,6,0.001,ri_V>face_C,2,S4-Direct,rule,boot,300,,,True,0.0006032636563810213,0.027131782945736434,0.0007183262997216486,0.011583011583011582,1.111969111969112,1.94849001825746,"[[26.000001907348633, 3.000000238418579], 0.6640099883079529]",0.35471296310424805,
fing_x_face,6,0.001,ri_V>face_G,2,HYP,GP,boot,300,,,False,,,,,,,,,
fing_x_face,6,0.001,ri_V>face_G,2,MONO,GP,boot,300,0.06018538659182541,0.056266155926261996,True,0.0006183452477905468,0.011627906976744186,0.0016760946993505132,0.011583011583011582,1.1196911196911197,1.9995660111939182,"[[27.000001907348633, -Infinity], 75.00386047363281]",0.017253875732421875,
fing_x_face,6,0.001,ri_V>face_G,2,MONO-rel,GP,boot,300,0.06038933092722767,0.05949091384262496,True,0.0006635900220191234,0.031007751937984496,0.001466582861931699,0.03474903474903475,1.0888030888030888,1.2317649875789412,"[[26.000001907348633, 8.000000953674316], 74.57986450195312]",0.02841496467590332,
fing_x_face,6,0.001,ri_V>face_G,2,LR-P1-N2,GP,boot,300,0.05976719537559895,0.056001010492660847,True,0.0006183452477905468,0.011627906976744186,0.0016760946993505132,0.011583011583011582,1.1196911196911197,1.9995660111939182,"[[27.000001907348633, -Infinity], 75.00386047363281]",0.018187999725341797,
fing_x_face,6,0.001,ri_V>face_G,2,LR-P1-N2-rel,GP,boot,300,0.06018664047266254,0.05937841116525837,True,0.0006485084306095979,0.031007751937984496,0.001466582861931699,0.03474903474903475,1.0888030888030888,1.2317649875789412,"[[26.000001907348633, 8.000000953674316], 74.58061981201172]",0.0313723087310791,
fing_x_face,6,0.001,ri_V>face_G,2,LR-P2-N2,GP,boot,300,0.06068672540646363,0.05567564943541952,True,0.0006485084306095979,0.01937984496124031,0.0015264433869085032,0.007722007722007722,1.1158301158301158,1.9994612552752087,"[[26.000001907348633, -Infinity], 75.10340881347656]",0.013844728469848633,
fing_x_face,6,0.001,ri_V>face_G,2,LR-P2-N2-rel,GP,boot,300,0.07035412377851413,0.07414799045382799,True,0.0006635900220191234,0.03488372093023256,0.001227140762024483,0.04633204633204633,1.0772200772200773,1.1101732962198079,"[[26.000001907348633, 10.000000953674316], 74.39492797851562]",0.023900747299194336,
fing_x_face,6,0.001,ri_V>face_G,2,LR-P1-N3,GP,boot,300,0.05976719537559908,0.05600101049266085,True,0.0006183452477905468,0.011627906976744186,0.0016760946993505132,0.011583011583011582,1.1196911196911197,1.9995660111939182,"[[27.000001907348633, -Infinity], 75.00386047363281]",0.015233993530273438,
fing_x_face,6,0.001,ri_V>face_G,2,NLS-N2,GP,boot,300,0.05822149254495886,0.05493123669724711,True,0.0006485084306095979,0.01937984496124031,0.0015264433869085032,0.007722007722007722,1.1158301158301158,1.9994612552752087,"[[26.000001907348633, -Infinity], 75.10340881347656]",0.014011859893798828,
fing_x_face,6,0.001,ri_V>face_G,2,DE-N2,GP,boot,300,0.0595523156418569,0.05587199549280489,True,0.0006183452477905468,0.011627906976744186,0.0016760946993505132,0.011583011583011582,1.1196911196911197,1.9995660111939182,"[[27.000001907348633, -Infinity], 75.00386047363281]",0.01635885238647461,
fing_x_face,6,0.001,ri_V>face_G,2,MAXMONO-K3,GP,boot,300,0.11219151295400878,0.13197730567159807,True,0.0006485084306095979,0.05813953488372093,0.001047559187094071,0.06563706563706563,1.05019305019305,1.0263685612522822,"[[25.000001907348633, 14.000000953674316], 74.40606689453125]",0.02643299102783203,
fing_x_face,6,0.001,ri_V>face_G,2,MONO-cont,GP,boot,300,0.05954872202913795,0.05587038858783729,True,0.0006183452477905468,0.011627906976744186,0.0016760946993505132,0.011583011583011582,1.1196911196911197,1.9995660111939182,"[[27.000001907348633, -Infinity], 75.00386047363281]",0.014275550842285156,
fing_x_face,6,0.001,ri_V>face_G,2,S1-Marcialis,rule,boot,300,,,True,0.0006032636563810213,0.01937984496124031,0.0015114782556643021,0.03861003861003861,1.1891891891891893,1.9999850348687558,"[[37.000003814697266, 0.0], 74.90482330322266]",0.0063169002532958984,
fing_x_face,6,0.001,ri_V>face_G,2,S2-Symmetric,rule,boot,300,,,True,0.0006032636563810213,0.01937984496124031,0.0015114782556643021,0.03861003861003861,1.1891891891891893,1.9999850348687558,"[[37.000003814697266, 0.0], 74.90482330322266]",0.014664411544799805,
fing_x_face,6,0.001,ri_V>face_G,2,S3-SPRT,rule,boot,300,,,True,0.0006485084306095979,0.01937984496124031,0.0014067223369548952,0.007722007722007722,1.1583011583011582,1.8272425249169435,"[[5.613375902613195, -4.1203573338537804], 1.8573557631469204]",0.1785271167755127,
fing_x_face,6,0.001,ri_V>face_G,2,S4-Direct,rule,boot,300,,,True,0.0006183452477905468,0.015503875968992248,0.0017060249618389154,0.03088803088803089,1.1583011583011582,1.9488192511448326,"[[30.000001907348633, 3.000000238418579], 74.9062271118164]",0.322981595993042,
fing_x_face,6,0.001,ri_V>li_V,2,HYP,GP,boot,300,,,False,,,,,,,,,
fing_x_face,6,0.001,ri_V>li_V,2,MONO,GP,boot,300,0.059641908809748775,0.05513173192343722,True,0.0005731004735619702,0.050387596899224806,0.0007183262997216486,0.08108108108108109,1.1158301158301158,1.9994612552752087,"[[26.000001907348633, -Infinity], 28.000001907348633]",0.012568950653076172,
fing_x_face,6,0.001,ri_V>li_V,2,MONO-rel,GP,boot,300,0.07450785225791373,0.08488085855178124,True,0.0005429372907429192,0.05813953488372093,0.0005986052497680404,0.08494208494208494,1.0772200772200773,1.1101732962198079,"[[26.000001907348633, 10.000000953674316], 26.0]",0.02742147445678711,
fing_x_face,6,0.001,ri_V>li_V,2,LR-P1-N2,GP,boot,300,0.059293915497292446,0.05492247433101445,True,0.0005731004735619702,0.050387596899224806,0.0007183262997216486,0.08108108108108109,1.1158301158301158,1.9994612552752087,"[[26.000001907348633, -Infinity], 28.000001907348633]",0.014358282089233398,
fing_x_face,6,0.001,ri_V>li_V,2,LR-P1-N2-rel,GP,boot,300,0.07437226423487371,0.08456787380434652,True,0.0005429372907429192,0.05813953488372093,0.0005986052497680404,0.08494208494208494,1.0772200772200773,1.1101732962198079,"[[26.000001907348633, 10.000000953674316], 26.0]",0.02477741241455078,
fing_x_face,6,0.001,ri_V>li_V,2,LR-P2-N2,GP,boot,300,0.05874594494103818,0.05470241828138493,True,0.0005731004735619702,0.050387596899224806,0.0007183262997216486,0.08108108108108109,1.1158301158301158,1.9994612552752087,"[[26.000001907348633, -Infinity], 28.000001907348633]",0.015084981918334961,
fing_x_face,6,0.001,ri_V>li_V,2,LR-P2-N2-rel,GP,boot,300,0.09708280065251679,0.12858368662815894,True,0.0006032636563810213,0.06589147286821706,0.0006734309059890455,0.09266409266409266,1.057915057915058,1.0267576546646313,"[[27.000001907348633, 14.000000953674316], 22.0]",0.023134708404541016,
fing_x_face,6,0.001,ri_V>li_V,2,LR-P1-N3,GP,boot,300,0.059293915497274356,0.05492247433101448,True,0.0005731004735619702,0.050387596899224806,0.0007183262997216486,0.08108108108108109,1.1158301158301158,1.9994612552752087,"[[26.000001907348633, -Infinity], 28.000001907348633]",0.018621444702148438,
fing_x_face,6,0.001,ri_V>li_V,2,NLS-N2,GP,boot,300,0.05703296297696185,0.05408227085985552,True,0.0005731004735619702,0.050387596899224806,0.0007183262997216486,0.08108108108108109,1.1158301158301158,1.9994612552752087,"[[26.000001907348633, -Infinity], 28.000001907348633]",0.01569676399230957,
fing_x_face,6,0.001,ri_V>li_V,2,DE-N2,GP,boot,300,0.059105002028978545,0.054822601790972134,True,0.0005731004735619702,0.050387596899224806,0.0007183262997216486,0.08108108108108109,1.1158301158301158,1.9994612552752087,"[[26.000001907348633, -Infinity], 28.000001907348633]",0.015345573425292969,
fing_x_face,6,0.001,ri_V>li_V,2,MAXMONO-K3,GP,boot,300,0.13146862914764249,0.1840982490424569,True,0.0006334268392000724,0.06589147286821706,0.0007482565622100506,0.09266409266409266,1.05019305019305,1.0189458561551585,"[[26.000001907348633, 15.000000953674316], 21.0]",0.024829387664794922,
fing_x_face,6,0.001,ri_V>li_V,2,MONO-cont,GP,boot,300,0.059100788014660635,0.054820335646567145,True,0.0005731004735619702,0.050387596899224806,0.0007183262997216486,0.08108108108108109,1.1158301158301158,1.9994612552752087,"[[26.000001907348633, -Infinity], 28.000001907348633]",0.013291120529174805,
fing_x_face,6,0.001,ri_V>li_V,2,S1-Marcialis,rule,boot,300,,,True,0.0005278556993333936,0.06589147286821706,0.0003292328873724223,0.08494208494208494,1.1891891891891893,1.9999850348687558,"[[37.000003814697266, 0.0], 27.0]",0.006094694137573242,
fing_x_face,6,0.001,ri_V>li_V,2,S2-Symmetric,rule,boot,300,,,True,0.0005278556993333936,0.06589147286821706,0.0003292328873724223,0.08494208494208494,1.1891891891891893,1.9999850348687558,"[[37.000003814697266, 0.0], 27.0]",0.013386011123657227,
fing_x_face,6,0.001,ri_V>li_V,2,S3-SPRT,rule,boot,300,,,True,0.0006032636563810213,0.046511627906976744,0.0005686749872796385,0.08108108108108109,1.1583011583011582,1.8272425249169435,"[[5.613375902613195, -4.1203573338537804], 2.2916212554036273]",0.17409396171569824,
fing_x_face,6,0.001,ri_V>li_V,2,S4-Direct,rule,boot,300,,,False,,,,,,,,,
fing_x_face,6,0.001,face_C>face_G>li_V,3,HYP,GP,boot,300,,,False,,,,,,,,,
fing_x_face,6,0.001,face_C>face_G>li_V,3,MONO,GP,boot,300,,,False,,,,,,,,,True
fing_x_face,6,0.001,face_C>face_G>li_V,3,MONO-rel,GP,boot,300,,,False,,,,,,,,,True
fing_x_face,6,0.001,face_C>face_G>li_V,3,LR-P1-N2,GP,boot,300,,,False,,,,,,,,,True
fing_x_face,6,0.001,face_C>face_G>li_V,3,LR-P1-N2-rel,GP,boot,300,,,False,,,,,,,,,True
fing_x_face,6,0.001,face_C>face_G>li_V,3,LR-P2-N2,GP,boot,300,,,False,,,,,,,,,True
fing_x_face,6,0.001,face_C>face_G>li_V,3,LR-P2-N2-rel,GP,boot,300,,,False,,,,,,,,,True
fing_x_face,6,0.001,face_C>face_G>li_V,3,LR-P1-N3,GP,boot,300,,,False,,,,,,,,,True
fing_x_face,6,0.001,face_C>face_G>li_V,3,NLS-N2,GP,boot,300,,,False,,,,,,,,,True
fing_x_face,6,0.001,face_C>face_G>li_V,3,DE-N2,GP,boot,300,,,False,,,,,,,,,True
fing_x_face,6,0.001,face_C>face_G>li_V,3,MAXMONO-K3,GP,boot,300,,,False,,,,,,,,,True
fing_x_face,6,0.001,face_C>face_G>li_V,3,MONO-cont,GP,boot,300,,,False,,,,,,,,,True
fing_x_face,6,0.001,face_C>face_G>li_V,3,S1-Marcialis,rule,boot,300,,,True,0.0006183452477905468,0.03488372093023256,0.0006584657747448446,0.019305019305019305,1.667953667953668,2.014276735206968,"[[0.6950200796127319, 0.5201699733734131], [75.94683074951172, 65.9372329711914], 24.0]",0.008855581283569336,
fing_x_face,6,0.001,face_C>face_G>li_V,3,S2-Symmetric,rule,boot,300,,,True,0.0006183452477905468,0.03488372093023256,0.0006584657747448446,0.019305019305019305,1.667953667953668,2.014276735206968,"[[0.6950200796127319, 0.5201699733734131], [75.94683074951172, 65.9372329711914], 24.0]",0.0607757568359375,
fing_x_face,6,0.001,face_C>face_G>li_V,3,S3-SPRT,rule,boot,300,,,True,0.0005731004735619702,0.023255813953488372,0.0007183262997216486,0.023166023166023165,1.5521235521235521,1.7315105803477897,"[[7.200907835801471, -3.899276712268543], [7.200907835801471, -3.899276712268543], 3.4629960993493]",0.18860554695129395,
fing_x_face,6,0.001,face_C>face_G>li_V,3,S4-Direct,rule,boot,300,,,True,0.0006183452477905468,0.031007751937984496,0.0006135703810122415,0.015444015444015444,1.471042471042471,2.7947681901170274,"[[0.6729300618171692, 0.4832500219345093], [75.62632751464844, 63.86409378051758], 27.0]",0.49758291244506836,
fing_x_face,6,0.001,face_C>face_G>ri_V,3,HYP,GP,boot,300,,,False,,,,,,,,,
fing_x_face,6,0.001,face_C>face_G>ri_V,3,MONO,GP,boot,300,,,False,,,,,,,,,True
fing_x_face,6,0.001,face_C>face_G>ri_V,3,MONO-rel,GP,boot,300,,,False,,,,,,,,,True
fing_x_face,6,0.001,face_C>face_G>ri_V,3,LR-P1-N2,GP,boot,300,,,False,,,,,,,,,True
fing_x_face,6,0.001,face_C>face_G>ri_V,3,LR-P1-N2-rel,GP,boot,300,,,False,,,,,,,,,True
fing_x_face,6,0.001,face_C>face_G>ri_V,3,LR-P2-N2,GP,boot,300,,,False,,,,,,,,,True
fing_x_face,6,0.001,face_C>face_G>ri_V,3,LR-P2-N2-rel,GP,boot,300,,,False,,,,,,,,,True
fing_x_face,6,0.001,face_C>face_G>ri_V,3,LR-P1-N3,GP,boot,300,,,False,,,,,,,,,True
fing_x_face,6,0.001,face_C>face_G>ri_V,3,NLS-N2,GP,boot,300,,,False,,,,,,,,,True
fing_x_face,6,0.001,face_C>face_G>ri_V,3,DE-N2,GP,boot,300,,,False,,,,,,,,,True
fing_x_face,6,0.001,face_C>face_G>ri_V,3,MAXMONO-K3,GP,boot,300,,,False,,,,,,,,,True
fing_x_face,6,0.001,face_C>face_G>ri_V,3,MONO-cont,GP,boot,300,,,False,,,,,,,,,True
fing_x_face,6,0.001,face_C>face_G>ri_V,3,S1-Marcialis,rule,boot,300,,,True,0.0003317950110095617,0.023255813953488372,0.0007183262997216486,0.007722007722007722,1.667953667953668,2.014276735206968,"[[0.6950200796127319, 0.5201699733734131], [75.94683074951172, 65.9372329711914], 25.0]",0.00893545150756836,
fing_x_face,6,0.001,face_C>face_G>ri_V,3,S2-Symmetric,rule,boot,300,,,True,0.0003317950110095617,0.023255813953488372,0.0007183262997216486,0.007722007722007722,1.667953667953668,2.014276735206968,"[[0.6950200796127319, 0.5201699733734131], [75.94683074951172, 65.9372329711914], 25.0]",0.06203627586364746,
fing_x_face,6,0.001,face_C>face_G>ri_V,3,S3-SPRT,rule,boot,300,,,True,0.0005429372907429192,0.01937984496124031,0.0008829427434078596,0.011583011583011582,1.5521235521235521,1.7315105803477897,"[[7.200907835801471, -3.899276712268543], [7.200907835801471, -3.899276712268543], 3.0744777854476366]",0.20044326782226562,
fing_x_face,6,0.001,face_C>face_G>ri_V,3,S4-Direct,rule,boot,300,,,False,,,,,,,,,
fing_x_face,6,0.001,face_C>li_V>face_G,3,HYP,GP,boot,300,,,False,,,,,,,,,
fing_x_face,6,0.001,face_C>li_V>face_G,3,MONO,GP,boot,300,0.06005555096277787,0.060661910666320575,True,0.0005429372907429192,0.031007751937984496,0.0003591631498608243,0.02702702702702703,1.2625482625482625,2.160740474693963,"[[0.6600600481033325, 0.5204200744628906], [30.000001907348633, 4.000000476837158], 75.85236358642578]",0.05886030197143555,
fing_x_face,6,0.001,face_C>li_V>face_G,3,MONO-rel,GP,boot,300,0.05107879564078768,0.060641143643822934,True,0.0005881820649714958,0.031007751937984496,0.0006584657747448446,0.015444015444015444,1.250965250965251,1.4246206339229595,"[[0.6624500751495361, 0.5435700416564941], [27.000001907348633, 8.000000953674316], 75.03804016113281]",0.06818151473999023,
fing_x_face,6,0.001,face_C>li_V>face_G,3,LR-P1-N2,GP,boot,300,0.05857340591806111,0.059339917969520956,True,0.0005429372907429192,0.031007751937984496,0.0003591631498608243,0.02702702702702703,1.2625482625482625,2.160740474693963,"[[0.6600600481033325, 0.5204200744628906], [30.000001907348633, 4.000000476837158], 75.85236358642578]",0.046701669692993164,
fing_x_face,6,0.001,face_C>li_V>face_G,3,LR-P1-N2-rel,GP,boot,300,0.05100757203344773,0.06045297611620137,True,0.0005881820649714958,0.031007751937984496,0.0006584657747448446,0.015444015444015444,1.250965250965251,1.4263116937535543,"[[0.6624500751495361, 0.5434600710868835], [27.000001907348633, 8.000000953674316], 75.03804016113281]",0.05315732955932617,
fing_x_face,6,0.001,face_C>li_V>face_G,3,LR-P2-N2,GP,boot,300,0.07964632571017606,0.07498508088088406,True,0.0005731004735619702,0.031007751937984496,0.00044895393732603036,0.019305019305019305,1.2664092664092663,2.160740474693963,"[[0.661810040473938, 0.5204200744628906], [29.000001907348633, 4.000000476837158], 75.71022033691406]",0.04486083984375,
fing_x_face,6,0.001,face_C>li_V>face_G,3,LR-P2-N2-rel,GP,boot,300,,,False,,,,,,,,,True
fing_x_face,6,0.001,face_C>li_V>face_G,3,LR-P1-N3,GP,boot,300,0.0585734058935908,0.059339917949003874,True,0.0005429372907429192,0.031007751937984496,0.0003591631498608243,0.02702702702702703,1.2625482625482625,2.160740474693963,"[[0.6600600481033325, 0.5204200744628906], [30.000001907348633, 4.000000476837158], 75.85236358642578]",0.043050289154052734,
fing_x_face,6,0.001,face_C>li_V>face_G,3,NLS-N2,GP,boot,300,0.0538288517774461,0.054134272550183285,True,0.0005580188821524447,0.031007751937984496,0.0004190236748376283,0.02702702702702703,1.2625482625482625,1.9527101852683248,"[[0.6600600481033325, 0.5204200744628906], [30.000001907348633, 6.000000476837158], 75.6263198852539]",0.04718279838562012,
fing_x_face,6,0.001,face_C>li_V>face_G,3,DE-N2,GP,boot,300,0.05812361787725277,0.059042844790312896,True,0.0005429372907429192,0.031007751937984496,0.0003591631498608243,0.02702702702702703,1.2625482625482625,2.160740474693963,"[[0.6600600481033325, 0.5204200744628906], [30.000001907348633, 4.000000476837158], 75.85236358642578]",0.0721733570098877,
fing_x_face,6,0.001,face_C>li_V>face_G,3,MAXMONO-K3,GP,boot,300,,,False,,,,,,,,,True
fing_x_face,6,0.001,face_C>li_V>face_G,3,MONO-cont,GP,boot,300,0.05812610689609737,0.059047097516146306,True,0.0005429372907429192,0.031007751937984496,0.0003591631498608243,0.02702702702702703,1.2625482625482625,2.160740474693963,"[[0.6600600481033325, 0.5204200744628906], [30.000001907348633, 4.000000476837158], 75.85236358642578]",0.04326033592224121,
fing_x_face,6,0.001,face_C>li_V>face_G,3,S1-Marcialis,rule,boot,300,,,True,0.0006032636563810213,0.04263565891472868,0.0014965131244201013,0.03474903474903475,1.4517374517374517,2.232573104666128,"[[0.6950200796127319, 0.5201699733734131], [35.000003814697266, 4.0], 74.88909912109375]",0.009182453155517578,
fing_x_face,6,0.001,face_C>li_V>face_G,3,S2-Symmetric,rule,boot,300,,,True,0.0006032636563810213,0.04263565891472868,0.0014965131244201013,0.03474903474903475,1.4517374517374517,2.232573104666128,"[[0.6950200796127319, 0.5201699733734131], [35.000003814697266, 4.0], 74.88909912109375]",0.03986382484436035,
fing_x_face,6,0.001,face_C>li_V>face_G,3,S3-SPRT,rule,boot,300,,,True,0.0005731004735619702,0.015503875968992248,0.0007183262997216486,0.015444015444015444,1.393822393822394,1.7110083505432343,"[[7.200907835801471, -3.899276712268543], [7.200907835801471, -3.899276712268543], 3.4629960993493]",0.20663142204284668,
fing_x_face,6,0.001,face_C>li_V>face_G,3,S4-Direct,rule,boot,300,,,False,,,,,,,,,
fing_x_face,6,0.001,face_C>li_V>ri_V,3,HYP,GP,boot,300,,,False,,,,,,,,,
fing_x_face,6,0.001,face_C>li_V>ri_V,3,MONO,GP,boot,300,,,False,,,,,,,,,True
fing_x_face,6,0.001,face_C>li_V>ri_V,3,MONO-rel,GP,boot,300,0.043922696822755646,0.054561964570246146,True,0.0006032636563810213,0.023255813953488372,0.00031426775612822125,0.015444015444015444,1.2625482625482625,1.9480260991888898,"[[0.6624500751495361, 0.5292700529098511], [28.000001907348633, 4.000000476837158], 35.0]",0.03742480278015137,
fing_x_face,6,0.001,face_C>li_V>ri_V,3,LR-P1-N2,GP,boot,300,,,False,,,,,,,,,True
fing_x_face,6,0.001,face_C>li_V>ri_V,3,LR-P1-N2-rel,GP,boot,300,0.04384442944558677,0.054349663951270985,True,0.0006032636563810213,0.023255813953488372,0.00031426775612822125,0.015444015444015444,1.2625482625482625,1.9524857082996618,"[[0.6624500751495361, 0.5290700793266296], [28.000001907348633, 4.000000476837158], 35.0]",0.036333560943603516,
fing_x_face,6,0.001,face_C>li_V>ri_V,3,LR-P2-N2,GP,boot,300,,,False,,,,,,,,,True
fing_x_face,6,0.001,face_C>li_V>ri_V,3,LR-P2-N2-rel,GP,boot,300,,,False,,,,,,,,,True
fing_x_face,6,0.001,face_C>li_V>ri_V,3,LR-P1-N3,GP,boot,300,,,False,,,,,,,,,True
fing_x_face,6,0.001,face_C>li_V>ri_V,3,NLS-N2,GP,boot,300,,,False,,,,,,,,,True
fing_x_face,6,0.001,face_C>li_V>ri_V,3,DE-N2,GP,boot,300,,,False,,,,,,,,,True
fing_x_face,6,0.001,face_C>li_V>ri_V,3,MAXMONO-K3,GP,boot,300,,,False,,,,,,,,,True
fing_x_face,6,0.001,face_C>li_V>ri_V,3,MONO-cont,GP,boot,300,,,False,,,,,,,,,True
fing_x_face,6,0.001,face_C>li_V>ri_V,3,S1-Marcialis,rule,boot,300,,,True,0.0005429372907429192,0.01937984496124031,0.0008829427434078596,0.011583011583011582,1.4517374517374517,2.232573104666128,"[[0.6950200796127319, 0.5201699733734131], [35.000003814697266, 4.0], 25.0]",0.008700847625732422,
fing_x_face,6,0.001,face_C>li_V>ri_V,3,S2-Symmetric,rule,boot,300,,,True,0.0005429372907429192,0.01937984496124031,0.0008829427434078596,0.011583011583011582,1.4517374517374517,2.232573104666128,"[[0.6950200796127319, 0.5201699733734131], [35.000003814697266, 4.0], 25.0]",0.03623652458190918,
fing_x_face,6,0.001,face_C>li_V>ri_V,3,S3-SPRT,rule,boot,300,,,True,0.0005731004735619702,0.011627906976744186,0.0004190236748376283,0.011583011583011582,1.393822393822394,1.7110083505432343,"[[7.200907835801471, -3.899276712268543], [7.200907835801471, -3.899276712268543], 0.9164065739455318]",0.17462635040283203,
fing_x_face,6,0.001,face_C>li_V>ri_V,3,S4-Direct,rule,boot,300,,,True,0.0005127741079238681,0.015503875968992248,0.00047888419981443237,0.011583011583011582,1.277992277992278,2.750531262159169,"[[0.6627000570297241, 0.4832500219345093], [32.000003814697266, 4.000000476837158], 29.0]",0.44913625717163086,
fing_x_face,6,0.001,face_C>ri_V>face_G,3,HYP,GP,boot,300,,,False,,,,,,,,,
fing_x_face,6,0.001,face_C>ri_V>face_G,3,MONO,GP,boot,300,,,False,,,,,,,,,True
fing_x_face,6,0.001,face_C>ri_V>face_G,3,MONO-rel,GP,boot,300,0.03258493834797409,0.039495054403723306,True,0.0005429372907429192,0.023255813953488372,0.0004938493310586334,0.007722007722007722,1.2432432432432432,1.7257789350812607,"[[0.6603200435638428, 0.5204200744628906], [28.000001907348633, 9.000000953674316], 75.39029693603516]",0.043903350830078125,
fing_x_face,6,0.001,face_C>ri_V>face_G,3,LR-P1-N2,GP,boot,300,,,False,,,,,,,,,True
fing_x_face,6,0.001,face_C>ri_V>face_G,3,LR-P1-N2-rel,GP,boot,300,0.032526615047972676,0.039290496867634556,True,0.0005429372907429192,0.023255813953488372,0.0004938493310586334,0.007722007722007722,1.2432432432432432,1.7257789350812607,"[[0.6603200435638428, 0.5204200744628906], [28.000001907348633, 9.000000953674316], 75.39029693603516]",0.0451970100402832,
fing_x_face,6,0.001,face_C>ri_V>face_G,3,LR-P2-N2,GP,boot,300,,,False,,,,,,,,,True
fing_x_face,6,0.001,face_C>ri_V>face_G,3,LR-P2-N2-rel,GP,boot,300,0.03756675866419123,0.06372963452820424,True,0.0005278556993333936,0.023255813953488372,0.00044895393732603036,0.011583011583011582,1.250965250965251,1.6737601388764178,"[[0.6615100502967834, 0.5204200744628906], [28.000001907348633, 11.000000953674316], 75.39029693603516]",0.04731130599975586,
fing_x_face,6,0.001,face_C>ri_V>face_G,3,LR-P1-N3,GP,boot,300,,,False,,,,,,,,,True
fing_x_face,6,0.001,face_C>ri_V>face_G,3,NLS-N2,GP,boot,300,0.04324046495346352,0.04311929110781435,True,0.0005731004735619702,0.023255813953488372,0.0006435006435006435,0.007722007722007722,1.2432432432432432,1.9234084582921793,"[[0.6603200435638428, 0.5204200744628906], [28.000001907348633, 6.000000476837158], 75.39029693603516]",0.04990792274475098,
fing_x_face,6,0.001,face_C>ri_V>face_G,3,DE-N2,GP,boot,300,,,False,,,,,,,,,True
fing_x_face,6,0.001,face_C>ri_V>face_G,3,MAXMONO-K3,GP,boot,300,,,False,,,,,,,,,True
fing_x_face,6,0.001,face_C>ri_V>face_G,3,MONO-cont,GP,boot,300,,,False,,,,,,,,,True
fing_x_face,6,0.001,face_C>ri_V>face_G,3,S1-Marcialis,rule,boot,300,,,True,0.0006032636563810213,0.015503875968992248,0.0015264433869085032,0.03474903474903475,1.4555984555984556,2.2541228936577773,"[[0.6950200796127319, 0.5201699733734131], [37.000003814697266, 0.0], 74.88909912109375]",0.00973963737487793,
fing_x_face,6,0.001,face_C>ri_V>face_G,3,S2-Symmetric,rule,boot,300,,,True,0.0006032636563810213,0.015503875968992248,0.0015264433869085032,0.03474903474903475,1.4555984555984556,2.2541228936577773,"[[0.6950200796127319, 0.5201699733734131], [37.000003814697266, 0.0], 74.88909912109375]",0.04130148887634277,
fing_x_face,6,0.001,face_C>ri_V>face_G,3,S3-SPRT,rule,boot,300,,,True,0.0005429372907429192,0.011627906976744186,0.0009128730058962617,0.003861003861003861,1.393822393822394,1.6826643919667175,"[[7.200907835801471, -3.899276712268543], [7.200907835801471, -3.899276712268543], 3.0744777854476366]",0.19826936721801758,
fing_x_face,6,0.001,face_C>ri_V>face_G,3,S4-Direct,rule,boot,300,,,True,0.0006485084306095979,0.011627906976744186,0.0014516177306874982,0.003861003861003861,1.4092664092664093,2.389377749842866,"[[0.6950200796127319, 0.4832500219345093], [26.000001907348633, 6.000000476837158], 74.89425659179688]",0.5006508827209473,
fing_x_face,6,0.001,face_C>ri_V>li_V,3,HYP,GP,boot,300,,,False,,,,,,,,,
fing_x_face,6,0.001,face_C>ri_V>li_V,3,MONO,GP,boot,300,,,False,,,,,,,,,True
fing_x_face,6,0.001,face_C>ri_V>li_V,3,MONO-rel,GP,boot,300,0.03601946618018455,0.04837391610967151,True,0.0005278556993333936,0.023255813953488372,0.0004190236748376283,0.011583011583011582,1.2393822393822393,1.6583460536948909,"[[0.6603200435638428, 0.5204200744628906], [28.000001907348633, 12.000000953674316], 29.000001907348633]",0.04757213592529297,
fing_x_face,6,0.001,face_C>ri_V>li_V,3,LR-P1-N2,GP,boot,300,,,False,,,,,,,,,True
fing_x_face,6,0.001,face_C>ri_V>li_V,3,LR-P1-N2-rel,GP,boot,300,0.03597560200522557,0.048197729370486685,True,0.0005278556993333936,0.023255813953488372,0.0004190236748376283,0.011583011583011582,1.2393822393822393,1.6583460536948909,"[[0.6603200435638428, 0.5204200744628906], [28.000001907348633, 12.000000953674316], 29.000001907348633]",0.04341292381286621,
fing_x_face,6,0.001,face_C>ri_V>li_V,3,LR-P2-N2,GP,boot,300,0.06814060173999167,0.06695336879473998,True,0.0005127741079238681,0.01937984496124031,0.0004040585435934273,0.011583011583011582,1.2548262548262548,2.2469097003980725,"[[0.6615100502967834, 0.5204200744628906], [28.000001907348633, -Infinity], 32.000003814697266]",0.04440498352050781,
fing_x_face,6,0.001,face_C>ri_V>li_V,3,LR-P2-N2-rel,GP,boot,300,,,False,,,,,,,,,True
fing_x_face,6,0.001,face_C>ri_V>li_V,3,LR-P1-N3,GP,boot,300,,,False,,,,,,,,,True
fing_x_face,6,0.001,face_C>ri_V>li_V,3,NLS-N2,GP,boot,300,,,False,,,,,,,,,True
fing_x_face,6,0.001,face_C>ri_V>li_V,3,DE-N2,GP,boot,300,,,False,,,,,,,,,True
fing_x_face,6,0.001,face_C>ri_V>li_V,3,MAXMONO-K3,GP,boot,300,,,False,,,,,,,,,True
fing_x_face,6,0.001,face_C>ri_V>li_V,3,MONO-cont,GP,boot,300,,,False,,,,,,,,,True
fing_x_face,6,0.001,face_C>ri_V>li_V,3,S1-Marcialis,rule,boot,300,,,True,0.0004976925165143426,0.023255813953488372,0.00034419801861662326,0.015444015444015444,1.4555984555984556,2.2541228936577773,"[[0.6950200796127319, 0.5201699733734131], [37.000003814697266, 0.0], 26.0]",0.009423971176147461,
fing_x_face,6,0.001,face_C>ri_V>li_V,3,S2-Symmetric,rule,boot,300,,,True,0.0004976925165143426,0.023255813953488372,0.00034419801861662326,0.015444015444015444,1.4555984555984556,2.2541228936577773,"[[0.6950200796127319, 0.5201699733734131], [37.000003814697266, 0.0], 26.0]",0.04063892364501953,
fing_x_face,6,0.001,face_C>ri_V>li_V,3,S3-SPRT,rule,boot,300,,,True,0.0005731004735619702,0.011627906976744186,0.0005088144623028344,0.007722007722007722,1.393822393822394,1.6826643919667175,"[[7.200907835801471, -3.899276712268543], [7.200907835801471, -3.899276712268543], 0.9164065739455318]",0.19037437438964844,
fing_x_face,6,0.001,face_C>ri_V>li_V,3,S4-Direct,rule,boot,300,,,False,,,,,,,,,
fing_x_face,6,0.001,face_G>face_C>li_V,3,HYP,GP,boot,300,,,False,,,,,,,,,
fing_x_face,6,0.001,face_G>face_C>li_V,3,MONO,GP,boot,300,,,False,,,,,,,,,True
fing_x_face,6,0.001,face_G>face_C>li_V,3,MONO-rel,GP,boot,300,,,False,,,,,,,,,True
fing_x_face,6,0.001,face_G>face_C>li_V,3,LR-P1-N2,GP,boot,300,,,False,,,,,,,,,True
fing_x_face,6,0.001,face_G>face_C>li_V,3,LR-P1-N2-rel,GP,boot,300,,,False,,,,,,,,,True
fing_x_face,6,0.001,face_G>face_C>li_V,3,LR-P2-N2,GP,boot,300,,,False,,,,,,,,,True
fing_x_face,6,0.001,face_G>face_C>li_V,3,LR-P2-N2-rel,GP,boot,300,,,False,,,,,,,,,True
fing_x_face,6,0.001,face_G>face_C>li_V,3,LR-P1-N3,GP,boot,300,,,False,,,,,,,,,True
fing_x_face,6,0.001,face_G>face_C>li_V,3,NLS-N2,GP,boot,300,,,False,,,,,,,,,True
fing_x_face,6,0.001,face_G>face_C>li_V,3,DE-N2,GP,boot,300,,,False,,,,,,,,,True
fing_x_face,6,0.001,face_G>face_C>li_V,3,MAXMONO-K3,GP,boot,300,,,False,,,,,,,,,True
fing_x_face,6,0.001,face_G>face_C>li_V,3,MONO-cont,GP,boot,300,,,False,,,,,,,,,True
fing_x_face,6,0.001,face_G>face_C>li_V,3,S1-Marcialis,rule,boot,300,,,True,0.0006183452477905468,0.03488372093023256,0.0006584657747448446,0.015444015444015444,1.6177606177606179,1.9403190565981263,"[[75.94683074951172, 65.9372329711914], [0.6950200796127319, 0.5201699733734131], 24.0]",0.009587764739990234,
fing_x_face,6,0.001,face_G>face_C>li_V,3,S2-Symmetric,rule,boot,300,,,True,0.0006183452477905468,0.03488372093023256,0.0006584657747448446,0.015444015444015444,1.6177606177606179,1.9403190565981263,"[[75.94683074951172, 65.9372329711914], [0.6950200796127319, 0.5201699733734131], 24.0]",0.06613636016845703,
fing_x_face,6,0.001,face_G>face_C>li_V,3,S3-SPRT,rule,boot,300,,,True,0.0005881820649714958,0.023255813953488372,0.0007781868246984526,0.03088803088803089,1.498069498069498,1.637050671934393,"[[6.457819740771156, -3.5091428000324654], [6.457819740771156, -3.5091428000324654], 3.8414062507769335]",0.18114757537841797,
fing_x_face,6,0.001,face_G>face_C>li_V,3,S4-Direct,rule,boot,300,,,True,0.0005429372907429192,0.031007751937984496,0.00044895393732603036,0.007722007722007722,1.5521235521235521,2.352952620394481,"[[75.94683074951172, 63.86409378051758], [0.6638500690460205, 0.5307600498199463], 27.0]",0.5234973430633545,
fing_x_face,6,0.001,face_G>face_C>ri_V,3,HYP,GP,boot,300,,,False,,,,,,,,,
fing_x_face,6,0.001,face_G>face_C>ri_V,3,MONO,GP,boot,300,,,False,,,,,,,,,True
fing_x_face,6,0.001,face_G>face_C>ri_V,3,MONO-rel,GP,boot,300,,,False,,,,,,,,,True
fing_x_face,6,0.001,face_G>face_C>ri_V,3,LR-P1-N2,GP,boot,300,,,False,,,,,,,,,True
fing_x_face,6,0.001,face_G>face_C>ri_V,3,LR-P1-N2-rel,GP,boot,300,,,False,,,,,,,,,True
fing_x_face,6,0.001,face_G>face_C>ri_V,3,LR-P2-N2,GP,boot,300,,,False,,,,,,,,,True
fing_x_face,6,0.001,face_G>face_C>ri_V,3,LR-P2-N2-rel,GP,boot,300,,,False,,,,,,,,,True
fing_x_face,6,0.001,face_G>face_C>ri_V,3,LR-P1-N3,GP,boot,300,,,False,,,,,,,,,True
fing_x_face,6,0.001,face_G>face_C>ri_V,3,NLS-N2,GP,boot,300,,,False,,,,,,,,,True
fing_x_face,6,0.001,face_G>face_C>ri_V,3,DE-N2,GP,boot,300,,,False,,,,,,,,,True
fing_x_face,6,0.001,face_G>face_C>ri_V,3,MAXMONO-K3,GP,boot,300,,,False,,,,,,,,,True
fing_x_face,6,0.001,face_G>face_C>ri_V,3,MONO-cont,GP,boot,300,,,False,,,,,,,,,True
fing_x_face,6,0.001,face_G>face_C>ri_V,3,S1-Marcialis,rule,boot,300,,,True,0.0003317950110095617,0.023255813953488372,0.0007183262997216486,0.003861003861003861,1.6177606177606179,1.9403190565981263,"[[75.94683074951172, 65.9372329711914], [0.6950200796127319, 0.5201699733734131], 25.0]",0.009130239486694336,
fing_x_face,6,0.001,face_G>face_C>ri_V,3,S2-Symmetric,rule,boot,300,,,True,0.0003317950110095617,0.023255813953488372,0.0007183262997216486,0.003861003861003861,1.6177606177606179,1.9403190565981263,"[[75.94683074951172, 65.9372329711914], [0.6950200796127319, 0.5201699733734131], 25.0]",0.07457613945007324,
fing_x_face,6,0.001,face_G>face_C>ri_V,3,S3-SPRT,rule,boot,300,,,True,0.0005278556993333936,0.01937984496124031,0.0009428032683846638,0.019305019305019305,1.498069498069498,1.637050671934393,"[[6.457819740771156, -3.5091428000324654], [6.457819740771156, -3.5091428000324654], 3.7409334334138458]",0.17637109756469727,
fing_x_face,6,0.001,face_G>face_C>ri_V,3,S4-Direct,rule,boot,300,,,True,0.0005731004735619702,0.011627906976744186,0.0015114782556643021,0.003861003861003861,1.4864864864864864,2.7534494627517883,"[[75.02900695800781, 63.86409378051758], [0.6950200796127319, 0.4832500219345093], 28.0]",0.5029256343841553,
fing_x_face,6,0.001,face_G>li_V>face_C,3,HYP,GP,boot,300,,,False,,,,,,,,,
fing_x_face,6,0.001,face_G>li_V>face_C,3,MONO,GP,boot,300,0.07421264579773296,0.07078803945582116,True,0.0005731004735619702,0.03488372093023256,0.0013169315494896891,0.02702702702702703,1.281853281853282,1.93285145610727,"[[75.00386047363281, 65.94686126708984], [30.000001907348633, 5.000000476837158], 0.6715400218963623]",0.04938220977783203,
fing_x_face,6,0.001,face_G>li_V>face_C,3,MONO-rel,GP,boot,300,0.06396713767827836,0.07501783893697242,True,0.0006183452477905468,0.04263565891472868,0.001212175630780282,0.03474903474903475,1.277992277992278,1.6074646074646075,"[[75.06671905517578, 66.06492614746094], [29.000001907348633, 9.000000953674316], 0.652999997138977]",0.04465842247009277,
fing_x_face,6,0.001,face_G>li_V>face_C,3,LR-P1-N2,GP,boot,300,0.07476425894419957,0.07103501458888896,True,0.0006183452477905468,0.03488372093023256,0.00133189668073389,0.02702702702702703,1.281853281853282,1.837927628625303,"[[75.00386047363281, 65.94686126708984], [30.000001907348633, 6.000000476837158], 0.6666100025177002]",0.05388998985290527,
fing_x_face,6,0.001,face_G>li_V>face_C,3,LR-P1-N2-rel,GP,boot,300,0.06382100276408914,0.0746554180409966,True,0.0006183452477905468,0.04263565891472868,0.001212175630780282,0.03474903474903475,1.277992277992278,1.6134805902247762,"[[75.06671905517578, 66.0491943359375], [29.000001907348633, 9.000000953674316], 0.652999997138977]",0.044363975524902344,
fing_x_face,6,0.001,face_G>li_V>face_C,3,LR-P2-N2,GP,boot,300,0.09807150589667714,0.09079847512387249,True,0.0006183452477905468,0.03488372093023256,0.00133189668073389,0.015444015444015444,1.2895752895752897,2.020681811379486,"[[75.03804779052734, 65.94686126708984], [29.000001907348633, 4.000000476837158], 0.6679900288581848]",0.04642200469970703,
fing_x_face,6,0.001,face_G>li_V>face_C,3,LR-P2-N2-rel,GP,boot,300,0.08555226560158796,0.1180432624479574,True,0.0006334268392000724,0.06201550387596899,0.00118224536829188,0.04247104247104247,1.2432432432432432,1.1794618538804584,"[[75.12274932861328, 71.57177734375], [24.000001907348633, 8.000000953674316], 0.6568999886512756]",0.04585838317871094,
fing_x_face,6,0.001,face_G>li_V>face_C,3,LR-P1-N3,GP,boot,300,0.074764258943872,0.0710350145892761,True,0.0006183452477905468,0.03488372093023256,0.00133189668073389,0.02702702702702703,1.281853281853282,1.837927628625303,"[[75.00386047363281, 65.94686126708984], [30.000001907348633, 6.000000476837158], 0.6666100025177002]",0.052247047424316406,
fing_x_face,6,0.001,face_G>li_V>face_C,3,NLS-N2,GP,boot,300,0.06939471647176484,0.06717103340664202,True,0.0006183452477905468,0.03488372093023256,0.00133189668073389,0.02702702702702703,1.281853281853282,1.837927628625303,"[[75.00386047363281, 65.94686126708984], [30.000001907348633, 6.000000476837158], 0.6666100025177002]",0.049657583236694336,
fing_x_face,6,0.001,face_G>li_V>face_C,3,DE-N2,GP,boot,300,0.0745879312248448,0.070949647292573,True,0.0006183452477905468,0.03488372093023256,0.00133189668073389,0.02702702702702703,1.281853281853282,1.837927628625303,"[[75.00386047363281, 65.94686126708984], [30.000001907348633, 6.000000476837158], 0.6666100025177002]",0.047646284103393555,
fing_x_face,6,0.001,face_G>li_V>face_C,3,MAXMONO-K3,GP,boot,300,0.11479261184731168,0.13342489374113317,True,0.0006485084306095979,0.03875968992248062,0.001346861811978091,0.02702702702702703,1.2625482625482625,1.560369339439107,"[[74.97261047363281, 65.94686126708984], [29.000001907348633, 15.000000953674316], 0.6426600217819214]",0.05533313751220703,
fing_x_face,6,0.001,face_G>li_V>face_C,3,MONO-cont,GP,boot,300,0.07457996041548835,0.0709438702663489,True,0.0006183452477905468,0.03488372093023256,0.00133189668073389,0.02702702702702703,1.281853281853282,1.837927628625303,"[[75.00386047363281, 65.94686126708984], [30.000001907348633, 6.000000476837158], 0.6666100025177002]",0.04872775077819824,
fing_x_face,6,0.001,face_G>li_V>face_C,3,S1-Marcialis,rule,boot,300,,,True,0.0005278556993333936,0.03488372093023256,0.00043398880608182933,0.03088803088803089,1.4054054054054055,2.0872167848912033,"[[75.94683074951172, 65.9372329711914], [35.000003814697266, 4.0], 0.655709981918335]",0.010115385055541992,
fing_x_face,6,0.001,face_G>li_V>face_C,3,S2-Symmetric,rule,boot,300,,,True,0.0005278556993333936,0.03488372093023256,0.00043398880608182933,0.03088803088803089,1.4054054054054055,2.0872167848912033,"[[75.94683074951172, 65.9372329711914], [35.000003814697266, 4.0], 0.655709981918335]",0.050058841705322266,
fing_x_face,6,0.001,face_G>li_V>face_C,3,S3-SPRT,rule,boot,300,,,True,0.0005731004735619702,0.01937984496124031,0.0007632216934542516,0.023166023166023165,1.3822393822393821,1.6311244799616893,"[[6.457819740771156, -3.5091428000324654], [6.457819740771156, -3.5091428000324654], 3.525303830846437]",0.2123093605041504,
fing_x_face,6,0.001,face_G>li_V>face_C,3,S4-Direct,rule,boot,300,,,False,,,,,,,,,
fing_x_face,6,0.001,face_G>li_V>ri_V,3,HYP,GP,boot,300,,,False,,,,,,,,,
fing_x_face,6,0.001,face_G>li_V>ri_V,3,MONO,GP,boot,300,0.06953034051295141,0.06563551637144838,True,0.0006334268392000724,0.015503875968992248,0.0015863039118853071,0.015444015444015444,1.281853281853282,2.020247822573404,"[[74.9349594116211, 65.94686126708984], [30.000001907348633, 4.000000476837158], 29.0]",0.045609474182128906,
fing_x_face,6,0.001,face_G>li_V>ri_V,3,MONO-rel,GP,boot,300,0.05811733088807645,0.06100207891078274,True,0.0006032636563810213,0.01937984496124031,0.0014516177306874982,0.011583011583011582,1.2934362934362935,2.0208015324294393,"[[75.06671905517578, 65.94686126708984], [28.000001907348633, 4.000000476837158], 27.000001907348633]",0.04314231872558594,
fing_x_face,6,0.001,face_G>li_V>ri_V,3,LR-P1-N2,GP,boot,300,0.07015228538421056,0.06628968172645701,True,0.0006183452477905468,0.015503875968992248,0.0015264433869085032,0.015444015444015444,1.281853281853282,2.0203675436233577,"[[74.9438705444336, 65.94686126708984], [30.000001907348633, 4.000000476837158], 29.0]",0.046706438064575195,
fing_x_face,6,0.001,face_G>li_V>ri_V,3,LR-P1-N2-rel,GP,boot,300,0.057921549325835354,0.0607066506990686,True,0.0006032636563810213,0.01937984496124031,0.0014516177306874982,0.011583011583011582,1.2934362934362935,2.0208015324294393,"[[75.06671905517578, 65.94686126708984], [28.000001907348633, 4.000000476837158], 27.000001907348633]",0.04117226600646973,
fing_x_face,6,0.001,face_G>li_V>ri_V,3,LR-P2-N2,GP,boot,300,0.09309409235593724,0.08716828063871947,True,0.0006032636563810213,0.015503875968992248,0.0014965131244201013,0.015444015444015444,1.277992277992278,2.020472299542067,"[[74.9793472290039, 65.94686126708984], [29.000001907348633, 4.000000476837158], 29.0]",0.042471885681152344,
fing_x_face,6,0.001,face_G>li_V>ri_V,3,LR-P2-N2-rel,GP,boot,300,0.08047307240306822,0.08745807875234557,True,0.0006334268392000724,0.046511627906976744,0.0013618269432222922,0.023166023166023165,1.2625482625482625,1.2864326120140073,"[[75.12274932861328, 71.18378448486328], [24.000001907348633, 5.000000476837158], 25.0]",0.04331851005554199,
fing_x_face,6,0.001,face_G>li_V>ri_V,3,LR-P1-N3,GP,boot,300,0.07015228538414879,0.06628968172645669,True,0.0006183452477905468,0.015503875968992248,0.0015264433869085032,0.015444015444015444,1.281853281853282,2.0203675436233577,"[[74.9438705444336, 65.94686126708984], [30.000001907348633, 4.000000476837158], 29.0]",0.04220390319824219,
fing_x_face,6,0.001,face_G>li_V>ri_V,3,NLS-N2,GP,boot,300,0.06499886484654234,0.06225132815966858,True,0.0006032636563810213,0.015503875968992248,0.0015264433869085032,0.015444015444015444,1.2857142857142858,2.0203675436233577,"[[74.95536041259766, 65.94686126708984], [30.000001907348633, 4.000000476837158], 29.0]",0.04094696044921875,
fing_x_face,6,0.001,face_G>li_V>ri_V,3,DE-N2,GP,boot,300,0.06999005191273022,0.06618542967361196,True,0.0006183452477905468,0.015503875968992248,0.0015264433869085032,0.015444015444015444,1.281853281853282,2.0203675436233577,"[[74.9438705444336, 65.94686126708984], [30.000001907348633, 4.000000476837158], 29.0]",0.041318655014038086,
fing_x_face,6,0.001,face_G>li_V>ri_V,3,MAXMONO-K3,GP,boot,300,0.11429846088612522,0.12022868357965669,True,0.0006334268392000724,0.031007751937984496,0.0014067223369548952,0.023166023166023165,1.2586872586872586,1.5315464966627756,"[[74.981201171875, 66.0369644165039], [29.000001907348633, 15.000000953674316], 21.0]",0.05470132827758789,
fing_x_face,6,0.001,face_G>li_V>ri_V,3,MONO-cont,GP,boot,300,0.06998204039863025,0.06617907905533627,True,0.0006183452477905468,0.015503875968992248,0.0015264433869085032,0.015444015444015444,1.281853281853282,2.0203675436233577,"[[74.9438705444336, 65.94686126708984], [30.000001907348633, 4.000000476837158], 29.0]",0.04428553581237793,
fing_x_face,6,0.001,face_G>li_V>ri_V,3,S1-Marcialis,rule,boot,300,,,True,0.0003770397852381383,0.023255813953488372,0.0008530124809194577,0.019305019305019305,1.4054054054054055,2.0872167848912033,"[[75.94683074951172, 65.9372329711914], [35.000003814697266, 4.0], 25.0]",0.008677244186401367,
fing_x_face,6,0.001,face_G>li_V>ri_V,3,S2-Symmetric,rule,boot,300,,,True,0.0003770397852381383,0.023255813953488372,0.0008530124809194577,0.019305019305019305,1.4054054054054055,2.0872167848912033,"[[75.94683074951172, 65.9372329711914], [35.000003814697266, 4.0], 25.0]",0.05822587013244629,
fing_x_face,6,0.001,face_G>li_V>ri_V,3,S3-SPRT,rule,boot,300,,,True,0.0006183452477905468,0.015503875968992248,0.0008530124809194577,0.011583011583011582,1.3822393822393821,1.6311244799616893,"[[6.457819740771156, -3.5091428000324654], [6.457819740771156, -3.5091428000324654], 0.6834985575116388]",0.20648980140686035,
fing_x_face,6,0.001,face_G>li_V>ri_V,3,S4-Direct,rule,boot,300,,,False,,,,,,,,,
fing_x_face,6,0.001,face_G>ri_V>face_C,3,HYP,GP,boot,300,,,False,,,,,,,,,
fing_x_face,6,0.001,face_G>ri_V>face_C,3,MONO,GP,boot,300,0.06328222198345029,0.06115851117819165,True,0.0006334268392000724,0.015503875968992248,0.0014815479931759002,0.007722007722007722,1.2702702702702702,1.9085929783604203,"[[75.00386047363281, 65.94686126708984], [28.000001907348633, 5.000000476837158], 0.6688899993896484]",0.049954891204833984,
fing_x_face,6,0.001,face_G>ri_V>face_C,3,MONO-rel,GP,boot,300,0.0450993503084635,0.04749012007347083,True,0.0006485084306095979,0.011627906976744186,0.0014366525994432972,0.007722007722007722,1.2702702702702702,1.6387566968962317,"[[75.02111053466797, 65.94686126708984], [28.000001907348633, 9.000000953674316], 0.6493200063705444]",0.048171043395996094,
fing_x_face,6,0.001,face_G>ri_V>face_C,3,LR-P1-N2,GP,boot,300,0.0638192087589015,0.06171360790004143,True,0.0006334268392000724,0.015503875968992248,0.0014815479931759002,0.007722007722007722,1.2702702702702702,1.9085929783604203,"[[75.00386047363281, 65.94686126708984], [28.000001907348633, 5.000000476837158], 0.6688899993896484]",0.06517767906188965,
fing_x_face,6,0.001,face_G>ri_V>face_C,3,LR-P1-N2-rel,GP,boot,300,0.04506556237604589,0.04737379931705952,True,0.0006485084306095979,0.011627906976744186,0.0014366525994432972,0.007722007722007722,1.2702702702702702,1.6387566968962317,"[[75.02111053466797, 65.94686126708984], [28.000001907348633, 9.000000953674316], 0.6493200063705444]",0.060415029525756836,
fing_x_face,6,0.001,face_G>ri_V>face_C,3,LR-P2-N2,GP,boot,300,0.08668937446169174,0.08278280715197403,True,0.0006183452477905468,0.015503875968992248,0.0015114782556643021,0.007722007722007722,1.274131274131274,2.097408039268504,"[[75.03804779052734, 65.94686126708984], [27.000001907348633, -Infinity], 0.6723300218582153]",0.05233001708984375,
fing_x_face,6,0.001,face_G>ri_V>face_C,3,LR-P2-N2-rel,GP,boot,300,0.0499792583517961,0.05680648071743497,True,0.0006485084306095979,0.015503875968992248,0.0014965131244201013,0.011583011583011582,1.2664092664092663,1.5930382209451976,"[[75.02111053466797, 65.94686126708984], [28.000001907348633, 11.000000953674316], 0.6393200159072876]",0.04273533821105957,
fing_x_face,6,0.001,face_G>ri_V>face_C,3,LR-P1-N3,GP,boot,300,0.06381920875872436,0.06171360790030271,True,0.0006334268392000724,0.015503875968992248,0.0014815479931759002,0.007722007722007722,1.2702702702702702,1.9085929783604203,"[[75.00386047363281, 65.94686126708984], [28.000001907348633, 5.000000476837158], 0.6688899993896484]",0.049535512924194336,
fing_x_face,6,0.001,face_G>ri_V>face_C,3,NLS-N2,GP,boot,300,0.05843774570101447,0.05743996922495861,True,0.0006334268392000724,0.015503875968992248,0.0014516177306874982,0.007722007722007722,1.2702702702702702,1.8133249528598365,"[[75.02111053466797, 65.94686126708984], [28.000001907348633, 6.000000476837158], 0.6651999950408936]",0.052042245864868164,
fing_x_face,6,0.001,face_G>ri_V>face_C,3,DE-N2,GP,boot,300,0.06372930547312428,0.06186990683231488,True,0.0006183452477905468,0.015503875968992248,0.001466582861931699,0.007722007722007722,1.2702702702702702,1.8132351620723715,"[[75.00386047363281, 65.94686126708984], [28.000001907348633, 6.000000476837158], 0.6688899993896484]",0.049219369888305664,
fing_x_face,6,0.001,face_G>ri_V>face_C,3,MAXMONO-K3,GP,boot,300,0.09480346415843129,0.11333663705824007,True,0.0006032636563810213,0.015503875968992248,0.0015863039118853071,0.007722007722007722,1.2586872586872586,1.5598904552392925,"[[75.02900695800781, 65.94686126708984], [26.000001907348633, 15.000000953674316], 0.6389999985694885]",0.05467414855957031,
fing_x_face,6,0.001,face_G>ri_V>face_C,3,MONO-cont,GP,boot,300,0.06372180401478449,0.06186362949580384,True,0.0006183452477905468,0.015503875968992248,0.001466582861931699,0.007722007722007722,1.2702702702702702,1.8132351620723715,"[[75.00386047363281, 65.94686126708984], [28.000001907348633, 6.000000476837158], 0.6688899993896484]",0.04832887649536133,
fing_x_face,6,0.001,face_G>ri_V>face_C,3,S1-Marcialis,rule,boot,300,,,True,0.0005127741079238681,0.023255813953488372,0.0003591631498608243,0.019305019305019305,1.393822393822394,2.1062075364400945,"[[75.94683074951172, 65.9372329711914], [37.000003814697266, 0.0], 0.6593199968338013]",0.009234905242919922,
fing_x_face,6,0.001,face_G>ri_V>face_C,3,S2-Symmetric,rule,boot,300,,,True,0.0005127741079238681,0.023255813953488372,0.0003591631498608243,0.019305019305019305,1.393822393822394,2.1062075364400945,"[[75.94683074951172, 65.9372329711914], [37.000003814697266, 0.0], 0.6593199968338013]",0.05164980888366699,
fing_x_face,6,0.001,face_G>ri_V>face_C,3,S3-SPRT,rule,boot,300,,,True,0.0005580188821524447,0.011627906976744186,0.0009876986621172668,0.011583011583011582,1.359073359073359,1.6041722785908832,"[[6.457819740771156, -3.5091428000324654], [6.457819740771156, -3.5091428000324654], 3.0744777854476366]",0.20267248153686523,
fing_x_face,6,0.001,face_G>ri_V>face_C,3,S4-Direct,rule,boot,300,,,True,0.0006032636563810213,0.007751937984496124,0.001272036155757086,0.011583011583011582,1.2934362934362935,1.9142647631019725,"[[75.02900695800781, 63.86409378051758], [37.000003814697266, 16.000001907348633], 0.6179900169372559]",0.4187285900115967,
fing_x_face,6,0.001,face_G>ri_V>li_V,3,HYP,GP,boot,300,,,False,,,,,,,,,
fing_x_face,6,0.001,face_G>ri_V>li_V,3,MONO,GP,boot,300,0.06312900707253985,0.06047990353558793,True,0.0005881820649714958,0.015503875968992248,0.0014815479931759002,0.015444015444015444,1.2702702702702702,2.0973481787435277,"[[74.98060607910156, 65.94686126708984], [28.000001907348633, -Infinity], 30.0]",0.0446314811706543,
fing_x_face,6,0.001,face_G>ri_V>li_V,3,MONO-rel,GP,boot,300,0.0497824670906979,0.05295639287019529,True,0.0006183452477905468,0.011627906976744186,0.0014067223369548952,0.011583011583011582,1.2664092664092663,1.5930382209451976,"[[75.02111053466797, 65.94686126708984], [28.000001907348633, 11.000000953674316], 25.0]",0.052953481674194336,
fing_x_face,6,0.001,face_G>ri_V>li_V,3,LR-P1-N2,GP,boot,300,0.06367911049436477,0.061025734224476234,True,0.0005881820649714958,0.015503875968992248,0.0014815479931759002,0.015444015444015444,1.2702702702702702,2.0973481787435277,"[[74.98060607910156, 65.94686126708984], [28.000001907348633, -Infinity], 30.0]",0.05149531364440918,
fing_x_face,6,0.001,face_G>ri_V>li_V,3,LR-P1-N2-rel,GP,boot,300,0.04969216574980619,0.05274915461031465,True,0.0006183452477905468,0.011627906976744186,0.0014067223369548952,0.011583011583011582,1.2664092664092663,1.5930382209451976,"[[75.02111053466797, 65.94686126708984], [28.000001907348633, 11.000000953674316], 25.0]",0.0592496395111084,
fing_x_face,6,0.001,face_G>ri_V>li_V,3,LR-P2-N2,GP,boot,300,0.08650572032984724,0.0823658239482645,True,0.0005731004735619702,0.015503875968992248,0.0015414085181527043,0.011583011583011582,1.2625482625482625,2.0973481787435277,"[[75.02111053466797, 65.94686126708984], [27.000001907348633, -Infinity], 29.000001907348633]",0.048348426818847656,
fing_x_face,6,0.001,face_G>ri_V>li_V,3,LR-P2-N2-rel,GP,boot,300,0.0616257457065743,0.07422281633713743,True,0.0006635900220191234,0.011627906976744186,0.0014516177306874982,0.011583011583011582,1.2664092664092663,1.5600550716829786,"[[75.02111053466797, 65.94686126708984], [28.000001907348633, 15.000000953674316], 21.0]",0.04816293716430664,
fing_x_face,6,0.001,face_G>ri_V>li_V,3,LR-P1-N3,GP,boot,300,0.0636791104965395,0.06102573422447591,True,0.0005881820649714958,0.015503875968992248,0.0014815479931759002,0.015444015444015444,1.2702702702702702,2.0973481787435277,"[[74.98060607910156, 65.94686126708984], [28.000001907348633, -Infinity], 30.0]",0.0531306266784668,
fing_x_face,6,0.001,face_G>ri_V>li_V,3,NLS-N2,GP,boot,300,0.05839242663476271,0.05620521973839832,True,0.0006032636563810213,0.015503875968992248,0.0015863039118853071,0.011583011583011582,1.2625482625482625,2.0972583879560625,"[[74.9967269897461, 65.94686126708984], [27.000001907348633, -Infinity], 30.0]",0.05163884162902832,
fing_x_face,6,0.001,face_G>ri_V>li_V,3,DE-N2,GP,boot,300,0.06360228191610422,0.061063360767270515,True,0.0005731004735619702,0.015503875968992248,0.0014815479931759002,0.015444015444015444,1.2702702702702702,2.0973481787435277,"[[74.981201171875, 65.94686126708984], [28.000001907348633, -Infinity], 29.000001907348633]",0.051637887954711914,
fing_x_face,6,0.001,face_G>ri_V>li_V,3,MAXMONO-K3,GP,boot,300,0.1023707402321144,0.11282443139974196,True,0.000678671613428649,0.027131782945736434,0.0015114782556643021,0.019305019305019305,1.2586872586872586,1.3396037233246536,"[[75.06671905517578, 66.6690444946289], [25.000001907348633, 15.000000953674316], 22.0]",0.07437944412231445,
fing_x_face,6,0.001,face_G>ri_V>li_V,3,MONO-cont,GP,boot,300,0.06359488880437564,0.06105716563587494,True,0.0005731004735619702,0.015503875968992248,0.0014815479931759002,0.015444015444015444,1.2702702702702702,2.0973481787435277,"[[74.981201171875, 65.94686126708984], [28.000001907348633, -Infinity], 29.000001907348633]",0.03876042366027832,
fing_x_face,6,0.001,face_G>ri_V>li_V,3,S1-Marcialis,rule,boot,300,,,True,0.00043736615087624044,0.023255813953488372,0.0004040585435934273,0.023166023166023165,1.393822393822394,2.1062075364400945,"[[75.94683074951172, 65.9372329711914], [37.000003814697266, 0.0], 26.0]",0.009315967559814453,
fing_x_face,6,0.001,face_G>ri_V>li_V,3,S2-Symmetric,rule,boot,300,,,True,0.00043736615087624044,0.023255813953488372,0.0004040585435934273,0.023166023166023165,1.393822393822394,2.1062075364400945,"[[75.94683074951172, 65.9372329711914], [37.000003814697266, 0.0], 26.0]",0.05166506767272949,
fing_x_face,6,0.001,face_G>ri_V>li_V,3,S3-SPRT,rule,boot,300,,,True,0.0006334268392000724,0.011627906976744186,0.0009278381371404627,0.011583011583011582,1.359073359073359,1.6041722785908832,"[[6.457819740771156, -3.5091428000324654], [6.457819740771156, -3.5091428000324654], 0.6834985575116388]",0.20505046844482422,
fing_x_face,6,0.001,face_G>ri_V>li_V,3,S4-Direct,rule,boot,300,,,True,0.0004976925165143426,0.011627906976744186,0.0006734309059890455,0.011583011583011582,1.3436293436293436,2.2044685881895183,"[[75.62632751464844, 63.86409378051758], [30.000001907348633, 7.000000476837158], 26.0]",0.5376691818237305,
fing_x_face,6,0.001,li_V>face_C>face_G,3,HYP,GP,boot,300,,,False,,,,,,,,,
fing_x_face,6,0.001,li_V>face_C>face_G,3,MONO,GP,boot,300,0.0880091159281768,0.08578407629441012,True,0.0005580188821524447,0.03488372093023256,0.001242105893268684,0.011583011583011582,1.250965250965251,2.325267127592709,"[[29.000001907348633, 4.000000476837158], [0.6679900884628296, 0.5267700552940369], 75.03804779052734]",0.047826528549194336,
fing_x_face,6,0.001,li_V>face_C>face_G,3,MONO-rel,GP,boot,300,0.07998247516962606,0.09862694541411449,True,0.0006635900220191234,0.04263565891472868,0.0008530124809194577,0.011583011583011582,1.2355212355212355,1.937326030349286,"[[28.000001907348633, 4.000000476837158], [0.6691400408744812, 0.5737600326538086], 75.10340881347656]",0.04391884803771973,
fing_x_face,6,0.001,li_V>face_C>face_G,3,LR-P1-N2,GP,boot,300,0.08768497879618599,0.08545395971061137,True,0.0005731004735619702,0.03488372093023256,0.001257071024512885,0.011583011583011582,1.250965250965251,2.3255215348238605,"[[29.000001907348633, 4.000000476837158], [0.666610062122345, 0.5267500877380371], 75.03804779052734]",0.07076907157897949,
fing_x_face,6,0.001,li_V>face_C>face_G,3,LR-P1-N2-rel,GP,boot,300,0.079898535591857,0.09875244383282965,True,0.0006635900220191234,0.04263565891472868,0.0008380473496752566,0.011583011583011582,1.2355212355212355,1.938732752686241,"[[28.000001907348633, 4.000000476837158], [0.6691400408744812, 0.5734800696372986], 75.12274169921875]",0.05596733093261719,
fing_x_face,6,0.001,li_V>face_C>face_G,3,LR-P2-N2,GP,boot,300,0.08946184573152584,0.08434691107022604,True,0.0006032636563810213,0.03875968992248062,0.0009876986621172668,0.011583011583011582,1.2355212355212355,2.3943012780222084,"[[28.000001907348633, 4.000000476837158], [0.6708900332450867, 0.5204200744628906], 75.17488098144531]",0.05985116958618164,
fing_x_face,6,0.001,li_V>face_C>face_G,3,LR-P2-N2-rel,GP,boot,300,0.11543500046507707,0.1641797515554385,True,0.0006635900220191234,0.07751937984496124,0.0007781868246984526,0.04633204633204633,1.1891891891891893,1.4146688216455658,"[[28.000001907348633, 7.000000476837158], [0.6557100415229797, 0.5711200833320618], 74.88909912109375]",0.061283111572265625,
fing_x_face,6,0.001,li_V>face_C>face_G,3,LR-P1-N3,GP,boot,300,0.0876849787912748,0.08545395970799655,True,0.0005731004735619702,0.03488372093023256,0.001257071024512885,0.011583011583011582,1.250965250965251,2.3255215348238605,"[[29.000001907348633, 4.000000476837158], [0.666610062122345, 0.5267500877380371], 75.03804779052734]",0.06583476066589355,
fing_x_face,6,0.001,li_V>face_C>face_G,3,NLS-N2,GP,boot,300,0.08307465993029779,0.08219087745505323,True,0.0006334268392000724,0.03488372093023256,0.001272036155757086,0.011583011583011582,1.250965250965251,2.1723833468019516,"[[29.000001907348633, 4.000000476837158], [0.6679900884628296, 0.5410300493240356], 74.99671936035156]",0.05718564987182617,
fing_x_face,6,0.001,li_V>face_C>face_G,3,DE-N2,GP,boot,300,0.08691794894926032,0.08482095923498989,True,0.0005731004735619702,0.03488372093023256,0.001257071024512885,0.011583011583011582,1.250965250965251,2.321615635569124,"[[29.000001907348633, 4.000000476837158], [0.666610062122345, 0.5271400809288025], 75.03804779052734]",0.04510354995727539,
fing_x_face,6,0.001,li_V>face_C>face_G,3,MAXMONO-K3,GP,boot,300,,,False,,,,,,,,,True
fing_x_face,6,0.001,li_V>face_C>face_G,3,MONO-cont,GP,boot,300,0.0869091483246473,0.08481366805623793,True,0.0005731004735619702,0.03488372093023256,0.001257071024512885,0.011583011583011582,1.250965250965251,2.321331298075484,"[[29.000001907348633, 4.000000476837158], [0.666610062122345, 0.5271600484848022], 75.03804779052734]",0.04380202293395996,
fing_x_face,6,0.001,li_V>face_C>face_G,3,S1-Marcialis,rule,boot,300,,,True,0.0006032636563810213,0.04263565891472868,0.0014965131244201013,0.03088803088803089,1.3281853281853282,2.5698572326479305,"[[35.000003814697266, 4.0], [0.6950200796127319, 0.5201699733734131], 74.88909912109375]",0.008808612823486328,
fing_x_face,6,0.001,li_V>face_C>face_G,3,S2-Symmetric,rule,boot,300,,,True,0.0006032636563810213,0.04263565891472868,0.0014965131244201013,0.03088803088803089,1.3281853281853282,2.5698572326479305,"[[35.000003814697266, 4.0], [0.6950200796127319, 0.5201699733734131], 74.88909912109375]",0.036955833435058594,
fing_x_face,6,0.001,li_V>face_C>face_G,3,S3-SPRT,rule,boot,300,,,True,0.0005881820649714958,0.015503875968992248,0.0007183262997216486,0.015444015444015444,1.2702702702702702,2.066939032055311,"[[5.450610868762374, -3.586743437579266], [5.450610868762374, -3.586743437579266], 3.4629960993493]",0.17752385139465332,
fing_x_face,6,0.001,li_V>face_C>face_G,3,S4-Direct,rule,boot,300,,,True,0.0005881820649714958,0.031007751937984496,0.001257071024512885,0.019305019305019305,1.274131274131274,2.2809404088473855,"[[32.000003814697266, 4.000000476837158], [0.6638500690460205, 0.5307600498199463], 74.99671936035156]",0.555436372756958,
fing_x_face,6,0.001,li_V>face_C>ri_V,3,HYP,GP,boot,300,,,False,,,,,,,,,
fing_x_face,6,0.001,li_V>face_C>ri_V,3,MONO,GP,boot,300,0.08313392323764233,0.08097584687780163,True,0.0005731004735619702,0.023255813953488372,0.0005986052497680404,0.007722007722007722,1.2355212355212355,2.39427134775972,"[[28.000001907348633, 4.000000476837158], [0.6688900589942932, 0.5204200744628906], 27.000001907348633]",0.042462825775146484,
fing_x_face,6,0.001,li_V>face_C>ri_V,3,MONO-rel,GP,boot,300,0.07206538018982118,0.0785974613126762,True,0.0005731004735619702,0.023255813953488372,0.0005537098560354374,0.007722007722007722,1.2355212355212355,2.158480739876089,"[[28.000001907348633, 4.000000476837158], [0.6679900884628296, 0.5424200892448425], 26.000001907348633]",0.039740800857543945,
fing_x_face,6,0.001,li_V>face_C>ri_V,3,LR-P1-N2,GP,boot,300,0.08288057324586692,0.08075998507224125,True,0.0005731004735619702,0.023255813953488372,0.0006135703810122415,0.007722007722007722,1.2355212355212355,2.3942563826284755,"[[28.000001907348633, 4.000000476837158], [0.6679900884628296, 0.5204200744628906], 27.000001907348633]",0.047489166259765625,
fing_x_face,6,0.001,li_V>face_C>ri_V,3,LR-P1-N2-rel,GP,boot,300,0.07198806921358794,0.07843246940902837,True,0.0005731004735619702,0.023255813953488372,0.0005537098560354374,0.007722007722007722,1.2355212355212355,2.1635239891053843,"[[28.000001907348633, 4.000000476837158], [0.6679900884628296, 0.5418900847434998], 26.000001907348633]",0.046448469161987305,
fing_x_face,6,0.001,li_V>face_C>ri_V,3,LR-P2-N2,GP,boot,300,0.08385699657305386,0.08042918589998775,True,0.0005731004735619702,0.027131782945736434,0.00044895393732603036,0.007722007722007722,1.22007722007722,2.39427134775972,"[[27.000001907348633, 4.000000476837158], [0.6723300814628601, 0.5204200744628906], 28.000001907348633]",0.043970346450805664,
fing_x_face,6,0.001,li_V>face_C>ri_V,3,LR-P2-N2-rel,GP,boot,300,0.10192176519194213,0.14306219355677527,True,0.0006183452477905468,0.05426356589147287,0.0003890934123492263,0.03088803088803089,1.2123552123552124,1.6328754003172608,"[[28.000001907348633, 6.000000476837158], [0.661810040473938, 0.5563400387763977], 28.0]",0.0450596809387207,
fing_x_face,6,0.001,li_V>face_C>ri_V,3,LR-P1-N3,GP,boot,300,0.0828805732411281,0.08075998506948151,True,0.0005731004735619702,0.023255813953488372,0.0006135703810122415,0.007722007722007722,1.2355212355212355,2.3942563826284755,"[[28.000001907348633, 4.000000476837158], [0.6679900884628296, 0.5204200744628906], 27.000001907348633]",0.039962053298950195,
fing_x_face,6,0.001,li_V>face_C>ri_V,3,NLS-N2,GP,boot,300,0.07829671702276896,0.07683654098979462,True,0.0005731004735619702,0.023255813953488372,0.0006135703810122415,0.007722007722007722,1.2355212355212355,2.3942563826284755,"[[28.000001907348633, 4.000000476837158], [0.6679900884628296, 0.5204200744628906], 27.000001907348633]",0.0405726432800293,
fing_x_face,6,0.001,li_V>face_C>ri_V,3,DE-N2,GP,boot,300,0.08211364579921555,0.08007653283615353,True,0.0005731004735619702,0.023255813953488372,0.0006135703810122415,0.007722007722007722,1.2355212355212355,2.3942563826284755,"[[28.000001907348633, 4.000000476837158], [0.6679900884628296, 0.5204200744628906], 27.000001907348633]",0.06885170936584473,
fing_x_face,6,0.001,li_V>face_C>ri_V,3,MAXMONO-K3,GP,boot,300,0.15516179891178722,0.17432372403588,True,0.0006937532048381745,0.09689922480620156,0.0003741282811050253,0.08494208494208494,1.1428571428571428,1.1110562389632157,"[[28.000001907348633, 11.000000953674316], [0.6378200650215149, 0.5523600578308105], 26.0]",0.09728407859802246,
fing_x_face,6,0.001,li_V>face_C>ri_V,3,MONO-cont,GP,boot,300,0.08210450011863998,0.08006789970573266,True,0.0005731004735619702,0.023255813953488372,0.0006135703810122415,0.007722007722007722,1.2355212355212355,2.3942563826284755,"[[28.000001907348633, 4.000000476837158], [0.6679900884628296, 0.5204200744628906], 27.000001907348633]",0.04134249687194824,
fing_x_face,6,0.001,li_V>face_C>ri_V,3,S1-Marcialis,rule,boot,300,,,True,0.0005429372907429192,0.01937984496124031,0.0008829427434078596,0.007722007722007722,1.3281853281853282,2.5698572326479305,"[[35.000003814697266, 4.0], [0.6950200796127319, 0.5201699733734131], 25.0]",0.007453441619873047,
fing_x_face,6,0.001,li_V>face_C>ri_V,3,S2-Symmetric,rule,boot,300,,,True,0.0005429372907429192,0.01937984496124031,0.0008829427434078596,0.007722007722007722,1.3281853281853282,2.5698572326479305,"[[35.000003814697266, 4.0], [0.6950200796127319, 0.5201699733734131], 25.0]",0.03432750701904297,
fing_x_face,6,0.001,li_V>face_C>ri_V,3,S3-SPRT,rule,boot,300,,,True,0.0005580188821524447,0.007751937984496124,0.0004190236748376283,0.011583011583011582,1.2702702702702702,2.066939032055311,"[[5.450610868762374, -3.586743437579266], [5.450610868762374, -3.586743437579266], 0.8726183410635319]",0.16160345077514648,
fing_x_face,6,0.001,li_V>face_C>ri_V,3,S4-Direct,rule,boot,300,,,False,,,,,,,,,
fing_x_face,6,0.001,li_V>face_G>face_C,3,HYP,GP,boot,300,,,False,,,,,,,,,
fing_x_face,6,0.001,li_V>face_G>face_C,3,MONO,GP,boot,300,0.09058906998840287,0.08817078409091567,True,0.0005881820649714958,0.03488372093023256,0.0007482565622100506,0.015444015444015444,1.2548262548262548,2.2301936487983,"[[29.000001907348633, 4.000000476837158], [75.39030456542969, 66.31808471679688], 0.6632699966430664]",0.04848504066467285,
fing_x_face,6,0.001,li_V>face_G>face_C,3,MONO-rel,GP,boot,300,0.08452025274221928,0.10793830602786042,True,0.0006334268392000724,0.03488372093023256,0.0007332914309658496,0.015444015444015444,1.2432432432432432,1.9517973122624286,"[[28.000001907348633, 4.000000476837158], [75.45923614501953, 71.95532989501953], 0.6644899845123291]",0.0356907844543457,
fing_x_face,6,0.001,li_V>face_G>face_C,3,LR-P1-N2,GP,boot,300,0.0906531279983848,0.08844129885557664,True,0.0005881820649714958,0.03488372093023256,0.0007033611684774476,0.015444015444015444,1.2586872586872586,2.216171320822484,"[[29.000001907348633, 4.000000476837158], [75.44835662841797, 66.37276458740234], 0.6632699966430664]",0.04882097244262695,
fing_x_face,6,0.001,li_V>face_G>face_C,3,LR-P1-N2-rel,GP,boot,300,0.08439716195976248,0.10755442628878935,True,0.0006334268392000724,0.03488372093023256,0.0007332914309658496,0.015444015444015444,1.2432432432432432,1.9520816497560685,"[[28.000001907348633, 4.000000476837158], [75.45923614501953, 71.9508285522461], 0.6644899845123291]",0.03985452651977539,
fing_x_face,6,0.001,li_V>face_G>face_C,3,LR-P2-N2,GP,boot,300,0.09281167124475538,0.08672830603311606,True,0.0006485084306095979,0.03488372093023256,0.0006584657747448446,0.011583011583011582,1.247104247104247,2.3295770853910387,"[[28.000001907348633, 4.000000476837158], [75.50403594970703, 65.94686126708984], 0.6644899845123291]",0.047339677810668945,
fing_x_face,6,0.001,li_V>face_G>face_C,3,LR-P2-N2-rel,GP,boot,300,0.12544031530005706,0.18300436151069532,True,0.0006635900220191234,0.07364341085271318,0.0008230822184310556,0.04633204633204633,1.1814671814671815,1.4246206339229595,"[[28.000001907348633, 7.000000476837158], [75.02900695800781, 71.7128677368164], 0.6537500023841858]",0.048105716705322266,
fing_x_face,6,0.001,li_V>face_G>face_C,3,LR-P1-N3,GP,boot,300,0.0906531279979582,0.08844129885571117,True,0.0005881820649714958,0.03488372093023256,0.0007033611684774476,0.015444015444015444,1.2586872586872586,2.216171320822484,"[[29.000001907348633, 4.000000476837158], [75.44835662841797, 66.37276458740234], 0.6632699966430664]",0.061717987060546875,
fing_x_face,6,0.001,li_V>face_G>face_C,3,NLS-N2,GP,boot,300,0.08589917991805374,0.08510746237038638,True,0.0005731004735619702,0.03488372093023256,0.0007482565622100506,0.019305019305019305,1.250965250965251,2.147062344736763,"[[29.000001907348633, 4.000000476837158], [75.39030456542969, 66.65410614013672], 0.6629800200462341]",0.04367971420288086,
fing_x_face,6,0.001,li_V>face_G>face_C,3,DE-N2,GP,boot,300,0.08994121146730831,0.08787441751367532,True,0.0005881820649714958,0.03488372093023256,0.0007033611684774476,0.019305019305019305,1.2548262548262548,2.212624584717608,"[[29.000001907348633, 4.000000476837158], [75.44835662841797, 66.38787078857422], 0.6632699966430664]",0.049236297607421875,
fing_x_face,6,0.001,li_V>face_G>face_C,3,MAXMONO-K3,GP,boot,300,0.1558849397564732,0.17550230174159842,True,0.0006635900220191234,0.07751937984496124,0.0005986052497680404,0.05791505791505792,1.1544401544401544,1.2054712519828799,"[[27.000001907348633, 9.000000953674316], [74.9209976196289, 71.80018615722656], 0.6537500023841858]",0.06174898147583008,
fing_x_face,6,0.001,li_V>face_G>face_C,3,MONO-cont,GP,boot,300,0.08993040245932805,0.0878660693663453,True,0.0005881820649714958,0.03488372093023256,0.0007033611684774476,0.019305019305019305,1.2548262548262548,2.212624584717608,"[[29.000001907348633, 4.000000476837158], [75.44835662841797, 66.38792419433594], 0.6632699966430664]",0.0537257194519043,
fing_x_face,6,0.001,li_V>face_G>face_C,3,S1-Marcialis,rule,boot,300,,,True,0.0005278556993333936,0.03488372093023256,0.00043398880608182933,0.02702702702702703,1.332046332046332,2.4984585914818473,"[[35.000003814697266, 4.0], [75.94683074951172, 65.9372329711914], 0.655709981918335]",0.010807514190673828,
fing_x_face,6,0.001,li_V>face_G>face_C,3,S2-Symmetric,rule,boot,300,,,True,0.0005278556993333936,0.03488372093023256,0.00043398880608182933,0.02702702702702703,1.332046332046332,2.4984585914818473,"[[35.000003814697266, 4.0], [75.94683074951172, 65.9372329711914], 0.655709981918335]",0.05501079559326172,
fing_x_face,6,0.001,li_V>face_G>face_C,3,S3-SPRT,rule,boot,300,,,True,0.0005881820649714958,0.015503875968992248,0.0007332914309658496,0.019305019305019305,1.277992277992278,2.0863188770165513,"[[5.450610868762374, -3.586743437579266], [5.450610868762374, -3.586743437579266], 3.4629960993492994]",0.19534611701965332,
fing_x_face,6,0.001,li_V>face_G>face_C,3,S4-Direct,rule,boot,300,,,True,0.0005881820649714958,0.03488372093023256,0.0010325940558498698,0.023166023166023165,1.277992277992278,2.2535242884080096,"[[32.000003814697266, 4.000000476837158], [75.12274932861328, 66.22789764404297], 0.6629800200462341]",0.5498907566070557,
fing_x_face,6,0.001,li_V>face_G>ri_V,3,HYP,GP,boot,300,,,False,,,,,,,,,
fing_x_face,6,0.001,li_V>face_G>ri_V,3,MONO,GP,boot,300,0.08590796208478152,0.08293420861397241,True,0.0005278556993333936,0.01937984496124031,0.0009278381371404627,0.007722007722007722,1.2432432432432432,2.329427434078597,"[[28.000001907348633, 4.000000476837158], [75.39030456542969, 65.94686126708984], 27.000001907348633]",0.04441571235656738,
fing_x_face,6,0.001,li_V>face_G>ri_V,3,MONO-rel,GP,boot,300,0.07815565389073284,0.08409888572848867,True,0.0005580188821524447,0.01937984496124031,0.0009876986621172668,0.007722007722007722,1.2432432432432432,2.262458471760797,"[[28.000001907348633, 4.000000476837158], [75.36331939697266, 66.19569396972656], 26.000001907348633]",0.04290032386779785,
fing_x_face,6,0.001,li_V>face_G>ri_V,3,LR-P1-N2,GP,boot,300,0.08603533524817535,0.08301007326125567,True,0.0005278556993333936,0.01937984496124031,0.0009278381371404627,0.007722007722007722,1.2432432432432432,2.329427434078597,"[[28.000001907348633, 4.000000476837158], [75.39030456542969, 65.94686126708984], 27.000001907348633]",0.04289674758911133,
fing_x_face,6,0.001,li_V>face_G>ri_V,3,LR-P1-N2-rel,GP,boot,300,0.07796034605305636,0.08371762525030167,True,0.0005580188821524447,0.01937984496124031,0.0009876986621172668,0.007722007722007722,1.2432432432432432,2.2733530873065755,"[[28.000001907348633, 4.000000476837158], [75.36331939697266, 66.15520477294922], 26.000001907348633]",0.05951857566833496,
fing_x_face,6,0.001,li_V>face_G>ri_V,3,LR-P2-N2,GP,boot,300,0.08751488140213329,0.08255314483337331,True,0.0006032636563810213,0.01937984496124031,0.0008081170871868546,0.007722007722007722,1.2277992277992278,2.3295172248660623,"[[27.000001907348633, 4.000000476837158], [75.52446746826172, 65.94686126708984], 27.000001907348633]",0.05970573425292969,
fing_x_face,6,0.001,li_V>face_G>ri_V,3,LR-P2-N2-rel,GP,boot,300,0.11715693477502984,0.14236618189392544,True,0.0005278556993333936,0.06201550387596899,0.0010026637933614679,0.04247104247104247,1.1814671814671815,1.4873843943611385,"[[28.000001907348633, 7.000000476837158], [75.02111053466797, 66.8131103515625], 25.0]",0.06731033325195312,
fing_x_face,6,0.001,li_V>face_G>ri_V,3,LR-P1-N3,GP,boot,300,0.08603533524817535,0.08301007326125567,True,0.0005278556993333936,0.01937984496124031,0.0009278381371404627,0.007722007722007722,1.2432432432432432,2.329427434078597,"[[28.000001907348633, 4.000000476837158], [75.39030456542969, 65.94686126708984], 27.000001907348633]",0.05922198295593262,
fing_x_face,6,0.001,li_V>face_G>ri_V,3,NLS-N2,GP,boot,300,0.08152926041337695,0.07920256572598924,True,0.0005429372907429192,0.01937984496124031,0.0009278381371404627,0.007722007722007722,1.2432432432432432,2.329427434078597,"[[28.000001907348633, 4.000000476837158], [75.36331939697266, 65.94686126708984], 27.000001907348633]",0.050015926361083984,
fing_x_face,6,0.001,li_V>face_G>ri_V,3,DE-N2,GP,boot,300,0.08532571791102743,0.08247023423630398,True,0.0005278556993333936,0.01937984496124031,0.0008829427434078596,0.007722007722007722,1.247104247104247,2.3294723294723294,"[[28.000001907348633, 4.000000476837158], [75.44835662841797, 65.94686126708984], 27.000001907348633]",0.061250925064086914,
fing_x_face,6,0.001,li_V>face_G>ri_V,3,MAXMONO-K3,GP,boot,300,0.15678554504316336,0.15399823870929844,True,0.0006485084306095979,0.07364341085271318,0.0007781868246984526,0.05405405405405406,1.1544401544401544,1.2042291460896113,"[[27.000001907348633, 9.000000953674316], [74.90483093261719, 71.87820434570312], 21.0]",0.06281232833862305,
fing_x_face,6,0.001,li_V>face_G>ri_V,3,MONO-cont,GP,boot,300,0.08531477855531203,0.08246091579740414,True,0.0005278556993333936,0.01937984496124031,0.0008829427434078596,0.007722007722007722,1.247104247104247,2.3294723294723294,"[[28.000001907348633, 4.000000476837158], [75.44835662841797, 65.94686126708984], 27.000001907348633]",0.04474163055419922,
fing_x_face,6,0.001,li_V>face_G>ri_V,3,S1-Marcialis,rule,boot,300,,,True,0.0003770397852381383,0.023255813953488372,0.0008530124809194577,0.015444015444015444,1.332046332046332,2.4984585914818473,"[[35.000003814697266, 4.0], [75.94683074951172, 65.9372329711914], 25.0]",0.007509469985961914,
fing_x_face,6,0.001,li_V>face_G>ri_V,3,S2-Symmetric,rule,boot,300,,,True,0.0003770397852381383,0.023255813953488372,0.0008530124809194577,0.015444015444015444,1.332046332046332,2.4984585914818473,"[[35.000003814697266, 4.0], [75.94683074951172, 65.9372329711914], 25.0]",0.05304098129272461,
fing_x_face,6,0.001,li_V>face_G>ri_V,3,S3-SPRT,rule,boot,300,,,True,0.0006334268392000724,0.011627906976744186,0.0007931519559426536,0.011583011583011582,1.277992277992278,2.0863188770165513,"[[5.450610868762374, -3.586743437579266], [5.450610868762374, -3.586743437579266], 0.7215185871529708]",0.18298697471618652,
fing_x_face,6,0.001,li_V>face_G>ri_V,3,S4-Direct,rule,boot,300,,,False,,,,,,,,,
fing_x_face,6,0.001,li_V>ri_V>face_C,3,HYP,GP,boot,300,,,False,,,,,,,,,
fing_x_face,6,0.001,li_V>ri_V>face_C,3,MONO,GP,boot,300,0.08355848287272286,0.0808326262929258,True,0.0005580188821524447,0.027131782945736434,0.0005088144623028344,0.015444015444015444,1.2972972972972974,2.2797431983478496,"[[28.000001907348633, 4.000000476837158], [29.000001907348633, 6.000000476837158], 0.6600600481033325]",0.05700087547302246,
fing_x_face,6,0.001,li_V>ri_V>face_C,3,MONO-rel,GP,boot,300,0.07400917337542866,0.0786008482807933,True,0.0006334268392000724,0.027131782945736434,0.0006584657747448446,0.03861003861003861,1.274131274131274,1.9577235042351322,"[[28.000001907348633, 4.000000476837158], [29.000001907348633, 10.000000953674316], 0.6394700407981873]",0.05978727340698242,
fing_x_face,6,0.001,li_V>ri_V>face_C,3,LR-P1-N2,GP,boot,300,0.08349104535030977,0.08076947083445818,True,0.0005731004735619702,0.027131782945736434,0.0005088144623028344,0.015444015444015444,1.2972972972972974,2.2797431983478496,"[[28.000001907348633, 4.000000476837158], [29.000001907348633, 6.000000476837158], 0.659320056438446]",0.06883907318115234,
fing_x_face,6,0.001,li_V>ri_V>face_C,3,LR-P1-N2-rel,GP,boot,300,0.07396293896197448,0.07851633287209514,True,0.0006334268392000724,0.027131782945736434,0.0006584657747448446,0.03861003861003861,1.274131274131274,1.9577235042351322,"[[28.000001907348633, 4.000000476837158], [29.000001907348633, 10.000000953674316], 0.6394700407981873]",0.058263301849365234,
fing_x_face,6,0.001,li_V>ri_V>face_C,3,LR-P2-N2,GP,boot,300,0.0803341972287161,0.07792792222574099,True,0.0004976925165143426,0.01937984496124031,0.0005537098560354374,0.011583011583011582,1.2972972972972974,2.6755409894944777,"[[28.000001907348633, 4.000000476837158], [28.000001907348633, 3.000000238418579], 0.6708900332450867]",0.05662083625793457,
fing_x_face,6,0.001,li_V>ri_V>face_C,3,LR-P2-N2-rel,GP,boot,300,0.10195329669673785,0.12025019734164297,True,0.0006485084306095979,0.031007751937984496,0.0005836401185238395,0.03861003861003861,1.250965250965251,1.9061835922301038,"[[27.000001907348633, 4.000000476837158], [29.000001907348633, 12.000000953674316], 0.6379299759864807]",0.06316447257995605,
fing_x_face,6,0.001,li_V>ri_V>face_C,3,LR-P1-N3,GP,boot,300,0.08349104535013517,0.08076947083443026,True,0.0005731004735619702,0.027131782945736434,0.0005088144623028344,0.015444015444015444,1.2972972972972974,2.2797431983478496,"[[28.000001907348633, 4.000000476837158], [29.000001907348633, 6.000000476837158], 0.659320056438446]",0.07379841804504395,
fing_x_face,6,0.001,li_V>ri_V>face_C,3,NLS-N2,GP,boot,300,0.07903334898580358,0.0768535896380531,True,0.0006032636563810213,0.027131782945736434,0.0005836401185238395,0.023166023166023165,1.2857142857142858,2.1566100984705634,"[[28.000001907348633, 4.000000476837158], [28.000001907348633, 7.000000476837158], 0.654930055141449]",0.04230952262878418,
fing_x_face,6,0.001,li_V>ri_V>face_C,3,DE-N2,GP,boot,300,0.08273738003073466,0.08010058221040307,True,0.0005731004735619702,0.027131782945736434,0.0005088144623028344,0.015444015444015444,1.2972972972972974,2.2797431983478496,"[[28.000001907348633, 4.000000476837158], [29.000001907348633, 6.000000476837158], 0.659320056438446]",0.04298830032348633,
fing_x_face,6,0.001,li_V>ri_V>face_C,3,MAXMONO-K3,GP,boot,300,0.14865086358419224,0.16090190176983263,True,0.0006485084306095979,0.08139534883720931,0.0006285355122564425,0.07722007722007722,1.193050193050193,1.2770494747238934,"[[28.000001907348633, 8.000000953674316], [25.000001907348633, 13.000000953674316], 0.6292999982833862]",0.062110185623168945,
fing_x_face,6,0.001,li_V>ri_V>face_C,3,MONO-cont,GP,boot,300,0.08272646438593144,0.08009102677441186,True,0.0005731004735619702,0.027131782945736434,0.0005088144623028344,0.015444015444015444,1.2972972972972974,2.2797431983478496,"[[28.000001907348633, 4.000000476837158], [29.000001907348633, 6.000000476837158], 0.659320056438446]",0.04490470886230469,
fing_x_face,6,0.001,li_V>ri_V>face_C,3,S1-Marcialis,rule,boot,300,,,True,0.0005278556993333936,0.01937984496124031,0.00034419801861662326,0.011583011583011582,1.3783783783783783,2.928691149621382,"[[35.000003814697266, 4.0], [37.000003814697266, 0.0], 0.655709981918335]",0.00909733772277832,
fing_x_face,6,0.001,li_V>ri_V>face_C,3,S2-Symmetric,rule,boot,300,,,True,0.0005278556993333936,0.01937984496124031,0.00034419801861662326,0.011583011583011582,1.3783783783783783,2.928691149621382,"[[35.000003814697266, 4.0], [37.000003814697266, 0.0], 0.655709981918335]",0.020115375518798828,
fing_x_face,6,0.001,li_V>ri_V>face_C,3,S3-SPRT,rule,boot,300,,,True,0.0005881820649714958,0.01937984496124031,0.0005387447247912364,0.03474903474903475,1.2972972972972974,2.0522881685672383,"[[5.450610868762374, -3.586743437579266], [5.450610868762374, -3.586743437579266], 0.788248854805647]",0.1959090232849121,
fing_x_face,6,0.001,li_V>ri_V>face_C,3,S4-Direct,rule,boot,300,,,True,0.0005278556993333936,0.015503875968992248,0.00031426775612822125,0.015444015444015444,1.332046332046332,2.67615455987549,"[[32.000003814697266, 4.000000476837158], [35.000003814697266, 3.000000238418579], 0.6543499827384949]",0.5596089363098145,
fing_x_face,6,0.001,li_V>ri_V>face_G,3,HYP,GP,boot,300,,,False,,,,,,,,,
fing_x_face,6,0.001,li_V>ri_V>face_G,3,MONO,GP,boot,300,0.08366944348532425,0.08091142670604912,True,0.0005278556993333936,0.023255813953488372,0.0010026637933614679,0.019305019305019305,1.2934362934362935,2.4284068121277422,"[[28.000001907348633, 4.000000476837158], [28.000001907348633, 5.000000476837158], 75.21028137207031]",0.05466794967651367,
fing_x_face,6,0.001,li_V>ri_V>face_G,3,MONO-rel,GP,boot,300,0.07572649852847024,0.08088737148418236,True,0.0005580188821524447,0.027131782945736434,0.0009428032683846638,0.04247104247104247,1.274131274131274,1.9577235042351322,"[[28.000001907348633, 4.000000476837158], [29.000001907348633, 10.000000953674316], 74.57986450195312]",0.039473772048950195,
fing_x_face,6,0.001,li_V>ri_V>face_G,3,LR-P1-N2,GP,boot,300,0.08358751396124757,0.08078150639500765,True,0.0005429372907429192,0.023255813953488372,0.0009876986621172668,0.015444015444015444,1.2972972972972974,2.5734638292777827,"[[28.000001907348633, 4.000000476837158], [28.000001907348633, 4.000000476837158], 75.26847839355469]",0.051840782165527344,
fing_x_face,6,0.001,li_V>ri_V>face_G,3,LR-P1-N2-rel,GP,boot,300,0.07560793149675227,0.0807856385910011,True,0.0005429372907429192,0.027131782945736434,0.0009428032683846638,0.04247104247104247,1.274131274131274,1.9577235042351322,"[[28.000001907348633, 4.000000476837158], [29.000001907348633, 10.000000953674316], 74.58061981201172]",0.043549537658691406,
fing_x_face,6,0.001,li_V>ri_V>face_G,3,LR-P2-N2,GP,boot,300,0.08057558778417116,0.07812168981147552,True,0.0005429372907429192,0.01937984496124031,0.0008979078746520607,0.011583011583011582,1.3011583011583012,2.7138068300859,"[[28.000001907348633, 4.000000476837158], [28.000001907348633, -Infinity], 75.44835662841797]",0.04288029670715332,
fing_x_face,6,0.001,li_V>ri_V>face_G,3,LR-P2-N2-rel,GP,boot,300,0.10797550959555126,0.12385964007611144,True,0.000678671613428649,0.031007751937984496,0.0008979078746520607,0.03861003861003861,1.247104247104247,1.906108766573883,"[[27.000001907348633, 4.000000476837158], [28.000001907348633, 12.000000953674316], 74.47122192382812]",0.05453300476074219,
fing_x_face,6,0.001,li_V>ri_V>face_G,3,LR-P1-N3,GP,boot,300,0.08358751396124779,0.08078150639500771,True,0.0005429372907429192,0.023255813953488372,0.0009876986621172668,0.015444015444015444,1.2972972972972974,2.5734638292777827,"[[28.000001907348633, 4.000000476837158], [28.000001907348633, 4.000000476837158], 75.26847839355469]",0.07129669189453125,
fing_x_face,6,0.001,li_V>ri_V>face_G,3,NLS-N2,GP,boot,300,0.07940144262224808,0.07718428825163784,True,0.0005881820649714958,0.023255813953488372,0.001092454580826674,0.019305019305019305,1.2934362934362935,2.2796683726916287,"[[28.000001907348633, 4.000000476837158], [28.000001907348633, 6.000000476837158], 75.02900695800781]",0.06369423866271973,
fing_x_face,6,0.001,li_V>ri_V>face_G,3,DE-N2,GP,boot,300,0.08283594613722503,0.08011432270187814,True,0.0005429372907429192,0.023255813953488372,0.0009876986621172668,0.015444015444015444,1.2972972972972974,2.5734638292777827,"[[28.000001907348633, 4.000000476837158], [28.000001907348633, 4.000000476837158], 75.26847839355469]",0.05766487121582031,
fing_x_face,6,0.001,li_V>ri_V>face_G,3,MAXMONO-K3,GP,boot,300,0.150374704745501,0.15858824970419516,True,0.000678671613428649,0.07364341085271318,0.0009128730058962617,0.07335907335907337,1.193050193050193,1.2910568375684655,"[[28.000001907348633, 8.000000953674316], [24.000001907348633, 11.000000953674316], 74.580322265625]",0.06185579299926758,
fing_x_face,6,0.001,li_V>ri_V>face_G,3,MONO-cont,GP,boot,300,0.08282531561359366,0.08010503468188061,True,0.0005429372907429192,0.023255813953488372,0.0009876986621172668,0.015444015444015444,1.2972972972972974,2.5734638292777827,"[[28.000001907348633, 4.000000476837158], [28.000001907348633, 4.000000476837158], 75.26847839355469]",0.04727649688720703,
fing_x_face,6,0.001,li_V>ri_V>face_G,3,S1-Marcialis,rule,boot,300,,,True,0.0006032636563810213,0.015503875968992248,0.0014965131244201013,0.015444015444015444,1.3783783783783783,2.928691149621382,"[[35.000003814697266, 4.0], [37.000003814697266, 0.0], 74.90239715576172]",0.008352994918823242,
fing_x_face,6,0.001,li_V>ri_V>face_G,3,S2-Symmetric,rule,boot,300,,,True,0.0006032636563810213,0.015503875968992248,0.0014965131244201013,0.015444015444015444,1.3783783783783783,2.928691149621382,"[[35.000003814697266, 4.0], [37.000003814697266, 0.0], 74.90239715576172]",0.02847599983215332,
fing_x_face,6,0.001,li_V>ri_V>face_G,3,S3-SPRT,rule,boot,300,,,True,0.0006183452477905468,0.01937984496124031,0.0007781868246984526,0.03474903474903475,1.2972972972972974,2.0522881685672383,"[[5.450610868762374, -3.586743437579266], [5.450610868762374, -3.586743437579266], 0.7948801241958421]",0.19794130325317383,
fing_x_face,6,0.001,li_V>ri_V>face_G,3,S4-Direct,rule,boot,300,,,True,0.0006334268392000724,0.015503875968992248,0.0016162341743737093,0.019305019305019305,1.3706563706563706,2.6759600131693153,"[[35.000003814697266, 4.000000476837158], [30.000001907348633, 3.000000238418579], 74.8791732788086]",0.6105301380157471,
fing_x_face,6,0.001,ri_V>face_C>face_G,3,HYP,GP,boot,300,,,False,,,,,,,,,
fing_x_face,6,0.001,ri_V>face_C>face_G,3,MONO,GP,boot,300,0.047149357158144056,0.04528950196366191,True,0.0006183452477905468,0.01937984496124031,0.0013169315494896891,0.003861003861003861,1.1312741312741312,2.51891592589267,"[[27.000001907348633, -Infinity], [0.6688900589942932, 0.5284200310707092], 75.21027374267578]",0.03808879852294922,
fing_x_face,6,0.001,ri_V>face_C>face_G,3,MONO-rel,GP,boot,300,0.038519168130550514,0.04537977809448038,True,0.0006183452477905468,0.01937984496124031,0.001137349974559277,0.003861003861003861,1.1312741312741312,2.097752237287121,"[[27.000001907348633, -Infinity], [0.6688900589942932, 0.5725700855255127], 75.21027374267578]",0.03214001655578613,
fing_x_face,6,0.001,ri_V>face_C>face_G,3,LR-P1-N2,GP,boot,300,0.04658765730998449,0.04477998478012831,True,0.0006334268392000724,0.01937984496124031,0.00133189668073389,0.003861003861003861,1.1312741312741312,2.5166412259435513,"[[27.000001907348633, -Infinity], [0.6679900884628296, 0.5286000370979309], 75.21027374267578]",0.04741096496582031,
fing_x_face,6,0.001,ri_V>face_C>face_G,3,LR-P1-N2-rel,GP,boot,300,0.03852438000624869,0.04520633537537623,True,0.0006183452477905468,0.01937984496124031,0.001137349974559277,0.003861003861003861,1.1312741312741312,2.099368471461495,"[[27.000001907348633, -Infinity], [0.6688900589942932, 0.5722200870513916], 75.21027374267578]",0.04371237754821777,
fing_x_face,6,0.001,ri_V>face_C>face_G,3,LR-P2-N2,GP,boot,300,0.048413323216356094,0.045150476605551645,True,0.0006334268392000724,0.01937984496124031,0.00118224536829188,0.0,1.1235521235521235,2.622714076202448,"[[26.000001907348633, -Infinity], [0.6715400815010071, 0.5204200744628906], 75.34105682373047]",0.037290096282958984,
fing_x_face,6,0.001,ri_V>face_C>face_G,3,LR-P2-N2-rel,GP,boot,300,0.04190618929581957,0.056435505949387274,True,0.0006485084306095979,0.023255813953488372,0.0013618269432222922,0.011583011583011582,1.1235521235521235,1.693050193050193,"[[27.000001907348633, 5.000000476837158], [0.6640100479125977, 0.5806400775909424], 74.9062271118164]",0.04301619529724121,
fing_x_face,6,0.001,ri_V>face_C>face_G,3,LR-P1-N3,GP,boot,300,0.04658765730734982,0.044779984778853095,True,0.0006334268392000724,0.01937984496124031,0.00133189668073389,0.003861003861003861,1.1312741312741312,2.5166412259435513,"[[27.000001907348633, -Infinity], [0.6679900884628296, 0.5286000370979309], 75.21027374267578]",0.03728985786437988,
fing_x_face,6,0.001,ri_V>face_C>face_G,3,NLS-N2,GP,boot,300,0.04313340218852072,0.04265433396669362,True,0.0006183452477905468,0.01937984496124031,0.001272036155757086,0.003861003861003861,1.1312741312741312,2.338361617431385,"[[27.000001907348633, -Infinity], [0.6688900589942932, 0.5432000756263733], 75.21027374267578]",0.036289215087890625,
fing_x_face,6,0.001,ri_V>face_C>face_G,3,DE-N2,GP,boot,300,0.04630937556914614,0.04455693039775439,True,0.0006334268392000724,0.01937984496124031,0.00133189668073389,0.003861003861003861,1.1312741312741312,2.5126754661638384,"[[27.000001907348633, -Infinity], [0.6679900884628296, 0.5289000868797302], 75.21027374267578]",0.03764820098876953,
fing_x_face,6,0.001,ri_V>face_C>face_G,3,MAXMONO-K3,GP,boot,300,0.09041130102842079,0.10129110625350911,True,0.0006334268392000724,0.05813953488372093,0.0008530124809194577,0.05791505791505792,1.0617760617760619,1.0604890604890604,"[[26.000001907348633, 13.000000953674316], [0.627720057964325, 0.5204200744628906], 74.78707122802734]",0.08870077133178711,
fing_x_face,6,0.001,ri_V>face_C>face_G,3,MONO-cont,GP,boot,300,0.04630481114925923,0.04455321794173287,True,0.0006334268392000724,0.01937984496124031,0.00133189668073389,0.003861003861003861,1.1312741312741312,2.5123462332764657,"[[27.000001907348633, -Infinity], [0.6679900884628296, 0.52892005443573], 75.21027374267578]",0.03872489929199219,
fing_x_face,6,0.001,ri_V>face_C>face_G,3,S1-Marcialis,rule,boot,300,,,True,0.0006032636563810213,0.015503875968992248,0.0015264433869085032,0.03088803088803089,1.250965250965251,2.627038999132022,"[[37.000003814697266, 0.0], [0.6950200796127319, 0.5201699733734131], 74.88909912109375]",0.008043527603149414,
fing_x_face,6,0.001,ri_V>face_C>face_G,3,S2-Symmetric,rule,boot,300,,,True,0.0006032636563810213,0.015503875968992248,0.0015264433869085032,0.03088803088803089,1.250965250965251,2.627038999132022,"[[37.000003814697266, 0.0], [0.6950200796127319, 0.5201699733734131], 74.88909912109375]",0.036833763122558594,
fing_x_face,6,0.001,ri_V>face_C>face_G,3,S3-SPRT,rule,boot,300,,,True,0.0005580188821524447,0.011627906976744186,0.0009876986621172668,0.007722007722007722,1.1814671814671815,1.8865493400377122,"[[5.613375902613195, -4.1203573338537804], [5.613375902613195, -4.1203573338537804], 3.0622552324333885]",0.16962409019470215,
fing_x_face,6,0.001,ri_V>face_C>face_G,3,S4-Direct,rule,boot,300,,,True,0.0006334268392000724,0.015503875968992248,0.0014366525994432972,0.023166023166023165,1.2123552123552124,2.1425877704947474,"[[37.000003814697266, 3.000000238418579], [0.6729300618171692, 0.5567800402641296], 74.8485336303711]",0.4788954257965088,
fing_x_face,6,0.001,ri_V>face_C>li_V,3,HYP,GP,boot,300,,,False,,,,,,,,,
fing_x_face,6,0.001,ri_V>face_C>li_V,3,MONO,GP,boot,300,0.04692961822010763,0.04504007942300551,True,0.0005127741079238681,0.015503875968992248,0.0006584657747448446,0.007722007722007722,1.1312741312741312,2.6228487623836463,"[[27.000001907348633, -Infinity], [0.666610062122345, 0.5204200744628906], 29.000001907348633]",0.03293561935424805,
fing_x_face,6,0.001,ri_V>face_C>li_V,3,MONO-rel,GP,boot,300,0.042141340221750374,0.04522567133202901,True,0.0006032636563810213,0.007751937984496124,0.0006883960372332465,0.007722007722007722,1.1312741312741312,2.048382269312502,"[[27.000001907348633, -Infinity], [0.6679900884628296, 0.5856300592422485], 24.0]",0.026822566986083984,
fing_x_face,6,0.001,ri_V>face_C>li_V,3,LR-P1-N2,GP,boot,300,0.04638727304717018,0.044558554189523925,True,0.0005278556993333936,0.015503875968992248,0.0006584657747448446,0.007722007722007722,1.1312741312741312,2.6228487623836463,"[[27.000001907348633, -Infinity], [0.6661200523376465, 0.5204200744628906], 29.000001907348633]",0.03394818305969238,
fing_x_face,6,0.001,ri_V>face_C>li_V,3,LR-P1-N2-rel,GP,boot,300,0.04215614867544835,0.04517644622363836,True,0.0006032636563810213,0.007751937984496124,0.0006883960372332465,0.007722007722007722,1.1312741312741312,2.0484421298374786,"[[27.000001907348633, -Infinity], [0.6679900884628296, 0.5856000781059265], 24.0]",0.027470827102661133,
fing_x_face,6,0.001,ri_V>face_C>li_V,3,LR-P2-N2,GP,boot,300,0.04792300603240432,0.044979219944531315,True,0.0005278556993333936,0.01937984496124031,0.0007033611684774476,0.007722007722007722,1.1235521235521235,2.622714076202448,"[[26.000001907348633, -Infinity], [0.6715400815010071, 0.5204200744628906], 29.000001907348633]",0.033014535903930664,
fing_x_face,6,0.001,ri_V>face_C>li_V,3,LR-P2-N2-rel,GP,boot,300,0.04904298313706493,0.059635500234060765,True,0.0006334268392000724,0.027131782945736434,0.0006584657747448446,0.02702702702702703,1.111969111969112,1.3483283948400226,"[[27.000001907348633, 7.000000476837158], [0.6549700498580933, 0.5901800394058228], 22.0]",0.041754961013793945,
fing_x_face,6,0.001,ri_V>face_C>li_V,3,LR-P1-N3,GP,boot,300,0.046387273044568834,0.044558554188217754,True,0.0005278556993333936,0.015503875968992248,0.0006584657747448446,0.007722007722007722,1.1312741312741312,2.6228487623836463,"[[27.000001907348633, -Infinity], [0.6661200523376465, 0.5204200744628906], 29.000001907348633]",0.03269076347351074,
fing_x_face,6,0.001,ri_V>face_C>li_V,3,NLS-N2,GP,boot,300,0.04283095340947155,0.04182020879215511,True,0.0005278556993333936,0.015503875968992248,0.0006584657747448446,0.007722007722007722,1.1312741312741312,2.6228487623836463,"[[27.000001907348633, -Infinity], [0.6661200523376465, 0.5204200744628906], 29.000001907348633]",0.04040408134460449,
fing_x_face,6,0.001,ri_V>face_C>li_V,3,DE-N2,GP,boot,300,0.04611868267978222,0.04434345765662496,True,0.0005278556993333936,0.015503875968992248,0.0006584657747448446,0.007722007722007722,1.1312741312741312,2.6228487623836463,"[[27.000001907348633, -Infinity], [0.6661200523376465, 0.5204200744628906], 29.000001907348633]",0.03931832313537598,
fing_x_face,6,0.001,ri_V>face_C>li_V,3,MAXMONO-K3,GP,boot,300,,,False,,,,,,,,,True
fing_x_face,6,0.001,ri_V>face_C>li_V,3,MONO-cont,GP,boot,300,0.04611400683128285,0.04433939424973669,True,0.0005278556993333936,0.015503875968992248,0.0006584657747448446,0.007722007722007722,1.1312741312741312,2.6228487623836463,"[[27.000001907348633, -Infinity], [0.6661200523376465, 0.5204200744628906], 29.000001907348633]",0.04399824142456055,
fing_x_face,6,0.001,ri_V>face_C>li_V,3,S1-Marcialis,rule,boot,300,,,True,0.0004976925165143426,0.023255813953488372,0.00034419801861662326,0.011583011583011582,1.250965250965251,2.627038999132022,"[[37.000003814697266, 0.0], [0.6950200796127319, 0.5201699733734131], 26.0]",0.008693933486938477,
fing_x_face,6,0.001,ri_V>face_C>li_V,3,S2-Symmetric,rule,boot,300,,,True,0.0004976925165143426,0.023255813953488372,0.00034419801861662326,0.011583011583011582,1.250965250965251,2.627038999132022,"[[37.000003814697266, 0.0], [0.6950200796127319, 0.5201699733734131], 26.0]",0.037184715270996094,
fing_x_face,6,0.001,ri_V>face_C>li_V,3,S3-SPRT,rule,boot,300,,,True,0.0005731004735619702,0.011627906976744186,0.0005836401185238395,0.011583011583011582,1.1814671814671815,1.8865493400377122,"[[5.613375902613195, -4.1203573338537804], [5.613375902613195, -4.1203573338537804], 0.8726183410635319]",0.16225242614746094,
fing_x_face,6,0.001,ri_V>face_C>li_V,3,S4-Direct,rule,boot,300,,,True,0.0005731004735619702,0.01937984496124031,0.0003890934123492263,0.015444015444015444,1.193050193050193,2.415372182814043,"[[35.000003814697266, 3.000000238418579], [0.6638500690460205, 0.5307600498199463], 27.0]",0.4836080074310303,
fing_x_face,6,0.001,ri_V>face_G>face_C,3,HYP,GP,boot,300,,,False,,,,,,,,,
fing_x_face,6,0.001,ri_V>face_G>face_C,3,MONO,GP,boot,300,0.04853084868351279,0.0466001668580533,True,0.0006032636563810213,0.01937984496124031,0.001047559187094071,0.003861003861003861,1.135135135135135,2.416704079494777,"[[27.000001907348633, -Infinity], [75.44835662841797, 66.37162780761719], 0.6666100025177002]",0.03796076774597168,
fing_x_face,6,0.001,ri_V>face_G>face_C,3,MONO-rel,GP,boot,300,0.040207714705629095,0.04720336864560644,True,0.0006334268392000724,0.01937984496124031,0.001122384843315076,0.003861003861003861,1.1235521235521235,2.1146778007243126,"[[26.000001907348633, -Infinity], [75.44835662841797, 71.86193084716797], 0.6691399812698364]",0.03338050842285156,
fing_x_face,6,0.001,ri_V>face_G>face_C,3,LR-P1-N2,GP,boot,300,0.048180333803844524,0.046282813485381734,True,0.0006032636563810213,0.01937984496124031,0.001047559187094071,0.007722007722007722,1.1312741312741312,2.39876088713298,"[[27.000001907348633, -Infinity], [75.44835662841797, 66.43258666992188], 0.6661199927330017]",0.038083791732788086,
fing_x_face,6,0.001,ri_V>face_G>face_C,3,LR-P1-N2-rel,GP,boot,300,0.04019191151894694,0.047006115035721836,True,0.0006334268392000724,0.01937984496124031,0.001122384843315076,0.003861003861003861,1.1235521235521235,2.115111789530394,"[[26.000001907348633, -Infinity], [75.44835662841797, 71.85712432861328], 0.6691399812698364]",0.03094792366027832,
fing_x_face,6,0.001,ri_V>face_G>face_C,3,LR-P2-N2,GP,boot,300,0.050220092156401684,0.046431531520795336,True,0.0006485084306095979,0.01937984496124031,0.0010325940558498698,0.0,1.1274131274131274,2.5487414324623625,"[[26.000001907348633, -Infinity], [75.50403594970703, 65.94686126708984], 0.6679900288581848]",0.0372159481048584,
fing_x_face,6,0.001,ri_V>face_G>face_C,3,LR-P2-N2-rel,GP,boot,300,0.04425959971944289,0.06189011911623124,True,0.0006635900220191234,0.031007751937984496,0.001122384843315076,0.011583011583011582,1.111969111969112,1.7025380862590165,"[[26.000001907348633, 5.000000476837158], [75.31470489501953, 72.31167602539062], 0.6629800200462341]",0.04311990737915039,
fing_x_face,6,0.001,ri_V>face_G>face_C,3,LR-P1-N3,GP,boot,300,0.04818033380361282,0.04628281348559467,True,0.0006032636563810213,0.01937984496124031,0.001047559187094071,0.007722007722007722,1.1312741312741312,2.39876088713298,"[[27.000001907348633, -Infinity], [75.44835662841797, 66.43258666992188], 0.6661199927330017]",0.03984975814819336,
fing_x_face,6,0.001,ri_V>face_G>face_C,3,NLS-N2,GP,boot,300,0.044712614281893465,0.04370641333960185,True,0.0006334268392000724,0.01937984496124031,0.001122384843315076,0.003861003861003861,1.1235521235521235,2.3131004758911735,"[[26.000001907348633, -Infinity], [75.44835662841797, 66.74409484863281], 0.6691399812698364]",0.036029815673828125,
fing_x_face,6,0.001,ri_V>face_G>face_C,3,DE-N2,GP,boot,300,0.04793281593929773,0.04609081902330719,True,0.0006032636563810213,0.01937984496124031,0.001047559187094071,0.007722007722007722,1.1312741312741312,2.395124360240639,"[[27.000001907348633, -Infinity], [75.44835662841797, 66.4455795288086], 0.6661199927330017]",0.036034584045410156,
fing_x_face,6,0.001,ri_V>face_G>face_C,3,MAXMONO-K3,GP,boot,300,0.09329857830065286,0.12460839736244281,True,0.0006635900220191234,0.050387596899224806,0.0011523151058034779,0.04633204633204633,1.0694980694980696,1.0715931878722575,"[[25.000001907348633, 12.000000953674316], [74.58061981201172, 66.67987060546875], 0.6666100025177002]",0.05426168441772461,
fing_x_face,6,0.001,ri_V>face_G>face_C,3,MONO-cont,GP,boot,300,0.047927213553365995,0.046086603389619715,True,0.0006032636563810213,0.01937984496124031,0.001047559187094071,0.007722007722007722,1.1312741312741312,2.395109395109395,"[[27.000001907348633, -Infinity], [75.44835662841797, 66.44569396972656], 0.6661199927330017]",0.0353546142578125,
fing_x_face,6,0.001,ri_V>face_G>face_C,3,S1-Marcialis,rule,boot,300,,,True,0.0005127741079238681,0.023255813953488372,0.0003591631498608243,0.015444015444015444,1.2393822393822393,2.553081320523181,"[[37.000003814697266, 0.0], [75.94683074951172, 65.9372329711914], 0.6593199968338013]",0.007966995239257812,
fing_x_face,6,0.001,ri_V>face_G>face_C,3,S2-Symmetric,rule,boot,300,,,True,0.0005127741079238681,0.023255813953488372,0.0003591631498608243,0.015444015444015444,1.2393822393822393,2.553081320523181,"[[37.000003814697266, 0.0], [75.94683074951172, 65.9372329711914], 0.6593199968338013]",0.04846549034118652,
fing_x_face,6,0.001,ri_V>face_G>face_C,3,S3-SPRT,rule,boot,300,,,True,0.0005731004735619702,0.011627906976744186,0.0009876986621172668,0.007722007722007722,1.1737451737451738,1.901275029182006,"[[5.613375902613195, -4.1203573338537804], [5.613375902613195, -4.1203573338537804], 3.0622552324333885]",0.17565083503723145,
fing_x_face,6,0.001,ri_V>face_G>face_C,3,S4-Direct,rule,boot,300,,,True,0.0005580188821524447,0.015503875968992248,0.0008081170871868546,0.023166023166023165,1.2162162162162162,1.9608512166651701,"[[37.000003814697266, 3.000000238418579], [75.62632751464844, 73.71760559082031], 0.6380500197410583]",0.43235182762145996,
fing_x_face,6,0.001,ri_V>face_G>li_V,3,HYP,GP,boot,300,,,False,,,,,,,,,
fing_x_face,6,0.001,ri_V>face_G>li_V,3,MONO,GP,boot,300,0.04846584202159339,0.04549285153074174,True,0.0005580188821524447,0.015503875968992248,0.0011523151058034779,0.007722007722007722,1.1274131274131274,2.548546885756188,"[[26.000001907348633, -Infinity], [75.341064453125, 65.94686126708984], 29.000001907348633]",0.03549933433532715,
fing_x_face,6,0.001,ri_V>face_G>li_V,3,MONO-rel,GP,boot,300,0.04539916522713101,0.045382778665573054,True,0.0005731004735619702,0.007751937984496124,0.001212175630780282,0.007722007722007722,1.1235521235521235,2.058423872377361,"[[26.000001907348633, -Infinity], [75.36331939697266, 72.57598876953125], 23.0]",0.030361175537109375,
fing_x_face,6,0.001,ri_V>face_G>li_V,3,LR-P1-N2,GP,boot,300,0.04812475815049394,0.045174097568876935,True,0.0005580188821524447,0.015503875968992248,0.0011523151058034779,0.007722007722007722,1.1274131274131274,2.548546885756188,"[[26.000001907348633, -Infinity], [75.341064453125, 65.94686126708984], 29.000001907348633]",0.03513765335083008,
fing_x_face,6,0.001,ri_V>face_G>li_V,3,LR-P1-N2-rel,GP,boot,300,0.0453207045320541,0.04522500843468215,True,0.0005731004735619702,0.007751937984496124,0.001212175630780282,0.007722007722007722,1.1235521235521235,2.058588488821047,"[[26.000001907348633, -Infinity], [75.36331939697266, 72.57263946533203], 23.0]",0.029240131378173828,
fing_x_face,6,0.001,ri_V>face_G>li_V,3,LR-P2-N2,GP,boot,300,0.050031742707073674,0.04639611152515898,True,0.0004976925165143426,0.015503875968992248,0.0010774894495824729,0.007722007722007722,1.1274131274131274,2.5486217114124092,"[[26.000001907348633, -Infinity], [75.45923614501953, 65.94686126708984], 29.000001907348633]",0.03552961349487305,
fing_x_face,6,0.001,ri_V>face_G>li_V,3,LR-P2-N2-rel,GP,boot,300,0.054725508662333194,0.05918305541686325,True,0.0006485084306095979,0.027131782945736434,0.001421687468199096,0.02702702702702703,1.1003861003861004,1.3520547125198288,"[[26.000001907348633, 7.000000476837158], [74.90623474121094, 72.72309112548828], 21.0]",0.04293632507324219,
fing_x_face,6,0.001,ri_V>face_G>li_V,3,LR-P1-N3,GP,boot,300,0.048124758150494176,0.04517409756887697,True,0.0005580188821524447,0.015503875968992248,0.0011523151058034779,0.007722007722007722,1.1274131274131274,2.548546885756188,"[[26.000001907348633, -Infinity], [75.341064453125, 65.94686126708984], 29.000001907348633]",0.03853607177734375,
fing_x_face,6,0.001,ri_V>face_G>li_V,3,NLS-N2,GP,boot,300,0.04477231590230037,0.04268205661435192,True,0.0005580188821524447,0.015503875968992248,0.0011523151058034779,0.007722007722007722,1.1274131274131274,2.548546885756188,"[[26.000001907348633, -Infinity], [75.341064453125, 65.94686126708984], 29.000001907348633]",0.03521370887756348,
fing_x_face,6,0.001,ri_V>face_G>li_V,3,DE-N2,GP,boot,300,0.04788858092842951,0.0449762840171983,True,0.0005580188821524447,0.015503875968992248,0.0011523151058034779,0.007722007722007722,1.1274131274131274,2.548546885756188,"[[26.000001907348633, -Infinity], [75.341064453125, 65.94686126708984], 29.000001907348633]",0.035691022872924805,
fing_x_face,6,0.001,ri_V>face_G>li_V,3,MAXMONO-K3,GP,boot,300,,,False,,,,,,,,,True
fing_x_face,6,0.001,ri_V>face_G>li_V,3,MONO-cont,GP,boot,300,0.04788307214673451,0.04497195263827148,True,0.0005580188821524447,0.015503875968992248,0.0011523151058034779,0.007722007722007722,1.1274131274131274,2.548546885756188,"[[26.000001907348633, -Infinity], [75.341064453125, 65.94686126708984], 29.000001907348633]",0.04554343223571777,
fing_x_face,6,0.001,ri_V>face_G>li_V,3,S1-Marcialis,rule,boot,300,,,True,0.00043736615087624044,0.023255813953488372,0.0004040585435934273,0.019305019305019305,1.2393822393822393,2.553081320523181,"[[37.000003814697266, 0.0], [75.94683074951172, 65.9372329711914], 26.0]",0.01008296012878418,
fing_x_face,6,0.001,ri_V>face_G>li_V,3,S2-Symmetric,rule,boot,300,,,True,0.00043736615087624044,0.023255813953488372,0.0004040585435934273,0.019305019305019305,1.2393822393822393,2.553081320523181,"[[37.000003814697266, 0.0], [75.94683074951172, 65.9372329711914], 26.0]",0.06163215637207031,
fing_x_face,6,0.001,ri_V>face_G>li_V,3,S3-SPRT,rule,boot,300,,,True,0.0006334268392000724,0.011627906976744186,0.0008979078746520607,0.015444015444015444,1.1737451737451738,1.901275029182006,"[[5.613375902613195, -4.1203573338537804], [5.613375902613195, -4.1203573338537804], 0.7607601106920383]",0.20830368995666504,
fing_x_face,6,0.001,ri_V>face_G>li_V,3,S4-Direct,rule,boot,300,,,False,,,,,,,,,
fing_x_face,6,0.001,ri_V>li_V>face_C,3,HYP,GP,boot,300,,,False,,,,,,,,,
fing_x_face,6,0.001,ri_V>li_V>face_C,3,MONO,GP,boot,300,0.05086456685491443,0.046977185666049186,True,0.0005580188821524447,0.027131782945736434,0.0007183262997216486,0.03861003861003861,1.166023166023166,2.3727065936368263,"[[26.000001907348633, -Infinity], [30.000001907348633, 7.000000476837158], 0.6600600481033325]",0.04353070259094238,
fing_x_face,6,0.001,ri_V>li_V>face_C,3,MONO-rel,GP,boot,300,0.0489636810863163,0.04996599367925454,True,0.000678671613428649,0.03875968992248062,0.0008530124809194577,0.04633204633204633,1.1544401544401544,1.93313579360091,"[[26.000001907348633, 4.000000476837158], [29.000001907348633, 10.000000953674316], 0.6426600217819214]",0.04591488838195801,
fing_x_face,6,0.001,ri_V>li_V>face_C,3,LR-P1-N2,GP,boot,300,0.05047429902334405,0.04662002550371523,True,0.0005731004735619702,0.027131782945736434,0.0007183262997216486,0.03861003861003861,1.166023166023166,2.3727065936368263,"[[26.000001907348633, -Infinity], [30.000001907348633, 7.000000476837158], 0.659320056438446]",0.0409243106842041,
fing_x_face,6,0.001,ri_V>li_V>face_C,3,LR-P1-N2-rel,GP,boot,300,0.0489443763089658,0.04989104973158713,True,0.000678671613428649,0.03875968992248062,0.0008530124809194577,0.04633204633204633,1.1544401544401544,1.93313579360091,"[[26.000001907348633, 4.000000476837158], [29.000001907348633, 10.000000953674316], 0.6426600217819214]",0.042326927185058594,
fing_x_face,6,0.001,ri_V>li_V>face_C,3,LR-P2-N2,GP,boot,300,0.049531074223181246,0.04604615017726565,True,0.0004976925165143426,0.015503875968992248,0.0006734309059890455,0.007722007722007722,1.196911196911197,2.856095297955763,"[[26.000001907348633, -Infinity], [30.000001907348633, 4.000000476837158], 0.6708900332450867]",0.03380942344665527,
fing_x_face,6,0.001,ri_V>li_V>face_C,3,LR-P2-N2-rel,GP,boot,300,0.060688789048190195,0.08113614580451196,True,0.0006334268392000724,0.04263565891472868,0.0006285355122564425,0.05791505791505792,1.1196911196911197,1.2154230642602735,"[[27.000001907348633, 9.000000953674316], [25.000001907348633, 8.000000953674316], 0.6495699882507324]",0.044618844985961914,
fing_x_face,6,0.001,ri_V>li_V>face_C,3,LR-P1-N3,GP,boot,300,0.050474299023158475,0.046620025503688545,True,0.0005731004735619702,0.027131782945736434,0.0007183262997216486,0.03861003861003861,1.166023166023166,2.3727065936368263,"[[26.000001907348633, -Infinity], [30.000001907348633, 7.000000476837158], 0.659320056438446]",0.036751747131347656,
fing_x_face,6,0.001,ri_V>li_V>face_C,3,NLS-N2,GP,boot,300,0.047098413484032924,0.044212496221140055,True,0.0006032636563810213,0.023255813953488372,0.0007183262997216486,0.03861003861003861,1.166023166023166,2.3727215587680703,"[[26.000001907348633, -Infinity], [31.000001907348633, 7.000000476837158], 0.6549699902534485]",0.04259824752807617,
fing_x_face,6,0.001,ri_V>li_V>face_C,3,DE-N2,GP,boot,300,0.05017017099472739,0.0463709349660357,True,0.0005881820649714958,0.027131782945736434,0.0007183262997216486,0.03861003861003861,1.166023166023166,2.3727065936368263,"[[26.000001907348633, -Infinity], [30.000001907348633, 7.000000476837158], 0.6592400670051575]",0.038404226303100586,
fing_x_face,6,0.001,ri_V>li_V>face_C,3,MAXMONO-K3,GP,boot,300,,,False,,,,,,,,,True
fing_x_face,6,0.001,ri_V>li_V>face_C,3,MONO-cont,GP,boot,300,0.05016419542541628,0.04636633028554344,True,0.0005881820649714958,0.027131782945736434,0.0007183262997216486,0.03861003861003861,1.166023166023166,2.3727065936368263,"[[26.000001907348633, -Infinity], [30.000001907348633, 7.000000476837158], 0.6592400670051575]",0.036035776138305664,
fing_x_face,6,0.001,ri_V>li_V>face_C,3,S1-Marcialis,rule,boot,300,,,True,0.0005278556993333936,0.01937984496124031,0.00034419801861662326,0.011583011583011582,1.2972972972972974,2.9643231271138246,"[[37.000003814697266, 0.0], [35.000003814697266, 4.0], 0.655709981918335]",0.007125139236450195,
fing_x_face,6,0.001,ri_V>li_V>face_C,3,S2-Symmetric,rule,boot,300,,,True,0.0005278556993333936,0.01937984496124031,0.00034419801861662326,0.011583011583011582,1.2972972972972974,2.9643231271138246,"[[37.000003814697266, 0.0], [35.000003814697266, 4.0], 0.655709981918335]",0.0204012393951416,
fing_x_face,6,0.001,ri_V>li_V>face_C,3,S3-SPRT,rule,boot,300,,,True,0.0005881820649714958,0.01937984496124031,0.0005686749872796385,0.03474903474903475,1.2162162162162162,1.9004519469635748,"[[5.613375902613195, -4.1203573338537804], [5.613375902613195, -4.1203573338537804], 0.7078160180789852]",0.16370391845703125,
fing_x_face,6,0.001,ri_V>li_V>face_C,3,S4-Direct,rule,boot,300,,,True,0.0005278556993333936,0.015503875968992248,0.00031426775612822125,0.015444015444015444,1.2586872586872586,2.767950674927419,"[[35.000003814697266, 3.000000238418579], [32.000003814697266, 4.000000476837158], 0.6543499827384949]",0.5282597541809082,
fing_x_face,6,0.001,ri_V>li_V>face_G,3,HYP,GP,boot,300,,,False,,,,,,,,,
fing_x_face,6,0.001,ri_V>li_V>face_G,3,MONO,GP,boot,300,0.05097613517578849,0.047041890602112155,True,0.0005580188821524447,0.023255813953488372,0.0011972104995360809,0.023166023166023165,1.1776061776061777,2.6934542515937863,"[[26.000001907348633, -Infinity], [30.000001907348633, 5.000000476837158], 75.21028137207031]",0.03884458541870117,
fing_x_face,6,0.001,ri_V>li_V>face_G,3,MONO-rel,GP,boot,300,0.05066054136530505,0.05176000106333216,True,0.0006032636563810213,0.04263565891472868,0.001122384843315076,0.03861003861003861,1.1505791505791505,1.7431833827182663,"[[26.000001907348633, 5.000000476837158], [29.000001907348633, 10.000000953674316], 74.4940185546875]",0.04916954040527344,
fing_x_face,6,0.001,ri_V>li_V>face_G,3,LR-P1-N2,GP,boot,300,0.05057074438441762,0.04675757913992881,True,0.0005429372907429192,0.023255813953488372,0.001092454580826674,0.023166023166023165,1.1776061776061777,2.6934542515937863,"[[26.000001907348633, -Infinity], [30.000001907348633, 5.000000476837158], 75.26847839355469]",0.03409266471862793,
fing_x_face,6,0.001,ri_V>li_V>face_G,3,LR-P1-N2-rel,GP,boot,300,0.05057945866787185,0.051699462657554755,True,0.0006032636563810213,0.04263565891472868,0.0011074197120708748,0.03861003861003861,1.1505791505791505,1.7431833827182663,"[[26.000001907348633, 5.000000476837158], [29.000001907348633, 10.000000953674316], 74.5136947631836]",0.044155120849609375,
fing_x_face,6,0.001,ri_V>li_V>face_G,3,LR-P2-N2,GP,boot,300,0.04977442854517439,0.04628479325623241,True,0.0005278556993333936,0.015503875968992248,0.0010176289246056687,0.007722007722007722,1.196911196911197,2.856095297955763,"[[26.000001907348633, -Infinity], [30.000001907348633, 4.000000476837158], 75.44835662841797]",0.04712843894958496,
fing_x_face,6,0.001,ri_V>li_V>face_G,3,LR-P2-N2-rel,GP,boot,300,,,False,,,,,,,,,True
fing_x_face,6,0.001,ri_V>li_V>face_G,3,LR-P1-N3,GP,boot,300,0.050570744384417526,0.04675757913992886,True,0.0005429372907429192,0.023255813953488372,0.001092454580826674,0.023166023166023165,1.1776061776061777,2.6934542515937863,"[[26.000001907348633, -Infinity], [30.000001907348633, 5.000000476837158], 75.26847839355469]",0.039769649505615234,
fing_x_face,6,0.001,ri_V>li_V>face_G,3,NLS-N2,GP,boot,300,0.04746554524252914,0.044250324650365484,True,0.0005580188821524447,0.023255813953488372,0.0013169315494896891,0.02702702702702703,1.1737451737451738,2.5205770554607763,"[[26.000001907348633, -Infinity], [30.000001907348633, 6.000000476837158], 75.02900695800781]",0.03709077835083008,
fing_x_face,6,0.001,ri_V>li_V>face_G,3,DE-N2,GP,boot,300,0.050269216418332846,0.046536660155629246,True,0.0005429372907429192,0.023255813953488372,0.001092454580826674,0.023166023166023165,1.1776061776061777,2.6934542515937863,"[[26.000001907348633, -Infinity], [30.000001907348633, 5.000000476837158], 75.26847839355469]",0.03624892234802246,
fing_x_face,6,0.001,ri_V>li_V>face_G,3,MAXMONO-K3,GP,boot,300,,,False,,,,,,,,,True
fing_x_face,6,0.001,ri_V>li_V>face_G,3,MONO-cont,GP,boot,300,0.05026352650666319,0.046532397532399156,True,0.0005429372907429192,0.023255813953488372,0.001092454580826674,0.023166023166023165,1.1776061776061777,2.6934542515937863,"[[26.000001907348633, -Infinity], [30.000001907348633, 5.000000476837158], 75.26847839355469]",0.0365450382232666,
fing_x_face,6,0.001,ri_V>li_V>face_G,3,S1-Marcialis,rule,boot,300,,,True,0.0006032636563810213,0.015503875968992248,0.0014965131244201013,0.015444015444015444,1.2972972972972974,2.9643231271138246,"[[37.000003814697266, 0.0], [35.000003814697266, 4.0], 74.90239715576172]",0.007673025131225586,
fing_x_face,6,0.001,ri_V>li_V>face_G,3,S2-Symmetric,rule,boot,300,,,True,0.0006032636563810213,0.015503875968992248,0.0014965131244201013,0.015444015444015444,1.2972972972972974,2.9643231271138246,"[[37.000003814697266, 0.0], [35.000003814697266, 4.0], 74.90239715576172]",0.018508434295654297,
fing_x_face,6,0.001,ri_V>li_V>face_G,3,S3-SPRT,rule,boot,300,,,True,0.0006183452477905468,0.01937984496124031,0.0008230822184310556,0.03088803088803089,1.2162162162162162,1.9004519469635748,"[[5.613375902613195, -4.1203573338537804], [5.613375902613195, -4.1203573338537804], 0.7948801241958421]",0.16620540618896484,
fing_x_face,6,0.001,ri_V>li_V>face_G,3,S4-Direct,rule,boot,300,,,True,0.0006334268392000724,0.015503875968992248,0.0016162341743737093,0.019305019305019305,1.2586872586872586,2.76756158151507,"[[30.000001907348633, 3.000000238418579], [35.000003814697266, 4.000000476837158], 74.8791732788086]",0.473067045211792,
fing_x_face,6,0.001,face_C>face_G>li_V>ri_V,4,HYP,GP,boot,300,,,False,,,,,,,,,
fing_x_face,6,0.001,face_C>face_G>li_V>ri_V,4,MONO,GP,boot,300,,,False,,,,,,,,,True
fing_x_face,6,0.001,face_C>face_G>li_V>ri_V,4,MONO-rel,GP,boot,300,,,False,,,,,,,,,True
fing_x_face,6,0.001,face_C>face_G>li_V>ri_V,4,LR-P1-N2,GP,boot,300,,,False,,,,,,,,,True
fing_x_face,6,0.001,face_C>face_G>li_V>ri_V,4,LR-P1-N2-rel,GP,boot,300,,,False,,,,,,,,,True
fing_x_face,6,0.001,face_C>face_G>li_V>ri_V,4,LR-P2-N2,GP,boot,300,,,False,,,,,,,,,True
fing_x_face,6,0.001,face_C>face_G>li_V>ri_V,4,LR-P2-N2-rel,GP,boot,300,,,False,,,,,,,,,True
fing_x_face,6,0.001,face_C>face_G>li_V>ri_V,4,LR-P1-N3,GP,boot,300,,,False,,,,,,,,,True
fing_x_face,6,0.001,face_C>face_G>li_V>ri_V,4,NLS-N2,GP,boot,300,,,False,,,,,,,,,True
fing_x_face,6,0.001,face_C>face_G>li_V>ri_V,4,DE-N2,GP,boot,300,,,False,,,,,,,,,True
fing_x_face,6,0.001,face_C>face_G>li_V>ri_V,4,MAXMONO-K3,GP,boot,300,,,False,,,,,,,,,True
fing_x_face,6,0.001,face_C>face_G>li_V>ri_V,4,MONO-cont,GP,boot,300,,,False,,,,,,,,,True
fing_x_face,6,0.001,face_C>face_G>li_V>ri_V,4,S1-Marcialis,rule,boot,300,,,True,0.0003167134196000362,0.01937984496124031,0.0007183262997216486,0.007722007722007722,1.7104247104247103,2.38846487683697,"[[0.6950200796127319, 0.5201699733734131], [75.94683074951172, 65.9372329711914], [35.000003814697266, 4.0], 25.0]",0.010385274887084961,
fing_x_face,6,0.001,face_C>face_G>li_V>ri_V,4,S2-Symmetric,rule,boot,300,,,True,0.0003167134196000362,0.01937984496124031,0.0007183262997216486,0.007722007722007722,1.7104247104247103,2.38846487683697,"[[0.6950200796127319, 0.5201699733734131], [75.94683074951172, 65.9372329711914], [35.000003814697266, 4.0], 25.0]",0.07075071334838867,
fing_x_face,6,0.001,face_C>face_G>li_V>ri_V,4,S3-SPRT,rule,boot,300,,,True,0.0005429372907429192,0.01937984496124031,0.0007781868246984526,0.007722007722007722,1.583011583011583,1.758402921193619,"[[7.200907835801471, -3.899276712268543], [7.200907835801471, -3.899276712268543], [7.200907835801471, -3.899276712268543], 1.3627370039835425]",0.1807565689086914,
fing_x_face,6,0.001,face_C>face_G>li_V>ri_V,4,S4-Direct,rule,boot,300,,,False,,,,,,,,,
fing_x_face,6,0.001,face_C>face_G>ri_V>li_V,4,HYP,GP,boot,300,,,False,,,,,,,,,
fing_x_face,6,0.001,face_C>face_G>ri_V>li_V,4,MONO,GP,boot,300,,,False,,,,,,,,,True
fing_x_face,6,0.001,face_C>face_G>ri_V>li_V,4,MONO-rel,GP,boot,300,,,False,,,,,,,,,True
fing_x_face,6,0.001,face_C>face_G>ri_V>li_V,4,LR-P1-N2,GP,boot,300,,,False,,,,,,,,,True
fing_x_face,6,0.001,face_C>face_G>ri_V>li_V,4,LR-P1-N2-rel,GP,boot,300,,,False,,,,,,,,,True
fing_x_face,6,0.001,face_C>face_G>ri_V>li_V,4,LR-P2-N2,GP,boot,300,,,False,,,,,,,,,True
fing_x_face,6,0.001,face_C>face_G>ri_V>li_V,4,LR-P2-N2-rel,GP,boot,300,,,False,,,,,,,,,True
fing_x_face,6,0.001,face_C>face_G>ri_V>li_V,4,LR-P1-N3,GP,boot,300,,,False,,,,,,,,,True
fing_x_face,6,0.001,face_C>face_G>ri_V>li_V,4,NLS-N2,GP,boot,300,,,False,,,,,,,,,True
fing_x_face,6,0.001,face_C>face_G>ri_V>li_V,4,DE-N2,GP,boot,300,,,False,,,,,,,,,True
fing_x_face,6,0.001,face_C>face_G>ri_V>li_V,4,MAXMONO-K3,GP,boot,300,,,False,,,,,,,,,True
fing_x_face,6,0.001,face_C>face_G>ri_V>li_V,4,MONO-cont,GP,boot,300,,,False,,,,,,,,,True
fing_x_face,6,0.001,face_C>face_G>ri_V>li_V,4,S1-Marcialis,rule,boot,300,,,True,0.0006183452477905468,0.011627906976744186,0.0006734309059890455,0.011583011583011582,1.6988416988416988,2.4014695758881803,"[[0.6950200796127319, 0.5201699733734131], [75.94683074951172, 65.9372329711914], [37.000003814697266, 0.0], 24.0]",0.01104593276977539,
fing_x_face,6,0.001,face_C>face_G>ri_V>li_V,4,S2-Symmetric,rule,boot,300,,,True,0.0006183452477905468,0.011627906976744186,0.0006734309059890455,0.011583011583011582,1.6988416988416988,2.4014695758881803,"[[0.6950200796127319, 0.5201699733734131], [75.94683074951172, 65.9372329711914], [37.000003814697266, 0.0], 24.0]",0.07313203811645508,
fing_x_face,6,0.001,face_C>face_G>ri_V>li_V,4,S3-SPRT,rule,boot,300,,,True,0.0005429372907429192,0.015503875968992248,0.0007632216934542516,0.007722007722007722,1.555984555984556,1.7517584029211937,"[[7.200907835801471, -3.899276712268543], [7.200907835801471, -3.899276712268543], [7.200907835801471, -3.899276712268543], 1.5010495541961677]",0.20256495475769043,
fing_x_face,6,0.001,face_C>face_G>ri_V>li_V,4,S4-Direct,rule,boot,300,,,True,0.0005127741079238681,0.01937984496124031,0.0006435006435006435,0.003861003861003861,1.6756756756756757,3.199365478435246,"[[0.6950200796127319, 0.4832500219345093], [75.94683074951172, 63.86409378051758], [27.000001907348633, 6.000000476837158], 27.0]",0.9028904438018799,
fing_x_face,6,0.001,face_C>li_V>face_G>ri_V,4,HYP,GP,boot,300,,,False,,,,,,,,,
fing_x_face,6,0.001,face_C>li_V>face_G>ri_V,4,MONO,GP,boot,300,,,False,,,,,,,,,True
fing_x_face,6,0.001,face_C>li_V>face_G>ri_V,4,MONO-rel,GP,boot,300,,,False,,,,,,,,,True
fing_x_face,6,0.001,face_C>li_V>face_G>ri_V,4,LR-P1-N2,GP,boot,300,,,False,,,,,,,,,True
fing_x_face,6,0.001,face_C>li_V>face_G>ri_V,4,LR-P1-N2-rel,GP,boot,300,,,False,,,,,,,,,True
fing_x_face,6,0.001,face_C>li_V>face_G>ri_V,4,LR-P2-N2,GP,boot,300,,,False,,,,,,,,,True
fing_x_face,6,0.001,face_C>li_V>face_G>ri_V,4,LR-P2-N2-rel,GP,boot,300,,,False,,,,,,,,,True
fing_x_face,6,0.001,face_C>li_V>face_G>ri_V,4,LR-P1-N3,GP,boot,300,,,False,,,,,,,,,True
fing_x_face,6,0.001,face_C>li_V>face_G>ri_V,4,NLS-N2,GP,boot,300,,,False,,,,,,,,,True
fing_x_face,6,0.001,face_C>li_V>face_G>ri_V,4,DE-N2,GP,boot,300,,,False,,,,,,,,,True
fing_x_face,6,0.001,face_C>li_V>face_G>ri_V,4,MAXMONO-K3,GP,boot,300,,,False,,,,,,,,,True
fing_x_face,6,0.001,face_C>li_V>face_G>ri_V,4,MONO-cont,GP,boot,300,,,False,,,,,,,,,True
fing_x_face,6,0.001,face_C>li_V>face_G>ri_V,4,S1-Marcialis,rule,boot,300,,,True,0.0003167134196000362,0.01937984496124031,0.0007183262997216486,0.003861003861003861,1.494208494208494,2.60676124629613,"[[0.6950200796127319, 0.5201699733734131], [35.000003814697266, 4.0], [75.94683074951172, 65.9372329711914], 25.0]",0.010701656341552734,
fing_x_face,6,0.001,face_C>li_V>face_G>ri_V,4,S2-Symmetric,rule,boot,300,,,True,0.0003167134196000362,0.01937984496124031,0.0007183262997216486,0.003861003861003861,1.494208494208494,2.60676124629613,"[[0.6950200796127319, 0.5201699733734131], [35.000003814697266, 4.0], [75.94683074951172, 65.9372329711914], 25.0]",0.07242012023925781,
fing_x_face,6,0.001,face_C>li_V>face_G>ri_V,4,S3-SPRT,rule,boot,300,,,True,0.0005278556993333936,0.011627906976744186,0.0007482565622100506,0.003861003861003861,1.4131274131274132,1.7346831881715603,"[[7.200907835801471, -3.899276712268543], [7.200907835801471, -3.899276712268543], [7.200907835801471, -3.899276712268543], 1.1697479761375418]",0.21639180183410645,
fing_x_face,6,0.001,face_C>li_V>face_G>ri_V,4,S4-Direct,rule,boot,300,,,False,,,,,,,,,
fing_x_face,6,0.001,face_C>li_V>ri_V>face_G,4,HYP,GP,boot,300,,,False,,,,,,,,,
fing_x_face,6,0.001,face_C>li_V>ri_V>face_G,4,MONO,GP,boot,300,,,False,,,,,,,,,True
fing_x_face,6,0.001,face_C>li_V>ri_V>face_G,4,MONO-rel,GP,boot,300,0.03610971892604169,0.045151619736669146,True,0.0005580188821524447,0.01937984496124031,0.0003591631498608243,0.011583011583011582,1.2625482625482625,2.1930202627877047,"[[0.6603200435638428, 0.5204200744628906], [29.000001907348633, 4.000000476837158], [35.000003814697266, 12.000000953674316], 75.39029693603516]",0.056989192962646484,
fing_x_face,6,0.001,face_C>li_V>ri_V>face_G,4,LR-P1-N2,GP,boot,300,,,False,,,,,,,,,True
fing_x_face,6,0.001,face_C>li_V>ri_V>face_G,4,LR-P1-N2-rel,GP,boot,300,0.03607144037598832,0.04468084804755126,True,0.0005580188821524447,0.01937984496124031,0.0003741282811050253,0.011583011583011582,1.2625482625482625,2.207117416419742,"[[0.6603200435638428, 0.5204200744628906], [29.000001907348633, 4.000000476837158], [35.000003814697266, 11.000000953674316], 75.39029693603516]",0.05787205696105957,
fing_x_face,6,0.001,face_C>li_V>ri_V>face_G,4,LR-P2-N2,GP,boot,300,,,False,,,,,,,,,True
fing_x_face,6,0.001,face_C>li_V>ri_V>face_G,4,LR-P2-N2-rel,GP,boot,300,,,False,,,,,,,,,True
fing_x_face,6,0.001,face_C>li_V>ri_V>face_G,4,LR-P1-N3,GP,boot,300,,,False,,,,,,,,,True
fing_x_face,6,0.001,face_C>li_V>ri_V>face_G,4,NLS-N2,GP,boot,300,,,False,,,,,,,,,True
fing_x_face,6,0.001,face_C>li_V>ri_V>face_G,4,DE-N2,GP,boot,300,,,False,,,,,,,,,True
fing_x_face,6,0.001,face_C>li_V>ri_V>face_G,4,MAXMONO-K3,GP,boot,300,,,False,,,,,,,,,True
fing_x_face,6,0.001,face_C>li_V>ri_V>face_G,4,MONO-cont,GP,boot,300,,,False,,,,,,,,,True
fing_x_face,6,0.001,face_C>li_V>ri_V>face_G,4,S1-Marcialis,rule,boot,300,,,True,0.0006032636563810213,0.011627906976744186,0.0015114782556643021,0.011583011583011582,1.471042471042471,2.8380623148065007,"[[0.6950200796127319, 0.5201699733734131], [35.000003814697266, 4.0], [37.000003814697266, 0.0], 74.88909912109375]",0.011485576629638672,
fing_x_face,6,0.001,face_C>li_V>ri_V>face_G,4,S2-Symmetric,rule,boot,300,,,True,0.0006032636563810213,0.011627906976744186,0.0015114782556643021,0.011583011583011582,1.471042471042471,2.8380623148065007,"[[0.6950200796127319, 0.5201699733734131], [35.000003814697266, 4.0], [37.000003814697266, 0.0], 74.88909912109375]",0.047200918197631836,
fing_x_face,6,0.001,face_C>li_V>ri_V>face_G,4,S3-SPRT,rule,boot,300,,,True,0.0005278556993333936,0.007751937984496124,0.0006734309059890455,0.003861003861003861,1.4015444015444016,1.7207805812456975,"[[7.200907835801471, -3.899276712268543], [7.200907835801471, -3.899276712268543], [7.200907835801471, -3.899276712268543], 1.186560756532409]",0.21600556373596191,
fing_x_face,6,0.001,face_C>li_V>ri_V>face_G,4,S4-Direct,rule,boot,300,,,True,0.0005881820649714958,0.011627906976744186,0.0008230822184310556,0.007722007722007722,1.2972972972972974,3.032908323605998,"[[0.6627000570297241, 0.4832500219345093], [35.000003814697266, 4.000000476837158], [37.000003814697266, 7.000000476837158], 74.99671936035156]",0.9458465576171875,
fing_x_face,6,0.001,face_C>ri_V>face_G>li_V,4,HYP,GP,boot,300,,,False,,,,,,,,,
fing_x_face,6,0.001,face_C>ri_V>face_G>li_V,4,MONO,GP,boot,300,,,False,,,,,,,,,True
fing_x_face,6,0.001,face_C>ri_V>face_G>li_V,4,MONO-rel,GP,boot,300,,,False,,,,,,,,,True
fing_x_face,6,0.001,face_C>ri_V>face_G>li_V,4,LR-P1-N2,GP,boot,300,,,False,,,,,,,,,True
fing_x_face,6,0.001,face_C>ri_V>face_G>li_V,4,LR-P1-N2-rel,GP,boot,300,,,False,,,,,,,,,True
fing_x_face,6,0.001,face_C>ri_V>face_G>li_V,4,LR-P2-N2,GP,boot,300,,,False,,,,,,,,,True
fing_x_face,6,0.001,face_C>ri_V>face_G>li_V,4,LR-P2-N2-rel,GP,boot,300,,,False,,,,,,,,,True
fing_x_face,6,0.001,face_C>ri_V>face_G>li_V,4,LR-P1-N3,GP,boot,300,,,False,,,,,,,,,True
fing_x_face,6,0.001,face_C>ri_V>face_G>li_V,4,NLS-N2,GP,boot,300,,,False,,,,,,,,,True
fing_x_face,6,0.001,face_C>ri_V>face_G>li_V,4,DE-N2,GP,boot,300,,,False,,,,,,,,,True
fing_x_face,6,0.001,face_C>ri_V>face_G>li_V,4,MAXMONO-K3,GP,boot,300,,,False,,,,,,,,,True
fing_x_face,6,0.001,face_C>ri_V>face_G>li_V,4,MONO-cont,GP,boot,300,,,False,,,,,,,,,True
fing_x_face,6,0.001,face_C>ri_V>face_G>li_V,4,S1-Marcialis,rule,boot,300,,,True,0.0006183452477905468,0.011627906976744186,0.0006734309059890455,0.007722007722007722,1.4864864864864864,2.64131573433899,"[[0.6950200796127319, 0.5201699733734131], [37.000003814697266, 0.0], [75.94683074951172, 65.9372329711914], 24.0]",0.011807441711425781,
fing_x_face,6,0.001,face_C>ri_V>face_G>li_V,4,S2-Symmetric,rule,boot,300,,,True,0.0006183452477905468,0.011627906976744186,0.0006734309059890455,0.007722007722007722,1.4864864864864864,2.64131573433899,"[[0.6950200796127319, 0.5201699733734131], [37.000003814697266, 0.0], [75.94683074951172, 65.9372329711914], 24.0]",0.08124160766601562,
fing_x_face,6,0.001,face_C>ri_V>face_G>li_V,4,S3-SPRT,rule,boot,300,,,True,0.0005429372907429192,0.007751937984496124,0.0007931519559426536,0.0,1.3976833976833978,1.6990961060728502,"[[7.200907835801471, -3.899276712268543], [7.200907835801471, -3.899276712268543], [7.200907835801471, -3.899276712268543], 1.186560756532409]",0.22595763206481934,
fing_x_face,6,0.001,face_C>ri_V>face_G>li_V,4,S4-Direct,rule,boot,300,,,False,,,,,,,,,
fing_x_face,6,0.001,face_C>ri_V>li_V>face_G,4,HYP,GP,boot,300,,,False,,,,,,,,,
fing_x_face,6,0.001,face_C>ri_V>li_V>face_G,4,MONO,GP,boot,300,,,False,,,,,,,,,True
fing_x_face,6,0.001,face_C>ri_V>li_V>face_G,4,MONO-rel,GP,boot,300,,,False,,,,,,,,,True
fing_x_face,6,0.001,face_C>ri_V>li_V>face_G,4,LR-P1-N2,GP,boot,300,,,False,,,,,,,,,True
fing_x_face,6,0.001,face_C>ri_V>li_V>face_G,4,LR-P1-N2-rel,GP,boot,300,,,False,,,,,,,,,True
fing_x_face,6,0.001,face_C>ri_V>li_V>face_G,4,LR-P2-N2,GP,boot,300,,,False,,,,,,,,,True
fing_x_face,6,0.001,face_C>ri_V>li_V>face_G,4,LR-P2-N2-rel,GP,boot,300,,,False,,,,,,,,,True
fing_x_face,6,0.001,face_C>ri_V>li_V>face_G,4,LR-P1-N3,GP,boot,300,,,False,,,,,,,,,True
fing_x_face,6,0.001,face_C>ri_V>li_V>face_G,4,NLS-N2,GP,boot,300,,,False,,,,,,,,,True
fing_x_face,6,0.001,face_C>ri_V>li_V>face_G,4,DE-N2,GP,boot,300,,,False,,,,,,,,,True
fing_x_face,6,0.001,face_C>ri_V>li_V>face_G,4,MAXMONO-K3,GP,boot,300,,,False,,,,,,,,,True
fing_x_face,6,0.001,face_C>ri_V>li_V>face_G,4,MONO-cont,GP,boot,300,,,False,,,,,,,,,True
fing_x_face,6,0.001,face_C>ri_V>li_V>face_G,4,S1-Marcialis,rule,boot,300,,,True,0.0006032636563810213,0.011627906976744186,0.0015114782556643021,0.011583011583011582,1.4749034749034748,2.8596121037981503,"[[0.6950200796127319, 0.5201699733734131], [37.000003814697266, 0.0], [35.000003814697266, 4.0], 74.88909912109375]",0.011968851089477539,
fing_x_face,6,0.001,face_C>ri_V>li_V>face_G,4,S2-Symmetric,rule,boot,300,,,True,0.0006032636563810213,0.011627906976744186,0.0015114782556643021,0.011583011583011582,1.4749034749034748,2.8596121037981503,"[[0.6950200796127319, 0.5201699733734131], [37.000003814697266, 0.0], [35.000003814697266, 4.0], 74.88909912109375]",0.04755711555480957,
fing_x_face,6,0.001,face_C>ri_V>li_V>face_G,4,S3-SPRT,rule,boot,300,,,True,0.0005429372907429192,0.007751937984496124,0.0007183262997216486,0.0,1.4054054054054055,1.6919577384693665,"[[7.200907835801471, -3.899276712268543], [7.200907835801471, -3.899276712268543], [7.200907835801471, -3.899276712268543], 1.186560756532409]",0.21109294891357422,
fing_x_face,6,0.001,face_C>ri_V>li_V>face_G,4,S4-Direct,rule,boot,300,,,True,0.0006635900220191234,0.011627906976744186,0.001466582861931699,0.003861003861003861,1.420849420849421,2.4882074765795696,"[[0.6950200796127319, 0.4832500219345093], [27.000001907348633, 6.000000476837158], [35.000003814697266, 9.000000953674316], 74.13456726074219]",0.9019594192504883,
fing_x_face,6,0.001,face_G>face_C>li_V>ri_V,4,HYP,GP,boot,300,,,False,,,,,,,,,
fing_x_face,6,0.001,face_G>face_C>li_V>ri_V,4,MONO,GP,boot,300,,,False,,,,,,,,,True
fing_x_face,6,0.001,face_G>face_C>li_V>ri_V,4,MONO-rel,GP,boot,300,,,False,,,,,,,,,True
fing_x_face,6,0.001,face_G>face_C>li_V>ri_V,4,LR-P1-N2,GP,boot,300,,,False,,,,,,,,,True
fing_x_face,6,0.001,face_G>face_C>li_V>ri_V,4,LR-P1-N2-rel,GP,boot,300,,,False,,,,,,,,,True
fing_x_face,6,0.001,face_G>face_C>li_V>ri_V,4,LR-P2-N2,GP,boot,300,,,False,,,,,,,,,True
fing_x_face,6,0.001,face_G>face_C>li_V>ri_V,4,LR-P2-N2-rel,GP,boot,300,,,False,,,,,,,,,True
fing_x_face,6,0.001,face_G>face_C>li_V>ri_V,4,LR-P1-N3,GP,boot,300,,,False,,,,,,,,,True
fing_x_face,6,0.001,face_G>face_C>li_V>ri_V,4,NLS-N2,GP,boot,300,,,False,,,,,,,,,True
fing_x_face,6,0.001,face_G>face_C>li_V>ri_V,4,DE-N2,GP,boot,300,,,False,,,,,,,,,True
fing_x_face,6,0.001,face_G>face_C>li_V>ri_V,4,MAXMONO-K3,GP,boot,300,,,False,,,,,,,,,True
fing_x_face,6,0.001,face_G>face_C>li_V>ri_V,4,MONO-cont,GP,boot,300,,,False,,,,,,,,,True
fing_x_face,6,0.001,face_G>face_C>li_V>ri_V,4,S1-Marcialis,rule,boot,300,,,True,0.0003167134196000362,0.01937984496124031,0.0007183262997216486,0.003861003861003861,1.6602316602316602,2.3145071982281284,"[[75.94683074951172, 65.9372329711914], [0.6950200796127319, 0.5201699733734131], [35.000003814697266, 4.0], 25.0]",0.010552406311035156,
fing_x_face,6,0.001,face_G>face_C>li_V>ri_V,4,S2-Symmetric,rule,boot,300,,,True,0.0003167134196000362,0.01937984496124031,0.0007183262997216486,0.003861003861003861,1.6602316602316602,2.3145071982281284,"[[75.94683074951172, 65.9372329711914], [0.6950200796127319, 0.5201699733734131], [35.000003814697266, 4.0], 25.0]",0.07123875617980957,
fing_x_face,6,0.001,face_G>face_C>li_V>ri_V,4,S3-SPRT,rule,boot,300,,,True,0.0005731004735619702,0.01937984496124031,0.0008979078746520607,0.015444015444015444,1.5212355212355213,1.6594534734069617,"[[6.457819740771156, -3.5091428000324654], [6.457819740771156, -3.5091428000324654], [6.457819740771156, -3.5091428000324654], 1.7260878796137675]",0.17864465713500977,
fing_x_face,6,0.001,face_G>face_C>li_V>ri_V,4,S4-Direct,rule,boot,300,,,False,,,,,,,,,
fing_x_face,6,0.001,face_G>face_C>ri_V>li_V,4,HYP,GP,boot,300,,,False,,,,,,,,,
fing_x_face,6,0.001,face_G>face_C>ri_V>li_V,4,MONO,GP,boot,300,,,False,,,,,,,,,True
fing_x_face,6,0.001,face_G>face_C>ri_V>li_V,4,MONO-rel,GP,boot,300,,,False,,,,,,,,,True
fing_x_face,6,0.001,face_G>face_C>ri_V>li_V,4,LR-P1-N2,GP,boot,300,,,False,,,,,,,,,True
fing_x_face,6,0.001,face_G>face_C>ri_V>li_V,4,LR-P1-N2-rel,GP,boot,300,,,False,,,,,,,,,True
fing_x_face,6,0.001,face_G>face_C>ri_V>li_V,4,LR-P2-N2,GP,boot,300,,,False,,,,,,,,,True
fing_x_face,6,0.001,face_G>face_C>ri_V>li_V,4,LR-P2-N2-rel,GP,boot,300,,,False,,,,,,,,,True
fing_x_face,6,0.001,face_G>face_C>ri_V>li_V,4,LR-P1-N3,GP,boot,300,,,False,,,,,,,,,True
fing_x_face,6,0.001,face_G>face_C>ri_V>li_V,4,NLS-N2,GP,boot,300,,,False,,,,,,,,,True
fing_x_face,6,0.001,face_G>face_C>ri_V>li_V,4,DE-N2,GP,boot,300,,,False,,,,,,,,,True
fing_x_face,6,0.001,face_G>face_C>ri_V>li_V,4,MAXMONO-K3,GP,boot,300,,,False,,,,,,,,,True
fing_x_face,6,0.001,face_G>face_C>ri_V>li_V,4,MONO-cont,GP,boot,300,,,False,,,,,,,,,True
fing_x_face,6,0.001,face_G>face_C>ri_V>li_V,4,S1-Marcialis,rule,boot,300,,,True,0.0006183452477905468,0.011627906976744186,0.0006734309059890455,0.007722007722007722,1.6486486486486487,2.327511897279339,"[[75.94683074951172, 65.9372329711914], [0.6950200796127319, 0.5201699733734131], [37.000003814697266, 0.0], 24.0]",0.012368440628051758,
fing_x_face,6,0.001,face_G>face_C>ri_V>li_V,4,S2-Symmetric,rule,boot,300,,,True,0.0006183452477905468,0.011627906976744186,0.0006734309059890455,0.007722007722007722,1.6486486486486487,2.327511897279339,"[[75.94683074951172, 65.9372329711914], [0.6950200796127319, 0.5201699733734131], [37.000003814697266, 0.0], 24.0]",0.07425975799560547,
fing_x_face,6,0.001,face_G>face_C>ri_V>li_V,4,S3-SPRT,rule,boot,300,,,True,0.0005731004735619702,0.015503875968992248,0.0009128730058962617,0.015444015444015444,1.501930501930502,1.6534823860405257,"[[6.457819740771156, -3.5091428000324654], [6.457819740771156, -3.5091428000324654], [6.457819740771156, -3.5091428000324654], 1.7260878796137673]",0.18876099586486816,
fing_x_face,6,0.001,face_G>face_C>ri_V>li_V,4,S4-Direct,rule,boot,300,,,True,0.0005127741079238681,0.01937984496124031,0.0006435006435006435,0.0,1.6293436293436294,3.1599024273442877,"[[75.94683074951172, 63.86409378051758], [0.6950200796127319, 0.4832500219345093], [27.000001907348633, 6.000000476837158], 27.0]",0.8940422534942627,
fing_x_face,6,0.001,face_G>li_V>face_C>ri_V,4,HYP,GP,boot,300,,,False,,,,,,,,,
fing_x_face,6,0.001,face_G>li_V>face_C>ri_V,4,MONO,GP,boot,300,,,False,,,,,,,,,True
fing_x_face,6,0.001,face_G>li_V>face_C>ri_V,4,MONO-rel,GP,boot,300,0.04919327265686414,0.052130631496011645,True,0.0006183452477905468,0.01937984496124031,0.0014516177306874982,0.003861003861003861,1.2934362934362935,2.1771422585376072,"[[75.02900695800781, 65.94686126708984], [29.000001907348633, 4.000000476837158], [0.6716300845146179, 0.5507400631904602], 27.0]",0.06827855110168457,
fing_x_face,6,0.001,face_G>li_V>face_C>ri_V,4,LR-P1-N2,GP,boot,300,,,False,,,,,,,,,True
fing_x_face,6,0.001,face_G>li_V>face_C>ri_V,4,LR-P1-N2-rel,GP,boot,300,0.049126332578623956,0.05197269409985632,True,0.0006183452477905468,0.01937984496124031,0.001466582861931699,0.003861003861003861,1.2934362934362935,2.179731226242854,"[[75.02900695800781, 65.94686126708984], [29.000001907348633, 4.000000476837158], [0.6716300845146179, 0.5502400398254395], 27.0]",0.07033729553222656,
fing_x_face,6,0.001,face_G>li_V>face_C>ri_V,4,LR-P2-N2,GP,boot,300,,,False,,,,,,,,,True
fing_x_face,6,0.001,face_G>li_V>face_C>ri_V,4,LR-P2-N2-rel,GP,boot,300,,,False,,,,,,,,,True
fing_x_face,6,0.001,face_G>li_V>face_C>ri_V,4,LR-P1-N3,GP,boot,300,,,False,,,,,,,,,True
fing_x_face,6,0.001,face_G>li_V>face_C>ri_V,4,NLS-N2,GP,boot,300,,,False,,,,,,,,,True
fing_x_face,6,0.001,face_G>li_V>face_C>ri_V,4,DE-N2,GP,boot,300,,,False,,,,,,,,,True
fing_x_face,6,0.001,face_G>li_V>face_C>ri_V,4,MAXMONO-K3,GP,boot,300,,,False,,,,,,,,,True
fing_x_face,6,0.001,face_G>li_V>face_C>ri_V,4,MONO-cont,GP,boot,300,,,False,,,,,,,,,True
fing_x_face,6,0.001,face_G>li_V>face_C>ri_V,4,S1-Marcialis,rule,boot,300,,,True,0.0003167134196000362,0.01937984496124031,0.0007183262997216486,0.003861003861003861,1.4478764478764479,2.4614049265212055,"[[75.94683074951172, 65.9372329711914], [35.000003814697266, 4.0], [0.6950200796127319, 0.5201699733734131], 25.0]",0.022229433059692383,
fing_x_face,6,0.001,face_G>li_V>face_C>ri_V,4,S2-Symmetric,rule,boot,300,,,True,0.0003167134196000362,0.01937984496124031,0.0007183262997216486,0.003861003861003861,1.4478764478764479,2.4614049265212055,"[[75.94683074951172, 65.9372329711914], [35.000003814697266, 4.0], [0.6950200796127319, 0.5201699733734131], 25.0]",0.1160726547241211,
fing_x_face,6,0.001,face_G>li_V>face_C>ri_V,4,S3-SPRT,rule,boot,300,,,True,0.0005429372907429192,0.011627906976744186,0.0008230822184310556,0.007722007722007722,1.4015444015444016,1.65246475711592,"[[6.457819740771156, -3.5091428000324654], [6.457819740771156, -3.5091428000324654], [6.457819740771156, -3.5091428000324654], 1.1865607565324088]",0.24202442169189453,
fing_x_face,6,0.001,face_G>li_V>face_C>ri_V,4,S4-Direct,rule,boot,300,,,False,,,,,,,,,
fing_x_face,6,0.001,face_G>li_V>ri_V>face_C,4,HYP,GP,boot,300,,,False,,,,,,,,,
fing_x_face,6,0.001,face_G>li_V>ri_V>face_C,4,MONO,GP,boot,300,0.06738467486654355,0.06419091401716999,True,0.0006334268392000724,0.015503875968992248,0.0015264433869085032,0.007722007722007722,1.2934362934362935,2.1019873694292297,"[[74.90483093261719, 65.94686126708984], [30.000001907348633, 4.000000476837158], [37.000003814697266, 9.000000953674316], 0.6834100484848022]",0.07018423080444336,
fing_x_face,6,0.001,face_G>li_V>ri_V>face_C,4,MONO-rel,GP,boot,300,0.049408922176077764,0.05270273568184773,True,0.0006183452477905468,0.015503875968992248,0.001421687468199096,0.011583011583011582,1.2895752895752897,2.061491724282422,"[[74.9967269897461, 65.94686126708984], [29.000001907348633, 4.000000476837158], [35.000003814697266, 11.000000953674316], 0.6432999968528748]",0.058992624282836914,
fing_x_face,6,0.001,face_G>li_V>ri_V>face_C,4,LR-P1-N2,GP,boot,300,0.06797889130870037,0.06475336578752637,True,0.0006334268392000724,0.015503875968992248,0.0015264433869085032,0.007722007722007722,1.2934362934362935,2.1019873694292297,"[[74.90483093261719, 65.94686126708984], [30.000001907348633, 4.000000476837158], [37.000003814697266, 9.000000953674316], 0.6834100484848022]",0.06980562210083008,
fing_x_face,6,0.001,face_G>li_V>ri_V>face_C,4,LR-P1-N2-rel,GP,boot,300,0.04934824688346868,0.05254721901483722,True,0.0006183452477905468,0.015503875968992248,0.001421687468199096,0.011583011583011582,1.2895752895752897,2.061491724282422,"[[74.9967269897461, 65.94686126708984], [29.000001907348633, 4.000000476837158], [35.000003814697266, 11.000000953674316], 0.6432999968528748]",0.05907177925109863,
fing_x_face,6,0.001,face_G>li_V>ri_V>face_C,4,LR-P2-N2,GP,boot,300,0.09076360523862852,0.08570360784601155,True,0.0006485084306095979,0.015503875968992248,0.0014516177306874982,0.007722007722007722,1.2972972972972974,2.1877974319834785,"[[74.9349594116211, 65.94686126708984], [30.000001907348633, 4.000000476837158], [35.000003814697266, 7.000000476837158], 0.6834099888801575]",0.0699925422668457,
fing_x_face,6,0.001,face_G>li_V>ri_V>face_C,4,LR-P2-N2-rel,GP,boot,300,0.06329742929413056,0.07419317072226653,True,0.0006183452477905468,0.031007751937984496,0.001287001287001287,0.015444015444015444,1.277992277992278,1.6984675705605938,"[[75.1034164428711, 66.54996490478516], [26.000001907348633, 4.000000476837158], [28.000001907348633, 12.000000953674316], 0.6466000080108643]",0.05657029151916504,
fing_x_face,6,0.001,face_G>li_V>ri_V>face_C,4,LR-P1-N3,GP,boot,300,0.06797889130865321,0.0647533657878281,True,0.0006334268392000724,0.015503875968992248,0.0015264433869085032,0.007722007722007722,1.2934362934362935,2.1019873694292297,"[[74.90483093261719, 65.94686126708984], [30.000001907348633, 4.000000476837158], [37.000003814697266, 9.000000953674316], 0.6834100484848022]",0.06783246994018555,
fing_x_face,6,0.001,face_G>li_V>ri_V>face_C,4,NLS-N2,GP,boot,300,0.06230723182801394,0.0603317832978291,True,0.0006485084306095979,0.015503875968992248,0.0015264433869085032,0.007722007722007722,1.2934362934362935,2.0784322528508574,"[[74.90483093261719, 65.94686126708984], [30.000001907348633, 4.000000476837158], [35.000003814697266, 10.000000953674316], 0.6834100484848022]",0.07471585273742676,
fing_x_face,6,0.001,face_G>li_V>ri_V>face_C,4,DE-N2,GP,boot,300,0.06779534572213537,0.06463498417092509,True,0.0006485084306095979,0.015503875968992248,0.0015264433869085032,0.007722007722007722,1.2934362934362935,2.1019873694292297,"[[74.90483093261719, 65.94686126708984], [30.000001907348633, 4.000000476837158], [35.000003814697266, 9.000000953674316], 0.6834100484848022]",0.0677032470703125,
fing_x_face,6,0.001,face_G>li_V>ri_V>face_C,4,MAXMONO-K3,GP,boot,300,0.10615193298899764,0.13488043987534262,True,0.0006635900220191234,0.027131782945736434,0.0014815479931759002,0.019305019305019305,1.2625482625482625,1.6260213702074167,"[[74.97261047363281, 65.94686126708984], [29.000001907348633, 10.000000953674316], [24.000001907348633, 12.000000953674316], 0.6834099888801575]",0.09239506721496582,
fing_x_face,6,0.001,face_G>li_V>ri_V>face_C,4,MONO-cont,GP,boot,300,0.06778675258043612,0.06462809649139994,True,0.0006485084306095979,0.015503875968992248,0.0015264433869085032,0.007722007722007722,1.2934362934362935,2.1019873694292297,"[[74.90483093261719, 65.94686126708984], [30.000001907348633, 4.000000476837158], [35.000003814697266, 9.000000953674316], 0.6834100484848022]",0.08057928085327148,
fing_x_face,6,0.001,face_G>li_V>ri_V>face_C,4,S1-Marcialis,rule,boot,300,,,True,0.0005278556993333936,0.015503875968992248,0.00044895393732603036,0.007722007722007722,1.4285714285714286,2.621307353865493,"[[75.94683074951172, 65.9372329711914], [35.000003814697266, 4.0], [37.000003814697266, 0.0], 0.655709981918335]",0.012743234634399414,
fing_x_face,6,0.001,face_G>li_V>ri_V>face_C,4,S2-Symmetric,rule,boot,300,,,True,0.0005278556993333936,0.015503875968992248,0.00044895393732603036,0.007722007722007722,1.4285714285714286,2.621307353865493,"[[75.94683074951172, 65.9372329711914], [35.000003814697266, 4.0], [37.000003814697266, 0.0], 0.655709981918335]",0.06773710250854492,
fing_x_face,6,0.001,face_G>li_V>ri_V>face_C,4,S3-SPRT,rule,boot,300,,,True,0.0005429372907429192,0.011627906976744186,0.0008230822184310556,0.007722007722007722,1.393822393822394,1.6411810481577924,"[[6.457819740771156, -3.5091428000324654], [6.457819740771156, -3.5091428000324654], [6.457819740771156, -3.5091428000324654], 0.9840893294769265]",0.23389983177185059,
fing_x_face,6,0.001,face_G>li_V>ri_V>face_C,4,S4-Direct,rule,boot,300,,,False,,,,,,,,,
fing_x_face,6,0.001,face_G>ri_V>face_C>li_V,4,HYP,GP,boot,300,,,False,,,,,,,,,
fing_x_face,6,0.001,face_G>ri_V>face_C>li_V,4,MONO,GP,boot,300,,,False,,,,,,,,,True
fing_x_face,6,0.001,face_G>ri_V>face_C>li_V,4,MONO-rel,GP,boot,300,0.04128648152831951,0.044052830646628474,True,0.0006032636563810213,0.015503875968992248,0.001421687468199096,0.003861003861003861,1.274131274131274,1.932402502169944,"[[75.02111053466797, 65.94686126708984], [28.000001907348633, 5.000000476837158], [0.6708900332450867, 0.5883700847625732], 27.0]",0.06940937042236328,
fing_x_face,6,0.001,face_G>ri_V>face_C>li_V,4,LR-P1-N2,GP,boot,300,,,False,,,,,,,,,True
fing_x_face,6,0.001,face_G>ri_V>face_C>li_V,4,LR-P1-N2-rel,GP,boot,300,0.041295863193163584,0.044573464552147966,True,0.0006032636563810213,0.015503875968992248,0.0014366525994432972,0.003861003861003861,1.274131274131274,2.0305139026069257,"[[75.02111053466797, 65.94686126708984], [28.000001907348633, 4.000000476837158], [0.6708900332450867, 0.5884400606155396], 28.000001907348633]",0.07063722610473633,
fing_x_face,6,0.001,face_G>ri_V>face_C>li_V,4,LR-P2-N2,GP,boot,300,0.0838929469346633,0.08085094196533962,True,0.0006032636563810213,0.015503875968992248,0.0014815479931759002,0.003861003861003861,1.274131274131274,2.4796623866391307,"[[74.98060607910156, 65.94686126708984], [28.000001907348633, -Infinity], [0.6729300618171692, 0.5204200744628906], 32.000003814697266]",0.0793752670288086,
fing_x_face,6,0.001,face_G>ri_V>face_C>li_V,4,LR-P2-N2-rel,GP,boot,300,0.04481406155734488,0.053571529288711714,True,0.0006485084306095979,0.011627906976744186,0.0014516177306874982,0.003861003861003861,1.274131274131274,1.6868396635838496,"[[75.02111053466797, 65.94686126708984], [28.000001907348633, 8.000000953674316], [0.6549700498580933, 0.5901800394058228], 25.0]",0.08408832550048828,
fing_x_face,6,0.001,face_G>ri_V>face_C>li_V,4,LR-P1-N3,GP,boot,300,,,False,,,,,,,,,True
fing_x_face,6,0.001,face_G>ri_V>face_C>li_V,4,NLS-N2,GP,boot,300,,,False,,,,,,,,,True
fing_x_face,6,0.001,face_G>ri_V>face_C>li_V,4,DE-N2,GP,boot,300,,,False,,,,,,,,,True
fing_x_face,6,0.001,face_G>ri_V>face_C>li_V,4,MAXMONO-K3,GP,boot,300,,,False,,,,,,,,,True
fing_x_face,6,0.001,face_G>ri_V>face_C>li_V,4,MONO-cont,GP,boot,300,,,False,,,,,,,,,True
fing_x_face,6,0.001,face_G>ri_V>face_C>li_V,4,S1-Marcialis,rule,boot,300,,,True,0.0006183452477905468,0.011627906976744186,0.0006734309059890455,0.007722007722007722,1.4247104247104247,2.4934003771213074,"[[75.94683074951172, 65.9372329711914], [37.000003814697266, 0.0], [0.6950200796127319, 0.5201699733734131], 24.0]",0.011011362075805664,
fing_x_face,6,0.001,face_G>ri_V>face_C>li_V,4,S2-Symmetric,rule,boot,300,,,True,0.0006183452477905468,0.011627906976744186,0.0006734309059890455,0.007722007722007722,1.4247104247104247,2.4934003771213074,"[[75.94683074951172, 65.9372329711914], [37.000003814697266, 0.0], [0.6950200796127319, 0.5201699733734131], 24.0]",0.0753014087677002,
fing_x_face,6,0.001,face_G>ri_V>face_C>li_V,4,S3-SPRT,rule,boot,300,,,True,0.0005580188821524447,0.007751937984496124,0.0008829427434078596,0.007722007722007722,1.3629343629343629,1.6192571308850379,"[[6.457819740771156, -3.5091428000324654], [6.457819740771156, -3.5091428000324654], [6.457819740771156, -3.5091428000324654], 1.186560756532409]",0.25724029541015625,
fing_x_face,6,0.001,face_G>ri_V>face_C>li_V,4,S4-Direct,rule,boot,300,,,False,,,,,,,,,
fing_x_face,6,0.001,face_G>ri_V>li_V>face_C,4,HYP,GP,boot,300,,,False,,,,,,,,,
fing_x_face,6,0.001,face_G>ri_V>li_V>face_C,4,MONO,GP,boot,300,0.06108716551992488,0.058757850359747635,True,0.0006485084306095979,0.015503875968992248,0.0015563736493969052,0.011583011583011582,1.2702702702702702,2.1993205830415135,"[[74.9438705444336, 65.94686126708984], [28.000001907348633, -Infinity], [32.000003814697266, 9.000000953674316], 0.6666100025177002]",0.06775927543640137,
fing_x_face,6,0.001,face_G>ri_V>li_V>face_C,4,MONO-rel,GP,boot,300,0.043084503572635796,0.04448116855677184,True,0.0006485084306095979,0.015503875968992248,0.0015264433869085032,0.011583011583011582,1.274131274131274,1.9623327646583462,"[[75.02111053466797, 65.94686126708984], [28.000001907348633, 5.000000476837158], [29.000001907348633, 10.000000953674316], 0.6450999975204468]",0.07348108291625977,
fing_x_face,6,0.001,face_G>ri_V>li_V>face_C,4,LR-P1-N2,GP,boot,300,0.06163807559337044,0.059353645057760404,True,0.0006485084306095979,0.015503875968992248,0.0015563736493969052,0.011583011583011582,1.274131274131274,2.1993205830415135,"[[74.95536041259766, 65.94686126708984], [28.000001907348633, -Infinity], [32.000003814697266, 9.000000953674316], 0.6661199927330017]",0.07711482048034668,
fing_x_face,6,0.001,face_G>ri_V>li_V>face_C,4,LR-P1-N2-rel,GP,boot,300,0.04307271481217201,0.0444071492248125,True,0.0006485084306095979,0.015503875968992248,0.0015264433869085032,0.011583011583011582,1.274131274131274,1.9623327646583462,"[[75.02111053466797, 65.94686126708984], [28.000001907348633, 5.000000476837158], [29.000001907348633, 10.000000953674316], 0.6450999975204468]",0.07397770881652832,
fing_x_face,6,0.001,face_G>ri_V>li_V>face_C,4,LR-P2-N2,GP,boot,300,0.0842668405028531,0.08095292989618409,True,0.0006183452477905468,0.015503875968992248,0.001466582861931699,0.007722007722007722,1.277992277992278,2.386384723594026,"[[74.98060607910156, 65.94686126708984], [28.000001907348633, -Infinity], [32.000003814697266, 6.000000476837158], 0.6708900332450867]",0.07256650924682617,
fing_x_face,6,0.001,face_G>ri_V>li_V>face_C,4,LR-P2-N2-rel,GP,boot,300,0.048889492631263055,0.05816948447561941,True,0.0006334268392000724,0.015503875968992248,0.0014366525994432972,0.011583011583011582,1.2702702702702702,1.6365119272096016,"[[75.02111053466797, 65.94686126708984], [28.000001907348633, 10.000000953674316], [25.000001907348633, 8.000000953674316], 0.6466000080108643]",0.07326340675354004,
fing_x_face,6,0.001,face_G>ri_V>li_V>face_C,4,LR-P1-N3,GP,boot,300,0.06163807559333584,0.059353645057803446,True,0.0006485084306095979,0.015503875968992248,0.0015563736493969052,0.011583011583011582,1.274131274131274,2.1993205830415135,"[[74.95536041259766, 65.94686126708984], [28.000001907348633, -Infinity], [32.000003814697266, 9.000000953674316], 0.6661199927330017]",0.06754159927368164,
fing_x_face,6,0.001,face_G>ri_V>li_V>face_C,4,NLS-N2,GP,boot,300,0.05601142496763718,0.05453839388457175,True,0.0006334268392000724,0.015503875968992248,0.0014815479931759002,0.011583011583011582,1.274131274131274,2.199470234353955,"[[74.97261047363281, 65.94686126708984], [28.000001907348633, -Infinity], [32.000003814697266, 9.000000953674316], 0.6661199927330017]",0.06327557563781738,
fing_x_face,6,0.001,face_G>ri_V>li_V>face_C,4,DE-N2,GP,boot,300,0.061534713427483484,0.05928482715496095,True,0.0006485084306095979,0.015503875968992248,0.0015563736493969052,0.011583011583011582,1.274131274131274,2.1993205830415135,"[[74.95536041259766, 65.94686126708984], [28.000001907348633, -Infinity], [32.000003814697266, 9.000000953674316], 0.6661199927330017]",0.06293344497680664,
fing_x_face,6,0.001,face_G>ri_V>li_V>face_C,4,MAXMONO-K3,GP,boot,300,,,False,,,,,,,,,True
fing_x_face,6,0.001,face_G>ri_V>li_V>face_C,4,MONO-cont,GP,boot,300,0.06152681379844575,0.05927798309086393,True,0.0006485084306095979,0.015503875968992248,0.0015563736493969052,0.011583011583011582,1.274131274131274,2.1993205830415135,"[[74.95536041259766, 65.94686126708984], [28.000001907348633, -Infinity], [32.000003814697266, 9.000000953674316], 0.6661199927330017]",0.07615256309509277,
fing_x_face,6,0.001,face_G>ri_V>li_V>face_C,4,S1-Marcialis,rule,boot,300,,,True,0.0005278556993333936,0.015503875968992248,0.00044895393732603036,0.007722007722007722,1.416988416988417,2.6402981054143844,"[[75.94683074951172, 65.9372329711914], [37.000003814697266, 0.0], [35.000003814697266, 4.0], 0.655709981918335]",0.011180877685546875,
fing_x_face,6,0.001,face_G>ri_V>li_V>face_C,4,S2-Symmetric,rule,boot,300,,,True,0.0005278556993333936,0.015503875968992248,0.00044895393732603036,0.007722007722007722,1.416988416988417,2.6402981054143844,"[[75.94683074951172, 65.9372329711914], [37.000003814697266, 0.0], [35.000003814697266, 4.0], 0.655709981918335]",0.06343865394592285,
fing_x_face,6,0.001,face_G>ri_V>li_V>face_C,4,S3-SPRT,rule,boot,300,,,True,0.0005429372907429192,0.007751937984496124,0.0008679776121636587,0.007722007722007722,1.3667953667953667,1.6137798928496603,"[[6.457819740771156, -3.5091428000324654], [6.457819740771156, -3.5091428000324654], [6.457819740771156, -3.5091428000324654], 0.9840893294769265]",0.2376117706298828,
fing_x_face,6,0.001,face_G>ri_V>li_V>face_C,4,S4-Direct,rule,boot,300,,,True,0.0006183452477905468,0.003875968992248062,0.001287001287001287,0.011583011583011582,1.2972972972972974,1.9211786537367932,"[[75.02900695800781, 63.86409378051758], [37.000003814697266, 16.000001907348633], [29.000001907348633, 7.000000476837158], 0.6122300028800964]",0.711857795715332,
fing_x_face,6,0.001,li_V>face_C>face_G>ri_V,4,HYP,GP,boot,300,,,False,,,,,,,,,
fing_x_face,6,0.001,li_V>face_C>face_G>ri_V,4,MONO,GP,boot,300,0.08154880804835399,0.0798496810086943,True,0.0005278556993333936,0.023255813953488372,0.0005537098560354374,0.0,1.247104247104247,2.7252401903564696,"[[28.000001907348633, 4.000000476837158], [0.6691400408744812, 0.5204200744628906], [75.69056701660156, 65.94686126708984], 29.000001907348633]",0.07595062255859375,
fing_x_face,6,0.001,li_V>face_C>face_G>ri_V,4,MONO-rel,GP,boot,300,0.06463809343009035,0.06890932840251561,True,0.0006183452477905468,0.023255813953488372,0.0009128730058962617,0.0,1.247104247104247,2.6017179970668343,"[[28.000001907348633, 4.000000476837158], [0.6691400408744812, 0.523110032081604], [75.45923614501953, 66.47281646728516], 27.0]",0.08028388023376465,
fing_x_face,6,0.001,li_V>face_C>face_G>ri_V,4,LR-P1-N2,GP,boot,300,0.08130394483704707,0.07969334352582028,True,0.0005278556993333936,0.023255813953488372,0.0005537098560354374,0.0,1.247104247104247,2.7252401903564696,"[[28.000001907348633, 4.000000476837158], [0.6691400408744812, 0.5204200744628906], [75.69056701660156, 65.94686126708984], 29.000001907348633]",0.0770561695098877,
fing_x_face,6,0.001,li_V>face_C>face_G>ri_V,4,LR-P1-N2-rel,GP,boot,300,0.06457661809146066,0.06875255403720751,True,0.0006183452477905468,0.023255813953488372,0.0009128730058962617,0.0,1.247104247104247,2.6158750112238485,"[[28.000001907348633, 4.000000476837158], [0.6691400408744812, 0.5222700834274292], [75.45923614501953, 66.45787048339844], 27.0]",0.07853579521179199,
fing_x_face,6,0.001,li_V>face_C>face_G>ri_V,4,LR-P2-N2,GP,boot,300,0.08320681794905728,0.07957957755565058,True,0.0005580188821524447,0.027131782945736434,0.0004938493310586334,0.0,1.2277992277992278,2.7252551554877136,"[[27.000001907348633, 4.000000476837158], [0.6716300845146179, 0.5204200744628906], [75.80064392089844, 65.94686126708984], 29.000001907348633]",0.08315730094909668,
fing_x_face,6,0.001,li_V>face_C>face_G>ri_V,4,LR-P2-N2-rel,GP,boot,300,,,False,,,,,,,,,True
fing_x_face,6,0.001,li_V>face_C>face_G>ri_V,4,LR-P1-N3,GP,boot,300,0.08130394483237875,0.07969334352289044,True,0.0005278556993333936,0.023255813953488372,0.0005537098560354374,0.0,1.247104247104247,2.7252401903564696,"[[28.000001907348633, 4.000000476837158], [0.6691400408744812, 0.5204200744628906], [75.69056701660156, 65.94686126708984], 29.000001907348633]",0.08095932006835938,
fing_x_face,6,0.001,li_V>face_C>face_G>ri_V,4,NLS-N2,GP,boot,300,0.07632159130889789,0.07523911960027524,True,0.0005580188821524447,0.023255813953488372,0.0006435006435006435,0.0,1.247104247104247,2.7251653647002483,"[[28.000001907348633, 4.000000476837158], [0.6688900589942932, 0.5204200744628906], [75.62632751464844, 65.94686126708984], 28.000001907348633]",0.07504844665527344,
fing_x_face,6,0.001,li_V>face_C>face_G>ri_V,4,DE-N2,GP,boot,300,0.08052329049727514,0.0789905130858542,True,0.0005278556993333936,0.023255813953488372,0.0005537098560354374,0.0,1.247104247104247,2.7252401903564696,"[[28.000001907348633, 4.000000476837158], [0.6691400408744812, 0.5204200744628906], [75.69056701660156, 65.94686126708984], 29.000001907348633]",0.07478547096252441,
fing_x_face,6,0.001,li_V>face_C>face_G>ri_V,4,MAXMONO-K3,GP,boot,300,,,False,,,,,,,,,True
fing_x_face,6,0.001,li_V>face_C>face_G>ri_V,4,MONO-cont,GP,boot,300,0.08051365415097243,0.07898154259488337,True,0.0005278556993333936,0.023255813953488372,0.0005537098560354374,0.0,1.247104247104247,2.7252401903564696,"[[28.000001907348633, 4.000000476837158], [0.6691400408744812, 0.5204200744628906], [75.69056701660156, 65.94686126708984], 29.000001907348633]",0.08435249328613281,
fing_x_face,6,0.001,li_V>face_C>face_G>ri_V,4,S1-Marcialis,rule,boot,300,,,True,0.0003167134196000362,0.01937984496124031,0.0007183262997216486,0.0,1.3706563706563706,2.9440453742779322,"[[35.000003814697266, 4.0], [0.6950200796127319, 0.5201699733734131], [75.94683074951172, 65.9372329711914], 25.0]",0.009348392486572266,
fing_x_face,6,0.001,li_V>face_C>face_G>ri_V,4,S2-Symmetric,rule,boot,300,,,True,0.0003167134196000362,0.01937984496124031,0.0007183262997216486,0.0,1.3706563706563706,2.9440453742779322,"[[35.000003814697266, 4.0], [0.6950200796127319, 0.5201699733734131], [75.94683074951172, 65.9372329711914], 25.0]",0.07336568832397461,
fing_x_face,6,0.001,li_V>face_C>face_G>ri_V,4,S3-SPRT,rule,boot,300,,,True,0.0005278556993333936,0.007751937984496124,0.0007332914309658496,0.003861003861003861,1.2857142857142858,2.0870222381850287,"[[5.450610868762374, -3.586743437579266], [5.450610868762374, -3.586743437579266], [5.450610868762374, -3.586743437579266], 1.1865607565324088]",0.20427799224853516,
fing_x_face,6,0.001,li_V>face_C>face_G>ri_V,4,S4-Direct,rule,boot,300,,,False,,,,,,,,,
fing_x_face,6,0.001,li_V>face_C>ri_V>face_G,4,HYP,GP,boot,300,,,False,,,,,,,,,
fing_x_face,6,0.001,li_V>face_C>ri_V>face_G,4,MONO,GP,boot,300,0.08102664634494197,0.07955917716368646,True,0.00048261092510481704,0.023255813953488372,0.0005387447247912364,0.003861003861003861,1.247104247104247,2.5852264224357246,"[[28.000001907348633, 4.000000476837158], [0.6708900332450867, 0.5204200744628906], [35.000003814697266, 7.000000476837158], 75.21028137207031]",0.0748434066772461,
fing_x_face,6,0.001,li_V>face_C>ri_V>face_G,4,MONO-rel,GP,boot,300,0.06369547971999943,0.0675873597179772,True,0.0006183452477905468,0.01937984496124031,0.0008530124809194577,0.003861003861003861,1.2432432432432432,2.4405584986980338,"[[28.000001907348633, 4.000000476837158], [0.6688900589942932, 0.5204200744628906], [30.000001907348633, 11.000000953674316], 74.57986450195312]",0.06317567825317383,
fing_x_face,6,0.001,li_V>face_C>ri_V>face_G,4,LR-P1-N2,GP,boot,300,0.0807380891662622,0.07918647165194248,True,0.0004976925165143426,0.023255813953488372,0.0005986052497680404,0.003861003861003861,1.247104247104247,2.585091736254527,"[[28.000001907348633, 4.000000476837158], [0.6708900332450867, 0.5204200744628906], [30.000001907348633, 7.000000476837158], 75.26847839355469]",0.07309365272521973,
fing_x_face,6,0.001,li_V>face_C>ri_V>face_G,4,LR-P1-N2-rel,GP,boot,300,0.06365610043316898,0.0675480270351492,True,0.0006032636563810213,0.01937984496124031,0.0008530124809194577,0.003861003861003861,1.2432432432432432,2.4405584986980338,"[[28.000001907348633, 4.000000476837158], [0.6688900589942932, 0.5204200744628906], [30.000001907348633, 11.000000953674316], 74.58061981201172]",0.06548547744750977,
fing_x_face,6,0.001,li_V>face_C>ri_V>face_G,4,LR-P2-N2,GP,boot,300,0.08157311618229489,0.07863133907914115,True,0.0005580188821524447,0.023255813953488372,0.0005537098560354374,0.003861003861003861,1.2316602316602316,2.7551854179761155,"[[27.000001907348633, 4.000000476837158], [0.6726500391960144, 0.5204200744628906], [30.000001907348633, 5.000000476837158], 75.69056701660156]",0.0834813117980957,
fing_x_face,6,0.001,li_V>face_C>ri_V>face_G,4,LR-P2-N2-rel,GP,boot,300,0.08147797782943444,0.09927301113756684,True,0.000678671613428649,0.01937984496124031,0.0008230822184310556,0.003861003861003861,1.2393822393822393,2.1824997755230315,"[[28.000001907348633, 4.000000476837158], [0.6688900589942932, 0.541930079460144], [28.000001907348633, 12.000000953674316], 74.39492797851562]",0.08443212509155273,
fing_x_face,6,0.001,li_V>face_C>ri_V>face_G,4,LR-P1-N3,GP,boot,300,0.0807380891616177,0.0791864716489258,True,0.0004976925165143426,0.023255813953488372,0.0005986052497680404,0.003861003861003861,1.247104247104247,2.585091736254527,"[[28.000001907348633, 4.000000476837158], [0.6708900332450867, 0.5204200744628906], [30.000001907348633, 7.000000476837158], 75.26847839355469]",0.08488678932189941,
fing_x_face,6,0.001,li_V>face_C>ri_V>face_G,4,NLS-N2,GP,boot,300,0.07580600716504916,0.07479645302608134,True,0.0005580188821524447,0.01937984496124031,0.0007632216934542516,0.003861003861003861,1.247104247104247,2.5278201789829695,"[[28.000001907348633, 4.000000476837158], [0.6691400408744812, 0.5204200744628906], [30.000001907348633, 8.000000953674316], 75.02900695800781]",0.07448768615722656,
fing_x_face,6,0.001,li_V>face_C>ri_V>face_G,4,DE-N2,GP,boot,300,0.07994742672611642,0.0784743179542999,True,0.0004976925165143426,0.023255813953488372,0.0005986052497680404,0.003861003861003861,1.247104247104247,2.585091736254527,"[[28.000001907348633, 4.000000476837158], [0.6708900332450867, 0.5204200744628906], [30.000001907348633, 7.000000476837158], 75.26847839355469]",0.07232546806335449,
fing_x_face,6,0.001,li_V>face_C>ri_V>face_G,4,MAXMONO-K3,GP,boot,300,0.1447305822568376,0.14680597089174818,True,0.0006937532048381745,0.07364341085271318,0.0005986052497680404,0.06177606177606178,1.1737451737451738,1.3014276735206969,"[[28.000001907348633, 9.000000953674316], [0.6433700323104858, 0.5204200744628906], [25.000001907348633, 14.000000953674316], 74.41869354248047]",0.1088871955871582,
fing_x_face,6,0.001,li_V>face_C>ri_V>face_G,4,MONO-cont,GP,boot,300,0.07993781469491541,0.07846531271248094,True,0.0004976925165143426,0.023255813953488372,0.0005986052497680404,0.003861003861003861,1.247104247104247,2.585091736254527,"[[28.000001907348633, 4.000000476837158], [0.6708900332450867, 0.5204200744628906], [30.000001907348633, 7.000000476837158], 75.26847839355469]",0.07330203056335449,
fing_x_face,6,0.001,li_V>face_C>ri_V>face_G,4,S1-Marcialis,rule,boot,300,,,True,0.0006032636563810213,0.011627906976744186,0.0015114782556643021,0.007722007722007722,1.3474903474903475,3.175346442788303,"[[35.000003814697266, 4.0], [0.6950200796127319, 0.5201699733734131], [37.000003814697266, 0.0], 74.88909912109375]",0.014328956604003906,
fing_x_face,6,0.001,li_V>face_C>ri_V>face_G,4,S2-Symmetric,rule,boot,300,,,True,0.0006032636563810213,0.011627906976744186,0.0015114782556643021,0.007722007722007722,1.3474903474903475,3.175346442788303,"[[35.000003814697266, 4.0], [0.6950200796127319, 0.5201699733734131], [37.000003814697266, 0.0], 74.88909912109375]",0.0508120059967041,
fing_x_face,6,0.001,li_V>face_C>ri_V>face_G,4,S3-SPRT,rule,boot,300,,,True,0.0005278556993333936,0.003875968992248062,0.0006285355122564425,0.003861003861003861,1.277992277992278,2.07519978450211,"[[5.450610868762374, -3.586743437579266], [5.450610868762374, -3.586743437579266], [5.450610868762374, -3.586743437579266], 1.186560756532409]",0.20203828811645508,
fing_x_face,6,0.001,li_V>face_C>ri_V>face_G,4,S4-Direct,rule,boot,300,,,True,0.0006485084306095979,0.011627906976744186,0.0015414085181527043,0.0,1.335907335907336,3.063661668312831,"[[35.000003814697266, 4.000000476837158], [0.6950200796127319, 0.4832500219345093], [27.000001907348633, 6.000000476837158], 74.72283935546875]",1.1097326278686523,
fing_x_face,6,0.001,li_V>face_G>face_C>ri_V,4,HYP,GP,boot,300,,,False,,,,,,,,,
fing_x_face,6,0.001,li_V>face_G>face_C>ri_V,4,MONO,GP,boot,300,0.08365374300809708,0.08085035417836975,True,0.0006334268392000724,0.023255813953488372,0.0006435006435006435,0.0,1.2355212355212355,2.660381311544102,"[[27.000001907348633, 4.000000476837158], [75.50403594970703, 65.94686126708984], [0.6726500391960144, 0.5204200744628906], 29.000001907348633]",0.07120418548583984,
fing_x_face,6,0.001,li_V>face_G>face_C>ri_V,4,MONO-rel,GP,boot,300,0.06800723621155938,0.07385803005806928,True,0.0005731004735619702,0.023255813953488372,0.0007482565622100506,0.0,1.2586872586872586,2.4951812277393675,"[[28.000001907348633, 4.000000476837158], [75.50403594970703, 65.94686126708984], [0.6715400815010071, 0.5492000579833984], 26.000001907348633]",0.0757451057434082,
fing_x_face,6,0.001,li_V>face_G>face_C>ri_V,4,LR-P1-N2,GP,boot,300,0.08371188786998171,0.08097050924453192,True,0.0006183452477905468,0.023255813953488372,0.0006435006435006435,0.0,1.2355212355212355,2.660381311544102,"[[27.000001907348633, 4.000000476837158], [75.52446746826172, 65.94686126708984], [0.6726500391960144, 0.5204200744628906], 29.000001907348633]",0.06465435028076172,
fing_x_face,6,0.001,li_V>face_G>face_C>ri_V,4,LR-P1-N2-rel,GP,boot,300,0.06795131825654664,0.07371916303574061,True,0.0005731004735619702,0.023255813953488372,0.0007482565622100506,0.0,1.2586872586872586,2.4972164855885786,"[[28.000001907348633, 4.000000476837158], [75.50403594970703, 65.94686126708984], [0.6715400815010071, 0.5488100647926331], 26.000001907348633]",0.06215977668762207,
fing_x_face,6,0.001,li_V>face_G>face_C>ri_V,4,LR-P2-N2,GP,boot,300,0.08592777015228414,0.08171777343898207,True,0.0005731004735619702,0.023255813953488372,0.0005836401185238395,0.0,1.2393822393822393,2.660501032594056,"[[27.000001907348633, 4.000000476837158], [75.62632751464844, 65.94686126708984], [0.6834100484848022, 0.5204200744628906], 29.000001907348633]",0.06700468063354492,
fing_x_face,6,0.001,li_V>face_G>face_C>ri_V,4,LR-P2-N2-rel,GP,boot,300,,,False,,,,,,,,,True
fing_x_face,6,0.001,li_V>face_G>face_C>ri_V,4,LR-P1-N3,GP,boot,300,0.08371188786894154,0.08097050924407678,True,0.0006183452477905468,0.023255813953488372,0.0006435006435006435,0.0,1.2355212355212355,2.660381311544102,"[[27.000001907348633, 4.000000476837158], [75.52446746826172, 65.94686126708984], [0.6726500391960144, 0.5204200744628906], 29.000001907348633]",0.06835412979125977,
fing_x_face,6,0.001,li_V>face_G>face_C>ri_V,4,NLS-N2,GP,boot,300,0.07866267716165584,0.07655036686046734,True,0.0006485084306095979,0.023255813953488372,0.0006734309059890455,0.0,1.2355212355212355,2.660381311544102,"[[27.000001907348633, 4.000000476837158], [75.50403594970703, 65.94686126708984], [0.6726200580596924, 0.5204200744628906], 28.000001907348633]",0.06622004508972168,
fing_x_face,6,0.001,li_V>face_G>face_C>ri_V,4,DE-N2,GP,boot,300,0.08297419959642872,0.08030477424399651,True,0.0006183452477905468,0.023255813953488372,0.0006435006435006435,0.0,1.2355212355212355,2.660381311544102,"[[27.000001907348633, 4.000000476837158], [75.52446746826172, 65.94686126708984], [0.6726500391960144, 0.5204200744628906], 29.000001907348633]",0.06973481178283691,
fing_x_face,6,0.001,li_V>face_G>face_C>ri_V,4,MAXMONO-K3,GP,boot,300,0.14695864733294528,0.1486950806549287,True,0.0006334268392000724,0.06976744186046512,0.0010176289246056687,0.04247104247104247,1.1853281853281854,1.5381610846727125,"[[28.000001907348633, 7.000000476837158], [74.9967269897461, 66.41291046142578], [0.659320056438446, 0.5931300520896912], 21.0]",0.17648792266845703,
fing_x_face,6,0.001,li_V>face_G>face_C>ri_V,4,MONO-cont,GP,boot,300,0.08296304549289285,0.08029493461574007,True,0.0006183452477905468,0.023255813953488372,0.0006435006435006435,0.0,1.2355212355212355,2.660381311544102,"[[27.000001907348633, 4.000000476837158], [75.52446746826172, 65.94686126708984], [0.6726500391960144, 0.5204200744628906], 29.000001907348633]",0.06733489036560059,
fing_x_face,6,0.001,li_V>face_G>face_C>ri_V,4,S1-Marcialis,rule,boot,300,,,True,0.0003167134196000362,0.01937984496124031,0.0007183262997216486,0.0,1.3745173745173744,2.8726467331118495,"[[35.000003814697266, 4.0], [75.94683074951172, 65.9372329711914], [0.6950200796127319, 0.5201699733734131], 25.0]",0.010170221328735352,
fing_x_face,6,0.001,li_V>face_G>face_C>ri_V,4,S2-Symmetric,rule,boot,300,,,True,0.0003167134196000362,0.01937984496124031,0.0007183262997216486,0.0,1.3745173745173744,2.8726467331118495,"[[35.000003814697266, 4.0], [75.94683074951172, 65.9372329711914], [0.6950200796127319, 0.5201699733734131], 25.0]",0.07022404670715332,
fing_x_face,6,0.001,li_V>face_G>face_C>ri_V,4,S3-SPRT,rule,boot,300,,,True,0.0005429372907429192,0.007751937984496124,0.0007482565622100506,0.003861003861003861,1.2934362934362935,2.1088114692765854,"[[5.450610868762374, -3.586743437579266], [5.450610868762374, -3.586743437579266], [5.450610868762374, -3.586743437579266], 1.1865607565324088]",0.23195242881774902,
fing_x_face,6,0.001,li_V>face_G>face_C>ri_V,4,S4-Direct,rule,boot,300,,,False,,,,,,,,,
fing_x_face,6,0.001,li_V>face_G>ri_V>face_C,4,HYP,GP,boot,300,,,False,,,,,,,,,
fing_x_face,6,0.001,li_V>face_G>ri_V>face_C,4,MONO,GP,boot,300,0.08370885870796158,0.0808353107524477,True,0.000678671613428649,0.01937984496124031,0.0005836401185238395,0.003861003861003861,1.2393822393822393,2.447412528807878,"[[27.000001907348633, 4.000000476837158], [75.50403594970703, 65.94686126708984], [35.000003814697266, 8.000000953674316], 0.6600600481033325]",0.07729721069335938,
fing_x_face,6,0.001,li_V>face_G>ri_V>face_C,4,MONO-rel,GP,boot,300,0.06831707360380568,0.07293575044752716,True,0.0006334268392000724,0.015503875968992248,0.0008679776121636587,0.007722007722007722,1.2586872586872586,2.37047678908144,"[[28.000001907348633, 4.000000476837158], [75.44835662841797, 65.94686126708984], [30.000001907348633, 11.000000953674316], 0.6394700407981873]",0.06072640419006348,
fing_x_face,6,0.001,li_V>face_G>ri_V>face_C,4,LR-P1-N2,GP,boot,300,0.08380532565549337,0.08088872891815793,True,0.0006937532048381745,0.01937984496124031,0.0005836401185238395,0.003861003861003861,1.2393822393822393,2.447412528807878,"[[27.000001907348633, 4.000000476837158], [75.50403594970703, 65.94686126708984], [35.000003814697266, 8.000000953674316], 0.6594899892807007]",0.07140302658081055,
fing_x_face,6,0.001,li_V>face_G>ri_V>face_C,4,LR-P1-N2-rel,GP,boot,300,0.06826410427833475,0.07136021319197901,True,0.0006635900220191234,0.015503875968992248,0.0007931519559426536,0.007722007722007722,1.2355212355212355,2.3704169285564634,"[[27.000001907348633, 4.000000476837158], [75.44835662841797, 65.94686126708984], [30.000001907348633, 11.000000953674316], 0.6466000080108643]",0.06241774559020996,
fing_x_face,6,0.001,li_V>face_G>ri_V>face_C,4,LR-P2-N2,GP,boot,300,0.08503298724571348,0.08081694248540919,True,0.0006635900220191234,0.01937984496124031,0.0005537098560354374,0.003861003861003861,1.2316602316602316,2.497530753344707,"[[26.000001907348633, 4.000000476837158], [75.69056701660156, 65.94686126708984], [35.000003814697266, 7.000000476837158], 0.6834099888801575]",0.07102632522583008,
fing_x_face,6,0.001,li_V>face_G>ri_V>face_C,4,LR-P2-N2-rel,GP,boot,300,0.09069434250330649,0.11204595517188465,True,0.000678671613428649,0.015503875968992248,0.0008829427434078596,0.007722007722007722,1.2548262548262548,2.3497051869144894,"[[28.000001907348633, 4.000000476837158], [75.39030456542969, 65.94686126708984], [30.000001907348633, 13.000000953674316], 0.6305199861526489]",0.06065487861633301,
fing_x_face,6,0.001,li_V>face_G>ri_V>face_C,4,LR-P1-N3,GP,boot,300,0.08380532565544588,0.08088872891815024,True,0.0006937532048381745,0.01937984496124031,0.0005836401185238395,0.003861003861003861,1.2393822393822393,2.447412528807878,"[[27.000001907348633, 4.000000476837158], [75.50403594970703, 65.94686126708984], [35.000003814697266, 8.000000953674316], 0.6594899892807007]",0.07038307189941406,
fing_x_face,6,0.001,li_V>face_G>ri_V>face_C,4,NLS-N2,GP,boot,300,0.078778256149855,0.07664279138447688,True,0.0006635900220191234,0.015503875968992248,0.0006883960372332465,0.003861003861003861,1.2393822393822393,2.4116159348717487,"[[27.000001907348633, 4.000000476837158], [75.45923614501953, 65.94686126708984], [35.000003814697266, 9.000000953674316], 0.654930055141449]",0.07037568092346191,
fing_x_face,6,0.001,li_V>face_G>ri_V>face_C,4,DE-N2,GP,boot,300,0.08306984322172202,0.08022493669378404,True,0.0006937532048381745,0.01937984496124031,0.0005836401185238395,0.003861003861003861,1.2393822393822393,2.447412528807878,"[[27.000001907348633, 4.000000476837158], [75.50403594970703, 65.94686126708984], [35.000003814697266, 8.000000953674316], 0.6594899892807007]",0.06907320022583008,
fing_x_face,6,0.001,li_V>face_G>ri_V>face_C,4,MAXMONO-K3,GP,boot,300,0.14321540529952825,0.14678361392756153,True,0.0006635900220191234,0.05813953488372093,0.0009128730058962617,0.04247104247104247,1.1853281853281854,1.5878602855347042,"[[28.000001907348633, 7.000000476837158], [75.12274932861328, 65.94686126708984], [26.000001907348633, 15.000000953674316], 0.6193500757217407]",0.10300731658935547,
fing_x_face,6,0.001,li_V>face_G>ri_V>face_C,4,MONO-cont,GP,boot,300,0.08305828960333819,0.08021491509103809,True,0.0006937532048381745,0.01937984496124031,0.0005836401185238395,0.003861003861003861,1.2393822393822393,2.447412528807878,"[[27.000001907348633, 4.000000476837158], [75.50403594970703, 65.94686126708984], [35.000003814697266, 8.000000953674316], 0.6594899892807007]",0.07169318199157715,
fing_x_face,6,0.001,li_V>face_G>ri_V>face_C,4,S1-Marcialis,rule,boot,300,,,True,0.0005278556993333936,0.015503875968992248,0.00044895393732603036,0.003861003861003861,1.3552123552123552,3.032549160456137,"[[35.000003814697266, 4.0], [75.94683074951172, 65.9372329711914], [37.000003814697266, 0.0], 0.655709981918335]",0.010636568069458008,
fing_x_face,6,0.001,li_V>face_G>ri_V>face_C,4,S2-Symmetric,rule,boot,300,,,True,0.0005278556993333936,0.015503875968992248,0.00044895393732603036,0.003861003861003861,1.3552123552123552,3.032549160456137,"[[35.000003814697266, 4.0], [75.94683074951172, 65.9372329711914], [37.000003814697266, 0.0], 0.655709981918335]",0.059404850006103516,
fing_x_face,6,0.001,li_V>face_G>ri_V>face_C,4,S3-SPRT,rule,boot,300,,,True,0.0005278556993333936,0.007751937984496124,0.0007332914309658496,0.003861003861003861,1.2895752895752897,2.0978719583370746,"[[5.450610868762374, -3.586743437579266], [5.450610868762374, -3.586743437579266], [5.450610868762374, -3.586743437579266], 1.1697479761375416]",0.2097766399383545,
fing_x_face,6,0.001,li_V>face_G>ri_V>face_C,4,S4-Direct,rule,boot,300,,,True,0.0005127741079238681,0.007751937984496124,0.0008829427434078596,0.007722007722007722,1.2895752895752897,2.2604531441740745,"[[32.000003814697266, 4.000000476837158], [75.21028137207031, 66.22789764404297], [37.000003814697266, 16.000001907348633], 0.6099600195884705]",1.1106376647949219,
fing_x_face,6,0.001,li_V>ri_V>face_C>face_G,4,HYP,GP,boot,300,,,False,,,,,,,,,
fing_x_face,6,0.001,li_V>ri_V>face_C>face_G,4,MONO,GP,boot,300,0.08039995467088136,0.07861859329403624,True,0.000678671613428649,0.01937984496124031,0.0009727335308730657,0.003861003861003861,1.305019305019305,2.9070515698422676,"[[27.000001907348633, 4.000000476837158], [30.000001907348633, -Infinity], [0.6778700351715088, 0.5544700622558594], 75.26847076416016]",0.078399658203125,
fing_x_face,6,0.001,li_V>ri_V>face_C>face_G,4,MONO-rel,GP,boot,300,0.06543356613061771,0.07309441489209166,True,0.0006485084306095979,0.01937984496124031,0.0010774894495824729,0.003861003861003861,1.308880308880309,2.6109065876507738,"[[28.000001907348633, 4.000000476837158], [29.000001907348633, 4.000000476837158], [0.6729300618171692, 0.5849900841712952], 75.00385284423828]",0.08193826675415039,
fing_x_face,6,0.001,li_V>ri_V>face_C>face_G,4,LR-P1-N2,GP,boot,300,0.08029505439817108,0.07841848754454649,True,0.0006937532048381745,0.01937984496124031,0.0009577683996288647,0.0,1.2934362934362935,2.908114094160606,"[[27.000001907348633, 4.000000476837158], [29.000001907348633, -Infinity], [0.6778700351715088, 0.5543500781059265], 75.314697265625]",0.07019782066345215,
fing_x_face,6,0.001,li_V>ri_V>face_C>face_G,4,LR-P1-N2-rel,GP,boot,300,0.06541147368233159,0.07297011432054003,True,0.0006485084306095979,0.01937984496124031,0.0010774894495824729,0.003861003861003861,1.308880308880309,2.6111460297506808,"[[28.000001907348633, 4.000000476837158], [29.000001907348633, 4.000000476837158], [0.6729300618171692, 0.5848900675773621], 75.00385284423828]",0.0635533332824707,
fing_x_face,6,0.001,li_V>ri_V>face_C>face_G,4,LR-P2-N2,GP,boot,300,0.07751526517269125,0.07560972483892725,True,0.0006183452477905468,0.01937984496124031,0.0007931519559426536,0.0,1.2934362934362935,3.147631019724043,"[[27.000001907348633, 4.000000476837158], [29.000001907348633, -Infinity], [0.6834100484848022, 0.5298300385475159], 75.52446746826172]",0.059815406799316406,
fing_x_face,6,0.001,li_V>ri_V>face_C>face_G,4,LR-P2-N2-rel,GP,boot,300,0.08153233234313621,0.10514106080879736,True,0.0006635900220191234,0.031007751937984496,0.0007482565622100506,0.019305019305019305,1.274131274131274,2.0816198258058725,"[[27.000001907348633, 4.000000476837158], [29.000001907348633, 8.000000953674316], [0.6640100479125977, 0.5806400775909424], 74.97260284423828]",0.05820298194885254,
fing_x_face,6,0.001,li_V>ri_V>face_C>face_G,4,LR-P1-N3,GP,boot,300,0.0802950543976469,0.07841848754449349,True,0.0006937532048381745,0.01937984496124031,0.0009577683996288647,0.0,1.2934362934362935,2.908114094160606,"[[27.000001907348633, 4.000000476837158], [29.000001907348633, -Infinity], [0.6778700351715088, 0.5543500781059265], 75.314697265625]",0.060568809509277344,
fing_x_face,6,0.001,li_V>ri_V>face_C>face_G,4,NLS-N2,GP,boot,300,0.07560358155381455,0.07483242957303306,True,0.0006937532048381745,0.015503875968992248,0.00133189668073389,0.0,1.3127413127413128,2.848507976414953,"[[28.000001907348633, 4.000000476837158], [29.000001907348633, -Infinity], [0.6778700351715088, 0.5629000663757324], 75.03804016113281]",0.05815887451171875,
fing_x_face,6,0.001,li_V>ri_V>face_C>face_G,4,DE-N2,GP,boot,300,0.07952209438194771,0.07771711263574284,True,0.0006937532048381745,0.01937984496124031,0.0009577683996288647,0.0,1.2934362934362935,2.9068420580048486,"[[27.000001907348633, 4.000000476837158], [29.000001907348633, -Infinity], [0.6778700351715088, 0.5545100569725037], 75.314697265625]",0.05911898612976074,
fing_x_face,6,0.001,li_V>ri_V>face_C>face_G,4,MAXMONO-K3,GP,boot,300,,,False,,,,,,,,,True
fing_x_face,6,0.001,li_V>ri_V>face_C>face_G,4,MONO-cont,GP,boot,300,0.07951103701495353,0.07770707933190144,True,0.0006937532048381745,0.01937984496124031,0.0009577683996288647,0.0,1.2934362934362935,2.9068420580048486,"[[27.000001907348633, 4.000000476837158], [29.000001907348633, -Infinity], [0.6778700351715088, 0.5545100569725037], 75.314697265625]",0.0775449275970459,
fing_x_face,6,0.001,li_V>ri_V>face_C>face_G,4,S1-Marcialis,rule,boot,300,,,True,0.0006032636563810213,0.011627906976744186,0.0015114782556643021,0.007722007722007722,1.3976833976833978,3.534180359761755,"[[35.000003814697266, 4.0], [37.000003814697266, 0.0], [0.6950200796127319, 0.5201699733734131], 74.88909912109375]",0.009263753890991211,
fing_x_face,6,0.001,li_V>ri_V>face_C>face_G,4,S2-Symmetric,rule,boot,300,,,True,0.0006032636563810213,0.011627906976744186,0.0015114782556643021,0.007722007722007722,1.3976833976833978,3.534180359761755,"[[35.000003814697266, 4.0], [37.000003814697266, 0.0], [0.6950200796127319, 0.5201699733734131], 74.88909912109375]",0.04108572006225586,
fing_x_face,6,0.001,li_V>ri_V>face_C>face_G,4,S3-SPRT,rule,boot,300,,,True,0.0006032636563810213,0.01937984496124031,0.0006135703810122415,0.03088803088803089,1.305019305019305,2.0599802460267576,"[[5.450610868762374, -3.586743437579266], [5.450610868762374, -3.586743437579266], [5.450610868762374, -3.586743437579266], 0.5680387306957697]",0.2182462215423584,
fing_x_face,6,0.001,li_V>ri_V>face_C>face_G,4,S4-Direct,rule,boot,300,,,True,0.0005881820649714958,0.015503875968992248,0.0014366525994432972,0.007722007722007722,1.386100386100386,3.0819490586932448,"[[35.000003814697266, 4.000000476837158], [37.000003814697266, 3.000000238418579], [0.666610062122345, 0.5307600498199463], 74.92098999023438]",1.1107542514801025,
fing_x_face,6,0.001,li_V>ri_V>face_G>face_C,4,HYP,GP,boot,300,,,False,,,,,,,,,
fing_x_face,6,0.001,li_V>ri_V>face_G>face_C,4,MONO,GP,boot,300,0.08067763558708918,0.07872921213567197,True,0.0006635900220191234,0.01937984496124031,0.0006734309059890455,0.003861003861003861,1.2895752895752897,2.869489090419323,"[[27.000001907348633, 4.000000476837158], [29.000001907348633, -Infinity], [75.80064392089844, 70.96180725097656], 0.6679900288581848]",0.059442996978759766,
fing_x_face,6,0.001,li_V>ri_V>face_G>face_C,4,MONO-rel,GP,boot,300,0.06611105496571844,0.07538646149727186,True,0.0006635900220191234,0.01937984496124031,0.0006734309059890455,0.007722007722007722,1.308880308880309,2.723130106851037,"[[28.000001907348633, 4.000000476837158], [29.000001907348633, 3.000000238418579], [75.7737808227539, 72.64598083496094], 0.6629800200462341]",0.05966353416442871,
fing_x_face,6,0.001,li_V>ri_V>face_G>face_C,4,LR-P1-N2,GP,boot,300,0.08061302106607378,0.07870282076249509,True,0.0006635900220191234,0.01937984496124031,0.0006734309059890455,0.003861003861003861,1.2895752895752897,2.8628745024093862,"[[27.000001907348633, 4.000000476837158], [29.000001907348633, -Infinity], [75.80064392089844, 71.11637115478516], 0.6679900288581848]",0.05997824668884277,
fing_x_face,6,0.001,li_V>ri_V>face_G>face_C,4,LR-P1-N2-rel,GP,boot,300,0.06606815992529633,0.07447246765626353,True,0.0006635900220191234,0.01937984496124031,0.0006435006435006435,0.003861003861003861,1.2895752895752897,2.762578192810751,"[[27.000001907348633, 4.000000476837158], [29.000001907348633, -Infinity], [75.7737808227539, 72.64970397949219], 0.6691399812698364]",0.05109739303588867,
fing_x_face,6,0.001,li_V>ri_V>face_G>face_C,4,LR-P2-N2,GP,boot,300,0.07791088667015035,0.07565875271096831,True,0.0006485084306095979,0.023255813953488372,0.0007183262997216486,0.003861003861003861,1.2857142857142858,3.025680165215049,"[[27.000001907348633, 4.000000476837158], [28.000001907348633, -Infinity], [75.80064392089844, 66.56005859375], 0.6716300249099731]",0.0649404525756836,
fing_x_face,6,0.001,li_V>ri_V>face_G>face_C,4,LR-P2-N2-rel,GP,boot,300,0.0837274557846991,0.10819206137584991,True,0.000678671613428649,0.031007751937984496,0.0005836401185238395,0.023166023166023165,1.2702702702702702,2.084807398760887,"[[27.000001907348633, 4.000000476837158], [29.000001907348633, 8.000000953674316], [75.31470489501953, 72.31108093261719], 0.6537500023841858]",0.05958867073059082,
fing_x_face,6,0.001,li_V>ri_V>face_G>face_C,4,LR-P1-N3,GP,boot,300,0.08061302106600819,0.0787028207625587,True,0.0006635900220191234,0.01937984496124031,0.0006734309059890455,0.003861003861003861,1.2895752895752897,2.8628745024093862,"[[27.000001907348633, 4.000000476837158], [29.000001907348633, -Infinity], [75.80064392089844, 71.11637115478516], 0.6679900288581848]",0.07075643539428711,
fing_x_face,6,0.001,li_V>ri_V>face_G>face_C,4,NLS-N2,GP,boot,300,0.0759376108217386,0.07507771874943162,True,0.0006635900220191234,0.01937984496124031,0.0006883960372332465,0.003861003861003861,1.3127413127413128,2.8394540720122117,"[[28.000001907348633, 4.000000476837158], [29.000001907348633, -Infinity], [75.7737808227539, 71.52677917480469], 0.6632699966430664]",0.0579676628112793,
fing_x_face,6,0.001,li_V>ri_V>face_G>face_C,4,DE-N2,GP,boot,300,0.0798466991645659,0.07800808529823071,True,0.0006635900220191234,0.01937984496124031,0.0006734309059890455,0.003861003861003861,1.2895752895752897,2.861318128759989,"[[27.000001907348633, 4.000000476837158], [29.000001907348633, -Infinity], [75.80064392089844, 71.1529312133789], 0.6679900288581848]",0.08556818962097168,
fing_x_face,6,0.001,li_V>ri_V>face_G>face_C,4,MAXMONO-K3,GP,boot,300,,,False,,,,,,,,,True
fing_x_face,6,0.001,li_V>ri_V>face_G>face_C,4,MONO-cont,GP,boot,300,0.07983546547594944,0.07799812613271606,True,0.0006635900220191234,0.01937984496124031,0.0006734309059890455,0.003861003861003861,1.2895752895752897,2.861318128759989,"[[27.000001907348633, 4.000000476837158], [29.000001907348633, -Infinity], [75.80064392089844, 71.1529312133789], 0.6679900288581848]",0.062218666076660156,
fing_x_face,6,0.001,li_V>ri_V>face_G>face_C,4,S1-Marcialis,rule,boot,300,,,True,0.0005278556993333936,0.015503875968992248,0.00044895393732603036,0.003861003861003861,1.4015444015444016,3.462781718595672,"[[35.000003814697266, 4.0], [37.000003814697266, 0.0], [75.94683074951172, 65.9372329711914], 0.655709981918335]",0.009570121765136719,
fing_x_face,6,0.001,li_V>ri_V>face_G>face_C,4,S2-Symmetric,rule,boot,300,,,True,0.0005278556993333936,0.015503875968992248,0.00044895393732603036,0.003861003861003861,1.4015444015444016,3.462781718595672,"[[35.000003814697266, 4.0], [37.000003814697266, 0.0], [75.94683074951172, 65.9372329711914], 0.655709981918335]",0.05446004867553711,
fing_x_face,6,0.001,li_V>ri_V>face_G>face_C,4,S3-SPRT,rule,boot,300,,,True,0.0006032636563810213,0.01937984496124031,0.0006285355122564425,0.03088803088803089,1.3011583011583012,2.0616563407261084,"[[5.450610868762374, -3.586743437579266], [5.450610868762374, -3.586743437579266], [5.450610868762374, -3.586743437579266], 0.5680387306957697]",0.24107813835144043,
fing_x_face,6,0.001,li_V>ri_V>face_G>face_C,4,S4-Direct,rule,boot,300,,,True,0.0005580188821524447,0.01937984496124031,0.0008679776121636587,0.007722007722007722,1.3513513513513513,3.0558049744096256,"[[32.000003814697266, 4.000000476837158], [37.000003814697266, 3.000000238418579], [75.21028137207031, 66.22789764404297], 0.6600599884986877]",1.1211705207824707,
fing_x_face,6,0.001,ri_V>face_C>face_G>li_V,4,HYP,GP,boot,300,,,False,,,,,,,,,
fing_x_face,6,0.001,ri_V>face_C>face_G>li_V,4,MONO,GP,boot,300,0.044291601417391975,0.04246449832870695,True,0.0005881820649714958,0.015503875968992248,0.0010026637933614679,0.0,1.1235521235521235,3.005671784741552,"[[26.000001907348633, -Infinity], [0.6691400408744812, 0.5204200744628906], [75.52446746826172, 65.94686126708984], 30.000001907348633]",0.08724737167358398,
fing_x_face,6,0.001,ri_V>face_C>face_G>li_V,4,MONO-rel,GP,boot,300,,,False,,,,,,,,,True
fing_x_face,6,0.001,ri_V>face_C>face_G>li_V,4,LR-P1-N2,GP,boot,300,0.04374828081166538,0.0420062748580584,True,0.0005881820649714958,0.015503875968992248,0.0010026637933614679,0.0,1.1235521235521235,3.005671784741552,"[[26.000001907348633, -Infinity], [0.6691400408744812, 0.5204200744628906], [75.52446746826172, 65.94686126708984], 30.000001907348633]",0.06181931495666504,
fing_x_face,6,0.001,ri_V>face_C>face_G>li_V,4,LR-P1-N2-rel,GP,boot,300,,,False,,,,,,,,,True
fing_x_face,6,0.001,ri_V>face_C>face_G>li_V,4,LR-P2-N2,GP,boot,300,0.04574346636084403,0.04321586061207347,True,0.0005127741079238681,0.01937984496124031,0.0008530124809194577,0.0,1.1235521235521235,3.0058364011852383,"[[26.000001907348633, -Infinity], [0.6716300845146179, 0.5204200744628906], [75.7102279663086, 65.94686126708984], 30.000001907348633]",0.06925177574157715,
fing_x_face,6,0.001,ri_V>face_C>face_G>li_V,4,LR-P2-N2-rel,GP,boot,300,,,False,,,,,,,,,True
fing_x_face,6,0.001,ri_V>face_C>face_G>li_V,4,LR-P1-N3,GP,boot,300,0.04374828080912958,0.04204001615058362,True,0.0005881820649714958,0.01937984496124031,0.0010026637933614679,0.0,1.1235521235521235,2.996423333632636,"[[26.000001907348633, 1.401298464324817e-45], [0.6691400408744812, 0.5204200744628906], [75.52446746826172, 65.94686126708984], 30.000001907348633]",0.07462239265441895,
fing_x_face,6,0.001,ri_V>face_C>face_G>li_V,4,NLS-N2,GP,boot,300,0.03991797305396836,0.03861479502789829,True,0.0006183452477905468,0.015503875968992248,0.001047559187094071,0.0,1.1235521235521235,3.005656819610308,"[[26.000001907348633, -Infinity], [0.6691400408744812, 0.5204200744628906], [75.50403594970703, 65.94686126708984], 30.0]",0.0746912956237793,
fing_x_face,6,0.001,ri_V>face_C>face_G>li_V,4,DE-N2,GP,boot,300,0.04346567137439903,0.041758677256177906,True,0.0005881820649714958,0.015503875968992248,0.0010026637933614679,0.0,1.1235521235521235,3.005671784741552,"[[26.000001907348633, -Infinity], [0.6691400408744812, 0.5204200744628906], [75.52446746826172, 65.94686126708984], 30.000001907348633]",0.07127881050109863,
fing_x_face,6,0.001,ri_V>face_C>face_G>li_V,4,MAXMONO-K3,GP,boot,300,,,False,,,,,,,,,True
fing_x_face,6,0.001,ri_V>face_C>face_G>li_V,4,MONO-cont,GP,boot,300,0.04346063508919913,0.041754060753878566,True,0.0005881820649714958,0.015503875968992248,0.0010026637933614679,0.0,1.1235521235521235,3.005671784741552,"[[26.000001907348633, -Infinity], [0.6691400408744812, 0.5204200744628906], [75.52446746826172, 65.94686126708984], 30.000001907348633]",0.05664992332458496,
fing_x_face,6,0.001,ri_V>face_C>face_G>li_V,4,S1-Marcialis,rule,boot,300,,,True,0.0006183452477905468,0.011627906976744186,0.0006734309059890455,0.003861003861003861,1.281853281853282,3.014231839813235,"[[37.000003814697266, 0.0], [0.6950200796127319, 0.5201699733734131], [75.94683074951172, 65.9372329711914], 24.0]",0.008163213729858398,
fing_x_face,6,0.001,ri_V>face_C>face_G>li_V,4,S2-Symmetric,rule,boot,300,,,True,0.0006183452477905468,0.011627906976744186,0.0006734309059890455,0.003861003861003861,1.281853281853282,3.014231839813235,"[[37.000003814697266, 0.0], [0.6950200796127319, 0.5201699733734131], [75.94683074951172, 65.9372329711914], 24.0]",0.05969643592834473,
fing_x_face,6,0.001,ri_V>face_C>face_G>li_V,4,S3-SPRT,rule,boot,300,,,True,0.0005429372907429192,0.007751937984496124,0.0008530124809194577,0.003861003861003861,1.1853281853281854,1.904118404118404,"[[5.613375902613195, -4.1203573338537804], [5.613375902613195, -4.1203573338537804], [5.613375902613195, -4.1203573338537804], 1.186560756532409]",0.18528294563293457,
fing_x_face,6,0.001,ri_V>face_C>face_G>li_V,4,S4-Direct,rule,boot,300,,,True,0.0006334268392000724,0.015503875968992248,0.0010625243183382718,0.007722007722007722,1.2277992277992278,2.6744186046511627,"[[37.000003814697266, 3.000000238418579], [0.666610062122345, 0.5307600498199463], [75.21028137207031, 66.22789764404297], 26.0]",0.967409610748291,
fing_x_face,6,0.001,ri_V>face_C>li_V>face_G,4,HYP,GP,boot,300,,,False,,,,,,,,,
fing_x_face,6,0.001,ri_V>face_C>li_V>face_G,4,MONO,GP,boot,300,0.04486039522670716,0.04294252385629525,True,0.0005429372907429192,0.015503875968992248,0.0010325940558498698,0.0,1.1312741312741312,2.8589686031546497,"[[26.000001907348633, -Infinity], [0.6688900589942932, 0.5204200744628906], [32.000003814697266, 7.000000476837158], 75.21028137207031]",0.0882272720336914,
fing_x_face,6,0.001,ri_V>face_C>li_V>face_G,4,MONO-rel,GP,boot,300,0.0362397917618763,0.03666512666304598,True,0.0006635900220191234,0.011627906976744186,0.001376792074466493,0.0,1.138996138996139,2.261994552692227,"[[27.000001907348633, -Infinity], [0.6679900884628296, 0.5563400387763977], [27.000001907348633, 8.000000953674316], 74.580322265625]",0.06116461753845215,
fing_x_face,6,0.001,ri_V>face_C>li_V>face_G,4,LR-P1-N2,GP,boot,300,0.04430397989335923,0.0424067997079064,True,0.0006032636563810213,0.015503875968992248,0.0010625243183382718,0.0,1.1312741312741312,2.9516626260812306,"[[26.000001907348633, -Infinity], [0.6679900884628296, 0.5204200744628906], [32.000003814697266, 6.000000476837158], 75.26847839355469]",0.06751894950866699,
fing_x_face,6,0.001,ri_V>face_C>li_V>face_G,4,LR-P1-N2-rel,GP,boot,300,0.036275197087435755,0.03666538467330176,True,0.0006635900220191234,0.011627906976744186,0.001376792074466493,0.0,1.138996138996139,2.263476100685403,"[[27.000001907348633, -Infinity], [0.6679900884628296, 0.5562200546264648], [27.000001907348633, 8.000000953674316], 74.580322265625]",0.06386351585388184,
fing_x_face,6,0.001,ri_V>face_C>li_V>face_G,4,LR-P2-N2,GP,boot,300,0.045696720907246295,0.04320358001494231,True,0.0005429372907429192,0.015503875968992248,0.0008380473496752566,0.0,1.1312741312741312,3.159707880638113,"[[26.000001907348633, -Infinity], [0.6723300814628601, 0.5204200744628906], [31.000001907348633, 4.000000476837158], 75.69056701660156]",0.06918668746948242,
fing_x_face,6,0.001,ri_V>face_C>li_V>face_G,4,LR-P2-N2-rel,GP,boot,300,,,False,,,,,,,,,True
fing_x_face,6,0.001,ri_V>face_C>li_V>face_G,4,LR-P1-N3,GP,boot,300,0.04430397989080674,0.04240679970643438,True,0.0006032636563810213,0.015503875968992248,0.0010625243183382718,0.0,1.1312741312741312,2.9516626260812306,"[[26.000001907348633, -Infinity], [0.6679900884628296, 0.5204200744628906], [32.000003814697266, 6.000000476837158], 75.26847839355469]",0.06551671028137207,
fing_x_face,6,0.001,ri_V>face_C>li_V>face_G,4,NLS-N2,GP,boot,300,0.040519320729801765,0.039217488283163425,True,0.0005731004735619702,0.011627906976744186,0.0011074197120708748,0.0,1.1312741312741312,2.788108706713358,"[[26.000001907348633, -Infinity], [0.6679900884628296, 0.5204200744628906], [32.000003814697266, 8.000000953674316], 75.02900695800781]",0.06334280967712402,
fing_x_face,6,0.001,ri_V>face_C>li_V>face_G,4,DE-N2,GP,boot,300,0.04400688364782718,0.04215914252253823,True,0.0006032636563810213,0.015503875968992248,0.0010625243183382718,0.0,1.1312741312741312,2.9516626260812306,"[[26.000001907348633, -Infinity], [0.6679900884628296, 0.5204200744628906], [32.000003814697266, 6.000000476837158], 75.26847839355469]",0.06471419334411621,
fing_x_face,6,0.001,ri_V>face_C>li_V>face_G,4,MAXMONO-K3,GP,boot,300,,,False,,,,,,,,,True
fing_x_face,6,0.001,ri_V>face_C>li_V>face_G,4,MONO-cont,GP,boot,300,0.044001798887868135,0.042154576167760624,True,0.0006032636563810213,0.015503875968992248,0.0010625243183382718,0.0,1.1312741312741312,2.9516626260812306,"[[26.000001907348633, -Infinity], [0.6679900884628296, 0.5204200744628906], [32.000003814697266, 6.000000476837158], 75.26847839355469]",0.06527376174926758,
fing_x_face,6,0.001,ri_V>face_C>li_V>face_G,4,S1-Marcialis,rule,boot,300,,,True,0.0006032636563810213,0.011627906976744186,0.0015114782556643021,0.007722007722007722,1.2702702702702702,3.2325282092723953,"[[37.000003814697266, 0.0], [0.6950200796127319, 0.5201699733734131], [35.000003814697266, 4.0], 74.88909912109375]",0.010987281799316406,
fing_x_face,6,0.001,ri_V>face_C>li_V>face_G,4,S2-Symmetric,rule,boot,300,,,True,0.0006032636563810213,0.011627906976744186,0.0015114782556643021,0.007722007722007722,1.2702702702702702,3.2325282092723953,"[[37.000003814697266, 0.0], [0.6950200796127319, 0.5201699733734131], [35.000003814697266, 4.0], 74.88909912109375]",0.04507565498352051,
fing_x_face,6,0.001,ri_V>face_C>li_V>face_G,4,S3-SPRT,rule,boot,300,,,True,0.0005429372907429192,0.007751937984496124,0.0007931519559426536,0.003861003861003861,1.193050193050193,1.8972943042710484,"[[5.613375902613195, -4.1203573338537804], [5.613375902613195, -4.1203573338537804], [5.613375902613195, -4.1203573338537804], 1.186560756532409]",0.19723820686340332,
fing_x_face,6,0.001,ri_V>face_C>li_V>face_G,4,S4-Direct,rule,boot,300,,,True,0.0006183452477905468,0.015503875968992248,0.0004190236748376283,0.011583011583011582,1.2162162162162162,2.436622669180809,"[[37.000003814697266, 3.000000238418579], [0.666610062122345, 0.5307600498199463], [35.000003814697266, 13.000000953674316], 74.01213073730469]",1.035181999206543,
fing_x_face,6,0.001,ri_V>face_G>face_C>li_V,4,HYP,GP,boot,300,,,False,,,,,,,,,
fing_x_face,6,0.001,ri_V>face_G>face_C>li_V,4,MONO,GP,boot,300,0.04542977135643551,0.043432521415755015,True,0.0005731004735619702,0.01937984496124031,0.0010026637933614679,0.0,1.1274131274131274,2.922899643829876,"[[26.000001907348633, 1.401298464324817e-45], [75.50403594970703, 65.94686126708984], [0.6716300845146179, 0.5204200744628906], 30.000001907348633]",0.06643414497375488,
fing_x_face,6,0.001,ri_V>face_G>face_C>li_V,4,MONO-rel,GP,boot,300,,,False,,,,,,,,,True
fing_x_face,6,0.001,ri_V>face_G>face_C>li_V,4,LR-P1-N2,GP,boot,300,0.04505345301941465,0.043098209484253046,True,0.0005731004735619702,0.01937984496124031,0.0010026637933614679,0.0,1.1274131274131274,2.922899643829876,"[[26.000001907348633, 1.401298464324817e-45], [75.50403594970703, 65.94686126708984], [0.6716300845146179, 0.5204200744628906], 30.000001907348633]",0.058107852935791016,
fing_x_face,6,0.001,ri_V>face_G>face_C>li_V,4,LR-P1-N2-rel,GP,boot,300,,,False,,,,,,,,,True
fing_x_face,6,0.001,ri_V>face_G>face_C>li_V,4,LR-P2-N2,GP,boot,300,0.04722593103848108,0.04446943797631059,True,0.00048261092510481704,0.015503875968992248,0.0008979078746520607,0.0,1.1274131274131274,2.931893687707641,"[[26.000001907348633, -Infinity], [75.62632751464844, 65.94686126708984], [0.6729300618171692, 0.5204200744628906], 30.000001907348633]",0.06597661972045898,
fing_x_face,6,0.001,ri_V>face_G>face_C>li_V,4,LR-P2-N2-rel,GP,boot,300,,,False,,,,,,,,,True
fing_x_face,6,0.001,ri_V>face_G>face_C>li_V,4,LR-P1-N3,GP,boot,300,0.04505345301885225,0.04306493650986264,True,0.0005731004735619702,0.015503875968992248,0.0010026637933614679,0.0,1.1274131274131274,2.931714106132711,"[[26.000001907348633, -Infinity], [75.50403594970703, 65.94686126708984], [0.6716300845146179, 0.5204200744628906], 30.000001907348633]",0.06572771072387695,
fing_x_face,6,0.001,ri_V>face_G>face_C>li_V,4,NLS-N2,GP,boot,300,0.041234220613961994,0.03990618615695747,True,0.0005881820649714958,0.015503875968992248,0.0010026637933614679,0.0,1.1274131274131274,2.931714106132711,"[[26.000001907348633, -Infinity], [75.50403594970703, 65.94686126708984], [0.6715400815010071, 0.5204200744628906], 30.000001907348633]",0.06632089614868164,
fing_x_face,6,0.001,ri_V>face_G>face_C>li_V,4,DE-N2,GP,boot,300,0.044795592620063766,0.04289902057841228,True,0.0005580188821524447,0.015503875968992248,0.0009876986621172668,0.0,1.1274131274131274,2.931744036395199,"[[26.000001907348633, -Infinity], [75.52446746826172, 65.94686126708984], [0.6716300845146179, 0.5204200744628906], 30.000001907348633]",0.06711435317993164,
fing_x_face,6,0.001,ri_V>face_G>face_C>li_V,4,MAXMONO-K3,GP,boot,300,,,False,,,,,,,,,True
fing_x_face,6,0.001,ri_V>face_G>face_C>li_V,4,MONO-cont,GP,boot,300,0.04478976051353941,0.04289403491373586,True,0.0005580188821524447,0.015503875968992248,0.0009876986621172668,0.0,1.1274131274131274,2.931744036395199,"[[26.000001907348633, -Infinity], [75.52446746826172, 65.94686126708984], [0.6716300845146179, 0.5204200744628906], 30.000001907348633]",0.06521201133728027,
fing_x_face,6,0.001,ri_V>face_G>face_C>li_V,4,S1-Marcialis,rule,boot,300,,,True,0.0006183452477905468,0.011627906976744186,0.0006734309059890455,0.003861003861003861,1.2702702702702702,2.940274161204394,"[[37.000003814697266, 0.0], [75.94683074951172, 65.9372329711914], [0.6950200796127319, 0.5201699733734131], 24.0]",0.010448455810546875,
fing_x_face,6,0.001,ri_V>face_G>face_C>li_V,4,S2-Symmetric,rule,boot,300,,,True,0.0006183452477905468,0.011627906976744186,0.0006734309059890455,0.003861003861003861,1.2702702702702702,2.940274161204394,"[[37.000003814697266, 0.0], [75.94683074951172, 65.9372329711914], [0.6950200796127319, 0.5201699733734131], 24.0]",0.07479166984558105,
fing_x_face,6,0.001,ri_V>face_G>face_C>li_V,4,S3-SPRT,rule,boot,300,,,True,0.0005580188821524447,0.007751937984496124,0.0008530124809194577,0.007722007722007722,1.1737451737451738,1.9210439675555955,"[[5.613375902613195, -4.1203573338537804], [5.613375902613195, -4.1203573338537804], [5.613375902613195, -4.1203573338537804], 1.186560756532409]",0.2044210433959961,
fing_x_face,6,0.001,ri_V>face_G>face_C>li_V,4,S4-Direct,rule,boot,300,,,True,0.0005881820649714958,0.01937984496124031,0.001047559187094071,0.007722007722007722,1.2393822393822393,2.64665828619317,"[[37.000003814697266, 3.000000238418579], [75.21028137207031, 66.22789764404297], [0.666610062122345, 0.5307600498199463], 27.0]",1.0558605194091797,
fing_x_face,6,0.001,ri_V>face_G>li_V>face_C,4,HYP,GP,boot,300,,,False,,,,,,,,,
fing_x_face,6,0.001,ri_V>face_G>li_V>face_C,4,MONO,GP,boot,300,0.046328185522872566,0.04391173909796644,True,0.0005881820649714958,0.015503875968992248,0.001137349974559277,0.007722007722007722,1.1274131274131274,2.6960132890365447,"[[26.000001907348633, -Infinity], [75.39030456542969, 65.94686126708984], [32.000003814697266, 8.000000953674316], 0.6600600481033325]",0.06302094459533691,
fing_x_face,6,0.001,ri_V>face_G>li_V>face_C,4,MONO-rel,GP,boot,300,0.038225172612623155,0.03931190698042268,True,0.0006485084306095979,0.011627906976744186,0.001212175630780282,0.007722007722007722,1.1235521235521235,2.3539253539253537,"[[26.000001907348633, -Infinity], [75.36331939697266, 66.80585479736328], [29.000001907348633, 9.000000953674316], 0.652999997138977]",0.0608067512512207,
fing_x_face,6,0.001,ri_V>face_G>li_V>face_C,4,LR-P1-N2,GP,boot,300,0.045981677507259525,0.043576557432418166,True,0.0005881820649714958,0.015503875968992248,0.001137349974559277,0.007722007722007722,1.1274131274131274,2.6960132890365447,"[[26.000001907348633, -Infinity], [75.39030456542969, 65.94686126708984], [32.000003814697266, 8.000000953674316], 0.659320056438446]",0.07081174850463867,
fing_x_face,6,0.001,ri_V>face_G>li_V>face_C,4,LR-P1-N2-rel,GP,boot,300,0.03822937276445894,0.039245046967026624,True,0.0006485084306095979,0.011627906976744186,0.001212175630780282,0.007722007722007722,1.1235521235521235,2.3570680314866364,"[[26.000001907348633, -Infinity], [75.36331939697266, 66.79425811767578], [29.000001907348633, 9.000000953674316], 0.652999997138977]",0.05957317352294922,
fing_x_face,6,0.001,ri_V>face_G>li_V>face_C,4,LR-P2-N2,GP,boot,300,0.047630432275373225,0.04456047125594784,True,0.0005127741079238681,0.015503875968992248,0.0009577683996288647,0.003861003861003861,1.1312741312741312,2.838226931250187,"[[26.000001907348633, -Infinity], [75.52446746826172, 65.94686126708984], [31.000001907348633, 6.000000476837158], 0.6708900332450867]",0.07077622413635254,
fing_x_face,6,0.001,ri_V>face_G>li_V>face_C,4,LR-P2-N2-rel,GP,boot,300,0.043214434279675064,0.052792698716463846,True,0.0006183452477905468,0.015503875968992248,0.001242105893268684,0.011583011583011582,1.1196911196911197,1.9251444135165066,"[[26.000001907348633, 4.000000476837158], [75.341064453125, 72.11798095703125], [24.000001907348633, 8.000000953674316], 0.6629800200462341]",0.0705866813659668,
fing_x_face,6,0.001,ri_V>face_G>li_V>face_C,4,LR-P1-N3,GP,boot,300,0.04598167750721373,0.043576557432410484,True,0.0005881820649714958,0.015503875968992248,0.001137349974559277,0.007722007722007722,1.1274131274131274,2.6960132890365447,"[[26.000001907348633, -Infinity], [75.39030456542969, 65.94686126708984], [32.000003814697266, 8.000000953674316], 0.659320056438446]",0.06577563285827637,
fing_x_face,6,0.001,ri_V>face_G>li_V>face_C,4,NLS-N2,GP,boot,300,0.042241163894758745,0.04052776353134506,True,0.0006334268392000724,0.011627906976744186,0.0011523151058034779,0.007722007722007722,1.1274131274131274,2.6960132890365447,"[[26.000001907348633, -Infinity], [75.39030456542969, 65.94686126708984], [32.000003814697266, 8.000000953674316], 0.6555600166320801]",0.07006239891052246,
fing_x_face,6,0.001,ri_V>face_G>li_V>face_C,4,DE-N2,GP,boot,300,0.045715665031838035,0.043400557612191276,True,0.0005881820649714958,0.015503875968992248,0.001092454580826674,0.007722007722007722,1.1274131274131274,2.6960731495615216,"[[26.000001907348633, -Infinity], [75.44835662841797, 65.94686126708984], [32.000003814697266, 8.000000953674316], 0.6592400670051575]",0.07561659812927246,
fing_x_face,6,0.001,ri_V>face_G>li_V>face_C,4,MAXMONO-K3,GP,boot,300,,,False,,,,,,,,,True
fing_x_face,6,0.001,ri_V>face_G>li_V>face_C,4,MONO-cont,GP,boot,300,0.04570959236146945,0.04339558445621887,True,0.0005881820649714958,0.015503875968992248,0.001092454580826674,0.007722007722007722,1.1274131274131274,2.6960731495615216,"[[26.000001907348633, -Infinity], [75.44835662841797, 65.94686126708984], [32.000003814697266, 8.000000953674316], 0.6592400670051575]",0.06023573875427246,
fing_x_face,6,0.001,ri_V>face_G>li_V>face_C,4,S1-Marcialis,rule,boot,300,,,True,0.0005278556993333936,0.015503875968992248,0.00044895393732603036,0.003861003861003861,1.2625482625482625,3.087171889497471,"[[37.000003814697266, 0.0], [75.94683074951172, 65.9372329711914], [35.000003814697266, 4.0], 0.655709981918335]",0.009442806243896484,
fing_x_face,6,0.001,ri_V>face_G>li_V>face_C,4,S2-Symmetric,rule,boot,300,,,True,0.0005278556993333936,0.015503875968992248,0.00044895393732603036,0.003861003861003861,1.2625482625482625,3.087171889497471,"[[37.000003814697266, 0.0], [75.94683074951172, 65.9372329711914], [35.000003814697266, 4.0], 0.655709981918335]",0.05113673210144043,
fing_x_face,6,0.001,ri_V>face_G>li_V>face_C,4,S3-SPRT,rule,boot,300,,,True,0.0005731004735619702,0.007751937984496124,0.0009128730058962617,0.007722007722007722,1.1853281853281854,1.916240160426207,"[[5.613375902613195, -4.1203573338537804], [5.613375902613195, -4.1203573338537804], [5.613375902613195, -4.1203573338537804], 0.8748955796689359]",0.20108962059020996,
fing_x_face,6,0.001,ri_V>face_G>li_V>face_C,4,S4-Direct,rule,boot,300,,,True,0.0005731004735619702,0.015503875968992248,0.0007632216934542516,0.023166023166023165,1.22007722007722,1.9659543264194428,"[[37.000003814697266, 3.000000238418579], [75.7102279663086, 73.71760559082031], [29.000001907348633, 7.000000476837158], 0.614579975605011]",0.7552816867828369,
fing_x_face,6,0.001,ri_V>li_V>face_C>face_G,4,HYP,GP,boot,300,,,False,,,,,,,,,
fing_x_face,6,0.001,ri_V>li_V>face_C>face_G,4,MONO,GP,boot,300,0.04768874004863927,0.04511403701595339,True,0.0006635900220191234,0.015503875968992248,0.0014366525994432972,0.0,1.2046332046332047,3.049280177187154,"[[26.000001907348633, -Infinity], [31.000001907348633, 4.000000476837158], [0.6778700351715088, 0.5544700622558594], 75.10340881347656]",0.05478215217590332,
fing_x_face,6,0.001,ri_V>li_V>face_C>face_G,4,MONO-rel,GP,boot,300,0.040841403173294995,0.044854179223568894,True,0.0006485084306095979,0.023255813953488372,0.001092454580826674,0.019305019305019305,1.1853281853281854,2.7446798958426863,"[[26.000001907348633, -Infinity], [30.000001907348633, 5.000000476837158], [0.6723300814628601, 0.5788000822067261], 75.12274169921875]",0.056519508361816406,
fing_x_face,6,0.001,ri_V>li_V>face_C>face_G,4,LR-P1-N2,GP,boot,300,0.047257569383827115,0.04476992463266786,True,0.0006635900220191234,0.015503875968992248,0.0014366525994432972,0.0,1.2046332046332047,3.0485169554936995,"[[26.000001907348633, -Infinity], [31.000001907348633, 4.000000476837158], [0.6778700351715088, 0.5545900464057922], 75.10340881347656]",0.060315847396850586,
fing_x_face,6,0.001,ri_V>li_V>face_C>face_G,4,LR-P1-N2-rel,GP,boot,300,0.04084982883472552,0.04474937899581174,True,0.0006485084306095979,0.023255813953488372,0.001092454580826674,0.019305019305019305,1.1853281853281854,2.7454431175361407,"[[26.000001907348633, -Infinity], [30.000001907348633, 5.000000476837158], [0.6723300814628601, 0.5785400867462158], 75.12274169921875]",0.06238865852355957,
fing_x_face,6,0.001,ri_V>li_V>face_C>face_G,4,LR-P2-N2,GP,boot,300,0.04669763846609783,0.044126694841482156,True,0.0005127741079238681,0.015503875968992248,0.0009577683996288647,0.0,1.2046332046332047,3.291924815180629,"[[26.000001907348633, -Infinity], [30.000001907348633, 4.000000476837158], [0.6834100484848022, 0.5296100378036499], 75.52446746826172]",0.06199383735656738,
fing_x_face,6,0.001,ri_V>li_V>face_C>face_G,4,LR-P2-N2-rel,GP,boot,300,0.04910817407987749,0.05858895486315956,True,0.000678671613428649,0.03875968992248062,0.0011074197120708748,0.04247104247104247,1.1505791505791505,1.5014665828619318,"[[27.000001907348633, 7.000000476837158], [27.000001907348633, 7.000000476837158], [0.6557100415229797, 0.5711200833320618], 74.5696792602539]",0.07207512855529785,
fing_x_face,6,0.001,ri_V>li_V>face_C>face_G,4,LR-P1-N3,GP,boot,300,0.047257569383304214,0.044769924632575134,True,0.0006635900220191234,0.015503875968992248,0.0014366525994432972,0.0,1.2046332046332047,3.0485169554936995,"[[26.000001907348633, -Infinity], [31.000001907348633, 4.000000476837158], [0.6778700351715088, 0.5545900464057922], 75.10340881347656]",0.05432605743408203,
fing_x_face,6,0.001,ri_V>li_V>face_C>face_G,4,NLS-N2,GP,boot,300,0.0436268398536896,0.0420342352137595,True,0.0006635900220191234,0.015503875968992248,0.001376792074466493,0.0,1.2046332046332047,2.9821765286881567,"[[26.000001907348633, -Infinity], [31.000001907348633, 4.000000476837158], [0.6778700351715088, 0.5644200444221497], 75.10340881347656]",0.05366039276123047,
fing_x_face,6,0.001,ri_V>li_V>face_C>face_G,4,DE-N2,GP,boot,300,0.04693498805627517,0.044516462418042045,True,0.0006635900220191234,0.015503875968992248,0.0014366525994432972,0.0,1.2046332046332047,3.047334710125408,"[[26.000001907348633, -Infinity], [31.000001907348633, 4.000000476837158], [0.6778700351715088, 0.5547100305557251], 75.10340881347656]",0.054815053939819336,
fing_x_face,6,0.001,ri_V>li_V>face_C>face_G,4,MAXMONO-K3,GP,boot,300,,,False,,,,,,,,,True
fing_x_face,6,0.001,ri_V>li_V>face_C>face_G,4,MONO-cont,GP,boot,300,0.046928860873152074,0.04451154724369919,True,0.0006635900220191234,0.015503875968992248,0.0014366525994432972,0.0,1.2046332046332047,3.047289814731675,"[[26.000001907348633, -Infinity], [31.000001907348633, 4.000000476837158], [0.6778700351715088, 0.5547200441360474], 75.10340881347656]",0.05331134796142578,
fing_x_face,6,0.001,ri_V>li_V>face_C>face_G,4,S1-Marcialis,rule,boot,300,,,True,0.0006032636563810213,0.011627906976744186,0.0015114782556643021,0.007722007722007722,1.3166023166023166,3.5698123372541977,"[[37.000003814697266, 0.0], [35.000003814697266, 4.0], [0.6950200796127319, 0.5201699733734131], 74.88909912109375]",0.009184837341308594,
fing_x_face,6,0.001,ri_V>li_V>face_C>face_G,4,S2-Symmetric,rule,boot,300,,,True,0.0006032636563810213,0.011627906976744186,0.0015114782556643021,0.007722007722007722,1.3166023166023166,3.5698123372541977,"[[37.000003814697266, 0.0], [35.000003814697266, 4.0], [0.6950200796127319, 0.5201699733734131], 74.88909912109375]",0.04581952095031738,
fing_x_face,6,0.001,ri_V>li_V>face_C>face_G,4,S3-SPRT,rule,boot,300,,,True,0.0006032636563810213,0.01937984496124031,0.0007482565622100506,0.02702702702702703,1.2277992277992278,1.9111520158031785,"[[5.613375902613195, -4.1203573338537804], [5.613375902613195, -4.1203573338537804], [5.613375902613195, -4.1203573338537804], 0.5680387306957697]",0.190460205078125,
fing_x_face,6,0.001,ri_V>li_V>face_C>face_G,4,S4-Direct,rule,boot,300,,,True,0.0005881820649714958,0.015503875968992248,0.0014366525994432972,0.007722007722007722,1.3011583011583012,3.1737451737451736,"[[37.000003814697266, 3.000000238418579], [35.000003814697266, 4.000000476837158], [0.666610062122345, 0.5307600498199463], 74.92098999023438]",1.1057016849517822,
fing_x_face,6,0.001,ri_V>li_V>face_G>face_C,4,HYP,GP,boot,300,,,False,,,,,,,,,
fing_x_face,6,0.001,ri_V>li_V>face_G>face_C,4,MONO,GP,boot,300,0.04796794176567213,0.04539798885631478,True,0.0006334268392000724,0.015503875968992248,0.0008679776121636587,0.003861003861003861,1.2007722007722008,3.011687767501721,"[[26.000001907348633, -Infinity], [31.000001907348633, 4.000000476837158], [75.80064392089844, 70.96180725097656], 0.6632699966430664]",0.0666954517364502,
fing_x_face,6,0.001,ri_V>li_V>face_G>face_C,4,MONO-rel,GP,boot,300,0.041594450386556854,0.045927297562419395,True,0.0006485084306095979,0.023255813953488372,0.0009278381371404627,0.023166023166023165,1.1776061776061777,2.7483762832600043,"[[26.000001907348633, -Infinity], [29.000001907348633, 5.000000476837158], [75.69056701660156, 72.3414077758789], 0.6666100025177002]",0.08494758605957031,
fing_x_face,6,0.001,ri_V>li_V>face_G>face_C,4,LR-P1-N2,GP,boot,300,0.04757637269975354,0.04507164152088263,True,0.0006334268392000724,0.015503875968992248,0.0008679776121636587,0.003861003861003861,1.2007722007722008,3.0033072940049683,"[[26.000001907348633, -Infinity], [31.000001907348633, 4.000000476837158], [75.80064392089844, 71.15557861328125], 0.6632699966430664]",0.060486793518066406,
fing_x_face,6,0.001,ri_V>li_V>face_G>face_C,4,LR-P1-N2-rel,GP,boot,300,0.041587403942539194,0.04580207319149025,True,0.0006485084306095979,0.023255813953488372,0.0009278381371404627,0.023166023166023165,1.1776061776061777,2.747837538535213,"[[26.000001907348633, -Infinity], [29.000001907348633, 5.000000476837158], [75.69056701660156, 72.35303497314453], 0.6666100025177002]",0.055913686752319336,
fing_x_face,6,0.001,ri_V>li_V>face_G>face_C,4,LR-P2-N2,GP,boot,300,0.04709580118942676,0.04431201007290188,True,0.0005278556993333936,0.015503875968992248,0.0008081170871868546,0.003861003861003861,1.2007722007722008,3.169719553440484,"[[26.000001907348633, -Infinity], [30.000001907348633, 4.000000476837158], [75.80064392089844, 66.55281066894531], 0.6708900332450867]",0.05657958984375,
fing_x_face,6,0.001,ri_V>li_V>face_G>face_C,4,LR-P2-N2-rel,GP,boot,300,0.050819286358144186,0.08107927777984447,True,0.0006635900220191234,0.03875968992248062,0.001092454580826674,0.04247104247104247,1.1428571428571428,1.5619257130885038,"[[27.000001907348633, 7.000000476837158], [26.000001907348633, 6.000000476837158], [75.02900695800781, 71.71294403076172], 0.677869975566864]",0.0704050064086914,
fing_x_face,6,0.001,ri_V>li_V>face_G>face_C,4,LR-P1-N3,GP,boot,300,0.047576372699691616,0.045071641520901214,True,0.0006334268392000724,0.015503875968992248,0.0008679776121636587,0.003861003861003861,1.2007722007722008,3.0033072940049683,"[[26.000001907348633, -Infinity], [31.000001907348633, 4.000000476837158], [75.80064392089844, 71.15557861328125], 0.6632699966430664]",0.05790877342224121,
fing_x_face,6,0.001,ri_V>li_V>face_G>face_C,4,NLS-N2,GP,boot,300,0.043958095919361895,0.04241122873118577,True,0.0006334268392000724,0.015503875968992248,0.0008679776121636587,0.003861003861003861,1.2007722007722008,2.9736015084852294,"[[26.000001907348633, -Infinity], [31.000001907348633, 4.000000476837158], [75.80064392089844, 71.63945770263672], 0.6632699966430664]",0.055960893630981445,
fing_x_face,6,0.001,ri_V>li_V>face_G>face_C,4,DE-N2,GP,boot,300,0.04726068426171405,0.044825620419580194,True,0.0006334268392000724,0.015503875968992248,0.0008679776121636587,0.003861003861003861,1.2007722007722008,3.002140013767921,"[[26.000001907348633, -Infinity], [31.000001907348633, 4.000000476837158], [75.80064392089844, 71.17829132080078], 0.6632699966430664]",0.055155277252197266,
fing_x_face,6,0.001,ri_V>li_V>face_G>face_C,4,MAXMONO-K3,GP,boot,300,,,False,,,,,,,,,True
fing_x_face,6,0.001,ri_V>li_V>face_G>face_C,4,MONO-cont,GP,boot,300,0.04725437913106684,0.044820700104109254,True,0.0006334268392000724,0.015503875968992248,0.0008679776121636587,0.003861003861003861,1.2007722007722008,3.002140013767921,"[[26.000001907348633, -Infinity], [31.000001907348633, 4.000000476837158], [75.80064392089844, 71.17829132080078], 0.6632699966430664]",0.05424237251281738,
fing_x_face,6,0.001,ri_V>li_V>face_G>face_C,4,S1-Marcialis,rule,boot,300,,,True,0.0005278556993333936,0.015503875968992248,0.00044895393732603036,0.003861003861003861,1.3204633204633205,3.4984136960881145,"[[37.000003814697266, 0.0], [35.000003814697266, 4.0], [75.94683074951172, 65.9372329711914], 0.655709981918335]",0.009157896041870117,
fing_x_face,6,0.001,ri_V>li_V>face_G>face_C,4,S2-Symmetric,rule,boot,300,,,True,0.0005278556993333936,0.015503875968992248,0.00044895393732603036,0.003861003861003861,1.3204633204633205,3.4984136960881145,"[[37.000003814697266, 0.0], [35.000003814697266, 4.0], [75.94683074951172, 65.9372329711914], 0.655709981918335]",0.05300641059875488,
fing_x_face,6,0.001,ri_V>li_V>face_G>face_C,4,S3-SPRT,rule,boot,300,,,True,0.0006032636563810213,0.01937984496124031,0.0007482565622100506,0.02702702702702703,1.223938223938224,1.9139055999521115,"[[5.613375902613195, -4.1203573338537804], [5.613375902613195, -4.1203573338537804], [5.613375902613195, -4.1203573338537804], 0.5680387306957697]",0.19382667541503906,
fing_x_face,6,0.001,ri_V>li_V>face_G>face_C,4,S4-Direct,rule,boot,300,,,True,0.0005580188821524447,0.01937984496124031,0.0008679776121636587,0.007722007722007722,1.2972972972972974,3.1476010894615545,"[[37.000003814697266, 3.000000238418579], [32.000003814697266, 4.000000476837158], [75.21028137207031, 66.22789764404297], 0.6600599884986877]",1.0031867027282715,
fing_x_face,6,0.001,parallel,4,P0-Parallel,parallel,boot,300,,,True,0.0006032636563810213,0.011627906976744186,0.0003591631498608243,0.023166023166023165,4.0,4.0,[10.177647590637207],,
fing_x_face,6,0.001,parallel,4,P1-LLR,parallel,boot,300,,,True,0.0005429372907429192,0.003875968992248062,0.0008081170871868546,0.0,4.0,4.0,[1.1865607565324088],,
fing_x_face,6,0.001,parallel,4,P2-LogReg,parallel,boot,300,,,True,0.0005127741079238681,0.007751937984496124,0.0003741282811050253,0.011583011583011582,4.0,4.0,[2.242356337199354],,
