feasible,frr_pred_gp,far_model_gp,frr_pred_exact,frr_emp_model,far_emp_model,far_train,frr_train,far_test,frr_test,stages_gen,stages_imp,dataset,seed,alpha,order,n_stages,method,kind,tag,time
True,0.7974377339621866,0.010000000000000004,0.7974377339621866,0.09032258064516129,0.009970674486803555,0.00997067448680352,0.09032258064516129,0.01267963453268239,0.0718232044198895,1.0,1.0,fing_x_face,1,0.01,face_C,1,HYP,GP,frac03,0.0028526782989501953
True,0.10679885670543346,0.009999999999999995,0.10679885670543346,0.09032258064516129,0.009970674486803555,0.00997067448680352,0.09032258064516129,0.01267963453268239,0.0718232044198895,1.0,1.0,fing_x_face,1,0.01,face_C,1,MONO,GP,frac03,0.002976655960083008
True,0.10618746650413124,0.010000000000000023,0.10618746650413124,0.09032258064516129,0.009970674486803555,0.00997067448680352,0.09032258064516129,0.01267963453268239,0.0718232044198895,1.0,1.0,fing_x_face,1,0.01,face_C,1,LR-P1-N2,GP,frac03,0.0033473968505859375
True,0.1031356316382636,0.010000000000000014,0.1031356316382636,0.09032258064516129,0.009970674486803555,0.00997067448680352,0.09032258064516129,0.01267963453268239,0.0718232044198895,1.0,1.0,fing_x_face,1,0.01,face_C,1,LR-P1-N2-rel,GP,frac03,0.0038754940032958984
False,,,,,,,,,,,,fing_x_face,1,0.01,face_C,1,S1-Marcialis,rule,frac03,7.3909759521484375e-06
True,0.39190778004513616,0.010000000000000004,0.39190778004513616,0.08387096774193549,0.009970674486803555,0.00997067448680352,0.08387096774193549,0.01311580783887605,0.11049723756906077,1.0,1.0,fing_x_face,1,0.01,face_G,1,HYP,GP,frac03,0.0030736923217773438
True,0.10434971609051277,0.009999999999999986,0.10434971609051277,0.08387096774193549,0.009970674486803555,0.00997067448680352,0.08387096774193549,0.01311580783887605,0.11049723756906077,1.0,1.0,fing_x_face,1,0.01,face_G,1,MONO,GP,frac03,0.003210306167602539
True,0.1038602182261782,0.010000000000000057,0.1038602182261782,0.08387096774193549,0.009970674486803555,0.00997067448680352,0.08387096774193549,0.01311580783887605,0.11049723756906077,1.0,1.0,fing_x_face,1,0.01,face_G,1,LR-P1-N2,GP,frac03,0.0033872127532958984
True,0.0881787008230608,0.009999999999999995,0.0881787008230608,0.08387096774193549,0.009970674486803555,0.00997067448680352,0.08387096774193549,0.01311580783887605,0.11049723756906077,1.0,1.0,fing_x_face,1,0.01,face_G,1,LR-P1-N2-rel,GP,frac03,0.0030868053436279297
False,,,,,,,,,,,,fing_x_face,1,0.01,face_G,1,S1-Marcialis,rule,frac03,5.245208740234375e-06
False,,,,,,,,,,,,fing_x_face,1,0.01,li_V,1,HYP,GP,frac03,0.018955469131469727
True,0.2003235355543166,0.010000000000000014,0.2003235355543166,0.16774193548387098,0.00808546292417256,0.008085462924172601,0.16774193548387098,0.007529728654290568,0.10773480662983426,1.0,1.0,fing_x_face,1,0.01,li_V,1,MONO,GP,frac03,0.003282308578491211
True,0.1991912816542402,0.010000000000000014,0.1991912816542402,0.16774193548387098,0.00808546292417256,0.008085462924172601,0.16774193548387098,0.007529728654290568,0.10773480662983426,1.0,1.0,fing_x_face,1,0.01,li_V,1,LR-P1-N2,GP,frac03,0.003599882125854492
True,0.1986873235320391,0.010000000000000004,0.1986873235320391,0.16774193548387098,0.00808546292417256,0.008085462924172601,0.16774193548387098,0.007529728654290568,0.10773480662983426,1.0,1.0,fing_x_face,1,0.01,li_V,1,LR-P1-N2-rel,GP,frac03,0.003242969512939453
False,,,,,,,,,,,,fing_x_face,1,0.01,li_V,1,S1-Marcialis,rule,frac03,4.76837158203125e-06
False,,,,,,,,,,,,fing_x_face,1,0.01,ri_V,1,HYP,GP,frac03,0.003314971923828125
True,0.10937611464769448,0.009999999999999995,0.10937611464769448,0.0967741935483871,0.007582739840804376,0.007582739840804357,0.0967741935483871,0.007062946695030685,0.06353591160220995,1.0,1.0,fing_x_face,1,0.01,ri_V,1,MONO,GP,frac03,0.0030939579010009766
True,0.10329422269933392,0.009999999999999995,0.10329422269933392,0.0967741935483871,0.007582739840804376,0.007582739840804357,0.0967741935483871,0.007062946695030685,0.06353591160220995,1.0,1.0,fing_x_face,1,0.01,ri_V,1,LR-P1-N2,GP,frac03,0.004182577133178711
True,0.10329422296522468,0.010000000000000014,0.10329422296522468,0.0967741935483871,0.007582739840804376,0.007582739840804357,0.0967741935483871,0.007062946695030685,0.06353591160220995,1.0,1.0,fing_x_face,1,0.01,ri_V,1,LR-P1-N2-rel,GP,frac03,0.003574848175048828
False,,,,,,,,,,,,fing_x_face,1,0.01,ri_V,1,S1-Marcialis,rule,frac03,5.4836273193359375e-06
True,0.24842257317180705,0.010000000000000467,0.23299412945648124,0.03517169614984391,0.00973200738745283,0.015542521994134898,0.04516129032258064,0.020033363431842182,0.058011049723756904,1.0414364640883977,1.057460093968565,fing_x_face,1,0.01,face_C>face_G,2,HYP,GP,frac03,0.01026296615600586
True,0.06397231401853413,0.010000000000001976,0.05859695840661419,0.010280957336108221,0.009910914254333564,0.012191034771679933,0.03870967741935484,0.015924151757701902,0.055248618784530384,1.0828729281767955,1.6247532177346535,fing_x_face,1,0.01,face_C>face_G,2,MONO,GP,frac03,0.010495185852050781
True,0.06213842988248939,0.01000000000000687,0.0569564937111636,0.010280957336108221,0.009915266835141911,0.012149141181399247,0.03870967741935484,0.015870586614836014,0.055248618784530384,1.0828729281767955,1.6247073047550542,fing_x_face,1,0.01,face_C>face_G,2,LR-P1-N2,GP,frac03,0.011061429977416992
True,0.04029904216919206,0.010000000000000751,0.037752309001873166,0.010280957336108221,0.009915266835141911,0.012149141181399247,0.03870967741935484,0.015870586614836014,0.055248618784530384,1.0828729281767955,1.6247073047550542,fing_x_face,1,0.01,face_C>face_G,2,LR-P1-N2-rel,GP,frac03,0.011191606521606445
True,,,,,,0.00997067448680352,0.07096774193548387,0.01304693836947705,0.09668508287292818,1.298342541436464,1.6301786014906414,fing_x_face,1,0.01,face_C>face_G,2,S1-Marcialis,rule,frac03,0.003863811492919922
True,0.6773048775974667,0.010000000000000014,0.5626194032931369,0.07379812695109261,0.009291671880695705,0.009761206535400083,0.07096774193548387,0.012029200655025175,0.06353591160220995,1.0193370165745856,1.0160618906965,fing_x_face,1,0.01,face_C>li_V,2,HYP,GP,frac03,0.007946968078613281
True,0.07543159976654149,0.010000000000000014,0.06471411550822945,0.019979188345473464,0.009415130729238039,0.009844993715961458,0.012903225806451613,0.0110803324099723,0.011049723756906077,1.080110497237569,1.6225876555302183,fing_x_face,1,0.01,face_C>li_V,2,MONO,GP,frac03,0.011698246002197266
True,0.07352304817060046,0.009999999999999995,0.06321922237239114,0.019979188345473464,0.009373467053508076,0.009803100125680772,0.012903225806451613,0.011065028083439189,0.011049723756906077,1.080110497237569,1.6226029598567515,fing_x_face,1,0.01,face_C>li_V,2,LR-P1-N2,GP,frac03,0.012278318405151367
True,0.054425778813525005,0.01000000000000004,0.04832980608654766,0.019979188345473464,0.009373467053508076,0.009803100125680772,0.012903225806451613,0.011065028083439189,0.011049723756906077,1.080110497237569,1.6226029598567515,fing_x_face,1,0.01,face_C>li_V,2,LR-P1-N2-rel,GP,frac03,0.010789632797241211
True,,,,,,0.007373271889400922,0.03870967741935484,0.006932859919499243,0.024861878453038673,1.298342541436464,1.6301786014906414,fing_x_face,1,0.01,face_C>li_V,2,S1-Marcialis,rule,frac03,0.0035288333892822266
True,0.6139398994351476,0.010000000000000014,0.5197093494055378,0.07263267429760666,0.008963508348618504,0.00967741935483871,0.07096774193548387,0.011661896818230514,0.06077348066298342,1.0193370165745856,1.0183728440029995,fing_x_face,1,0.01,face_C>ri_V,2,HYP,GP,frac03,0.007611513137817383
True,0.06445845140164645,0.010000000000000502,0.05868182216557966,0.010613943808532778,0.00972431139275744,0.01009635525764558,0.0064516129032258064,0.01160067951209807,0.0055248618784530384,1.080110497237569,1.623490610795672,fing_x_face,1,0.01,face_C>ri_V,2,MONO,GP,frac03,0.013916969299316406
True,0.061946919520022535,0.010000000000002252,0.05668692371439112,0.010613943808532778,0.009599583626503653,0.00997067448680352,0.0064516129032258064,0.01151650571616596,0.0055248618784530384,1.080110497237569,1.6235824367548706,fing_x_face,1,0.01,face_C>ri_V,2,LR-P1-N2,GP,frac03,0.011370658874511719
True,0.04157614374201786,0.010000000000000137,0.038399478577141516,0.009989594172736732,0.009529519360998957,0.009844993715961458,0.0064516129032258064,0.011371114614101407,0.0055248618784530384,1.080110497237569,1.6224652209179535,fing_x_face,1,0.01,face_C>ri_V,2,LR-P1-N2-rel,GP,frac03,0.012651205062866211
True,,,,,,0.007247591118558861,0.01935483870967742,0.006894599103166465,0.013812154696132596,1.298342541436464,1.6301786014906414,fing_x_face,1,0.01,face_C>ri_V,2,S1-Marcialis,rule,frac03,0.0034041404724121094
True,0.13998847017125596,0.010000000000004934,0.13373802918622058,0.0340894901144641,0.009534854782635115,0.02287390029325513,0.03225806451612903,0.02734117935140264,0.0718232044198895,1.0718232044198894,1.0530447957637623,fing_x_face,1,0.01,face_G>face_C,2,HYP,GP,frac03,0.009764909744262695
True,0.050745797915896354,0.010000000000000467,0.04657816069502391,0.009365244536940686,0.00990642477783854,0.01252618349392543,0.03225806451612903,0.016245542614897232,0.055248618784530384,1.1132596685082874,1.5213877963300224,fing_x_face,1,0.01,face_G>face_C,2,MONO,GP,frac03,0.010899782180786133
True,0.05025454068738846,0.010000000000005093,0.04616205479932556,0.009365244536940686,0.009951638966058402,0.012609970674486803,0.03225806451612903,0.016352672900629008,0.055248618784530384,1.1160220994475138,1.5215714482484197,fing_x_face,1,0.01,face_G>face_C,2,LR-P1-N2,GP,frac03,0.011898040771484375
True,0.027883579630782817,0.010000000000004151,0.026169188037788327,0.009989594172736732,0.009910084104848758,0.012568077084206116,0.03870967741935484,0.01629910775776312,0.055248618784530384,1.1160220994475138,1.5216326655545522,fing_x_face,1,0.01,face_G>face_C,2,LR-P1-N2-rel,GP,frac03,0.009896039962768555
True,,,,,,0.00997067448680352,0.07096774193548387,0.012633721553083057,0.06353591160220995,1.3812154696132597,1.5297363064538345,fing_x_face,1,0.01,face_G>face_C,2,S1-Marcialis,rule,frac03,0.0035431385040283203
True,0.26756479246745685,0.010000000000000458,0.2447306839770191,0.05040582726326743,0.00795467489117234,0.008043569333891915,0.05161290322580645,0.01075894155277697,0.09116022099447514,1.0497237569060773,1.0256730077592935,fing_x_face,1,0.01,face_G>li_V,2,HYP,GP,frac03,0.009769201278686523
True,0.06189463724845125,0.01000000000000012,0.05394266540473353,0.01748178980228928,0.0096253358112623,0.009551738583996649,0.0064516129032258064,0.012748504002081388,0.027624309392265192,1.1104972375690607,1.5200104069420426,fing_x_face,1,0.01,face_G>li_V,2,MONO,GP,frac03,0.011049509048461914
True,0.0613364273126065,0.010000000000000031,0.05351610101461582,0.01748178980228928,0.009542008459802374,0.009467951403435275,0.0064516129032258064,0.012564852083684058,0.027624309392265192,1.1104972375690607,1.52019405886044,fing_x_face,1,0.01,face_G>li_V,2,LR-P1-N2,GP,frac03,0.012480735778808594
True,0.03853859042254674,0.01000000000000242,0.03513244381122722,0.01748178980228928,0.009500344784072523,0.009426057813154587,0.0064516129032258064,0.012557199920417502,0.027624309392265192,1.1104972375690607,1.5202017110237065,fing_x_face,1,0.01,face_G>li_V,2,LR-P1-N2-rel,GP,frac03,0.010797262191772461
True,,,,,,0.007792207792207792,0.04516129032258064,0.007988858450283895,0.04419889502762431,1.3812154696132597,1.5297363064538345,fing_x_face,1,0.01,face_G>li_V,2,S1-Marcialis,rule,frac03,0.003336668014526367
True,0.24253287878629626,0.010000000000009135,0.22377138695435483,0.04815816857440166,0.007999443290874044,0.00909090909090909,0.04516129032258064,0.01099615861404019,0.08839779005524862,1.0497237569060773,1.028917524984313,fing_x_face,1,0.01,face_G>ri_V,2,HYP,GP,frac03,0.011013269424438477
True,0.051067361685074954,0.010000000000006542,0.04679915151378854,0.009365244536940686,0.00977810086719912,0.010222036028487641,0.0,0.012029200655025175,0.016574585635359115,1.1132596685082874,1.5213877963300224,fing_x_face,1,0.01,face_G>ri_V,2,MONO,GP,frac03,0.01074075698852539
True,0.04991651650898554,0.010000000000001586,0.04594848297911378,0.009989594172736732,0.009570221256776177,0.010012568077084207,0.0,0.011761374940695735,0.016574585635359115,1.1160220994475138,1.521655622044352,fing_x_face,1,0.01,face_G>ri_V,2,LR-P1-N2,GP,frac03,0.011467218399047852
True,0.027399382837170392,0.010000000000005395,0.02562254364358882,0.00874089490114464,0.009665972769341842,0.00997067448680352,0.0,0.012495982614285058,0.016574585635359115,1.1104972375690607,1.51994918963591,fing_x_face,1,0.01,face_G>ri_V,2,LR-P1-N2-rel,GP,frac03,0.010955333709716797
True,,,,,,0.008043569333891915,0.0064516129032258064,0.007384337552226014,0.024861878453038673,1.3812154696132597,1.5297363064538345,fing_x_face,1,0.01,face_G>ri_V,2,S1-Marcialis,rule,frac03,0.003361225128173828
False,,,,,,,,,,,,fing_x_face,1,0.01,li_V>face_C,2,HYP,GP,frac03,0.03520059585571289
True,0.14301682590207707,0.01000000000000004,0.1296548809075098,0.02197710718002081,0.009649332923114227,0.009803100125680772,0.012903225806451613,0.01166954898149707,0.011049723756906077,1.1104972375690607,1.8515556847920907,fing_x_face,1,0.01,li_V>face_C,2,MONO,GP,frac03,0.01132965087890625
True,0.13945891293949342,0.010000000000003131,0.12652621260374372,0.02197710718002081,0.009614050692472785,0.009761206535400083,0.012903225806451613,0.011615983838631182,0.011049723756906077,1.1104972375690607,1.8515556847920907,fing_x_face,1,0.01,li_V>face_C,2,LR-P1-N2,GP,frac03,0.010901927947998047
True,0.1048922542999441,0.010000000000000014,0.09601146921029588,0.02197710718002081,0.009614050692472785,0.009761206535400083,0.012903225806451613,0.011615983838631182,0.011049723756906077,1.1104972375690607,1.8515556847920907,fing_x_face,1,0.01,li_V>face_C,2,LR-P1-N2-rel,GP,frac03,0.010523080825805664
True,,,,,,0.00997067448680352,0.01935483870967742,0.012580156410217168,0.016574585635359115,1.201657458563536,1.855305244792703,fing_x_face,1,0.01,li_V>face_C,2,S1-Marcialis,rule,frac03,0.0024666786193847656
False,,,,,,,,,,,,fing_x_face,1,0.01,li_V>face_G,2,HYP,GP,frac03,0.004310131072998047
True,0.14297862682752988,0.01000000003656384,0.13000992005685932,0.018938605619146724,0.009623454373106334,0.009509844993715962,0.0064516129032258064,0.01242711314488606,0.019337016574585635,1.1215469613259668,1.8525810746698093,fing_x_face,1,0.01,li_V>face_G,2,MONO,GP,frac03,0.020417213439941406
True,0.13942261791230318,0.010000000000000226,0.12684810650046718,0.018938605619146724,0.009517497111588703,0.0093841642228739,0.0064516129032258064,0.012335287185687395,0.019337016574585635,1.1215469613259668,1.8525810746698093,fing_x_face,1,0.01,li_V>face_G,2,LR-P1-N2,GP,frac03,0.012064695358276367
True,0.10171511743293828,0.01000000000000831,0.09419640835938425,0.018938605619146724,0.00948217802441622,0.009342270632593214,0.0064516129032258064,0.012319982859154283,0.019337016574585635,1.1215469613259668,1.8525810746698093,fing_x_face,1,0.01,li_V>face_G,2,LR-P1-N2-rel,GP,frac03,0.011452674865722656
True,,,,,,0.00997067448680352,0.012903225806451613,0.012886242940879387,0.016574585635359115,1.201657458563536,1.855305244792703,fing_x_face,1,0.01,li_V>face_G,2,S1-Marcialis,rule,frac03,0.0026650428771972656
False,,,,,,,,,,,,fing_x_face,1,0.01,li_V>ri_V,2,HYP,GP,frac03,0.010979175567626953
True,0.1436298681611504,0.010000000000008592,0.129945474225001,0.020603537981269508,0.008238043697454164,0.008630079597821534,0.06451612903225806,0.008463292572810333,0.03591160220994475,1.1104972375690607,1.8515556847920907,fing_x_face,1,0.01,li_V>ri_V,2,MONO,GP,frac03,0.011273384094238281
True,0.13884094509048317,0.010000000000001888,0.12626699764721688,0.020603537981269508,0.008238043697454164,0.008630079597821534,0.06451612903225806,0.008463292572810333,0.03591160220994475,1.1104972375690607,1.8515556847920907,fing_x_face,1,0.01,li_V>ri_V,2,LR-P1-N2,GP,frac03,0.011564016342163086
True,0.1034902989474467,0.010000000000002358,0.09458375074061319,0.020603537981269508,0.008238043697454164,0.008630079597821534,0.06451612903225806,0.008463292572810333,0.03591160220994475,1.1104972375690607,1.8515556847920907,fing_x_face,1,0.01,li_V>ri_V,2,LR-P1-N2-rel,GP,frac03,0.010489940643310547
True,,,,,,0.009761206535400083,0.06451612903225806,0.009182595919866546,0.04696132596685083,1.201657458563536,1.855305244792703,fing_x_face,1,0.01,li_V>ri_V,2,S1-Marcialis,rule,frac03,0.0028238296508789062
False,,,,,,,,,,,,fing_x_face,1,0.01,ri_V>face_C,2,HYP,GP,frac03,0.020779848098754883
True,0.06273641677189694,0.010000000000000253,0.056959787525572445,0.010613943808532778,0.008820333011043478,0.008797653958944282,0.0064516129032258064,0.010483463675180974,0.0027624309392265192,1.069060773480663,1.9962963529789872,fing_x_face,1,0.01,ri_V>face_C,2,MONO,GP,frac03,0.009798526763916016
True,0.05620387336865458,0.010000000000000094,0.05111604630015884,0.010613943808532778,0.008695136640323628,0.00867197318810222,0.0064516129032258064,0.010391637715982309,0.0027624309392265192,1.069060773480663,1.9962963529789872,fing_x_face,1,0.01,ri_V>face_C,2,LR-P1-N2,GP,frac03,0.010238170623779297
True,0.05687351528445601,0.010000000000056217,0.05184041954787804,0.010655567117585849,0.0089479426070098,0.008923334729786342,0.0064516129032258064,0.010452855022114751,0.0027624309392265192,1.0718232044198894,1.997367655836305,fing_x_face,1,0.01,ri_V>face_C,2,LR-P1-N2-rel,GP,frac03,0.01413726806640625
True,,,,,,0.00997067448680352,0.012903225806451613,0.012687286695948945,0.008287292817679558,1.149171270718232,1.9999923478367334,fing_x_face,1,0.01,ri_V>face_C,2,S1-Marcialis,rule,frac03,0.0016329288482666016
False,,,,,,,,,,,,fing_x_face,1,0.01,ri_V>face_G,2,HYP,GP,frac03,0.024715185165405273
True,0.06311500568540682,0.010000000000000174,0.05740260859677775,0.009365244536940686,0.009738439729655641,0.009761206535400083,0.0,0.012075113634624508,0.0055248618784530384,1.069060773480663,1.9962963529789872,fing_x_face,1,0.01,ri_V>face_G,2,MONO,GP,frac03,0.010336637496948242
True,0.0565594466466554,0.010000000000001017,0.05152238468147417,0.009989594172736732,0.00952977911178926,0.009551738583996649,0.0,0.011807287920295067,0.0055248618784530384,1.069060773480663,1.9962963529789872,fing_x_face,1,0.01,ri_V>face_G,2,LR-P1-N2,GP,frac03,0.010860443115234375
True,0.05538855609779198,0.010000000000000049,0.05104359063462628,0.009323621227887616,0.009699910614136876,0.009719312945119397,0.0,0.01245772179795228,0.0055248618784530384,1.0718232044198894,1.997367655836305,fing_x_face,1,0.01,ri_V>face_G,2,LR-P1-N2-rel,GP,frac03,0.0112762451171875
True,,,,,,0.00997067448680352,0.0,0.013123460002142606,0.011049723756906077,1.149171270718232,1.9999923478367334,fing_x_face,1,0.01,ri_V>face_G,2,S1-Marcialis,rule,frac03,0.0020639896392822266
False,,,,,,,,,,,,fing_x_face,1,0.01,ri_V>li_V,2,HYP,GP,frac03,0.009221792221069336
True,0.07455707456250295,0.010000000000000937,0.06388110639167341,0.020603537981269508,0.009070985503273246,0.009049015500628404,0.06451612903225806,0.008777031266739108,0.03314917127071823,1.0662983425414365,1.9949342679175404,fing_x_face,1,0.01,ri_V>li_V,2,MONO,GP,frac03,0.009914636611938477
True,0.0674132431513724,0.010000000000000795,0.05802146422968002,0.020603537981269508,0.009070985503273246,0.009049015500628404,0.06451612903225806,0.008777031266739108,0.03314917127071823,1.0662983425414365,1.9949342679175404,fing_x_face,1,0.01,ri_V>li_V,2,LR-P1-N2,GP,frac03,0.009670495986938477
True,0.06914706528160822,0.01000000000000616,0.059580540782146016,0.020603537981269508,0.007526637180271765,0.007498952660242983,0.06451612903225806,0.007437902695091902,0.03314917127071823,1.069060773480663,1.9962963529789872,fing_x_face,1,0.01,ri_V>li_V,2,LR-P1-N2-rel,GP,frac03,0.009829282760620117
True,,,,,,0.008085462924172601,0.09032258064516129,0.007537380817557123,0.049723756906077346,1.149171270718232,1.9999923478367334,fing_x_face,1,0.01,ri_V>li_V,2,S1-Marcialis,rule,frac03,0.0014700889587402344
True,0.2052643822146424,0.010000000000000316,0.18687125755859113,0.02792736061226545,0.009405558049421137,0.014704650188521157,0.03225806451612903,0.01789840988047321,0.04696132596685083,1.058011049723757,1.0870280528305352,fing_x_face,1,0.01,face_C>face_G>li_V,3,HYP,GP,frac03,0.017588376998901367
True,0.058418549578203915,0.01000000000000909,0.054569047208307554,0.002410392400389379,0.009648843759222732,0.011101801424382069,0.0,0.014722762124852696,0.013812154696132596,1.132596685082873,1.9841676742014969,fing_x_face,1,0.01,face_C>face_G>li_V,3,MONO,GP,frac03,0.03899550437927246
True,0.05656390142981533,0.010000000000001284,0.052846556310865246,0.002410392400389379,0.009612229266487277,0.011018014243820696,0.0,0.014585023186054698,0.013812154696132596,1.132596685082873,1.9842748044872285,fing_x_face,1,0.01,face_C>face_G>li_V,3,LR-P1-N2,GP,frac03,0.026125192642211914
True,0.03329283731627072,0.010000000000069717,0.031797053535569206,0.002295995434862878,0.009872683376949487,0.011730205278592375,0.0,0.015212500573912244,0.013812154696132596,1.12707182320442,1.9852389770588146,fing_x_face,1,0.01,face_C>face_G>li_V,3,LR-P1-N2-rel,GP,frac03,0.026058673858642578
True,,,,,,0.007875994972769166,0.01935483870967742,0.008440336083010667,0.022099447513812154,1.5276243093922652,2.0037954729802117,fing_x_face,1,0.01,face_C>face_G>li_V,3,S1-Marcialis,rule,frac03,0.0077114105224609375
True,0.19542693656372714,0.010000000000000111,0.17905883759995014,0.027803296297539526,0.009423944531558794,0.014578969417679095,0.03225806451612903,0.017936670696805986,0.04696132596685083,1.058011049723757,1.0925529147089883,fing_x_face,1,0.01,face_C>face_G>ri_V,3,HYP,GP,frac03,0.01913905143737793
True,0.056992604478531134,0.010000000000006302,0.053966281175813556,0.0011600819039307173,0.00945658912614106,0.010766652702136573,0.0,0.01355198114506971,0.011049723756906077,1.138121546961326,1.9851930640792153,fing_x_face,1,0.01,face_C>face_G>ri_V,3,MONO,GP,frac03,0.02327871322631836
True,0.05505765753712392,0.010000000000377294,0.052193326653713484,0.0011600819039307173,0.009863987143411475,0.011269375785504817,0.0,0.013911632818597818,0.011049723756906077,1.138121546961326,1.9851624554261489,fing_x_face,1,0.01,face_C>face_G>ri_V,3,LR-P1-N2,GP,frac03,0.024386882781982422
True,0.03165347134364072,0.010000000000030656,0.0306448545470591,0.0010956329092678997,0.009666360061066942,0.011395056556346879,0.0,0.015028848655514914,0.008287292817679558,1.1298342541436464,1.9841370655484305,fing_x_face,1,0.01,face_C>face_G>ri_V,3,LR-P1-N2-rel,GP,frac03,0.031147241592407227
True,,,,,,0.008169250104733976,0.0,0.00821842334828056,0.016574585635359115,1.5276243093922652,2.0037954729802117,fing_x_face,1,0.01,face_C>face_G>ri_V,3,S1-Marcialis,rule,frac03,0.0053844451904296875
True,0.3444865310215669,0.010000000000000057,0.3104361851306121,0.042250344063643384,0.009269810381187122,0.01223292836196062,0.04516129032258064,0.01486815322691725,0.04696132596685083,1.0359116022099448,1.0476576728241074,fing_x_face,1,0.01,face_C>li_V>face_G,3,HYP,GP,frac03,0.016012907028198242
True,0.06788283782777609,0.010000000000000484,0.059265826726751854,0.0026295189822429592,0.009754477071192019,0.010515291160452451,0.0,0.013804502532866041,0.008287292817679558,1.0856353591160222,2.1546884804334185,fing_x_face,1,0.01,face_C>li_V>face_G,3,MONO,GP,frac03,0.028722286224365234
True,0.06565859982528405,0.010000000000009304,0.057485600322443514,0.002784196569433722,0.009732429485060373,0.010473397570171765,0.0,0.013613198451202155,0.008287292817679558,1.0856353591160222,2.1546884804334185,fing_x_face,1,0.01,face_C>li_V>face_G,3,LR-P1-N2,GP,frac03,0.02493739128112793
True,0.04124978361990116,0.010000000000009349,0.03729328908687351,0.002474841395052197,0.00987720252719093,0.010850439882697948,0.0,0.014095284736995149,0.008287292817679558,1.0883977900552486,2.156425521494927,fing_x_face,1,0.01,face_C>li_V>face_G,3,LR-P1-N2-rel,GP,frac03,0.02365589141845703
True,,,,,,0.00997067448680352,0.0064516129032258064,0.012786764818414165,0.013812154696132596,1.3453038674033149,2.1720435867219665,fing_x_face,1,0.01,face_C>li_V>face_G,3,S1-Marcialis,rule,frac03,0.005764007568359375
True,0.5328163848339084,0.010000000000000057,0.4467249050657813,0.07257789265214326,0.008983592900041776,0.010180142438206955,0.07096774193548387,0.011945026859093065,0.06353591160220995,1.0193370165745856,1.0259790942899558,fing_x_face,1,0.01,face_C>li_V>ri_V,3,HYP,GP,frac03,0.016489267349243164
True,0.06774750350438792,0.010000000000006292,0.059095401838918676,0.002474841395052197,0.009574235638638096,0.010012568077084207,0.0064516129032258064,0.011906766042760288,0.0027624309392265192,1.0856353591160222,2.153923264106763,fing_x_face,1,0.01,face_C>li_V>ri_V,3,MONO,GP,frac03,0.032579660415649414
True,0.06538943953379642,0.010000000000000146,0.05728755786258899,0.002474841395052197,0.009532495769068627,0.00997067448680352,0.0064516129032258064,0.0118532008998944,0.0027624309392265192,1.0856353591160222,2.1540303943924948,fing_x_face,1,0.01,face_C>li_V>ri_V,3,LR-P1-N2,GP,frac03,0.026760101318359375
True,0.04092236581649462,0.010000000000004516,0.03686171953264741,0.002784196569433722,0.00922961731170619,0.009593632174277335,0.0064516129032258064,0.01143233192023385,0.0027624309392265192,1.0856353591160222,2.1541834376578257,fing_x_face,1,0.01,face_C>li_V>ri_V,3,LR-P1-N2-rel,GP,frac03,0.02632927894592285
True,,,,,,0.009551738583996649,0.012903225806451613,0.00890711804227055,0.0055248618784530384,1.3453038674033149,2.1720435867219665,fing_x_face,1,0.01,face_C>li_V>ri_V,3,S1-Marcialis,rule,frac03,0.005597829818725586
True,0.3094656642487451,0.010000000000002696,0.28135679805643377,0.03522540364539626,0.009436155210360805,0.0129451193967323,0.03225806451612903,0.01547267412497513,0.04419889502762431,1.0359116022099448,1.0547129673558715,fing_x_face,1,0.01,face_C>ri_V>face_G,3,HYP,GP,frac03,0.015112638473510742
True,0.058450620728166716,0.010000000000023976,0.05466125966988121,0.001392098284716861,0.009416380966488745,0.010431503979891076,0.0,0.013322416247073048,0.0055248618784530384,1.0828729281767955,2.243920356284722,fing_x_face,1,0.01,face_C>ri_V>face_G,3,MONO,GP,frac03,0.03087902069091797
True,0.05588167705428932,0.010000000000000014,0.05258597050140877,0.0012374206975260987,0.00988007628812685,0.011018014243820696,0.0,0.013743285226733598,0.0055248618784530384,1.0828729281767955,2.2435300959581275,fing_x_face,1,0.01,face_C>ri_V>face_G,3,LR-P1-N2,GP,frac03,0.037039995193481445
True,0.03515320542416169,0.010000000000003078,0.03296802829726573,0.0013147594911214796,0.00960441508634393,0.010557184750733138,0.0,0.013819806859399153,0.0055248618784530384,1.0828729281767955,2.243966269264321,fing_x_face,1,0.01,face_C>ri_V>face_G,3,LR-P1-N2-rel,GP,frac03,0.026424646377563477
True,,,,,,0.00997067448680352,0.0,0.013054590532743606,0.011049723756906077,1.328729281767956,2.2603495508180163,fing_x_face,1,0.01,face_C>ri_V>face_G,3,S1-Marcialis,rule,frac03,0.005646944046020508
True,0.5072807698811154,0.010000000000001204,0.426791777728806,0.07219334698398847,0.008994984062880284,0.010347716799329703,0.07096774193548387,0.011967983348892732,0.055248618784530384,1.0248618784530388,1.027830917800462,fing_x_face,1,0.01,face_C>ri_V>li_V,3,HYP,GP,frac03,0.021152734756469727
True,0.05985061948422821,0.0100000000001593,0.055121572676828504,0.0024748413950521973,0.008982930116574032,0.009342270632593214,0.0064516129032258064,0.010789550205843192,0.0027624309392265192,1.0828729281767955,2.2432546180805315,fing_x_face,1,0.01,face_C>ri_V>li_V,3,MONO,GP,frac03,0.0479888916015625
True,0.05722460946091034,0.010000000000032032,0.05307054365695986,0.0023201638078614345,0.009426869848257658,0.009844993715961458,0.0064516129032258064,0.01150120138963285,0.0027624309392265192,1.0828729281767955,2.242588879876341,fing_x_face,1,0.01,face_C>ri_V>li_V,3,LR-P1-N2,GP,frac03,0.031354665756225586
True,0.036939964003928356,0.010000000000003255,0.03384341050430396,0.0027068577758383406,0.009207048645384287,0.009426057813154587,0.0064516129032258064,0.011019115103839856,0.0027624309392265192,1.0828729281767955,2.243453574325462,fing_x_face,1,0.01,face_C>ri_V>li_V,3,LR-P1-N2-rel,GP,frac03,0.02399420738220215
True,,,,,,0.007373271889400922,0.03225806451612903,0.006940512082765798,0.011049723756906077,1.328729281767956,2.2603495508180163,fing_x_face,1,0.01,face_C>ri_V>li_V,3,S1-Marcialis,rule,frac03,0.005612850189208984
True,0.11566842127108917,0.010000000000002198,0.10682967213631624,0.033879762344332175,0.008670453092179568,0.01889400921658986,0.03225806451612903,0.024073705636583464,0.06906077348066299,1.080110497237569,1.0896527448309636,fing_x_face,1,0.01,face_G>face_C>li_V,3,HYP,GP,frac03,0.0186767578125
True,0.04655841392265847,0.010000000000000253,0.042687084069960954,0.0025000839179618005,0.009642102494042707,0.011018014243820696,0.0,0.014393719104390811,0.019337016574585635,1.1629834254143647,1.8806492095315346,fing_x_face,1,0.01,face_G>face_C>li_V,3,MONO,GP,frac03,0.02505040168762207
True,0.04593829966261158,0.010000000000279266,0.04220511520799369,0.0023572219797925544,0.009903386440914758,0.011436950146627566,0.0,0.014806935920784806,0.019337016574585635,1.1629834254143647,1.880695122511134,fing_x_face,1,0.01,face_G>face_C>li_V,3,LR-P1-N2,GP,frac03,0.028534412384033203
True,0.021977797224613096,0.01000000000000656,0.02045550809434551,0.0025255949783491655,0.009559375098705185,0.01122748219522413,0.0,0.014569718859521586,0.016574585635359115,1.160220994475138,1.8820801640623805,fing_x_face,1,0.01,face_G>face_C>li_V,3,LR-P1-N2-rel,GP,frac03,0.02655959129333496
True,,,,,,0.007875994972769166,0.01935483870967742,0.008440336083010667,0.022099447513812154,1.6104972375690607,1.9033531779434045,fing_x_face,1,0.01,face_G>face_C>li_V,3,S1-Marcialis,rule,frac03,0.005348920822143555
True,0.11012492758016183,0.01000000000000053,0.10229661374925633,0.03377342150313853,0.008705150360182927,0.018977796397151237,0.03225806451612903,0.024234401065181127,0.06906077348066299,1.080110497237569,1.095774475444208,fing_x_face,1,0.01,face_G>face_C>ri_V,3,HYP,GP,frac03,0.021654367446899414
True,0.04513068942177876,0.010000000000008877,0.04208390116906669,0.000994931355107247,0.00984216492136102,0.011185588604943444,0.0,0.014439632083990144,0.013812154696132596,1.160220994475138,1.880587992225402,fing_x_face,1,0.01,face_G>face_C>ri_V,3,MONO,GP,frac03,0.025369644165039062
True,0.04443723303966559,0.010000000000001888,0.041555935847743995,0.000994931355107247,0.00978003991233282,0.011101801424382069,0.0,0.014347806124791479,0.013812154696132596,1.160220994475138,1.880779296307066,fing_x_face,1,0.01,face_G>face_C>ri_V,3,LR-P1-N2,GP,frac03,0.02555060386657715
True,0.02028717697110953,0.010000000000009623,0.01926792936942663,0.0011428955053539658,0.009644796689697584,0.011353162966066192,0.0,0.014554414532988476,0.013812154696132596,1.1629834254143647,1.8806721660213341,fing_x_face,1,0.01,face_G>face_C>ri_V,3,LR-P1-N2-rel,GP,frac03,0.02319478988647461
True,,,,,,0.008169250104733976,0.0,0.00821842334828056,0.016574585635359115,1.6104972375690607,1.9033531779434045,fing_x_face,1,0.01,face_G>face_C>ri_V,3,S1-Marcialis,rule,frac03,0.005474090576171875
True,0.15991277413522015,0.010000000000001327,0.1485506358702865,0.04096270685777584,0.00862971782634177,0.01508169250104734,0.03870967741935484,0.018594756737729756,0.0718232044198895,1.069060773480663,1.069060773480663,fing_x_face,1,0.01,face_G>li_V>face_C,3,HYP,GP,frac03,0.018664121627807617
True,0.05416024650310611,0.010000000000005671,0.0473451393067646,0.0023878352522573934,0.009807499866996552,0.010640971931294513,0.0,0.013842763349198818,0.019337016574585635,1.1243093922651934,1.9632313555042011,fing_x_face,1,0.01,face_G>li_V>face_C,3,MONO,GP,frac03,0.02641010284423828
True,0.053350641615592186,0.010000000000010894,0.04676386861115144,0.0023878352522573934,0.009736260824655979,0.010640971931294513,0.0,0.013865719838998486,0.019337016574585635,1.1243093922651934,1.9633308336266662,fing_x_face,1,0.01,face_G>li_V>face_C,3,LR-P1-N2,GP,frac03,0.024912118911743164
True,0.0273169299738798,0.01000000000000394,0.024597327728702996,0.0023878352522573934,0.009760010910915502,0.010934227063259321,0.0,0.014477892900322921,0.019337016574585635,1.1243093922651934,1.9643026583615188,fing_x_face,1,0.01,face_G>li_V>face_C,3,LR-P1-N2-rel,GP,frac03,0.024504899978637695
True,,,,,,0.00997067448680352,0.012903225806451613,0.01228937420608806,0.022099447513812154,1.4447513812154695,1.9843742826096937,fing_x_face,1,0.01,face_G>li_V>face_C,3,S1-Marcialis,rule,frac03,0.005697488784790039
True,0.21048557325771164,0.010000000000000413,0.18930654867233931,0.04267060521634051,0.007986505033694727,0.00909090909090909,0.04516129032258064,0.01141702759370074,0.08011049723756906,1.0607734806629834,1.0449028940481475,fing_x_face,1,0.01,face_G>li_V>ri_V,3,HYP,GP,frac03,0.018781661987304688
True,0.05424981377148992,0.010000000000008922,0.04738239145598316,0.0020108086334799102,0.009783750554969089,0.010222036028487641,0.0,0.012955112410278385,0.016574585635359115,1.1243093922651934,1.9632696163205339,fing_x_face,1,0.01,face_G>li_V>ri_V,3,MONO,GP,frac03,0.031464576721191406
True,0.053287962408661356,0.010000000000005352,0.04674937715852493,0.0020108086334799102,0.00970027081583004,0.010138248847926268,0.0,0.012924503757212163,0.016574585635359115,1.1243093922651934,1.9633308336266662,fing_x_face,1,0.01,face_G>li_V>ri_V,3,LR-P1-N2,GP,frac03,0.025866270065307617
True,0.026809622001180772,0.01000000000000043,0.024170284051000756,0.002262159712664899,0.009456392169756602,0.009761206535400083,0.0,0.012717895349015167,0.016574585635359115,1.1243093922651934,1.9631930946878682,fing_x_face,1,0.01,face_G>li_V>ri_V,3,LR-P1-N2-rel,GP,frac03,0.024700403213500977
True,,,,,,0.007582739840804357,0.0064516129032258064,0.006948164246032353,0.022099447513812154,1.4447513812154695,1.9843742826096937,fing_x_face,1,0.01,face_G>li_V>ri_V,3,S1-Marcialis,rule,frac03,0.005494356155395508
True,0.14495220057943936,0.010000000000004712,0.1353138293369629,0.035052465509717703,0.008742043576877561,0.01566820276497696,0.03225806451612903,0.019390581717451522,0.06906077348066299,1.069060773480663,1.0755191992776358,fing_x_face,1,0.01,face_G>ri_V>face_C,3,HYP,GP,frac03,0.018564701080322266
True,0.04497085313226575,0.010000000000004686,0.04199350067970975,0.0011939176261286967,0.009486708456533897,0.010431503979891076,0.0,0.013613198451202155,0.013812154696132596,1.1132596685082874,2.0381842947001116,fing_x_face,1,0.01,face_G>ri_V>face_C,3,MONO,GP,frac03,0.027461767196655273
True,0.04382118051568345,0.010000000000000715,0.041185327256470165,0.0011428955053539658,0.00983162684203832,0.01097612065354001,0.0,0.013842763349198818,0.013812154696132596,1.1160220994475138,2.038406207434842,fing_x_face,1,0.01,face_G>ri_V>face_C,3,LR-P1-N2,GP,frac03,0.027103185653686523
True,0.02190335831569453,0.010000000000141465,0.020403938775251627,0.0011939176261286967,0.00984780136755813,0.011018014243820696,0.0,0.014363110451324589,0.013812154696132596,1.1132596685082874,2.0378475995163834,fing_x_face,1,0.01,face_G>ri_V>face_C,3,LR-P1-N2-rel,GP,frac03,0.029361486434936523
True,,,,,,0.00997067448680352,0.0064516129032258064,0.012633721553083057,0.016574585635359115,1.4364640883977902,2.059472612907669,fing_x_face,1,0.01,face_G>ri_V>face_C,3,S1-Marcialis,rule,frac03,0.00556492805480957
True,0.20039789820716802,0.010000000000001976,0.1801310720110847,0.04173609479372965,0.007994893389726017,0.009593632174277335,0.03870967741935484,0.01157007085903185,0.07734806629834254,1.0607734806629834,1.0460813271911968,fing_x_face,1,0.01,face_G>ri_V>li_V,3,HYP,GP,frac03,0.016939878463745117
True,0.04649824127289166,0.010000000000009472,0.04266558502385105,0.002165486220670672,0.009238302627617349,0.009509844993715962,0.0,0.012197548246889395,0.016574585635359115,1.1160220994475138,2.0386051636797724,fing_x_face,1,0.01,face_G>ri_V>li_V,3,MONO,GP,frac03,0.02611255645751953
True,0.04526575350968331,0.010000000000000245,0.04185027679611382,0.0020301433318787553,0.009562733261527893,0.009886887306242145,0.0,0.012396504491819837,0.016574585635359115,1.1160220994475138,2.0387735112716365,fing_x_face,1,0.01,face_G>ri_V>li_V,3,LR-P1-N2,GP,frac03,0.02712249755859375
True,0.023380532660051294,0.010000000000007695,0.021255311216791316,0.002368500553858548,0.009425500062822617,0.009593632174277335,0.0,0.012381200165286727,0.016574585635359115,1.1160220994475138,2.0388117720879695,fing_x_face,1,0.01,face_G>ri_V>li_V,3,LR-P1-N2-rel,GP,frac03,0.023827075958251953
True,,,,,,0.007792207792207792,0.03225806451612903,0.007988858450283895,0.027624309392265192,1.4364640883977902,2.059472612907669,fing_x_face,1,0.01,face_G>ri_V>li_V,3,S1-Marcialis,rule,frac03,0.005900144577026367
False,,,,,,,,,,,,fing_x_face,1,0.01,li_V>face_C>face_G,3,HYP,GP,frac03,0.022771596908569336
True,0.1322907614758055,0.010000000000000812,0.1237071399768616,0.0026939679769057766,0.008439558889422322,0.009509844993715962,0.0,0.012503634777551615,0.011049723756906077,1.1215469613259668,2.3882631119817574,fing_x_face,1,0.01,li_V>face_C>face_G,3,MONO,GP,frac03,0.029142379760742188
True,0.12841572725563088,0.010000000000002039,0.12027193110689516,0.0026939679769057766,0.00843036658978426,0.009509844993715962,0.0,0.012381200165286727,0.011049723756906077,1.1215469613259668,2.3882631119817574,fing_x_face,1,0.01,li_V>face_C>face_G,3,LR-P1-N2,GP,frac03,0.027660846710205078
True,0.08773251220092017,0.010000000000000288,0.08380517741169098,0.0025255949783491655,0.009325363115321846,0.010599078341013824,0.0,0.013582589798135933,0.011049723756906077,1.1215469613259668,2.3878116343490303,fing_x_face,1,0.01,li_V>face_C>face_G,3,LR-P1-N2-rel,GP,frac03,0.028393030166625977
True,,,,,,0.00997067448680352,0.0064516129032258064,0.012802069144947277,0.013812154696132596,1.2486187845303867,2.397170230024028,fing_x_face,1,0.01,li_V>face_C>face_G,3,S1-Marcialis,rule,frac03,0.004744052886962891
False,,,,,,,,,,,,fing_x_face,1,0.01,li_V>face_C>ri_V,3,HYP,GP,frac03,0.04454970359802246
True,0.1322417545543252,0.010000000000015264,0.12359122261190258,0.002295995434862878,0.009667830180571605,0.010222036028487641,0.0064516129032258064,0.010735985062977304,0.0055248618784530384,1.1187845303867403,2.385615463491529,fing_x_face,1,0.01,li_V>face_C>ri_V,3,MONO,GP,frac03,0.030017852783203125
True,0.12821734784637234,0.010000000000009944,0.12012031377027499,0.002295995434862878,0.009632759112332034,0.010180142438206955,0.0064516129032258064,0.010713028573177637,0.0055248618784530384,1.1187845303867403,2.3856384199813285,fing_x_face,1,0.01,li_V>face_C>ri_V,3,LR-P1-N2,GP,frac03,0.028504610061645508
True,0.0876685139389774,0.01000000000000584,0.08357825111334594,0.02180390050686449,0.00724571904603666,0.007792207792207792,0.025806451612903226,0.009129030777000658,0.022099447513812154,1.1049723756906078,2.1189375736520715,fing_x_face,1,0.01,li_V>face_C>ri_V,3,LR-P1-N2-rel,GP,frac03,0.025478363037109375
True,,,,,,0.009551738583996649,0.012903225806451613,0.00892242236880366,0.0055248618784530384,1.2486187845303867,2.397170230024028,fing_x_face,1,0.01,li_V>face_C>ri_V,3,S1-Marcialis,rule,frac03,0.004620790481567383
False,,,,,,,,,,,,fing_x_face,1,0.01,li_V>face_G>face_C,3,HYP,GP,frac03,0.016777515411376953
True,0.12941002804511184,0.010000000000009482,0.12261917439694213,0.002711691450438052,0.008872946477083496,0.01038961038961039,0.0,0.01304693836947705,0.008287292817679558,1.12707182320442,2.299566887559113,fing_x_face,1,0.01,li_V>face_G>face_C,3,MONO,GP,frac03,0.02593708038330078
True,0.12582988973985304,0.01000000000000488,0.11926209506096763,0.002711691450438052,0.008838917674660765,0.010347716799329703,0.0,0.013085199185809828,0.008287292817679558,1.12707182320442,2.2995974962121792,fing_x_face,1,0.01,li_V>face_G>face_C,3,LR-P1-N2,GP,frac03,0.026519060134887695
True,0.0847246780179322,0.010000000000000075,0.08202895738441315,0.002556476788291766,0.009102479341769259,0.010934227063259321,0.0,0.013636154941001821,0.008287292817679558,1.138121546961326,2.3002632344163696,fing_x_face,1,0.01,li_V>face_G>face_C,3,LR-P1-N2-rel,GP,frac03,0.029486656188964844
True,,,,,,0.00997067448680352,0.012903225806451613,0.012335287185687395,0.013812154696132596,1.2651933701657458,2.309943220948562,fing_x_face,1,0.01,li_V>face_G>face_C,3,S1-Marcialis,rule,frac03,0.0051267147064208984
False,,,,,,,,,,,,fing_x_face,1,0.01,li_V>face_G>ri_V,3,HYP,GP,frac03,0.030579566955566406
True,0.12949668514760243,0.010000000000007607,0.12265370758474631,0.0023926689268571047,0.008455794332294736,0.008839547549224969,0.0,0.010215637960851533,0.008287292817679558,1.12707182320442,2.2995515832325797,fing_x_face,1,0.01,li_V>face_G>ri_V,3,MONO,GP,frac03,0.02933335304260254
True,0.1257527023385992,0.010000000000004845,0.11923882247981299,0.0023926689268571047,0.00831520935027658,0.00867197318810222,0.0,0.010162072817985644,0.008287292817679558,1.12707182320442,2.299605148375446,fing_x_face,1,0.01,li_V>face_G>ri_V,3,LR-P1-N2,GP,frac03,0.03414201736450195
True,0.0844379702871285,0.01000000000005104,0.08178138241465621,0.0021268168238729817,0.009404742960917617,0.00967741935483871,0.0,0.011899113879493732,0.008287292817679558,1.12707182320442,2.2978528029874044,fing_x_face,1,0.01,li_V>face_G>ri_V,3,LR-P1-N2-rel,GP,frac03,0.025945186614990234
True,,,,,,0.007582739840804357,0.0064516129032258064,0.006994077225631686,0.013812154696132596,1.2651933701657458,2.309943220948562,fing_x_face,1,0.01,li_V>face_G>ri_V,3,S1-Marcialis,rule,frac03,0.00474858283996582
False,,,,,,,,,,,,fing_x_face,1,0.01,li_V>ri_V>face_C,3,HYP,GP,frac03,0.04792499542236328
True,0.1319379345416359,0.01000000000005158,0.12349105417999233,0.003030713974018999,0.007528142158597795,0.007708420611646418,0.0064516129032258064,0.008593379348341776,0.0055248618784530384,1.143646408839779,2.701427893665539,fing_x_face,1,0.01,li_V>ri_V>face_C,3,MONO,GP,frac03,0.029010295867919922
True,0.12705292620042016,0.010000000008560907,0.1196580824307531,0.0026939679769057766,0.008337453266863233,0.008504398826979473,0.0064516129032258064,0.009389204328063543,0.0055248618784530384,1.143646408839779,2.7006779816654167,fing_x_face,1,0.01,li_V>ri_V>face_C,3,LR-P1-N2,GP,frac03,0.02829122543334961
True,0.09124636346323813,0.010000000000004197,0.08549404675159106,0.002755194521835453,0.00977817469349155,0.009928780896522832,0.0064516129032258064,0.010667115593578304,0.0055248618784530384,1.1408839779005524,2.6985736367671143,fing_x_face,1,0.01,li_V>ri_V>face_C,3,LR-P1-N2-rel,GP,frac03,0.025158166885375977
True,,,,,,0.00997067448680352,0.012903225806451613,0.012587808573483723,0.0055248618784530384,1.2734806629834254,2.7106028374221394,fing_x_face,1,0.01,li_V>ri_V>face_C,3,S1-Marcialis,rule,frac03,0.0039052963256835938
False,,,,,,,,,,,,fing_x_face,1,0.01,li_V>ri_V>face_G,3,HYP,GP,frac03,0.03357410430908203
True,0.13222273826930478,0.01000000000000067,0.12369763296526572,0.0028712027122285255,0.008267672198216941,0.008504398826979473,0.0,0.009978420899588314,0.008287292817679558,1.143646408839779,2.701427893665539,fing_x_face,1,0.01,li_V>ri_V>face_G,3,MONO,GP,frac03,0.029976844787597656
True,0.1273008792354305,0.010000000000000014,0.11983938976331608,0.0028712027122285255,0.008232456482044659,0.008462505236698786,0.0,0.009970768736321758,0.008287292817679558,1.143646408839779,2.701427893665539,fing_x_face,1,0.01,li_V>ri_V>face_G,3,LR-P1-N2,GP,frac03,0.039620399475097656
True,0.09110839236364572,0.010000000000007794,0.08555161767492515,0.00515753079789198,0.008040967237728038,0.008336824465856724,0.0064516129032258064,0.010123812001652866,0.008287292817679558,1.143646408839779,2.6658300301495235,fing_x_face,1,0.01,li_V>ri_V>face_G,3,LR-P1-N2-rel,GP,frac03,0.0263519287109375
True,,,,,,0.00997067448680352,0.0,0.012893895104145943,0.008287292817679558,1.2734806629834254,2.7106028374221394,fing_x_face,1,0.01,li_V>ri_V>face_G,3,S1-Marcialis,rule,frac03,0.004322528839111328
False,,,,,,,,,,,,fing_x_face,1,0.01,ri_V>face_C>face_G,3,HYP,GP,frac03,0.020420551300048828
True,0.056207485403622505,0.010000000000005423,0.05235299491535524,0.0015226074989090667,0.009411703336399124,0.010473397570171765,0.0,0.012312330695887727,0.0055248618784530384,1.074585635359116,2.6190753125908692,fing_x_face,1,0.01,ri_V>face_C>face_G,3,MONO,GP,frac03,0.025776386260986328
True,0.04976119641551843,0.010000000000002696,0.04639861082836882,0.0015226074989090667,0.009333162349331969,0.010347716799329703,0.0,0.012212852573422507,0.0055248618784530384,1.074585635359116,2.6190753125908692,fing_x_face,1,0.01,ri_V>face_C>face_G,3,LR-P1-N2,GP,frac03,0.024508237838745117
True,0.047600240895468285,0.010000000000000493,0.04540944916985635,0.0012245308985935348,0.009840665075171085,0.011395056556346879,0.0,0.014102936900261704,0.0027624309392265192,1.074585635359116,2.6204527019788495,fing_x_face,1,0.01,ri_V>face_C>face_G,3,LR-P1-N2-rel,GP,frac03,0.026628971099853516
True,,,,,,0.00997067448680352,0.0,0.013054590532743606,0.008287292817679558,1.1795580110497237,2.6301632971641085,fing_x_face,1,0.01,ri_V>face_C>face_G,3,S1-Marcialis,rule,frac03,0.004191398620605469
False,,,,,,,,,,,,fing_x_face,1,0.01,ri_V>face_C>li_V,3,HYP,GP,frac03,0.013990640640258789
True,0.0577289157319769,0.010000000000004774,0.05288537400770772,0.0027551945218354536,0.008940565640453002,0.009007121910347717,0.0064516129032258064,0.009381552164796988,0.0027624309392265192,1.074585635359116,2.6184707916928116,fing_x_face,1,0.01,ri_V>face_C>li_V,3,MONO,GP,frac03,0.026791095733642578
True,0.051225448673097584,0.010000000000000538,0.04695864141447009,0.0027551945218354536,0.008940565640453002,0.009007121910347717,0.0064516129032258064,0.009381552164796988,0.0027624309392265192,1.074585635359116,2.6184707916928116,fing_x_face,1,0.01,ri_V>face_C>li_V,3,LR-P1-N2,GP,frac03,0.02639031410217285
True,0.04964253751557121,0.010000000000003948,0.04646116235324726,0.0025255949783491655,0.009701823156713814,0.010054461667364893,0.0064516129032258064,0.010988506450773634,0.0027624309392265192,1.074585635359116,2.6189834866316706,fing_x_face,1,0.01,ri_V>face_C>li_V,3,LR-P1-N2-rel,GP,frac03,0.025547027587890625
True,,,,,,0.007373271889400922,0.03225806451612903,0.006940512082765798,0.008287292817679558,1.1795580110497237,2.6301632971641085,fing_x_face,1,0.01,ri_V>face_C>li_V,3,S1-Marcialis,rule,frac03,0.0037136077880859375
False,,,,,,,,,,,,fing_x_face,1,0.01,ri_V>face_G>face_C,3,HYP,GP,frac03,0.025359392166137695
True,0.05460864714300764,0.010000000000030637,0.05156231259666726,0.0016837299855661104,0.00984897662488856,0.01122748219522413,0.0,0.012924503757212163,0.0055248618784530384,1.074585635359116,2.5182733658805345,fing_x_face,1,0.01,ri_V>face_G>face_C,3,MONO,GP,frac03,0.028974294662475586
True,0.04839373615417963,0.0100000000000083,0.045687615020272784,0.0017602631667282063,0.009703007064046493,0.011059907834101382,0.0,0.012671982369415833,0.0055248618784530384,1.074585635359116,2.5185335394315973,fing_x_face,1,0.01,ri_V>face_G>face_C,3,LR-P1-N2,GP,frac03,0.02467799186706543
True,0.04603516978896992,0.010000000000001985,0.044513511314094874,0.0013147594911214796,0.009391132241708889,0.011269375785504817,0.0,0.013896328492064706,0.0027624309392265192,1.080110497237569,2.5203624064523042,fing_x_face,1,0.01,ri_V>face_G>face_C,3,LR-P1-N2-rel,GP,frac03,0.02849555015563965
True,,,,,,0.00997067448680352,0.0064516129032258064,0.012641373716349612,0.0055248618784530384,1.2044198895027625,2.529728654290568,fing_x_face,1,0.01,ri_V>face_G>face_C,3,S1-Marcialis,rule,frac03,0.003839254379272461
False,,,,,,,,,,,,fing_x_face,1,0.01,ri_V>face_G>li_V,3,HYP,GP,frac03,0.04169464111328125
True,0.056327339543415414,0.010000000000021587,0.05235553412000544,0.002537679164848444,0.008627352971992637,0.008713866778382907,0.0,0.009940160083255536,0.0055248618784530384,1.0773480662983426,2.519314060084786,fing_x_face,1,0.01,ri_V>face_G>li_V,3,MONO,GP,frac03,0.03974723815917969
True,0.05003623419508615,0.010000000000004339,0.0464833354183135,0.0026786613406733577,0.008502508011278578,0.008588186007540846,0.0,0.00983302979752376,0.0055248618784530384,1.0773480662983426,2.519421190370518,fing_x_face,1,0.01,ri_V>face_G>li_V,3,LR-P1-N2,GP,frac03,0.026166200637817383
True,0.047724253346744246,0.010000000000000883,0.04551625053943205,0.002410392400389379,0.009283806248902737,0.0093841642228739,0.0,0.011593027348831515,0.0055248618784530384,1.080110497237569,2.518877886778592,fing_x_face,1,0.01,ri_V>face_G>li_V,3,LR-P1-N2-rel,GP,frac03,0.03854846954345703
True,,,,,,0.007792207792207792,0.03225806451612903,0.00799651061355045,0.016574585635359115,1.2044198895027625,2.529728654290568,fing_x_face,1,0.01,ri_V>face_G>li_V,3,S1-Marcialis,rule,frac03,0.005507230758666992
False,,,,,,,,,,,,fing_x_face,1,0.01,ri_V>li_V>face_C,3,HYP,GP,frac03,0.04183816909790039
True,0.06571042210642979,0.010000000000005919,0.05718158227117431,0.002755194521835453,0.00801087593813626,0.008043569333891915,0.0064516129032258064,0.008685205307540442,0.0027624309392265192,1.1049723756906078,2.844576911892992,fing_x_face,1,0.01,ri_V>li_V>face_C,3,MONO,GP,frac03,0.024345874786376953
True,0.0586259678116003,0.010000000001604791,0.05114956470915962,0.002755194521835453,0.007975669173497537,0.008001675743611228,0.0064516129032258064,0.00865459665447422,0.0027624309392265192,1.1049723756906078,2.844576911892992,fing_x_face,1,0.01,ri_V>li_V>face_C,3,LR-P1-N2,GP,frac03,0.026045560836791992
True,0.0557613647856575,0.010000000000007518,0.04997442317046302,0.002755194521835453,0.008626681621533868,0.008630079597821534,0.0064516129032258064,0.009389204328063543,0.0027624309392265192,1.1022099447513811,2.846375170260633,fing_x_face,1,0.01,ri_V>li_V>face_C,3,LR-P1-N2-rel,GP,frac03,0.0223848819732666
True,,,,,,0.00997067448680352,0.012903225806451613,0.012587808573483723,0.0027624309392265192,1.2209944751381216,2.85528994046617,fing_x_face,1,0.01,ri_V>li_V>face_C,3,S1-Marcialis,rule,frac03,0.0033402442932128906
False,,,,,,,,,,,,fing_x_face,1,0.01,ri_V>li_V>face_G,3,HYP,GP,frac03,0.032874107360839844
True,0.06611241087475728,0.01000000000000648,0.05747068556398945,0.0031902252358094727,0.00860939093699556,0.008588186007540846,0.0,0.009373900001530433,0.0055248618784530384,1.1049723756906078,2.844576911892992,fing_x_face,1,0.01,ri_V>li_V>face_G,3,MONO,GP,frac03,0.031215190887451172
True,0.058988198823033626,0.010000000000001941,0.051412967656811845,0.0031902252358094727,0.008538977407718024,0.008504398826979473,0.0,0.0093279870219311,0.0055248618784530384,1.1049723756906078,2.844576911892992,fing_x_face,1,0.01,ri_V>li_V>face_G,3,LR-P1-N2,GP,frac03,0.02586197853088379
True,0.05559326659859556,0.010000000000122697,0.05001071364310773,0.004132791782753181,0.007972298496571072,0.007875994972769166,0.0064516129032258064,0.009389204328063543,0.016574585635359115,1.0939226519337018,2.681516964845962,fing_x_face,1,0.01,ri_V>li_V>face_G,3,LR-P1-N2-rel,GP,frac03,0.024639129638671875
True,,,,,,0.00997067448680352,0.0,0.012893895104145943,0.0055248618784530384,1.2209944751381216,2.85528994046617,fing_x_face,1,0.01,ri_V>li_V>face_G,3,S1-Marcialis,rule,frac03,0.003215312957763672
True,0.1820582151221945,0.010000000000000413,0.1654463482002262,0.027834645882443387,0.00942975680337881,0.015333054042731463,0.03225806451612903,0.01806675747233743,0.04419889502762431,1.0635359116022098,1.1088214138136852,fing_x_face,1,0.01,face_C>face_G>li_V>ri_V,4,HYP,GP,frac03,0.03262734413146973
True,0.057333785995648374,0.010000000000007715,0.053950819386678735,0.00028740093619961,0.009882873151866414,0.011311269375785506,0.0,0.014753370777918919,0.008287292817679558,1.138121546961326,2.2942256775990573,fing_x_face,1,0.01,face_C>face_G>li_V>ri_V,4,MONO,GP,frac03,0.052141427993774414
True,0.05541815313768705,0.010000000000001239,0.052192407858069376,0.00028740093619961,0.009861879587542186,0.01122748219522413,0.0,0.014768675104452029,0.008287292817679558,1.138121546961326,2.294141503803125,fing_x_face,1,0.01,face_C>face_G>li_V>ri_V,4,LR-P1-N2,GP,frac03,0.05353713035583496
True,0.03153567235944811,0.010000000000003886,0.030441475643655055,0.0003053634947120856,0.009738826453032055,0.011395056556346879,0.0,0.015128326777980134,0.008287292817679558,1.132596685082873,2.293988460537794,fing_x_face,1,0.01,face_C>face_G>li_V>ri_V,4,LR-P1-N2-rel,GP,frac03,0.048624277114868164
True,,,,,,0.007708420611646418,0.0,0.007751641389020676,0.013812154696132596,1.5635359116022098,2.3263724154818566,fing_x_face,1,0.01,face_C>face_G>li_V>ri_V,4,S1-Marcialis,rule,frac03,0.007192373275756836
True,0.17764201654686973,0.01000000000000139,0.16156797217724778,0.02778822181628788,0.009436761027790092,0.014997905320485967,0.03225806451612903,0.01823510506420165,0.04419889502762431,1.0662983425414365,1.111423149324314,fing_x_face,1,0.01,face_C>face_G>ri_V>li_V,4,HYP,GP,frac03,0.034165382385253906
True,0.056294155666400635,0.010000000000006497,0.053533307349294214,0.0003233260532245613,0.009814242440916226,0.010766652702136573,0.0,0.013842763349198818,0.008287292817679558,1.1408839779005524,2.345043693852252,fing_x_face,1,0.01,face_C>face_G>ri_V>li_V,4,MONO,GP,frac03,0.06242251396179199
True,0.054338917816934146,0.010000000000000795,0.05174772529248698,0.00034128861173703687,0.009783107695756901,0.0106828655215752,0.0,0.013896328492064706,0.008287292817679558,1.1353591160220995,2.344599868382792,fing_x_face,1,0.01,face_C>face_G>ri_V>li_V,4,LR-P1-N2,GP,frac03,0.060606956481933594
True,0.031038435217605756,0.010000000001076646,0.030092199764788153,0.00039295868745810867,0.00976581561628911,0.011143695014662757,0.0,0.014753370777918919,0.008287292817679558,1.1353591160220995,2.3277574570331034,fing_x_face,1,0.01,face_C>face_G>ri_V>li_V,4,LR-P1-N2-rel,GP,frac03,0.047612667083740234
True,,,,,,0.007875994972769166,0.012903225806451613,0.008440336083010667,0.016574585635359115,1.5552486187845305,2.3774123444697817,fing_x_face,1,0.01,face_C>face_G>ri_V>li_V,4,S1-Marcialis,rule,frac03,0.007302999496459961
True,0.3105162452477797,0.010000000000000049,0.2796566645543856,0.042225240140722306,0.009108377435139495,0.01152073732718894,0.04516129032258064,0.013896328492064706,0.04696132596685083,1.0359116022099448,1.054911923600802,fing_x_face,1,0.01,face_C>li_V>face_G>ri_V,4,HYP,GP,frac03,0.03442978858947754
True,0.06554918092883967,0.010000000000000288,0.058223404910520755,0.0004209974651361474,0.009763291757636574,0.010054461667364893,0.0,0.012901547267412498,0.0027624309392265192,1.0883977900552486,2.4643256148513184,fing_x_face,1,0.01,face_C>li_V>face_G>ri_V,4,MONO,GP,frac03,0.051973581314086914
True,0.06329792701876778,0.010000000000009873,0.056404619313194584,0.0004209974651361474,0.009741312770721234,0.010054461667364893,0.0,0.01287859077761283,0.0027624309392265192,1.0883977900552486,2.464348571341118,fing_x_face,1,0.01,face_C>li_V>face_G>ri_V,4,LR-P1-N2,GP,frac03,0.05945277214050293
True,0.03798875257970166,0.010000000000009614,0.03514772106819626,0.0003873176679252556,0.009677532418919686,0.010222036028487641,0.0,0.012809721308213833,0.0027624309392265192,1.091160220994475,2.465641786933166,fing_x_face,1,0.01,face_C>li_V>face_G>ri_V,4,LR-P1-N2-rel,GP,frac03,0.0492246150970459
True,,,,,,0.007708420611646418,0.0,0.007766945715553787,0.0055248618784530384,1.3812154696132597,2.4946205292236114,fing_x_face,1,0.01,face_C>li_V>face_G>ri_V,4,S1-Marcialis,rule,frac03,0.007707118988037109
True,0.3794496374141068,0.010000000000000724,0.3354130168554404,0.04228963716038942,0.009026586576760316,0.01122748219522413,0.04516129032258064,0.013261198940940603,0.049723756906077346,1.0331491712707181,1.0442983731500894,fing_x_face,1,0.01,face_C>li_V>ri_V>face_G,4,HYP,GP,frac03,0.04091620445251465
True,0.06594443985529587,0.010000000000005093,0.05834028116972757,0.0005613299535148633,0.009582809393509147,0.009844993715961458,0.0,0.01261076506328339,0.0027624309392265192,1.0828729281767955,2.6836978313769304,fing_x_face,1,0.01,face_C>li_V>ri_V>face_G,4,MONO,GP,frac03,0.05910968780517578
True,0.06354314865468802,0.01000000000000051,0.05648486049817971,0.0005613299535148633,0.009582809393509147,0.009844993715961458,0.0,0.01261076506328339,0.0027624309392265192,1.0828729281767955,2.6836978313769304,fing_x_face,1,0.01,face_C>li_V>ri_V>face_G,4,LR-P1-N2,GP,frac03,0.055426597595214844
True,0.03889989966238428,0.01000000000000901,0.03554508194926349,0.0012854455935490368,0.009586840586398896,0.010557184750733138,0.0,0.012916851593945608,0.0027624309392265192,1.0856353591160222,2.3468266478933595,fing_x_face,1,0.01,face_C>li_V>ri_V>face_G,4,LR-P1-N2-rel,GP,frac03,0.06387019157409668
True,,,,,,0.00997067448680352,0.0,0.01279441698168072,0.0055248618784530384,1.356353591160221,2.713900919790025,fing_x_face,1,0.01,face_C>li_V>ri_V>face_G,4,S1-Marcialis,rule,frac03,0.007605075836181641
True,0.28375335940525576,0.010000000000002144,0.2562469819836358,0.03521951314588407,0.009264948411608482,0.01193967322999581,0.03225806451612903,0.014454936410523254,0.04419889502762431,1.0359116022099448,1.0625564347040908,fing_x_face,1,0.01,face_C>ri_V>face_G>li_V,4,HYP,GP,frac03,0.030009984970092773
True,0.05738329836960333,0.010000000000008176,0.05409048007585869,0.000431101404299415,0.009685671112750883,0.010305823209049016,0.0,0.012473026124485392,0.0027624309392265192,1.0828729281767955,2.6041918550374192,fing_x_face,1,0.01,face_C>ri_V>face_G>li_V,4,MONO,GP,frac03,0.06011605262756348
True,0.05486834071474703,0.01000000000000068,0.052021555941107384,0.000431101404299415,0.009518797761678048,0.010138248847926268,0.0,0.01235824367548706,0.0027624309392265192,1.0828729281767955,2.6045285502211475,fing_x_face,1,0.01,face_C>ri_V>face_G>li_V,4,LR-P1-N2,GP,frac03,0.05546712875366211
True,0.03380529342400169,0.010000000000008663,0.03208077577922804,0.000500456838555918,0.009884274322211865,0.010473397570171765,0.0,0.01304693836947705,0.0027624309392265192,1.0828729281767955,2.439639736153411,fing_x_face,1,0.01,face_C>ri_V>face_G>li_V,4,LR-P1-N2-rel,GP,frac03,0.05222368240356445
True,,,,,,0.007875994972769166,0.012903225806451613,0.008447988246277223,0.008287292817679558,1.356353591160221,2.6339664223075863,fing_x_face,1,0.01,face_C>ri_V>face_G>li_V,4,S1-Marcialis,rule,frac03,0.008134841918945312
True,0.35899471313942816,0.010000000000000066,0.31835774243224824,0.04138558408525632,0.009130517563535258,0.01181399245915375,0.03870967741935484,0.0134678073491376,0.04419889502762431,1.0359116022099448,1.050519581885799,fing_x_face,1,0.01,face_C>ri_V>li_V>face_G,4,HYP,GP,frac03,0.030668020248413086
True,0.05867089412518262,0.010000000000006764,0.05452808601792523,0.000443519963271003,0.009595814420221022,0.010180142438206955,0.0,0.011983287675425842,0.0055248618784530384,1.0856353591160222,2.7745443136774766,fing_x_face,1,0.01,face_C>ri_V>li_V>face_G,4,MONO,GP,frac03,0.05571293830871582
True,0.05605046493406844,0.010000000000000182,0.05245153893079021,0.000443519963271003,0.009470733816155454,0.01009635525764558,0.0,0.0119220703692934,0.0055248618784530384,1.0856353591160222,2.7747203134326073,fing_x_face,1,0.01,face_C>ri_V>li_V>face_G,4,LR-P1-N2,GP,frac03,0.057424068450927734
True,0.03487301478870918,0.010000000000006932,0.03258347781520443,0.0009590010405827264,0.0096205664545955,0.01009635525764558,0.0,0.01287859077761283,0.0055248618784530384,1.0828729281767955,2.4751687302000276,fing_x_face,1,0.01,face_C>ri_V>li_V>face_G,4,LR-P1-N2-rel,GP,frac03,0.05498528480529785
True,,,,,,0.00997067448680352,0.0,0.01279441698168072,0.0055248618784530384,1.339779005524862,2.8022068838860745,fing_x_face,1,0.01,face_C>ri_V>li_V>face_G,4,S1-Marcialis,rule,frac03,0.007858514785766602
True,0.10259152657376691,0.010000000000000174,0.09441095126016695,0.02751954747103747,0.008720233533146526,0.01906158357771261,0.025806451612903226,0.024234401065181127,0.06629834254143646,1.0828729281767955,1.1173076628762952,fing_x_face,1,0.01,face_G>face_C>li_V>ri_V,4,HYP,GP,frac03,0.039569854736328125
True,0.04541864710478672,0.010000000000007767,0.042027996222887665,0.00030810777448482497,0.009804683459170214,0.011101801424382069,0.0,0.014347806124791479,0.013812154696132596,1.1685082872928176,2.190454691541299,fing_x_face,1,0.01,face_G>face_C>li_V>ri_V,4,MONO,GP,frac03,0.05088520050048828
True,0.044745528947635206,0.010000000000002403,0.04151638006341687,0.00030810777448482497,0.009763797166759723,0.011059907834101382,0.0,0.014324849634991811,0.013812154696132596,1.1685082872928176,2.190538865337231,fing_x_face,1,0.01,face_G>face_C>li_V>ri_V,4,LR-P1-N2,GP,frac03,0.05355405807495117
True,0.020143535310237423,0.010000000000006302,0.019039762825736682,0.0002772969970363425,0.009796166198190924,0.011436950146627566,0.0,0.014891109716716916,0.013812154696132596,1.1685082872928176,2.1902174744800353,fing_x_face,1,0.01,face_G>face_C>li_V>ri_V,4,LR-P1-N2-rel,GP,frac03,0.04459023475646973
True,,,,,,0.007708420611646418,0.0,0.007751641389020676,0.013812154696132596,1.6464088397790055,2.22593012044505,fing_x_face,1,0.01,face_G>face_C>li_V>ri_V,4,S1-Marcialis,rule,frac03,0.007288932800292969
True,0.10010295689737285,0.010000000000000413,0.09216823822371874,0.02749233336329114,0.0087349621957533,0.01948051948051948,0.025806451612903226,0.02436448784071257,0.06629834254143646,1.0828729281767955,1.1198711375705912,fing_x_face,1,0.01,face_G>face_C>ri_V>li_V,4,HYP,GP,frac03,0.032515764236450195
True,0.044382210640417016,0.010000000000007473,0.0416134989783796,0.0002772969970363425,0.009830154872569056,0.0106828655215752,0.0,0.014026415267596149,0.013812154696132596,1.1657458563535912,2.2404615784882385,fing_x_face,1,0.01,face_G>face_C>ri_V>li_V,4,MONO,GP,frac03,0.053858280181884766
True,0.04367438327071865,0.010000000000001506,0.04107769839466773,0.0002772969970363425,0.009788408508125878,0.010640971931294513,0.0,0.014003458777796483,0.013812154696132596,1.1657458563535912,2.2405381001209044,fing_x_face,1,0.01,face_G>face_C>ri_V>li_V,4,LR-P1-N2,GP,frac03,0.058678627014160156
True,0.019645608359995043,0.010000000000004464,0.01868582238928624,0.00048099047016797675,0.009738169227993417,0.011018014243820696,0.0,0.014508501553389144,0.013812154696132596,1.1629834254143647,2.1205827887543807,fing_x_face,1,0.01,face_G>face_C>ri_V>li_V,4,LR-P1-N2-rel,GP,frac03,0.0512843132019043
True,,,,,,0.007875994972769166,0.012903225806451613,0.008440336083010667,0.016574585635359115,1.638121546961326,2.2769700494329745,fing_x_face,1,0.01,face_G>face_C>ri_V>li_V,4,S1-Marcialis,rule,frac03,0.012125968933105469
True,0.14183383361586482,0.010000000000002243,0.13083244270037545,0.03470377046109401,0.008387355325549468,0.013489736070381233,0.03225806451612903,0.017179106533416998,0.06629834254143646,1.074585635359116,1.0894155277697004,fing_x_face,1,0.01,face_G>li_V>face_C>ri_V,4,HYP,GP,frac03,0.06348299980163574
True,0.05231396045634161,0.010000000000003638,0.046420241991766586,0.0004102698260245301,0.00978923067970831,0.010012568077084207,0.0,0.01319998163480816,0.013812154696132596,1.12707182320442,2.274054575228417,fing_x_face,1,0.01,face_G>li_V>face_C>ri_V,4,MONO,GP,frac03,0.0494074821472168
True,0.051446552275197704,0.010000000000032504,0.0458001909008862,0.0004102698260245301,0.009747422373328587,0.00997067448680352,0.0,0.01318467730827505,0.013812154696132596,1.12707182320442,2.2741004882080165,fing_x_face,1,0.01,face_G>li_V>face_C>ri_V,4,LR-P1-N2,GP,frac03,0.05254626274108887
True,0.024586703924872826,0.010000000000002446,0.02268085829407618,0.00037459418897891884,0.009772131479038304,0.010263929618768328,0.0,0.013582589798135933,0.013812154696132596,1.132596685082873,2.273970401432485,fing_x_face,1,0.01,face_G>li_V>face_C>ri_V,4,LR-P1-N2-rel,GP,frac03,0.04497385025024414
True,,,,,,0.007708420611646418,0.0,0.007736337062487565,0.013812154696132596,1.4806629834254144,2.306951225111339,fing_x_face,1,0.01,face_G>li_V>face_C>ri_V,4,S1-Marcialis,rule,frac03,0.007517337799072266
True,0.16272318274049688,0.010000000000004197,0.14942924808837652,0.04105307405029231,0.008309148708862419,0.012484289903644743,0.03870967741935484,0.015549195757640685,0.0718232044198895,1.069060773480663,1.0796360631150426,fing_x_face,1,0.01,face_G>li_V>ri_V>face_C,4,HYP,GP,frac03,0.031269073486328125
True,0.05229865062117483,0.010000000000009517,0.04642436538926237,0.00044756708293585096,0.009738753399326096,0.010012568077084207,0.0,0.013138764328675716,0.013812154696132596,1.1243093922651934,2.4059243048009673,fing_x_face,1,0.01,face_G>li_V>ri_V>face_C,4,MONO,GP,frac03,0.05019545555114746
True,0.05132085954063302,0.010000000000006736,0.04576631990588884,0.00044756708293585096,0.009714907967879645,0.010012568077084207,0.0,0.013069894859276718,0.013812154696132596,1.1243093922651934,2.406115608882631,fing_x_face,1,0.01,face_G>li_V>ri_V>face_C,4,LR-P1-N2,GP,frac03,0.050292015075683594
True,0.025045308007463907,0.01000000000000537,0.022896503313636685,0.0010313502345913087,0.009553723039268,0.010263929618768328,0.0,0.01335302490013927,0.013812154696132596,1.1298342541436464,2.186559740438622,fing_x_face,1,0.01,face_G>li_V>ri_V>face_C,4,LR-P1-N2-rel,GP,frac03,0.04466605186462402
True,,,,,,0.00997067448680352,0.0064516129032258064,0.01228937420608806,0.011049723756906077,1.4668508287292819,2.439012258765553,fing_x_face,1,0.01,face_G>li_V>ri_V>face_C,4,S1-Marcialis,rule,frac03,0.007652997970581055
True,0.13176075758343733,0.010000000000004214,0.12161236741656695,0.035047053180165905,0.008468628492527584,0.014243820695433599,0.03225806451612903,0.01750814955387888,0.06353591160220995,1.074585635359116,1.0931497834437796,fing_x_face,1,0.01,face_G>ri_V>face_C>li_V,4,HYP,GP,frac03,0.03224611282348633
True,0.044177158652808975,0.010000000000000368,0.04148015809193884,0.0003210807334105018,0.009681048975988312,0.010012568077084207,0.0,0.013590241961402488,0.013812154696132596,1.1160220994475138,2.39794309851395,fing_x_face,1,0.01,face_G>ri_V>face_C>li_V,4,MONO,GP,frac03,0.061499834060668945
True,0.04305067392849907,0.010000000000000325,0.04067661971602553,0.00030648615461911544,0.00951481145779237,0.009886887306242145,0.0,0.013605546287935599,0.013812154696132596,1.1160220994475138,2.3980425766364153,fing_x_face,1,0.01,face_G>ri_V>face_C>li_V,4,LR-P1-N2,GP,frac03,0.05700826644897461
True,0.020841348395067925,0.010000000000009215,0.01963902140614523,0.0004029725366288369,0.00965380271868936,0.010180142438206955,0.0,0.013712676573667376,0.013812154696132596,1.1160220994475138,2.2655759783290734,fing_x_face,1,0.01,face_G>ri_V>face_C>li_V,4,LR-P1-N2-rel,GP,frac03,0.055495262145996094
True,,,,,,0.007875994972769166,0.012903225806451613,0.008440336083010667,0.016574585635359115,1.4640883977900552,2.433089484397239,fing_x_face,1,0.01,face_G>ri_V>face_C>li_V,4,S1-Marcialis,rule,frac03,0.009438514709472656
True,0.15492455518962808,0.010000000000002403,0.14230925057633462,0.0350691598783352,0.00835541834428947,0.012609970674486803,0.03225806451612903,0.015862934451569458,0.0718232044198895,1.0662983425414365,1.082314320258337,fing_x_face,1,0.01,face_G>ri_V>li_V>face_C,4,HYP,GP,frac03,0.056146860122680664
True,0.045223560827150545,0.010000000000000129,0.04191690323606571,0.0003329726124257056,0.0096336530433283,0.010054461667364893,0.0,0.01355198114506971,0.013812154696132596,1.1187845303867403,2.480387505547818,fing_x_face,1,0.01,face_G>ri_V>li_V>face_C,4,MONO,GP,frac03,0.06052041053771973
True,0.044020135158372685,0.010000000000005822,0.041099078877465466,0.0003027023749324596,0.009588447284733003,0.010180142438206955,0.0,0.013529024655270045,0.013812154696132596,1.1187845303867403,2.4808160266907455,fing_x_face,1,0.01,face_G>ri_V>li_V>face_C,4,LR-P1-N2,GP,frac03,0.053534507751464844
True,0.02158601189697217,0.01000000000001576,0.020043907168369075,0.0005529723742069753,0.009678721862089264,0.010054461667364893,0.0,0.013605546287935599,0.013812154696132596,1.1187845303867403,2.3057192268254236,fing_x_face,1,0.01,face_G>ri_V>li_V>face_C,4,LR-P1-N2-rel,GP,frac03,0.04801368713378906
True,,,,,,0.00997067448680352,0.0064516129032258064,0.01228937420608806,0.011049723756906077,1.4585635359116023,2.5141105890635282,fing_x_face,1,0.01,face_G>ri_V>li_V>face_C,4,S1-Marcialis,rule,frac03,0.008146047592163086
False,,,,,,,,,,,,fing_x_face,1,0.01,li_V>face_C>face_G>ri_V,4,HYP,GP,frac03,0.10614562034606934
True,0.13007304553043514,0.010000000000005121,0.12273802966591252,0.019738788397881585,0.007800023365944053,0.008420611646418098,0.01935483870967742,0.009305030532131433,0.022099447513812154,1.1104972375690607,2.374894782755085,fing_x_face,1,0.01,li_V>face_C>face_G>ri_V,4,MONO,GP,frac03,0.0620880126953125
True,0.12616655997689138,0.01000000000000505,0.11926309546425463,0.01975478630155676,0.007792796990497786,0.008462505236698786,0.01935483870967742,0.009350943511730766,0.022099447513812154,1.1104972375690607,2.3748029567958864,fing_x_face,1,0.01,li_V>face_C>face_G>ri_V,4,LR-P1-N2,GP,frac03,0.07858633995056152
True,0.08464945956938764,0.010000000000000165,0.08181309980964939,0.0003910598676153547,0.009059851212344774,0.009886887306242145,0.0,0.01150120138963285,0.0055248618784530384,1.12707182320442,2.7011677201144764,fing_x_face,1,0.01,li_V>face_C>face_G>ri_V,4,LR-P1-N2-rel,GP,frac03,0.07471632957458496
True,,,,,,0.007708420611646418,0.0,0.007782250042086898,0.0055248618784530384,1.2845303867403315,2.719747172525673,fing_x_face,1,0.01,li_V>face_C>face_G>ri_V,4,S1-Marcialis,rule,frac03,0.006863117218017578
False,,,,,,,,,,,,fing_x_face,1,0.01,li_V>face_C>ri_V>face_G,4,HYP,GP,frac03,0.09418225288391113
True,0.13047357445073493,0.01000000000000107,0.12285782105264692,0.0005214131568204729,0.008605040721825743,0.009007121910347717,0.0,0.01008555118532009,0.0055248618784530384,1.1215469613259668,2.9211903705177455,fing_x_face,1,0.01,li_V>face_C>ri_V>face_G,4,MONO,GP,frac03,0.05378890037536621
True,0.12640912850936073,0.010000000000007989,0.1193420805125776,0.0005214131568204729,0.008512724912878245,0.008923334729786342,0.0,0.01000137738938798,0.0055248618784530384,1.1215469613259668,2.921266892150411,fing_x_face,1,0.01,li_V>face_C>ri_V>face_G,4,LR-P1-N2,GP,frac03,0.0577850341796875
True,0.0856592237395064,0.010000000000008967,0.08229065900607001,0.0012205807989206525,0.00919375646614312,0.010012568077084207,0.0,0.011340505961035184,0.0055248618784530384,1.1215469613259668,2.656915259943986,fing_x_face,1,0.01,li_V>face_C>ri_V>face_G,4,LR-P1-N2-rel,GP,frac03,0.054615020751953125
True,,,,,,0.00997067448680352,0.0,0.012809721308213833,0.0055248618784530384,1.2596685082872927,2.939027563092086,fing_x_face,1,0.01,li_V>face_C>ri_V>face_G,4,S1-Marcialis,rule,frac03,0.0070667266845703125
False,,,,,,,,,,,,fing_x_face,1,0.01,li_V>face_G>face_C>ri_V,4,HYP,GP,frac03,0.06989645957946777
True,0.1277347364726553,0.010000000000021533,0.12181092483479007,0.0003732844190873841,0.009323374423110509,0.009928780896522832,0.0,0.011707809797829847,0.0055248618784530384,1.132596685082873,2.6127852343857607,fing_x_face,1,0.01,li_V>face_G>face_C>ri_V,4,MONO,GP,frac03,0.06104874610900879
True,0.12408436723846897,0.010000000000001771,0.11840766381819305,0.0003732844190873841,0.009218020896947994,0.009844993715961458,0.0,0.011623636001897737,0.0055248618784530384,1.132596685082873,2.6129535819776253,fing_x_face,1,0.01,li_V>face_G>face_C>ri_V,4,LR-P1-N2,GP,frac03,0.05262184143066406
True,0.08223890411414969,0.0100000000000095,0.08032733295678028,0.00035195388085381926,0.008385770398679658,0.009426057813154587,0.0,0.011317549471235519,0.0055248618784530384,1.1353591160220995,2.614055493488009,fing_x_face,1,0.01,li_V>face_G>face_C>ri_V,4,LR-P1-N2-rel,GP,frac03,0.04756665229797363
True,,,,,,0.007708420611646418,0.0,0.007782250042086898,0.0055248618784530384,1.3011049723756907,2.6325201634502076,fing_x_face,1,0.01,li_V>face_G>face_C>ri_V,4,S1-Marcialis,rule,frac03,0.00701451301574707
False,,,,,,,,,,,,fing_x_face,1,0.01,li_V>face_G>ri_V>face_C,4,HYP,GP,frac03,0.15298128128051758
True,0.12770441319740328,0.010000000000000946,0.1218059231974161,0.0003732844190873841,0.009390644614010285,0.00997067448680352,0.0,0.01166954898149707,0.0055248618784530384,1.1298342541436464,2.744762094244043,fing_x_face,1,0.01,li_V>face_G>ri_V>face_C,4,MONO,GP,frac03,0.06156659126281738
True,0.12393535806375856,0.01000000000000028,0.1183601204835388,0.00041257751583342455,0.009198040313461393,0.009803100125680772,0.0,0.011386418940634517,0.0055248618784530384,1.1298342541436464,2.7454048759584335,fing_x_face,1,0.01,li_V>face_G>ri_V>face_C,4,LR-P1-N2,GP,frac03,0.05491042137145996
True,0.0827294494931486,0.010000000000002625,0.08057961901353146,0.0003324008874730515,0.008731707649566708,0.009509844993715962,0.0,0.011876157389694067,0.0055248618784530384,1.132596685082873,2.745313049999235,fing_x_face,1,0.01,li_V>face_G>ri_V>face_C,4,LR-P1-N2-rel,GP,frac03,0.054589033126831055
True,,,,,,0.00997067448680352,0.0064516129032258064,0.012335287185687395,0.0027624309392265192,1.287292817679558,2.7645811971044214,fing_x_face,1,0.01,li_V>face_G>ri_V>face_C,4,S1-Marcialis,rule,frac03,0.007140636444091797
False,,,,,,,,,,,,fing_x_face,1,0.01,li_V>ri_V>face_C>face_G,4,HYP,GP,frac03,0.11787557601928711
True,0.13005009053075686,0.010000000000005537,0.12269022852588407,0.0005164235572336741,0.00863352542834264,0.009258483452031839,0.0,0.009878942777123093,0.0055248618784530384,1.143646408839779,3.2346229779158566,fing_x_face,1,0.01,li_V>ri_V>face_C>face_G,4,MONO,GP,frac03,0.0544283390045166
True,0.1251941008496385,0.010000000000015911,0.11883009611204381,0.0005164235572336741,0.008668603988054645,0.009258483452031839,0.0,0.009878942777123093,0.0055248618784530384,1.143646408839779,3.2346229779158566,fing_x_face,1,0.01,li_V>ri_V>face_C>face_G,4,LR-P1-N2,GP,frac03,0.056644439697265625
True,0.0881774222854543,0.01000000000000067,0.08377978585483009,0.0007194378904215497,0.008479076340162052,0.010599078341013824,0.0,0.012886242940879387,0.0055248618784530384,1.143646408839779,2.933778179091229,fing_x_face,1,0.01,li_V>ri_V>face_C>face_G,4,LR-P1-N2-rel,GP,frac03,0.05232977867126465
True,,,,,,0.00997067448680352,0.0,0.012809721308213833,0.0055248618784530384,1.2845303867403315,3.2524601704901976,fing_x_face,1,0.01,li_V>ri_V>face_C>face_G,4,S1-Marcialis,rule,frac03,0.0062329769134521484
False,,,,,,,,,,,,fing_x_face,1,0.01,li_V>ri_V>face_G>face_C,4,HYP,GP,frac03,0.163527250289917
True,0.12964640642616784,0.010000000000159414,0.12258171270329271,0.0004911637093255053,0.008726219801024615,0.0093841642228739,0.0,0.010246246613917754,0.0055248618784530384,1.1464088397790055,3.1480081419017156,fing_x_face,1,0.01,li_V>ri_V>face_G>face_C,4,MONO,GP,frac03,0.05723118782043457
True,0.12484593152600539,0.010000000000004384,0.11872934258288922,0.0004911637093255053,0.008762431921714386,0.009426057813154587,0.0,0.010299811756783643,0.0055248618784530384,1.1464088397790055,3.1480081419017156,fing_x_face,1,0.01,li_V>ri_V>face_G>face_C,4,LR-P1-N2,GP,frac03,0.05565285682678223
True,0.08779990476395201,0.010000000000021747,0.0836494045599055,0.0006986478921432214,0.008422977359470247,0.009844993715961458,0.0,0.011340505961035184,0.008287292817679558,1.149171270718232,2.950528764481719,fing_x_face,1,0.01,li_V>ri_V>face_G>face_C,4,LR-P1-N2-rel,GP,frac03,0.04637956619262695
True,,,,,,0.00997067448680352,0.0064516129032258064,0.01234293934895395,0.0027624309392265192,1.2955801104972375,3.1652408135779986,fing_x_face,1,0.01,li_V>ri_V>face_G>face_C,4,S1-Marcialis,rule,frac03,0.005843400955200195
False,,,,,,,,,,,,fing_x_face,1,0.01,ri_V>face_C>face_G>li_V,4,HYP,GP,frac03,0.07798242568969727
True,0.055047586797013624,0.010000000000003095,0.05170851678755405,0.0004715171609524852,0.008177124720367185,0.008755760368663594,0.0,0.009672334368926096,0.0027624309392265192,1.080110497237569,2.9869760181203224,fing_x_face,1,0.01,ri_V>face_C>face_G>li_V,4,MONO,GP,frac03,0.05040097236633301
True,0.04864179833193782,0.010000000000001709,0.04574801493403299,0.0004911637093255053,0.008150966188524969,0.008713866778382907,0.0,0.009672334368926096,0.0027624309392265192,1.080110497237569,2.9869760181203224,fing_x_face,1,0.01,ri_V>face_C>face_G>li_V,4,LR-P1-N2,GP,frac03,0.04829144477844238
True,0.046265810305338495,0.010000000000009215,0.04455078689549044,0.00040241640417489153,0.008630438630122623,0.009635525764558023,0.0,0.011646592491697402,0.0027624309392265192,1.0828729281767955,2.911540992638619,fing_x_face,1,0.01,ri_V>face_C>face_G>li_V,4,LR-P1-N2-rel,GP,frac03,0.05324387550354004
True,,,,,,0.007875994972769166,0.012903225806451613,0.008447988246277223,0.0055248618784530384,1.207182320441989,3.0037801686536785,fing_x_face,1,0.01,ri_V>face_C>face_G>li_V,4,S1-Marcialis,rule,frac03,0.0059163570404052734
False,,,,,,,,,,,,fing_x_face,1,0.01,ri_V>face_C>li_V>face_G,4,HYP,GP,frac03,0.10091328620910645
True,0.05644686463541329,0.010000000000006152,0.05220897121814411,0.0004937624591102964,0.00867874186125277,0.00909090909090909,0.0,0.009970768736321758,0.0055248618784530384,1.080110497237569,3.1540992638618937,fing_x_face,1,0.01,ri_V>face_C>li_V>face_G,4,MONO,GP,frac03,0.0538182258605957
True,0.049935212082255924,0.01000000000000043,0.04624320275963377,0.0004937624591102964,0.008656627821515923,0.009049015500628404,0.0,0.009970768736321758,0.0055248618784530384,1.080110497237569,3.1540992638618937,fing_x_face,1,0.01,ri_V>face_C>li_V>face_G,4,LR-P1-N2,GP,frac03,0.05441689491271973
True,0.0474715133067219,0.010000000000008717,0.045137977044078355,0.0006428787217616059,0.00882798539610778,0.009300377042312527,0.0,0.011087984573238854,0.0027624309392265192,1.0773480662983426,2.9464960744402444,fing_x_face,1,0.01,ri_V>face_C>li_V>face_G,4,LR-P1-N2-rel,GP,frac03,0.050267696380615234
True,,,,,,0.00997067448680352,0.0,0.01279441698168072,0.0027624309392265192,1.1906077348066297,3.1720206302321667,fing_x_face,1,0.01,ri_V>face_C>li_V>face_G,4,S1-Marcialis,rule,frac03,0.006158351898193359
False,,,,,,,,,,,,fing_x_face,1,0.01,ri_V>face_G>face_C>li_V,4,HYP,GP,frac03,0.09863972663879395
True,0.05377558412983204,0.010000000000000182,0.05100976210168998,0.0004518706125794649,0.008903460922904444,0.009551738583996649,0.0,0.010766593716043526,0.0027624309392265192,1.080110497237569,2.8854471158996646,fing_x_face,1,0.01,ri_V>face_G>face_C>li_V,4,MONO,GP,frac03,0.053752899169921875
True,0.04756379753266388,0.010000000000006115,0.04512208841304053,0.0004518706125794649,0.008778734220578396,0.009426057813154587,0.0,0.010705376409911082,0.0027624309392265192,1.080110497237569,2.885561898348663,fing_x_face,1,0.01,ri_V>face_G>face_C>li_V,4,LR-P1-N2,GP,frac03,0.05215859413146973
True,0.04497388726516738,0.010000000000020317,0.04376869518381136,0.00031107034923948666,0.009610124104132187,0.010808546292417261,0.0,0.012580156410217168,0.0027624309392265192,1.0828729281767955,2.8835876402258918,fing_x_face,1,0.01,ri_V>face_G>face_C>li_V,4,LR-P1-N2-rel,GP,frac03,0.047757625579833984
True,,,,,,0.007875994972769166,0.012903225806451613,0.008447988246277223,0.0055248618784530384,1.2320441988950277,2.903345525780138,fing_x_face,1,0.01,ri_V>face_G>face_C>li_V,4,S1-Marcialis,rule,frac03,0.005801677703857422
False,,,,,,,,,,,,fing_x_face,1,0.01,ri_V>face_G>li_V>face_C,4,HYP,GP,frac03,0.06581497192382812
True,0.05495368398800556,0.010000000000000661,0.051525562139932236,0.00041476046565264895,0.009410509744121531,0.00997067448680352,0.0,0.011485897063099739,0.0055248618784530384,1.0828729281767955,2.965282135259638,fing_x_face,1,0.01,ri_V>face_G>li_V>face_C,4,MONO,GP,frac03,0.0510554313659668
True,0.04866655614677804,0.010000000000002545,0.045627763413284575,0.00045841946203713837,0.009262211802882506,0.009844993715961458,0.0,0.011371114614101407,0.0055248618784530384,1.0828729281767955,2.9658024823617635,fing_x_face,1,0.01,ri_V>face_G>li_V>face_C,4,LR-P1-N2,GP,frac03,0.04825949668884277
True,0.04582076572915279,0.01000000000000043,0.044232240553779965,0.0003223281333072014,0.008869702968494273,0.009761206535400083,0.0,0.011945026859093065,0.0027624309392265192,1.0856353591160222,2.9666824811374175,fing_x_face,1,0.01,ri_V>face_G>li_V>face_C,4,LR-P1-N2-rel,GP,frac03,0.07794404029846191
True,,,,,,0.00997067448680352,0.0064516129032258064,0.012297026369354617,0.0,1.2265193370165746,2.984366630446427,fing_x_face,1,0.01,ri_V>face_G>li_V>face_C,4,S1-Marcialis,rule,frac03,0.00598907470703125
False,,,,,,,,,,,,fing_x_face,1,0.01,ri_V>li_V>face_C>face_G,4,HYP,GP,frac03,0.14603090286254883
True,0.06367048612826297,0.010000000000059512,0.05626626892438029,0.0006756749440456687,0.009348899334144392,0.009551738583996649,0.0,0.010016681715921091,0.0055248618784530384,1.1104972375690607,3.3770220841431873,fing_x_face,1,0.01,ri_V>li_V>face_C>face_G,4,MONO,GP,frac03,0.06276535987854004
True,0.05659826007288808,0.010000000000001862,0.050189835104415596,0.0006756749440456687,0.009326780731022792,0.009509844993715962,0.0,0.009970768736321758,0.0055248618784530384,1.1104972375690607,3.3770220841431873,fing_x_face,1,0.01,ri_V>li_V>face_C>face_G,4,LR-P1-N2,GP,frac03,0.053533315658569336
True,0.05263309003970979,0.010000000000000217,0.04822243125977011,0.0007194378904215497,0.008718825284411431,0.010808546292417261,0.0,0.012924503757212163,0.0027624309392265192,1.1049723756906078,3.096279518219801,fing_x_face,1,0.01,ri_V>li_V>face_C>face_G,4,LR-P1-N2-rel,GP,frac03,0.04858541488647461
True,,,,,,0.00997067448680352,0.0,0.012809721308213833,0.0027624309392265192,1.2320441988950277,3.397147273534228,fing_x_face,1,0.01,ri_V>li_V>face_C>face_G,4,S1-Marcialis,rule,frac03,0.005310773849487305
False,,,,,,,,,,,,fing_x_face,1,0.01,ri_V>li_V>face_G>face_C,4,HYP,GP,frac03,0.720839262008667
True,0.06326208891779679,0.010000000000003149,0.0561567383514355,0.0006330554475750958,0.009398417386327398,0.009761206535400083,0.0,0.010437550695581641,0.0055248618784530384,1.1160220994475138,3.2907898562923736,fing_x_face,1,0.01,ri_V>li_V>face_G>face_C,4,MONO,GP,frac03,0.047276973724365234
True,0.05624481601826725,0.010000000000000857,0.05008757193355081,0.0006330554475750958,0.00936331529272851,0.009761206535400083,0.0,0.010437550695581641,0.0055248618784530384,1.1160220994475138,3.2907898562923736,fing_x_face,1,0.01,ri_V>li_V>face_G>face_C,4,LR-P1-N2,GP,frac03,0.047142982482910156
True,0.05223320010503144,0.010000000000002021,0.04807792979214984,0.0005716210026626356,0.008623979546507165,0.010054461667364893,0.0,0.01141702759370074,0.0055248618784530384,1.1077348066298343,3.1158614040189163,fing_x_face,1,0.01,ri_V>li_V>face_G>face_C,4,LR-P1-N2-rel,GP,frac03,0.043526649475097656
True,,,,,,0.00997067448680352,0.0064516129032258064,0.01234293934895395,0.0,1.2430939226519337,3.309927916622029,fing_x_face,1,0.01,ri_V>li_V>face_G>face_C,4,S1-Marcialis,rule,frac03,0.005397796630859375
True,,,,,,0.00997067448680352,0.0,0.009940160083255536,0.0,4.0,4.0,fing_x_face,1,0.01,parallel(face_C+face_G+li_V+ri_V),4,P0-Parallel,rule,frac03,0.0
False,,,,,,,,,,,,fing_x_face,1,0.001,face_C,1,HYP,GP,frac03,0.020865440368652344
True,0.16164661088663546,0.0010000000000000002,0.16164661088663546,0.14193548387096774,0.0009635525764557507,0.0009635525764558023,0.14193548387096774,0.001989562449304418,0.13535911602209943,1.0,1.0,fing_x_face,1,0.001,face_C,1,MONO,GP,frac03,0.0031931400299072266
True,0.16354739739832966,0.0010000000000000002,0.16354739739832966,0.14193548387096774,0.0009635525764557507,0.0009635525764558023,0.14193548387096774,0.001989562449304418,0.13535911602209943,1.0,1.0,fing_x_face,1,0.001,face_C,1,LR-P1-N2,GP,frac03,0.0034117698669433594
True,0.21341648674532787,0.0010000000000000028,0.21341648674532787,0.14193548387096774,0.0009635525764557507,0.0009635525764558023,0.14193548387096774,0.001989562449304418,0.13535911602209943,1.0,1.0,fing_x_face,1,0.001,face_C,1,LR-P1-N2-rel,GP,frac03,0.003728628158569336
False,,,,,,,,,,,,fing_x_face,1,0.001,face_C,1,S1-Marcialis,rule,frac03,3.337860107421875e-06
False,,,,,,,,,,,,fing_x_face,1,0.001,face_G,1,HYP,GP,frac03,0.0015435218811035156
True,0.18988526796561406,0.0010000000000000002,0.18988526796561406,0.16129032258064516,0.0009635525764557507,0.0009635525764558023,0.16129032258064516,0.0014309545308458702,0.212707182320442,1.0,1.0,fing_x_face,1,0.001,face_G,1,MONO,GP,frac03,0.0029554367065429688
True,0.18965583077224887,0.0010000000000000037,0.18965583077224887,0.16129032258064516,0.0009635525764557507,0.0009635525764558023,0.16129032258064516,0.0014309545308458702,0.212707182320442,1.0,1.0,fing_x_face,1,0.001,face_G,1,LR-P1-N2,GP,frac03,0.0033621788024902344
True,0.24286430882994284,0.0010000000000000002,0.24286430882994284,0.16129032258064516,0.0009635525764557507,0.0009635525764558023,0.16129032258064516,0.0014309545308458702,0.212707182320442,1.0,1.0,fing_x_face,1,0.001,face_G,1,LR-P1-N2-rel,GP,frac03,0.0031027793884277344
False,,,,,,,,,,,,fing_x_face,1,0.001,face_G,1,S1-Marcialis,rule,frac03,3.337860107421875e-06
False,,,,,,,,,,,,fing_x_face,1,0.001,li_V,1,HYP,GP,frac03,0.022823810577392578
True,0.2640778506359219,0.0010000000000000002,0.2640778506359219,0.23225806451612904,0.0009216589861751334,0.0009216589861751152,0.23225806451612904,0.0009718247348525428,0.1408839779005525,1.0,1.0,fing_x_face,1,0.001,li_V,1,MONO,GP,frac03,0.003223419189453125
True,0.2660749060110809,0.0009999999999999994,0.2660749060110809,0.23225806451612904,0.0009216589861751334,0.0009216589861751152,0.23225806451612904,0.0009718247348525428,0.1408839779005525,1.0,1.0,fing_x_face,1,0.001,li_V,1,LR-P1-N2,GP,frac03,0.0033636093139648438
True,0.3248808208252617,0.0009999999999999994,0.3248808208252617,0.23225806451612904,0.0009216589861751334,0.0009216589861751152,0.23225806451612904,0.0009718247348525428,0.1408839779005525,1.0,1.0,fing_x_face,1,0.001,li_V,1,LR-P1-N2-rel,GP,frac03,0.003407716751098633
False,,,,,,,,,,,,fing_x_face,1,0.001,li_V,1,S1-Marcialis,rule,frac03,3.5762786865234375e-06
False,,,,,,,,,,,,fing_x_face,1,0.001,ri_V,1,HYP,GP,frac03,0.0058405399322509766
True,0.1655474486352663,0.0009999999999999985,0.1655474486352663,0.14193548387096774,0.0009635525764557507,0.0009635525764558023,0.14193548387096774,0.000857042285854211,0.08287292817679558,1.0,1.0,fing_x_face,1,0.001,ri_V,1,MONO,GP,frac03,0.0029206275939941406
True,0.1622739369197407,0.001000000000000001,0.1622739369197407,0.14193548387096774,0.0009635525764557507,0.0009635525764558023,0.14193548387096774,0.000857042285854211,0.08287292817679558,1.0,1.0,fing_x_face,1,0.001,ri_V,1,LR-P1-N2,GP,frac03,0.003284454345703125
True,0.16227393706285365,0.0009999999999999985,0.16227393706285365,0.14193548387096774,0.0009635525764557507,0.0009635525764558023,0.14193548387096774,0.000857042285854211,0.08287292817679558,1.0,1.0,fing_x_face,1,0.001,ri_V,1,LR-P1-N2-rel,GP,frac03,0.00345611572265625
False,,,,,,,,,,,,fing_x_face,1,0.001,ri_V,1,S1-Marcialis,rule,frac03,3.337860107421875e-06
False,,,,,,,,,,,,fing_x_face,1,0.001,face_C>face_G,2,HYP,GP,frac03,0.014332056045532227
True,0.08729926613231144,0.0010000000000001646,0.07759589479835272,0.03891779396462019,0.0009496032569941289,0.0012568077084206116,0.11612903225806452,0.0022038230207679713,0.12430939226519337,1.1629834254143647,1.5722211169097504,fing_x_face,1,0.001,face_C>face_G,2,MONO,GP,frac03,0.012407779693603516
True,0.08613500872671268,0.00100000000000028,0.07677250249448365,0.03891779396462019,0.0009477920217545341,0.0012987012987012987,0.11612903225806452,0.0022038230207679713,0.12430939226519337,1.1629834254143647,1.5501063650694051,fing_x_face,1,0.001,face_C>face_G,2,LR-P1-N2,GP,frac03,0.012466907501220703
True,0.08115388963625972,0.0010000000000001405,0.07545623932345577,0.03533818938605619,0.0009559057238017628,0.0034352744030163385,0.09032258064516129,0.005180514531458043,0.09668508287292818,1.149171270718232,1.1236206975712033,fing_x_face,1,0.001,face_C>face_G,2,LR-P1-N2-rel,GP,frac03,0.012888193130493164
True,,,,,,0.0009635525764558023,0.12258064516129032,0.001530432653311091,0.17679558011049723,1.298342541436464,1.6301786014906414,fing_x_face,1,0.001,face_C>face_G,2,S1-Marcialis,rule,frac03,0.003759145736694336
False,,,,,,,,,,,,fing_x_face,1,0.001,face_C>li_V,2,HYP,GP,frac03,0.010729074478149414
True,0.10008283976106766,0.0010000000000000163,0.08595444391717577,0.04328824141519251,0.0009820071680687564,0.0010054461667364893,0.01935483870967742,0.00151512832677798,0.016574585635359115,1.1519337016574585,1.629153211612923,fing_x_face,1,0.001,face_C>li_V,2,MONO,GP,frac03,0.01141214370727539
True,0.0995905318398148,0.001000000000000431,0.08582611695522727,0.04328824141519251,0.0009820071680687564,0.0010054461667364893,0.01935483870967742,0.00151512832677798,0.016574585635359115,1.1519337016574585,1.629153211612923,fing_x_face,1,0.001,face_C>li_V,2,LR-P1-N2,GP,frac03,0.011601448059082031
True,0.10994116676937703,0.0010000000000006148,0.09836038602577617,0.053818938605619156,0.0008641522673172833,0.0008797653958944282,0.03870967741935484,0.0015533891431107575,0.022099447513812154,1.1408839779005524,1.1513444850859338,fing_x_face,1,0.001,face_C>li_V,2,LR-P1-N2-rel,GP,frac03,0.011275529861450195
True,,,,,,0.0008378718056137411,0.03870967741935484,0.000994781224652209,0.027624309392265192,1.298342541436464,1.6301786014906414,fing_x_face,1,0.001,face_C>li_V,2,S1-Marcialis,rule,frac03,0.0033452510833740234
False,,,,,,,,,,,,fing_x_face,1,0.001,face_C>ri_V,2,HYP,GP,frac03,0.025374412536621094
True,0.08226653528107397,0.0010000000000000002,0.0735232531072601,0.02597294484911551,0.0008036619245181723,0.0008797653958944282,0.01935483870967742,0.0014615631839120919,0.011049723756906077,1.1546961325966851,1.6293139070415206,fing_x_face,1,0.001,face_C>ri_V,2,MONO,GP,frac03,0.016739368438720703
True,0.0805048080440796,0.001000000000007515,0.07224083045963181,0.02597294484911551,0.0008036619245181723,0.0008797653958944282,0.01935483870967742,0.0014615631839120919,0.011049723756906077,1.1546961325966851,1.6293139070415206,fing_x_face,1,0.001,face_C>ri_V,2,LR-P1-N2,GP,frac03,0.01270604133605957
True,0.07237372368505644,0.0010000000000233468,0.06738301620159715,0.02597294484911551,0.0009292742475168884,0.0010054461667364893,0.01935483870967742,0.0016222586125097566,0.011049723756906077,1.1519337016574585,1.629153211612923,fing_x_face,1,0.001,face_C>ri_V,2,LR-P1-N2-rel,GP,frac03,0.015732288360595703
True,,,,,,0.0009216589861751152,0.025806451612903226,0.0010789550205843191,0.013812154696132596,1.298342541436464,1.6301786014906414,fing_x_face,1,0.001,face_C>ri_V,2,S1-Marcialis,rule,frac03,0.004850864410400391
False,,,,,,,,,,,,fing_x_face,1,0.001,face_G>face_C,2,HYP,GP,frac03,0.03125739097595215
True,0.07412135879682942,0.0010000000000002366,0.06781338462377456,0.02967741935483871,0.0009754940925123533,0.0012568077084206116,0.1032258064516129,0.0021196492248358612,0.12430939226519337,1.2320441988950277,1.5289404814741128,fing_x_face,1,0.001,face_G>face_C,2,MONO,GP,frac03,0.011449575424194336
True,0.07421709916676068,0.0010000000000000074,0.06791428458870082,0.02967741935483871,0.0009552440613159125,0.0012568077084206116,0.1032258064516129,0.00210434489830275,0.12430939226519337,1.2320441988950277,1.528955785800646,fing_x_face,1,0.001,face_G>face_C,2,LR-P1-N2,GP,frac03,0.011080503463745117
True,0.07384221674066252,0.0010000000000009932,0.06953777565784068,0.04715920915712799,0.0009571518255653878,0.0028068705488060327,0.1032258064516129,0.004606602286466384,0.09668508287292818,1.1988950276243093,1.1146676665493336,fing_x_face,1,0.001,face_G>face_C,2,LR-P1-N2-rel,GP,frac03,0.013131141662597656
True,,,,,,0.0009635525764558023,0.12258064516129032,0.0019513016329716412,0.12154696132596685,1.3812154696132597,1.5297363064538345,fing_x_face,1,0.001,face_G>face_C,2,S1-Marcialis,rule,frac03,0.0033905506134033203
False,,,,,,,,,,,,fing_x_face,1,0.001,face_G>li_V,2,HYP,GP,frac03,0.02365279197692871
True,0.09612981888679864,0.001000000000000852,0.0856470784690718,0.05069719042663892,0.0008647577674700521,0.0008797653958944282,0.03225806451612903,0.001308519918580983,0.03867403314917127,1.229281767955801,1.528779786045515,fing_x_face,1,0.001,face_G>li_V,2,MONO,GP,frac03,0.011217355728149414
True,0.09631782750910041,0.0010000000000006885,0.08587182268511483,0.048283038501560877,0.0009943979827893722,0.0011311269375785505,0.025806451612903226,0.0014003458777796483,0.03591160220994475,1.229281767955801,1.528779786045515,fing_x_face,1,0.001,face_G>li_V,2,LR-P1-N2,GP,frac03,0.01250147819519043
True,0.10482220409747164,0.0010000000000006779,0.09645984225294213,0.06014568158168575,0.0009839781149428735,0.0009216589861751152,0.04516129032258064,0.0013697372247134265,0.06906077348066299,1.1823204419889504,1.0898670054024273,fing_x_face,1,0.001,face_G>li_V,2,LR-P1-N2-rel,GP,frac03,0.01047968864440918
True,,,,,,0.000795978215333054,0.05161290322580645,0.0008034771429883228,0.049723756906077346,1.3812154696132597,1.5297363064538345,fing_x_face,1,0.001,face_G>li_V,2,S1-Marcialis,rule,frac03,0.003665924072265625
False,,,,,,,,,,,,fing_x_face,1,0.001,face_G>ri_V,2,HYP,GP,frac03,0.03639793395996094
True,0.07500701895986901,0.0010000000000000037,0.06854682144577547,0.030967741935483874,0.0008674430290171584,0.0008797653958944282,0.0064516129032258064,0.0012013896328492064,0.022099447513812154,1.2320441988950277,1.5289404814741128,fing_x_face,1,0.001,face_G>ri_V,2,MONO,GP,frac03,0.01212620735168457
True,0.07399047510129254,0.0010000000000004036,0.06775691073249779,0.030967741935483874,0.0008255722546842161,0.0008378718056137411,0.0064516129032258064,0.0011860853063160955,0.022099447513812154,1.2320441988950277,1.528955785800646,fing_x_face,1,0.001,face_G>ri_V,2,LR-P1-N2,GP,frac03,0.014221906661987305
True,0.0658345868416523,0.0010000000000008262,0.06259814573960798,0.032091571279916756,0.0009408349127526718,0.0008797653958944282,0.012903225806451613,0.0013161720818475383,0.03314917127071823,1.2154696132596685,1.2952587196400422,fing_x_face,1,0.001,face_G>ri_V,2,LR-P1-N2-rel,GP,frac03,0.01406240463256836
True,,,,,,0.000795978215333054,0.025806451612903226,0.00075756416338899,0.03591160220994475,1.3812154696132597,1.5297363064538345,fing_x_face,1,0.001,face_G>ri_V,2,S1-Marcialis,rule,frac03,0.0034542083740234375
False,,,,,,,,,,,,fing_x_face,1,0.001,li_V>face_C,2,HYP,GP,frac03,0.011234521865844727
True,0.16830029659889625,0.0010000000000000002,0.14807617438545712,0.04545265348595214,0.0009437764149441969,0.0009216589861751152,0.025806451612903226,0.0015686934696438684,0.019337016574585635,1.1519337016574585,1.8548843758130424,fing_x_face,1,0.001,li_V>face_C,2,MONO,GP,frac03,0.012192010879516602
True,0.16623442898758567,0.0010000000000000145,0.14631377197789341,0.04545265348595214,0.0009437764149441969,0.0009216589861751152,0.025806451612903226,0.0015686934696438684,0.019337016574585635,1.1519337016574585,1.8548843758130424,fing_x_face,1,0.001,li_V>face_C,2,LR-P1-N2,GP,frac03,0.012725591659545898
True,0.16389447217376885,0.0010000000000001236,0.14750911233134326,0.08416233090530698,0.0009106037819364393,0.0009635525764558023,0.07096774193548387,0.0014539110206455365,0.06353591160220995,1.0994475138121547,1.2604872897568142,fing_x_face,1,0.001,li_V>face_C,2,LR-P1-N2-rel,GP,frac03,0.01801013946533203
True,,,,,,0.0009635525764558023,0.01935483870967742,0.0019130408166388637,0.03038674033149171,1.201657458563536,1.855305244792703,fing_x_face,1,0.001,li_V>face_C,2,S1-Marcialis,rule,frac03,0.0025398731231689453
False,,,,,,,,,,,,fing_x_face,1,0.001,li_V>face_G,2,HYP,GP,frac03,0.0207216739654541
True,0.17820634728043894,0.0010000000000000367,0.15557921690651713,0.07180020811654526,0.0007975753316780712,0.0008797653958944282,0.05161290322580645,0.001109563673650541,0.052486187845303865,1.138121546961326,1.5177836274314749,fing_x_face,1,0.001,li_V>face_G,2,MONO,GP,frac03,0.013892412185668945
True,0.17553163112307146,0.001000000000000874,0.1535176179038398,0.07180020811654526,0.0007765671089860314,0.0008797653958944282,0.05161290322580645,0.0011019115103839856,0.052486187845303865,1.138121546961326,1.5177836274314749,fing_x_face,1,0.001,li_V>face_G,2,LR-P1-N2,GP,frac03,0.013802766799926758
True,0.16322484921554234,0.001000000000000455,0.149026200840299,0.11084287200832466,0.0007622632647971781,0.0012987012987012987,0.1032258064516129,0.0011554766532498738,0.07734806629834254,1.0966850828729282,1.124676696101988,fing_x_face,1,0.001,li_V>face_G,2,LR-P1-N2-rel,GP,frac03,0.012051105499267578
True,,,,,,0.0009635525764558023,0.03225806451612903,0.0014615631839120919,0.03867403314917127,1.201657458563536,1.855305244792703,fing_x_face,1,0.001,li_V>face_G,2,S1-Marcialis,rule,frac03,0.002499818801879883
False,,,,,,,,,,,,fing_x_face,1,0.001,li_V>ri_V,2,HYP,GP,frac03,0.009684085845947266
True,0.16952347671584816,0.0010000000000047323,0.1488113083393048,0.041956295525494285,0.0008375137707408147,0.0009216589861751152,0.09032258064516129,0.0010636506940512082,0.049723756906077346,1.1519337016574585,1.8548843758130424,fing_x_face,1,0.001,li_V>ri_V,2,MONO,GP,frac03,0.011600494384765625
True,0.16597811688937836,0.0010000000000000135,0.14622249150875716,0.041956295525494285,0.0008375137707408147,0.0009216589861751152,0.09032258064516129,0.0010636506940512082,0.049723756906077346,1.1519337016574585,1.8548843758130424,fing_x_face,1,0.001,li_V>ri_V,2,LR-P1-N2,GP,frac03,0.011008024215698242
True,0.14487537082012958,0.0010000000000000367,0.13088185439600208,0.041956295525494285,0.0008375137707408147,0.0009216589861751152,0.09032258064516129,0.0010636506940512082,0.049723756906077346,1.1519337016574585,1.8548843758130424,fing_x_face,1,0.001,li_V>ri_V,2,LR-P1-N2-rel,GP,frac03,0.010486602783203125
True,,,,,,0.0009216589861751152,0.0967741935483871,0.0008723466123873219,0.055248618784530384,1.201657458563536,1.855305244792703,fing_x_face,1,0.001,li_V>ri_V,2,S1-Marcialis,rule,frac03,0.0025129318237304688
False,,,,,,,,,,,,fing_x_face,1,0.001,ri_V>face_C,2,HYP,GP,frac03,0.013776302337646484
True,0.0820891188982363,0.001000000000000001,0.0733458367244183,0.029219562955254946,0.0008795723378746784,0.0008797653958944282,0.01935483870967742,0.0014003458777796483,0.008287292817679558,1.0856353591160222,1.9995791310203395,fing_x_face,1,0.001,ri_V>face_C,2,MONO,GP,frac03,0.010126590728759766
True,0.07652455859530731,0.001000000000000772,0.06868752095236097,0.029219562955254946,0.0008795723378746784,0.0008797653958944282,0.01935483870967742,0.0014003458777796483,0.008287292817679558,1.0856353591160222,1.9995791310203395,fing_x_face,1,0.001,ri_V>face_C,2,LR-P1-N2,GP,frac03,0.01013493537902832
True,0.08632833651014284,0.0010000000000002702,0.07733938797957812,0.06176899063475546,0.00085073649001919,0.0010892333472978634,0.05806451612903226,0.001193737469582651,0.024861878453038673,1.074585635359116,1.2419231416721508,fing_x_face,1,0.001,ri_V>face_C,2,LR-P1-N2-rel,GP,frac03,0.011985063552856445
True,,,,,,0.0009635525764558023,0.025806451612903226,0.0019972146125709737,0.022099447513812154,1.149171270718232,1.9999923478367334,fing_x_face,1,0.001,ri_V>face_C,2,S1-Marcialis,rule,frac03,0.0015606880187988281
False,,,,,,,,,,,,fing_x_face,1,0.001,ri_V>face_G,2,HYP,GP,frac03,0.01634693145751953
True,0.0894059621582213,0.0010000000000001655,0.07946843016366555,0.06160249739854318,0.000832378427416097,0.0008378718056137411,0.04516129032258064,0.001025389877718431,0.016574585635359115,1.0883977900552486,1.4880702774674401,fing_x_face,1,0.001,ri_V>face_G,2,MONO,GP,frac03,0.012782096862792969
True,0.08307775075639436,0.0010000000000014834,0.07425879776774313,0.060561914672216444,0.0008932004789944795,0.0008797653958944282,0.04516129032258064,0.0011478244899833182,0.013812154696132596,1.0828729281767955,1.4879478428551751,fing_x_face,1,0.001,ri_V>face_G,2,LR-P1-N2,GP,frac03,0.013863086700439453
True,0.08605248263873108,0.001000000000000566,0.07832990335341039,0.0614360041623309,0.0009509072761636565,0.001466275659824047,0.05161290322580645,0.0014462588573789811,0.03314917127071823,1.080110497237569,1.1673604628028345,fing_x_face,1,0.001,ri_V>face_G,2,LR-P1-N2-rel,GP,frac03,0.012557744979858398
True,,,,,,0.0009635525764558023,0.012903225806451613,0.0014386066941124256,0.03038674033149171,1.149171270718232,1.9999923478367334,fing_x_face,1,0.001,ri_V>face_G,2,S1-Marcialis,rule,frac03,0.0017812252044677734
False,,,,,,,,,,,,fing_x_face,1,0.001,ri_V>li_V,2,HYP,GP,frac03,0.023056983947753906
True,0.10124271343250489,0.001000000000000876,0.08716904647620108,0.041956295525494285,0.0009214536426450605,0.0009216589861751152,0.09032258064516129,0.0010866071838508747,0.04696132596685083,1.0856353591160222,1.999380174775409,fing_x_face,1,0.001,ri_V>li_V,2,MONO,GP,frac03,0.01024484634399414
True,0.09545735171713078,0.0010000000000011274,0.08291056704342356,0.041956295525494285,0.0009214536426450605,0.0009216589861751152,0.09032258064516129,0.0010866071838508747,0.04696132596685083,1.0856353591160222,1.999380174775409,fing_x_face,1,0.001,ri_V>li_V,2,LR-P1-N2,GP,frac03,0.009600162506103516
True,0.10702051771593207,0.00100000000000001,0.09177795844783254,0.07513007284079085,0.000854653812746678,0.0010054461667364893,0.1032258064516129,0.0011631288165164292,0.04696132596685083,1.069060773480663,1.2418007070598858,fing_x_face,1,0.001,ri_V>li_V,2,LR-P1-N2-rel,GP,frac03,0.010789155960083008
True,,,,,,0.0009216589861751152,0.1032258064516129,0.0009794768981190984,0.055248618784530384,1.149171270718232,1.9999923478367334,fing_x_face,1,0.001,ri_V>li_V,2,S1-Marcialis,rule,frac03,0.0016469955444335938
False,,,,,,,,,,,,fing_x_face,1,0.001,face_C>face_G>li_V,3,HYP,GP,frac03,0.013414382934570312
True,0.06917918516950045,0.0010000000000005553,0.06273025666370163,0.009440166493236214,0.0009106040943496685,0.0010892333472978634,0.012903225806451613,0.0018671278370395311,0.022099447513812154,1.2790055248618784,2.0015457369798444,fing_x_face,1,0.001,face_C>face_G>li_V,3,MONO,GP,frac03,0.023996591567993164
True,0.06778321516559427,0.0010000000000000358,0.06144102124081771,0.009440166493236214,0.0009106040943496685,0.0010892333472978634,0.012903225806451613,0.0018671278370395311,0.022099447513812154,1.2790055248618784,2.0015457369798444,fing_x_face,1,0.001,face_C>face_G>li_V,3,LR-P1-N2,GP,frac03,0.023574113845825195
True,0.057136155582805506,0.0010000000000001804,0.052633857444792195,0.02171796851398073,0.0009360877802319008,0.001550062840385421,0.025806451612903226,0.002532866041229856,0.03591160220994475,1.2569060773480663,1.4611882279120307,fing_x_face,1,0.001,face_C>face_G>li_V,3,LR-P1-N2-rel,GP,frac03,0.024348735809326172
True,,,,,,0.000754084625052367,0.01935483870967742,0.0008799987756538774,0.024861878453038673,1.5276243093922652,2.0037954729802117,fing_x_face,1,0.001,face_C>face_G>li_V,3,S1-Marcialis,rule,frac03,0.005835533142089844
False,,,,,,,,,,,,fing_x_face,1,0.001,face_C>face_G>ri_V,3,HYP,GP,frac03,0.04780936241149902
True,0.06509283117833255,0.0010000000000000935,0.06028539263237716,0.005568393138867443,0.0009123033994654165,0.0010473397570171764,0.0,0.0019283451431719746,0.013812154696132596,1.2790055248618784,2.00159930212271,fing_x_face,1,0.001,face_C>face_G>ri_V,3,MONO,GP,frac03,0.023311376571655273
True,0.0633858368123833,0.0010000000000001655,0.05875859923487706,0.005568393138867443,0.0009123033994654165,0.0010473397570171764,0.0,0.0019283451431719746,0.013812154696132596,1.2790055248618784,2.00159930212271,fing_x_face,1,0.001,face_C>face_G>ri_V,3,LR-P1-N2,GP,frac03,0.025955915451049805
True,0.047060337434508416,0.0010000000000003476,0.04431013370182381,0.006713974018999026,0.0009300338785105363,0.0010473397570171764,0.0064516129032258064,0.002035475428903751,0.019337016574585635,1.2790055248618784,1.8357539676466537,fing_x_face,1,0.001,face_C>face_G>ri_V,3,LR-P1-N2-rel,GP,frac03,0.024077892303466797
True,,,,,,0.000795978215333054,0.0064516129032258064,0.000994781224652209,0.022099447513812154,1.5276243093922652,2.0037954729802117,fing_x_face,1,0.001,face_C>face_G>ri_V,3,S1-Marcialis,rule,frac03,0.005485057830810547
False,,,,,,,,,,,,fing_x_face,1,0.001,face_C>li_V>face_G,3,HYP,GP,frac03,0.01915574073791504
True,0.08401275011802209,0.0010000000000000154,0.07145465941445489,0.015849081937497903,0.0009117621460835188,0.0010473397570171764,0.012903225806451613,0.0017753018778408657,0.019337016574585635,1.1685082872928176,1.8676711406314566,fing_x_face,1,0.001,face_C>li_V>face_G,3,MONO,GP,frac03,0.026568889617919922
True,0.08232874985665606,0.0010000000000003617,0.07019176803065859,0.015849081937497903,0.0009022947421863789,0.0010473397570171764,0.012903225806451613,0.0017676497145743101,0.019337016574585635,1.1685082872928176,1.8676711406314566,fing_x_face,1,0.001,face_C>li_V>face_G,3,LR-P1-N2,GP,frac03,0.030145645141601562
True,0.07292718668123856,0.0010000000000000447,0.06449094050960831,0.032843744755127385,0.0008431652650521764,0.0011730205278592375,0.025806451612903226,0.0017676497145743101,0.019337016574585635,1.1657458563535912,1.5853139682588269,fing_x_face,1,0.001,face_C>li_V>face_G,3,LR-P1-N2-rel,GP,frac03,0.02482295036315918
True,,,,,,0.0009635525764558023,0.0064516129032258064,0.001545736979844202,0.03314917127071823,1.3453038674033149,2.1720435867219665,fing_x_face,1,0.001,face_C>li_V>face_G,3,S1-Marcialis,rule,frac03,0.005476474761962891
False,,,,,,,,,,,,fing_x_face,1,0.001,face_C>li_V>ri_V,3,HYP,GP,frac03,0.04373049736022949
True,0.08201980192567679,0.0010000000000003181,0.07010799765526873,0.008601792487664059,0.0009081789927666136,0.0010054461667364893,0.012903225806451613,0.0015610413063773128,0.008287292817679558,1.171270718232044,2.1698397637011984,fing_x_face,1,0.001,face_C>li_V>ri_V,3,MONO,GP,frac03,0.026082992553710938
True,0.08021153020407577,0.0010000000001214836,0.06879931030873758,0.00829458561310463,0.0008886034026337652,0.0009635525764558023,0.012903225806451613,0.0015916499594435347,0.008287292817679558,1.171270718232044,2.1699621983134634,fing_x_face,1,0.001,face_C>li_V>ri_V,3,LR-P1-N2,GP,frac03,0.025287628173828125
True,0.06770789681628582,0.0010000000000006388,0.059870051816755726,0.009006747004128764,0.0009007814597993413,0.0010054461667364893,0.012903225806451613,0.0014845196737117584,0.008287292817679558,1.1685082872928176,2.1699086331705972,fing_x_face,1,0.001,face_C>li_V>ri_V,3,LR-P1-N2-rel,GP,frac03,0.023681640625
True,,,,,,0.0009216589861751152,0.01935483870967742,0.0010483463675180975,0.011049723756906077,1.3453038674033149,2.1720435867219665,fing_x_face,1,0.001,face_C>li_V>ri_V,3,S1-Marcialis,rule,frac03,0.005697011947631836
False,,,,,,,,,,,,fing_x_face,1,0.001,face_C>ri_V>face_G,3,HYP,GP,frac03,0.021982669830322266
True,0.06773088941629528,0.0010000000000001139,0.061636709635389766,0.011590077540196704,0.0008490164312214179,0.0010054461667364893,0.0,0.0016758237553756447,0.011049723756906077,1.1685082872928176,1.8513490763838938,fing_x_face,1,0.001,face_C>ri_V>face_G,3,MONO,GP,frac03,0.024791479110717773
True,0.06506915876467001,0.0010000000000009862,0.05956858065789854,0.011590077540196704,0.000857499133707728,0.0010054461667364893,0.0,0.0016758237553756447,0.011049723756906077,1.1685082872928176,1.8513490763838938,fing_x_face,1,0.001,face_C>ri_V>face_G,3,LR-P1-N2,GP,frac03,0.025677919387817383
True,0.05147986398980615,0.00100000000000032,0.046954412944394765,0.01343331878755329,0.0009001860881157312,0.0014243820695433599,0.0064516129032258064,0.0017523453880411992,0.016574585635359115,1.1685082872928176,1.6821673987236192,fing_x_face,1,0.001,face_C>ri_V>face_G,3,LR-P1-N2-rel,GP,frac03,0.025197505950927734
True,,,,,,0.0009635525764558023,0.0,0.0015380848165776465,0.022099447513812154,1.328729281767956,2.2603495508180163,fing_x_face,1,0.001,face_C>ri_V>face_G,3,S1-Marcialis,rule,frac03,0.006129264831542969
False,,,,,,,,,,,,fing_x_face,1,0.001,face_C>ri_V>li_V,3,HYP,GP,frac03,0.04062151908874512
True,0.06989943064258604,0.001000000000000043,0.06262943548723961,0.008106072303715888,0.0009245763261521977,0.0010054461667364893,0.012903225806451613,0.0016222586125097566,0.008287292817679558,1.1629834254143647,2.2580385975115167,fing_x_face,1,0.001,face_C>ri_V>li_V,3,MONO,GP,frac03,0.025700807571411133
True,0.06743056268003168,0.0010000000000002977,0.06078587077149982,0.008106072303715888,0.0008827108126263968,0.0009635525764558023,0.012903225806451613,0.0014921718369783137,0.008287292817679558,1.1629834254143647,2.2582987710625795,fing_x_face,1,0.001,face_C>ri_V>li_V,3,LR-P1-N2,GP,frac03,0.025869131088256836
True,0.057227040163209314,0.0010000000000004435,0.05022715972699118,0.014690074183478233,0.0008782401797469497,0.0010473397570171764,0.01935483870967742,0.0015074761635114247,0.008287292817679558,1.1657458563535912,1.7047948455028237,fing_x_face,1,0.001,face_C>ri_V>li_V,3,LR-P1-N2-rel,GP,frac03,0.02308034896850586
True,,,,,,0.0008378718056137411,0.03225806451612903,0.0010024333879187647,0.011049723756906077,1.328729281767956,2.2603495508180163,fing_x_face,1,0.001,face_C>ri_V>li_V,3,S1-Marcialis,rule,frac03,0.005491971969604492
False,,,,,,,,,,,,fing_x_face,1,0.001,face_G>face_C>li_V,3,HYP,GP,frac03,0.030238866806030273
True,0.059963397226073835,0.0010000000000009027,0.05343008035057933,0.009440166493236214,0.0009250518545168731,0.0011311269375785505,0.012903225806451613,0.0018518235105064202,0.024861878453038673,1.350828729281768,1.9010728332899711,fing_x_face,1,0.001,face_G>face_C>li_V,3,MONO,GP,frac03,0.02372145652770996
True,0.05953750009402976,0.0010000000000001078,0.05312575597222899,0.009440166493236214,0.0009250518545168731,0.0011311269375785505,0.012903225806451613,0.0018518235105064202,0.024861878453038673,1.350828729281768,1.9010728332899711,fing_x_face,1,0.001,face_G>face_C>li_V,3,LR-P1-N2,GP,frac03,0.024369478225708008
True,0.05019072425716953,0.0010000000000000536,0.04533328738397717,0.021851163102950558,0.0009009680852231714,0.0013824884792626728,0.025806451612903226,0.0027471266126934085,0.03591160220994475,1.3066298342541436,1.3761726940205996,fing_x_face,1,0.001,face_G>face_C>li_V,3,LR-P1-N2-rel,GP,frac03,0.023090124130249023
True,,,,,,0.000754084625052367,0.01935483870967742,0.0008799987756538774,0.024861878453038673,1.6104972375690607,1.9033531779434045,fing_x_face,1,0.001,face_G>face_C>li_V,3,S1-Marcialis,rule,frac03,0.005422115325927734
False,,,,,,,,,,,,fing_x_face,1,0.001,face_G>face_C>ri_V,3,HYP,GP,frac03,0.042253732681274414
True,0.05589812765971921,0.0010000000000008973,0.05102118511598177,0.005220368567688228,0.0009781376914078925,0.0011311269375785505,0.0,0.0020431275921703063,0.016574585635359115,1.3535911602209945,1.9008585727185074,fing_x_face,1,0.001,face_G>face_C>ri_V,3,MONO,GP,frac03,0.02466583251953125
True,0.05518665737588968,0.0010000000000002045,0.050500019163196935,0.005394380853277836,0.0009362725070594714,0.0010892333472978634,0.0,0.0019130408166388637,0.016574585635359115,1.3535911602209945,1.901126398432837,fing_x_face,1,0.001,face_G>face_C>ri_V,3,LR-P1-N2,GP,frac03,0.02394723892211914
True,0.03934659480183074,0.001000000000000208,0.03663187510553016,0.01358933906213286,0.0009373055067237841,0.0011730205278592375,0.012903225806451613,0.002150257877902083,0.022099447513812154,1.3370165745856353,1.7891369890267979,fing_x_face,1,0.001,face_G>face_C>ri_V,3,LR-P1-N2-rel,GP,frac03,0.024146318435668945
True,,,,,,0.000795978215333054,0.0064516129032258064,0.000994781224652209,0.022099447513812154,1.6104972375690607,1.9033531779434045,fing_x_face,1,0.001,face_G>face_C>ri_V,3,S1-Marcialis,rule,frac03,0.005360126495361328
False,,,,,,,,,,,,fing_x_face,1,0.001,face_G>li_V>face_C,3,HYP,GP,frac03,0.046941518783569336
True,0.07434080269554214,0.0010000000000009613,0.06384250115268604,0.009251653183847472,0.000941456908532115,0.0010054461667364893,0.012903225806451613,0.0019359973064385302,0.027624309392265192,1.2541436464088398,1.982269937711391,fing_x_face,1,0.001,face_G>li_V>face_C,3,MONO,GP,frac03,0.025061368942260742
True,0.07365914978961195,0.0010000000000002897,0.06335865879341494,0.009251653183847472,0.0008995819426115623,0.0009635525764558023,0.012903225806451613,0.0018594756737729755,0.027624309392265192,1.2596685082872927,1.9824382853032552,fing_x_face,1,0.001,face_G>li_V>face_C,3,LR-P1-N2,GP,frac03,0.024270296096801758
True,0.06613393516756846,0.0010000000000004834,0.058685690866500946,0.027563760867376053,0.0009493430429881979,0.0013824884792626728,0.03870967741935484,0.0023186054697663027,0.04419889502762431,1.229281767955801,1.35069099034297,fing_x_face,1,0.001,face_G>li_V>face_C,3,LR-P1-N2-rel,GP,frac03,0.022310495376586914
True,,,,,,0.0009635525764558023,0.012903225806451613,0.001813562694173643,0.03591160220994475,1.4447513812154695,1.9843742826096937,fing_x_face,1,0.001,face_G>li_V>face_C,3,S1-Marcialis,rule,frac03,0.005858421325683594
False,,,,,,,,,,,,fing_x_face,1,0.001,face_G>li_V>ri_V,3,HYP,GP,frac03,0.03620028495788574
True,0.07464401351801822,0.0010000000000000607,0.06400753152233933,0.009594307005471451,0.000941456908532115,0.0009216589861751152,0.0064516129032258064,0.0014079980410462037,0.022099447513812154,1.2541436464088398,1.982269937711391,fing_x_face,1,0.001,face_G>li_V>ri_V,3,MONO,GP,frac03,0.024009227752685547
True,0.07365567801884937,0.0010000000000002828,0.06338489325892126,0.009251653183847472,0.0009178557637738508,0.0008797653958944282,0.0064516129032258064,0.0013926937145130928,0.022099447513812154,1.2596685082872927,1.9824382853032552,fing_x_face,1,0.001,face_G>li_V>ri_V,3,LR-P1-N2,GP,frac03,0.024924039840698242
True,0.06085848996317972,0.001000000000000002,0.054291967243674494,0.014978214897116579,0.0009169683314151337,0.0009635525764558023,0.012903225806451613,0.0014003458777796483,0.03038674033149171,1.2430939226519337,1.6619350790468466,fing_x_face,1,0.001,face_G>li_V>ri_V,3,LR-P1-N2-rel,GP,frac03,0.024654150009155273
True,,,,,,0.000795978215333054,0.025806451612903226,0.0007193033470562128,0.027624309392265192,1.4447513812154695,1.9843742826096937,fing_x_face,1,0.001,face_G>li_V>ri_V,3,S1-Marcialis,rule,frac03,0.005528688430786133
False,,,,,,,,,,,,fing_x_face,1,0.001,face_G>ri_V>face_C,3,HYP,GP,frac03,0.0458986759185791
True,0.05593314777484328,0.0010000000000001245,0.05107209052158652,0.006742976066597295,0.0009106127559690101,0.0010473397570171764,0.0,0.0017217367349749773,0.019337016574585635,1.2486187845303867,2.057766180499227,fing_x_face,1,0.001,face_G>ri_V>face_C,3,MONO,GP,frac03,0.024359703063964844
True,0.05439497653832779,0.0010000000000236107,0.049963983214926316,0.006293444328824141,0.0009754207608312785,0.0010892333472978634,0.0,0.001798258367640532,0.019337016574585635,1.2458563535911602,2.0577126153563614,fing_x_face,1,0.001,face_G>ri_V>face_C,3,LR-P1-N2,GP,frac03,0.025504350662231445
True,0.04282886865671399,0.0010000000000009639,0.03865793388031465,0.012148635493941124,0.0009497272341089587,0.0011311269375785505,0.0064516129032258064,0.0016758237553756447,0.019337016574585635,1.2513812154696133,1.6180805313662172,fing_x_face,1,0.001,face_G>ri_V>face_C,3,LR-P1-N2-rel,GP,frac03,0.021093368530273438
True,,,,,,0.0009635525764558023,0.012903225806451613,0.0019513016329716412,0.03038674033149171,1.4364640883977902,2.059472612907669,fing_x_face,1,0.001,face_G>ri_V>face_C,3,S1-Marcialis,rule,frac03,0.00589299201965332
False,,,,,,,,,,,,fing_x_face,1,0.001,face_G>ri_V>li_V,3,HYP,GP,frac03,0.02128005027770996
True,0.06029661260016348,0.001000000000000582,0.05373163718088437,0.00966493236212279,0.0009322193473504854,0.0008378718056137411,0.0064516129032258064,0.0013008677553144274,0.022099447513812154,1.2430939226519337,2.0576360937236955,fing_x_face,1,0.001,face_G>ri_V>li_V,3,MONO,GP,frac03,0.036691904067993164
True,0.058717702987063976,0.00100000000000032,0.052702145518333784,0.00966493236212279,0.0008903538338246844,0.000795978215333054,0.0064516129032258064,0.0012855634287813164,0.022099447513812154,1.2430939226519337,2.057666702376762,fing_x_face,1,0.001,face_G>ri_V>li_V,3,LR-P1-N2,GP,frac03,0.03302264213562012
True,0.04936887092803017,0.0010000000000006885,0.04297333688690577,0.016385082743110336,0.0009093633430216983,0.0010892333472978634,0.012903225806451613,0.0013314764083806492,0.019337016574585635,1.2486187845303867,1.5909995255658775,fing_x_face,1,0.001,face_G>ri_V>li_V,3,LR-P1-N2-rel,GP,frac03,0.03734087944030762
True,,,,,,0.000795978215333054,0.03225806451612903,0.0008034771429883228,0.03038674033149171,1.4364640883977902,2.059472612907669,fing_x_face,1,0.001,face_G>ri_V>li_V,3,S1-Marcialis,rule,frac03,0.00580906867980957
False,,,,,,,,,,,,fing_x_face,1,0.001,li_V>face_C>face_G,3,HYP,GP,frac03,0.036276817321777344
True,0.14498730597552023,0.0010000000000000553,0.1322363642775814,0.010827431103353363,0.0009329557585899264,0.0012568077084206116,0.0064516129032258064,0.002050779755436862,0.019337016574585635,1.1740331491712708,2.2100518816669474,fing_x_face,1,0.001,li_V>face_C>face_G,3,MONO,GP,frac03,0.02500605583190918
True,0.1415769928023833,0.0010000000000001982,0.1292443508197616,0.010545466751703536,0.0009660276137967033,0.0012987012987012987,0.0064516129032258064,0.00227269249016697,0.016574585635359115,1.1685082872928176,2.193928773664315,fing_x_face,1,0.001,li_V>face_C>face_G,3,LR-P1-N2,GP,frac03,0.027110815048217773
True,0.11285934444028996,0.0010000000000007269,0.1038520388220636,0.011143231177201169,0.0009697922881207288,0.0027230833682446586,0.0064516129032258064,0.004346428735403499,0.019337016574585635,1.1629834254143647,1.9306101834988751,fing_x_face,1,0.001,li_V>face_C>face_G,3,LR-P1-N2-rel,GP,frac03,0.021486759185791016
True,,,,,,0.0009635525764558023,0.0064516129032258064,0.0015610413063773128,0.03314917127071823,1.2486187845303867,2.397170230024028,fing_x_face,1,0.001,li_V>face_C>face_G,3,S1-Marcialis,rule,frac03,0.00494837760925293
False,,,,,,,,,,,,fing_x_face,1,0.001,li_V>face_C>ri_V,3,HYP,GP,frac03,0.015600204467773438
True,0.14306110979945494,0.001000000000000035,0.13114775911270266,0.00822208049410896,0.0008480198386217967,0.0008797653958944282,0.012903225806451613,0.0014692153471786474,0.008287292817679558,1.1685082872928176,2.3958999709217794,fing_x_face,1,0.001,li_V>face_C>ri_V,3,MONO,GP,frac03,0.028843164443969727
True,0.1394999769177102,0.0010000000000014782,0.12808988805195026,0.00822208049410896,0.0008480198386217967,0.0008797653958944282,0.012903225806451613,0.0014692153471786474,0.008287292817679558,1.1685082872928176,2.3958999709217794,fing_x_face,1,0.001,li_V>face_C>ri_V,3,LR-P1-N2,GP,frac03,0.03486323356628418
True,0.10899245816226326,0.0010000000000000811,0.10099510423169011,0.01026350240005371,0.0009386851269639731,0.0010892333472978634,0.01935483870967742,0.0016605194288425338,0.008287292817679558,1.1685082872928176,2.2506006948164248,fing_x_face,1,0.001,li_V>face_C>ri_V,3,LR-P1-N2-rel,GP,frac03,0.07828855514526367
True,,,,,,0.0009216589861751152,0.01935483870967742,0.0010636506940512082,0.011049723756906077,1.2486187845303867,2.397170230024028,fing_x_face,1,0.001,li_V>face_C>ri_V,3,S1-Marcialis,rule,frac03,0.004926919937133789
False,,,,,,,,,,,,fing_x_face,1,0.001,li_V>face_G>face_C,3,HYP,GP,frac03,0.04907798767089844
True,0.14116454018802632,0.0010000000000000607,0.13073416087666,0.010808096404954516,0.0008615431532882053,0.0010473397570171764,0.012903225806451613,0.0018518235105064202,0.016574585635359115,1.1878453038674033,2.308979048376976,fing_x_face,1,0.001,li_V>face_G>face_C,3,MONO,GP,frac03,0.027539730072021484
True,0.13810251052420544,0.0010000000000003066,0.12785445116712107,0.02940888187707697,0.0007404741736263648,0.0009635525764558023,0.03225806451612903,0.001698780245175311,0.03314917127071823,1.171270718232044,2.055638879111125,fing_x_face,1,0.001,li_V>face_G>face_C,3,LR-P1-N2,GP,frac03,0.02726006507873535
True,0.11080572854371731,0.001000000000000693,0.1029119927261246,0.013741062737068242,0.0009184535436646229,0.002387934645999162,0.012903225806451613,0.004101559510873724,0.016574585635359115,1.1795580110497237,1.934107222111691,fing_x_face,1,0.001,li_V>face_G>face_C,3,LR-P1-N2-rel,GP,frac03,0.023030519485473633
True,,,,,,0.0009635525764558023,0.012903225806451613,0.0018594756737729755,0.027624309392265192,1.2651933701657458,2.309943220948562,fing_x_face,1,0.001,li_V>face_G>face_C,3,S1-Marcialis,rule,frac03,0.004938840866088867
False,,,,,,,,,,,,fing_x_face,1,0.001,li_V>face_G>ri_V,3,HYP,GP,frac03,0.02274799346923828
True,0.14146160761229049,0.0010000000000004194,0.1308926726426305,0.009976704373804168,0.0008432631429020703,0.0009216589861751152,0.0064516129032258064,0.001193737469582651,0.013812154696132596,1.1878453038674033,2.308979048376976,fing_x_face,1,0.001,li_V>face_G>ri_V,3,MONO,GP,frac03,0.0263063907623291
True,0.13805266115383052,0.0010000000000004523,0.1278448169854921,0.02863549394112316,0.0007258211853653954,0.0008378718056137411,0.01935483870967742,0.001124868000183652,0.03038674033149171,1.171270718232044,2.055638879111125,fing_x_face,1,0.001,li_V>face_G>ri_V,3,LR-P1-N2,GP,frac03,0.026122570037841797
True,0.10715265693923685,0.0010000000000007028,0.10033794062755064,0.010946661743479575,0.0008939090269993637,0.0009216589861751152,0.0064516129032258064,0.0013467807349137602,0.013812154696132596,1.1850828729281768,2.0530983609066285,fing_x_face,1,0.001,li_V>face_G>ri_V,3,LR-P1-N2-rel,GP,frac03,0.022313594818115234
True,,,,,,0.000795978215333054,0.025806451612903226,0.0007652163266555455,0.019337016574585635,1.2651933701657458,2.309943220948562,fing_x_face,1,0.001,li_V>face_G>ri_V,3,S1-Marcialis,rule,frac03,0.004431009292602539
False,,,,,,,,,,,,fing_x_face,1,0.001,li_V>ri_V>face_C,3,HYP,GP,frac03,0.021875381469726562
True,0.14313338663979552,0.0010000000000006317,0.13123813395347625,0.0091356449934544,0.0009082724347010413,0.0009216589861751152,0.012903225806451613,0.0014309545308458702,0.008287292817679558,1.1988950276243093,2.7095468388913546,fing_x_face,1,0.001,li_V>ri_V>face_C,3,MONO,GP,frac03,0.025429964065551758
True,0.1384554801447734,0.001000000000000296,0.12761371625580165,0.0091356449934544,0.0009082724347010413,0.0009216589861751152,0.012903225806451613,0.0014309545308458702,0.008287292817679558,1.1988950276243093,2.7095468388913546,fing_x_face,1,0.001,li_V>ri_V>face_C,3,LR-P1-N2,GP,frac03,0.03335165977478027
True,0.11316072671215702,0.001000000000000709,0.10273890536881693,0.017594575542949215,0.0008351246790334039,0.0009216589861751152,0.04516129032258064,0.0011631288165164292,0.022099447513812154,1.1933701657458564,2.0056549486539845,fing_x_face,1,0.001,li_V>ri_V>face_C,3,LR-P1-N2-rel,GP,frac03,0.02747488021850586
True,,,,,,0.0009635525764558023,0.012903225806451613,0.0019206929799054193,0.011049723756906077,1.2734806629834254,2.7106028374221394,fing_x_face,1,0.001,li_V>ri_V>face_C,3,S1-Marcialis,rule,frac03,0.003736734390258789
False,,,,,,,,,,,,fing_x_face,1,0.001,li_V>ri_V>face_G,3,HYP,GP,frac03,0.0330810546875
True,0.1456478996370705,0.0010000000000009292,0.13258925357244936,0.019286361652848177,0.0008630458899443576,0.0010054461667364893,0.03870967741935484,0.0010406942042515419,0.016574585635359115,1.1988950276243093,2.163128816516429,fing_x_face,1,0.001,li_V>ri_V>face_G,3,MONO,GP,frac03,0.02547907829284668
True,0.14068086467421795,0.0010000000000004808,0.12882379583444892,0.01872243294954852,0.0009098246023569209,0.0010473397570171764,0.03870967741935484,0.0011860853063160955,0.016574585635359115,1.1961325966850829,2.1629834254143647,fing_x_face,1,0.001,li_V>ri_V>face_G,3,LR-P1-N2,GP,frac03,0.027100086212158203
True,0.11304552664737,0.0010000000000000863,0.10306690761188918,0.0216999765029707,0.0007984365402918927,0.0012987012987012987,0.04516129032258064,0.0011172158369170966,0.03038674033149171,1.1878453038674033,1.9285900123965045,fing_x_face,1,0.001,li_V>ri_V>face_G,3,LR-P1-N2-rel,GP,frac03,0.02316141128540039
True,,,,,,0.0009635525764558023,0.012903225806451613,0.0014692153471786474,0.013812154696132596,1.2734806629834254,2.7106028374221394,fing_x_face,1,0.001,li_V>ri_V>face_G,3,S1-Marcialis,rule,frac03,0.003912925720214844
False,,,,,,,,,,,,fing_x_face,1,0.001,ri_V>face_C>face_G,3,HYP,GP,frac03,0.0290985107421875
True,0.06629269596245366,0.0010000000000027181,0.060033967077745186,0.008446846362995537,0.0008726216521309613,0.0013824884792626728,0.0,0.002035475428903751,0.008287292817679558,1.0966850828729282,2.292993679313142,fing_x_face,1,0.001,ri_V>face_C>face_G,3,MONO,GP,frac03,0.025581836700439453
True,0.06012949712957047,0.0010000000000007188,0.05446919353349382,0.008446846362995537,0.0008650727372507619,0.0013824884792626728,0.0,0.00202017110237064,0.008287292817679558,1.0966850828729282,2.275141182412268,fing_x_face,1,0.001,ri_V>face_C>face_G,3,LR-P1-N2,GP,frac03,0.02479839324951172
True,0.06041306720450292,0.0010000000000001175,0.05543042765997063,0.007549125574838037,0.0009850615740195062,0.0028487641390867197,0.0,0.00429286359253761,0.0055248618784530384,1.1049723756906078,2.076070155032828,fing_x_face,1,0.001,ri_V>face_C>face_G,3,LR-P1-N2-rel,GP,frac03,0.022196531295776367
True,,,,,,0.0009635525764558023,0.0,0.0015380848165776465,0.019337016574585635,1.1795580110497237,2.6301632971641085,fing_x_face,1,0.001,ri_V>face_C>face_G,3,S1-Marcialis,rule,frac03,0.0038099288940429688
False,,,,,,,,,,,,fing_x_face,1,0.001,ri_V>face_C>li_V,3,HYP,GP,frac03,0.02375507354736328
True,0.06864932976345493,0.001000000000000677,0.06115004975434538,0.008729616327078646,0.0008284088348381174,0.0008797653958944282,0.012903225806451613,0.0011019115103839856,0.008287292817679558,1.0966850828729282,2.629046081327191,fing_x_face,1,0.001,ri_V>face_C>li_V,3,MONO,GP,frac03,0.023787736892700195
True,0.06269134301072707,0.001000000000000049,0.055810314185330244,0.008729616327078646,0.0008284088348381174,0.0008797653958944282,0.012903225806451613,0.0011019115103839856,0.008287292817679558,1.0966850828729282,2.629046081327191,fing_x_face,1,0.001,ri_V>face_C>li_V,3,LR-P1-N2,GP,frac03,0.024204254150390625
True,0.06698225387021556,0.0010000000000024924,0.059539390037140746,0.01088758349837199,0.000883235549720875,0.0009216589861751152,0.012903225806451613,0.0014079980410462037,0.0027624309392265192,1.1022099447513811,2.0931115226274466,fing_x_face,1,0.001,ri_V>face_C>li_V,3,LR-P1-N2-rel,GP,frac03,0.02539849281311035
True,,,,,,0.0008378718056137411,0.03225806451612903,0.0010024333879187647,0.008287292817679558,1.1795580110497237,2.6301632971641085,fing_x_face,1,0.001,ri_V>face_C>li_V,3,S1-Marcialis,rule,frac03,0.003966569900512695
False,,,,,,,,,,,,fing_x_face,1,0.001,ri_V>face_G>face_C,3,HYP,GP,frac03,0.010350227355957031
True,0.06401217450262872,0.0010000000000189638,0.05897854637987769,0.007047497566379108,0.0009700610735291367,0.0011730205278592375,0.0,0.0018212148574401983,0.008287292817679558,1.0994475138121547,2.5285655254740513,fing_x_face,1,0.001,ri_V>face_G>face_C,3,MONO,GP,frac03,0.024727821350097656
True,0.05815405540644094,0.00100000000000063,0.053541139178858825,0.007047497566379108,0.0009282025773539101,0.0011311269375785505,0.0,0.0017753018778408657,0.008287292817679558,1.0994475138121547,2.5286190906169175,fing_x_face,1,0.001,ri_V>face_G>face_C,3,LR-P1-N2,GP,frac03,0.02423095703125
True,0.05964947924748645,0.0010000000000002889,0.05518778688193371,0.009892920680742505,0.0009553482045629039,0.0027649769585253456,0.0,0.00429286359253761,0.008287292817679558,1.1160220994475138,2.0790698030333177,fing_x_face,1,0.001,ri_V>face_G>face_C,3,LR-P1-N2-rel,GP,frac03,0.0284116268157959
True,,,,,,0.0009635525764558023,0.012903225806451613,0.0019589537962381967,0.019337016574585635,1.2044198895027625,2.529728654290568,fing_x_face,1,0.001,ri_V>face_G>face_C,3,S1-Marcialis,rule,frac03,0.003818511962890625
False,,,,,,,,,,,,fing_x_face,1,0.001,ri_V>face_G>li_V,3,HYP,GP,frac03,0.02068805694580078
True,0.06896085013234984,0.001000000000007024,0.062097789301015754,0.011639488436104864,0.0008836074848889385,0.0008378718056137411,0.012903225806451613,0.00109425934711743,0.011049723756906077,1.1077348066298343,2.528733873065916,fing_x_face,1,0.001,ri_V>face_G>li_V,3,MONO,GP,frac03,0.03924560546875
True,0.06310378001549616,0.001000000000000018,0.05678361746978741,0.01122379242052969,0.0009254798453312269,0.0008797653958944282,0.012903225806451613,0.0012166939593823173,0.011049723756906077,1.0994475138121547,2.5285349168209854,fing_x_face,1,0.001,ri_V>face_G>li_V,3,LR-P1-N2,GP,frac03,0.025017976760864258
True,0.06642857685628382,0.0010000000000006096,0.060562224411376805,0.0358954046524118,0.0009488746170439758,0.0010473397570171764,0.03225806451612903,0.0013544328981803155,0.011049723756906077,1.1104972375690607,1.7308122006091122,fing_x_face,1,0.001,ri_V>face_G>li_V,3,LR-P1-N2-rel,GP,frac03,0.025649547576904297
True,,,,,,0.000795978215333054,0.03225806451612903,0.0008111293062548783,0.019337016574585635,1.2044198895027625,2.529728654290568,fing_x_face,1,0.001,ri_V>face_G>li_V,3,S1-Marcialis,rule,frac03,0.004166126251220703
False,,,,,,,,,,,,fing_x_face,1,0.001,ri_V>li_V>face_C,3,HYP,GP,frac03,0.04884171485900879
True,0.08118966496743148,0.0010000000000001256,0.06914181752656652,0.007940116142459132,0.0008827016884530812,0.0008378718056137411,0.012903225806451613,0.0013391285716472046,0.008287292817679558,1.1353591160220995,2.8538666380985904,fing_x_face,1,0.001,ri_V>li_V>face_C,3,MONO,GP,frac03,0.023645877838134766
True,0.07481675685259796,0.0010000000000007152,0.06381926143552974,0.007940116142459132,0.0008827016884530812,0.0008378718056137411,0.012903225806451613,0.0013391285716472046,0.008287292817679558,1.1353591160220995,2.8538666380985904,fing_x_face,1,0.001,ri_V>li_V>face_C,3,LR-P1-N2,GP,frac03,0.023493528366088867
True,0.07721262364985597,0.0010000000000006655,0.06657936865052458,0.01986640260481353,0.0008052831560207664,0.0008378718056137411,0.04516129032258064,0.0012473026124485392,0.03314917127071823,1.1049723756906078,2.124217566305995,fing_x_face,1,0.001,ri_V>li_V>face_C,3,LR-P1-N2-rel,GP,frac03,0.022659778594970703
True,,,,,,0.0009635525764558023,0.012903225806451613,0.0019206929799054193,0.008287292817679558,1.2209944751381216,2.85528994046617,fing_x_face,1,0.001,ri_V>li_V>face_C,3,S1-Marcialis,rule,frac03,0.003426074981689453
False,,,,,,,,,,,,fing_x_face,1,0.001,ri_V>li_V>face_G,3,HYP,GP,frac03,0.025812625885009766
True,0.08384640359501984,0.0010000000000009346,0.07097109671550883,0.0146299217884596,0.0009423662262896359,0.0010473397570171764,0.025806451612903226,0.0013008677553144274,0.027624309392265192,1.1104972375690607,2.2597297255934254,fing_x_face,1,0.001,ri_V>li_V>face_G,3,MONO,GP,frac03,0.02571892738342285
True,0.07722004732201572,0.0010000000000004727,0.06555195202149464,0.0146299217884596,0.0008537096416087339,0.0010054461667364893,0.025806451612903226,0.0011554766532498738,0.03314917127071823,1.1049723756906078,2.180759400682573,fing_x_face,1,0.001,ri_V>li_V>face_G,3,LR-P1-N2,GP,frac03,0.02406024932861328
True,0.07706821391523397,0.0010000000000001735,0.06683300826768238,0.024434225101540735,0.0007959606057829249,0.0011311269375785505,0.05806451612903226,0.00109425934711743,0.03591160220994475,1.1022099447513811,2.0602225249077915,fing_x_face,1,0.001,ri_V>li_V>face_G,3,LR-P1-N2-rel,GP,frac03,0.022895097732543945
True,,,,,,0.0009635525764558023,0.012903225806451613,0.0014692153471786474,0.011049723756906077,1.2209944751381216,2.85528994046617,fing_x_face,1,0.001,ri_V>li_V>face_G,3,S1-Marcialis,rule,frac03,0.0031659603118896484
False,,,,,,,,,,,,fing_x_face,1,0.001,face_C>face_G>li_V>ri_V,4,HYP,GP,frac03,0.09268927574157715
True,0.06493112969866617,0.0010000000000001282,0.059512646934750515,0.0018432412473565845,0.0009250180083524501,0.0010473397570171764,0.0,0.0019206929799054193,0.013812154696132596,1.287292817679558,2.3224851165424467,fing_x_face,1,0.001,face_C>face_G>li_V>ri_V,4,MONO,GP,frac03,0.042227745056152344
True,0.06321782049580293,0.0010000000000002622,0.05797400627349872,0.0018432412473565845,0.0009250180083524501,0.0010473397570171764,0.0,0.0019206929799054193,0.013812154696132596,1.287292817679558,2.3224851165424467,fing_x_face,1,0.001,face_C>face_G>li_V>ri_V,4,LR-P1-N2,GP,frac03,0.04755878448486328
True,0.04561181302980538,0.0010000000000003476,0.042132150167581546,0.0026621540820403653,0.0009161655376977584,0.0011311269375785505,0.0,0.002050779755436862,0.019337016574585635,1.292817679558011,2.088359529238916,fing_x_face,1,0.001,face_C>face_G>li_V>ri_V,4,LR-P1-N2-rel,GP,frac03,0.04230523109436035
True,,,,,,0.000795978215333054,0.0064516129032258064,0.0009335639185197656,0.019337016574585635,1.5635359116022098,2.3263724154818566,fing_x_face,1,0.001,face_C>face_G>li_V>ri_V,4,S1-Marcialis,rule,frac03,0.007406473159790039
False,,,,,,,,,,,,fing_x_face,1,0.001,face_C>face_G>ri_V>li_V,4,HYP,GP,frac03,0.08953499794006348
True,0.062138932013726646,0.0010000000000079236,0.05802856770750054,0.002021619432584641,0.0009288396718529155,0.0010054461667364893,0.0,0.0018747800003060865,0.013812154696132596,1.2900552486187846,2.3733107849589077,fing_x_face,1,0.001,face_C>face_G>ri_V>li_V,4,MONO,GP,frac03,0.047185420989990234
True,0.06025791536628483,0.0010000000000004905,0.056376911553773765,0.0019978356745542335,0.0009296913137443431,0.0010054461667364893,0.0,0.0018900843268391974,0.013812154696132596,1.2900552486187846,2.373326089285441,fing_x_face,1,0.001,face_C>face_G>ri_V>li_V,4,LR-P1-N2,GP,frac03,0.04603004455566406
True,0.0422657666122808,0.0010000000000004105,0.03915577302408928,0.003978005048071457,0.0009186332549803627,0.0011311269375785505,0.0064516129032258064,0.002012518939104085,0.013812154696132596,1.292817679558011,2.037541512985721,fing_x_face,1,0.001,face_C>face_G>ri_V>li_V,4,LR-P1-N2-rel,GP,frac03,0.043213844299316406
True,,,,,,0.000754084625052367,0.012903225806451613,0.0008799987756538774,0.016574585635359115,1.5552486187845305,2.3774123444697817,fing_x_face,1,0.001,face_C>face_G>ri_V>li_V,4,S1-Marcialis,rule,frac03,0.007675886154174805
False,,,,,,,,,,,,fing_x_face,1,0.001,face_C>li_V>face_G>ri_V,4,HYP,GP,frac03,0.1408231258392334
True,0.0763383186041156,0.0010000000000007943,0.067254024174146,0.0026261232825241657,0.0009332172289934207,0.0009635525764558023,0.0,0.001714084571708422,0.008287292817679558,1.1878453038674033,2.464853614116711,fing_x_face,1,0.001,face_C>li_V>face_G>ri_V,4,MONO,GP,frac03,0.04910612106323242
True,0.07438850090823175,0.00100000000000078,0.0657088535966686,0.002394231641727692,0.0009452061014271959,0.0009635525764558023,0.0,0.001798258367640532,0.008287292817679558,1.1878453038674033,2.4214505440688083,fing_x_face,1,0.001,face_C>li_V>face_G>ri_V,4,LR-P1-N2,GP,frac03,0.04787898063659668
True,0.057352380582010275,0.0010000000000004062,0.0522471625058182,0.005446210318985709,0.0008923193403049553,0.0010892333472978634,0.0064516129032258064,0.0018671278370395311,0.008287292817679558,1.1878453038674033,2.1651872484351324,fing_x_face,1,0.001,face_C>li_V>face_G>ri_V,4,LR-P1-N2-rel,GP,frac03,0.04526042938232422
True,,,,,,0.000795978215333054,0.0064516129032258064,0.0009488682450528765,0.011049723756906077,1.3812154696132597,2.4946205292236114,fing_x_face,1,0.001,face_C>li_V>face_G>ri_V,4,S1-Marcialis,rule,frac03,0.007517814636230469
False,,,,,,,,,,,,fing_x_face,1,0.001,face_C>li_V>ri_V>face_G,4,HYP,GP,frac03,0.1566481590270996
True,0.0769646787818847,0.0010000000000006451,0.06732381260604069,0.003041957898087861,0.0009208224114852433,0.0011311269375785505,0.0,0.001729388898241533,0.008287292817679558,1.1740331491712708,2.267963453268239,fing_x_face,1,0.001,face_C>li_V>ri_V>face_G,4,MONO,GP,frac03,0.046625614166259766
True,0.07472652866267934,0.0010000000000001663,0.06569094942743542,0.003041957898087861,0.0009243623259044514,0.0011311269375785505,0.0,0.001729388898241533,0.008287292817679558,1.1740331491712708,2.267963453268239,fing_x_face,1,0.001,face_C>li_V>ri_V>face_G,4,LR-P1-N2,GP,frac03,0.04780840873718262
True,0.057915663836117036,0.001000000000000336,0.051912194565619386,0.00375959052365891,0.0009604358777705414,0.0013824884792626728,0.0064516129032258064,0.0016911280819087557,0.008287292817679558,1.1740331491712708,2.194242512358244,fing_x_face,1,0.001,face_C>li_V>ri_V>face_G,4,LR-P1-N2-rel,GP,frac03,0.04035806655883789
True,,,,,,0.0009635525764558023,0.0,0.0015533891431107575,0.008287292817679558,1.356353591160221,2.713900919790025,fing_x_face,1,0.001,face_C>li_V>ri_V>face_G,4,S1-Marcialis,rule,frac03,0.007862091064453125
False,,,,,,,,,,,,fing_x_face,1,0.001,face_C>ri_V>face_G>li_V,4,HYP,GP,frac03,0.01889204978942871
True,0.0636790059514919,0.001000000000002458,0.059046728870902815,0.002417564949795402,0.0009685058413131081,0.0010473397570171764,0.0,0.0017064324084418666,0.008287292817679558,1.1767955801104972,2.628762951286329,fing_x_face,1,0.001,face_C>ri_V>face_G>li_V,4,MONO,GP,frac03,0.04861783981323242
True,0.06106493593393384,0.001000000000000058,0.05689690215745653,0.002417564949795402,0.0009137718942027665,0.0010054461667364893,0.0,0.0016681715921090892,0.008287292817679558,1.1795580110497237,2.5817097993602793,fing_x_face,1,0.001,face_C>ri_V>face_G>li_V,4,LR-P1-N2,GP,frac03,0.04843020439147949
True,0.04610114972123861,0.001000000000000843,0.042630849783129615,0.009202692737902007,0.000906805409960468,0.0011311269375785505,0.0064516129032258064,0.0018288670207067539,0.0055248618784530384,1.1823204419889504,1.8840544221851518,fing_x_face,1,0.001,face_C>ri_V>face_G>li_V,4,LR-P1-N2-rel,GP,frac03,0.04606032371520996
True,,,,,,0.000754084625052367,0.012903225806451613,0.0008876509389204329,0.008287292817679558,1.356353591160221,2.6339664223075863,fing_x_face,1,0.001,face_C>ri_V>face_G>li_V,4,S1-Marcialis,rule,frac03,0.008300304412841797
False,,,,,,,,,,,,fing_x_face,1,0.001,face_C>ri_V>li_V>face_G,4,HYP,GP,frac03,0.06940102577209473
True,0.06644329146838461,0.0010000000000006096,0.060205976544506504,0.003714410392400389,0.000918337713383586,0.0011730205278592375,0.0,0.00159930212271009,0.008287292817679558,1.1657458563535912,2.3389755283818734,fing_x_face,1,0.001,face_C>ri_V>li_V>face_G,4,MONO,GP,frac03,0.04893350601196289
True,0.06374635407750716,0.001000000000000763,0.058104724472241465,0.00358175287838609,0.0009414814794036096,0.0011730205278592375,0.0,0.001698780245175311,0.008287292817679558,1.1629834254143647,2.3388454416063422,fing_x_face,1,0.001,face_C>ri_V>li_V>face_G,4,LR-P1-N2,GP,frac03,0.04719209671020508
True,0.04899682630554396,0.001000000000000082,0.044096901859802494,0.008579269989529206,0.0008914371595935254,0.0012568077084206116,0.012903225806451613,0.0015686934696438684,0.008287292817679558,1.171270718232044,2.078235717237263,fing_x_face,1,0.001,face_C>ri_V>li_V>face_G,4,LR-P1-N2-rel,GP,frac03,0.047216176986694336
True,,,,,,0.0009635525764558023,0.0,0.0015533891431107575,0.008287292817679558,1.339779005524862,2.8022068838860745,fing_x_face,1,0.001,face_C>ri_V>li_V>face_G,4,S1-Marcialis,rule,frac03,0.007384300231933594
False,,,,,,,,,,,,fing_x_face,1,0.001,face_G>face_C>li_V>ri_V,4,HYP,GP,frac03,0.17792582511901855
True,0.05560694287123734,0.0010000000000007817,0.050123080421462046,0.0019100187218265745,0.0009745956595720189,0.0010892333472978634,0.0064516129032258064,0.0018900843268391974,0.016574585635359115,1.367403314917127,2.221843865260709,fing_x_face,1,0.001,face_G>face_C>li_V>ri_V,4,MONO,GP,frac03,0.05057096481323242
True,0.05489345562646749,0.0010000000000001531,0.04959753555513822,0.0019758814363723186,0.0009327267868784145,0.0010473397570171764,0.0064516129032258064,0.0018671278370395311,0.016574585635359115,1.3701657458563536,2.221905082566842,fing_x_face,1,0.001,face_G>face_C>li_V>ri_V,4,LR-P1-N2,GP,frac03,0.046082258224487305
True,0.03784494207139049,0.0010000000000000243,0.03428854844238601,0.010558157313152598,0.0009136110673067572,0.0010892333472978634,0.012903225806451613,0.0019359973064385302,0.019337016574585635,1.356353591160221,2.130239818796774,fing_x_face,1,0.001,face_G>face_C>li_V>ri_V,4,LR-P1-N2-rel,GP,frac03,0.047760009765625
True,,,,,,0.000795978215333054,0.0064516129032258064,0.0009335639185197656,0.019337016574585635,1.6464088397790055,2.22593012044505,fing_x_face,1,0.001,face_G>face_C>li_V>ri_V,4,S1-Marcialis,rule,frac03,0.007815122604370117
False,,,,,,,,,,,,fing_x_face,1,0.001,face_G>face_C>ri_V>li_V,4,HYP,GP,frac03,0.09794354438781738
True,0.05282311245218358,0.0010000000000027305,0.04865934402004475,0.0019100187218265745,0.000943978118808632,0.0010054461667364893,0.0064516129032258064,0.0018059105309070874,0.016574585635359115,1.3646408839779005,2.2729373593915,fing_x_face,1,0.001,face_G>face_C>ri_V>li_V,4,MONO,GP,frac03,0.04843950271606445
True,0.0519571276297765,0.0010000000000001655,0.048027632505005406,0.0022423728318034996,0.0009489618290592261,0.0010473397570171764,0.0,0.0018518235105064202,0.016574585635359115,1.361878453038674,2.2116588359529237,fing_x_face,1,0.001,face_G>face_C>ri_V>li_V,4,LR-P1-N2,GP,frac03,0.049797773361206055
True,0.03419094930348874,0.001000000000000869,0.03099541009368283,0.0032703568191735765,0.0009421277845925411,0.0012149141181399246,0.0064516129032258064,0.001897736490105753,0.013812154696132596,1.3591160220994476,1.9326533110910455,fing_x_face,1,0.001,face_G>face_C>ri_V>li_V,4,LR-P1-N2-rel,GP,frac03,0.039720773696899414
True,,,,,,0.000754084625052367,0.012903225806451613,0.0008799987756538774,0.016574585635359115,1.638121546961326,2.2769700494329745,fing_x_face,1,0.001,face_G>face_C>ri_V>li_V,4,S1-Marcialis,rule,frac03,0.007407426834106445
False,,,,,,,,,,,,fing_x_face,1,0.001,face_G>li_V>face_C>ri_V,4,HYP,GP,frac03,0.27660322189331055
True,0.06779943810398549,0.0010000000000003927,0.059827072985866175,0.002192984458393475,0.0009731234511717065,0.0009635525764558023,0.0064516129032258064,0.0016834759186422,0.019337016574585635,1.2679558011049723,2.303285838906659,fing_x_face,1,0.001,face_G>li_V>face_C>ri_V,4,MONO,GP,frac03,0.04828500747680664
True,0.06679035391029034,0.0010000000000004133,0.0590779944885467,0.002608590383976109,0.0009379708665457712,0.0009635525764558023,0.0064516129032258064,0.0016605194288425338,0.019337016574585635,1.270718232044199,2.2531488651841878,fing_x_face,1,0.001,face_G>li_V>face_C>ri_V,4,LR-P1-N2,GP,frac03,0.05381894111633301
True,0.04953306557141491,0.001000000000000161,0.045036462965992466,0.002354363355029285,0.0009068325232662812,0.0009635525764558023,0.0064516129032258064,0.0017217367349749773,0.019337016574585635,1.2790055248618784,2.141389020676145,fing_x_face,1,0.001,face_G>li_V>face_C>ri_V,4,LR-P1-N2-rel,GP,frac03,0.04227638244628906
True,,,,,,0.000795978215333054,0.0064516129032258064,0.0009182595919866546,0.019337016574585635,1.4806629834254144,2.306951225111339,fing_x_face,1,0.001,face_G>li_V>face_C>ri_V,4,S1-Marcialis,rule,frac03,0.007433414459228516
False,,,,,,,,,,,,fing_x_face,1,0.001,face_G>li_V>ri_V>face_C,4,HYP,GP,frac03,0.14586281776428223
True,0.06787953903608192,0.0010000000000007809,0.05987523802279191,0.0033580074519150085,0.000942502551316173,0.0010054461667364893,0.0064516129032258064,0.001614606449243201,0.019337016574585635,1.2624309392265194,2.290613856537243,fing_x_face,1,0.001,face_G>li_V>ri_V>face_C,4,MONO,GP,frac03,0.06270432472229004
True,0.06660312236313547,0.0010000000000008457,0.05900622959284984,0.0037271893113421358,0.0009051139493744647,0.0009216589861751152,0.0064516129032258064,0.001530432653311091,0.019337016574585635,1.2651933701657458,2.21168944460599,fing_x_face,1,0.001,face_G>li_V>ri_V>face_C,4,LR-P1-N2,GP,frac03,0.0552830696105957
True,0.05016816843355843,0.0010000000000007071,0.04493480885316809,0.0042927690870050595,0.0009513006801678408,0.0010473397570171764,0.0064516129032258064,0.0016222586125097566,0.022099447513812154,1.2596685082872927,2.021977012901547,fing_x_face,1,0.001,face_G>li_V>ri_V>face_C,4,LR-P1-N2-rel,GP,frac03,0.04584312438964844
True,,,,,,0.0009635525764558023,0.0064516129032258064,0.001813562694173643,0.016574585635359115,1.4668508287292819,2.439012258765553,fing_x_face,1,0.001,face_G>li_V>ri_V>face_C,4,S1-Marcialis,rule,frac03,0.008396625518798828
False,,,,,,,,,,,,fing_x_face,1,0.001,face_G>ri_V>face_C>li_V,4,HYP,GP,frac03,0.07945561408996582
True,0.05263025320393547,0.0010000000000000028,0.048478922951594144,0.0020559229297438825,0.0009487566745055604,0.0010054461667364893,0.0,0.001530432653311091,0.019337016574585635,1.2569060773480663,2.429806706355887,fing_x_face,1,0.001,face_G>ri_V>face_C>li_V,4,MONO,GP,frac03,0.06177186965942383
True,0.051043474512382205,0.0010000000000018067,0.04727433547345678,0.0021268168238729817,0.0009068857029584862,0.0009635525764558023,0.0,0.0015074761635114247,0.019337016574585635,1.2596685082872927,2.4298755758252857,fing_x_face,1,0.001,face_G>ri_V>face_C>li_V,4,LR-P1-N2,GP,frac03,0.0653388500213623
True,0.03671139990186093,0.0010000000000000714,0.0333064723762071,0.006865335601464396,0.0009361406139781855,0.0010892333472978634,0.0064516129032258064,0.0018441713472398648,0.016574585635359115,1.2596685082872927,1.9269371451309285,fing_x_face,1,0.001,face_G>ri_V>face_C>li_V,4,LR-P1-N2-rel,GP,frac03,0.06267476081848145
True,,,,,,0.000754084625052367,0.012903225806451613,0.0008799987756538774,0.016574585635359115,1.4640883977900552,2.433089484397239,fing_x_face,1,0.001,face_G>ri_V>face_C>li_V,4,S1-Marcialis,rule,frac03,0.010996103286743164
False,,,,,,,,,,,,fing_x_face,1,0.001,face_G>ri_V>li_V>face_C,4,HYP,GP,frac03,0.03742575645446777
True,0.0555199150644825,0.0010000000000007934,0.05004175681258368,0.0020301433318787553,0.0009391578729419656,0.0009216589861751152,0.0,0.001530432653311091,0.019337016574585635,1.2569060773480663,2.5110114629405733,fing_x_face,1,0.001,face_G>ri_V>li_V>face_C,4,MONO,GP,frac03,0.04520702362060547
True,0.0538391534193981,0.0010000000000006787,0.04883772913798242,0.002420735424532848,0.0009609098571986478,0.0008797653958944282,0.0064516129032258064,0.00159930212271009,0.019337016574585635,1.2541436464088398,2.4233023675793146,fing_x_face,1,0.001,face_G>ri_V>li_V>face_C,4,LR-P1-N2,GP,frac03,0.05309462547302246
True,0.03992618457808628,0.0010000000000001388,0.035366683698935336,0.009256878403414758,0.0008981267263488181,0.0008797653958944282,0.012903225806451613,0.0014692153471786474,0.022099447513812154,1.2513812154696133,1.9163159425169496,fing_x_face,1,0.001,face_G>ri_V>li_V>face_C,4,LR-P1-N2-rel,GP,frac03,0.04372978210449219
True,,,,,,0.0009635525764558023,0.0064516129032258064,0.001813562694173643,0.016574585635359115,1.4585635359116023,2.5141105890635282,fing_x_face,1,0.001,face_G>ri_V>li_V>face_C,4,S1-Marcialis,rule,frac03,0.007498979568481445
False,,,,,,,,,,,,fing_x_face,1,0.001,li_V>face_C>face_G>ri_V,4,HYP,GP,frac03,0.0964822769165039
True,0.13730953683273808,0.0010000000000002169,0.12827608129833035,0.002121827224286183,0.0008254177194866282,0.0008797653958944282,0.0064516129032258064,0.0014462588573789811,0.011049723756906077,1.1906077348066297,2.7179795228110986,fing_x_face,1,0.001,li_V>face_C>face_G>ri_V,4,MONO,GP,frac03,0.0517268180847168
True,0.13363346340570903,0.0010000000000000057,0.12501656389028235,0.002121827224286183,0.0008254177194866282,0.0008797653958944282,0.0064516129032258064,0.0014462588573789811,0.011049723756906077,1.1906077348066297,2.7179795228110986,fing_x_face,1,0.001,li_V>face_C>face_G>ri_V,4,LR-P1-N2,GP,frac03,0.09611153602600098
True,0.09783938183872745,0.0010000000000000597,0.09280029966908843,0.005220888317645187,0.0009515993071184089,0.0012149141181399246,0.0064516129032258064,0.0020278232656371956,0.008287292817679558,1.1823204419889504,2.407684302352275,fing_x_face,1,0.001,li_V>face_C>face_G>ri_V,4,LR-P1-N2-rel,GP,frac03,0.05148124694824219
True,,,,,,0.000795978215333054,0.0064516129032258064,0.0009641725715859873,0.011049723756906077,1.2845303867403315,2.719747172525673,fing_x_face,1,0.001,li_V>face_C>face_G>ri_V,4,S1-Marcialis,rule,frac03,0.007117748260498047
False,,,,,,,,,,,,fing_x_face,1,0.001,li_V>face_C>ri_V>face_G,4,HYP,GP,frac03,0.12158417701721191
True,0.13806105874527588,0.001000000000000099,0.12844636591217667,0.0034839879114822512,0.0007999542661160933,0.0009635525764558023,0.0,0.0012855634287813164,0.011049723756906077,1.1823204419889504,2.5362482973936733,fing_x_face,1,0.001,li_V>face_C>ri_V>face_G,4,MONO,GP,frac03,0.04986691474914551
True,0.13408146307566568,0.0010000000000002659,0.12507676130202497,0.0034839879114822512,0.0008050029405759485,0.0009635525764558023,0.0,0.0012855634287813164,0.011049723756906077,1.1823204419889504,2.5362482973936733,fing_x_face,1,0.001,li_V>face_C>ri_V>face_G,4,LR-P1-N2,GP,frac03,0.05066633224487305
True,0.09919627485436848,0.0010000000000001468,0.09315959530399495,0.0038133950392032234,0.0008632562055092757,0.0013824884792626728,0.0064516129032258064,0.0016528672655759782,0.008287292817679558,1.1740331491712708,2.430196966682481,fing_x_face,1,0.001,li_V>face_C>ri_V>face_G,4,LR-P1-N2-rel,GP,frac03,0.043328285217285156
True,,,,,,0.0009635525764558023,0.0,0.0015686934696438684,0.008287292817679558,1.2596685082872927,2.939027563092086,fing_x_face,1,0.001,li_V>face_C>ri_V>face_G,4,S1-Marcialis,rule,frac03,0.006654262542724609
False,,,,,,,,,,,,fing_x_face,1,0.001,li_V>face_G>face_C>ri_V,4,HYP,GP,frac03,0.13526201248168945
True,0.1349075660709324,0.001000000000000996,0.1269904318481373,0.002200413417778264,0.0008908227598228496,0.0009635525764558023,0.0064516129032258064,0.0014615631839120919,0.011049723756906077,1.1961325966850829,2.630446427204971,fing_x_face,1,0.001,li_V>face_G>face_C>ri_V,4,MONO,GP,frac03,0.04699850082397461
True,0.13146820293767636,0.0010000000000004053,0.12381974772033945,0.0020537191899263796,0.0009090946453738618,0.0009635525764558023,0.0,0.001545736979844202,0.011049723756906077,1.1961325966850829,2.630362253409039,fing_x_face,1,0.001,li_V>face_G>face_C>ri_V,4,LR-P1-N2,GP,frac03,0.04688858985900879
True,0.0950688652554681,0.0010000000000008104,0.0907065136657996,0.003967960013903312,0.000905263137926453,0.0011311269375785505,0.0064516129032258064,0.0020813884085030838,0.011049723756906077,1.1988950276243093,2.4157114216188917,fing_x_face,1,0.001,li_V>face_G>face_C>ri_V,4,LR-P1-N2-rel,GP,frac03,0.046181678771972656
True,,,,,,0.000795978215333054,0.0064516129032258064,0.0009641725715859873,0.011049723756906077,1.3011049723756907,2.6325201634502076,fing_x_face,1,0.001,li_V>face_G>face_C>ri_V,4,S1-Marcialis,rule,frac03,0.0067768096923828125
False,,,,,,,,,,,,fing_x_face,1,0.001,li_V>face_G>ri_V>face_C,4,HYP,GP,frac03,0.20194101333618164
True,0.1349484577060454,0.0010000000000001956,0.12702781668478397,0.0023471076456301485,0.0009151480067283995,0.0010054461667364893,0.0064516129032258064,0.0014462588573789811,0.011049723756906077,1.1906077348066297,2.7626222433081833,fing_x_face,1,0.001,li_V>face_G>ri_V>face_C,4,MONO,GP,frac03,0.047245025634765625
True,0.1312416380619171,0.0010000000000007295,0.12373838675347246,0.0023471076456301485,0.0009151480067283995,0.0010054461667364893,0.0064516129032258064,0.0014462588573789811,0.011049723756906077,1.1906077348066297,2.7626222433081833,fing_x_face,1,0.001,li_V>face_G>ri_V>face_C,4,LR-P1-N2,GP,frac03,0.0541844367980957
True,0.09654806278493923,0.0010000000000003368,0.09133238509643982,0.003916780235641636,0.0008856838589276799,0.0010473397570171764,0.0064516129032258064,0.0015916499594435347,0.008287292817679558,1.201657458563536,2.365566795733154,fing_x_face,1,0.001,li_V>face_G>ri_V>face_C,4,LR-P1-N2-rel,GP,frac03,0.04591107368469238
True,,,,,,0.0009635525764558023,0.0064516129032258064,0.0018594756737729755,0.008287292817679558,1.287292817679558,2.7645811971044214,fing_x_face,1,0.001,li_V>face_G>ri_V>face_C,4,S1-Marcialis,rule,frac03,0.006823301315307617
False,,,,,,,,,,,,fing_x_face,1,0.001,li_V>ri_V>face_C>face_G,4,HYP,GP,frac03,0.1938762664794922
True,0.13774607293825464,0.0010000000000007757,0.12827209169340564,0.002770890970535592,0.0008007458262267524,0.0013405948889819858,0.0,0.0017523453880411992,0.011049723756906077,1.2099447513812154,2.861013758589553,fing_x_face,1,0.001,li_V>ri_V>face_C>face_G,4,MONO,GP,frac03,0.052162885665893555
True,0.1327864677728293,0.0010000000000006486,0.12434118689019223,0.002597710284877117,0.0008385937206107557,0.0013824884792626728,0.0,0.001897736490105753,0.011049723756906077,1.207182320441989,2.857455502670605,fing_x_face,1,0.001,li_V>ri_V>face_C>face_G,4,LR-P1-N2,GP,frac03,0.05085587501525879
True,0.10201684117736226,0.001000000000000677,0.09503637460108394,0.003096878143539779,0.0008287605356438306,0.0020108923334729786,0.0,0.003175647755620514,0.008287292817679558,1.2154696132596685,2.7478459160404647,fing_x_face,1,0.001,li_V>ri_V>face_C>face_G,4,LR-P1-N2-rel,GP,frac03,0.04651618003845215
True,,,,,,0.0009635525764558023,0.0,0.0015686934696438684,0.008287292817679558,1.2845303867403315,3.2524601704901976,fing_x_face,1,0.001,li_V>ri_V>face_C>face_G,4,S1-Marcialis,rule,frac03,0.005970001220703125
False,,,,,,,,,,,,fing_x_face,1,0.001,li_V>ri_V>face_G>face_C,4,HYP,GP,frac03,0.0814211368560791
True,0.13717762492829366,0.0010000000000000829,0.12821299222514884,0.0028128036070647015,0.0008787931135401003,0.0010054461667364893,0.0064516129032258064,0.0014692153471786474,0.008287292817679558,1.212707182320442,3.1116680185488437,fing_x_face,1,0.001,li_V>ri_V>face_G>face_C,4,MONO,GP,frac03,0.048071861267089844
True,0.13229368122538496,0.0010000000000005155,0.12428407174183645,0.0028128036070647015,0.0008907326023785009,0.0010892333472978634,0.0064516129032258064,0.001545736979844202,0.011049723756906077,1.2099447513812154,3.0609953933977136,fing_x_face,1,0.001,li_V>ri_V>face_G>face_C,4,LR-P1-N2,GP,frac03,0.05138278007507324
True,0.10201488080986645,0.001000000000000201,0.0953613081561835,0.013069611627672789,0.0007483082909310771,0.0017176372015081692,0.03225806451612903,0.002502257388163634,0.011049723756906077,1.2154696132596685,2.3198221637256853,fing_x_face,1,0.001,li_V>ri_V>face_G>face_C,4,LR-P1-N2-rel,GP,frac03,0.04754638671875
True,,,,,,0.0009635525764558023,0.0064516129032258064,0.0018671278370395311,0.008287292817679558,1.2955801104972375,3.1652408135779986,fing_x_face,1,0.001,li_V>ri_V>face_G>face_C,4,S1-Marcialis,rule,frac03,0.006083250045776367
False,,,,,,,,,,,,fing_x_face,1,0.001,ri_V>face_C>face_G>li_V,4,HYP,GP,frac03,0.07422208786010742
True,0.06188936462846871,0.0010000000000005608,0.057139706356167684,0.0023059850290356146,0.0009514945813881916,0.0010054461667364893,0.0,0.0014079980410462037,0.008287292817679558,1.1077348066298343,2.9999234783673345,fing_x_face,1,0.001,ri_V>face_C>face_G>li_V,4,MONO,GP,frac03,0.04527640342712402
True,0.055725608143628355,0.001000000000000773,0.05142703036214316,0.0023059850290356146,0.0009364947072028372,0.0010054461667364893,0.0,0.001377389387979982,0.008287292817679558,1.1077348066298343,2.945034511256332,fing_x_face,1,0.001,ri_V>face_C>face_G>li_V,4,LR-P1-N2,GP,frac03,0.046448469161987305
True,0.05493248131751905,0.0010000000000006033,0.05133642248162827,0.005088698578592148,0.0009729526184233306,0.0017176372015081692,0.0,0.0023109533064997476,0.0055248618784530384,1.1160220994475138,2.3014646240492187,fing_x_face,1,0.001,ri_V>face_C>face_G>li_V,4,LR-P1-N2-rel,GP,frac03,0.04579949378967285
True,,,,,,0.000754084625052367,0.012903225806451613,0.0008876509389204329,0.0055248618784530384,1.207182320441989,3.0037801686536785,fing_x_face,1,0.001,ri_V>face_C>face_G>li_V,4,S1-Marcialis,rule,frac03,0.0062029361724853516
False,,,,,,,,,,,,fing_x_face,1,0.001,ri_V>face_C>li_V>face_G,4,HYP,GP,frac03,0.03937578201293945
True,0.06489341574158088,0.0010000000000009576,0.05844177186859887,0.003428686516061898,0.0009322890985919122,0.0011311269375785505,0.0,0.0013697372247134265,0.008287292817679558,1.0994475138121547,2.7096004040342203,fing_x_face,1,0.001,ri_V>face_C>li_V>face_G,4,MONO,GP,frac03,0.04435086250305176
True,0.05864851203090578,0.0010000000000003413,0.0527830821697796,0.003428686516061898,0.0009290692712169772,0.0011311269375785505,0.0,0.0013697372247134265,0.008287292817679558,1.0994475138121547,2.7096004040342203,fing_x_face,1,0.001,ri_V>face_C>li_V>face_G,4,LR-P1-N2,GP,frac03,0.04585075378417969
True,0.05853601238906444,0.0010000000000002498,0.05346361334451616,0.00608315349623885,0.000870180137587131,0.0012568077084206116,0.0064516129032258064,0.0016605194288425338,0.0055248618784530384,1.1049723756906078,2.366837054835402,fing_x_face,1,0.001,ri_V>face_C>li_V>face_G,4,LR-P1-N2-rel,GP,frac03,0.04462456703186035
True,,,,,,0.0009635525764558023,0.0,0.0015533891431107575,0.0055248618784530384,1.1906077348066297,3.1720206302321667,fing_x_face,1,0.001,ri_V>face_C>li_V>face_G,4,S1-Marcialis,rule,frac03,0.006334066390991211
False,,,,,,,,,,,,fing_x_face,1,0.001,ri_V>face_G>face_C>li_V,4,HYP,GP,frac03,0.07955765724182129
True,0.06042680275938769,0.0010000000000009506,0.05611421095099068,0.0022228666159188584,0.000860968209671642,0.0009635525764558023,0.0064516129032258064,0.0013926937145130928,0.008287292817679558,1.1104972375690607,2.9013023981879678,fing_x_face,1,0.001,ri_V>face_G>face_C>li_V,4,MONO,GP,frac03,0.04880094528198242
True,0.05444101827448592,0.0010000000000003138,0.05049836629534022,0.0021723469201025206,0.0009018010408322585,0.0010054461667364893,0.0064516129032258064,0.0014386066941124256,0.008287292817679558,1.1104972375690607,2.9013023981879678,fing_x_face,1,0.001,ri_V>face_G>face_C>li_V,4,LR-P1-N2,GP,frac03,0.04577517509460449
True,0.05396294793915816,0.0010000000000001345,0.05056107971218613,0.004527853725037114,0.0009165466781191159,0.001508169250104734,0.0,0.002586431184095744,0.0055248618784530384,1.1298342541436464,2.2673206715538483,fing_x_face,1,0.001,ri_V>face_G>face_C>li_V,4,LR-P1-N2-rel,GP,frac03,0.045746564865112305
True,,,,,,0.000754084625052367,0.012903225806451613,0.0008876509389204329,0.0055248618784530384,1.2320441988950277,2.903345525780138,fing_x_face,1,0.001,ri_V>face_G>face_C>li_V,4,S1-Marcialis,rule,frac03,0.005808591842651367
False,,,,,,,,,,,,fing_x_face,1,0.001,ri_V>face_G>li_V>face_C,4,HYP,GP,frac03,0.14985394477844238
True,0.06368493216735453,0.001000000000000105,0.05793450048661818,0.0022228666159188584,0.0009101694526135116,0.0009635525764558023,0.0064516129032258064,0.0014692153471786474,0.008287292817679558,1.1104972375690607,2.9824000244869224,fing_x_face,1,0.001,ri_V>face_G>li_V>face_C,4,MONO,GP,frac03,0.04395914077758789
True,0.05762829528337297,0.001000000000000416,0.052340400095842704,0.0022228666159188584,0.0009101694526135116,0.0009635525764558023,0.0064516129032258064,0.0014692153471786474,0.008287292817679558,1.1104972375690607,2.9824000244869224,fing_x_face,1,0.001,ri_V>face_G>li_V>face_C,4,LR-P1-N2,GP,frac03,0.04595637321472168
True,0.05779617614074093,0.0010000000000001121,0.05311340230723603,0.007003994494981706,0.0009468387511763444,0.0013824884792626728,0.0064516129032258064,0.0020890405717696394,0.011049723756906077,1.1243093922651934,2.242764879631472,fing_x_face,1,0.001,ri_V>face_G>li_V>face_C,4,LR-P1-N2-rel,GP,frac03,0.04658842086791992
True,,,,,,0.0009635525764558023,0.0064516129032258064,0.0018212148574401983,0.0055248618784530384,1.2265193370165746,2.984366630446427,fing_x_face,1,0.001,ri_V>face_G>li_V>face_C,4,S1-Marcialis,rule,frac03,0.0065441131591796875
False,,,,,,,,,,,,fing_x_face,1,0.001,ri_V>li_V>face_C>face_G,4,HYP,GP,frac03,0.1397392749786377
True,0.07543996510881916,0.0010000000000007455,0.06582117558194049,0.0022266088156089577,0.0008005227410720507,0.0012987012987012987,0.0,0.0019283451431719746,0.008287292817679558,1.143646408839779,2.962925268973539,fing_x_face,1,0.001,ri_V>li_V>face_C>face_G,4,MONO,GP,frac03,0.04448294639587402
True,0.06872324415102721,0.001000000000000907,0.06012654455300424,0.0022266088156089577,0.0007993670056603832,0.0012568077084206116,0.0,0.0019130408166388637,0.008287292817679558,1.143646408839779,2.956772929707228,fing_x_face,1,0.001,ri_V>li_V>face_C>face_G,4,LR-P1-N2,GP,frac03,0.04389047622680664
True,0.06581895979981593,0.0010000000000001956,0.05878456002254311,0.002737419073307483,0.0008287497113882087,0.0020108923334729786,0.0,0.003481734286282732,0.0055248618784530384,1.143646408839779,2.894262407982737,fing_x_face,1,0.001,ri_V>li_V>face_C>face_G,4,LR-P1-N2-rel,GP,frac03,0.0431060791015625
True,,,,,,0.0009635525764558023,0.0,0.0015686934696438684,0.0055248618784530384,1.2320441988950277,3.397147273534228,fing_x_face,1,0.001,ri_V>li_V>face_C>face_G,4,S1-Marcialis,rule,frac03,0.005453348159790039
False,,,,,,,,,,,,fing_x_face,1,0.001,ri_V>li_V>face_G>face_C,4,HYP,GP,frac03,0.14303040504455566
True,0.07499274998706905,0.0010000000000008084,0.06586044189986075,0.002310808308636187,0.0008166748481668977,0.0009635525764558023,0.0,0.0016528672655759782,0.008287292817679558,1.143646408839779,3.1544130025558226,fing_x_face,1,0.001,ri_V>li_V>face_G>face_C,4,MONO,GP,frac03,0.04639554023742676
True,0.0683566327468988,0.0010000000000000952,0.06017380788384779,0.002310808308636187,0.0008228600354984447,0.0009635525764558023,0.0,0.0017370410615080883,0.008287292817679558,1.143646408839779,3.104452028588482,fing_x_face,1,0.001,ri_V>li_V>face_G>face_C,4,LR-P1-N2,GP,frac03,0.04819369316101074
True,0.06574343902830837,0.0010000000000008173,0.05903380140738715,0.007859414566642232,0.0008741404583703057,0.0018014243820695434,0.01935483870967742,0.0030991261229549594,0.024861878453038673,1.1243093922651934,2.5595873953566675,fing_x_face,1,0.001,ri_V>li_V>face_G>face_C,4,LR-P1-N2-rel,GP,frac03,0.04323744773864746
True,,,,,,0.0009635525764558023,0.0064516129032258064,0.0018671278370395311,0.0055248618784530384,1.2430939226519337,3.309927916622029,fing_x_face,1,0.001,ri_V>li_V>face_G>face_C,4,S1-Marcialis,rule,frac03,0.00516963005065918
True,,,,,,0.0009635525764558023,0.0,0.0010483463675180975,0.011049723756906077,4.0,4.0,fing_x_face,1,0.001,parallel(face_C+face_G+li_V+ri_V),4,P0-Parallel,rule,frac03,0.0
