feasible,frr_pred_gp,far_model_gp,frr_pred_exact,frr_emp_model,far_emp_model,far_train,frr_train,far_test,frr_test,stages_gen,stages_imp,dataset,seed,alpha,order,n_stages,method,kind,tag,time
True,0.40185906135774996,0.010000000000000004,0.40185906135774996,0.09392265193370165,0.009993725226121408,0.009993725226121424,0.09392265193370165,0.008211143695014663,0.07096774193548387,1.0,1.0,fing_x_face,0,0.01,face_C,1,HYP,GP,frac07,0.004550457000732422
True,0.10481436432373366,0.010000000000000004,0.10481436432373366,0.09392265193370165,0.009993725226121408,0.009993725226121424,0.09392265193370165,0.008211143695014663,0.07096774193548387,1.0,1.0,fing_x_face,0,0.01,face_C,1,MONO,GP,frac07,0.003940105438232422
True,0.1059251244415061,0.010000000000000031,0.1059251244415061,0.09392265193370165,0.009993725226121408,0.009993725226121424,0.09392265193370165,0.008211143695014663,0.07096774193548387,1.0,1.0,fing_x_face,0,0.01,face_C,1,LR-P1-N2,GP,frac07,0.0041751861572265625
True,0.11068804099540804,0.009999999999999995,0.11068804099540804,0.09392265193370165,0.009993725226121408,0.009993725226121424,0.09392265193370165,0.008211143695014663,0.07096774193548387,1.0,1.0,fing_x_face,0,0.01,face_C,1,LR-P1-N2-rel,GP,frac07,0.004045724868774414
False,,,,,,,,,,,,fing_x_face,0,0.01,face_C,1,S1-Marcialis,rule,frac07,5.7220458984375e-06
True,0.7182717847153071,0.010000000000000004,0.7182717847153071,0.11049723756906077,0.009993725226121408,0.009993725226121424,0.11049723756906077,0.010557184750733138,0.1032258064516129,1.0,1.0,fing_x_face,0,0.01,face_G,1,HYP,GP,frac07,0.003841876983642578
True,0.16146480785147294,0.010000000000000004,0.16146480785147294,0.11049723756906077,0.009993725226121408,0.009993725226121424,0.11049723756906077,0.010557184750733138,0.1032258064516129,1.0,1.0,fing_x_face,0,0.01,face_G,1,MONO,GP,frac07,0.0037462711334228516
True,0.15787934157566627,0.009999999999999995,0.15787934157566627,0.11049723756906077,0.009993725226121408,0.009993725226121424,0.11049723756906077,0.010557184750733138,0.1032258064516129,1.0,1.0,fing_x_face,0,0.01,face_G,1,LR-P1-N2,GP,frac07,0.004344940185546875
True,0.12761202933961868,0.010000000000000004,0.12761202933961868,0.11049723756906077,0.009993725226121408,0.009993725226121424,0.11049723756906077,0.010557184750733138,0.1032258064516129,1.0,1.0,fing_x_face,0,0.01,face_G,1,LR-P1-N2-rel,GP,frac07,0.0038967132568359375
False,,,,,,,,,,,,fing_x_face,0,0.01,face_G,1,S1-Marcialis,rule,frac07,4.0531158447265625e-06
False,,,,,,,,,,,,fing_x_face,0,0.01,li_V,1,HYP,GP,frac07,0.009307384490966797
True,0.15881241324268203,0.010000000000000014,0.15881241324268203,0.13812154696132597,0.009917203593455826,0.00991720359345587,0.13812154696132597,0.010222036028487641,0.08387096774193549,1.0,1.0,fing_x_face,0,0.01,li_V,1,MONO,GP,frac07,0.0040204524993896484
True,0.14849449762724576,0.010000000000000014,0.14849449762724576,0.13812154696132597,0.009917203593455826,0.00991720359345587,0.13812154696132597,0.010222036028487641,0.08387096774193549,1.0,1.0,fing_x_face,0,0.01,li_V,1,LR-P1-N2,GP,frac07,0.004387855529785156
True,0.1532359864383783,0.009999999999999986,0.1532359864383783,0.13812154696132597,0.009917203593455826,0.00991720359345587,0.13812154696132597,0.010222036028487641,0.08387096774193549,1.0,1.0,fing_x_face,0,0.01,li_V,1,LR-P1-N2-rel,GP,frac07,0.005175352096557617
False,,,,,,,,,,,,fing_x_face,0,0.01,li_V,1,S1-Marcialis,rule,frac07,6.198883056640625e-06
True,0.909487084374443,0.010000000000000014,0.909487084374443,0.07734806629834254,0.0075985981236895705,0.007598598123689567,0.07734806629834254,0.006786761625471303,0.06451612903225806,1.0,1.0,fing_x_face,0,0.01,ri_V,1,HYP,GP,frac07,0.0033349990844726562
True,0.08420815585193324,0.009999999999999995,0.08420815585193324,0.07734806629834254,0.0075985981236895705,0.007598598123689567,0.07734806629834254,0.006786761625471303,0.06451612903225806,1.0,1.0,fing_x_face,0,0.01,ri_V,1,MONO,GP,frac07,0.0032889842987060547
True,0.08401136546278384,0.010000000000000014,0.08401136546278384,0.07734806629834254,0.0075985981236895705,0.007598598123689567,0.07734806629834254,0.006786761625471303,0.06451612903225806,1.0,1.0,fing_x_face,0,0.01,ri_V,1,LR-P1-N2,GP,frac07,0.0036766529083251953
True,0.08885067613755468,0.010000000000000004,0.08885067613755468,0.07734806629834254,0.0075985981236895705,0.007598598123689567,0.07734806629834254,0.006786761625471303,0.06451612903225806,1.0,1.0,fing_x_face,0,0.01,ri_V,1,LR-P1-N2-rel,GP,frac07,0.0037255287170410156
False,,,,,,,,,,,,fing_x_face,0,0.01,ri_V,1,S1-Marcialis,rule,frac07,5.9604644775390625e-06
True,0.13623169501144589,0.01000000000000053,0.1304588143671078,0.04480937700314398,0.009572701893892309,0.023752314779388134,0.055248618784530384,0.02346041055718475,0.04516129032258064,1.0580645161290323,1.0540008378718055,fing_x_face,0,0.01,face_C>face_G,2,HYP,GP,frac07,0.012556076049804688
True,0.05725299354459448,0.01000000000000035,0.050725679528806494,0.016093831079637372,0.009969263037554993,0.009312682695397988,0.06629834254143646,0.008923334729786342,0.05161290322580645,1.0774193548387097,1.9955592794302472,fing_x_face,0,0.01,face_C>face_G,2,MONO,GP,frac07,0.014057636260986328
True,0.058446705956524354,0.01000000000000004,0.05181225060634316,0.01652879948719514,0.009969051768940604,0.009289726205598323,0.06629834254143646,0.009007121910347717,0.05161290322580645,1.0774193548387097,1.9956011730205279,fing_x_face,0,0.01,face_C>face_G,2,LR-P1-N2,GP,frac07,0.013836860656738281
True,0.04154210533856149,0.010000000000006542,0.038588147347195595,0.01619303440065932,0.009954296576849283,0.01143233192023385,0.06077348066298342,0.01097612065354001,0.04516129032258064,1.0903225806451613,1.6592375366568914,fing_x_face,0,0.01,face_C>face_G,2,LR-P1-N2-rel,GP,frac07,0.014609098434448242
True,,,,,,0.009993725226121424,0.10220994475138122,0.010557184750733138,0.0967741935483871,1.4451612903225806,2.0,fing_x_face,0,0.01,face_C>face_G,2,S1-Marcialis,rule,frac07,0.0032117366790771484
True,0.2772555218764191,0.01000000000000299,0.25334458184928843,0.0729678581239889,0.007942639517660721,0.008731118287139775,0.07458563535911603,0.007038123167155425,0.05161290322580645,1.038709677419355,1.0232090490155006,fing_x_face,0,0.01,face_C>li_V,2,HYP,GP,frac07,0.01281881332397461
True,0.05563982705933482,0.010000000000000493,0.04935114265290175,0.015490980128811699,0.00943185693170696,0.009389204328063543,0.011049723756906077,0.007959782153330541,0.0064516129032258064,1.0774193548387097,1.9946795140343527,fing_x_face,0,0.01,face_C>li_V,2,MONO,GP,frac07,0.011882781982421875
True,0.05582765950299404,0.01000000000000402,0.04972452881780451,0.015490980128811699,0.00937081013948939,0.0093279870219311,0.011049723756906077,0.00783410138248848,0.0064516129032258064,1.0774193548387097,1.9948051948051948,fing_x_face,0,0.01,face_C>li_V,2,LR-P1-N2,GP,frac07,0.011783838272094727
True,0.04151136761568399,0.010000000000002235,0.03821159334011311,0.015490980128811699,0.00979813768501194,0.009756508164858206,0.011049723756906077,0.008378718056137411,0.0064516129032258064,1.0774193548387097,1.994260578131546,fing_x_face,0,0.01,face_C>li_V,2,LR-P1-N2-rel,GP,frac07,0.012233734130859375
True,,,,,,0.00991720359345587,0.06077348066298342,0.010222036028487641,0.01935483870967742,1.4451612903225806,2.0,fing_x_face,0,0.01,face_C>li_V,2,S1-Marcialis,rule,frac07,0.002657175064086914
True,0.15329642428792067,0.010000000000001284,0.14598671224634568,0.04461097036110009,0.008903415571514521,0.010162072817985644,0.04143646408839779,0.008336824465856724,0.03870967741935484,1.0516129032258064,1.0474235441977378,fing_x_face,0,0.01,face_C>ri_V,2,HYP,GP,frac07,0.011362314224243164
True,0.046041321406153954,0.010000000000010067,0.042680180342367785,0.008790940447483287,0.009217707264554831,0.009213204572932768,0.0055248618784530384,0.007457059069962296,0.0,1.0774193548387097,1.9950984499371596,fing_x_face,0,0.01,face_C>ri_V,2,MONO,GP,frac07,0.015398263931274414
True,0.047498108724340765,0.010000000000000014,0.04401769334795553,0.008790940447483287,0.009149039109317778,0.009144335103533768,0.0055248618784530384,0.007415165479681609,0.0,1.0774193548387097,1.9951403435274404,fing_x_face,0,0.01,face_C>ri_V,2,LR-P1-N2,GP,frac07,0.014352560043334961
True,0.03300035371590873,0.010000000000003334,0.03100789158244023,0.008470437410335459,0.009924046928183008,0.009901899266922759,0.0055248618784530384,0.007959782153330541,0.0,1.0774193548387097,1.995307917888563,fing_x_face,0,0.01,face_C>ri_V,2,LR-P1-N2-rel,GP,frac07,0.011533021926879883
True,,,,,,0.007598598123689567,0.04143646408839779,0.006786761625471303,0.0064516129032258064,1.4451612903225806,2.0,fing_x_face,0,0.01,face_C>ri_V,2,S1-Marcialis,rule,frac07,0.002788066864013672
True,0.20243989796801104,0.010000000000000014,0.1921944198956863,0.05868257989682854,0.009709789343055103,0.019788494207312407,0.06353591160220995,0.020025136154168413,0.06451612903225806,1.0580645161290323,1.0718475073313782,fing_x_face,0,0.01,face_G>face_C,2,HYP,GP,frac07,0.010135412216186523
True,0.0943260965805078,0.010000000000000014,0.08596302342367479,0.015223894264521838,0.009969005627125764,0.010238594450651199,0.06353591160220995,0.010012568077084207,0.05161290322580645,1.1161290322580646,1.8338919145370758,fing_x_face,0,0.01,face_G>face_C,2,MONO,GP,frac07,0.014550447463989258
True,0.09012981102093284,0.010000000000000023,0.08210878282064252,0.015223894264521838,0.009963038459881335,0.0101697249812522,0.06353591160220995,0.009635525764558023,0.05161290322580645,1.1161290322580646,1.833724340175953,fing_x_face,0,0.01,face_G>face_C,2,LR-P1-N2,GP,frac07,0.013858318328857422
True,0.04460504271287551,0.010000000000000652,0.04165108472257619,0.01787185983333842,0.009962931654462083,0.010491115838447529,0.06629834254143646,0.009719312945119397,0.05161290322580645,1.1161290322580646,1.7768747381650607,fing_x_face,0,0.01,face_G>face_C,2,LR-P1-N2-rel,GP,frac07,0.014258146286010742
True,,,,,,0.009970768736321758,0.07734806629834254,0.008378718056137411,0.06451612903225806,1.3161290322580645,1.8388772517804777,fing_x_face,0,0.01,face_G>face_C,2,S1-Marcialis,rule,frac07,0.0046656131744384766
True,0.5508148933985738,0.01000000000000004,0.4749656317011531,0.08438387106620678,0.0088022395707946,0.009121378613734103,0.08287292817679558,0.009761206535400083,0.07741935483870968,1.032258064516129,1.0225387515710096,fing_x_face,0,0.01,face_G>li_V,2,HYP,GP,frac07,0.01211857795715332
True,0.10342958402536413,0.010000000000001692,0.09080616359158905,0.022664143341167852,0.009097864557485973,0.009052509144335103,0.019337016574585635,0.009761206535400083,0.0,1.1161290322580646,1.8325094260578132,fing_x_face,0,0.01,face_G>li_V,2,MONO,GP,frac07,0.015044450759887695
True,0.09687690952526992,0.010000000000003086,0.0856926221571919,0.022664143341167852,0.009196974248099295,0.009151987266800325,0.019337016574585635,0.010012568077084207,0.0,1.1161290322580646,1.832258064516129,fing_x_face,0,0.01,face_G>li_V,2,LR-P1-N2,GP,frac07,0.012541532516479492
True,0.048505008456658595,0.010000000000008984,0.04454701570438134,0.02080217331583285,0.009359789038179526,0.009289726205598323,0.019337016574585635,0.01009635525764558,0.0,1.1096774193548387,1.8312945119396733,fing_x_face,0,0.01,face_G>li_V,2,LR-P1-N2-rel,GP,frac07,0.012870073318481445
True,,,,,,0.008371466613611668,0.052486187845303865,0.008713866778382907,0.0064516129032258064,1.3161290322580645,1.8388772517804777,fing_x_face,0,0.01,face_G>li_V,2,S1-Marcialis,rule,frac07,0.003713846206665039
True,0.30454922243228,0.010000000000000004,0.2813616652112534,0.06622203229449651,0.009495766858671964,0.010567637471113084,0.06353591160220995,0.010640971931294513,0.05806451612903226,1.0516129032258064,1.046585672392124,fing_x_face,0,0.01,face_G>ri_V,2,HYP,GP,frac07,0.010112524032592773
True,0.08921773774398949,0.010000000000005022,0.08250855322411617,0.012362260004273373,0.00896127746594787,0.009021900491268883,0.008287292817679558,0.00867197318810222,0.0,1.1161290322580646,1.8328445747800586,fing_x_face,0,0.01,face_G>ri_V,2,MONO,GP,frac07,0.013846397399902344
True,0.084861742483519,0.010000000000004587,0.07851697629442735,0.012362260004273373,0.009052737335518708,0.009113726450467548,0.008287292817679558,0.00867197318810222,0.0,1.1161290322580646,1.8328445747800586,fing_x_face,0,0.01,face_G>ri_V,2,LR-P1-N2,GP,frac07,0.01358175277709961
True,0.03867313441568223,0.010000000000001025,0.036324515212146885,0.012362260004273373,0.009296630321041013,0.009358595674997321,0.008287292817679558,0.008923334729786342,0.0,1.1161290322580646,1.8325932132383744,fing_x_face,0,0.01,face_G>ri_V,2,LR-P1-N2-rel,GP,frac07,0.015318155288696289
True,,,,,,0.008777031266739108,0.024861878453038673,0.007582739840804357,0.0,1.3161290322580645,1.8388772517804777,fing_x_face,0,0.01,face_G>ri_V,2,S1-Marcialis,rule,frac07,0.003797292709350586
False,,,,,,,,,,,,fing_x_face,0,0.01,li_V>face_C,2,HYP,GP,frac07,0.01684260368347168
True,0.11331092022716505,0.010000000000000404,0.10295568605792553,0.015490980128811699,0.009406034028045924,0.009733551675058539,0.011049723756906077,0.00783410138248848,0.012903225806451613,1.135483870967742,1.847926267281106,fing_x_face,0,0.01,li_V>face_C,2,MONO,GP,frac07,0.012530326843261719
True,0.10612028356475832,0.010000000000001435,0.09633007110592487,0.015490980128811699,0.009373579878050764,0.009695290858725761,0.011049723756906077,0.00783410138248848,0.012903225806451613,1.135483870967742,1.847926267281106,fing_x_face,0,0.01,li_V>face_C,2,LR-P1-N2,GP,frac07,0.012465238571166992
True,0.09495733187585634,0.010000000000007971,0.08629786713276366,0.015490980128811699,0.00978899299798924,0.010162072817985644,0.011049723756906077,0.00812735651445329,0.012903225806451613,1.135483870967742,1.847926267281106,fing_x_face,0,0.01,li_V>face_C,2,LR-P1-N2-rel,GP,frac07,0.013446569442749023
True,,,,,,0.009986073062854869,0.027624309392265192,0.008085462924172601,0.025806451612903226,1.3225806451612903,1.85060745705907,fing_x_face,0,0.01,li_V>face_C,2,S1-Marcialis,rule,frac07,0.004556179046630859
False,,,,,,,,,,,,fing_x_face,0,0.01,li_V>face_G,2,HYP,GP,frac07,0.012130975723266602
True,0.12365489257688532,0.010000000000000031,0.1076338237120885,0.019306492475809654,0.009675229884921945,0.009970768736321758,0.019337016574585635,0.010557184750733138,0.0064516129032258064,1.1161290322580646,1.8468789275240889,fing_x_face,0,0.01,li_V>face_G,2,MONO,GP,frac07,0.013138532638549805
True,0.11506460379866475,0.010000000000008905,0.10042349414636137,0.018886786117639876,0.009778970738149484,0.01008555118532009,0.019337016574585635,0.010724759111855886,0.0064516129032258064,1.1161290322580646,1.8468789275240889,fing_x_face,0,0.01,li_V>face_G,2,LR-P1-N2,GP,frac07,0.016523361206054688
True,0.09839305929937181,0.010000000000000564,0.08840957907032158,0.01947437501907756,0.00978899299798924,0.010146768491452534,0.019337016574585635,0.010515291160452451,0.0064516129032258064,1.135483870967742,1.847926267281106,fing_x_face,0,0.01,li_V>face_G,2,LR-P1-N2-rel,GP,frac07,0.014050006866455078
True,,,,,,0.009993725226121424,0.03038674033149171,0.010724759111855886,0.01935483870967742,1.3225806451612903,1.85060745705907,fing_x_face,0,0.01,li_V>face_G,2,S1-Marcialis,rule,frac07,0.004778623580932617
False,,,,,,,,,,,,fing_x_face,0,0.01,li_V>ri_V,2,HYP,GP,frac07,0.036898136138916016
True,0.1088179092365335,0.0100000000000002,0.10045272055705651,0.012171484386923477,0.008333082596290974,0.008731118287139775,0.049723756906077346,0.008085462924172601,0.03225806451612903,1.1161290322580646,1.8468789275240889,fing_x_face,0,0.01,li_V>ri_V,2,MONO,GP,frac07,0.012842655181884766
True,0.1017175975265848,0.01000000000056429,0.09391419452558476,0.012171484386923477,0.008333082596290974,0.008731118287139775,0.049723756906077346,0.008085462924172601,0.03225806451612903,1.1161290322580646,1.8468789275240889,fing_x_face,0,0.01,li_V>ri_V,2,LR-P1-N2,GP,frac07,0.015198945999145508
True,0.08994949535845746,0.010000000000005253,0.08292004704974566,0.012171484386923477,0.008333082596290974,0.008731118287139775,0.049723756906077346,0.008085462924172601,0.03225806451612903,1.1161290322580646,1.8468789275240889,fing_x_face,0,0.01,li_V>ri_V,2,LR-P1-N2-rel,GP,frac07,0.012835502624511719
True,,,,,,0.00966468220565954,0.06629834254143646,0.008713866778382907,0.05161290322580645,1.3225806451612903,1.85060745705907,fing_x_face,0,0.01,li_V>ri_V,2,S1-Marcialis,rule,frac07,0.0040128231048583984
True,0.40189246990228605,0.010000000000000066,0.3615130805612459,0.056835871920881534,0.008266162384348786,0.008677553144273886,0.058011049723756904,0.007457059069962296,0.05161290322580645,1.0129032258064516,1.0294930875576036,fing_x_face,0,0.01,ri_V>face_C,2,HYP,GP,frac07,0.011245489120483398
True,0.05553903283671638,0.010000000000003681,0.050368648168969535,0.008790940447483287,0.009211223812561689,0.009228508899465878,0.0055248618784530384,0.007498952660242983,0.0064516129032258064,1.0580645161290323,1.9851696690406369,fing_x_face,0,0.01,ri_V>face_C,2,MONO,GP,frac07,0.0117034912109375
True,0.05539683506282446,0.010000000000007954,0.05019749449240571,0.008790940447483287,0.009150395784075758,0.009167291593333435,0.0055248618784530384,0.007457059069962296,0.0064516129032258064,1.0580645161290323,1.9851696690406369,fing_x_face,0,0.01,ri_V>face_C,2,LR-P1-N2,GP,frac07,0.013956069946289062
True,0.04105768090997212,0.01000000000000283,0.03757546715115109,0.008470437410335459,0.009918756605149626,0.00991720359345587,0.0055248618784530384,0.007959782153330541,0.0064516129032258064,1.0580645161290323,1.984457478005865,fing_x_face,0,0.01,ri_V>face_C,2,LR-P1-N2-rel,GP,frac07,0.014389991760253906
True,,,,,,0.009993725226121424,0.016574585635359115,0.008211143695014663,0.01935483870967742,1.1870967741935483,1.9877251780477587,fing_x_face,0,0.01,ri_V>face_C,2,S1-Marcialis,rule,frac07,0.0031747817993164062
True,0.5373006793502189,0.010000000000000165,0.46512767434266705,0.05956014773663807,0.008182135680090553,0.008539814205475888,0.06077348066298342,0.007121910347716799,0.05161290322580645,1.0129032258064516,1.0193129451193967,fing_x_face,0,0.01,ri_V>face_G,2,HYP,GP,frac07,0.011755228042602539
True,0.06113450963834713,0.010000000000005928,0.05322134516313064,0.012362260004273373,0.009584560574542596,0.009588160572993986,0.008287292817679558,0.009342270632593214,0.0064516129032258064,1.0580645161290323,1.984457478005865,fing_x_face,0,0.01,ri_V>face_G,2,MONO,GP,frac07,0.016906261444091797
True,0.06059268305370043,0.010000000000000031,0.05288154495629489,0.012362260004273373,0.009683300310858324,0.009687638695459206,0.008287292817679558,0.009342270632593214,0.0064516129032258064,1.0580645161290323,1.984457478005865,fing_x_face,0,0.01,ri_V>face_G,2,LR-P1-N2,GP,frac07,0.013229846954345703
True,0.04341356943271793,0.010000000000465206,0.03942114043746468,0.01449131589389823,0.009894766257629436,0.01000137738938798,0.011049723756906077,0.009844993715961458,0.0064516129032258064,1.0580645161290323,1.9264767490573942,fing_x_face,0,0.01,ri_V>face_G,2,LR-P1-N2-rel,GP,frac07,0.015161991119384766
True,,,,,,0.009993725226121424,0.011049723756906077,0.010557184750733138,0.012903225806451613,1.1870967741935483,1.9877251780477587,fing_x_face,0,0.01,ri_V>face_G,2,S1-Marcialis,rule,frac07,0.0031549930572509766
True,1.0935016278354894,0.010000000000000404,0.7945651753157777,0.06265071273770642,0.00789289782142595,0.008287292817679558,0.0718232044198895,0.0072894847088395475,0.06451612903225806,1.0064516129032257,1.0066191872643486,fing_x_face,0,0.01,ri_V>li_V,2,HYP,GP,frac07,0.008121967315673828
True,0.060209676518572286,0.010000000000001976,0.05250838526159084,0.012591190745093251,0.007662933398552448,0.007659815429822011,0.049723756906077346,0.0069124423963133645,0.03225806451612903,1.0580645161290323,1.984457478005865,fing_x_face,0,0.01,ri_V>li_V,2,MONO,GP,frac07,0.013058662414550781
True,0.05893056411649158,0.010000000000000911,0.05176199105732878,0.012591190745093251,0.007662933398552448,0.007659815429822011,0.049723756906077346,0.0069124423963133645,0.03225806451612903,1.0580645161290323,1.984457478005865,fing_x_face,0,0.01,ri_V>li_V,2,LR-P1-N2,GP,frac07,0.016298770904541016
True,0.04385263901981741,0.010000000000000103,0.03924151608593825,0.012171484386923477,0.009134331113042137,0.009121378613734103,0.049723756906077346,0.008211143695014663,0.03225806451612903,1.0580645161290323,1.983158776707164,fing_x_face,0,0.01,ri_V>li_V,2,LR-P1-N2-rel,GP,frac07,0.012833118438720703
True,,,,,,0.00991720359345587,0.0718232044198895,0.010222036028487641,0.05161290322580645,1.1870967741935483,1.9877251780477587,fing_x_face,0,0.01,ri_V>li_V,2,S1-Marcialis,rule,frac07,0.0025446414947509766
True,0.11315698818534496,0.010000000000000439,0.10463816671473766,0.03797982070380476,0.008688126144039602,0.019421190370517746,0.049723756906077346,0.01864264767490574,0.03225806451612903,1.0774193548387097,1.086217008797654,fing_x_face,0,0.01,face_C>face_G>li_V,3,HYP,GP,frac07,0.022278785705566406
True,0.0480399297066851,0.010000000000003041,0.04285143139138631,0.006184081227156465,0.009780770270714556,0.009358595674997321,0.008287292817679558,0.008462505236698786,0.0,1.135483870967742,2.826099706744868,fing_x_face,0,0.01,face_C>face_G>li_V,3,MONO,GP,frac07,0.028120994567871094
True,0.04870269672223563,0.010000000000429617,0.043761123906732306,0.0034765430732978052,0.00979626102755781,0.009373900001530433,0.0055248618784530384,0.00867197318810222,0.0,1.135483870967742,2.825974025974026,fing_x_face,0,0.01,face_C>face_G>li_V,3,LR-P1-N2,GP,frac07,0.03057718276977539
True,0.026516905168512954,0.010000000000000946,0.024857184393880495,0.006373212590566772,0.009618968693849074,0.009052509144335103,0.013812154696132596,0.008713866778382907,0.0,1.1548387096774193,2.827356514453289,fing_x_face,0,0.01,face_C>face_G>li_V,3,LR-P1-N2-rel,GP,frac07,0.025962114334106445
True,,,,,,0.008371466613611668,0.03591160220994475,0.008713866778382907,0.0064516129032258064,1.7419354838709677,2.8388772517804775,fing_x_face,0,0.01,face_C>face_G>li_V,3,S1-Marcialis,rule,frac07,0.004792928695678711
True,0.08414092650411509,0.010000000000000644,0.08003769609381783,0.026808675117513562,0.00921532322850052,0.01955127714604919,0.03314917127071823,0.018810222036028487,0.025806451612903226,1.096774193548387,1.1304566401340594,fing_x_face,0,0.01,face_C>face_G>ri_V,3,HYP,GP,frac07,0.02260422706604004
True,0.04576293213632892,0.010000000000129376,0.04172259730360922,0.0022724432652286163,0.009610785565931054,0.009312682695397988,0.0027624309392265192,0.007917888563049853,0.0,1.1225806451612903,2.8257645580226227,fing_x_face,0,0.01,face_C>face_G>ri_V,3,MONO,GP,frac07,0.032034873962402344
True,0.04676593253509589,0.010000000000016808,0.042795980964439324,0.0022724432652286163,0.009579605171861438,0.009266769715798656,0.0027624309392265192,0.007959782153330541,0.0,1.1225806451612903,2.8257645580226227,fing_x_face,0,0.01,face_C>face_G>ri_V,3,LR-P1-N2,GP,frac07,0.029401302337646484
True,0.024658580761303967,0.010000000000007137,0.023431324332139118,0.002006833013448648,0.009669241781445684,0.009251465389265546,0.0055248618784530384,0.008043569333891915,0.0,1.1548387096774193,2.8282781734394637,fing_x_face,0,0.01,face_C>face_G>ri_V,3,LR-P1-N2-rel,GP,frac07,0.025726318359375
True,,,,,,0.008777031266739108,0.019337016574585635,0.007582739840804357,0.0,1.7419354838709677,2.8388772517804775,fing_x_face,0,0.01,face_C>face_G>ri_V,3,S1-Marcialis,rule,frac07,0.0039215087890625
True,0.16142931419734233,0.010000000000004845,0.1502465881296244,0.04370937111755808,0.00867402187360184,0.015694586859705238,0.04696132596685083,0.014956011730205278,0.03870967741935484,1.0516129032258064,1.0667783829074151,fing_x_face,0,0.01,face_C>li_V>face_G,3,HYP,GP,frac07,0.023710250854492188
True,0.050338213573175604,0.010000000000041838,0.04398234420168385,0.0035326163486735763,0.009748580407681144,0.009458073797462543,0.0055248618784530384,0.008504398826979473,0.0,1.0838709677419356,2.8390448261416004,fing_x_face,0,0.01,face_C>li_V>face_G,3,MONO,GP,frac07,0.03059673309326172
True,0.05079024081727642,0.010000000000006204,0.04472442058063435,0.0034861345546120816,0.009742140265415962,0.009435117307662876,0.0055248618784530384,0.00854629241726016,0.0,1.0838709677419356,2.8391286133221616,fing_x_face,0,0.01,face_C>li_V>face_G,3,LR-P1-N2,GP,frac07,0.02933192253112793
True,0.03288622031596137,0.010000000000005236,0.02933523056159562,0.008163088404704354,0.009274879355387285,0.009297378368864878,0.011049723756906077,0.00825303728529535,0.0,1.0838709677419356,2.255676581483033,fing_x_face,0,0.01,face_C>li_V>face_G,3,LR-P1-N2-rel,GP,frac07,0.028162717819213867
True,,,,,,0.009993725226121424,0.024861878453038673,0.010724759111855886,0.012903225806451613,1.5161290322580645,2.85060745705907,fing_x_face,0,0.01,face_C>li_V>face_G,3,S1-Marcialis,rule,frac07,0.005081892013549805
True,0.17124162249543506,0.010000000000003326,0.1584725935717804,0.04369238049351565,0.008390239207883027,0.010009029552654536,0.04143646408839779,0.008588186007540846,0.04516129032258064,1.0451612903225806,1.0624214495182238,fing_x_face,0,0.01,face_C>li_V>ri_V,3,HYP,GP,frac07,0.022699356079101562
True,0.04763539004884582,0.010000000000001372,0.042758320059711724,0.002006833013448648,0.009608342868579393,0.009695290858725761,0.0055248618784530384,0.008211143695014663,0.0,1.0774193548387097,2.8379136992040217,fing_x_face,0,0.01,face_C>li_V>ri_V,3,MONO,GP,frac07,0.02982640266418457
True,0.04829476225568756,0.010000000002087188,0.04359228787973183,0.002006833013448648,0.009562496709239905,0.009649377879126429,0.0055248618784530384,0.008211143695014663,0.0,1.0774193548387097,2.8379136992040217,fing_x_face,0,0.01,face_C>li_V>ri_V,3,LR-P1-N2,GP,frac07,0.030617952346801758
True,0.0305324921063476,0.010000000000005555,0.027609402082821376,0.0016268627921523049,0.009596048258373244,0.009702943021992318,0.0027624309392265192,0.008504398826979473,0.0,1.0774193548387097,2.838542103058232,fing_x_face,0,0.01,face_C>li_V>ri_V,3,LR-P1-N2-rel,GP,frac07,0.0260772705078125
True,,,,,,0.00966468220565954,0.03591160220994475,0.008713866778382907,0.0,1.5161290322580645,2.85060745705907,fing_x_face,0,0.01,face_C>li_V>ri_V,3,S1-Marcialis,rule,frac07,0.005032777786254883
True,0.0892553427762735,0.010000000000006915,0.08499121266252929,0.029897785586250728,0.008365312457676535,0.014600327512587809,0.027624309392265192,0.011185588604943444,0.01935483870967742,1.070967741935484,1.10670297444491,fing_x_face,0,0.01,face_C>ri_V>face_G,3,HYP,GP,frac07,0.02460503578186035
True,0.042592408924019935,0.010000000000005654,0.039433536948302414,0.0022724432652286163,0.009470121075219492,0.009129030777000658,0.0027624309392265192,0.008043569333891915,0.0,1.0774193548387097,2.9755760368663595,fing_x_face,0,0.01,face_C>ri_V>face_G,3,MONO,GP,frac07,0.03026866912841797
True,0.04399359345123493,0.010000000000003006,0.04078161526573402,0.0022724432652286163,0.009469359224449785,0.009121378613734103,0.0027624309392265192,0.007917888563049853,0.0,1.0774193548387097,2.976078759949728,fing_x_face,0,0.01,face_C>ri_V>face_G,3,LR-P1-N2,GP,frac07,0.0314173698425293
True,0.025093979925443023,0.01000000000000154,0.023515718710029825,0.002892896165279394,0.009505360224569092,0.009756508164858206,0.0027624309392265192,0.007917888563049853,0.0,1.0774193548387097,2.313112693757855,fing_x_face,0,0.01,face_C>ri_V>face_G,3,LR-P1-N2-rel,GP,frac07,0.028617143630981445
True,,,,,,0.009993725226121424,0.0055248618784530384,0.010557184750733138,0.0064516129032258064,1.5161290322580645,2.9877251780477585,fing_x_face,0,0.01,face_C>ri_V>face_G,3,S1-Marcialis,rule,frac07,0.003742694854736328
True,0.1273313208834708,0.010000000000002562,0.11723242510196427,0.04112258022736574,0.007700568827905786,0.009542247593394653,0.03867403314917127,0.007373271889400922,0.03225806451612903,1.0580645161290323,1.067448680351906,fing_x_face,0,0.01,face_C>ri_V>li_V,3,HYP,GP,frac07,0.020863771438598633
True,0.04224648519165854,0.010000000000000262,0.03922410973209524,0.0016268627921523047,0.009643030398160776,0.009626421389326763,0.0027624309392265192,0.008504398826979473,0.0,1.070967741935484,2.974319229157939,fing_x_face,0,0.01,face_C>ri_V>li_V,3,MONO,GP,frac07,0.034731388092041016
True,0.04350741953334866,0.01000000000000059,0.04050402134986766,0.0016268627921523047,0.009673567282658961,0.009657030042392984,0.0027624309392265192,0.00854629241726016,0.0,1.070967741935484,2.9742354419773775,fing_x_face,0,0.01,face_C>ri_V>li_V,3,LR-P1-N2,GP,frac07,0.029232025146484375
True,0.024711869378749904,0.010000000000004268,0.02313512731741553,0.0015997326021490652,0.009575745532320207,0.009534595430128098,0.0027624309392265192,0.008169250104733976,0.0,1.0774193548387097,2.976036866359447,fing_x_face,0,0.01,face_C>ri_V>li_V,3,LR-P1-N2-rel,GP,frac07,0.024102449417114258
True,,,,,,0.00991720359345587,0.03314917127071823,0.010222036028487641,0.0064516129032258064,1.5161290322580645,2.9877251780477585,fing_x_face,0,0.01,face_C>ri_V>li_V,3,S1-Marcialis,rule,frac07,0.0031363964080810547
True,0.16815095151449913,0.010000000000000182,0.15444108306543397,0.049224325312016155,0.009227506583446931,0.017064324084418665,0.052486187845303865,0.01734394637620444,0.05161290322580645,1.0774193548387097,1.1077084206116463,fing_x_face,0,0.01,face_G>face_C>li_V,3,HYP,GP,frac07,0.02104663848876953
True,0.08364522987749719,0.010000000000004837,0.07850373002977823,0.005810287498222941,0.009520620920716965,0.009404508654596655,0.011049723756906077,0.0093841642228739,0.0,1.1741935483870967,2.663720150816925,fing_x_face,0,0.01,face_G>face_C>li_V,3,MONO,GP,frac07,0.028795242309570312
True,0.07938501593849659,0.010000000000034572,0.07448675847994765,0.003175939724854762,0.009582476146779957,0.009419812981129766,0.008287292817679558,0.009467951403435275,0.0,1.1741935483870967,2.6635106828655215,fing_x_face,0,0.01,face_G>face_C>li_V,3,LR-P1-N2,GP,frac07,0.03125452995300293
True,0.03003891945287769,0.010000000000000245,0.02842186312700661,0.003073995980600164,0.009623483326295666,0.009519291103594986,0.008287292817679558,0.009426057813154587,0.0,1.1741935483870967,2.663971512358609,fing_x_face,0,0.01,face_G>face_C>li_V,3,LR-P1-N2-rel,GP,frac07,0.026356220245361328
True,,,,,,0.008371466613611668,0.03591160220994475,0.008713866778382907,0.0064516129032258064,1.6129032258064515,2.6777545035609553,fing_x_face,0,0.01,face_G>face_C>li_V,3,S1-Marcialis,rule,frac07,0.0051116943359375
True,0.12503316922685268,0.010000000000000031,0.11833019789886814,0.04034434218965044,0.00952946002773454,0.017064324084418665,0.04419889502762431,0.015919564306661083,0.04516129032258064,1.0903225806451613,1.1513196480938417,fing_x_face,0,0.01,face_G>face_C>ri_V,3,HYP,GP,frac07,0.02202439308166504
True,0.08149426051581839,0.010000000000001985,0.07747986087701915,0.0018725522750487754,0.009722352413115861,0.009565204083194319,0.0055248618784530384,0.009509844993715962,0.0,1.1741935483870967,2.662882279011311,fing_x_face,0,0.01,face_G>face_C>ri_V,3,MONO,GP,frac07,0.029449462890625
True,0.07754591920828882,0.010000000000717475,0.07360156012969549,0.001916082844090492,0.00976337766193649,0.009588160572993986,0.0055248618784530384,0.009803100125680772,0.0,1.1612903225806452,2.6622957687473816,fing_x_face,0,0.01,face_G>face_C>ri_V,3,LR-P1-N2,GP,frac07,0.038068294525146484
True,0.028303616152288498,0.010000000000000387,0.027103650722994393,0.002193350434698581,0.009664071962358379,0.009611117062793651,0.0055248618784530384,0.009258483452031839,0.0,1.1741935483870967,2.664306661080855,fing_x_face,0,0.01,face_G>face_C>ri_V,3,LR-P1-N2-rel,GP,frac07,0.026377439498901367
True,,,,,,0.008777031266739108,0.019337016574585635,0.007582739840804357,0.0,1.6129032258064515,2.6777545035609553,fing_x_face,0,0.01,face_G>face_C>ri_V,3,S1-Marcialis,rule,frac07,0.005007505416870117
True,0.27774615169270106,0.010000000000001489,0.2545978870449009,0.06720428430179329,0.009307749799718011,0.013988154451263371,0.06906077348066299,0.013950565563468789,0.05806451612903226,1.0516129032258064,1.0680770842061165,fing_x_face,0,0.01,face_G>li_V>face_C,3,HYP,GP,frac07,0.018923044204711914
True,0.09375247187067486,0.010000000000147042,0.08359250624210615,0.002933665230909748,0.009675383008974463,0.00958050840972743,0.008287292817679558,0.009803100125680772,0.0,1.1096774193548387,2.5352744030163383,fing_x_face,0,0.01,face_G>li_V>face_C,3,MONO,GP,frac07,0.030564308166503906
True,0.08798854053154395,0.010000000000157381,0.07890063652828198,0.0030585020492463325,0.009706035782581866,0.009603464899527096,0.008287292817679558,0.009761206535400083,0.0,1.1096774193548387,2.535190615835777,fing_x_face,0,0.01,face_G>li_V>face_C,3,LR-P1-N2,GP,frac07,0.034033775329589844
True,0.038136122870305766,0.0100000000000071,0.0342423780261436,0.011803803909816635,0.009280853551462074,0.009565204083194319,0.019337016574585635,0.009174696271470465,0.0,1.1096774193548387,2.1395475492249685,fing_x_face,0,0.01,face_G>li_V>face_C,3,LR-P1-N2-rel,GP,frac07,0.029526710510253906
True,,,,,,0.009993725226121424,0.019337016574585635,0.008211143695014663,0.012903225806451613,1.3612903225806452,2.550314201927105,fing_x_face,0,0.01,face_G>li_V>face_C,3,S1-Marcialis,rule,frac07,0.006440162658691406
True,0.34020038772122746,0.010000000000001053,0.3045350131485929,0.07027895484811225,0.008860816546045962,0.01008555118532009,0.0718232044198895,0.010180142438206955,0.06451612903225806,1.0451612903225806,1.0523669878508588,fing_x_face,0,0.01,face_G>li_V>ri_V,3,HYP,GP,frac07,0.019208431243896484
True,0.09216579947457816,0.010000000000002287,0.08280520634565589,0.0020451989387057544,0.009603531609999147,0.009725899511791983,0.0055248618784530384,0.010263929618768328,0.0,1.103225806451613,2.533850020946795,fing_x_face,0,0.01,face_G>li_V>ri_V,3,MONO,GP,frac07,0.03665947914123535
True,0.0864951637710272,0.010000000000001933,0.07816321923050895,0.0020451989387057544,0.009664618164981048,0.009787116817924428,0.0055248618784530384,0.010347716799329703,0.0,1.103225806451613,2.533682446585672,fing_x_face,0,0.01,face_G>li_V>ri_V,3,LR-P1-N2,GP,frac07,0.03418326377868652
True,0.03630048646567223,0.010000000000054654,0.03288818875819192,0.0019867646833141616,0.009735028470553698,0.00983302979752376,0.0055248618784530384,0.010305823209049016,0.0,1.103225806451613,2.5342270632593213,fing_x_face,0,0.01,face_G>li_V>ri_V,3,LR-P1-N2-rel,GP,frac07,0.0283505916595459
True,,,,,,0.00821842334828056,0.024861878453038673,0.007080016757436113,0.0,1.3612903225806452,2.550314201927105,fing_x_face,0,0.01,face_G>li_V>ri_V,3,S1-Marcialis,rule,frac07,0.006028175354003906
True,0.15335782200705259,0.010000000000000094,0.1452341008653743,0.04940257930321071,0.009283195715910502,0.013222938124607826,0.04696132596685083,0.012107247591118558,0.05161290322580645,1.0580645161290323,1.1090071219103477,fing_x_face,0,0.01,face_G>ri_V>face_C,3,HYP,GP,frac07,0.020775318145751953
True,0.08316166278645545,0.01000000000056405,0.07815702192518624,0.00184451563736089,0.009854270768676492,0.009672334368926096,0.0055248618784530384,0.009844993715961458,0.0,1.1096774193548387,2.6514872224549646,fing_x_face,0,0.01,face_G>ri_V>face_C,3,MONO,GP,frac07,0.03756284713745117
True,0.0789013504697555,0.010000000000001435,0.07413293274356854,0.001807625324613672,0.009864206773478892,0.00967998653219265,0.0055248618784530384,0.009803100125680772,0.0,1.1096774193548387,2.651403435274403,fing_x_face,0,0.01,face_G>ri_V>face_C,3,LR-P1-N2,GP,frac07,0.028661251068115234
True,0.0295076286170243,0.010000000000001,0.027836677604368018,0.003460522137476157,0.00920227827674522,0.009733551675058539,0.0055248618784530384,0.009132802681189779,0.0,1.1161290322580646,2.2116883116883117,fing_x_face,0,0.01,face_G>ri_V>face_C,3,LR-P1-N2-rel,GP,frac07,0.027685880661010742
True,,,,,,0.009963116573055203,0.013812154696132596,0.008378718056137411,0.0064516129032258064,1.3483870967741935,2.6666945957268537,fing_x_face,0,0.01,face_G>ri_V>face_C,3,S1-Marcialis,rule,frac07,0.0059702396392822266
True,0.2529651617541409,0.010000000000002278,0.22743894605318973,0.060370680608141235,0.008801791731024163,0.010054942532253868,0.058011049723756904,0.010180142438206955,0.05161290322580645,1.0580645161290323,1.0628822790113113,fing_x_face,0,0.01,face_G>ri_V>li_V,3,HYP,GP,frac07,0.019481420516967773
True,0.08390100596716121,0.010000000000001293,0.07831758803357408,0.0020885397861390574,0.009580078727045627,0.009572856246460874,0.0055248618784530384,0.010180142438206955,0.0,1.1096774193548387,2.650314201927105,fing_x_face,0,0.01,face_G>ri_V>li_V,3,MONO,GP,frac07,0.02915167808532715
True,0.07938476958329704,0.010000000000004046,0.07420821701092475,0.005157560844563026,0.009231246719571692,0.009297378368864878,0.008287292817679558,0.00997067448680352,0.0,1.1096774193548387,2.602387934645999,fing_x_face,0,0.01,face_G>ri_V>li_V,3,LR-P1-N2,GP,frac07,0.028644800186157227
True,0.029608691325173485,0.010000000000007937,0.027782520498879953,0.0022218508363181463,0.009145330873634781,0.009144335103533768,0.0055248618784530384,0.009719312945119397,0.0,1.1096774193548387,2.6512358609132805,fing_x_face,0,0.01,face_G>ri_V>li_V,3,LR-P1-N2-rel,GP,frac07,0.02602243423461914
True,,,,,,0.008371466613611668,0.03314917127071823,0.008713866778382907,0.0,1.3483870967741935,2.6666945957268537,fing_x_face,0,0.01,face_G>ri_V>li_V,3,S1-Marcialis,rule,frac07,0.005113363265991211
False,,,,,,,,,,,,fing_x_face,0,0.01,li_V>face_C>face_G,3,HYP,GP,frac07,0.07059288024902344
True,0.10395455726956218,0.010000000000003069,0.09770396654300159,0.003311274472190269,0.009664921351098003,0.009572856246460874,0.008287292817679558,0.008713866778382907,0.0064516129032258064,1.1225806451612903,2.691286133221617,fing_x_face,0,0.01,li_V>face_C>face_G,3,MONO,GP,frac07,0.02911067008972168
True,0.09739652275323475,0.010000000000002944,0.0914316384246147,0.003311274472190269,0.009619605230898795,0.009534595430128098,0.008287292817679558,0.008839547549224969,0.0064516129032258064,1.1225806451612903,2.691328026811898,fing_x_face,0,0.01,li_V>face_C>face_G,3,LR-P1-N2,GP,frac07,0.030031442642211914
True,0.080920062260194,0.010000000000001043,0.07730151223039346,0.0030370635074955213,0.009746097354413737,0.012082765797891065,0.008287292817679558,0.011478843736908254,0.0064516129032258064,1.1419354838709677,2.3134478424801004,fing_x_face,0,0.01,li_V>face_C>face_G,3,LR-P1-N2-rel,GP,frac07,0.033370018005371094
True,,,,,,0.009993725226121424,0.024861878453038673,0.010724759111855886,0.01935483870967742,1.3935483870967742,2.70121491411814,fing_x_face,0,0.01,li_V>face_C>face_G,3,S1-Marcialis,rule,frac07,0.006064414978027344
False,,,,,,,,,,,,fing_x_face,0,0.01,li_V>face_C>ri_V,3,HYP,GP,frac07,0.015859603881835938
True,0.10155543767926287,0.010000000000004916,0.09672059986457855,0.001741644365242934,0.009742342171130897,0.010024333879187646,0.0055248618784530384,0.009342270632593214,0.0064516129032258064,1.103225806451613,2.688186007540846,fing_x_face,0,0.01,li_V>face_C>ri_V,3,MONO,GP,frac07,0.02948141098022461
True,0.09518657436568345,0.010000000000043046,0.09052363895119733,0.001741644365242934,0.009658355886598758,0.009932507919988981,0.0055248618784530384,0.009300377042312527,0.0064516129032258064,1.103225806451613,2.688227901131127,fing_x_face,0,0.01,li_V>face_C>ri_V,3,LR-P1-N2,GP,frac07,0.02944016456604004
True,0.07908040564753487,0.010000000000002002,0.07625356362719198,0.001604117279321306,0.009219188799600828,0.009649377879126429,0.0055248618784530384,0.007959782153330541,0.0064516129032258064,1.1419354838709677,2.6930037704231253,fing_x_face,0,0.01,li_V>face_C>ri_V,3,LR-P1-N2-rel,GP,frac07,0.028234243392944336
True,,,,,,0.00966468220565954,0.03591160220994475,0.008713866778382907,0.0064516129032258064,1.3935483870967742,2.70121491411814,fing_x_face,0,0.01,li_V>face_C>ri_V,3,S1-Marcialis,rule,frac07,0.0051271915435791016
False,,,,,,,,,,,,fing_x_face,0,0.01,li_V>face_G>face_C,3,HYP,GP,frac07,0.07595276832580566
True,0.11038627045610987,0.010000000000000103,0.10031448582418181,0.0034901187083887816,0.009921781474141486,0.010322768246583309,0.008287292817679558,0.010012568077084207,0.0064516129032258064,1.096774193548387,2.5494763301214913,fing_x_face,0,0.01,li_V>face_G>face_C,3,MONO,GP,frac07,0.03323841094970703
True,0.10253669869889408,0.010000000000000004,0.09353486442941589,0.003506055323495579,0.008642308048097068,0.009060161307601658,0.008287292817679558,0.008378718056137411,0.0064516129032258064,1.1161290322580646,2.5524507750314203,fing_x_face,0,0.01,li_V>face_G>face_C,3,LR-P1-N2,GP,frac07,0.03559064865112305
True,0.08154186710425618,0.010000000000012128,0.07768369405195887,0.0029514779819219765,0.009764874181925154,0.011286940818169297,0.0055248618784530384,0.010347716799329703,0.0064516129032258064,1.135483870967742,2.3866778382907414,fing_x_face,0,0.01,li_V>face_G>face_C,3,LR-P1-N2-rel,GP,frac07,0.03231000900268555
True,,,,,,0.009993725226121424,0.019337016574585635,0.008211143695014663,0.01935483870967742,1.367741935483871,2.5620444072056974,fing_x_face,0,0.01,li_V>face_G>face_C,3,S1-Marcialis,rule,frac07,0.006590843200683594
False,,,,,,,,,,,,fing_x_face,0,0.01,li_V>face_G>ri_V,3,HYP,GP,frac07,0.029625892639160156
True,0.10899704925755604,0.010000000000351306,0.09966399366972242,0.002825334192505204,0.008594424668831663,0.008792335593272218,0.008287292817679558,0.009216589861751152,0.0064516129032258064,1.096774193548387,2.549434436531211,fing_x_face,0,0.01,li_V>face_G>ri_V,3,MONO,GP,frac07,0.034955739974975586
True,0.10123795961405718,0.010000000000004996,0.09293372199639496,0.0027866309843886943,0.008704252887066046,0.00890711804227055,0.008287292817679558,0.009258483452031839,0.0064516129032258064,1.096774193548387,2.54939254294093,fing_x_face,0,0.01,li_V>face_G>ri_V,3,LR-P1-N2,GP,frac07,0.03174471855163574
True,0.08017699829219062,0.01000000000000584,0.07686081399823687,0.021297979119155458,0.007600812618503825,0.008271988491146447,0.024861878453038673,0.00812735651445329,0.01935483870967742,1.1225806451612903,2.2497276916631757,fing_x_face,0,0.01,li_V>face_G>ri_V,3,LR-P1-N2-rel,GP,frac07,0.031262874603271484
True,,,,,,0.00821842334828056,0.024861878453038673,0.007080016757436113,0.0064516129032258064,1.367741935483871,2.5620444072056974,fing_x_face,0,0.01,li_V>face_G>ri_V,3,S1-Marcialis,rule,frac07,0.0058782100677490234
False,,,,,,,,,,,,fing_x_face,0,0.01,li_V>ri_V>face_C,3,HYP,GP,frac07,0.05325055122375488
True,0.1031784709532521,0.010000000000003131,0.09723567421556117,0.001792869199514785,0.009035715799808998,0.0093279870219311,0.0055248618784530384,0.008839547549224969,0.0064516129032258064,1.1225806451612903,2.6818181818181817,fing_x_face,0,0.01,li_V>ri_V>face_C,3,MONO,GP,frac07,0.05169391632080078
True,0.09644717173637712,0.010000000000003593,0.09090291553170306,0.001792869199514785,0.00899706494622179,0.009282074042331768,0.0055248618784530384,0.008839547549224969,0.0064516129032258064,1.1225806451612903,2.6818181818181817,fing_x_face,0,0.01,li_V>ri_V>face_C,3,LR-P1-N2,GP,frac07,0.056693315505981445
True,0.08054310048939818,0.010000000000009855,0.0768818338682422,0.02107233688621476,0.007887756345852768,0.008830596409604995,0.027624309392265192,0.007457059069962296,0.025806451612903226,1.1161290322580646,2.243024717218266,fing_x_face,0,0.01,li_V>ri_V>face_C,3,LR-P1-N2-rel,GP,frac07,0.028485774993896484
True,,,,,,0.009993725226121424,0.0055248618784530384,0.008085462924172601,0.01935483870967742,1.4193548387096775,2.693967322999581,fing_x_face,0,0.01,li_V>ri_V>face_C,3,S1-Marcialis,rule,frac07,0.0061872005462646484
False,,,,,,,,,,,,fing_x_face,0,0.01,li_V>ri_V>face_G,3,HYP,GP,frac07,0.036333560943603516
True,0.1042569031570655,0.010000000000000502,0.09752838576367509,0.0026318181519226556,0.009307120597559403,0.009526943266861541,0.008287292817679558,0.009928780896522832,0.0064516129032258064,1.1225806451612903,2.6814411395056554,fing_x_face,0,0.01,li_V>ri_V>face_G,3,MONO,GP,frac07,0.03549814224243164
True,0.09740243915318102,0.01000000000002886,0.09117384307352831,0.0026318181519226556,0.009377941264504107,0.00959581273626054,0.008287292817679558,0.01009635525764558,0.0064516129032258064,1.1225806451612903,2.6814411395056554,fing_x_face,0,0.01,li_V>ri_V>face_G,3,LR-P1-N2,GP,frac07,0.03538322448730469
True,0.0810185563245885,0.010000000034752668,0.07711510681466807,0.0031640294238820888,0.00884558139993425,0.009618769226060208,0.011049723756906077,0.009132802681189779,0.012903225806451613,1.135483870967742,2.389945538332635,fing_x_face,0,0.01,li_V>ri_V>face_G,3,LR-P1-N2-rel,GP,frac07,0.028850793838500977
True,,,,,,0.009993725226121424,0.0055248618784530384,0.010724759111855886,0.012903225806451613,1.4193548387096775,2.693967322999581,fing_x_face,0,0.01,li_V>ri_V>face_G,3,S1-Marcialis,rule,frac07,0.006249904632568359
True,0.23399795740156148,0.01000000000000076,0.21593137877399238,0.045579815374735586,0.00815935403250718,0.009549899756661208,0.04419889502762431,0.008378718056137411,0.04516129032258064,1.0193548387096774,1.0488060326770003,fing_x_face,0,0.01,ri_V>face_C>face_G,3,HYP,GP,frac07,0.019457578659057617
True,0.05020516856260339,0.010000000000001568,0.047048941886041216,0.002077451612136179,0.00969044361030165,0.009404508654596655,0.0055248618784530384,0.008420611646418098,0.0064516129032258064,1.0580645161290323,2.966275659824047,fing_x_face,0,0.01,ri_V>face_C>face_G,3,MONO,GP,frac07,0.02602076530456543
True,0.0500952385210617,0.010000000000000333,0.04688814143832051,0.002077451612136179,0.009637354174558795,0.00934329134846421,0.0055248618784530384,0.008378718056137411,0.0064516129032258064,1.0580645161290323,2.966359447004608,fing_x_face,0,0.01,ri_V>face_C>face_G,3,LR-P1-N2,GP,frac07,0.026128053665161133
True,0.03141480008284279,0.010000000000001558,0.029788878166021722,0.0019111290020930086,0.009902220027352132,0.01301632971641083,0.0027624309392265192,0.011981566820276499,0.0064516129032258064,1.0580645161290323,2.3794721407624633,fing_x_face,0,0.01,ri_V>face_C>face_G,3,LR-P1-N2-rel,GP,frac07,0.02722764015197754
True,,,,,,0.009993725226121424,0.0055248618784530384,0.010557184750733138,0.012903225806451613,1.2580645161290323,2.9754503560955174,fing_x_face,0,0.01,ri_V>face_C>face_G,3,S1-Marcialis,rule,frac07,0.0035448074340820312
True,0.33382056550558536,0.010000000000000253,0.29396953122516295,0.0562722722628189,0.00803911055525766,0.00858572718507522,0.055248618784530384,0.007331378299120235,0.05161290322580645,1.0129032258064516,1.031043150397989,fing_x_face,0,0.01,ri_V>face_C>li_V,3,HYP,GP,frac07,0.019033432006835938
True,0.04992205768008559,0.010000000000009482,0.04688803360686709,0.0017644109582526453,0.008759726047561013,0.008746422613672885,0.0055248618784530384,0.007415165479681609,0.0064516129032258064,1.0580645161290323,2.9661918726434857,fing_x_face,0,0.01,ri_V>face_C>li_V,3,MONO,GP,frac07,0.028681516647338867
True,0.04967953975546912,0.010000000000341038,0.04666585061135359,0.0017644109582526453,0.008615601855979864,0.008601031511608332,0.0055248618784530384,0.007373271889400922,0.0064516129032258064,1.0580645161290323,2.966233766233766,fing_x_face,0,0.01,ri_V>face_C>li_V,3,LR-P1-N2,GP,frac07,0.031058311462402344
True,0.031256147263277516,0.010000000000001452,0.02965611341396,0.0016467835610358024,0.009305880878815754,0.009289726205598323,0.0055248618784530384,0.007792207792207792,0.0064516129032258064,1.0580645161290323,2.9658148303309595,fing_x_face,0,0.01,ri_V>face_C>li_V,3,LR-P1-N2-rel,GP,frac07,0.02606201171875
True,,,,,,0.00991720359345587,0.03314917127071823,0.010222036028487641,0.012903225806451613,1.2580645161290323,2.9754503560955174,fing_x_face,0,0.01,ri_V>face_C>li_V,3,S1-Marcialis,rule,frac07,0.002976655960083008
True,0.2707538888103711,0.010000000000000954,0.24866058033170138,0.045590692746951336,0.00826992989498527,0.00983302979752376,0.04696132596685083,0.008420611646418098,0.04516129032258064,1.0193548387096774,1.0503142019271052,fing_x_face,0,0.01,ri_V>face_G>face_C,3,HYP,GP,frac07,0.020241498947143555
True,0.053634787328457445,0.010000000000058837,0.04862514870348229,0.0021628263359225975,0.008612507030679051,0.008799987756538773,0.0055248618784530384,0.007917888563049853,0.0064516129032258064,1.0580645161290323,2.80733137829912,fing_x_face,0,0.01,ri_V>face_G>face_C,3,MONO,GP,frac07,0.030546188354492188
True,0.053019339998218985,0.010000000000007794,0.04824720484893758,0.002134368094660458,0.008687772521738437,0.008868857225937773,0.0055248618784530384,0.007917888563049853,0.0064516129032258064,1.0580645161290323,2.807247591118559,fing_x_face,0,0.01,ri_V>face_G>face_C,3,LR-P1-N2,GP,frac07,0.028382539749145508
True,0.03184194796652757,0.010000000000006328,0.030119666941392828,0.002601715656720926,0.00990706069028777,0.012251113389755285,0.0027624309392265192,0.01038961038961039,0.0064516129032258064,1.0580645161290323,2.435441977377461,fing_x_face,0,0.01,ri_V>face_G>face_C,3,LR-P1-N2-rel,GP,frac07,0.030347347259521484
True,,,,,,0.009963116573055203,0.013812154696132596,0.008378718056137411,0.012903225806451613,1.2193548387096773,2.815542521994135,fing_x_face,0,0.01,ri_V>face_G>face_C,3,S1-Marcialis,rule,frac07,0.005203962326049805
True,0.446293548795693,0.010000000000002927,0.381548899128244,0.05916911042151757,0.007983798209531127,0.008509205552409665,0.06077348066298342,0.007205697528278173,0.05161290322580645,1.0129032258064516,1.020485965647256,fing_x_face,0,0.01,ri_V>face_G>li_V,3,HYP,GP,frac07,0.023461580276489258
True,0.0544403116344289,0.010000000000000458,0.04882296503460691,0.002632977561751854,0.009600672705207204,0.009526943266861541,0.0055248618784530384,0.00909090909090909,0.0064516129032258064,1.0580645161290323,2.804440720569753,fing_x_face,0,0.01,ri_V>face_G>li_V,3,MONO,GP,frac07,0.030611515045166016
True,0.053570540492902864,0.010000000000514108,0.048362293585985205,0.0025969093759744314,0.009653660805280283,0.00958050840972743,0.0055248618784530384,0.009132802681189779,0.0064516129032258064,1.0580645161290323,2.804398826979472,fing_x_face,0,0.01,ri_V>face_G>li_V,3,LR-P1-N2,GP,frac07,0.02896881103515625
True,0.03215750683433847,0.010000000000011106,0.030283228056298732,0.002201403062966831,0.009547618480474933,0.009488682450528764,0.0055248618784530384,0.009551738583996649,0.0064516129032258064,1.0580645161290323,2.805111018014244,fing_x_face,0,0.01,ri_V>face_G>li_V,3,LR-P1-N2-rel,GP,frac07,0.032894134521484375
True,,,,,,0.008371466613611668,0.03314917127071823,0.008713866778382907,0.0064516129032258064,1.2193548387096773,2.815542521994135,fing_x_face,0,0.01,ri_V>face_G>li_V,3,S1-Marcialis,rule,frac07,0.004198789596557617
True,0.6178493882036993,0.01000000000000108,0.5249705604829177,0.06191800788601053,0.00810291152899283,0.00882294424633844,0.06629834254143646,0.007624633431085044,0.05161290322580645,1.0193548387096774,1.0159614578969418,fing_x_face,0,0.01,ri_V>li_V>face_C,3,HYP,GP,frac07,0.017151832580566406
True,0.055168773343586726,0.010000000000456413,0.04918665826200482,0.001810133865880483,0.008869922846976113,0.009021900491268883,0.0055248618784530384,0.007457059069962296,0.0064516129032258064,1.0838709677419356,2.8209467951403435,fing_x_face,0,0.01,ri_V>li_V>face_C,3,MONO,GP,frac07,0.028548479080200195
True,0.054233428793011185,0.010000000000000368,0.04865243333934514,0.001810133865880483,0.00882479267475772,0.008968335348402993,0.0055248618784530384,0.007373271889400922,0.0064516129032258064,1.0838709677419356,2.8209467951403435,fing_x_face,0,0.01,ri_V>li_V>face_C,3,LR-P1-N2,GP,frac07,0.039659738540649414
True,0.03681142973100635,0.010000000000002021,0.03310950719722633,0.003541406783196771,0.008831105086133866,0.009366247838263878,0.022099447513812154,0.007038123167155425,0.012903225806451613,1.0774193548387097,2.4949308755760367,fing_x_face,0,0.01,ri_V>li_V>face_C,3,LR-P1-N2-rel,GP,frac07,0.029530763626098633
True,,,,,,0.009993725226121424,0.0055248618784530384,0.008085462924172601,0.012903225806451613,1.2838709677419355,2.8310850439882698,fing_x_face,0,0.01,ri_V>li_V>face_C,3,S1-Marcialis,rule,frac07,0.004772663116455078
True,0.6859657269514126,0.01000000000000146,0.566026264571119,0.06200907425804938,0.008099178803923236,0.008769379103472552,0.06906077348066299,0.00754084625052367,0.05161290322580645,1.0193548387096774,1.0147884373690825,fing_x_face,0,0.01,ri_V>li_V>face_G,3,HYP,GP,frac07,0.017708539962768555
True,0.05626727870590992,0.01000000000000839,0.04949271912589439,0.002691053454105331,0.009092224827876666,0.00915963943006688,0.0055248618784530384,0.00867197318810222,0.0064516129032258064,1.0838709677419356,2.820611646418098,fing_x_face,0,0.01,ri_V>li_V>face_G,3,MONO,GP,frac07,0.027760744094848633
True,0.05520971680923289,0.010000000000003912,0.048937567514505974,0.002653151292779904,0.009150223741805002,0.009220856736199323,0.0055248618784530384,0.00867197318810222,0.0064516129032258064,1.0838709677419356,2.820611646418098,fing_x_face,0,0.01,ri_V>li_V>face_G,3,LR-P1-N2,GP,frac07,0.029375076293945312
True,0.037292973929912425,0.010000000000043445,0.03339261379253937,0.006033779552934943,0.008626885317234328,0.008960683185136438,0.027624309392265192,0.008169250104733976,0.012903225806451613,1.0774193548387097,2.350984499371596,fing_x_face,0,0.01,ri_V>li_V>face_G,3,LR-P1-N2-rel,GP,frac07,0.029394149780273438
True,,,,,,0.009993725226121424,0.0055248618784530384,0.010724759111855886,0.0064516129032258064,1.2838709677419355,2.8310850439882698,fing_x_face,0,0.01,ri_V>li_V>face_G,3,S1-Marcialis,rule,frac07,0.005548238754272461
True,0.08892951923837984,0.010000000000000236,0.08333737350198715,0.029672838533347252,0.008959761010230683,0.01961249445218163,0.03591160220994475,0.019564306661080853,0.025806451612903226,1.096774193548387,1.1372015081692501,fing_x_face,0,0.01,face_C>face_G>li_V>ri_V,4,HYP,GP,frac07,0.03821969032287598
True,0.045898795080445566,0.010000000000008797,0.04157495271361622,0.0005263656568768495,0.009854446860675424,0.009565204083194319,0.0027624309392265192,0.008085462924172601,0.0,1.1225806451612903,3.52987012987013,fing_x_face,0,0.01,face_C>face_G>li_V>ri_V,4,MONO,GP,frac07,0.05216169357299805
True,0.04670993088561687,0.010000000000002961,0.04256311559934746,0.0005263656568768495,0.00984638482580255,0.009534595430128098,0.0027624309392265192,0.008085462924172601,0.0,1.1225806451612903,3.52987012987013,fing_x_face,0,0.01,face_C>face_G>li_V>ri_V,4,LR-P1-N2,GP,frac07,0.05222725868225098
True,0.023753798368991014,0.0100000000000095,0.022402449812439135,0.003167449886692106,0.009825399118428954,0.009419812981129766,0.0055248618784530384,0.00854629241726016,0.0,1.1290322580645162,3.532090490155006,fing_x_face,0,0.01,face_C>face_G>li_V>ri_V,4,LR-P1-N2-rel,GP,frac07,0.043866872787475586
True,,,,,,0.00821842334828056,0.019337016574585635,0.007080016757436113,0.0,1.7870967741935484,3.550314201927105,fing_x_face,0,0.01,face_C>face_G>li_V>ri_V,4,S1-Marcialis,rule,frac07,0.0059490203857421875
True,0.0766847311993775,0.010000000000004934,0.07195962817709228,0.026519431772560224,0.008664777438509665,0.018885538941858862,0.03314917127071823,0.01776288227901131,0.025806451612903226,1.096774193548387,1.1532048596564726,fing_x_face,0,0.01,face_C>face_G>ri_V>li_V,4,HYP,GP,frac07,0.0380253791809082
True,0.044670530220170465,0.010000000000009375,0.04099455765448952,0.0005130973731208059,0.009949548768719533,0.009641725715859873,0.0027624309392265192,0.008001675743611228,0.0,1.1225806451612903,3.6454964390448263,fing_x_face,0,0.01,face_C>face_G>ri_V>li_V,4,MONO,GP,frac07,0.052895307540893555
True,0.04563491129720681,0.010000000000003638,0.04205169752315652,0.0004940937667089241,0.009956600692450713,0.009649377879126429,0.0027624309392265192,0.008169250104733976,0.0,1.1225806451612903,3.6452031839128614,fing_x_face,0,0.01,face_C>face_G>ri_V>li_V,4,LR-P1-N2,GP,frac07,0.05237746238708496
True,0.022429540897623678,0.010000000000001745,0.02148705816465452,0.0004278181506965113,0.009722158660152818,0.009266769715798656,0.0027624309392265192,0.00854629241726016,0.0,1.1290322580645162,3.647255969836615,fing_x_face,0,0.01,face_C>face_G>ri_V>li_V,4,LR-P1-N2-rel,GP,frac07,0.04964613914489746
True,,,,,,0.008371466613611668,0.019337016574585635,0.008713866778382907,0.0,1.7741935483870968,3.6666945957268537,fing_x_face,0,0.01,face_C>face_G>ri_V>li_V,4,S1-Marcialis,rule,frac07,0.007417917251586914
True,0.12686650230597463,0.010000000000003123,0.11901079797715748,0.04027965026573822,0.008496978867265957,0.015059457308581136,0.03867403314917127,0.013405948889819858,0.03225806451612903,1.0580645161290323,1.1150816925010474,fing_x_face,0,0.01,face_C>li_V>face_G>ri_V,4,HYP,GP,frac07,0.06124448776245117
True,0.04742544214413916,0.010000000000000129,0.04254465626383546,0.0005762715241657099,0.009813135135262382,0.00974885600159165,0.0027624309392265192,0.007959782153330541,0.0,1.0774193548387097,3.5425219941348973,fing_x_face,0,0.01,face_C>li_V>face_G>ri_V,4,MONO,GP,frac07,0.054964542388916016
True,0.04801374765682906,0.010000000000004294,0.043366975617362725,0.0005704505996791874,0.009816009123665904,0.009733551675058539,0.0027624309392265192,0.008001675743611228,0.0,1.0774193548387097,3.5424801005446165,fing_x_face,0,0.01,face_C>li_V>face_G>ri_V,4,LR-P1-N2,GP,frac07,0.06945919990539551
True,0.02856657755980202,0.01000000000000798,0.026356393487342887,0.0007043603968127623,0.00967061224738306,0.009588160572993986,0.0027624309392265192,0.00825303728529535,0.0,1.0774193548387097,3.157268537913699,fing_x_face,0,0.01,face_C>li_V>face_G>ri_V,4,LR-P1-N2-rel,GP,frac07,0.05088043212890625
True,,,,,,0.00821842334828056,0.019337016574585635,0.007080016757436113,0.0,1.5612903225806452,3.5620444072056974,fing_x_face,0,0.01,face_C>li_V>face_G>ri_V,4,S1-Marcialis,rule,frac07,0.007085084915161133
True,0.1306653489922327,0.010000000000001648,0.12248706610765235,0.04031321526764231,0.008128489312313044,0.01251128694081817,0.03867403314917127,0.00967741935483871,0.03225806451612903,1.0580645161290323,1.1049853372434018,fing_x_face,0,0.01,face_C>li_V>ri_V>face_G,4,HYP,GP,frac07,0.045452117919921875
True,0.04677254399636268,0.01000000000001307,0.04225860683116164,0.0006268907400436049,0.009728171459907531,0.009695290858725761,0.0027624309392265192,0.008169250104733976,0.0,1.0774193548387097,3.5237536656891497,fing_x_face,0,0.01,face_C>li_V>ri_V>face_G,4,MONO,GP,frac07,0.08671188354492188
True,0.04748081416961096,0.01000000000000814,0.04312810152086696,0.0006494488605677047,0.009852160562503612,0.009863638450589981,0.0027624309392265192,0.008169250104733976,0.0,1.0774193548387097,3.380058651026393,fing_x_face,0,0.01,face_C>li_V>ri_V>face_G,4,LR-P1-N2,GP,frac07,0.07705569267272949
True,0.02840033732350734,0.010000000000009819,0.026133386375393215,0.0008224134738815108,0.009860508136722419,0.010200333634318421,0.0027624309392265192,0.00812735651445329,0.0,1.0774193548387097,2.9336405529953917,fing_x_face,0,0.01,face_C>li_V>ri_V>face_G,4,LR-P1-N2-rel,GP,frac07,0.049143314361572266
True,,,,,,0.009993725226121424,0.0027624309392265192,0.010724759111855886,0.0,1.5354838709677419,3.693967322999581,fing_x_face,0,0.01,face_C>li_V>ri_V>face_G,4,S1-Marcialis,rule,frac07,0.005850553512573242
True,0.08134593061057892,0.01000000000000139,0.07638059805074107,0.0264315071624051,0.008654151665376147,0.015281370043311244,0.024861878453038673,0.01152073732718894,0.01935483870967742,1.070967741935484,1.1369082530372854,fing_x_face,0,0.01,face_C>ri_V>face_G>li_V,4,HYP,GP,frac07,0.037593841552734375
True,0.041313485343838295,0.010000000000004214,0.038719795625072835,0.0005307313502417411,0.00971899025055589,0.009534595430128098,0.0027624309392265192,0.008294930875576038,0.0,1.070967741935484,3.7945538332635107,fing_x_face,0,0.01,face_C>ri_V>face_G>li_V,4,MONO,GP,frac07,0.06145477294921875
True,0.0426353675734856,0.01000000000008702,0.04004105745983201,0.0005307313502417411,0.009741739351802175,0.009542247593394653,0.0027624309392265192,0.008294930875576038,0.0,1.070967741935484,3.7945538332635107,fing_x_face,0,0.01,face_C>ri_V>face_G>li_V,4,LR-P1-N2,GP,frac07,0.05456042289733887
True,0.022627165043925267,0.01000000000000298,0.021620817118636084,0.00039980946462680843,0.00982529607614526,0.009542247593394653,0.0,0.008211143695014663,0.0,1.0774193548387097,3.5232090490155006,fing_x_face,0,0.01,face_C>ri_V>face_G>li_V,4,LR-P1-N2-rel,GP,frac07,0.04922914505004883
True,,,,,,0.008371466613611668,0.019337016574585635,0.008713866778382907,0.0,1.5483870967741935,3.815542521994135,fing_x_face,0,0.01,face_C>ri_V>face_G>li_V,4,S1-Marcialis,rule,frac07,0.004895210266113281
True,0.09715973977833431,0.010000000000003539,0.09106151002844237,0.035224907352288455,0.008640592423274349,0.013039286206210495,0.03314917127071823,0.00997067448680352,0.01935483870967742,1.070967741935484,1.1048596564725597,fing_x_face,0,0.01,face_C>ri_V>li_V>face_G,4,HYP,GP,frac07,0.03877663612365723
True,0.041565900814180046,0.010000000000000253,0.038786979542702174,0.00054296018319662,0.009565557470804405,0.009419812981129766,0.0027624309392265192,0.007917888563049853,0.0,1.070967741935484,3.8113531629660664,fing_x_face,0,0.01,face_C>ri_V>li_V>face_G,4,MONO,GP,frac07,0.0629434585571289
True,0.04286386193118273,0.010000000000000547,0.04009615578545553,0.0006981848361705485,0.009474777828260035,0.009404508654596655,0.0027624309392265192,0.007959782153330541,0.0,1.070967741935484,3.6495182237117723,fing_x_face,0,0.01,face_C>ri_V>li_V>face_G,4,LR-P1-N2,GP,frac07,0.06129121780395508
True,0.023337955539601666,0.0100000000000346,0.02196150198839604,0.0009881304655307256,0.009306652649333481,0.009442769470929431,0.0027624309392265192,0.008336824465856724,0.0,1.0774193548387097,3.1045664013405947,fing_x_face,0,0.01,face_C>ri_V>li_V>face_G,4,LR-P1-N2-rel,GP,frac07,0.047754526138305664
True,,,,,,0.009993725226121424,0.0027624309392265192,0.010724759111855886,0.0,1.5354838709677419,3.8310850439882698,fing_x_face,0,0.01,face_C>ri_V>li_V>face_G,4,S1-Marcialis,rule,frac07,0.005412101745605469
True,0.13214900394097684,0.010000000000002528,0.12318171480262334,0.040271729475935734,0.009386178906824782,0.017332149798748107,0.04419889502762431,0.016589861751152075,0.04516129032258064,1.0903225806451613,1.1578131545873482,fing_x_face,0,0.01,face_G>face_C>li_V>ri_V,4,HYP,GP,frac07,0.03609609603881836
True,0.08167520261579206,0.010000000000000777,0.0773785410482966,0.0003990757346495156,0.009856135578231087,0.009718247348525428,0.0055248618784530384,0.009928780896522832,0.0,1.1612903225806452,3.3644323418516966,fing_x_face,0,0.01,face_G>face_C>li_V>ri_V,4,MONO,GP,frac07,0.06159639358520508
True,0.07753315017721317,0.010000000000060622,0.07341305929416034,0.00040830605776385814,0.009885147799213123,0.009687638695459206,0.0055248618784530384,0.009886887306242145,0.0,1.1612903225806452,3.364264767490574,fing_x_face,0,0.01,face_G>face_C>li_V>ri_V,4,LR-P1-N2,GP,frac07,0.06593441963195801
True,0.02745873036937155,0.010000000000002287,0.026149878244297348,0.00039621418773807404,0.009816908760097125,0.009733551675058539,0.0055248618784530384,0.009761206535400083,0.0,1.1741935483870967,3.3667364893171343,fing_x_face,0,0.01,face_G>face_C>li_V>ri_V,4,LR-P1-N2-rel,GP,frac07,0.05552816390991211
True,,,,,,0.00821842334828056,0.019337016574585635,0.007080016757436113,0.0,1.6580645161290322,3.389191453707583,fing_x_face,0,0.01,face_G>face_C>li_V>ri_V,4,S1-Marcialis,rule,frac07,0.008813858032226562
True,0.11395328494155743,0.010000000000000928,0.10644549156338909,0.034866790171947555,0.009224517034361076,0.016000673390367457,0.03867403314917127,0.01508169250104734,0.04516129032258064,1.0903225806451613,1.1754084625052368,fing_x_face,0,0.01,face_G>face_C>ri_V>li_V,4,HYP,GP,frac07,0.03597831726074219
True,0.08049783558454937,0.01000000000006096,0.07684395826287928,0.0004023286042155134,0.009844065457978517,0.00958050840972743,0.0027624309392265192,0.009928780896522832,0.0,1.167741935483871,3.4798072894847087,fing_x_face,0,0.01,face_G>face_C>ri_V>li_V,4,MONO,GP,frac07,0.06905388832092285
True,0.0765014919918843,0.010000000000004401,0.07293887241338061,0.00042350894289336355,0.009788682907917297,0.009526943266861541,0.0027624309392265192,0.009803100125680772,0.0,1.1741935483870967,3.4794721407624634,fing_x_face,0,0.01,face_G>face_C>ri_V>li_V,4,LR-P1-N2,GP,frac07,0.06426262855529785
True,0.026222138764597277,0.010000000000000982,0.025303248796160718,0.00041910656302960713,0.009721433149023375,0.009488682450528764,0.0055248618784530384,0.00967741935483871,0.0,1.1741935483870967,3.4821114369501465,fing_x_face,0,0.01,face_G>face_C>ri_V>li_V,4,LR-P1-N2-rel,GP,frac07,0.04779934883117676
True,,,,,,0.008371466613611668,0.019337016574585635,0.008713866778382907,0.0,1.6451612903225807,3.505571847507331,fing_x_face,0,0.01,face_G>face_C>ri_V>li_V,4,S1-Marcialis,rule,frac07,0.006717205047607422
True,0.2222744245109445,0.010000000000001976,0.20608265629895312,0.05995816503667908,0.009343858328213994,0.013842763349198818,0.058011049723756904,0.012861332216170926,0.05161290322580645,1.0580645161290323,1.0996648512777545,fing_x_face,0,0.01,face_G>li_V>face_C>ri_V,4,HYP,GP,frac07,0.0365903377532959
True,0.09033923155262986,0.010000000000002847,0.08206201919622745,0.0004576909767688408,0.009859192775027139,0.00974885600159165,0.0027624309392265192,0.010180142438206955,0.0,1.103225806451613,3.2350230414746544,fing_x_face,0,0.01,face_G>li_V>face_C>ri_V,4,MONO,GP,frac07,0.0611577033996582
True,0.08485826644807291,0.010000000000006684,0.07747593324344133,0.0004576909767688408,0.0098778992547909,0.009756508164858206,0.0027624309392265192,0.010263929618768328,0.0,1.103225806451613,3.23477167993297,fing_x_face,0,0.01,face_G>li_V>face_C>ri_V,4,LR-P1-N2,GP,frac07,0.06796121597290039
True,0.033821846791192205,0.010000000000003397,0.031333003115925344,0.005535319510535748,0.009597631741684386,0.009725899511791983,0.0055248618784530384,0.010263929618768328,0.0,1.103225806451613,2.6470883954754925,fing_x_face,0,0.01,face_G>li_V>face_C>ri_V,4,LR-P1-N2-rel,GP,frac07,0.0798192024230957
True,,,,,,0.00821842334828056,0.019337016574585635,0.007080016757436113,0.0,1.4064516129032258,3.2617511520737326,fing_x_face,0,0.01,face_G>li_V>face_C>ri_V,4,S1-Marcialis,rule,frac07,0.007533550262451172
True,0.2436277114856023,0.010000000000001728,0.22471977215101413,0.06000114903512025,0.009233825709894191,0.012304678532621172,0.058011049723756904,0.011269375785504817,0.05806451612903226,1.0516129032258064,1.0893171344784247,fing_x_face,0,0.01,face_G>li_V>ri_V>face_C,4,HYP,GP,frac07,0.0318758487701416
True,0.09067649488955354,0.01000000000003196,0.08213060704747784,0.00045769097676884074,0.009787576853083811,0.009672334368926096,0.0027624309392265192,0.00997067448680352,0.0,1.103225806451613,3.2291160452450773,fing_x_face,0,0.01,face_G>li_V>ri_V>face_C,4,MONO,GP,frac07,0.06706523895263672
True,0.0851154288585351,0.01000000000003317,0.07752390199464342,0.0004759100744303981,0.009743484179672596,0.009603464899527096,0.0027624309392265192,0.010054461667364893,0.0,1.103225806451613,3.2286971093422707,fing_x_face,0,0.01,face_G>li_V>ri_V>face_C,4,LR-P1-N2,GP,frac07,0.0665750503540039
True,0.03386203164520441,0.010000000000004578,0.031243868617041686,0.0008944385048239289,0.009804049327728716,0.010261550940450866,0.0027624309392265192,0.010222036028487641,0.0,1.103225806451613,2.6498952660242985,fing_x_face,0,0.01,face_G>li_V>ri_V>face_C,4,LR-P1-N2-rel,GP,frac07,0.05588817596435547
True,,,,,,0.009993725226121424,0.0027624309392265192,0.008211143695014663,0.0,1.367741935483871,3.2552157519899456,fing_x_face,0,0.01,face_G>li_V>ri_V>face_C,4,S1-Marcialis,rule,frac07,0.016494035720825195
True,0.1397679327593327,0.01000000000000139,0.13051759574158514,0.040888403200743155,0.009093092381394378,0.013643807104268376,0.03867403314917127,0.012609970674486803,0.03870967741935484,1.070967741935484,1.1352325094260578,fing_x_face,0,0.01,face_G>ri_V>face_C>li_V,4,HYP,GP,frac07,0.037757158279418945
True,0.08162438976532824,0.010000000000000786,0.07741363294863063,0.0004448034173454592,0.009740352474005188,0.009519291103594986,0.0027624309392265192,0.009886887306242145,0.0,1.103225806451613,3.4684541265186426,fing_x_face,0,0.01,face_G>ri_V>face_C>li_V,4,MONO,GP,frac07,0.06018853187561035
True,0.07735034647974326,0.010000000000002021,0.07337068693185067,0.0004448034173454592,0.009786198334461583,0.009565204083194319,0.0027624309392265192,0.010054461667364893,0.0,1.103225806451613,3.468035190615836,fing_x_face,0,0.01,face_G>ri_V>face_C>li_V,4,LR-P1-N2,GP,frac07,0.06664085388183594
True,0.02706853502088739,0.010000000000003468,0.025976712855488658,0.0007703801390537288,0.009650525273939004,0.009618769226060208,0.0027624309392265192,0.00997067448680352,0.0,1.1096774193548387,3.0958944281524925,fing_x_face,0,0.01,face_G>ri_V>face_C>li_V,4,LR-P1-N2-rel,GP,frac07,0.056110382080078125
True,,,,,,0.008371466613611668,0.019337016574585635,0.008713866778382907,0.0,1.3806451612903226,3.49451193967323,fing_x_face,0,0.01,face_G>ri_V>face_C>li_V,4,S1-Marcialis,rule,frac07,0.006428241729736328
True,0.17950846489694292,0.010000000000002838,0.1667223777047471,0.05206028542863854,0.009048381848428771,0.011960331185626177,0.049723756906077346,0.011395056556346879,0.05161290322580645,1.0580645161290323,1.1001675743611228,fing_x_face,0,0.01,face_G>ri_V>li_V>face_C,4,HYP,GP,frac07,0.03797268867492676
True,0.08269226379065048,0.010000000000010494,0.07773724084108082,0.0004207941419773805,0.009664513067450593,0.009565204083194319,0.0027624309392265192,0.009844993715961458,0.0,1.1096774193548387,3.3460829493087556,fing_x_face,0,0.01,face_G>ri_V>li_V>face_C,4,MONO,GP,frac07,0.08890843391418457
True,0.07826321148103382,0.01000000000015889,0.07365293229161596,0.0004114431610445498,0.009763054865589822,0.009649377879126429,0.0027624309392265192,0.00997067448680352,0.0,1.103225806451613,3.3457478005865102,fing_x_face,0,0.01,face_G>ri_V>li_V>face_C,4,LR-P1-N2,GP,frac07,0.09921693801879883
True,0.028021207548875843,0.010000000000008051,0.026480926104287657,0.0010589726771637173,0.00957800540863085,0.009817725470990649,0.0055248618784530384,0.009803100125680772,0.0,1.1096774193548387,2.8019271051529118,fing_x_face,0,0.01,face_G>ri_V>li_V>face_C,4,LR-P1-N2-rel,GP,frac07,0.0497133731842041
True,,,,,,0.009993725226121424,0.0027624309392265192,0.008211143695014663,0.0,1.3548387096774193,3.3715961457896944,fing_x_face,0,0.01,face_G>ri_V>li_V>face_C,4,S1-Marcialis,rule,frac07,0.007767677307128906
False,,,,,,,,,,,,fing_x_face,0,0.01,li_V>face_C>face_G>ri_V,4,HYP,GP,frac07,0.12275981903076172
True,0.10142075204306707,0.010000000000017759,0.09656581518546536,0.0005105502819139182,0.009356852382540772,0.00951163894032843,0.0027624309392265192,0.00867197318810222,0.0064516129032258064,1.103225806451613,3.3920402178466693,fing_x_face,0,0.01,li_V>face_C>face_G>ri_V,4,MONO,GP,frac07,0.06893706321716309
True,0.09497403194436509,0.010000000000007607,0.09035158649864568,0.000522153697411962,0.009233916322397765,0.009366247838263878,0.0027624309392265192,0.008588186007540846,0.0064516129032258064,1.103225806451613,3.3922077922077922,fing_x_face,0,0.01,li_V>face_C>face_G>ri_V,4,LR-P1-N2,GP,frac07,0.07519006729125977
True,0.07730051902360609,0.010000000000000031,0.07521132396600502,0.0004160039334113408,0.009554303271487048,0.009672334368926096,0.0027624309392265192,0.008881441139505656,0.0064516129032258064,1.1225806451612903,3.349560117302053,fing_x_face,0,0.01,li_V>face_C>face_G>ri_V,4,LR-P1-N2-rel,GP,frac07,0.0554509162902832
True,,,,,,0.00821842334828056,0.019337016574585635,0.007080016757436113,0.0064516129032258064,1.4387096774193548,3.4126518642647676,fing_x_face,0,0.01,li_V>face_C>face_G>ri_V,4,S1-Marcialis,rule,frac07,0.007242918014526367
False,,,,,,,,,,,,fing_x_face,0,0.01,li_V>face_C>ri_V>face_G,4,HYP,GP,frac07,0.1386415958404541
True,0.10078244442479252,0.010000000000012822,0.09631241605170704,0.0004989468664158747,0.009061147919601263,0.009213204572932768,0.0027624309392265192,0.008630079597821534,0.0064516129032258064,1.103225806451613,3.52379555927943,fing_x_face,0,0.01,li_V>face_C>ri_V>face_G,4,MONO,GP,frac07,0.09057164192199707
True,0.09445258843455703,0.010000000000003442,0.09014218820558619,0.0009221099080342288,0.008986182767337534,0.009136682940267213,0.0027624309392265192,0.008504398826979473,0.0064516129032258064,1.103225806451613,3.524130708001676,fing_x_face,0,0.01,li_V>face_C>ri_V>face_G,4,LR-P1-N2,GP,frac07,0.05696296691894531
True,0.07733037286067045,0.010000000000009722,0.07515879082425746,0.0006592686134304724,0.0092098682481968,0.009909551430189314,0.0027624309392265192,0.00812735651445329,0.0064516129032258064,1.1225806451612903,2.8909928780896523,fing_x_face,0,0.01,li_V>face_C>ri_V>face_G,4,LR-P1-N2-rel,GP,frac07,0.05442929267883301
True,,,,,,0.009993725226121424,0.0027624309392265192,0.010724759111855886,0.0064516129032258064,1.4129032258064516,3.544574780058651,fing_x_face,0,0.01,li_V>face_C>ri_V>face_G,4,S1-Marcialis,rule,frac07,0.006583213806152344
False,,,,,,,,,,,,fing_x_face,0,0.01,li_V>face_G>face_C>ri_V,4,HYP,GP,frac07,0.15583491325378418
True,0.10723679104229766,0.010000000000006693,0.09896835813272915,0.0006055693621590088,0.00786960843988049,0.00808068440948256,0.0027624309392265192,0.008043569333891915,0.0064516129032258064,1.096774193548387,3.254754922496858,fing_x_face,0,0.01,li_V>face_G>face_C>ri_V,4,MONO,GP,frac07,0.05391502380371094
True,0.09967281424747507,0.010000000000006195,0.09229834600839937,0.0006075032647420159,0.007981510215699133,0.008203119021747448,0.0027624309392265192,0.008378718056137411,0.0064516129032258064,1.096774193548387,3.254084625052367,fing_x_face,0,0.01,li_V>face_G>face_C>ri_V,4,LR-P1-N2,GP,frac07,0.07186651229858398
True,0.07792566751791678,0.010000000000006656,0.07555289128644274,0.0004464432456121706,0.009199947360946589,0.00951163894032843,0.0027624309392265192,0.009342270632593214,0.0064516129032258064,1.1161290322580646,3.1797235023041477,fing_x_face,0,0.01,li_V>face_G>face_C>ri_V,4,LR-P1-N2-rel,GP,frac07,0.05998873710632324
True,,,,,,0.00821842334828056,0.019337016574585635,0.007080016757436113,0.0064516129032258064,1.4129032258064516,3.273481357352325,fing_x_face,0,0.01,li_V>face_G>face_C>ri_V,4,S1-Marcialis,rule,frac07,0.008545875549316406
False,,,,,,,,,,,,fing_x_face,0,0.01,li_V>face_G>ri_V>face_C,4,HYP,GP,frac07,0.058379173278808594
True,0.10757742142564747,0.010000000000007243,0.09904362069891492,0.0006075032647420159,0.008007795035459927,0.00821842334828056,0.0027624309392265192,0.008420611646418098,0.0064516129032258064,1.096774193548387,3.247423544197738,fing_x_face,0,0.01,li_V>face_G>ri_V>face_C,4,MONO,GP,frac07,0.07042407989501953
True,0.09993245589936073,0.01000000000003118,0.09235290949878533,0.0005995098007322526,0.00809389235425968,0.008294944980946113,0.0027624309392265192,0.008462505236698786,0.0064516129032258064,1.096774193548387,3.2473397570171763,fing_x_face,0,0.01,li_V>face_G>ri_V>face_C,4,LR-P1-N2,GP,frac07,0.06794142723083496
True,0.07812727021378187,0.010000000000034563,0.07559831238518638,0.0006852688592686812,0.008924590905551501,0.009810073307724093,0.0027624309392265192,0.009551738583996649,0.0064516129032258064,1.1161290322580646,2.7873062421449517,fing_x_face,0,0.01,li_V>face_G>ri_V>face_C,4,LR-P1-N2-rel,GP,frac07,0.06166529655456543
True,,,,,,0.009993725226121424,0.0027624309392265192,0.008211143695014663,0.0064516129032258064,1.3741935483870968,3.266945957268538,fing_x_face,0,0.01,li_V>face_G>ri_V>face_C,4,S1-Marcialis,rule,frac07,0.010906696319580078
False,,,,,,,,,,,,fing_x_face,0,0.01,li_V>ri_V>face_C>face_G,4,HYP,GP,frac07,0.14696574211120605
True,0.10192909917004246,0.010000000000084967,0.09674416416747258,0.0005613034326289383,0.00828729898299163,0.008425031756477555,0.0027624309392265192,0.008085462924172601,0.0064516129032258064,1.1225806451612903,3.5178885630498535,fing_x_face,0,0.01,li_V>ri_V>face_C>face_G,4,MONO,GP,frac07,0.06859421730041504
True,0.0952923974362589,0.010000000000001097,0.09044992450295622,0.0005706584898394206,0.00828085411784643,0.008409727429944445,0.0027624309392265192,0.00812735651445329,0.0064516129032258064,1.1225806451612903,3.517930456640134,fing_x_face,0,0.01,li_V>ri_V>face_C>face_G,4,LR-P1-N2,GP,frac07,0.0678708553314209
True,0.07832507850904083,0.010000000000008114,0.07565409876094971,0.0004462510782371653,0.008291806467557217,0.011952679022359622,0.0027624309392265192,0.011646418098031002,0.0064516129032258064,1.1419354838709677,2.8838709677419354,fing_x_face,0,0.01,li_V>ri_V>face_C>face_G,4,LR-P1-N2-rel,GP,frac07,0.054727792739868164
True,,,,,,0.009993725226121424,0.0027624309392265192,0.010724759111855886,0.012903225806451613,1.4387096774193548,3.5373271889400923,fing_x_face,0,0.01,li_V>ri_V>face_C>face_G,4,S1-Marcialis,rule,frac07,0.007119655609130859
False,,,,,,,,,,,,fing_x_face,0,0.01,li_V>ri_V>face_G>face_C,4,HYP,GP,frac07,0.1762101650238037
True,0.10258210283427062,0.010000000000095573,0.09690587420255248,0.0005714289063155778,0.008059151328660398,0.008371466613611668,0.0027624309392265192,0.008043569333891915,0.0064516129032258064,1.1225806451612903,3.380184331797235,fing_x_face,0,0.01,li_V>ri_V>face_G>face_C,4,MONO,GP,frac07,0.06537723541259766
True,0.09581232171493885,0.010000000000105253,0.09058009172323796,0.0006011449703959334,0.008081472042317498,0.008394423103411335,0.0027624309392265192,0.008043569333891915,0.0064516129032258064,1.1225806451612903,3.3801424382069545,fing_x_face,0,0.01,li_V>ri_V>face_G>face_C,4,LR-P1-N2,GP,frac07,0.062261104583740234
True,0.07843024701669944,0.010000000000007262,0.07571283690580617,0.0005148548311140355,0.00835149544620341,0.01133285379776863,0.0027624309392265192,0.00967741935483871,0.0064516129032258064,1.1419354838709677,2.914369501466276,fing_x_face,0,0.01,li_V>ri_V>face_G>face_C,4,LR-P1-N2-rel,GP,frac07,0.05669283866882324
True,,,,,,0.009993725226121424,0.0027624309392265192,0.008211143695014663,0.012903225806451613,1.4258064516129032,3.3988688730624212,fing_x_face,0,0.01,li_V>ri_V>face_G>face_C,4,S1-Marcialis,rule,frac07,0.008043050765991211
True,0.21326209741318167,0.010000000000000217,0.1947203728688961,0.04536387375088516,0.008287984575254079,0.010039638205720756,0.04696132596685083,0.008504398826979473,0.03225806451612903,1.032258064516129,1.0749057394218684,fing_x_face,0,0.01,ri_V>face_C>face_G>li_V,4,HYP,GP,frac07,0.035250186920166016
True,0.04901604214084459,0.010000000000009189,0.04642093975104247,0.0004801668729494535,0.008561371053341793,0.008379118776878223,0.0055248618784530384,0.007163803937997487,0.0064516129032258064,1.0580645161290323,3.7886468370339337,fing_x_face,0,0.01,ri_V>face_C>face_G>li_V,4,MONO,GP,frac07,0.06426405906677246
True,0.04883040045260922,0.010000000000000724,0.046234616726602916,0.00046416131051780514,0.009879969575969386,0.00966468220565954,0.0055248618784530384,0.008378718056137411,0.0064516129032258064,1.0580645161290323,3.785127775450356,fing_x_face,0,0.01,ri_V>face_C>face_G>li_V,4,LR-P1-N2,GP,frac07,0.049709320068359375
True,0.029136369500042,0.010000000000001097,0.02814184144509247,0.0004354565126902801,0.009473508256866487,0.009205552409666213,0.0027624309392265192,0.008504398826979473,0.0064516129032258064,1.0580645161290323,3.6985756179304565,fing_x_face,0,0.01,ri_V>face_C>face_G>li_V,4,LR-P1-N2-rel,GP,frac07,0.045614004135131836
True,,,,,,0.008371466613611668,0.019337016574585635,0.008713866778382907,0.0064516129032258064,1.2903225806451613,3.8032677000418937,fing_x_face,0,0.01,ri_V>face_C>face_G>li_V,4,S1-Marcialis,rule,frac07,0.004845857620239258
True,0.25472066929114845,0.010000000000001293,0.23080101231737613,0.04554466062454735,0.008152061548469857,0.00934329134846421,0.04419889502762431,0.008043569333891915,0.04516129032258064,1.0193548387096774,1.050733137829912,fing_x_face,0,0.01,ri_V>face_C>li_V>face_G,4,HYP,GP,frac07,0.03538346290588379
True,0.04927056480905395,0.010000000000000057,0.04649144021130124,0.0004677528605241151,0.008633408608618963,0.008524509878942777,0.0055248618784530384,0.007373271889400922,0.0064516129032258064,1.0580645161290323,3.803602848764139,fing_x_face,0,0.01,ri_V>face_C>li_V>face_G,4,MONO,GP,frac07,0.05431675910949707
True,0.04906100146357086,0.010000000000008637,0.046293819676798464,0.0006966836013439925,0.008467976678466682,0.008348510123812002,0.0055248618784530384,0.007205697528278173,0.0064516129032258064,1.0580645161290323,3.8039379974863845,fing_x_face,0,0.01,ri_V>face_C>li_V>face_G,4,LR-P1-N2,GP,frac07,0.05408430099487305
True,0.029927315664226777,0.01000000000000513,0.02854587015580662,0.0009017401662836734,0.009196408677268784,0.009350943511730766,0.0055248618784530384,0.007959782153330541,0.0064516129032258064,1.0580645161290323,3.148973607038123,fing_x_face,0,0.01,ri_V>face_C>li_V>face_G,4,LR-P1-N2-rel,GP,frac07,0.04711437225341797
True,,,,,,0.009993725226121424,0.0027624309392265192,0.010724759111855886,0.0064516129032258064,1.2774193548387096,3.8188102220360283,fing_x_face,0,0.01,ri_V>face_C>li_V>face_G,4,S1-Marcialis,rule,frac07,0.005009889602661133
True,0.2476443690803323,0.010000000000000288,0.2252564159002499,0.04545149927872572,0.008179422545702933,0.009626421389326763,0.04696132596685083,0.007959782153330541,0.04516129032258064,1.0193548387096774,1.0527859237536656,fing_x_face,0,0.01,ri_V>face_G>face_C>li_V,4,HYP,GP,frac07,0.03237581253051758
True,0.05212537449658424,0.010000000000008717,0.047906036484056086,0.0005552420077609701,0.008545902476922685,0.008547466368742443,0.0055248618784530384,0.007457059069962296,0.0064516129032258064,1.0580645161290323,3.6275240888144116,fing_x_face,0,0.01,ri_V>face_G>face_C>li_V,4,MONO,GP,frac07,0.05063748359680176
True,0.05150711392535618,0.010000000000021223,0.04751824557488853,0.0005552420077609701,0.008580572031905969,0.00857042285854211,0.0055248618784530384,0.00754084625052367,0.0064516129032258064,1.0580645161290323,3.6273565144532887,fing_x_face,0,0.01,ri_V>face_G>face_C>li_V,4,LR-P1-N2,GP,frac07,0.05309152603149414
True,0.02948577036022393,0.010000000000000644,0.028396665802828493,0.0004434262178245883,0.009152014817498002,0.009197900246399658,0.0027624309392265192,0.008420611646418098,0.0064516129032258064,1.0580645161290323,3.508462505236699,fing_x_face,0,0.01,ri_V>face_G>face_C>li_V,4,LR-P1-N2-rel,GP,frac07,0.04754638671875
True,,,,,,0.008371466613611668,0.019337016574585635,0.008713866778382907,0.0064516129032258064,1.2516129032258065,3.643359865940511,fing_x_face,0,0.01,ri_V>face_G>face_C>li_V,4,S1-Marcialis,rule,frac07,0.006166934967041016
True,0.31669764042733317,0.010000000000000208,0.2839068182397618,0.05633743027996431,0.008060751554316063,0.009029552654535438,0.058011049723756904,0.00754084625052367,0.05161290322580645,1.0129032258064516,1.0337662337662337,fing_x_face,0,0.01,ri_V>face_G>li_V>face_C,4,HYP,GP,frac07,0.03398275375366211
True,0.05322834717054618,0.01000000000009536,0.048246096213545274,0.0005336092022637894,0.009021509592848644,0.009044856981068548,0.0055248618784530384,0.008169250104733976,0.0064516129032258064,1.0580645161290323,3.5031420192710514,fing_x_face,0,0.01,ri_V>face_G>li_V>face_C,4,MONO,GP,frac07,0.05308103561401367
True,0.05245106408713037,0.01000000000032141,0.047815248501131086,0.0007404870480582171,0.009034409853212905,0.009052509144335103,0.0055248618784530384,0.00825303728529535,0.0064516129032258064,1.0580645161290323,3.502932551319648,fing_x_face,0,0.01,ri_V>face_G>li_V>face_C,4,LR-P1-N2,GP,frac07,0.05356311798095703
True,0.030552874689082337,0.010000000000000448,0.028982659555387393,0.001182241642650411,0.00909347907030223,0.009404508654596655,0.008287292817679558,0.008713866778382907,0.0064516129032258064,1.0580645161290323,3.02195224130708,fing_x_face,0,0.01,ri_V>face_G>li_V>face_C,4,LR-P1-N2-rel,GP,frac07,0.0474848747253418
True,,,,,,0.009993725226121424,0.0027624309392265192,0.008211143695014663,0.0064516129032258064,1.2258064516129032,3.5204440720569754,fing_x_face,0,0.01,ri_V>face_G>li_V>face_C,4,S1-Marcialis,rule,frac07,0.006503582000732422
True,0.5213051234053728,0.010000000000000174,0.46073285866082614,0.06176329987211268,0.008068271099132466,0.008953031021869883,0.06353591160220995,0.007582739840804357,0.05161290322580645,1.0193548387096774,1.0182656053623795,fing_x_face,0,0.01,ri_V>li_V>face_C>face_G,4,HYP,GP,frac07,0.04406857490539551
True,0.05386715835604397,0.010000000000002349,0.04865850715423653,0.0005711060651255692,0.008172695297985139,0.008180162531947782,0.0027624309392265192,0.006954335986594051,0.0064516129032258064,1.0838709677419356,3.658232090490155,fing_x_face,0,0.01,ri_V>li_V>face_C>face_G,4,MONO,GP,frac07,0.054451942443847656
True,0.05303062875146777,0.010000000000014695,0.04816566818724584,0.000564616223476415,0.008159805995212968,0.008180162531947782,0.0027624309392265192,0.006954335986594051,0.0064516129032258064,1.0838709677419356,3.658232090490155,fing_x_face,0,0.01,ri_V>li_V>face_C>face_G,4,LR-P1-N2,GP,frac07,0.06182694435119629
True,0.03434602169243235,0.010000000000007945,0.03160608517035045,0.0005273203211028602,0.008131234627251361,0.011562418695765292,0.0027624309392265192,0.010850439882697948,0.0064516129032258064,1.0838709677419356,2.956598240469208,fing_x_face,0,0.01,ri_V>li_V>face_C>face_G,4,LR-P1-N2-rel,GP,frac07,0.04659700393676758
True,,,,,,0.009993725226121424,0.0027624309392265192,0.010724759111855886,0.0064516129032258064,1.303225806451613,3.674444909928781,fing_x_face,0,0.01,ri_V>li_V>face_C>face_G,4,S1-Marcialis,rule,frac07,0.00628972053527832
True,0.5439044998942781,0.010000000000000165,0.4761469112981302,0.06189445445494898,0.008054305895793545,0.008830596409604995,0.06629834254143646,0.00754084625052367,0.05161290322580645,1.0193548387096774,1.0165479681608713,fing_x_face,0,0.01,ri_V>li_V>face_G>face_C,4,HYP,GP,frac07,0.03329324722290039
True,0.05452850583820225,0.010000000000051358,0.04882536686153037,0.0006161093932828187,0.007988363349505794,0.008157206042148115,0.0027624309392265192,0.006870548806032677,0.0064516129032258064,1.0838709677419356,3.5205697528278175,fing_x_face,0,0.01,ri_V>li_V>face_G>face_C,4,MONO,GP,frac07,0.05305051803588867
True,0.053556881914332534,0.010000000000000165,0.04829995932297974,0.0005840857484238775,0.007998857744814361,0.00816485820541467,0.0027624309392265192,0.006870548806032677,0.0064516129032258064,1.0838709677419356,3.520611646418098,fing_x_face,0,0.01,ri_V>li_V>face_G>face_C,4,LR-P1-N2,GP,frac07,0.052007436752319336
True,0.034468108687413894,0.010000000000004908,0.03167969824423978,0.00063021209107415,0.008196350914158433,0.011057375920172632,0.0055248618784530384,0.008881441139505656,0.0064516129032258064,1.0838709677419356,2.9827817343946377,fing_x_face,0,0.01,ri_V>li_V>face_G>face_C,4,LR-P1-N2-rel,GP,frac07,0.05574655532836914
True,,,,,,0.009993725226121424,0.0027624309392265192,0.008211143695014663,0.0064516129032258064,1.2903225806451613,3.5359865940511104,fing_x_face,0,0.01,ri_V>li_V>face_G>face_C,4,S1-Marcialis,rule,frac07,0.010244369506835938
True,,,,,,0.009993725226121424,0.013812154696132596,0.00812735651445329,0.0,4.0,4.0,fing_x_face,0,0.01,parallel(face_C+face_G+li_V+ri_V),4,P0-Parallel,rule,frac07,0.0
False,,,,,,,,,,,,fing_x_face,0,0.001,face_C,1,HYP,GP,frac07,0.021021366119384766
True,0.18214648918662335,0.0010000000000000002,0.18214648918662335,0.1712707182320442,0.0009947812246522414,0.000994781224652209,0.1712707182320442,0.0005865102639296188,0.13548387096774195,1.0,1.0,fing_x_face,0,0.001,face_C,1,MONO,GP,frac07,0.004469633102416992
True,0.18157639894840755,0.0010000000000000028,0.18157639894840755,0.1712707182320442,0.0009947812246522414,0.000994781224652209,0.1712707182320442,0.0005865102639296188,0.13548387096774195,1.0,1.0,fing_x_face,0,0.001,face_C,1,LR-P1-N2,GP,frac07,0.0044515132904052734
True,0.27803578830674136,0.001000000000000001,0.27803578830674136,0.1712707182320442,0.0009947812246522414,0.000994781224652209,0.1712707182320442,0.0005865102639296188,0.13548387096774195,1.0,1.0,fing_x_face,0,0.001,face_C,1,LR-P1-N2-rel,GP,frac07,0.0045087337493896484
False,,,,,,,,,,,,fing_x_face,0,0.001,face_C,1,S1-Marcialis,rule,frac07,3.0994415283203125e-06
False,,,,,,,,,,,,fing_x_face,0,0.001,face_G,1,HYP,GP,frac07,0.022626399993896484
True,0.24438687615018784,0.0010000000000000002,0.24438687615018784,0.23480662983425415,0.0009947812246522414,0.000994781224652209,0.23480662983425415,0.0010054461667364893,0.18064516129032257,1.0,1.0,fing_x_face,0,0.001,face_G,1,MONO,GP,frac07,0.004845857620239258
True,0.24347251519946406,0.001000000000000001,0.24347251519946406,0.23480662983425415,0.0009947812246522414,0.000994781224652209,0.23480662983425415,0.0010054461667364893,0.18064516129032257,1.0,1.0,fing_x_face,0,0.001,face_G,1,LR-P1-N2,GP,frac07,0.0052337646484375
True,0.32054692499559073,0.0010000000000000002,0.32054692499559073,0.23480662983425415,0.0009947812246522414,0.000994781224652209,0.23480662983425415,0.0010054461667364893,0.18064516129032257,1.0,1.0,fing_x_face,0,0.001,face_G,1,LR-P1-N2-rel,GP,frac07,0.004719734191894531
False,,,,,,,,,,,,fing_x_face,0,0.001,face_G,1,S1-Marcialis,rule,frac07,4.0531158447265625e-06
False,,,,,,,,,,,,fing_x_face,0,0.001,li_V,1,HYP,GP,frac07,0.0019237995147705078
True,0.20935553392357031,0.0010000000000000002,0.20935553392357031,0.17403314917127072,0.0009259117552532503,0.0009259117552532101,0.17403314917127072,0.0011311269375785505,0.15483870967741936,1.0,1.0,fing_x_face,0,0.001,li_V,1,MONO,GP,frac07,0.0043888092041015625
True,0.1957538882606322,0.001000000000000001,0.1957538882606322,0.17403314917127072,0.0009259117552532503,0.0009259117552532101,0.17403314917127072,0.0011311269375785505,0.15483870967741936,1.0,1.0,fing_x_face,0,0.001,li_V,1,LR-P1-N2,GP,frac07,0.004708766937255859
True,0.2260183784824506,0.0009999999999999994,0.2260183784824506,0.17403314917127072,0.0009259117552532503,0.0009259117552532101,0.17403314917127072,0.0011311269375785505,0.15483870967741936,1.0,1.0,fing_x_face,0,0.001,li_V,1,LR-P1-N2-rel,GP,frac07,0.0053863525390625
False,,,,,,,,,,,,fing_x_face,0,0.001,li_V,1,S1-Marcialis,rule,frac07,3.5762786865234375e-06
False,,,,,,,,,,,,fing_x_face,0,0.001,ri_V,1,HYP,GP,frac07,0.025222063064575195
True,0.11623961328923588,0.0010000000000000002,0.11623961328923588,0.11049723756906077,0.0009106074287200672,0.0009106074287200992,0.11049723756906077,0.0009216589861751152,0.07741935483870968,1.0,1.0,fing_x_face,0,0.001,ri_V,1,MONO,GP,frac07,0.007166624069213867
True,0.11611837829038071,0.001000000000000002,0.11611837829038071,0.11049723756906077,0.0009106074287200672,0.0009106074287200992,0.11049723756906077,0.0009216589861751152,0.07741935483870968,1.0,1.0,fing_x_face,0,0.001,ri_V,1,LR-P1-N2,GP,frac07,0.006776571273803711
True,0.1656668913478285,0.0009999999999999994,0.1656668913478285,0.11049723756906077,0.0009106074287200672,0.0009106074287200992,0.11049723756906077,0.0009216589861751152,0.07741935483870968,1.0,1.0,fing_x_face,0,0.001,ri_V,1,LR-P1-N2-rel,GP,frac07,0.007657527923583984
False,,,,,,,,,,,,fing_x_face,0,0.001,ri_V,1,S1-Marcialis,rule,frac07,5.245208740234375e-06
False,,,,,,,,,,,,fing_x_face,0,0.001,face_C>face_G,2,HYP,GP,frac07,0.04631996154785156
True,0.09331313663560344,0.0010000000000000206,0.08307735986434175,0.05153994078324838,0.000994016254259084,0.0012702591022482055,0.1408839779005525,0.0009216589861751152,0.16129032258064516,1.1806451612903226,1.563049853372434,fing_x_face,0,0.001,face_C>face_G,2,MONO,GP,frac07,0.024104833602905273
True,0.09430829528678622,0.0010000000000004532,0.08376604092016857,0.05153994078324838,0.0009947969175537934,0.0013238242451140937,0.1408839779005525,0.0009635525764558023,0.16129032258064516,1.1870967741935483,1.5289903644742355,fing_x_face,0,0.001,face_C>face_G,2,LR-P1-N2,GP,frac07,0.03253030776977539
True,0.10434905073629845,0.0010000000000000757,0.09692904372846743,0.057476877995177186,0.000993064023048676,0.003948516245542615,0.09116022099447514,0.003812316715542522,0.0967741935483871,1.1612903225806452,1.064390448261416,fing_x_face,0,0.001,face_C>face_G,2,LR-P1-N2-rel,GP,frac07,0.014010906219482422
True,,,,,,0.000994781224652209,0.21823204419889503,0.0010054461667364893,0.17419354838709677,1.4451612903225806,2.0,fing_x_face,0,0.001,face_C>face_G,2,S1-Marcialis,rule,frac07,0.0031058788299560547
False,,,,,,,,,,,,fing_x_face,0,0.001,face_C>li_V,2,HYP,GP,frac07,0.02619338035583496
True,0.08266095170489164,0.0010000000000006993,0.0743708511094898,0.0404749549769543,0.0009333856167097482,0.0009335639185197656,0.03038674033149171,0.0006702974444909929,0.0064516129032258064,1.1612903225806452,1.9997067448680352,fing_x_face,0,0.001,face_C>li_V,2,MONO,GP,frac07,0.012025833129882812
True,0.08068773918255964,0.0010000000000000002,0.07264173524427028,0.0404749549769543,0.0009257355028892496,0.0009259117552532101,0.03038674033149171,0.0006702974444909929,0.0064516129032258064,1.1612903225806452,1.9997067448680352,fing_x_face,0,0.001,face_C>li_V,2,LR-P1-N2,GP,frac07,0.01293635368347168
True,0.10081424403953669,0.0010000000000007765,0.09418660227500858,0.041337260767375844,0.0009392072147258988,0.0010177377144518756,0.027624309392265192,0.000795978215333054,0.012903225806451613,1.1483870967741936,1.271889400921659,fing_x_face,0,0.001,face_C>li_V,2,LR-P1-N2-rel,GP,frac07,0.014373779296875
True,,,,,,0.0009259117552532101,0.06906077348066299,0.0011311269375785505,0.01935483870967742,1.4451612903225806,2.0,fing_x_face,0,0.001,face_C>li_V,2,S1-Marcialis,rule,frac07,0.0026335716247558594
False,,,,,,,,,,,,fing_x_face,0,0.001,face_C>ri_V,2,HYP,GP,frac07,0.012516975402832031
True,0.06189572644323282,0.0010000000000000401,0.05725606020763754,0.022313116205244038,0.000963961302971596,0.0009641725715859873,0.019337016574585635,0.0005446166736489317,0.0064516129032258064,1.167741935483871,1.9997067448680352,fing_x_face,0,0.001,face_C>ri_V,2,MONO,GP,frac07,0.010966062545776367
True,0.06311378988310068,0.0010000000000000295,0.05830285956306543,0.022313116205244038,0.0009563117161516324,0.0009565204083194319,0.019337016574585635,0.0005446166736489317,0.0064516129032258064,1.167741935483871,1.9997067448680352,fing_x_face,0,0.001,face_C>ri_V,2,LR-P1-N2,GP,frac07,0.011957645416259766
True,0.08020631132686283,0.001000000000000041,0.07567715778298287,0.030638564146393578,0.0008961999397972922,0.0009871290613856537,0.027624309392265192,0.0008797653958944282,0.0064516129032258064,1.167741935483871,1.2243820695433598,fing_x_face,0,0.001,face_C>ri_V,2,LR-P1-N2-rel,GP,frac07,0.01401972770690918
True,,,,,,0.0009106074287200992,0.052486187845303865,0.0009216589861751152,0.0064516129032258064,1.4451612903225806,2.0,fing_x_face,0,0.001,face_C>ri_V,2,S1-Marcialis,rule,frac07,0.00284576416015625
False,,,,,,,,,,,,fing_x_face,0,0.001,face_G>face_C,2,HYP,GP,frac07,0.017969369888305664
True,0.12957229188681388,0.0010000000000008015,0.1151280169541841,0.051600988980800344,0.0009985499803504987,0.0011554766532498738,0.13812154696132597,0.0008378718056137411,0.13548387096774195,1.206451612903226,1.759698366149979,fing_x_face,0,0.001,face_G>face_C,2,MONO,GP,frac07,0.014283418655395508
True,0.12541956893518233,0.0010000000000000783,0.11171654476840281,0.05337901773450139,0.0009876316441232184,0.001124868000183652,0.1408839779005525,0.0006702974444909929,0.13548387096774195,1.206451612903226,1.7803937997486385,fing_x_face,0,0.001,face_G>face_C,2,LR-P1-N2,GP,frac07,0.014712810516357422
True,0.11204280156737753,0.0010000000000000607,0.10462279456230303,0.07446353896401209,0.000993997516466253,0.004369385225203165,0.09668508287292818,0.0033095936321742773,0.1032258064516129,1.1548387096774193,1.0868454126518643,fing_x_face,0,0.001,face_G>face_C,2,LR-P1-N2-rel,GP,frac07,0.015313386917114258
True,,,,,,0.000994781224652209,0.1464088397790055,0.0005865102639296188,0.12258064516129032,1.3161290322580645,1.8388772517804777,fing_x_face,0,0.001,face_G>face_C,2,S1-Marcialis,rule,frac07,0.004728794097900391
False,,,,,,,,,,,,fing_x_face,0,0.001,face_G>li_V,2,HYP,GP,frac07,0.02672433853149414
True,0.13402537039344767,0.0010000000000000145,0.11738446134314179,0.05421079942614694,0.0008997057808397081,0.0008876509389204329,0.04419889502762431,0.0010054461667364893,0.0064516129032258064,1.2,1.8383745286971094,fing_x_face,0,0.001,face_G>li_V,2,MONO,GP,frac07,0.012550115585327148
True,0.1260323530502985,0.0010000000000009932,0.1112873195994585,0.05421079942614694,0.0009073551919928638,0.0008953031021869882,0.04419889502762431,0.0010054461667364893,0.0064516129032258064,1.2,1.8383745286971094,fing_x_face,0,0.001,face_G>li_V,2,LR-P1-N2,GP,frac07,0.01436161994934082
True,0.11622854784066866,0.0010000000000008104,0.10858755241151913,0.06248283019443851,0.0009392568113213502,0.0010024333879187647,0.055248618784530384,0.0010054461667364893,0.025806451612903226,1.1741935483870967,1.2617511520737328,fing_x_face,0,0.001,face_G>li_V,2,LR-P1-N2-rel,GP,frac07,0.016442060470581055
True,,,,,,0.0007652163266555455,0.058011049723756904,0.0009216589861751152,0.0064516129032258064,1.3161290322580645,1.8388772517804777,fing_x_face,0,0.001,face_G>li_V,2,S1-Marcialis,rule,frac07,0.0038607120513916016
False,,,,,,,,,,,,fing_x_face,0,0.001,face_G>ri_V,2,HYP,GP,frac07,0.004021644592285156
True,0.10722334887454432,0.0010000000000000215,0.09796209643177543,0.03140929764048716,0.0009323387010897088,0.0009335639185197656,0.016574585635359115,0.000754084625052367,0.0064516129032258064,1.206451612903226,1.83841642228739,fing_x_face,0,0.001,face_G>ri_V,2,MONO,GP,frac07,0.012466907501220703
True,0.1032020552123233,0.0010000000000000091,0.09443162320613348,0.031088794603339333,0.0009399874681313462,0.000941216081786321,0.016574585635359115,0.000754084625052367,0.0064516129032258064,1.206451612903226,1.83841642228739,fing_x_face,0,0.001,face_G>ri_V,2,LR-P1-N2,GP,frac07,0.013895988464355469
True,0.09246970189571677,0.0010000000000000304,0.0872480494956239,0.04587008943560941,0.0008961999397972922,0.00101008555118532,0.03591160220994475,0.0010473397570171764,0.025806451612903226,1.1806451612903226,1.2124423963133641,fing_x_face,0,0.001,face_G>ri_V,2,LR-P1-N2-rel,GP,frac07,0.015251874923706055
True,,,,,,0.0007652163266555455,0.04419889502762431,0.000754084625052367,0.0,1.3161290322580645,1.8388772517804777,fing_x_face,0,0.001,face_G>ri_V,2,S1-Marcialis,rule,frac07,0.004172086715698242
False,,,,,,,,,,,,fing_x_face,0,0.001,li_V>face_C,2,HYP,GP,frac07,0.01040792465209961
True,0.13930586917838333,0.0010000000000000028,0.1213105345815147,0.03809407527242758,0.0009318553831454698,0.0009641725715859873,0.03038674033149171,0.000754084625052367,0.012903225806451613,1.1870967741935483,1.8502304147465438,fing_x_face,0,0.001,li_V>face_C,2,MONO,GP,frac07,0.014956951141357422
True,0.13005811959526872,0.0010000000000001256,0.11327600296310039,0.03809407527242758,0.0009253452883531256,0.0009565204083194319,0.03038674033149171,0.000754084625052367,0.012903225806451613,1.1870967741935483,1.8502304147465438,fing_x_face,0,0.001,li_V>face_C,2,LR-P1-N2,GP,frac07,0.015665292739868164
True,0.13866838931123393,0.001000000000000027,0.12421931469710401,0.1027899026281249,0.0008594464617881904,0.0011707809797829847,0.09944751381215469,0.000754084625052367,0.04516129032258064,1.1548387096774193,1.1312107247591119,fing_x_face,0,0.001,li_V>face_C,2,LR-P1-N2-rel,GP,frac07,0.015522241592407227
True,,,,,,0.000994781224652209,0.058011049723756904,0.0005027230833682447,0.03225806451612903,1.3225806451612903,1.85060745705907,fing_x_face,0,0.001,li_V>face_C,2,S1-Marcialis,rule,frac07,0.004698038101196289
False,,,,,,,,,,,,fing_x_face,0,0.001,li_V>face_G,2,HYP,GP,frac07,0.016057729721069336
True,0.1539920316402625,0.0010000000000000172,0.12974316264797586,0.05138732028936846,0.000958515749035632,0.0009871290613856537,0.04419889502762431,0.0010473397570171764,0.0064516129032258064,1.1741935483870967,1.8501466275659824,fing_x_face,0,0.001,li_V>face_G,2,MONO,GP,frac07,0.015044450759887695
True,0.14392507786361425,0.0010000000000139145,0.12146046167590399,0.06535209547938098,0.0008837184617571219,0.000994781224652209,0.058011049723756904,0.0010054461667364893,0.01935483870967742,1.1612903225806452,1.6859656472559699,fing_x_face,0,0.001,li_V>face_G,2,LR-P1-N2,GP,frac07,0.02295970916748047
True,0.1446391288646626,0.00100000000000016,0.12891805159901568,0.11440432221238668,0.000798899851528583,0.0010330420409849865,0.11878453038674033,0.0010892333472978634,0.05161290322580645,1.1419354838709677,1.0908253037285296,fing_x_face,0,0.001,li_V>face_G,2,LR-P1-N2-rel,GP,frac07,0.01543426513671875
True,,,,,,0.000994781224652209,0.07458563535911603,0.0009216589861751152,0.025806451612903226,1.3225806451612903,1.85060745705907,fing_x_face,0,0.001,li_V>face_G,2,S1-Marcialis,rule,frac07,0.00473475456237793
False,,,,,,,,,,,,fing_x_face,0,0.001,li_V>ri_V,2,HYP,GP,frac07,0.0192716121673584
True,0.12164177482195941,0.0010000000000000198,0.11009459999985353,0.023152528921583593,0.0008869124356597751,0.0009641725715859873,0.0718232044198895,0.0011311269375785505,0.04516129032258064,1.1741935483870967,1.8501466275659824,fing_x_face,0,0.001,li_V>ri_V,2,MONO,GP,frac07,0.013424873352050781
True,0.11371808558168171,0.0010000000000000046,0.10293240993897497,0.023152528921583593,0.0008869124356597751,0.0009641725715859873,0.0718232044198895,0.0011311269375785505,0.04516129032258064,1.1741935483870967,1.8501466275659824,fing_x_face,0,0.001,li_V>ri_V,2,LR-P1-N2,GP,frac07,0.013923406600952148
True,0.12046717807791499,0.0010000000000716406,0.10755369340226839,0.0402994414089924,0.0007841457719936706,0.0008876509389204329,0.07734806629834254,0.0010892333472978634,0.04516129032258064,1.1612903225806452,1.6859656472559699,fing_x_face,0,0.001,li_V>ri_V,2,LR-P1-N2-rel,GP,frac07,0.01643657684326172
True,,,,,,0.0008799987756538774,0.09392265193370165,0.0008797653958944282,0.06451612903225806,1.3225806451612903,1.85060745705907,fing_x_face,0,0.001,li_V>ri_V,2,S1-Marcialis,rule,frac07,0.003965854644775391
False,,,,,,,,,,,,fing_x_face,0,0.001,ri_V>face_C,2,HYP,GP,frac07,0.014218330383300781
True,0.07135787098867998,0.0010000000000006176,0.062494683855876206,0.023915631390983183,0.0009310911154195135,0.00101008555118532,0.022099447513812154,0.0005446166736489317,0.01935483870967742,1.103225806451613,1.7964809384164222,fing_x_face,0,0.001,ri_V>face_C,2,MONO,GP,frac07,0.01751852035522461
True,0.07099578282429082,0.0010000000000007071,0.06213230442490751,0.02455663746527884,0.000880504227616054,0.0009565204083194319,0.022099447513812154,0.0005027230833682447,0.01935483870967742,1.103225806451613,1.7964809384164222,fing_x_face,0,0.001,ri_V>face_C,2,LR-P1-N2,GP,frac07,0.023154497146606445
True,0.07639272903016886,0.001000000000001232,0.06976218111655538,0.04284820365678703,0.0009280283060669176,0.0014003458777796483,0.04419889502762431,0.000795978215333054,0.03225806451612903,1.0838709677419356,1.1056975282781734,fing_x_face,0,0.001,ri_V>face_C,2,LR-P1-N2-rel,GP,frac07,0.028198719024658203
True,,,,,,0.000994781224652209,0.03038674033149171,0.0005865102639296188,0.03225806451612903,1.1870967741935483,1.9877251780477587,fing_x_face,0,0.001,ri_V>face_C,2,S1-Marcialis,rule,frac07,0.0052068233489990234
False,,,,,,,,,,,,fing_x_face,0,0.001,ri_V>face_G,2,HYP,GP,frac07,0.029911041259765625
True,0.07955809080509994,0.0010000000000009088,0.06762227629159129,0.033530722505418026,0.0008425640617634365,0.0009106074287200992,0.019337016574585635,0.0006702974444909929,0.025806451612903226,1.103225806451613,1.7964809384164222,fing_x_face,0,0.001,ri_V>face_G,2,MONO,GP,frac07,0.01957535743713379
True,0.07931428933296325,0.0010000000000000393,0.06754919867002171,0.03575898171606483,0.0008100917009757822,0.0009182595919866546,0.022099447513812154,0.0006702974444909929,0.01935483870967742,1.103225806451613,1.6236279849183075,fing_x_face,0,0.001,ri_V>face_G,2,LR-P1-N2,GP,frac07,0.021445751190185547
True,0.08090310426038932,0.0010000000000009702,0.0734663686053261,0.055118891364732456,0.0008482837730310704,0.0012166939593823173,0.049723756906077346,0.0006284038542103058,0.03225806451612903,1.0838709677419356,1.0739840804356933,fing_x_face,0,0.001,ri_V>face_G,2,LR-P1-N2-rel,GP,frac07,0.014714956283569336
True,,,,,,0.000994781224652209,0.03867403314917127,0.0010054461667364893,0.025806451612903226,1.1870967741935483,1.9877251780477587,fing_x_face,0,0.001,ri_V>face_G,2,S1-Marcialis,rule,frac07,0.003281116485595703
False,,,,,,,,,,,,fing_x_face,0,0.001,ri_V>li_V,2,HYP,GP,frac07,0.028054237365722656
True,0.0733210449183883,0.0010000000000000057,0.06316876582327934,0.023717224748939288,0.0008020818215326022,0.0008034771429883228,0.0718232044198895,0.0008797653958944282,0.05161290322580645,1.096774193548387,1.9873062421449519,fing_x_face,0,0.001,ri_V>li_V,2,MONO,GP,frac07,0.011695384979248047
True,0.07120130777580903,0.0010000000000000046,0.06175118056239714,0.023717224748939288,0.0008020818215326022,0.0008034771429883228,0.0718232044198895,0.0008797653958944282,0.05161290322580645,1.096774193548387,1.9873062421449519,fing_x_face,0,0.001,ri_V>li_V,2,LR-P1-N2,GP,frac07,0.011739969253540039
True,0.07541442348928294,0.0010000000000000312,0.06828695928113977,0.033576508653582,0.0006856697701122735,0.0008187814695214338,0.07458563535911603,0.0008378718056137411,0.05161290322580645,1.0903225806451613,1.4559279430247172,fing_x_face,0,0.001,ri_V>li_V,2,LR-P1-N2-rel,GP,frac07,0.013942956924438477
True,,,,,,0.0009259117552532101,0.08011049723756906,0.0011311269375785505,0.05806451612903226,1.1870967741935483,1.9877251780477587,fing_x_face,0,0.001,ri_V>li_V,2,S1-Marcialis,rule,frac07,0.0029091835021972656
False,,,,,,,,,,,,fing_x_face,0,0.001,face_C>face_G>li_V,3,HYP,GP,frac07,0.015349626541137695
True,0.06629916329866281,0.00100000000000059,0.05778943411311288,0.013087418151990111,0.000975673621639742,0.0009718247348525428,0.027624309392265192,0.0005865102639296188,0.0,1.3225806451612903,2.838248847926267,fing_x_face,0,0.001,face_C>face_G>li_V,3,MONO,GP,frac07,0.026628494262695312
True,0.06572046950014661,0.001000000000025562,0.05773401608894044,0.013087418151990111,0.0009756707258021244,0.0009718247348525428,0.027624309392265192,0.0005865102639296188,0.0,1.3225806451612903,2.838248847926267,fing_x_face,0,0.001,face_C>face_G>li_V,3,LR-P1-N2,GP,frac07,0.028470516204833984
True,0.06283463562832006,0.0010000000000001442,0.05825564541936392,0.02127843779348879,0.0009690230657098864,0.0019589537962381967,0.024861878453038673,0.0018433179723502304,0.012903225806451613,1.3096774193548386,1.4145370758273985,fing_x_face,0,0.001,face_C>face_G>li_V,3,LR-P1-N2-rel,GP,frac07,0.028774499893188477
True,,,,,,0.0007652163266555455,0.04143646408839779,0.0009216589861751152,0.0064516129032258064,1.7419354838709677,2.8388772517804775,fing_x_face,0,0.001,face_C>face_G>li_V,3,S1-Marcialis,rule,frac07,0.004506587982177734
False,,,,,,,,,,,,fing_x_face,0,0.001,face_C>face_G>ri_V,3,HYP,GP,frac07,0.02843618392944336
True,0.059149901240018045,0.0010000000000000286,0.05315209807733736,0.008407196874197373,0.0009833430697196825,0.0009871290613856537,0.011049723756906077,0.0004608294930875576,0.0064516129032258064,1.3096774193548386,2.838248847926267,fing_x_face,0,0.001,face_C>face_G>ri_V,3,MONO,GP,frac07,0.023924589157104492
True,0.059680261404949454,0.0010000000000932403,0.05379091890963269,0.00833409081442174,0.0009756863759050002,0.0009794768981190984,0.011049723756906077,0.0004608294930875576,0.0064516129032258064,1.3096774193548386,2.838248847926267,fing_x_face,0,0.001,face_C>face_G>ri_V,3,LR-P1-N2,GP,frac07,0.031485795974731445
True,0.05604571627308635,0.0010000000000008902,0.052443685053997144,0.017967226561834658,0.0009466321181818462,0.001629910775776312,0.027624309392265192,0.001550062840385421,0.01935483870967742,1.3290322580645162,1.4744449099287809,fing_x_face,0,0.001,face_C>face_G>ri_V,3,LR-P1-N2-rel,GP,frac07,0.02650284767150879
True,,,,,,0.0007652163266555455,0.03038674033149171,0.000754084625052367,0.0,1.7419354838709677,2.8388772517804775,fing_x_face,0,0.001,face_C>face_G>ri_V,3,S1-Marcialis,rule,frac07,0.004486083984375
False,,,,,,,,,,,,fing_x_face,0,0.001,face_C>li_V>face_G,3,HYP,GP,frac07,0.05863475799560547
True,0.06997785664122684,0.001000000000000088,0.05926686738012116,0.02317685544781804,0.0009225914569968888,0.0009718247348525428,0.03314917127071823,0.0006284038542103058,0.0064516129032258064,1.1741935483870967,2.2630079597821533,fing_x_face,0,0.001,face_C>li_V>face_G,3,MONO,GP,frac07,0.026313066482543945
True,0.0688817426654796,0.0010000000000008902,0.05877200787652188,0.02045249531134665,0.0009449123653226456,0.00101008555118532,0.027624309392265192,0.0007121910347716799,0.0064516129032258064,1.1741935483870967,2.2630079597821533,fing_x_face,0,0.001,face_C>li_V>face_G,3,LR-P1-N2,GP,frac07,0.029068708419799805
True,0.07364861319856775,0.0010000000000003494,0.06486683628407178,0.029191156915622452,0.0009000688299295841,0.0010789550205843191,0.03314917127071823,0.0004608294930875576,0.012903225806451613,1.1612903225806452,1.6129032258064515,fing_x_face,0,0.001,face_C>li_V>face_G,3,LR-P1-N2-rel,GP,frac07,0.029353618621826172
True,,,,,,0.000994781224652209,0.06629834254143646,0.0009216589861751152,0.01935483870967742,1.5161290322580645,2.85060745705907,fing_x_face,0,0.001,face_C>li_V>face_G,3,S1-Marcialis,rule,frac07,0.005108356475830078
False,,,,,,,,,,,,fing_x_face,0,0.001,face_C>li_V>ri_V,3,HYP,GP,frac07,0.04813694953918457
True,0.060858771693291895,0.001000000000014617,0.05395535826245044,0.006265366396272619,0.0009652937106294098,0.0009871290613856537,0.013812154696132596,0.000754084625052367,0.0,1.167741935483871,2.8496020108923337,fing_x_face,0,0.001,face_C>li_V>ri_V,3,MONO,GP,frac07,0.024726390838623047
True,0.06043183901763089,0.001000000000000265,0.05384167241762119,0.00892990098555738,0.0009570477731195532,0.0009794768981190984,0.016574585635359115,0.000754084625052367,0.0,1.167741935483871,2.8496020108923337,fing_x_face,0,0.001,face_C>li_V>ri_V,3,LR-P1-N2,GP,frac07,0.02543330192565918
True,0.06475645654418537,0.0010000000000004745,0.057434300747936186,0.018386637797502454,0.0008955011587007114,0.00101008555118532,0.019337016574585635,0.0006702974444909929,0.0,1.167741935483871,2.016757436112275,fing_x_face,0,0.001,face_C>li_V>ri_V,3,LR-P1-N2-rel,GP,frac07,0.030185461044311523
True,,,,,,0.0008799987756538774,0.04419889502762431,0.0008797653958944282,0.0,1.5161290322580645,2.85060745705907,fing_x_face,0,0.001,face_C>li_V>ri_V,3,S1-Marcialis,rule,frac07,0.0047795772552490234
False,,,,,,,,,,,,fing_x_face,0,0.001,face_C>ri_V>face_G,3,HYP,GP,frac07,0.035584449768066406
True,0.0533159237339174,0.0010000000000006024,0.0478250173265273,0.010862700411367039,0.0009207644358333556,0.0009259117552532101,0.013812154696132596,0.00041893590280687055,0.0064516129032258064,1.1741935483870967,2.2248428990364473,fing_x_face,0,0.001,face_C>ri_V>face_G,3,MONO,GP,frac07,0.03155994415283203
True,0.05454988203647793,0.0010000000000007943,0.049014034871046566,0.010475668330201943,0.0009390124722741772,0.0009565204083194319,0.011049723756906077,0.0005446166736489317,0.0064516129032258064,1.1741935483870967,2.2248428990364473,fing_x_face,0,0.001,face_C>ri_V>face_G,3,LR-P1-N2,GP,frac07,0.028609275817871094
True,0.052304242020055285,0.0010000000000009665,0.047687229755092195,0.013338272278671194,0.0009460675559003596,0.0013161720818475383,0.013812154696132596,0.000795978215333054,0.0,1.1806451612903226,1.6716799329702556,fing_x_face,0,0.001,face_C>ri_V>face_G,3,LR-P1-N2-rel,GP,frac07,0.026872634887695312
True,,,,,,0.000994781224652209,0.03314917127071823,0.0010054461667364893,0.01935483870967742,1.5161290322580645,2.9877251780477585,fing_x_face,0,0.001,face_C>ri_V>face_G,3,S1-Marcialis,rule,frac07,0.004074811935424805
False,,,,,,,,,,,,fing_x_face,0,0.001,face_C>ri_V>li_V,3,HYP,GP,frac07,0.03339219093322754
True,0.051359278103410004,0.001000000000004792,0.046559230575681634,0.006287121140704122,0.0009177576369359625,0.0009182595919866546,0.011049723756906077,0.0006284038542103058,0.0,1.167741935483871,2.9869710934227065,fing_x_face,0,0.001,face_C>ri_V>li_V,3,MONO,GP,frac07,0.031733036041259766
True,0.05211264714248936,0.0010000000000008973,0.047454452323796185,0.006287121140704122,0.0009177576369359625,0.0009182595919866546,0.011049723756906077,0.0006284038542103058,0.0,1.167741935483871,2.9869710934227065,fing_x_face,0,0.001,face_C>ri_V>li_V,3,LR-P1-N2,GP,frac07,0.02912163734436035
True,0.050157707864999734,0.001000000000000296,0.04572646626005527,0.009488146278226991,0.0009444362658957628,0.0010330420409849865,0.013812154696132596,0.000754084625052367,0.0,1.1806451612903226,1.9386677838290742,fing_x_face,0,0.001,face_C>ri_V>li_V,3,LR-P1-N2-rel,GP,frac07,0.030964136123657227
True,,,,,,0.0009259117552532101,0.03314917127071823,0.0011311269375785505,0.0064516129032258064,1.5161290322580645,2.9877251780477585,fing_x_face,0,0.001,face_C>ri_V>li_V,3,S1-Marcialis,rule,frac07,0.0037729740142822266
False,,,,,,,,,,,,fing_x_face,0,0.001,face_G>face_C>li_V,3,HYP,GP,frac07,0.025908231735229492
True,0.09825796109884949,0.0010000000000004337,0.08984771154326136,0.012597514798707061,0.0009528801179944594,0.00101008555118532,0.03038674033149171,0.0008378718056137411,0.0,1.367741935483871,2.676790950984499,fing_x_face,0,0.001,face_G>face_C>li_V,3,MONO,GP,frac07,0.03652501106262207
True,0.0935370687667093,0.0010000000000001646,0.08564254195757248,0.012817971307684434,0.0009564929759161455,0.00101008555118532,0.03038674033149171,0.0008378718056137411,0.0,1.367741935483871,2.676790950984499,fing_x_face,0,0.001,face_G>face_C>li_V,3,LR-P1-N2,GP,frac07,0.0305483341217041
True,0.06746749071108168,0.0010000000000004595,0.06273621595031775,0.025867150015489712,0.0009694063339425571,0.0017446932247746438,0.03314917127071823,0.0012568077084206116,0.03225806451612903,1.2838709677419355,1.4552576455802262,fing_x_face,0,0.001,face_G>face_C>li_V,3,LR-P1-N2-rel,GP,frac07,0.03186345100402832
True,,,,,,0.0007652163266555455,0.04143646408839779,0.0009216589861751152,0.0064516129032258064,1.6129032258064515,2.6777545035609553,fing_x_face,0,0.001,face_G>face_C>li_V,3,S1-Marcialis,rule,frac07,0.005602359771728516
False,,,,,,,,,,,,fing_x_face,0,0.001,face_G>face_C>ri_V,3,HYP,GP,frac07,0.04205679893493652
True,0.09147521233352984,0.0010000000000004664,0.08553473953716748,0.010298679149730148,0.0009794250099129322,0.00101008555118532,0.013812154696132596,0.0007121910347716799,0.012903225806451613,1.3806451612903226,2.676707163803938,fing_x_face,0,0.001,face_G>face_C>ri_V,3,MONO,GP,frac07,0.02811455726623535
True,0.08778299328524358,0.0010000000000005562,0.0819502646845526,0.007734570531832671,0.0009818394614554977,0.00101008555118532,0.011049723756906077,0.000754084625052367,0.012903225806451613,1.3806451612903226,2.676707163803938,fing_x_face,0,0.001,face_G>face_C>ri_V,3,LR-P1-N2,GP,frac07,0.03557562828063965
True,0.060178018130295,0.001000000000000446,0.056459314030607805,0.0235302857241151,0.0009478674643940784,0.0015533891431107575,0.03038674033149171,0.0012987012987012987,0.025806451612903226,1.303225806451613,1.5191034771679932,fing_x_face,0,0.001,face_G>face_C>ri_V,3,LR-P1-N2-rel,GP,frac07,0.029082536697387695
True,,,,,,0.0007652163266555455,0.03038674033149171,0.000754084625052367,0.0,1.6129032258064515,2.6777545035609553,fing_x_face,0,0.001,face_G>face_C>ri_V,3,S1-Marcialis,rule,frac07,0.005492210388183594
False,,,,,,,,,,,,fing_x_face,0,0.001,face_G>li_V>face_C,3,HYP,GP,frac07,0.01671433448791504
True,0.11350170740428184,0.0010000000000001121,0.09857443378144645,0.023802725953797982,0.0009078979390391956,0.0010483463675180975,0.04696132596685083,0.0008378718056137411,0.0064516129032258064,1.2129032258064516,2.1499790532048597,fing_x_face,0,0.001,face_G>li_V>face_C,3,MONO,GP,frac07,0.033785104751586914
True,0.10677078805843314,0.0010000000000005066,0.09327504932319786,0.02419734689929965,0.0008943011863357349,0.0010406942042515419,0.04696132596685083,0.000754084625052367,0.0064516129032258064,1.2129032258064516,2.1499790532048597,fing_x_face,0,0.001,face_G>li_V>face_C,3,LR-P1-N2,GP,frac07,0.0465242862701416
True,0.0824277975207094,0.0010000000000001236,0.07294557676348315,0.032925721376363654,0.0009335651430909437,0.00117843314304954,0.04143646408839779,0.0010054461667364893,0.0064516129032258064,1.2129032258064516,1.6591956430666108,fing_x_face,0,0.001,face_G>li_V>face_C,3,LR-P1-N2-rel,GP,frac07,0.034128665924072266
True,,,,,,0.000994781224652209,0.04696132596685083,0.0005027230833682447,0.01935483870967742,1.3612903225806452,2.550314201927105,fing_x_face,0,0.001,face_G>li_V>face_C,3,S1-Marcialis,rule,frac07,0.0073049068450927734
False,,,,,,,,,,,,fing_x_face,0,0.001,face_G>li_V>ri_V,3,HYP,GP,frac07,0.06319355964660645
True,0.10667086308508546,0.001000000000000279,0.0946653536148994,0.007918726973066784,0.0009293266112807889,0.000941216081786321,0.016574585635359115,0.0009635525764558023,0.0,1.2,2.5489317134478426,fing_x_face,0,0.001,face_G>li_V>ri_V,3,MONO,GP,frac07,0.029459238052368164
True,0.10040134332420911,0.0010000000000013308,0.08960280772539544,0.007831707995340774,0.0009369767265615705,0.0009488682450528765,0.016574585635359115,0.0009635525764558023,0.0,1.2,2.5489317134478426,fing_x_face,0,0.001,face_G>li_V>ri_V,3,LR-P1-N2,GP,frac07,0.031050682067871094
True,0.07465759406464456,0.001000000000000598,0.06621589486914456,0.024304897971091824,0.0008955107211977796,0.0010330420409849865,0.03038674033149171,0.0010473397570171764,0.0,1.2129032258064516,2.002932551319648,fing_x_face,0,0.001,face_G>li_V>ri_V,3,LR-P1-N2-rel,GP,frac07,0.030051231384277344
True,,,,,,0.0007346076735893237,0.03591160220994475,0.0007121910347716799,0.0,1.3612903225806452,2.550314201927105,fing_x_face,0,0.001,face_G>li_V>ri_V,3,S1-Marcialis,rule,frac07,0.0057468414306640625
False,,,,,,,,,,,,fing_x_face,0,0.001,face_G>ri_V>face_C,3,HYP,GP,frac07,0.06037783622741699
True,0.09388882673740681,0.001000000000000288,0.08627635365630414,0.010622639336186858,0.0009091899001696464,0.001025389877718431,0.011049723756906077,0.0006702974444909929,0.0064516129032258064,1.2193548387096773,2.1072056975282782,fing_x_face,0,0.001,face_G>ri_V>face_C,3,MONO,GP,frac07,0.032181739807128906
True,0.08977769926764932,0.0010000000000032626,0.08244812524935502,0.010698275017408011,0.0008990669514417884,0.0010024333879187647,0.011049723756906077,0.0006284038542103058,0.0064516129032258064,1.2193548387096773,2.1072056975282782,fing_x_face,0,0.001,face_G>ri_V>face_C,3,LR-P1-N2,GP,frac07,0.033370018005371094
True,0.05827250933515617,0.001000000000000105,0.05336183099724463,0.01713877553842571,0.0009310298168864129,0.0012626069389816501,0.016574585635359115,0.0008797653958944282,0.0,1.2193548387096773,1.720485965647256,fing_x_face,0,0.001,face_G>ri_V>face_C,3,LR-P1-N2-rel,GP,frac07,0.02824568748474121
True,,,,,,0.000994781224652209,0.022099447513812154,0.0005865102639296188,0.01935483870967742,1.3483870967741935,2.6666945957268537,fing_x_face,0,0.001,face_G>ri_V>face_C,3,S1-Marcialis,rule,frac07,0.005835294723510742
False,,,,,,,,,,,,fing_x_face,0,0.001,face_G>ri_V>li_V,3,HYP,GP,frac07,0.04030609130859375
True,0.0939984603964033,0.0010000000000007464,0.08603683759577009,0.008062409471172517,0.000919725435184105,0.0009029552654535437,0.016574585635359115,0.0008378718056137411,0.0064516129032258064,1.2129032258064516,2.665605362379556,fing_x_face,0,0.001,face_G>ri_V>li_V,3,MONO,GP,frac07,0.030928611755371094
True,0.08929594464367718,0.0010000000000000135,0.08191326090443386,0.008062409471172517,0.000935024032652753,0.0009182595919866546,0.016574585635359115,0.0008797653958944282,0.0064516129032258064,1.2129032258064516,2.6655215751989947,fing_x_face,0,0.001,face_G>ri_V>li_V,3,LR-P1-N2,GP,frac07,0.02968573570251465
True,0.05782672482153595,0.001000000000000305,0.05271795490731757,0.012399276798092867,0.0009444362658957628,0.0010177377144518756,0.016574585635359115,0.0008797653958944282,0.0064516129032258064,1.2193548387096773,1.92195224130708,fing_x_face,0,0.001,face_G>ri_V>li_V,3,LR-P1-N2-rel,GP,frac07,0.029584407806396484
True,,,,,,0.0007652163266555455,0.03314917127071823,0.0009216589861751152,0.0,1.3483870967741935,2.6666945957268537,fing_x_face,0,0.001,face_G>ri_V>li_V,3,S1-Marcialis,rule,frac07,0.005229949951171875
False,,,,,,,,,,,,fing_x_face,0,0.001,li_V>face_C>face_G,3,HYP,GP,frac07,0.044928789138793945
True,0.11680690633055557,0.0010000000000012525,0.10600676869801673,0.011996476743250674,0.0009304376608294731,0.001277911265514761,0.024861878453038673,0.0011311269375785505,0.0064516129032258064,1.1935483870967742,2.2294930875576036,fing_x_face,0,0.001,li_V>face_C>face_G,3,MONO,GP,frac07,0.038359642028808594
True,0.10942026491713869,0.0010000000000008652,0.09918534563311902,0.011996476743250674,0.0009256233629857248,0.0013161720818475383,0.024861878453038673,0.0011730205278592375,0.0064516129032258064,1.1935483870967742,2.201885211562631,fing_x_face,0,0.001,li_V>face_C>face_G,3,LR-P1-N2,GP,frac07,0.028421640396118164
True,0.10373405888490995,0.0010000000000008342,0.09404227007350073,0.03121776313670361,0.0008542367424601359,0.0030532131433556268,0.03314917127071823,0.002974444909928781,0.025806451612903226,1.1741935483870967,1.7249266862170087,fing_x_face,0,0.001,li_V>face_C>face_G,3,LR-P1-N2-rel,GP,frac07,0.02984142303466797
True,,,,,,0.000994781224652209,0.06629834254143646,0.0009216589861751152,0.025806451612903226,1.3935483870967742,2.70121491411814,fing_x_face,0,0.001,li_V>face_C>face_G,3,S1-Marcialis,rule,frac07,0.006146669387817383
False,,,,,,,,,,,,fing_x_face,0,0.001,li_V>face_C>ri_V,3,HYP,GP,frac07,0.04343891143798828
True,0.10854009322423624,0.0010000000000007295,0.10172745669854057,0.005391129224699696,0.0009128720002416081,0.0009565204083194319,0.013812154696132596,0.0008378718056137411,0.0064516129032258064,1.1806451612903226,2.7001256807708423,fing_x_face,0,0.001,li_V>face_C>ri_V,3,MONO,GP,frac07,0.029217243194580078
True,0.10173610011022051,0.0010000000000002205,0.09522994701128376,0.005391129224699696,0.0008998559057817688,0.000941216081786321,0.013812154696132596,0.0008378718056137411,0.0064516129032258064,1.1806451612903226,2.7001256807708423,fing_x_face,0,0.001,li_V>face_C>ri_V,3,LR-P1-N2,GP,frac07,0.03265881538391113
True,0.09650963190676641,0.001000000000000994,0.08923167921665952,0.0072544483814723105,0.0009001711151513901,0.0009871290613856537,0.019337016574585635,0.0010892333472978634,0.0064516129032258064,1.1935483870967742,2.008378718056137,fing_x_face,0,0.001,li_V>face_C>ri_V,3,LR-P1-N2-rel,GP,frac07,0.029120445251464844
True,,,,,,0.0008799987756538774,0.04419889502762431,0.0008797653958944282,0.0064516129032258064,1.3935483870967742,2.70121491411814,fing_x_face,0,0.001,li_V>face_C>ri_V,3,S1-Marcialis,rule,frac07,0.0054721832275390625
False,,,,,,,,,,,,fing_x_face,0,0.001,li_V>face_G>face_C,3,HYP,GP,frac07,0.04481172561645508
True,0.12541900541649512,0.001000000000000107,0.11040098915359099,0.011977167299549845,0.0009553820437252074,0.0012626069389816501,0.019337016574585635,0.0009635525764558023,0.0064516129032258064,1.1806451612903226,2.300125680770842,fing_x_face,0,0.001,li_V>face_G>face_C,3,MONO,GP,frac07,0.028626203536987305
True,0.11638338337403674,0.0010000000000000943,0.10282608735092089,0.012354671139936803,0.0009582376047952304,0.0012396504491819838,0.019337016574585635,0.0008378718056137411,0.0064516129032258064,1.1806451612903226,2.3213238374528697,fing_x_face,0,0.001,li_V>face_G>face_C,3,LR-P1-N2,GP,frac07,0.029860258102416992
True,0.10594217734522694,0.0010000000000007355,0.0959925249943639,0.03394174382995817,0.0009306581085420846,0.0036424297148803966,0.03867403314917127,0.0025136154168412233,0.01935483870967742,1.1806451612903226,1.7460410557184751,fing_x_face,0,0.001,li_V>face_G>face_C,3,LR-P1-N2-rel,GP,frac07,0.029536962509155273
True,,,,,,0.000994781224652209,0.04696132596685083,0.0005027230833682447,0.025806451612903226,1.367741935483871,2.5620444072056974,fing_x_face,0,0.001,li_V>face_G>face_C,3,S1-Marcialis,rule,frac07,0.006338596343994141
False,,,,,,,,,,,,fing_x_face,0,0.001,li_V>face_G>ri_V,3,HYP,GP,frac07,0.03639030456542969
True,0.11902475459139757,0.001000000000000543,0.10707618068035768,0.007437087049839107,0.0009187548314541283,0.0009488682450528765,0.013812154696132596,0.0009635525764558023,0.012903225806451613,1.1806451612903226,2.5605781315458733,fing_x_face,0,0.001,li_V>face_G>ri_V,3,MONO,GP,frac07,0.02810072898864746
True,0.11047865084905131,0.0010000000000051873,0.09973848214325864,0.00778718665789956,0.000794100225464447,0.0008187814695214338,0.013812154696132596,0.0007121910347716799,0.012903225806451613,1.1806451612903226,2.5609970674486804,fing_x_face,0,0.001,li_V>face_G>ri_V,3,LR-P1-N2,GP,frac07,0.042266845703125
True,0.10018270301612665,0.001000000000000908,0.09179196526646136,0.009998708206648487,0.0009001989126513833,0.00101008555118532,0.013812154696132596,0.0011311269375785505,0.0064516129032258064,1.1935483870967742,2.006158357771261,fing_x_face,0,0.001,li_V>face_G>ri_V,3,LR-P1-N2-rel,GP,frac07,0.02648305892944336
True,,,,,,0.0007346076735893237,0.03591160220994475,0.0007121910347716799,0.0064516129032258064,1.367741935483871,2.5620444072056974,fing_x_face,0,0.001,li_V>face_G>ri_V,3,S1-Marcialis,rule,frac07,0.005903005599975586
False,,,,,,,,,,,,fing_x_face,0,0.001,li_V>ri_V>face_C,3,HYP,GP,frac07,0.025635480880737305
True,0.11064971410562661,0.001000000000000487,0.10227083127170107,0.007250569628589175,0.0008330638302607901,0.0009871290613856537,0.019337016574585635,0.0008378718056137411,0.012903225806451613,1.2129032258064516,2.2548806032677002,fing_x_face,0,0.001,li_V>ri_V>face_C,3,MONO,GP,frac07,0.02919459342956543
True,0.10338197506965581,0.001000000000000526,0.09558058305278132,0.007384723885916771,0.0008077311860603411,0.000941216081786321,0.019337016574585635,0.000795978215333054,0.012903225806451613,1.2129032258064516,2.2548806032677002,fing_x_face,0,0.001,li_V>ri_V>face_C,3,LR-P1-N2,GP,frac07,0.028902292251586914
True,0.09463702785794728,0.0010000000000001494,0.08719453135487773,0.02937050707611007,0.0007853324835833834,0.001209041796115762,0.052486187845303865,0.0009635525764558023,0.025806451612903226,1.1870967741935483,1.7459572685379137,fing_x_face,0,0.001,li_V>ri_V>face_C,3,LR-P1-N2-rel,GP,frac07,0.02606940269470215
True,,,,,,0.000994781224652209,0.019337016574585635,0.0005027230833682447,0.01935483870967742,1.4193548387096775,2.693967322999581,fing_x_face,0,0.001,li_V>ri_V>face_C,3,S1-Marcialis,rule,frac07,0.005954265594482422
False,,,,,,,,,,,,fing_x_face,0,0.001,li_V>ri_V>face_G,3,HYP,GP,frac07,0.024297714233398438
True,0.11265804331677601,0.0010000000000000668,0.10301726635098103,0.009262883488503123,0.0007887317029099929,0.0008799987756538774,0.022099447513812154,0.0008797653958944282,0.01935483870967742,1.2129032258064516,2.2548806032677002,fing_x_face,0,0.001,li_V>ri_V>face_G,3,MONO,GP,frac07,0.030869007110595703
True,0.10528741994746785,0.0010000000000009559,0.09631824684427741,0.008860420716520333,0.0008330638302607901,0.0009565204083194319,0.022099447513812154,0.0010054461667364893,0.012903225806451613,1.2129032258064516,2.2548806032677002,fing_x_face,0,0.001,li_V>ri_V>face_G,3,LR-P1-N2,GP,frac07,0.04009604454040527
True,0.09594492682833376,0.0010000000000001353,0.08797557404580521,0.01168077998684934,0.000841823182153036,0.001209041796115762,0.03867403314917127,0.0010054461667364893,0.01935483870967742,1.206451612903226,1.8981566820276499,fing_x_face,0,0.001,li_V>ri_V>face_G,3,LR-P1-N2-rel,GP,frac07,0.030065298080444336
True,,,,,,0.000994781224652209,0.024861878453038673,0.0009216589861751152,0.012903225806451613,1.4193548387096775,2.693967322999581,fing_x_face,0,0.001,li_V>ri_V>face_G,3,S1-Marcialis,rule,frac07,0.006773233413696289
False,,,,,,,,,,,,fing_x_face,0,0.001,ri_V>face_C>face_G,3,HYP,GP,frac07,0.07987117767333984
True,0.058131422989649455,0.0010000000000002552,0.052506701971034936,0.007102924056885453,0.0009650468287710574,0.001362085061446871,0.008287292817679558,0.0011730205278592375,0.012903225806451613,1.1225806451612903,2.344072056975283,fing_x_face,0,0.001,ri_V>face_C>face_G,3,MONO,GP,frac07,0.02855205535888672
True,0.05802408992249132,0.001000000000000741,0.05234529564020583,0.007347664931739852,0.0009567829017336786,0.0014156502043127593,0.008287292817679558,0.0012149141181399246,0.012903225806451613,1.1225806451612903,2.31889400921659,fing_x_face,0,0.001,ri_V>face_C>face_G,3,LR-P1-N2,GP,frac07,0.02941417694091797
True,0.051461606736266464,0.0010000000000002266,0.04719206018344619,0.019265681249821875,0.0009020026319990109,0.003022604490289405,0.016574585635359115,0.0020946795140343527,0.012903225806451613,1.1096774193548387,1.4933389191453708,fing_x_face,0,0.001,ri_V>face_C>face_G,3,LR-P1-N2-rel,GP,frac07,0.028873205184936523
True,,,,,,0.000994781224652209,0.03314917127071823,0.0010054461667364893,0.025806451612903226,1.2580645161290323,2.9754503560955174,fing_x_face,0,0.001,ri_V>face_C>face_G,3,S1-Marcialis,rule,frac07,0.0045108795166015625
False,,,,,,,,,,,,fing_x_face,0,0.001,ri_V>face_C>li_V,3,HYP,GP,frac07,0.02779555320739746
True,0.05640568732684108,0.0010000000000017987,0.051570054637488996,0.005642636836920871,0.0009083743170509031,0.0009106074287200992,0.013812154696132596,0.0006702974444909929,0.0064516129032258064,1.1161290322580646,2.974738165060746,fing_x_face,0,0.001,ri_V>face_C>li_V,3,MONO,GP,frac07,0.026441574096679688
True,0.055821323522160474,0.0010000000000009435,0.05113175392716167,0.005642636836920871,0.0009007523050598371,0.0009029552654535437,0.013812154696132596,0.0006702974444909929,0.012903225806451613,1.1225806451612903,2.974738165060746,fing_x_face,0,0.001,ri_V>face_C>li_V,3,LR-P1-N2,GP,frac07,0.029085159301757812
True,0.050751765747860084,0.0010000000000003173,0.04667322259435573,0.01800002731991161,0.0008477655704204498,0.0011478244899833182,0.022099447513812154,0.000754084625052367,0.012903225806451613,1.1096774193548387,1.5974863845831588,fing_x_face,0,0.001,ri_V>face_C>li_V,3,LR-P1-N2-rel,GP,frac07,0.029175758361816406
True,,,,,,0.0009259117552532101,0.03314917127071823,0.0011311269375785505,0.012903225806451613,1.2580645161290323,2.9754503560955174,fing_x_face,0,0.001,ri_V>face_C>li_V,3,S1-Marcialis,rule,frac07,0.0035130977630615234
False,,,,,,,,,,,,fing_x_face,0,0.001,ri_V>face_G>face_C,3,HYP,GP,frac07,0.07538843154907227
True,0.06295733133455196,0.0010000000000003973,0.05522566678047548,0.008002120160054207,0.000893552636301736,0.0012855634287813164,0.011049723756906077,0.000795978215333054,0.012903225806451613,1.1225806451612903,2.404147465437788,fing_x_face,0,0.001,ri_V>face_G>face_C,3,MONO,GP,frac07,0.031202077865600586
True,0.06221778371329863,0.0010000000000004684,0.05477156669548035,0.008017529770693189,0.0008991909184613422,0.0012626069389816501,0.008287292817679558,0.0006284038542103058,0.012903225806451613,1.1225806451612903,2.4220779220779223,fing_x_face,0,0.001,ri_V>face_G>face_C,3,LR-P1-N2,GP,frac07,0.030003786087036133
True,0.05295850970971744,0.0010000000000000668,0.0485697247437471,0.022999950588061095,0.0007838044680936372,0.002571126857562633,0.024861878453038673,0.0012987012987012987,0.025806451612903226,1.103225806451613,1.356765814830331,fing_x_face,0,0.001,ri_V>face_G>face_C,3,LR-P1-N2-rel,GP,frac07,0.027284860610961914
True,,,,,,0.000994781224652209,0.022099447513812154,0.0005865102639296188,0.025806451612903226,1.2193548387096773,2.815542521994135,fing_x_face,0,0.001,ri_V>face_G>face_C,3,S1-Marcialis,rule,frac07,0.005377769470214844
False,,,,,,,,,,,,fing_x_face,0,0.001,ri_V>face_G>li_V,3,HYP,GP,frac07,0.036298274993896484
True,0.06318205487661793,0.0010000000000500882,0.055150174679498225,0.0077894633172005305,0.0008899768124306061,0.0008876509389204329,0.013812154696132596,0.0008378718056137411,0.012903225806451613,1.103225806451613,2.814704650188521,fing_x_face,0,0.001,ri_V>face_G>li_V,3,MONO,GP,frac07,0.034470558166503906
True,0.06186974410453303,0.0010000000000008565,0.054420234784102184,0.007715977814208073,0.0009052191971317687,0.0009029552654535437,0.013812154696132596,0.0008378718056137411,0.012903225806451613,1.103225806451613,2.814704650188521,fing_x_face,0,0.001,ri_V>face_G>li_V,3,LR-P1-N2,GP,frac07,0.03168082237243652
True,0.05374721841083614,0.001000000000000232,0.04925696241931113,0.022199704843769735,0.0007841419620582775,0.00101008555118532,0.027624309392265192,0.000795978215333054,0.025806451612903226,1.096774193548387,1.4355257645580226,fing_x_face,0,0.001,ri_V>face_G>li_V,3,LR-P1-N2-rel,GP,frac07,0.029008865356445312
True,,,,,,0.0007652163266555455,0.03314917127071823,0.0009216589861751152,0.0064516129032258064,1.2193548387096773,2.815542521994135,fing_x_face,0,0.001,ri_V>face_G>li_V,3,S1-Marcialis,rule,frac07,0.0047113895416259766
False,,,,,,,,,,,,fing_x_face,0,0.001,ri_V>li_V>face_C,3,HYP,GP,frac07,0.05850934982299805
True,0.06358184131367392,0.0010000000000007427,0.05519198253110764,0.010413692604786617,0.0008117731481072244,0.000941216081786321,0.03867403314917127,0.0007121910347716799,0.01935483870967742,1.135483870967742,2.3585672392124004,fing_x_face,0,0.001,ri_V>li_V>face_C,3,MONO,GP,frac07,0.030127286911010742
True,0.06207090271091631,0.0010000000000005278,0.05425266977410989,0.010586339268443596,0.0007866387870404156,0.0009259117552532101,0.03867403314917127,0.0006284038542103058,0.01935483870967742,1.135483870967742,2.3585672392124004,fing_x_face,0,0.001,ri_V>li_V>face_C,3,LR-P1-N2,GP,frac07,0.03062915802001953
True,0.05638390376100321,0.001000000000000288,0.049440631729690154,0.01477412757150776,0.0007379080105573883,0.0009106074287200992,0.058011049723756904,0.0007121910347716799,0.025806451612903226,1.1290322580645162,2.0302471721826563,fing_x_face,0,0.001,ri_V>li_V>face_C,3,LR-P1-N2-rel,GP,frac07,0.02832794189453125
True,,,,,,0.000994781224652209,0.019337016574585635,0.0005027230833682447,0.012903225806451613,1.2838709677419355,2.8310850439882698,fing_x_face,0,0.001,ri_V>li_V>face_C,3,S1-Marcialis,rule,frac07,0.0070953369140625
False,,,,,,,,,,,,fing_x_face,0,0.001,ri_V>li_V>face_G,3,HYP,GP,frac07,0.04582476615905762
True,0.06562272109739152,0.0010000000000001956,0.05595088191584954,0.011835592819315378,0.0008488504297110273,0.0009106074287200992,0.03314917127071823,0.0008378718056137411,0.025806451612903226,1.135483870967742,2.35852534562212,fing_x_face,0,0.001,ri_V>li_V>face_G,3,MONO,GP,frac07,0.04823780059814453
True,0.06400054447856496,0.0010000000000005705,0.05501584196515728,0.012393374348053312,0.0008058935842764265,0.0009029552654535437,0.03314917127071823,0.0008797653958944282,0.01935483870967742,1.135483870967742,2.248973607038123,fing_x_face,0,0.001,ri_V>li_V>face_G,3,LR-P1-N2,GP,frac07,0.039342641830444336
True,0.05770898951435568,0.0010000000000005421,0.050342032258377564,0.015292067562478699,0.000795384551475187,0.0009182595919866546,0.055248618784530384,0.0006702974444909929,0.025806451612903226,1.1290322580645162,2.0302471721826563,fing_x_face,0,0.001,ri_V>li_V>face_G,3,LR-P1-N2-rel,GP,frac07,0.03014659881591797
True,,,,,,0.000994781224652209,0.024861878453038673,0.0009216589861751152,0.0064516129032258064,1.2838709677419355,2.8310850439882698,fing_x_face,0,0.001,ri_V>li_V>face_G,3,S1-Marcialis,rule,frac07,0.005222797393798828
False,,,,,,,,,,,,fing_x_face,0,0.001,face_C>face_G>li_V>ri_V,4,HYP,GP,frac07,0.13496637344360352
True,0.058376510092873375,0.001000000000000488,0.05189967973663363,0.0023413225744747363,0.0009755029684122191,0.000994781224652209,0.011049723756906077,0.0004608294930875576,0.0,1.303225806451613,3.549308755760369,fing_x_face,0,0.001,face_C>face_G>li_V>ri_V,4,MONO,GP,frac07,0.08398771286010742
True,0.05832997373957288,0.001000000000000035,0.05219525489771706,0.0023413225744747363,0.000975499153927094,0.000994781224652209,0.011049723756906077,0.0004608294930875576,0.0,1.303225806451613,3.549308755760369,fing_x_face,0,0.001,face_C>face_G>li_V>ri_V,4,LR-P1-N2,GP,frac07,0.05488944053649902
True,0.05037538560063009,0.0010000000000007791,0.045969841687200565,0.012230619762071149,0.0009384913027393442,0.0014386066941124256,0.022099447513812154,0.0011730205278592375,0.0064516129032258064,1.3483870967741935,1.8996648512777545,fing_x_face,0,0.001,face_C>face_G>li_V>ri_V,4,LR-P1-N2-rel,GP,frac07,0.051259756088256836
True,,,,,,0.0007346076735893237,0.024861878453038673,0.0007121910347716799,0.0,1.7870967741935484,3.550314201927105,fing_x_face,0,0.001,face_C>face_G>li_V>ri_V,4,S1-Marcialis,rule,frac07,0.0067386627197265625
False,,,,,,,,,,,,fing_x_face,0,0.001,face_C>face_G>ri_V>li_V,4,HYP,GP,frac07,0.24251031875610352
True,0.05523129175195677,0.001000000000000376,0.04997491365444962,0.002352902464027476,0.0009815671848852519,0.0009871290613856537,0.008287292817679558,0.0005027230833682447,0.0,1.2967741935483872,3.665605362379556,fing_x_face,0,0.001,face_C>face_G>ri_V>li_V,4,MONO,GP,frac07,0.07395291328430176
True,0.05556933982945828,0.001000000000000336,0.050499668793590205,0.002420251538643176,0.0009715805299927438,0.0009794768981190984,0.008287292817679558,0.0004608294930875576,0.0,1.2967741935483872,3.617553414327608,fing_x_face,0,0.001,face_C>face_G>ri_V>li_V,4,LR-P1-N2,GP,frac07,0.05017900466918945
True,0.044320738969736206,0.001000000000000042,0.04114264204540479,0.007872864423813108,0.0009689074507632885,0.0012626069389816501,0.016574585635359115,0.0009635525764558023,0.0064516129032258064,1.3483870967741935,2.0901968998743192,fing_x_face,0,0.001,face_C>face_G>ri_V>li_V,4,LR-P1-N2-rel,GP,frac07,0.048156023025512695
True,,,,,,0.0007652163266555455,0.019337016574585635,0.0009216589861751152,0.0,1.7741935483870968,3.6666945957268537,fing_x_face,0,0.001,face_C>face_G>ri_V>li_V,4,S1-Marcialis,rule,frac07,0.0053937435150146484
False,,,,,,,,,,,,fing_x_face,0,0.001,face_C>li_V>face_G>ri_V,4,HYP,GP,frac07,0.10719537734985352
True,0.0600362667067997,0.0010000000000002231,0.053157898732940426,0.0022615318852107426,0.000970230183586039,0.0009871290613856537,0.008287292817679558,0.0007121910347716799,0.0,1.1741935483870967,3.5604524507750313,fing_x_face,0,0.001,face_C>li_V>face_G>ri_V,4,MONO,GP,frac07,0.05319714546203613
True,0.059519268404318156,0.0010000000000001245,0.05305604174009021,0.004970958170877636,0.0009684798526177631,0.0009871290613856537,0.011049723756906077,0.0007121910347716799,0.0,1.1741935483870967,3.5604524507750313,fing_x_face,0,0.001,face_C>li_V>face_G>ri_V,4,LR-P1-N2,GP,frac07,0.06965780258178711
True,0.05685696787327695,0.0010000000000001965,0.05144556987432064,0.013996454098247202,0.000932764199729453,0.0010866071838508747,0.013812154696132596,0.0006702974444909929,0.0064516129032258064,1.167741935483871,2.3069962295768747,fing_x_face,0,0.001,face_C>li_V>face_G>ri_V,4,LR-P1-N2-rel,GP,frac07,0.05606818199157715
True,,,,,,0.0007346076735893237,0.024861878453038673,0.0007121910347716799,0.0,1.5612903225806452,3.5620444072056974,fing_x_face,0,0.001,face_C>li_V>face_G>ri_V,4,S1-Marcialis,rule,frac07,0.00871419906616211
False,,,,,,,,,,,,fing_x_face,0,0.001,face_C>li_V>ri_V>face_G,4,HYP,GP,frac07,0.10316061973571777
True,0.058301091816278995,0.0010000000000000438,0.05202972234187554,0.0027461458606130446,0.0009735569742061971,0.0009794768981190984,0.008287292817679558,0.0006284038542103058,0.0,1.167741935483871,2.946585672392124,fing_x_face,0,0.001,face_C>li_V>ri_V>face_G,4,MONO,GP,frac07,0.04767155647277832
True,0.05804842634870803,0.0010000000000002188,0.05207074506767594,0.0057256434763218456,0.0009623273730998614,0.0009871290613856537,0.013812154696132596,0.0006284038542103058,0.0,1.167741935483871,2.9183912861332217,fing_x_face,0,0.001,face_C>li_V>ri_V>face_G,4,LR-P1-N2,GP,frac07,0.05065155029296875
True,0.05354261598526016,0.001000000000000129,0.04797508028402844,0.0032768434359828156,0.0009388717685055737,0.0010406942042515419,0.011049723756906077,0.0005865102639296188,0.0,1.167741935483871,2.862379555927943,fing_x_face,0,0.001,face_C>li_V>ri_V>face_G,4,LR-P1-N2-rel,GP,frac07,0.05431675910949707
True,,,,,,0.000994781224652209,0.019337016574585635,0.0009216589861751152,0.0,1.5354838709677419,3.693967322999581,fing_x_face,0,0.001,face_C>li_V>ri_V>face_G,4,S1-Marcialis,rule,frac07,0.006218910217285156
False,,,,,,,,,,,,fing_x_face,0,0.001,face_C>ri_V>face_G>li_V,4,HYP,GP,frac07,0.23106861114501953
True,0.04889828143304145,0.0010000000000002774,0.04479728017963275,0.002340795686471995,0.000981905316620031,0.0009871290613856537,0.008287292817679558,0.0006284038542103058,0.0,1.1741935483870967,3.814453288646837,fing_x_face,0,0.001,face_C>ri_V>face_G>li_V,4,MONO,GP,frac07,0.05064034461975098
True,0.049887853009404286,0.0010000000000000625,0.04588852012159317,0.0023991712434654044,0.0009819047335494358,0.0009871290613856537,0.008287292817679558,0.0006284038542103058,0.0,1.1741935483870967,3.814411395056556,fing_x_face,0,0.001,face_C>ri_V>face_G>li_V,4,LR-P1-N2,GP,frac07,0.05990147590637207
True,0.04102817617808479,0.0010000000000007943,0.03796178378984433,0.009596438533761308,0.0009523461081441107,0.0010636506940512082,0.011049723756906077,0.0005865102639296188,0.0,1.1870967741935483,2.211101801424382,fing_x_face,0,0.001,face_C>ri_V>face_G>li_V,4,LR-P1-N2-rel,GP,frac07,0.05290794372558594
True,,,,,,0.0007652163266555455,0.019337016574585635,0.0009216589861751152,0.0,1.5483870967741935,3.815542521994135,fing_x_face,0,0.001,face_C>ri_V>face_G>li_V,4,S1-Marcialis,rule,frac07,0.005403280258178711
False,,,,,,,,,,,,fing_x_face,0,0.001,face_C>ri_V>li_V>face_G,4,HYP,GP,frac07,0.14653372764587402
True,0.04928989835264452,0.0010000000000022695,0.04479362562623916,0.003655390337588287,0.0009668517812918072,0.0010177377144518756,0.008287292817679558,0.0005865102639296188,0.0,1.1612903225806452,3.117930456640134,fing_x_face,0,0.001,face_C>ri_V>li_V>face_G,4,MONO,GP,frac07,0.057358503341674805
True,0.05018494042580644,0.0010000000000002383,0.045826022512862344,0.006494013894028247,0.0009520979685831776,0.0009871290613856537,0.013812154696132596,0.0005446166736489317,0.0,1.1612903225806452,3.0777545035609553,fing_x_face,0,0.001,face_C>ri_V>li_V>face_G,4,LR-P1-N2,GP,frac07,0.052227020263671875
True,0.04257940209484164,0.001000000000000352,0.038186607424465925,0.0048828528069249305,0.0009208174781215875,0.000994781224652209,0.011049723756906077,0.0005865102639296188,0.0,1.1806451612903226,2.6383326351068286,fing_x_face,0,0.001,face_C>ri_V>li_V>face_G,4,LR-P1-N2-rel,GP,frac07,0.049884796142578125
True,,,,,,0.000994781224652209,0.019337016574585635,0.0009216589861751152,0.0,1.5354838709677419,3.8310850439882698,fing_x_face,0,0.001,face_C>ri_V>li_V>face_G,4,S1-Marcialis,rule,frac07,0.0053288936614990234
False,,,,,,,,,,,,fing_x_face,0,0.001,face_G>face_C>li_V>ri_V,4,HYP,GP,frac07,0.11721205711364746
True,0.09084851636631804,0.0010000000000007765,0.0844641369142309,0.0020570119913401676,0.000980386273242863,0.0010330420409849865,0.011049723756906077,0.000795978215333054,0.0064516129032258064,1.3870967741935485,3.387431922915794,fing_x_face,0,0.001,face_G>face_C>li_V>ri_V,4,MONO,GP,frac07,0.055991411209106445
True,0.08658301816076336,0.0010000000000005668,0.08053268622801452,0.00216164025559105,0.000975206640257682,0.001025389877718431,0.011049723756906077,0.000795978215333054,0.0064516129032258064,1.3935483870967742,3.387431922915794,fing_x_face,0,0.001,face_G>face_C>li_V>ri_V,4,LR-P1-N2,GP,frac07,0.05061745643615723
True,0.054072337868485046,0.0010000000000001672,0.04948253568958445,0.018525114073791534,0.0009446605346939874,0.0014003458777796483,0.024861878453038673,0.0009635525764558023,0.012903225806451613,1.3290322580645162,2.008043569333892,fing_x_face,0,0.001,face_G>face_C>li_V>ri_V,4,LR-P1-N2-rel,GP,frac07,0.04860401153564453
True,,,,,,0.0007346076735893237,0.024861878453038673,0.0007121910347716799,0.0,1.6580645161290322,3.389191453707583,fing_x_face,0,0.001,face_G>face_C>li_V>ri_V,4,S1-Marcialis,rule,frac07,0.007330894470214844
False,,,,,,,,,,,,fing_x_face,0,0.001,face_G>face_C>ri_V>li_V,4,HYP,GP,frac07,0.08176827430725098
True,0.08783432491555088,0.0010000000000006982,0.0826599270318705,0.002221572950647381,0.000977170261359259,0.0010177377144518756,0.011049723756906077,0.0008378718056137411,0.0064516129032258064,1.4,3.5037704231252618,fing_x_face,0,0.001,face_G>face_C>ri_V>li_V,4,MONO,GP,frac07,0.05323624610900879
True,0.0839351560795778,0.0010000000000002622,0.07893700940672632,0.00506228449296558,0.000984311863772584,0.0010177377144518756,0.013812154696132596,0.0008797653958944282,0.0064516129032258064,1.4,3.4553414327607874,fing_x_face,0,0.001,face_G>face_C>ri_V>li_V,4,LR-P1-N2,GP,frac07,0.059693336486816406
True,0.04758854753986226,0.001000000000000963,0.04426610150617366,0.006160412728600062,0.000970229974274429,0.001193737469582651,0.013812154696132596,0.0008797653958944282,0.0064516129032258064,1.367741935483871,2.185672392124005,fing_x_face,0,0.001,face_G>face_C>ri_V>li_V,4,LR-P1-N2-rel,GP,frac07,0.056244611740112305
True,,,,,,0.0007652163266555455,0.019337016574585635,0.0009216589861751152,0.0,1.6451612903225807,3.505571847507331,fing_x_face,0,0.001,face_G>face_C>ri_V>li_V,4,S1-Marcialis,rule,frac07,0.0063059329986572266
False,,,,,,,,,,,,fing_x_face,0,0.001,face_G>li_V>face_C>ri_V,4,HYP,GP,frac07,0.10704398155212402
True,0.1024964011083329,0.0010000000000008333,0.09251055832907407,0.002246387698479421,0.0009577517577502613,0.0009641725715859873,0.011049723756906077,0.0009216589861751152,0.0,1.2,3.2596145789694178,fing_x_face,0,0.001,face_G>li_V>face_C>ri_V,4,MONO,GP,frac07,0.05149960517883301
True,0.09654304561087174,0.001000000000000058,0.08755213837572559,0.0022716280096982907,0.0009675703920766033,0.0009718247348525428,0.011049723756906077,0.0009635525764558023,0.0,1.2,3.2594888981985757,fing_x_face,0,0.001,face_G>li_V>face_C>ri_V,4,LR-P1-N2,GP,frac07,0.0562741756439209
True,0.0638775740708504,0.0010000000000000562,0.05803306514167408,0.018997624008567634,0.0009218850786419852,0.0010330420409849865,0.03591160220994475,0.0009635525764558023,0.0,1.2258064516129032,2.1911185588604942,fing_x_face,0,0.001,face_G>li_V>face_C>ri_V,4,LR-P1-N2-rel,GP,frac07,0.07818269729614258
True,,,,,,0.0007346076735893237,0.024861878453038673,0.0007121910347716799,0.0,1.4064516129032258,3.2617511520737326,fing_x_face,0,0.001,face_G>li_V>face_C>ri_V,4,S1-Marcialis,rule,frac07,0.010339975357055664
False,,,,,,,,,,,,fing_x_face,0,0.001,face_G>li_V>ri_V>face_C,4,HYP,GP,frac07,0.08922338485717773
True,0.10282978074105896,0.0010000000000001804,0.09235532559933944,0.0032668174234708755,0.0009304155610604758,0.0010024333879187647,0.008287292817679558,0.0010054461667364893,0.0,1.1935483870967742,2.6302890657729368,fing_x_face,0,0.001,face_G>li_V>ri_V>face_C,4,MONO,GP,frac07,0.06156134605407715
True,0.09677110585462256,0.001000000000000099,0.0873795042801951,0.0033064807696719565,0.0009329185271940664,0.0009871290613856537,0.008287292817679558,0.0010054461667364893,0.0,1.1935483870967742,2.6302890657729368,fing_x_face,0,0.001,face_G>li_V>ri_V>face_C,4,LR-P1-N2,GP,frac07,0.07332777976989746
True,0.061291862856540744,0.0010000000000000401,0.05527679651519267,0.004180877265468521,0.0009452710614303253,0.001124868000183652,0.013812154696132596,0.0009216589861751152,0.0,1.1935483870967742,2.563468789275241,fing_x_face,0,0.001,face_G>li_V>ri_V>face_C,4,LR-P1-N2-rel,GP,frac07,0.0699162483215332
True,,,,,,0.000994781224652209,0.013812154696132596,0.0005027230833682447,0.0,1.367741935483871,3.2552157519899456,fing_x_face,0,0.001,face_G>li_V>ri_V>face_C,4,S1-Marcialis,rule,frac07,0.010365486145019531
False,,,,,,,,,,,,fing_x_face,0,0.001,face_G>ri_V>face_C>li_V,4,HYP,GP,frac07,0.0761568546295166
True,0.08883684605055615,0.0010000000000004968,0.08326403229510468,0.0023419654616929357,0.000956814538474446,0.0009565204083194319,0.011049723756906077,0.000795978215333054,0.0064516129032258064,1.2258064516129032,3.3237536656891495,fing_x_face,0,0.001,face_G>ri_V>face_C>li_V,4,MONO,GP,frac07,0.053861379623413086
True,0.08457311121263093,0.0010000000000006956,0.07930723979186187,0.002268779041015032,0.0009860643982194115,0.0009871290613856537,0.011049723756906077,0.0008378718056137411,0.0064516129032258064,1.2258064516129032,3.4457478005865103,fing_x_face,0,0.001,face_G>ri_V>face_C>li_V,4,LR-P1-N2,GP,frac07,0.0576939582824707
True,0.046068888509500285,0.0010000000000002596,0.04287370672193292,0.007902171928407696,0.0009449935949327925,0.00109425934711743,0.0055248618784530384,0.0008797653958944282,0.0,1.2258064516129032,2.08965228320067,fing_x_face,0,0.001,face_G>ri_V>face_C>li_V,4,LR-P1-N2-rel,GP,frac07,0.04838418960571289
True,,,,,,0.0007652163266555455,0.019337016574585635,0.0009216589861751152,0.0,1.3806451612903226,3.49451193967323,fing_x_face,0,0.001,face_G>ri_V>face_C>li_V,4,S1-Marcialis,rule,frac07,0.006676912307739258
False,,,,,,,,,,,,fing_x_face,0,0.001,face_G>ri_V>li_V>face_C,4,HYP,GP,frac07,0.09907650947570801
True,0.09079095158326962,0.0010000000000012748,0.0839386004157024,0.0039595591478606695,0.0009613982960528765,0.0010559985307846528,0.013812154696132596,0.000795978215333054,0.0,1.2193548387096773,2.7745705906996228,fing_x_face,0,0.001,face_G>ri_V>li_V>face_C,4,MONO,GP,frac07,0.06091594696044922
True,0.08626564936687373,0.0010000000000003715,0.07988229784651042,0.00680953455523503,0.0009567740688862414,0.0010483463675180975,0.016574585635359115,0.000795978215333054,0.0,1.2193548387096773,2.7744868035190615,fing_x_face,0,0.001,face_G>ri_V>li_V>face_C,4,LR-P1-N2,GP,frac07,0.056299686431884766
True,0.0485108090556077,0.0010000000000008555,0.04381835978286322,0.005598267078775759,0.0008651067678761068,0.0009718247348525428,0.013812154696132596,0.000795978215333054,0.0,1.2258064516129032,2.5213657310431503,fing_x_face,0,0.001,face_G>ri_V>li_V>face_C,4,LR-P1-N2-rel,GP,frac07,0.04603290557861328
True,,,,,,0.000994781224652209,0.013812154696132596,0.0005027230833682447,0.0,1.3548387096774193,3.3715961457896944,fing_x_face,0,0.001,face_G>ri_V>li_V>face_C,4,S1-Marcialis,rule,frac07,0.007891416549682617
False,,,,,,,,,,,,fing_x_face,0,0.001,li_V>face_C>face_G>ri_V,4,HYP,GP,frac07,0.07210993766784668
True,0.10778610993563083,0.0010000000000004905,0.1010256517730371,0.002580319158862464,0.0009130798154735789,0.0009488682450528765,0.011049723756906077,0.0007121910347716799,0.0064516129032258064,1.1806451612903226,3.4108923334729786,fing_x_face,0,0.001,li_V>face_C>face_G>ri_V,4,MONO,GP,frac07,0.05013442039489746
True,0.10087454856890384,0.0010000000000000135,0.09452068780259654,0.00210079051452818,0.0009005674087516602,0.0009335639185197656,0.011049723756906077,0.0007121910347716799,0.0064516129032258064,1.1806451612903226,3.4108923334729786,fing_x_face,0,0.001,li_V>face_C>face_G>ri_V,4,LR-P1-N2,GP,frac07,0.05757260322570801
True,0.08927316796325076,0.00100000000000001,0.08409081886045588,0.003984308908180435,0.0009286147281863054,0.0016222586125097566,0.011049723756906077,0.0016338500209467951,0.0064516129032258064,1.1935483870967742,2.191076665270214,fing_x_face,0,0.001,li_V>face_C>face_G>ri_V,4,LR-P1-N2-rel,GP,frac07,0.05051898956298828
True,,,,,,0.0007346076735893237,0.024861878453038673,0.0007121910347716799,0.0064516129032258064,1.4387096774193548,3.4126518642647676,fing_x_face,0,0.001,li_V>face_C>face_G>ri_V,4,S1-Marcialis,rule,frac07,0.006968259811401367
False,,,,,,,,,,,,fing_x_face,0,0.001,li_V>face_C>ri_V>face_G,4,HYP,GP,frac07,0.09033083915710449
True,0.10623138813896998,0.0010000000000000926,0.10010627984582487,0.002621075646264635,0.0008705294631252891,0.0008953031021869882,0.011049723756906077,0.0006702974444909929,0.0064516129032258064,1.1806451612903226,2.841223292836196,fing_x_face,0,0.001,li_V>face_C>ri_V>face_G,4,MONO,GP,frac07,0.0695199966430664
True,0.09957813936454214,0.0010000000000000917,0.09373240379598156,0.002571528374944042,0.0008728782755438728,0.0009182595919866546,0.011049723756906077,0.0007121910347716799,0.0064516129032258064,1.1935483870967742,2.841223292836196,fing_x_face,0,0.001,li_V>face_C>ri_V>face_G,4,LR-P1-N2,GP,frac07,0.056611061096191406
True,0.08815253978884068,0.001000000000000263,0.08303836001549321,0.003503223824573684,0.0009352219792165345,0.0014156502043127593,0.013812154696132596,0.0010473397570171764,0.0064516129032258064,1.1935483870967742,2.330079597821533,fing_x_face,0,0.001,li_V>face_C>ri_V>face_G,4,LR-P1-N2-rel,GP,frac07,0.06823205947875977
True,,,,,,0.000994781224652209,0.019337016574585635,0.0009216589861751152,0.0064516129032258064,1.4129032258064516,3.544574780058651,fing_x_face,0,0.001,li_V>face_C>ri_V>face_G,4,S1-Marcialis,rule,frac07,0.009829998016357422
False,,,,,,,,,,,,fing_x_face,0,0.001,li_V>face_G>face_C>ri_V,4,HYP,GP,frac07,0.11047911643981934
True,0.11489105369340911,0.001000000000002447,0.10498370751903628,0.002058112586306107,0.0009129548925897687,0.0009718247348525428,0.011049723756906077,0.0008797653958944282,0.012903225806451613,1.1935483870967742,3.2713028906577293,fing_x_face,0,0.001,li_V>face_G>face_C>ri_V,4,MONO,GP,frac07,0.05383920669555664
True,0.10667688578696176,0.0010000000000002596,0.09776384178705562,0.0020823256755567667,0.0009269921847379225,0.0009871290613856537,0.011049723756906077,0.0008797653958944282,0.012903225806451613,1.1935483870967742,3.2713028906577293,fing_x_face,0,0.001,li_V>face_G>face_C>ri_V,4,LR-P1-N2,GP,frac07,0.055980682373046875
True,0.09051085492115443,0.0010000000000006956,0.08497935531989063,0.0051184080812540795,0.0009294416898564348,0.0014845196737117584,0.011049723756906077,0.0014243820695433599,0.0064516129032258064,1.1935483870967742,2.222077922077922,fing_x_face,0,0.001,li_V>face_G>face_C>ri_V,4,LR-P1-N2-rel,GP,frac07,0.04895281791687012
True,,,,,,0.0007346076735893237,0.024861878453038673,0.0007121910347716799,0.0064516129032258064,1.4129032258064516,3.273481357352325,fing_x_face,0,0.001,li_V>face_G>face_C>ri_V,4,S1-Marcialis,rule,frac07,0.007437944412231445
False,,,,,,,,,,,,fing_x_face,0,0.001,li_V>face_G>ri_V>face_C,4,HYP,GP,frac07,0.12470340728759766
True,0.11535856837094656,0.0010000000000008015,0.10495700480036319,0.00300242306708185,0.0008843996029424535,0.0009794768981190984,0.008287292817679558,0.0009216589861751152,0.0064516129032258064,1.1935483870967742,2.6788018433179723,fing_x_face,0,0.001,li_V>face_G>ri_V>face_C,4,MONO,GP,frac07,0.05845522880554199
True,0.10703383937907662,0.0010000000000001256,0.09771805242389987,0.002983981986985892,0.0008900160880771721,0.0009718247348525428,0.008287292817679558,0.0009216589861751152,0.0064516129032258064,1.1870967741935483,2.6788018433179723,fing_x_face,0,0.001,li_V>face_G>ri_V>face_C,4,LR-P1-N2,GP,frac07,0.060420989990234375
True,0.0899401261928549,0.0010000000000000215,0.08429397660179565,0.004320372611170507,0.0009246788932176681,0.0013238242451140937,0.011049723756906077,0.0009635525764558023,0.0064516129032258064,1.2,2.3548387096774195,fing_x_face,0,0.001,li_V>face_G>ri_V>face_C,4,LR-P1-N2-rel,GP,frac07,0.057115793228149414
True,,,,,,0.000994781224652209,0.013812154696132596,0.0005027230833682447,0.0064516129032258064,1.3741935483870968,3.266945957268538,fing_x_face,0,0.001,li_V>face_G>ri_V>face_C,4,S1-Marcialis,rule,frac07,0.008603572845458984
False,,,,,,,,,,,,fing_x_face,0,0.001,li_V>ri_V>face_C>face_G,4,HYP,GP,frac07,0.07458996772766113
True,0.10710262191062206,0.0010000000000006423,0.10048008970826369,0.0019483465817031146,0.0009366451273349791,0.0014309545308458702,0.008287292817679558,0.001466275659824047,0.0064516129032258064,1.2258064516129032,2.8653958944281523,fing_x_face,0,0.001,li_V>ri_V>face_C>face_G,4,MONO,GP,frac07,0.060272216796875
True,0.10011522866581628,0.0010000000000009613,0.09392720467737431,0.00183373795924999,0.0009655128889138109,0.0014921718369783137,0.008287292817679558,0.001550062840385421,0.0064516129032258064,1.2258064516129032,2.8504817762882277,fing_x_face,0,0.001,li_V>ri_V>face_C>face_G,4,LR-P1-N2,GP,frac07,0.06521463394165039
True,0.0874077195405215,0.0010000000000009567,0.0824356548404631,0.004620332606535047,0.0008762655014079448,0.002333909796299414,0.013812154696132596,0.00213657310431504,0.01935483870967742,1.206451612903226,2.161541684122329,fing_x_face,0,0.001,li_V>ri_V>face_C>face_G,4,LR-P1-N2-rel,GP,frac07,0.055028438568115234
True,,,,,,0.000994781224652209,0.019337016574585635,0.0009216589861751152,0.012903225806451613,1.4387096774193548,3.5373271889400923,fing_x_face,0,0.001,li_V>ri_V>face_C>face_G,4,S1-Marcialis,rule,frac07,0.0070400238037109375
False,,,,,,,,,,,,fing_x_face,0,0.001,li_V>ri_V>face_G>face_C,4,HYP,GP,frac07,0.08799934387207031
True,0.10828307503412903,0.0010000000000037225,0.10088925009606205,0.002006702572563796,0.0009352958993354107,0.0014156502043127593,0.008287292817679558,0.0013405948889819858,0.0064516129032258064,1.2258064516129032,2.893422706325932,fing_x_face,0,0.001,li_V>ri_V>face_G>face_C,4,MONO,GP,frac07,0.05981779098510742
True,0.10109190352668708,0.0010000000000004036,0.0942828220191621,0.0020610964215470973,0.0009381750358315576,0.001377389387979982,0.008287292817679558,0.0012568077084206116,0.0064516129032258064,1.2258064516129032,2.9040636782572267,fing_x_face,0,0.001,li_V>ri_V>face_G>face_C,4,LR-P1-N2,GP,frac07,0.06859087944030762
True,0.08784177227362833,0.0010000000000005057,0.0827261265814322,0.006466733347612201,0.000802332759095054,0.0020431275921703063,0.027624309392265192,0.0013405948889819858,0.01935483870967742,1.2129032258064516,2.0750733137829913,fing_x_face,0,0.001,li_V>ri_V>face_G>face_C,4,LR-P1-N2-rel,GP,frac07,0.0892636775970459
True,,,,,,0.000994781224652209,0.013812154696132596,0.0005027230833682447,0.012903225806451613,1.4258064516129032,3.3988688730624212,fing_x_face,0,0.001,li_V>ri_V>face_G>face_C,4,S1-Marcialis,rule,frac07,0.008340597152709961
False,,,,,,,,,,,,fing_x_face,0,0.001,ri_V>face_C>face_G>li_V,4,HYP,GP,frac07,0.15348243713378906
True,0.053923444525928614,0.0010000000000000198,0.04983061034297862,0.0021280286676566493,0.0009092009752310982,0.0009106074287200992,0.008287292817679558,0.0007121910347716799,0.012903225806451613,1.135483870967742,3.8022203602848763,fing_x_face,0,0.001,ri_V>face_C>face_G>li_V,4,MONO,GP,frac07,0.06311941146850586
True,0.05356832099099945,0.0010000000000011308,0.049577745253347176,0.0021280286676566493,0.000901577809587651,0.0009029552654535437,0.008287292817679558,0.0007121910347716799,0.012903225806451613,1.135483870967742,3.8022203602848763,fing_x_face,0,0.001,ri_V>face_C>face_G>li_V,4,LR-P1-N2,GP,frac07,0.05982565879821777
True,0.041963442767210896,0.0010000000000006354,0.03893958668527331,0.0030057705062893655,0.0009151578020958005,0.0018747800003060865,0.0027624309392265192,0.0016757436112274822,0.0064516129032258064,1.1290322580645162,2.2338919145370757,fing_x_face,0,0.001,ri_V>face_C>face_G>li_V,4,LR-P1-N2-rel,GP,frac07,0.048531532287597656
True,,,,,,0.0007652163266555455,0.019337016574585635,0.0009216589861751152,0.0064516129032258064,1.2903225806451613,3.8032677000418937,fing_x_face,0,0.001,ri_V>face_C>face_G>li_V,4,S1-Marcialis,rule,frac07,0.004662275314331055
False,,,,,,,,,,,,fing_x_face,0,0.001,ri_V>face_C>li_V>face_G,4,HYP,GP,frac07,0.06821918487548828
True,0.05439460064558956,0.0010000000000009665,0.04990546158871478,0.002906131372953922,0.0009167172375131833,0.0009718247348525428,0.008287292817679558,0.0007121910347716799,0.012903225806451613,1.1290322580645162,3.1594470046082948,fing_x_face,0,0.001,ri_V>face_C>li_V>face_G,4,MONO,GP,frac07,0.05487799644470215
True,0.05394851394511887,0.0010000000000001414,0.04959727866291686,0.003180739949417317,0.0008647280961338547,0.0009259117552532101,0.008287292817679558,0.0006702974444909929,0.0064516129032258064,1.1290322580645162,3.105613741097612,fing_x_face,0,0.001,ri_V>face_C>li_V>face_G,4,LR-P1-N2,GP,frac07,0.05298566818237305
True,0.0447194498519017,0.0010000000000007366,0.04056959732187838,0.006554239848145344,0.0008586612983780915,0.0011478244899833182,0.013812154696132596,0.0006284038542103058,0.012903225806451613,1.1096774193548387,2.1437369082530373,fing_x_face,0,0.001,ri_V>face_C>li_V>face_G,4,LR-P1-N2-rel,GP,frac07,0.05211186408996582
True,,,,,,0.000994781224652209,0.019337016574585635,0.0009216589861751152,0.0064516129032258064,1.2774193548387096,3.8188102220360283,fing_x_face,0,0.001,ri_V>face_C>li_V>face_G,4,S1-Marcialis,rule,frac07,0.006141185760498047
False,,,,,,,,,,,,fing_x_face,0,0.001,ri_V>face_G>face_C>li_V,4,HYP,GP,frac07,0.046350717544555664
True,0.05787443303443713,0.0010000000000004497,0.052303305798964764,0.002393290222999789,0.0009076155010798341,0.000941216081786321,0.008287292817679558,0.000795978215333054,0.012903225806451613,1.1096774193548387,3.592878089652283,fing_x_face,0,0.001,ri_V>face_G>face_C>li_V,4,MONO,GP,frac07,0.06365418434143066
True,0.05701231074579109,0.0010000000000000312,0.05174403437890225,0.001966640915803613,0.0009152882038450125,0.0009488682450528765,0.008287292817679558,0.000754084625052367,0.012903225806451613,1.1096774193548387,3.6422287390029324,fing_x_face,0,0.001,ri_V>face_G>face_C>li_V,4,LR-P1-N2,GP,frac07,0.05325746536254883
True,0.04316726140960808,0.0010000000000000616,0.039978951402952025,0.00677147283675581,0.0008949679550640365,0.0017599975513077548,0.008287292817679558,0.0010892333472978634,0.0064516129032258064,1.1290322580645162,2.212316715542522,fing_x_face,0,0.001,ri_V>face_G>face_C>li_V,4,LR-P1-N2-rel,GP,frac07,0.050664663314819336
True,,,,,,0.0007652163266555455,0.019337016574585635,0.0009216589861751152,0.0064516129032258064,1.2516129032258065,3.643359865940511,fing_x_face,0,0.001,ri_V>face_G>face_C>li_V,4,S1-Marcialis,rule,frac07,0.00615692138671875
False,,,,,,,,,,,,fing_x_face,0,0.001,ri_V>face_G>li_V>face_C,4,HYP,GP,frac07,0.16451048851013184
True,0.05994552942597825,0.0010000000000001583,0.053047454945010265,0.0035511356933004444,0.000882498157881814,0.0010024333879187647,0.013812154696132596,0.0006702974444909929,0.0064516129032258064,1.1096774193548387,2.9687054880603267,fing_x_face,0,0.001,ri_V>face_G>li_V>face_C,4,MONO,GP,frac07,0.057807207107543945
True,0.05882168329809828,0.0010000000000008342,0.052397728198435155,0.006212651624286561,0.0008600464889088424,0.0009871290613856537,0.016574585635359115,0.0007121910347716799,0.0064516129032258064,1.1096774193548387,2.8572685379136993,fing_x_face,0,0.001,ri_V>face_G>li_V>face_C,4,LR-P1-N2,GP,frac07,0.05654168128967285
True,0.046795828795590626,0.001000000000000835,0.04242476074531799,0.012914468912066306,0.0008431034007441037,0.001224346122648873,0.022099447513812154,0.0007121910347716799,0.012903225806451613,1.1225806451612903,1.9683703393380814,fing_x_face,0,0.001,ri_V>face_G>li_V>face_C,4,LR-P1-N2-rel,GP,frac07,0.08956432342529297
True,,,,,,0.000994781224652209,0.013812154696132596,0.0005027230833682447,0.0064516129032258064,1.2258064516129032,3.5204440720569754,fing_x_face,0,0.001,ri_V>face_G>li_V>face_C,4,S1-Marcialis,rule,frac07,0.007273674011230469
False,,,,,,,,,,,,fing_x_face,0,0.001,ri_V>li_V>face_C>face_G,4,HYP,GP,frac07,0.1322789192199707
True,0.059946559266633066,0.001000000000000725,0.05326275192471569,0.0019901985396078917,0.0007987778905633681,0.0012473026124485392,0.008287292817679558,0.0011730205278592375,0.0064516129032258064,1.1548387096774193,2.9837452869710934,fing_x_face,0,0.001,ri_V>li_V>face_C>face_G,4,MONO,GP,frac07,0.05495166778564453
True,0.058717368255312014,0.0010000000000000562,0.052471679027037435,0.0019901985396078917,0.0007943673262397028,0.001277911265514761,0.008287292817679558,0.0012149141181399246,0.0064516129032258064,1.1548387096774193,2.9712609970674486,fing_x_face,0,0.001,ri_V>li_V>face_C>face_G,4,LR-P1-N2,GP,frac07,0.05361771583557129
True,0.04863141646151193,0.0010000000000007596,0.04365184073921749,0.01144639844755371,0.0007388604674149708,0.0016834759186422,0.03038674033149171,0.001550062840385421,0.01935483870967742,1.135483870967742,2.19635525764558,fing_x_face,0,0.001,ri_V>li_V>face_C>face_G,4,LR-P1-N2-rel,GP,frac07,0.04850411415100098
True,,,,,,0.000994781224652209,0.019337016574585635,0.0009216589861751152,0.0064516129032258064,1.303225806451613,3.674444909928781,fing_x_face,0,0.001,ri_V>li_V>face_C>face_G,4,S1-Marcialis,rule,frac07,0.006424903869628906
False,,,,,,,,,,,,fing_x_face,0,0.001,ri_V>li_V>face_G>face_C,4,HYP,GP,frac07,0.12778019905090332
True,0.06114211585491186,0.0010000000000008715,0.05368259857444158,0.002157205265506081,0.0007697106918424226,0.001224346122648873,0.008287292817679558,0.0010054461667364893,0.0064516129032258064,1.1548387096774193,3.0078341013824885,fing_x_face,0,0.001,ri_V>li_V>face_G>face_C,4,MONO,GP,frac07,0.050763607025146484
True,0.0597100406010054,0.0010000000000003554,0.05283933315557345,0.002229771160260332,0.0007725450016868331,0.001193737469582651,0.008287292817679558,0.0009216589861751152,0.0064516129032258064,1.1548387096774193,3.017930456640134,fing_x_face,0,0.001,ri_V>li_V>face_G>face_C,4,LR-P1-N2,GP,frac07,0.05637788772583008
True,0.049121406035797205,0.0010000000000002659,0.04402592951446156,0.009171751896021851,0.0007812018937970109,0.0019742581227713074,0.03314917127071823,0.001466275659824047,0.01935483870967742,1.1419354838709677,2.2731881022203604,fing_x_face,0,0.001,ri_V>li_V>face_G>face_C,4,LR-P1-N2-rel,GP,frac07,0.046534061431884766
True,,,,,,0.000994781224652209,0.013812154696132596,0.0005027230833682447,0.0064516129032258064,1.2903225806451613,3.5359865940511104,fing_x_face,0,0.001,ri_V>li_V>face_G>face_C,4,S1-Marcialis,rule,frac07,0.0066301822662353516
True,,,,,,0.000994781224652209,0.03591160220994475,0.0009216589861751152,0.0064516129032258064,4.0,4.0,fing_x_face,0,0.001,parallel(face_C+face_G+li_V+ri_V),4,P0-Parallel,rule,frac07,0.0
