feasible,frr_pred_gp,far_model_gp,frr_pred_exact,frr_emp_model,far_emp_model,far_train,frr_train,far_test,frr_test,stages_gen,stages_imp,dataset,seed,alpha,order,n_stages,method,kind,tag,time,far_test_n05,frr_test_n05,far_test_n10,frr_test_n10
True,0.24948927184439884,0.010000000000000004,0.24948927184439884,0.07751937984496124,0.00998401351310585,0.009984013513105903,0.07751937984496124,0.006868995241088264,0.10038610038610038,1.0,1.0,fing_x_face,9,0.01,face_C,1,HYP,GP,main,0.0033948421478271484,0.007153332734728083,0.10038610038610038,0.008230822184310557,0.10038610038610038
True,0.09071348676421952,0.009999999999999995,0.09071348676421952,0.07751937984496124,0.00998401351310585,0.009984013513105903,0.07751937984496124,0.006868995241088264,0.10038610038610038,1.0,1.0,fing_x_face,9,0.01,face_C,1,MONO,GP,main,0.0027844905853271484,0.007153332734728083,0.10038610038610038,0.008230822184310557,0.10038610038610038
True,0.11273418314374721,0.010000000000000014,0.11273418314374721,0.07751937984496124,0.00998401351310585,0.009984013513105903,0.07751937984496124,0.006868995241088264,0.10038610038610038,1.0,1.0,fing_x_face,9,0.01,face_C,1,MONO-rel,GP,main,0.002917766571044922,0.007153332734728083,0.10038610038610038,0.008230822184310557,0.10038610038610038
True,0.08621209986986769,0.01000000000000004,0.08621209986986769,0.07751937984496124,0.00998401351310585,0.009984013513105903,0.07751937984496124,0.006868995241088264,0.10038610038610038,1.0,1.0,fing_x_face,9,0.01,face_C,1,LR-P1-N2,GP,main,0.0026226043701171875,0.007153332734728083,0.10038610038610038,0.008230822184310557,0.10038610038610038
True,0.1127341831437471,0.010000000000000004,0.1127341831437471,0.07751937984496124,0.00998401351310585,0.009984013513105903,0.07751937984496124,0.006868995241088264,0.10038610038610038,1.0,1.0,fing_x_face,9,0.01,face_C,1,LR-P1-N2-rel,GP,main,0.0023086071014404297,0.007153332734728083,0.10038610038610038,0.008230822184310557,0.10038610038610038
True,0.0959821301152733,0.01000000000000004,0.0959821301152733,0.07751937984496124,0.00998401351310585,0.009984013513105903,0.07751937984496124,0.006868995241088264,0.10038610038610038,1.0,1.0,fing_x_face,9,0.01,face_C,1,LR-P2-N2,GP,main,0.002914905548095703,0.007153332734728083,0.10038610038610038,0.008230822184310557,0.10038610038610038
True,0.12567839894426247,0.010000000000000004,0.12567839894426247,0.07751937984496124,0.00998401351310585,0.009984013513105903,0.07751937984496124,0.006868995241088264,0.10038610038610038,1.0,1.0,fing_x_face,9,0.01,face_C,1,LR-P2-N2-rel,GP,main,0.03522443771362305,0.007153332734728083,0.10038610038610038,0.008230822184310557,0.10038610038610038
True,0.08613105217520596,0.010000000000000049,0.08613105217520596,0.07751937984496124,0.00998401351310585,0.009984013513105903,0.07751937984496124,0.006868995241088264,0.10038610038610038,1.0,1.0,fing_x_face,9,0.01,face_C,1,LR-P1-N3,GP,main,0.0032689571380615234,0.007153332734728083,0.10038610038610038,0.008230822184310557,0.10038610038610038
True,0.09267119243733085,0.010000000000000004,0.09267119243733085,0.07751937984496124,0.00998401351310585,0.009984013513105903,0.07751937984496124,0.006868995241088264,0.10038610038610038,1.0,1.0,fing_x_face,9,0.01,face_C,1,NLS-N2,GP,main,0.0030879974365234375,0.007153332734728083,0.10038610038610038,0.008230822184310557,0.10038610038610038
True,0.08854067319041958,0.010000000000000031,0.08854067319041958,0.07751937984496124,0.00998401351310585,0.009984013513105903,0.07751937984496124,0.006868995241088264,0.10038610038610038,1.0,1.0,fing_x_face,9,0.01,face_C,1,DE-N2,GP,main,0.0029268264770507812,0.007153332734728083,0.10038610038610038,0.008230822184310557,0.10038610038610038
True,0.2246634651825886,0.010000000000000004,0.2246634651825886,0.07751937984496124,0.00998401351310585,0.009984013513105903,0.07751937984496124,0.006868995241088264,0.10038610038610038,1.0,1.0,fing_x_face,9,0.01,face_C,1,MAXMONO-K3,GP,main,0.003283977508544922,0.007153332734728083,0.10038610038610038,0.008230822184310557,0.10038610038610038
False,,,,,,,,,,,,fing_x_face,9,0.01,face_C,1,S1-Marcialis,rule,main,8.821487426757812e-06,,,,
False,,,,,,,,,,,,fing_x_face,9,0.01,face_C,1,S2-Symmetric,rule,main,1.430511474609375e-06,,,,
False,,,,,,,,,,,,fing_x_face,9,0.01,face_C,1,S4-Direct,rule,main,7.152557373046875e-07,,,,
True,0.9171010515727297,0.010000000000000004,0.9171010515727297,0.09302325581395349,0.009999095104515465,0.009999095104515429,0.09302325581395349,0.011642872107988388,0.11969111969111969,1.0,1.0,fing_x_face,9,0.01,face_G,1,HYP,GP,main,0.0027420520782470703,0.012017000389093412,0.1274131274131274,0.01300469905121068,0.11196911196911197
True,0.13374324112881517,0.009999999999999995,0.13374324112881517,0.09302325581395349,0.009999095104515465,0.009999095104515429,0.09302325581395349,0.011642872107988388,0.11969111969111969,1.0,1.0,fing_x_face,9,0.01,face_G,1,MONO,GP,main,0.0025320053100585938,0.012017000389093412,0.1274131274131274,0.01300469905121068,0.11196911196911197
True,0.12688511478234216,0.010000000000000004,0.12688511478234216,0.09302325581395349,0.009999095104515465,0.009999095104515429,0.09302325581395349,0.011642872107988388,0.11969111969111969,1.0,1.0,fing_x_face,9,0.01,face_G,1,MONO-rel,GP,main,0.0026776790618896484,0.012017000389093412,0.1274131274131274,0.01300469905121068,0.11196911196911197
True,0.13562630710438994,0.009999999999999978,0.13562630710438994,0.09302325581395349,0.009999095104515465,0.009999095104515429,0.09302325581395349,0.011642872107988388,0.11969111969111969,1.0,1.0,fing_x_face,9,0.01,face_G,1,LR-P1-N2,GP,main,0.0029952526092529297,0.012017000389093412,0.1274131274131274,0.01300469905121068,0.11196911196911197
True,0.1268851147823422,0.009999999999999986,0.1268851147823422,0.09302325581395349,0.009999095104515465,0.009999095104515429,0.09302325581395349,0.011642872107988388,0.11969111969111969,1.0,1.0,fing_x_face,9,0.01,face_G,1,LR-P1-N2-rel,GP,main,0.0024721622467041016,0.012017000389093412,0.1274131274131274,0.01300469905121068,0.11196911196911197
True,0.16051434443074403,0.010000000000000014,0.16051434443074403,0.09302325581395349,0.009999095104515465,0.009999095104515429,0.09302325581395349,0.011642872107988388,0.11969111969111969,1.0,1.0,fing_x_face,9,0.01,face_G,1,LR-P2-N2,GP,main,0.003020048141479492,0.012017000389093412,0.1274131274131274,0.01300469905121068,0.11196911196911197
True,0.13584047884131198,0.010000000000000111,0.13584047884131198,0.09302325581395349,0.009999095104515465,0.009999095104515429,0.09302325581395349,0.011642872107988388,0.11969111969111969,1.0,1.0,fing_x_face,9,0.01,face_G,1,LR-P2-N2-rel,GP,main,0.0030291080474853516,0.012017000389093412,0.1274131274131274,0.01300469905121068,0.11196911196911197
True,0.1356263075537915,0.01000000000000004,0.1356263075537915,0.09302325581395349,0.009999095104515465,0.009999095104515429,0.09302325581395349,0.011642872107988388,0.11969111969111969,1.0,1.0,fing_x_face,9,0.01,face_G,1,LR-P1-N3,GP,main,0.002856016159057617,0.012017000389093412,0.1274131274131274,0.01300469905121068,0.11196911196911197
True,0.13049851878047883,0.009999999999999995,0.13049851878047883,0.09302325581395349,0.009999095104515465,0.009999095104515429,0.09302325581395349,0.011642872107988388,0.11969111969111969,1.0,1.0,fing_x_face,9,0.01,face_G,1,NLS-N2,GP,main,0.0025675296783447266,0.012017000389093412,0.1274131274131274,0.01300469905121068,0.11196911196911197
True,0.13609431503918804,0.010000000000000004,0.13609431503918804,0.09302325581395349,0.009999095104515465,0.009999095104515429,0.09302325581395349,0.011642872107988388,0.11969111969111969,1.0,1.0,fing_x_face,9,0.01,face_G,1,DE-N2,GP,main,0.0026433467864990234,0.012017000389093412,0.1274131274131274,0.01300469905121068,0.11196911196911197
True,0.18449566618078508,0.009999999999999995,0.18449566618078508,0.09302325581395349,0.009999095104515465,0.009999095104515429,0.09302325581395349,0.011642872107988388,0.11969111969111969,1.0,1.0,fing_x_face,9,0.01,face_G,1,MAXMONO-K3,GP,main,0.0033445358276367188,0.012017000389093412,0.1274131274131274,0.01300469905121068,0.11196911196911197
False,,,,,,,,,,,,fing_x_face,9,0.01,face_G,1,S1-Marcialis,rule,main,6.9141387939453125e-06,,,,
False,,,,,,,,,,,,fing_x_face,9,0.01,face_G,1,S2-Symmetric,rule,main,1.430511474609375e-06,,,,
False,,,,,,,,,,,,fing_x_face,9,0.01,face_G,1,S4-Direct,rule,main,7.152557373046875e-07,,,,
False,,,,,,,,,,,,fing_x_face,9,0.01,li_V,1,HYP,GP,main,0.007887601852416992,,,,
True,0.14251931537436002,0.010000000000000004,0.14251931537436002,0.12790697674418605,0.007435224564896092,0.007435224564896088,0.12790697674418605,0.007811798509472928,0.12355212355212356,1.0,1.0,fing_x_face,9,0.01,li_V,1,MONO,GP,main,0.002327442169189453,0.009203555715183623,0.12355212355212356,0.009143695190206818,0.12355212355212356
True,0.18915513284483773,0.009999999999999995,0.18915513284483773,0.12790697674418605,0.007435224564896092,0.007435224564896088,0.12790697674418605,0.007811798509472928,0.12355212355212356,1.0,1.0,fing_x_face,9,0.01,li_V,1,MONO-rel,GP,main,0.002417325973510742,0.009203555715183623,0.12355212355212356,0.009143695190206818,0.12355212355212356
True,0.14224886382540788,0.010000000000000014,0.14224886382540788,0.12790697674418605,0.007435224564896092,0.007435224564896088,0.12790697674418605,0.007811798509472928,0.12355212355212356,1.0,1.0,fing_x_face,9,0.01,li_V,1,LR-P1-N2,GP,main,0.0030345916748046875,0.009203555715183623,0.12355212355212356,0.009143695190206818,0.12355212355212356
True,0.18915513284483743,0.010000000000000014,0.18915513284483743,0.12790697674418605,0.007435224564896092,0.007435224564896088,0.12790697674418605,0.007811798509472928,0.12355212355212356,1.0,1.0,fing_x_face,9,0.01,li_V,1,LR-P1-N2-rel,GP,main,0.00229644775390625,0.009203555715183623,0.12355212355212356,0.009143695190206818,0.12355212355212356
True,0.14186020200374425,0.010000000000000014,0.14186020200374425,0.12790697674418605,0.007435224564896092,0.007435224564896088,0.12790697674418605,0.007811798509472928,0.12355212355212356,1.0,1.0,fing_x_face,9,0.01,li_V,1,LR-P2-N2,GP,main,0.002719402313232422,0.009203555715183623,0.12355212355212356,0.009143695190206818,0.12355212355212356
True,0.2905892218304248,0.009999999999999853,0.2905892218304248,0.12790697674418605,0.007435224564896092,0.007435224564896088,0.12790697674418605,0.007811798509472928,0.12355212355212356,1.0,1.0,fing_x_face,9,0.01,li_V,1,LR-P2-N2-rel,GP,main,0.0030503273010253906,0.009203555715183623,0.12355212355212356,0.009143695190206818,0.12355212355212356
True,0.1436456226595404,0.010000000000000004,0.1436456226595404,0.12790697674418605,0.007435224564896092,0.007435224564896088,0.12790697674418605,0.007811798509472928,0.12355212355212356,1.0,1.0,fing_x_face,9,0.01,li_V,1,LR-P1-N3,GP,main,0.0029757022857666016,0.009203555715183623,0.12355212355212356,0.009143695190206818,0.12355212355212356
True,0.1408781572306063,0.010000000000000004,0.1408781572306063,0.12790697674418605,0.007435224564896092,0.007435224564896088,0.12790697674418605,0.007811798509472928,0.12355212355212356,1.0,1.0,fing_x_face,9,0.01,li_V,1,NLS-N2,GP,main,0.002897500991821289,0.009203555715183623,0.12355212355212356,0.009143695190206818,0.12355212355212356
True,0.14341036047107306,0.010000000000000023,0.14341036047107306,0.12790697674418605,0.007435224564896092,0.007435224564896088,0.12790697674418605,0.007811798509472928,0.12355212355212356,1.0,1.0,fing_x_face,9,0.01,li_V,1,DE-N2,GP,main,0.0028061866760253906,0.009203555715183623,0.12355212355212356,0.009143695190206818,0.12355212355212356
True,0.20939921017031543,0.009999999999999995,0.20939921017031543,0.12790697674418605,0.007435224564896092,0.007435224564896088,0.12790697674418605,0.007811798509472928,0.12355212355212356,1.0,1.0,fing_x_face,9,0.01,li_V,1,MAXMONO-K3,GP,main,0.0030891895294189453,0.009203555715183623,0.12355212355212356,0.009143695190206818,0.12355212355212356
False,,,,,,,,,,,,fing_x_face,9,0.01,li_V,1,S1-Marcialis,rule,main,5.4836273193359375e-06,,,,
False,,,,,,,,,,,,fing_x_face,9,0.01,li_V,1,S2-Symmetric,rule,main,4.291534423828125e-06,,,,
False,,,,,,,,,,,,fing_x_face,9,0.01,li_V,1,S4-Direct,rule,main,1.1920928955078125e-06,,,,
False,,,,,,,,,,,,fing_x_face,9,0.01,ri_V,1,HYP,GP,main,0.002876758575439453,,,,
True,0.0871725146706874,0.009999999999999995,0.0871725146706874,0.08139534883720931,0.008581425512020013,0.008581425512020029,0.08139534883720931,0.006898925503576667,0.06563706563706563,1.0,1.0,fing_x_face,9,0.01,ri_V,1,MONO,GP,main,0.0029325485229492188,0.008230822184310557,0.06563706563706563,0.008320612971775762,0.05791505791505792
True,0.09055487575545165,0.010000000000000023,0.09055487575545165,0.08139534883720931,0.008581425512020013,0.008581425512020029,0.08139534883720931,0.006898925503576667,0.06563706563706563,1.0,1.0,fing_x_face,9,0.01,ri_V,1,MONO-rel,GP,main,0.003469705581665039,0.008230822184310557,0.06563706563706563,0.008320612971775762,0.05791505791505792
True,0.08668400589043898,0.009999999999999986,0.08668400589043898,0.08139534883720931,0.008581425512020013,0.008581425512020029,0.08139534883720931,0.006898925503576667,0.06563706563706563,1.0,1.0,fing_x_face,9,0.01,ri_V,1,LR-P1-N2,GP,main,0.002875804901123047,0.008230822184310557,0.06563706563706563,0.008320612971775762,0.05791505791505792
True,0.09089739803821469,0.010000000000000014,0.09089739803821469,0.08139534883720931,0.008581425512020013,0.008581425512020029,0.08139534883720931,0.006898925503576667,0.06563706563706563,1.0,1.0,fing_x_face,9,0.01,ri_V,1,LR-P1-N2-rel,GP,main,0.002959012985229492,0.008230822184310557,0.06563706563706563,0.008320612971775762,0.05791505791505792
True,0.08711450151826976,0.010000000000000014,0.08711450151826976,0.08139534883720931,0.008581425512020013,0.008581425512020029,0.08139534883720931,0.006898925503576667,0.06563706563706563,1.0,1.0,fing_x_face,9,0.01,ri_V,1,LR-P2-N2,GP,main,0.0031766891479492188,0.008230822184310557,0.06563706563706563,0.008320612971775762,0.05791505791505792
True,0.09646226495892093,0.010000000000000031,0.09646226495892093,0.08139534883720931,0.008581425512020013,0.008581425512020029,0.08139534883720931,0.006898925503576667,0.06563706563706563,1.0,1.0,fing_x_face,9,0.01,ri_V,1,LR-P2-N2-rel,GP,main,0.003082752227783203,0.008230822184310557,0.06563706563706563,0.008320612971775762,0.05791505791505792
True,0.0866840058904377,0.010000000000000031,0.0866840058904377,0.08139534883720931,0.008581425512020013,0.008581425512020029,0.08139534883720931,0.006898925503576667,0.06563706563706563,1.0,1.0,fing_x_face,9,0.01,ri_V,1,LR-P1-N3,GP,main,0.002774953842163086,0.008230822184310557,0.06563706563706563,0.008320612971775762,0.05791505791505792
True,0.08745345549740606,0.010000000000000004,0.08745345549740606,0.08139534883720931,0.008581425512020013,0.008581425512020029,0.08139534883720931,0.006898925503576667,0.06563706563706563,1.0,1.0,fing_x_face,9,0.01,ri_V,1,NLS-N2,GP,main,0.0026175975799560547,0.008230822184310557,0.06563706563706563,0.008320612971775762,0.05791505791505792
True,0.08668510420050153,0.010000000000000014,0.08668510420050153,0.08139534883720931,0.008581425512020013,0.008581425512020029,0.08139534883720931,0.006898925503576667,0.06563706563706563,1.0,1.0,fing_x_face,9,0.01,ri_V,1,DE-N2,GP,main,0.002453327178955078,0.008230822184310557,0.06563706563706563,0.008320612971775762,0.05791505791505792
True,0.1287198712923549,0.010000000000000014,0.1287198712923549,0.08139534883720931,0.008581425512020013,0.008581425512020029,0.08139534883720931,0.006898925503576667,0.06563706563706563,1.0,1.0,fing_x_face,9,0.01,ri_V,1,MAXMONO-K3,GP,main,0.002639293670654297,0.008230822184310557,0.06563706563706563,0.008320612971775762,0.05791505791505792
False,,,,,,,,,,,,fing_x_face,9,0.01,ri_V,1,S1-Marcialis,rule,main,6.4373016357421875e-06,,,,
False,,,,,,,,,,,,fing_x_face,9,0.01,ri_V,1,S2-Symmetric,rule,main,7.152557373046875e-07,,,,
False,,,,,,,,,,,,fing_x_face,9,0.01,ri_V,1,S4-Direct,rule,main,9.5367431640625e-07,,,,
True,0.09556975277032184,0.010000000000000103,0.09099361529798443,0.033156060332912685,0.009510620632447368,0.023451874641812205,0.04263565891472868,0.018018018018018018,0.0694980694980695,1.0810810810810811,1.0367992577294902,fing_x_face,9,0.01,face_C>face_G,2,HYP,GP,main,0.008657217025756836,0.01803298314926222,0.0694980694980695,0.018826135105204873,0.08108108108108109
True,0.043788009323671086,0.010000000000001346,0.039677436824038556,0.008518117901568416,0.009948164880118297,0.011265948782915574,0.03488372093023256,0.010744964233336327,0.08108108108108109,1.1235521235521235,1.5960162820627937,fing_x_face,9,0.01,face_C>face_G,2,MONO,GP,main,0.009032726287841797,0.011149022776929753,0.07335907335907337,0.012480919457663643,0.0694980694980695
True,0.03935152720217045,0.010000000000007456,0.0367542565154908,0.01168799951925966,0.009930815795800754,0.011507254245467982,0.03875968992248062,0.01080482475831313,0.07722007722007722,1.1274131274131274,1.5802430337314057,fing_x_face,9,0.01,face_C>face_G,2,MONO-rel,GP,main,0.011761188507080078,0.011268743826883362,0.07335907335907337,0.01272036155757086,0.0694980694980695
True,0.04863678833375794,0.010000000000005671,0.043674065053069325,0.008518117901568416,0.00995327760010909,0.011326275148553675,0.03488372093023256,0.010715033970847925,0.07722007722007722,1.1274131274131274,1.5961360031127474,fing_x_face,9,0.01,face_C>face_G,2,LR-P1-N2,GP,main,0.009059667587280273,0.01123881356439496,0.07335907335907337,0.012540779982640448,0.0694980694980695
True,0.03935152720217114,0.010000000000007048,0.036754256515491426,0.01168799951925966,0.009930815795800754,0.011507254245467982,0.03875968992248062,0.01080482475831313,0.07722007722007722,1.1274131274131274,1.5802430337314057,fing_x_face,9,0.01,face_C>face_G,2,LR-P1-N2-rel,GP,main,0.008690357208251953,0.011268743826883362,0.07335907335907337,0.01272036155757086,0.0694980694980695
True,0.05148680427550996,0.010000000000000031,0.045811567028435814,0.010095547142599604,0.009961710699422862,0.011054806503182215,0.04263565891472868,0.010041603064858878,0.08108108108108109,1.1196911196911197,1.5956421537816887,fing_x_face,9,0.01,face_C>face_G,2,LR-P2-N2,GP,main,0.008669137954711914,0.01064020831462692,0.07335907335907337,0.012076860914070217,0.07335907335907337
True,0.040595893699856035,0.010000000000002713,0.03822314741044376,0.010786611381527552,0.00992160093571606,0.013965553645220643,0.03875968992248062,0.013034629313699081,0.07335907335907337,1.1235521235521235,1.3520547125198288,fing_x_face,9,0.01,face_C>face_G,2,LR-P2-N2-rel,GP,main,0.011729001998901367,0.013633234563467121,0.0694980694980695,0.014995061506689413,0.06563706563706563
True,0.04899281092868721,0.010000000000000023,0.0439753785971856,0.008518117901568416,0.009943666741915002,0.01131119355714415,0.03488372093023256,0.010715033970847925,0.07722007722007722,1.1274131274131274,1.5961360031127474,fing_x_face,9,0.01,face_C>face_G,2,LR-P1-N3,GP,main,0.010196685791015625,0.01123881356439496,0.07335907335907337,0.012525814851396247,0.0694980694980695
True,0.04271180932784208,0.010000000000009517,0.038853474182284735,0.008518117901568416,0.009939687654651145,0.011235785600096523,0.03488372093023256,0.010744964233336327,0.08108108108108109,1.1235521235521235,1.5960013169315495,fing_x_face,9,0.01,face_C>face_G,2,NLS-N2,GP,main,0.010352611541748047,0.011134057645685553,0.07335907335907337,0.012465954326419443,0.0694980694980695
True,0.04534408511315881,0.01000000000000306,0.04091206296060539,0.008518117901568416,0.009960887541951312,0.011296111965734624,0.03488372093023256,0.010744964233336327,0.08108108108108109,1.1235521235521235,1.5960761425877705,fing_x_face,9,0.01,face_C>face_G,2,DE-N2,GP,main,0.008580684661865234,0.011208883301906558,0.07335907335907337,0.012495884588907845,0.0694980694980695
True,0.09447376596053417,0.010000000000006195,0.08603103558413117,0.012724595877651583,0.009939884857615443,0.012397068138629988,0.04263565891472868,0.01020621950854509,0.07722007722007722,1.084942084942085,1.2005926191972704,fing_x_face,9,0.01,face_C>face_G,2,MAXMONO-K3,GP,main,0.012437820434570312,0.010984406333243543,0.07722007722007722,0.011747628026697795,0.07335907335907337
True,,,,,,0.009999095104515429,0.08914728682170543,0.011298674089371763,0.12355212355212356,1.5714285714285714,1.5994881925114484,fing_x_face,9,0.01,face_C>face_G,2,S1-Marcialis,rule,main,0.0030715465545654297,,,,
True,,,,,,0.009999095104515429,0.08914728682170543,0.011298674089371763,0.12355212355212356,1.5714285714285714,1.5994881925114484,fing_x_face,9,0.01,face_C>face_G,2,S2-Symmetric,rule,main,0.02761220932006836,,,,
True,,,,,,0.009999095104515429,0.03488372093023256,0.01022118463978929,0.08108108108108109,1.1505791505791505,1.7071473466822304,fing_x_face,9,0.01,face_C>face_G,2,S4-Direct,rule,main,0.45145678520202637,,,,
True,0.17292978996398878,0.01000000000000576,0.157946824981324,0.06351781743885583,0.008001288964065689,0.008581425512020029,0.06201550387596899,0.00577654066026159,0.08108108108108109,1.0617760617760619,1.017718715393134,fing_x_face,9,0.01,face_C>li_V,2,HYP,GP,main,0.007971525192260742,0.006689413666157852,0.07722007722007722,0.007961449821914938,0.07335907335907337
True,0.04434895607783367,0.010000000000000182,0.039934520195014186,0.01198846223183703,0.009574165705292056,0.009772871233372546,0.007751937984496124,0.007647182065786717,0.023166023166023165,1.111969111969112,1.5954775373380023,fing_x_face,9,0.01,face_C>li_V,2,MONO,GP,main,0.007948637008666992,0.008380473496752567,0.019305019305019305,0.009413067552602437,0.02702702702702703
True,0.04850660356933905,0.010000000000007243,0.044512818322014605,0.01529355207018809,0.009023798844045697,0.0092148523512201,0.011627906976744186,0.006973751159797671,0.023166023166023165,1.1235521235521235,1.5311125078566938,fing_x_face,9,0.01,face_C>li_V,2,MONO-rel,GP,main,0.008909463882446289,0.007826763640717129,0.019305019305019305,0.008784532040345993,0.02702702702702703
True,0.04882621374376303,0.010000000000000049,0.043575344741449404,0.011417583077940028,0.009709212205873792,0.009908605556058275,0.007751937984496124,0.00769207745951932,0.019305019305019305,1.1081081081081081,1.59543264194427,fing_x_face,9,0.01,face_C>li_V,2,LR-P1-N2,GP,main,0.010371208190917969,0.00845529915297357,0.019305019305019305,0.009547753733800245,0.02702702702702703
True,0.04850660356933892,0.010000000000007279,0.04451281832201447,0.01529355207018809,0.009023798844045697,0.0092148523512201,0.011627906976744186,0.006973751159797671,0.023166023166023165,1.1235521235521235,1.5311125078566938,fing_x_face,9,0.01,face_C>li_V,2,LR-P1-N2-rel,GP,main,0.011605978012084961,0.007826763640717129,0.019305019305019305,0.008784532040345993,0.02702702702702703
True,0.049124993072979434,0.010000000000004205,0.04410421783290918,0.01198846223183703,0.009664196705679917,0.009863360781829698,0.007751937984496124,0.00769207745951932,0.023166023166023165,1.111969111969112,1.59543264194427,fing_x_face,9,0.01,face_C>li_V,2,LR-P2-N2,GP,main,0.008221626281738281,0.008410403759240969,0.019305019305019305,0.009487893208823442,0.02702702702702703
True,0.06222871968763852,0.010000000000008008,0.05661207087784373,0.016029685716002644,0.0094512434340181,0.01046662443821072,0.015503875968992248,0.007003681422286074,0.03474903474903475,1.1081081081081081,1.1534823860405257,fing_x_face,9,0.01,face_C>li_V,2,LR-P2-N2-rel,GP,main,0.009633064270019531,0.007961449821914938,0.03088803088803089,0.00872467151536919,0.03861003861003861
True,0.04923146914965229,0.010000000000000049,0.04387043267827268,0.011417583077940028,0.009874269039918223,0.010074503061563055,0.007751937984496124,0.007871659034449733,0.019305019305019305,1.1081081081081081,1.5952530603693393,fing_x_face,9,0.01,face_C>li_V,2,LR-P1-N3,GP,main,0.013220548629760742,0.00856005507168298,0.019305019305019305,0.009712370177486456,0.02702702702702703
True,0.0432995403910619,0.010000000000000208,0.03909935956519643,0.011417583077940028,0.009829253539724348,0.01002925828733448,0.007751937984496124,0.007871659034449733,0.019305019305019305,1.1081081081081081,1.5952530603693393,fing_x_face,9,0.01,face_C>li_V,2,NLS-N2,GP,main,0.012375354766845703,0.008545089940438778,0.019305019305019305,0.009682439914998054,0.02702702702702703
True,0.04551759887921365,0.010000000000007251,0.040806614910880085,0.011417583077940028,0.009904279373380917,0.010104666244382107,0.007751937984496124,0.007871659034449733,0.019305019305019305,1.1081081081081081,1.5952530603693393,fing_x_face,9,0.01,face_C>li_V,2,DE-N2,GP,main,0.00963449478149414,0.00856005507168298,0.019305019305019305,0.009712370177486456,0.02702702702702703
True,0.09631279594979282,0.010000000000001808,0.08890403013870618,0.03934559221200649,0.009323524149460008,0.010074503061563055,0.03875968992248062,0.006449971566250636,0.05791505791505792,1.054054054054054,1.0325192301936488,fing_x_face,9,0.01,face_C>li_V,2,MAXMONO-K3,GP,main,0.014344215393066406,0.007273053784681692,0.05791505791505792,0.008320612971775762,0.0694980694980695
True,,,,,,0.007103429553886526,0.05813953488372093,0.00665948340366945,0.0694980694980695,1.5714285714285714,1.5994881925114484,fing_x_face,9,0.01,face_C>li_V,2,S1-Marcialis,rule,main,0.0030646324157714844,,,,
True,,,,,,0.007103429553886526,0.05813953488372093,0.00665948340366945,0.0694980694980695,1.5714285714285714,1.5994881925114484,fing_x_face,9,0.01,face_C>li_V,2,S2-Symmetric,rule,main,0.02928018569946289,,,,
True,,,,,,0.009199770759810575,0.007751937984496124,0.0063452156475412285,0.03861003861003861,1.2007722007722008,1.19029660890126,fing_x_face,9,0.01,face_C>li_V,2,S4-Direct,rule,main,0.4296257495880127,,,,
True,0.10064685840123479,0.010000000000002873,0.09557159523779317,0.036866774833243195,0.008716182235696972,0.010104666244382107,0.03488372093023256,0.006524797222471641,0.05405405405405406,1.0810810810810811,1.0346742090928138,fing_x_face,9,0.01,face_C>ri_V,2,HYP,GP,main,0.010041475296020508,0.007497530753344707,0.05405405405405406,0.008844392565322799,0.06177606177606178
True,0.03798767430195251,0.010000000000002118,0.03528543252523859,0.006610179676702121,0.009332886627449868,0.009863360781829698,0.007751937984496124,0.0067193439286462545,0.007722007722007722,1.1081081081081081,1.5952530603693393,fing_x_face,9,0.01,face_C>ri_V,2,MONO,GP,main,0.009119033813476562,0.007317949178414294,0.007722007722007722,0.008185926790577953,0.015444015444015444
True,0.03232867792109229,0.01000000000000299,0.030441065209283108,0.006610179676702121,0.009137647959325673,0.009667300093505866,0.007751937984496124,0.006554727484960043,0.007722007722007722,1.1081081081081081,1.59543264194427,fing_x_face,9,0.01,face_C>ri_V,2,MONO-rel,GP,main,0.008902311325073242,0.007228158390949088,0.007722007722007722,0.008006345215647541,0.015444015444015444
True,0.043013392736776665,0.010000000000001737,0.039813810732788626,0.006610179676702121,0.009122629600239214,0.00965221850209634,0.007751937984496124,0.006554727484960043,0.007722007722007722,1.1081081081081081,1.59543264194427,fing_x_face,9,0.01,face_C>ri_V,2,LR-P1-N2,GP,main,0.009483575820922852,0.007228158390949088,0.007722007722007722,0.00799138008440334,0.015444015444015444
True,0.03245489108530084,0.01000000000000108,0.0305610621655594,0.006940688660537228,0.009017501086633887,0.009561728953639189,0.007751937984496124,0.00650983209122744,0.011583011583011582,1.111969111969112,1.5954775373380023,fing_x_face,9,0.01,face_C>ri_V,2,LR-P1-N2-rel,GP,main,0.008932113647460938,0.007153332734728083,0.007722007722007722,0.007901589296938134,0.015444015444015444
True,0.042700469371175394,0.010000000000006231,0.039616255533788405,0.006610179676702121,0.009152666318412134,0.009682381684915392,0.007751937984496124,0.006554727484960043,0.007722007722007722,1.1081081081081081,1.59543264194427,fing_x_face,9,0.01,face_C>ri_V,2,LR-P2-N2,GP,main,0.010053396224975586,0.007228158390949088,0.007722007722007722,0.008021310346891743,0.015444015444015444
True,0.0324444189235146,0.010000000000001763,0.030795353274518746,0.006610179676702121,0.009122629600239214,0.00965221850209634,0.007751937984496124,0.006554727484960043,0.007722007722007722,1.1081081081081081,1.59543264194427,fing_x_face,9,0.01,face_C>ri_V,2,LR-P2-N2-rel,GP,main,0.0087738037109375,0.007228158390949088,0.007722007722007722,0.00799138008440334,0.015444015444015444
True,0.043373472339881924,0.010000000000001896,0.040138839042261856,0.006610179676702121,0.009122629600239214,0.00965221850209634,0.007751937984496124,0.006554727484960043,0.007722007722007722,1.1081081081081081,1.59543264194427,fing_x_face,9,0.01,face_C>ri_V,2,LR-P1-N3,GP,main,0.009569406509399414,0.007228158390949088,0.007722007722007722,0.00799138008440334,0.015444015444015444
True,0.03721194782352107,0.010000000000000297,0.034605567686111796,0.006610179676702121,0.009122629600239214,0.00965221850209634,0.007751937984496124,0.006554727484960043,0.007722007722007722,1.1081081081081081,1.59543264194427,fing_x_face,9,0.01,face_C>ri_V,2,NLS-N2,GP,main,0.01052093505859375,0.007228158390949088,0.007722007722007722,0.00799138008440334,0.015444015444015444
True,0.03948126605175508,0.010000000000001265,0.03663422005336257,0.006610179676702121,0.009167684677498593,0.009697463276324918,0.007751937984496124,0.006554727484960043,0.007722007722007722,1.1081081081081081,1.59543264194427,fing_x_face,9,0.01,face_C>ri_V,2,DE-N2,GP,main,0.008907556533813477,0.007228158390949088,0.007722007722007722,0.008021310346891743,0.015444015444015444
True,0.07745285961277756,0.010000000000001,0.07279965743682439,0.012619433928249504,0.009337394318738111,0.01019515579283926,0.011627906976744186,0.00636018077878543,0.02702702702702703,1.0810810810810811,1.1020472299542068,fing_x_face,9,0.01,face_C>ri_V,2,MAXMONO-K3,GP,main,0.013283967971801758,0.007467600490856305,0.03088803088803089,0.00812606626560115,0.03861003861003861
True,,,,,,0.00847585437215335,0.03875968992248062,0.006001017628924606,0.03088803088803089,1.5714285714285714,1.5994881925114484,fing_x_face,9,0.01,face_C>ri_V,2,S1-Marcialis,rule,main,0.00281524658203125,,,,
True,,,,,,0.00847585437215335,0.03875968992248062,0.006001017628924606,0.03088803088803089,1.5714285714285714,1.5994881925114484,fing_x_face,9,0.01,face_C>ri_V,2,S2-Symmetric,rule,main,0.026618003845214844,,,,
True,,,,,,0.008536180737791452,0.007751937984496124,0.005806470922749993,0.03474903474903475,1.196911196911197,1.113899613899614,fing_x_face,9,0.01,face_C>ri_V,2,S4-Direct,rule,main,0.4178588390350342,,,,
True,0.3322691483751333,0.009999999999999898,0.3046684516346493,0.05681749894838051,0.009859633259131566,0.014237022290592103,0.05813953488372093,0.013872676663374339,0.0888030888030888,1.057915057915058,1.0449552542575797,fing_x_face,9,0.01,face_G>face_C,2,HYP,GP,main,0.006964683532714844,0.014097153632037352,0.0888030888030888,0.015309329262817636,0.07722007722007722
True,0.06682852259806472,0.010000000000000066,0.06170517229170523,0.01051619494020792,0.009958064150490959,0.01033089011552499,0.04263565891472868,0.009398102421358235,0.08108108108108109,1.1544401544401544,1.8489868606147677,fing_x_face,9,0.01,face_G>face_C,2,MONO,GP,main,0.012901544570922852,0.009951812277393673,0.07722007722007722,0.01155308132052318,0.0694980694980695
True,0.046787525588414605,0.010000000000004925,0.0435847497003646,0.013791238507301243,0.009954301144906499,0.011145296051639369,0.04263565891472868,0.010086498458591482,0.08108108108108109,1.1544401544401544,1.7305528119481608,fing_x_face,9,0.01,face_G>face_C,2,MONO-rel,GP,main,0.012655258178710938,0.010879650414534136,0.07722007722007722,0.012301337882733231,0.0694980694980695
True,0.06793863388847543,0.010000000000000014,0.06290068842979261,0.010215732227630551,0.009958710120985325,0.010270563749886889,0.04263565891472868,0.009398102421358235,0.08108108108108109,1.1544401544401544,1.8488372093023255,fing_x_face,9,0.01,face_G>face_C,2,LR-P1-N2,GP,main,0.008442401885986328,0.010026637933614678,0.07722007722007722,0.01153811618927898,0.0694980694980695
True,0.046787525588414605,0.010000000000004925,0.0435847497003646,0.013791238507301243,0.009954301144906499,0.011145296051639369,0.04263565891472868,0.010086498458591482,0.08108108108108109,1.1544401544401544,1.7305528119481608,fing_x_face,9,0.01,face_G>face_C,2,LR-P1-N2-rel,GP,main,0.009621858596801758,0.010879650414534136,0.07722007722007722,0.012301337882733231,0.0694980694980695
True,0.09875911857520583,0.010000000000002882,0.09054322944343814,0.01051619494020792,0.009958554542176118,0.010451542846801195,0.04263565891472868,0.009143695190206818,0.08108108108108109,1.1544401544401544,1.849765047439466,fing_x_face,9,0.01,face_G>face_C,2,LR-P2-N2,GP,main,0.008680343627929688,0.00990691688366107,0.08494208494208494,0.011044266858220346,0.07335907335907337
True,0.04791246669169802,0.010000000000005395,0.044935350563181056,0.024517757346313323,0.009938049982975088,0.01428226706482068,0.050387596899224806,0.01287001287001287,0.07722007722007722,1.1428571428571428,1.4703391098739935,fing_x_face,9,0.01,face_G>face_C,2,LR-P2-N2-rel,GP,main,0.009496927261352539,0.013348897069827302,0.07335907335907337,0.014591002963095987,0.0694980694980695
True,0.06792511831379063,0.010000000000000014,0.06289224074812325,0.010215732227630551,0.009958710120985325,0.010270563749886889,0.04263565891472868,0.009398102421358235,0.08108108108108109,1.1544401544401544,1.8488372093023255,fing_x_face,9,0.01,face_G>face_C,2,LR-P1-N3,GP,main,0.00876927375793457,0.010026637933614678,0.07722007722007722,0.01153811618927898,0.0694980694980695
True,0.06389416077803561,0.010000000000001381,0.058960408693383926,0.01051619494020792,0.00996540069214501,0.010345971706934515,0.04263565891472868,0.009398102421358235,0.08108108108108109,1.1544401544401544,1.849016790877256,fing_x_face,9,0.01,face_G>face_C,2,NLS-N2,GP,main,0.008497238159179688,0.009936847146149471,0.07722007722007722,0.01155308132052318,0.0694980694980695
True,0.06886326070357211,0.010000000000000014,0.0636496567106582,0.01051619494020792,0.009955829865925242,0.01030072693270594,0.04263565891472868,0.009442997815090838,0.08108108108108109,1.1544401544401544,1.848941965221035,fing_x_face,9,0.01,face_G>face_C,2,DE-N2,GP,main,0.008495092391967773,0.009996707671126277,0.07722007722007722,0.01155308132052318,0.0694980694980695
True,0.14698809274271254,0.010000000000005867,0.13877797022865032,0.038218857039841354,0.009855546358482369,0.022592223931469247,0.05426356589147287,0.018452006824099847,0.06177606177606178,1.1544401544401544,1.1766484092065488,fing_x_face,9,0.01,face_G>face_C,2,MAXMONO-K3,GP,main,0.014224529266357422,0.018841100236449075,0.0694980694980695,0.02044236927957858,0.06177606177606178
True,,,,,,0.009999095104515429,0.06589147286821706,0.006839064978599862,0.0888030888030888,1.3822393822393821,1.8547634012750291,fing_x_face,9,0.01,face_G>face_C,2,S1-Marcialis,rule,main,0.0023984909057617188,,,,
True,,,,,,0.009984013513105903,0.04263565891472868,0.00917362545269522,0.08108108108108109,1.1544401544401544,1.585166561910748,fing_x_face,9,0.01,face_G>face_C,2,S2-Symmetric,rule,main,0.04109621047973633,,,,
True,,,,,,0.009999095104515429,0.03488372093023256,0.010236149771033492,0.07335907335907337,1.1312741312741312,1.6068510370835951,fing_x_face,9,0.01,face_G>face_C,2,S4-Direct,rule,main,0.508610725402832,,,,
True,1.1527152208305462,0.010000000000000031,0.8205271257469421,0.08608256715341626,0.009463643338058164,0.009606973727867764,0.08527131782945736,0.010894615545778337,0.10038610038610038,1.027027027027027,1.0069438208973092,fing_x_face,9,0.01,face_G>li_V,2,HYP,GP,main,0.005917787551879883,0.011104127383197151,0.09652509652509653,0.012301337882733231,0.10038610038610038
True,0.07456487232146594,0.010000000000000333,0.06652685839700487,0.018268132924704045,0.009946209227191916,0.010044339878744006,0.007751937984496124,0.011867349076651401,0.019305019305019305,1.1505791505791505,1.847684894196522,fing_x_face,9,0.01,face_G>li_V,2,MONO,GP,main,0.008885622024536133,0.012989733919966478,0.019305019305019305,0.01406722336954895,0.019305019305019305
True,0.05930953270556137,0.010000000000000129,0.05381939603409827,0.021573222763055105,0.009297235424881093,0.009365668265315355,0.011627906976744186,0.01108916225195295,0.019305019305019305,1.1505791505791505,1.7263775403310286,fing_x_face,9,0.01,face_G>li_V,2,MONO-rel,GP,main,0.01018381118774414,0.012046930651581814,0.019305019305019305,0.013184280626141092,0.019305019305019305
True,0.07636914303579842,0.010000000000001124,0.06807887889694096,0.018628688179796887,0.009186562710289274,0.009245015534039152,0.007751937984496124,0.01080482475831313,0.019305019305019305,1.138996138996139,1.8474304869653706,fing_x_face,9,0.01,face_G>li_V,2,LR-P1-N2,GP,main,0.013513326644897461,0.011867349076651401,0.019305019305019305,0.012825117476280267,0.019305019305019305
True,0.059309532705561156,0.0100000000000002,0.053819396034098105,0.021573222763055105,0.009297235424881093,0.009365668265315355,0.011627906976744186,0.01108916225195295,0.019305019305019305,1.1505791505791505,1.7263775403310286,fing_x_face,9,0.01,face_G>li_V,2,LR-P1-N2-rel,GP,main,0.011116504669189453,0.012046930651581814,0.019305019305019305,0.013184280626141092,0.019305019305019305
True,0.10669265934307227,0.010000000000003798,0.09449403141509866,0.018268132924704045,0.009436033558327332,0.009531565770820137,0.007751937984496124,0.011508185926790577,0.019305019305019305,1.1544401544401544,1.848044057346383,fing_x_face,9,0.01,face_G>li_V,2,LR-P2-N2,GP,main,0.007835626602172852,0.012690431295082457,0.019305019305019305,0.013543443776001916,0.019305019305019305
True,0.07377692996224207,0.010000000000003912,0.06626811313939207,0.038023556276666065,0.009652962505436964,0.009803034416191597,0.031007751937984496,0.011208883301906558,0.03088803088803089,1.135135135135135,1.2271108317619945,fing_x_face,9,0.01,face_G>li_V,2,LR-P2-N2-rel,GP,main,0.01155233383178711,0.012630570770105654,0.03088803088803089,0.013274071413606297,0.03088803088803089
True,0.07641666822915233,0.01000000000000283,0.06805843819660547,0.01742683732948741,0.009366851255646843,0.009425994630953458,0.007751937984496124,0.011178953039418156,0.019305019305019305,1.138996138996139,1.8470563586842657,fing_x_face,9,0.01,face_G>li_V,2,LR-P1-N3,GP,main,0.008735179901123047,0.01225644248900063,0.019305019305019305,0.013184280626141092,0.019305019305019305
True,0.07055991485348359,0.010000000000001247,0.06308289694217316,0.018628688179796887,0.009171538664842828,0.009245015534039152,0.007751937984496124,0.010789859627068929,0.019305019305019305,1.138996138996139,1.8474454520966148,fing_x_face,9,0.01,face_G>li_V,2,NLS-N2,GP,main,0.008692026138305664,0.011852383945407201,0.019305019305019305,0.012825117476280267,0.019305019305019305
True,0.07688246161950996,0.010000000000002047,0.06847458577778913,0.01742683732948741,0.009321779119307394,0.009380749856724881,0.007751937984496124,0.01107419712070875,0.019305019305019305,1.138996138996139,1.8471611146029752,fing_x_face,9,0.01,face_G>li_V,2,DE-N2,GP,main,0.00845956802368164,0.012196581964023824,0.019305019305019305,0.013124420101164287,0.019305019305019305
True,0.1594857066950436,0.010000000000000031,0.1337659936068805,0.028889489814314044,0.009499348447319705,0.009863360781829698,0.023255813953488372,0.011253778695639162,0.02702702702702703,1.1312741312741312,1.4969022178324505,fing_x_face,9,0.01,face_G>li_V,2,MAXMONO-K3,GP,main,0.013386964797973633,0.012241477357756428,0.02702702702702703,0.013049594444943281,0.03088803088803089
True,,,,,,0.008430609597924773,0.03875968992248062,0.00903893927149741,0.03861003861003861,1.3822393822393821,1.8547634012750291,fing_x_face,9,0.01,face_G>li_V,2,S1-Marcialis,rule,main,0.0019729137420654297,,,,
True,,,,,,0.0099236871474678,0.011627906976744186,0.011702732632965191,0.019305019305019305,1.1544401544401544,1.585166561910748,fing_x_face,9,0.01,face_G>li_V,2,S2-Symmetric,rule,main,0.037012338638305664,,,,
True,,,,,,0.00847585437215335,0.007751937984496124,0.009353207027625631,0.023166023166023165,1.196911196911197,1.9649516626260812,fing_x_face,9,0.01,face_G>li_V,2,S4-Direct,rule,main,0.4378631114959717,,,,
True,0.670891727978191,0.010000000000000085,0.5583678003108,0.0821615287542816,0.009568066743025247,0.009742708050553495,0.08139534883720931,0.010924545808266739,0.07722007722007722,1.0463320463320462,1.017494238424471,fing_x_face,9,0.01,face_G>ri_V,2,HYP,GP,main,0.006604671478271484,0.011178953039418156,0.08108108108108109,0.012376163538954236,0.08108108108108109
True,0.065053491586895,0.010000000000009952,0.06014887364122343,0.009915269515053182,0.009556798652076906,0.009637136910686815,0.007751937984496124,0.010475591870940708,0.003861003861003861,1.138996138996139,1.8472958007841729,fing_x_face,9,0.01,face_G>ri_V,2,MONO,GP,main,0.012961864471435547,0.01138846487683697,0.003861003861003861,0.012106791176558619,0.003861003861003861
True,0.04029539454406477,0.01000000000000694,0.037721017420060995,0.009584760531218076,0.009571817011163365,0.00965221850209634,0.007751937984496124,0.010565382658405915,0.003861003861003861,1.138996138996139,1.8472060099967076,fing_x_face,9,0.01,face_G>ri_V,2,MONO-rel,GP,main,0.009464740753173828,0.011448325401813774,0.003861003861003861,0.012196581964023824,0.003861003861003861
True,0.06707408548036813,0.010000000000007402,0.06202102032198406,0.010245778498888289,0.009466688497557928,0.009546647362229663,0.007751937984496124,0.010281045164766096,0.003861003861003861,1.138996138996139,1.8474903474903475,fing_x_face,9,0.01,face_G>ri_V,2,LR-P1-N2,GP,main,0.010015487670898438,0.011134057645685553,0.003861003861003861,0.011897279339139805,0.003861003861003861
True,0.04046562843335241,0.010000000000009286,0.03787843624869823,0.010245778498888289,0.009481706856644498,0.009561728953639189,0.007751937984496124,0.010325940558498697,0.003861003861003861,1.138996138996139,1.8474454520966148,fing_x_face,9,0.01,face_G>ri_V,2,LR-P1-N2-rel,GP,main,0.008128643035888672,0.011193918170662356,0.003861003861003861,0.011942174732872407,0.003861003861003861
True,0.09612688835722767,0.010000000000001737,0.08863530228122204,0.010576287482723394,0.008760825620493446,0.008852894157391489,0.007751937984496124,0.009802160964951663,0.003861003861003861,1.1544401544401544,1.8479841968214061,fing_x_face,9,0.01,face_G>ri_V,2,LR-P2-N2,GP,main,0.009790420532226562,0.010610278052138516,0.003861003861003861,0.011178953039418156,0.003861003861003861
True,0.04020731349531688,0.010000000000000004,0.037815314903649394,0.010245778498888289,0.009481706856644498,0.009561728953639189,0.007751937984496124,0.010325940558498697,0.003861003861003861,1.138996138996139,1.8474454520966148,fing_x_face,9,0.01,face_G>ri_V,2,LR-P2-N2-rel,GP,main,0.008195877075195312,0.011193918170662356,0.003861003861003861,0.011942174732872407,0.003861003861003861
True,0.06707408597744756,0.010000000000007413,0.062021020777425634,0.010245778498888289,0.009466688497557928,0.009546647362229663,0.007751937984496124,0.010281045164766096,0.003861003861003861,1.138996138996139,1.8474903474903475,fing_x_face,9,0.01,face_G>ri_V,2,LR-P1-N3,GP,main,0.009780168533325195,0.011134057645685553,0.003861003861003861,0.011897279339139805,0.003861003861003861
True,0.06193645307558724,0.010000000000001114,0.05728849055291085,0.010576287482723394,0.009301486547606652,0.009395831448134407,0.007751937984496124,0.010131393852324085,0.003861003861003861,1.1505791505791505,1.8476399988027894,fing_x_face,9,0.01,face_G>ri_V,2,NLS-N2,GP,main,0.008626937866210938,0.010909580677022537,0.003861003861003861,0.011777558289186196,0.003861003861003861
True,0.0675193570417486,0.010000000000007074,0.06242974455569947,0.010245778498888289,0.00945167013847147,0.009531565770820137,0.007751937984496124,0.010281045164766096,0.003861003861003861,1.138996138996139,1.8474903474903475,fing_x_face,9,0.01,face_G>ri_V,2,DE-N2,GP,main,0.00914621353149414,0.011134057645685553,0.003861003861003861,0.011897279339139805,0.003861003861003861
True,0.14284944054059057,0.010000000000000075,0.12624236357458515,0.014121747491136349,0.00923291086580957,0.0092148523512201,0.011627906976744186,0.01020621950854509,0.003861003861003861,1.1544401544401544,1.649785998623208,fing_x_face,9,0.01,face_G>ri_V,2,MAXMONO-K3,GP,main,0.015517234802246094,0.01108916225195295,0.003861003861003861,0.011807488551674598,0.003861003861003861
True,,,,,,0.009637136910686815,0.023255813953488372,0.007796833378228727,0.011583011583011582,1.3822393822393821,1.8547634012750291,fing_x_face,9,0.01,face_G>ri_V,2,S1-Marcialis,rule,main,0.0022711753845214844,,,,
True,,,,,,0.009365668265315355,0.011627906976744186,0.00975726557121906,0.003861003861003861,1.1544401544401544,1.585166561910748,fing_x_face,9,0.01,face_G>ri_V,2,S2-Symmetric,rule,main,0.04175305366516113,,,,
True,,,,,,0.009968931921696378,0.003875968992248062,0.010849720152045734,0.003861003861003861,1.1312741312741312,1.9583520397473886,fing_x_face,9,0.01,face_G>ri_V,2,S4-Direct,rule,main,0.4547104835510254,,,,
False,,,,,,,,,,,,fing_x_face,9,0.01,li_V>face_C,2,HYP,GP,main,0.010031938552856445,,,,
True,0.08568462761031613,0.010000000000002235,0.07869201085630802,0.012619433928249504,0.009040374810859507,0.009003710071486743,0.007751937984496124,0.0070186465535302745,0.011583011583011582,1.1467181467181466,1.9583520397473886,fing_x_face,9,0.01,li_V>face_C,2,MONO,GP,main,0.008141756057739258,0.007707042590763521,0.011583011583011582,0.0088892879590554,0.015444015444015444
True,0.08658210782992144,0.01000000000000299,0.07935216201155149,0.015594014782765458,0.009304749608421096,0.009395831448134407,0.011627906976744186,0.00754242614707731,0.011583011583011582,1.1312741312741312,1.8456945317410434,fing_x_face,9,0.01,li_V>face_C,2,MONO-rel,GP,main,0.009326934814453125,0.008844392565322799,0.011583011583011582,0.009951812277393673,0.015444015444015444
True,0.09073910465328806,0.010000000000002713,0.083580053760513,0.012619433928249504,0.009156452979254043,0.009109281211353421,0.007751937984496124,0.007048576816018676,0.011583011583011582,1.1467181467181466,1.9583520397473886,fing_x_face,9,0.01,li_V>face_C,2,LR-P1-N2,GP,main,0.008027791976928711,0.007766903115740325,0.011583011583011582,0.008934183352788004,0.015444015444015444
True,0.08658210782992125,0.010000000000003041,0.07935216201155132,0.015594014782765458,0.009304749608421096,0.009395831448134407,0.011627906976744186,0.00754242614707731,0.011583011583011582,1.1312741312741312,1.8456945317410434,fing_x_face,9,0.01,li_V>face_C,2,LR-P1-N2-rel,GP,main,0.008803606033325195,0.008844392565322799,0.011583011583011582,0.009951812277393673,0.015444015444015444
True,0.09200320477804164,0.010000000000001523,0.08406390023210851,0.012619433928249504,0.009112923666106026,0.009079118028534372,0.007751937984496124,0.007048576816018676,0.011583011583011582,1.1467181467181466,1.9583520397473886,fing_x_face,9,0.01,li_V>face_C,2,LR-P2-N2,GP,main,0.007792949676513672,0.007766903115740325,0.011583011583011582,0.008934183352788004,0.015444015444015444
True,0.10702700722941882,0.010000000000002758,0.10008288589146792,0.06565110269815516,0.008111235416760032,0.008581425512020029,0.06201550387596899,0.007288018915925893,0.04633204633204633,1.0926640926640927,1.3626200951782348,fing_x_face,9,0.01,li_V>face_C,2,LR-P2-N2-rel,GP,main,0.008886575698852539,0.00903893927149741,0.03861003861003861,0.009936847146149471,0.03861003861003861
True,0.09532726372562328,0.010000000000001851,0.08778348283610275,0.012619433928249504,0.009301550689747294,0.009260097125448678,0.007751937984496124,0.007138367603483882,0.011583011583011582,1.1467181467181466,1.9583520397473886,fing_x_face,9,0.01,li_V>face_C,2,LR-P1-N3,GP,main,0.008347511291503906,0.00784172877196133,0.011583011583011582,0.009068869533985812,0.015444015444015444
True,0.08812502273146361,0.010000000000008745,0.08077950521272423,0.012619433928249504,0.009301550689747294,0.009260097125448678,0.007751937984496124,0.007138367603483882,0.011583011583011582,1.1467181467181466,1.9583520397473886,fing_x_face,9,0.01,li_V>face_C,2,NLS-N2,GP,main,0.008076667785644531,0.00784172877196133,0.011583011583011582,0.009068869533985812,0.015444015444015444
True,0.09479750604386812,0.0100000000000002,0.08712719980759845,0.012619433928249504,0.009359589773944615,0.009305341899677255,0.007751937984496124,0.007153332734728083,0.011583011583011582,1.1467181467181466,1.9583520397473886,fing_x_face,9,0.01,li_V>face_C,2,DE-N2,GP,main,0.009841203689575195,0.007886624165693933,0.011583011583011582,0.009098799796474216,0.015444015444015444
True,0.10697758807257708,0.01000000000000059,0.10146592655351891,0.07190072711976445,0.009212704499326103,0.010481706029620246,0.06976744186046512,0.00844033402172937,0.06177606177606178,1.0926640926640927,1.1751070006883961,fing_x_face,9,0.01,li_V>face_C,2,MAXMONO-K3,GP,main,0.012222051620483398,0.010370835952231301,0.05405405405405406,0.011493220795546377,0.06177606177606178
True,,,,,,0.009999095104515429,0.023255813953488372,0.006794169584867259,0.03088803088803089,1.3436293436293436,1.9613001706024962,fing_x_face,9,0.01,li_V>face_C,2,S1-Marcialis,rule,main,0.0017616748809814453,,,,
True,,,,,,0.009999095104515429,0.023255813953488372,0.006794169584867259,0.03088803088803089,1.3436293436293436,1.9613001706024962,fing_x_face,9,0.01,li_V>face_C,2,S2-Symmetric,rule,main,0.009216785430908203,,,,
True,,,,,,0.009999095104515429,0.011627906976744186,0.0074077399658795005,0.011583011583011582,1.1583011583011582,1.8486725928586394,fing_x_face,9,0.01,li_V>face_C,2,S4-Direct,rule,main,0.41713595390319824,,,,
False,,,,,,,,,,,,fing_x_face,9,0.01,li_V>face_G,2,HYP,GP,main,0.018795013427734375,,,,
True,0.0930996553463737,0.010000000000004028,0.08283295725154405,0.018628688179796887,0.009569339577844553,0.00965221850209634,0.007751937984496124,0.01108916225195295,0.019305019305019305,1.1312741312741312,1.9572895154290504,fing_x_face,9,0.01,li_V>face_G,2,MONO,GP,main,0.008234500885009766,0.012346233276465834,0.019305019305019305,0.013408757594804106,0.019305019305019305
True,0.08975020017254395,0.010000000000005324,0.08162599755156721,0.018628688179796887,0.009540353698997063,0.00962205531927729,0.007751937984496124,0.01107419712070875,0.019305019305019305,1.1312741312741312,1.9572895154290504,fing_x_face,9,0.01,li_V>face_G,2,MONO-rel,GP,main,0.009429454803466797,0.012286372751489031,0.019305019305019305,0.013363862201071504,0.019305019305019305
True,0.09931907443029585,0.010000000000001372,0.08807185777171739,0.01682591190433267,0.009844705426896132,0.0099236871474678,0.007751937984496124,0.011583011583011582,0.019305019305019305,1.1312741312741312,1.9572895154290504,fing_x_face,9,0.01,li_V>face_G,2,LR-P1-N2,GP,main,0.008596420288085938,0.012884978001257071,0.019305019305019305,0.013842746400885935,0.019305019305019305
True,0.08975020017254427,0.01000000000000521,0.08162599755156749,0.018628688179796887,0.009540353698997063,0.00962205531927729,0.007751937984496124,0.01107419712070875,0.019305019305019305,1.1312741312741312,1.9572895154290504,fing_x_face,9,0.01,li_V>face_G,2,LR-P1-N2-rel,GP,main,0.008590459823608398,0.012286372751489031,0.019305019305019305,0.013363862201071504,0.019305019305019305
True,0.10237605310628894,0.010000000000000049,0.08921177083242718,0.019229613604951627,0.009062086698012842,0.009124362802762947,0.007751937984496124,0.010700068839603723,0.019305019305019305,1.1312741312741312,1.9572895154290504,fing_x_face,9,0.01,li_V>face_G,2,LR-P2-N2,GP,main,0.014667749404907227,0.011927209601628207,0.019305019305019305,0.012825117476280267,0.019305019305019305
True,0.11122788378719417,0.010000000000064815,0.10331008977555448,0.04254552010095547,0.008732959272199928,0.009064036437124846,0.03875968992248062,0.009951812277393673,0.04247104247104247,1.1081081081081081,1.5079315195594265,fing_x_face,9,0.01,li_V>face_G,2,LR-P2-N2-rel,GP,main,0.017327070236206055,0.011642872107988388,0.04247104247104247,0.012540779982640448,0.03861003861003861
True,0.10394017392634103,0.01000000000000004,0.09207369239816461,0.017667207499549305,0.00890978687141556,0.009003710071486743,0.007751937984496124,0.010715033970847925,0.019305019305019305,1.1467181467181466,1.9583520397473886,fing_x_face,9,0.01,li_V>face_G,2,LR-P1-N3,GP,main,0.018239974975585938,0.011523151058034779,0.019305019305019305,0.012525814851396247,0.019305019305019305
True,0.09446701438329948,0.010000000000009774,0.08416017637558733,0.01682591190433267,0.009815719548048536,0.00989352396464875,0.007751937984496124,0.011523151058034779,0.019305019305019305,1.1312741312741312,1.9572895154290504,fing_x_face,9,0.01,li_V>face_G,2,NLS-N2,GP,main,0.013218879699707031,0.012884978001257071,0.019305019305019305,0.013842746400885935,0.019305019305019305
True,0.10298022334198292,0.010000000000000103,0.09121645588049902,0.017667207499549305,0.008866257558267542,0.008958465297258167,0.007751937984496124,0.010685103708359522,0.019305019305019305,1.1467181467181466,1.9583520397473886,fing_x_face,9,0.01,li_V>face_G,2,DE-N2,GP,main,0.016318798065185547,0.011523151058034779,0.019305019305019305,0.012525814851396247,0.019305019305019305
True,0.12007742185594994,0.010000000000006363,0.10612028101138875,0.03474851270957274,0.009160054264760513,0.009365668265315355,0.027131782945736434,0.010700068839603723,0.03861003861003861,1.1042471042471043,1.6783693992996318,fing_x_face,9,0.01,li_V>face_G,2,MAXMONO-K3,GP,main,0.016690731048583984,0.012450989195175241,0.03088803088803089,0.013289036544850499,0.03474903474903475
True,,,,,,0.009999095104515429,0.023255813953488372,0.011657837239232588,0.03088803088803089,1.3436293436293436,1.9613001706024962,fing_x_face,9,0.01,li_V>face_G,2,S1-Marcialis,rule,main,0.0018239021301269531,,,,
True,,,,,,0.009999095104515429,0.023255813953488372,0.011657837239232588,0.03088803088803089,1.3436293436293436,1.9613001706024962,fing_x_face,9,0.01,li_V>face_G,2,S2-Symmetric,rule,main,0.010102510452270508,,,,
True,,,,,,0.009999095104515429,0.011627906976744186,0.011373499745592769,0.019305019305019305,1.1467181467181466,1.8467570560593816,fing_x_face,9,0.01,li_V>face_G,2,S4-Direct,rule,main,0.44650864601135254,,,,
False,,,,,,,,,,,,fing_x_face,9,0.01,li_V>ri_V,2,HYP,GP,main,0.02389693260192871,,,,
True,0.08381516369833182,0.010000000000001105,0.0771944661737903,0.012559341385734031,0.009091203590594473,0.009033873254305795,0.04263565891472868,0.009218520846427823,0.04247104247104247,1.1235521235521235,1.955703211517165,fing_x_face,9,0.01,li_V>ri_V,2,MONO,GP,main,0.007406473159790039,0.010924545808266739,0.04247104247104247,0.01096944120199934,0.04247104247104247
True,0.07693745011583435,0.010000000000000803,0.07124966917363373,0.012559341385734031,0.009091203590594473,0.009033873254305795,0.04263565891472868,0.009218520846427823,0.04247104247104247,1.1235521235521235,1.955703211517165,fing_x_face,9,0.01,li_V>ri_V,2,MONO-rel,GP,main,0.0072100162506103516,0.010924545808266739,0.04247104247104247,0.01096944120199934,0.04247104247104247
True,0.0899423474159767,0.010000000000000085,0.08280980028239844,0.013220359353404243,0.007844679786416564,0.007797182758724701,0.04263565891472868,0.007632216934542516,0.04247104247104247,1.1312741312741312,1.9572895154290504,fing_x_face,9,0.01,li_V>ri_V,2,LR-P1-N2,GP,main,0.008727073669433594,0.009128730058962618,0.04247104247104247,0.009233485977672025,0.04247104247104247
True,0.07718185250891109,0.010000000000000493,0.07146319074147892,0.012559341385734031,0.009091203590594473,0.009033873254305795,0.04263565891472868,0.009218520846427823,0.04247104247104247,1.1235521235521235,1.955703211517165,fing_x_face,9,0.01,li_V>ri_V,2,LR-P1-N2-rel,GP,main,0.0072994232177734375,0.010924545808266739,0.04247104247104247,0.01096944120199934,0.04247104247104247
True,0.08943224119635051,0.01000000000000051,0.08230816470918559,0.013220359353404243,0.007844679786416564,0.007797182758724701,0.04263565891472868,0.007632216934542516,0.04247104247104247,1.1312741312741312,1.9572895154290504,fing_x_face,9,0.01,li_V>ri_V,2,LR-P2-N2,GP,main,0.007982254028320312,0.009128730058962618,0.04247104247104247,0.009233485977672025,0.04247104247104247
True,0.08938507368791168,0.010000000000000599,0.08384390000892819,0.012559341385734031,0.009091203590594473,0.009033873254305795,0.04263565891472868,0.009218520846427823,0.04247104247104247,1.1235521235521235,1.955703211517165,fing_x_face,9,0.01,li_V>ri_V,2,LR-P2-N2-rel,GP,main,0.008476972579956055,0.010924545808266739,0.04247104247104247,0.01096944120199934,0.04247104247104247
True,0.09459761499961246,0.010000000000000023,0.08706495153954223,0.013220359353404243,0.007844679786416564,0.007797182758724701,0.04263565891472868,0.007632216934542516,0.04247104247104247,1.1312741312741312,1.9572895154290504,fing_x_face,9,0.01,li_V>ri_V,2,LR-P1-N3,GP,main,0.008039474487304688,0.009128730058962618,0.04247104247104247,0.009233485977672025,0.04247104247104247
True,0.086150734030053,0.010000000000000023,0.07929074714862472,0.013220359353404243,0.007844679786416564,0.007797182758724701,0.04263565891472868,0.007632216934542516,0.04247104247104247,1.1312741312741312,1.9572895154290504,fing_x_face,9,0.01,li_V>ri_V,2,NLS-N2,GP,main,0.008490324020385742,0.009128730058962618,0.04247104247104247,0.009233485977672025,0.04247104247104247
True,0.09356063178923461,0.010000000000000502,0.08611912511225316,0.013220359353404243,0.007844679786416564,0.007797182758724701,0.04263565891472868,0.007632216934542516,0.04247104247104247,1.1312741312741312,1.9572895154290504,fing_x_face,9,0.01,li_V>ri_V,2,DE-N2,GP,main,0.009096860885620117,0.009128730058962618,0.04247104247104247,0.009233485977672025,0.04247104247104247
True,0.10801360574739155,0.010000000000001185,0.09975247126303603,0.0721110510185686,0.007807485988110692,0.009742708050553495,0.08139534883720931,0.009727335308730658,0.06177606177606178,1.084942084942085,1.253120229864416,fing_x_face,9,0.01,li_V>ri_V,2,MAXMONO-K3,GP,main,0.014589786529541016,0.013139385232408488,0.06177606177606178,0.012914908263745473,0.05791505791505792
True,,,,,,0.008355201640877146,0.06976744186046512,0.0068240998473556615,0.05791505791505792,1.3436293436293436,1.9613001706024962,fing_x_face,9,0.01,li_V>ri_V,2,S1-Marcialis,rule,main,0.0015957355499267578,,,,
True,,,,,,0.008355201640877146,0.06976744186046512,0.0068240998473556615,0.05791505791505792,1.3436293436293436,1.9613001706024962,fing_x_face,9,0.01,li_V>ri_V,2,S2-Symmetric,rule,main,0.009007453918457031,,,,
True,,,,,,0.009380749856724881,0.03875968992248062,0.009517823471311844,0.04633204633204633,1.1235521235521235,1.8418933884050164,fing_x_face,9,0.01,li_V>ri_V,2,S4-Direct,rule,main,0.4203932285308838,,,,
False,,,,,,,,,,,,fing_x_face,9,0.01,ri_V>face_C,2,HYP,GP,main,0.018667936325073242,,,,
True,0.05608006200161532,0.010000000000002021,0.05143108942299889,0.00691064238927949,0.009707217885699435,0.009712544867734443,0.007751937984496124,0.0068240998473556615,0.0,1.0733590733590734,1.997396067163509,fing_x_face,9,0.01,ri_V>face_C,2,MONO,GP,main,0.008272409439086914,0.007766903115740325,0.0,0.00857502020292718,0.003861003861003861
True,0.04586016883131935,0.010000000000006878,0.04176612766430246,0.00691064238927949,0.009511757449535781,0.009516484179410612,0.007751937984496124,0.006644518272425249,0.0,1.0733590733590734,1.997396067163509,fing_x_face,9,0.01,ri_V>face_C,2,MONO-rel,GP,main,0.00791311264038086,0.007677112328275119,0.0,0.008395438627996767,0.003861003861003861
True,0.05483477356250099,0.010000000000011213,0.05048217712185058,0.00691064238927949,0.009496722031369363,0.009501402588001086,0.007751937984496124,0.006644518272425249,0.0,1.0733590733590734,1.997396067163509,fing_x_face,9,0.01,ri_V>face_C,2,LR-P1-N2,GP,main,0.011718034744262695,0.007677112328275119,0.0,0.008380473496752567,0.003861003861003861
True,0.04504688159668507,0.010000000000004205,0.04106938697998711,0.0072561745087434655,0.009391474104204328,0.009395831448134407,0.007751937984496124,0.006599622878692646,0.003861003861003861,1.0733590733590734,1.997396067163509,fing_x_face,9,0.01,ri_V>face_C,2,LR-P1-N2-rel,GP,main,0.008337259292602539,0.0076022866720541135,0.0,0.00829068270928736,0.003861003861003861
True,0.05652059809454994,0.010000000000000217,0.05161537135810051,0.00691064238927949,0.009526792867702197,0.009531565770820137,0.007751937984496124,0.006644518272425249,0.0,1.0733590733590734,1.997396067163509,fing_x_face,9,0.01,ri_V>face_C,2,LR-P2-N2,GP,main,0.008061647415161133,0.007677112328275119,0.0,0.008410403759240969,0.003861003861003861
True,0.04585591155080772,0.010000000000003104,0.04215167378389635,0.02121266750796226,0.00792363898900272,0.008581425512020029,0.023255813953488372,0.00636018077878543,0.011583011583011582,1.0617760617760619,1.4655652330070934,fing_x_face,9,0.01,ri_V>face_C,2,LR-P2-N2-rel,GP,main,0.014967203140258789,0.00797641495315914,0.011583011583011582,0.008500194546706174,0.011583011583011582
True,0.05482634034616039,0.01000000000002141,0.050477993522430646,0.00691064238927949,0.009496722031369363,0.009501402588001086,0.007751937984496124,0.006644518272425249,0.0,1.0733590733590734,1.997396067163509,fing_x_face,9,0.01,ri_V>face_C,2,LR-P1-N3,GP,main,0.007874488830566406,0.007677112328275119,0.0,0.008380473496752567,0.003861003861003861
True,0.052463732400728734,0.01000000000000004,0.04808278150241185,0.00691064238927949,0.009496722031369363,0.009501402588001086,0.007751937984496124,0.006644518272425249,0.0,1.0733590733590734,1.997396067163509,fing_x_face,9,0.01,ri_V>face_C,2,NLS-N2,GP,main,0.007822990417480469,0.007677112328275119,0.0,0.008380473496752567,0.003861003861003861
True,0.05512056308864236,0.010000000000000049,0.05064500087897548,0.00691064238927949,0.009541828285868616,0.009546647362229663,0.007751937984496124,0.006644518272425249,0.0,1.0733590733590734,1.997396067163509,fing_x_face,9,0.01,ri_V>face_C,2,DE-N2,GP,main,0.00796055793762207,0.007677112328275119,0.0,0.008410403759240969,0.003861003861003861
True,0.08936373328275878,0.010000000000000316,0.08450516324527206,0.03461330448891293,0.007263919558498935,0.009018791662896269,0.03488372093023256,0.00665948340366945,0.03474903474903475,1.0386100386100385,1.1058034778965011,fing_x_face,9,0.01,ri_V>face_C,2,MAXMONO-K3,GP,main,0.013469457626342773,0.008111101134356948,0.03474903474903475,0.008904253090299602,0.03088803088803089
True,,,,,,0.009984013513105903,0.011627906976744186,0.006868995241088264,0.015444015444015444,1.166023166023166,2.0,fing_x_face,9,0.01,ri_V>face_C,2,S1-Marcialis,rule,main,0.0014333724975585938,,,,
True,,,,,,0.009999095104515429,0.007751937984496124,0.007572356409565712,0.011583011583011582,1.0656370656370657,1.9931010744964233,fing_x_face,9,0.01,ri_V>face_C,2,S2-Symmetric,rule,main,0.009771585464477539,,,,
True,,,,,,0.009999095104515429,0.011627906976744186,0.006764239322378857,0.015444015444015444,1.135135135135135,1.9411571039478017,fing_x_face,9,0.01,ri_V>face_C,2,S4-Direct,rule,main,0.41237831115722656,,,,
False,,,,,,,,,,,,fing_x_face,9,0.01,ri_V>face_G,2,HYP,GP,main,0.023198366165161133,,,,
True,0.06057838488493242,0.010000000000000652,0.053759631581209916,0.010365963583919236,0.009150907413541312,0.009124362802762947,0.007751937984496124,0.01007153332734728,0.003861003861003861,1.0733590733590734,1.997396067163509,fing_x_face,9,0.01,ri_V>face_G,2,MONO,GP,main,0.008192300796508789,0.011149022776929753,0.003861003861003861,0.011807488551674598,0.003861003861003861
True,0.047365022391710046,0.010000000000000066,0.04278240508190964,0.010020431464455262,0.00916594283170773,0.009139444394172472,0.007751937984496124,0.010161324114812487,0.003861003861003861,1.0733590733590734,1.997396067163509,fing_x_face,9,0.01,ri_V>face_G,2,MONO-rel,GP,main,0.008903980255126953,0.011208883301906558,0.003861003861003861,0.011897279339139805,0.003861003861003861
True,0.06009512863117643,0.010000000000000635,0.05326672951814557,0.01071149570338321,0.009060694904542584,0.009033873254305795,0.007751937984496124,0.009876986621172668,0.003861003861003861,1.0733590733590734,1.997396067163509,fing_x_face,9,0.01,ri_V>face_G,2,LR-P1-N2,GP,main,0.008696317672729492,0.010894615545778337,0.003861003861003861,0.011597976714255784,0.003861003861003861
True,0.046556912174452326,0.010000000000004268,0.04210609023707641,0.01071149570338321,0.009075730322709112,0.00904895484571532,0.007751937984496124,0.009921882014905271,0.003861003861003861,1.0733590733590734,1.997396067163509,fing_x_face,9,0.01,ri_V>face_G,2,LR-P1-N2-rel,GP,main,0.010433435440063477,0.01095447607075514,0.003861003861003861,0.011642872107988388,0.003861003861003861
True,0.06288556570875894,0.01000000000000656,0.054776474481876086,0.010576287482723394,0.00947914481028916,0.00945615781377251,0.007751937984496124,0.01049055700218491,0.003861003861003861,1.0694980694980696,1.996288647451438,fing_x_face,9,0.01,ri_V>face_G,2,LR-P2-N2,GP,main,0.00884699821472168,0.011463290533057975,0.003861003861003861,0.012002035257849212,0.003861003861003861
True,0.04706936146470567,0.01000000000000537,0.04284598914194589,0.019139474791178415,0.008369685254670581,0.00904895484571532,0.015503875968992248,0.008844392565322799,0.011583011583011582,1.0656370656370657,1.6363024153721828,fing_x_face,9,0.01,ri_V>face_G,2,LR-P2-N2-rel,GP,main,0.01167154312133789,0.010625243183382718,0.007722007722007722,0.011298674089371763,0.011583011583011582
True,0.06009512867164804,0.010000000000000626,0.05326672953688921,0.01071149570338321,0.009060694904542584,0.009033873254305795,0.007751937984496124,0.009876986621172668,0.003861003861003861,1.0733590733590734,1.997396067163509,fing_x_face,9,0.01,ri_V>face_G,2,LR-P1-N3,GP,main,0.009251594543457031,0.010894615545778337,0.003861003861003861,0.011597976714255784,0.003861003861003861
True,0.05642824209350515,0.010000000000006018,0.050300087478910536,0.011057027822847185,0.008895305304711765,0.008867975748801013,0.007751937984496124,0.009727335308730658,0.003861003861003861,1.0733590733590734,1.997396067163509,fing_x_face,9,0.01,ri_V>face_G,2,NLS-N2,GP,main,0.008311033248901367,0.010670138577115322,0.003861003861003861,0.011478255664302175,0.003861003861003861
True,0.060119961075194225,0.010000000000000866,0.05327161404389754,0.01071149570338321,0.009045659486376166,0.009018791662896269,0.007751937984496124,0.009876986621172668,0.003861003861003861,1.0733590733590734,1.997396067163509,fing_x_face,9,0.01,ri_V>face_G,2,DE-N2,GP,main,0.008048772811889648,0.010894615545778337,0.003861003861003861,0.011597976714255784,0.003861003861003861
True,0.09854649679900557,0.01000000000000314,0.0851571921806866,0.02388678564990085,0.008981463211585964,0.009365668265315355,0.023255813953488372,0.008739636646613392,0.015444015444015444,1.054054054054054,1.4631857771392656,fing_x_face,9,0.01,ri_V>face_G,2,MAXMONO-K3,GP,main,0.014220714569091797,0.010415731345963904,0.015444015444015444,0.011059231989464548,0.015444015444015444
True,,,,,,0.009999095104515429,0.007751937984496124,0.011642872107988388,0.007722007722007722,1.166023166023166,2.0,fing_x_face,9,0.01,ri_V>face_G,2,S1-Marcialis,rule,main,0.0014231204986572266,,,,
True,,,,,,0.009999095104515429,0.007751937984496124,0.00903893927149741,0.003861003861003861,1.0656370656370657,1.9931010744964233,fing_x_face,9,0.01,ri_V>face_G,2,S2-Symmetric,rule,main,0.009843111038208008,,,,
True,,,,,,0.009999095104515429,0.007751937984496124,0.01138846487683697,0.011583011583011582,1.138996138996139,1.9412468947352668,fing_x_face,9,0.01,ri_V>face_G,2,S4-Direct,rule,main,0.49821925163269043,,,,
False,,,,,,,,,,,,fing_x_face,9,0.01,ri_V>li_V,2,HYP,GP,main,0.03828549385070801,,,,
True,0.061034036367342934,0.010000000000014971,0.05382406557713664,0.012559341385734031,0.009238851064905476,0.00918468916840105,0.04263565891472868,0.009248451108916225,0.04247104247104247,1.0694980694980696,1.996288647451438,fing_x_face,9,0.01,ri_V>li_V,2,MONO,GP,main,0.016251802444458008,0.010939510939510939,0.04247104247104247,0.010984406333243543,0.04247104247104247
True,0.05450984555394909,0.010000000000001941,0.047764461880423895,0.012559341385734031,0.009238851064905476,0.00918468916840105,0.04263565891472868,0.009248451108916225,0.04247104247104247,1.0694980694980696,1.996288647451438,fing_x_face,9,0.01,ri_V>li_V,2,MONO-rel,GP,main,0.011894941329956055,0.010939510939510939,0.04247104247104247,0.010984406333243543,0.04247104247104247
True,0.06014451040867437,0.010000000000002136,0.05306066267013085,0.013220359353404243,0.007992327260727568,0.007947998672819956,0.04263565891472868,0.007662147197030918,0.04247104247104247,1.0694980694980696,1.996288647451438,fing_x_face,9,0.01,ri_V>li_V,2,LR-P1-N2,GP,main,0.01174163818359375,0.009143695190206818,0.04247104247104247,0.009248451108916225,0.04247104247104247
True,0.05374939202455062,0.010000000000009784,0.04720227245340589,0.012559341385734031,0.009238851064905476,0.00918468916840105,0.04263565891472868,0.009248451108916225,0.04247104247104247,1.0694980694980696,1.996288647451438,fing_x_face,9,0.01,ri_V>li_V,2,LR-P1-N2-rel,GP,main,0.011082172393798828,0.010939510939510939,0.04247104247104247,0.010984406333243543,0.04247104247104247
True,0.06072005590983417,0.01000000000000099,0.053575817895660446,0.013220359353404243,0.007992327260727568,0.007947998672819956,0.04263565891472868,0.007662147197030918,0.04247104247104247,1.0694980694980696,1.996288647451438,fing_x_face,9,0.01,ri_V>li_V,2,LR-P2-N2,GP,main,0.009168386459350586,0.009143695190206818,0.04247104247104247,0.009248451108916225,0.04247104247104247
True,0.06411852416390049,0.010000000000000404,0.05611244455264239,0.0341025178775314,0.008121369192618477,0.010707929900763129,0.05426356589147287,0.009727335308730658,0.05019305019305019,1.05019305019305,1.226856424530843,fing_x_face,9,0.01,ri_V>li_V,2,LR-P2-N2-rel,GP,main,0.008873939514160156,0.012929873394989674,0.05019305019305019,0.012795187213791866,0.05019305019305019
True,0.060181483303204636,0.010000000000008025,0.053043456914705356,0.013220359353404243,0.007992327260727568,0.007947998672819956,0.04263565891472868,0.007662147197030918,0.04247104247104247,1.0694980694980696,1.996288647451438,fing_x_face,9,0.01,ri_V>li_V,2,LR-P1-N3,GP,main,0.009644031524658203,0.009143695190206818,0.04247104247104247,0.009248451108916225,0.04247104247104247
True,0.0568448308258259,0.010000000000003601,0.0503118055224252,0.013220359353404243,0.007992327260727568,0.007947998672819956,0.04263565891472868,0.007662147197030918,0.04247104247104247,1.0694980694980696,1.996288647451438,fing_x_face,9,0.01,ri_V>li_V,2,NLS-N2,GP,main,0.007163524627685547,0.009143695190206818,0.04247104247104247,0.009248451108916225,0.04247104247104247
True,0.06015796406994079,0.010000000000000075,0.05303146243014596,0.013220359353404243,0.007992327260727568,0.007947998672819956,0.04263565891472868,0.007662147197030918,0.04247104247104247,1.0694980694980696,1.996288647451438,fing_x_face,9,0.01,ri_V>li_V,2,DE-N2,GP,main,0.007707118988037109,0.009143695190206818,0.04247104247104247,0.009248451108916225,0.04247104247104247
True,0.10256834477022064,0.010000000000031322,0.09091115968395112,0.037107145003305086,0.006597472481768404,0.008430609597924773,0.05813953488372093,0.00754242614707731,0.05405405405405406,1.0347490347490347,1.1046960581844303,fing_x_face,9,0.01,ri_V>li_V,2,MAXMONO-K3,GP,main,0.01986217498779297,0.009637544521265452,0.05405405405405406,0.009547753733800245,0.05405405405405406
True,,,,,,0.007435224564896088,0.05813953488372093,0.007811798509472928,0.06563706563706563,1.166023166023166,2.0,fing_x_face,9,0.01,ri_V>li_V,2,S1-Marcialis,rule,main,0.0015239715576171875,,,,
True,,,,,,0.009606973727867764,0.04263565891472868,0.008275717578043159,0.04633204633204633,1.0656370656370657,1.9931010744964233,fing_x_face,9,0.01,ri_V>li_V,2,S2-Symmetric,rule,main,0.01114034652709961,,,,
True,,,,,,0.008867975748801013,0.03875968992248062,0.008979078746520607,0.04633204633204633,1.0694980694980696,1.9398401723983119,fing_x_face,9,0.01,ri_V>li_V,2,S4-Direct,rule,main,0.42861247062683105,,,,
True,0.07956634925682358,0.010000000000000066,0.07322239552835462,0.032511113626612895,0.008674214508056124,0.019862455886345127,0.04263565891472868,0.014995061506689413,0.05791505791505792,1.1081081081081081,1.0590224776271289,fing_x_face,9,0.01,face_C>face_G>li_V,3,HYP,GP,main,0.025527000427246094,0.015563736493969051,0.04633204633204633,0.016925563437191343,0.07335907335907337
True,0.03654326213275484,0.010000000000008353,0.033592506477504634,0.002003084750515794,0.009407062136449342,0.0099236871474678,0.0,0.00872467151536919,0.015444015444015444,1.193050193050193,2.1181946065666994,fing_x_face,9,0.01,face_C>face_G>li_V,3,MONO,GP,main,0.024616241455078125,0.009413067552602437,0.015444015444015444,0.010939510939510939,0.023166023166023165
True,0.02800872834038983,0.0100000000000033,0.025986917052104874,0.0024333985966295073,0.009614401089258153,0.010843664223448858,0.007751937984496124,0.01005656819610308,0.019305019305019305,1.2084942084942085,1.9497919846757057,fing_x_face,9,0.01,face_C>face_G>li_V,3,MONO-rel,GP,main,0.031937360763549805,0.010729999102092125,0.015444015444015444,0.012076860914070217,0.02702702702702703
True,0.041821077963812084,0.010000000000001025,0.038458103414782806,0.002003084750515794,0.009509571745327326,0.010059421470153531,0.0,0.008844392565322799,0.015444015444015444,1.193050193050193,2.118074885516746,fing_x_face,9,0.01,face_C>face_G>li_V,3,LR-P1-N2,GP,main,0.03448224067687988,0.009592649127532849,0.015444015444015444,0.011149022776929753,0.023166023166023165
True,0.028008728340388436,0.01000000000000385,0.025986917052103584,0.0024333985966295073,0.009614401089258153,0.010843664223448858,0.007751937984496124,0.01005656819610308,0.019305019305019305,1.2084942084942085,1.9497919846757057,fing_x_face,9,0.01,face_C>face_G>li_V,3,LR-P1-N2-rel,GP,main,0.03363490104675293,0.010729999102092125,0.015444015444015444,0.012076860914070217,0.02702702702702703
True,0.04448514713338943,0.010000000000000448,0.039754304575813075,0.0022534703443302688,0.009572897168464172,0.00989352396464875,0.0,0.008245787315554757,0.015444015444015444,1.1891891891891893,2.1183442578791416,fing_x_face,9,0.01,face_C>face_G>li_V,3,LR-P2-N2,GP,main,0.022568941116333008,0.009098799796474216,0.015444015444015444,0.010266080033521894,0.023166023166023165
True,0.029184929711187968,0.010000000000000217,0.026571786352538037,0.003516811238143951,0.009791273404507587,0.011688233342382288,0.015503875968992248,0.009936847146149471,0.02702702702702703,1.2084942084942085,1.7157373320164018,fing_x_face,9,0.01,face_C>face_G>li_V,3,LR-P2-N2-rel,GP,main,0.015551090240478516,0.010924545808266739,0.023166023166023165,0.011912244470384005,0.03088803088803089
True,0.04216883597884953,0.010000000000006719,0.03877753955198644,0.002003084750515794,0.009588779877121631,0.010149911018610683,0.0,0.008904253090299602,0.015444015444015444,1.193050193050193,2.1180150249917693,fing_x_face,9,0.01,face_C>face_G>li_V,3,LR-P1-N3,GP,main,0.02831554412841797,0.009682439914998054,0.015444015444015444,0.011253778695639162,0.023166023166023165
True,0.035108597656812575,0.010000000000001825,0.03238176769541999,0.002003084750515794,0.009525883190279801,0.010059421470153531,0.0,0.008814462302834395,0.015444015444015444,1.193050193050193,2.1181048157792346,fing_x_face,9,0.01,face_C>face_G>li_V,3,NLS-N2,GP,main,0.020517587661743164,0.009562718865044447,0.015444015444015444,0.011104127383197151,0.023166023166023165
True,0.03828317607565968,0.010000000000000316,0.035147479519974954,0.002003084750515794,0.00960095566531235,0.010134829427201158,0.0,0.008829427434078597,0.015444015444015444,1.1891891891891893,2.118074885516746,fing_x_face,9,0.01,face_C>face_G>li_V,3,DE-N2,GP,main,0.01946854591369629,0.009607614258777049,0.015444015444015444,0.011178953039418156,0.023166023166023165
True,0.08922521228486949,0.010000000000005565,0.07614662502195875,0.009767483785494777,0.009808155878450025,0.01286459747232528,0.015503875968992248,0.010310975427254497,0.02702702702702703,1.135135135135135,1.2374068420580049,fing_x_face,9,0.01,face_C>face_G>li_V,3,MAXMONO-K3,GP,main,0.03529024124145508,0.010685103708359522,0.02702702702702703,0.011942174732872407,0.03861003861003861
True,,,,,,0.009094199619943897,0.03488372093023256,0.008036275478135943,0.03861003861003861,1.9227799227799227,2.1299571997246414,fing_x_face,9,0.01,face_C>face_G>li_V,3,S1-Marcialis,rule,main,0.004564046859741211,,,,
True,,,,,,0.008581425512020029,0.007751937984496124,0.009368172158869833,0.023166023166023165,1.718146718146718,1.9867857891113705,fing_x_face,9,0.01,face_C>face_G>li_V,3,S2-Symmetric,rule,main,0.058278560638427734,,,,
False,,,,,,,,,,,,fing_x_face,9,0.01,face_C>face_G>li_V,3,S4-Direct,rule,main,5.245208740234375e-06,,,,
True,0.06070083097275024,0.010000000000000741,0.0574173910438733,0.024752013449549515,0.009087950193274833,0.020239495671583264,0.03488372093023256,0.01509981742539882,0.04247104247104247,1.1235521235521235,1.0879949717159019,fing_x_face,9,0.01,face_C>face_G>ri_V,3,HYP,GP,main,0.015125274658203125,0.0162820627936907,0.03861003861003861,0.018122773936727427,0.05405405405405406
True,0.03524548267382629,0.010000000000000547,0.03286121168456206,0.0013322842759244586,0.0097691902925918,0.010345971706934515,0.003875968992248062,0.008185926790577953,0.007722007722007722,1.1891891891891893,2.1180150249917693,fing_x_face,9,0.01,face_C>face_G>ri_V,3,MONO,GP,main,0.02673625946044922,0.008919218221543804,0.007722007722007722,0.010041603064858878,0.015444015444015444
True,0.024540700120809437,0.010000000000002491,0.023358306611076105,0.001069961694497899,0.00951763023613673,0.010496787621029771,0.003875968992248062,0.008949148484032205,0.011583011583011582,1.2046332046332047,2.1184939091915838,fing_x_face,9,0.01,face_C>face_G>ri_V,3,MONO-rel,GP,main,0.03119516372680664,0.00974230043997486,0.007722007722007722,0.010819789889557332,0.015444015444015444
True,0.04067855186450929,0.010000000000002127,0.03788868474284224,0.0013322842759244586,0.009707754938337879,0.01030072693270594,0.003875968992248062,0.008170961659333752,0.007722007722007722,1.1891891891891893,2.1180599203855017,fing_x_face,9,0.01,face_C>face_G>ri_V,3,LR-P1-N2,GP,main,0.022406339645385742,0.008844392565322799,0.007722007722007722,0.010011672802370477,0.015444015444015444
True,0.024585215794086512,0.01000000000000751,0.023396237525048918,0.001069961694497899,0.009463055439238591,0.010451542846801195,0.003875968992248062,0.008934183352788004,0.011583011583011582,1.2046332046332047,2.118523839454072,fing_x_face,9,0.01,face_C>face_G>ri_V,3,LR-P1-N2-rel,GP,main,0.018855571746826172,0.009727335308730658,0.007722007722007722,0.01080482475831313,0.015444015444015444
True,0.04300670854952076,0.010000000000000191,0.039052707754421385,0.0014534010282812274,0.009833467022873552,0.010225318975658312,0.003875968992248062,0.007901589296938134,0.007722007722007722,1.1737451737451738,2.117715722366885,fing_x_face,9,0.01,face_C>face_G>ri_V,3,LR-P2-N2,GP,main,0.02465367317199707,0.008410403759240969,0.007722007722007722,0.00947292807757924,0.015444015444015444
True,0.0223192920313337,0.010000000000002918,0.021234326562225455,0.000984364758938067,0.00984192671605783,0.01100956172895364,0.003875968992248062,0.009682439914998054,0.011583011583011582,1.2046332046332047,2.1184041184041185,fing_x_face,9,0.01,face_C>face_G>ri_V,3,LR-P2-N2-rel,GP,main,0.018635034561157227,0.010445661608452306,0.007722007722007722,0.011493220795546377,0.015444015444015444
True,0.04104045653101953,0.010000000000002571,0.03822646095133287,0.0013322842759244586,0.009707754938337879,0.01030072693270594,0.003875968992248062,0.008170961659333752,0.007722007722007722,1.1891891891891893,2.1180599203855017,fing_x_face,9,0.01,face_C>face_G>ri_V,3,LR-P1-N3,GP,main,0.022350311279296875,0.008844392565322799,0.007722007722007722,0.010011672802370477,0.015444015444015444
True,0.03394644131832389,0.010000000000001417,0.03172254390967396,0.001281042573004287,0.009915241646373248,0.01060235876089645,0.003875968992248062,0.008410403759240969,0.007722007722007722,1.1891891891891893,2.1181347460417226,fing_x_face,9,0.01,face_C>face_G>ri_V,3,NLS-N2,GP,main,0.02459716796875,0.00917362545269522,0.007722007722007722,0.010400766214719703,0.015444015444015444
True,0.03710864668792239,0.010000000022361876,0.034535210923506934,0.0013322842759244586,0.00974459881605611,0.010315808524115464,0.003875968992248062,0.008170961659333752,0.007722007722007722,1.1891891891891893,2.1180299901230133,fing_x_face,9,0.01,face_C>face_G>ri_V,3,DE-N2,GP,main,0.020297765731811523,0.0088743228278112,0.007722007722007722,0.010026637933614678,0.015444015444015444
True,0.08450133898715398,0.010000000000005324,0.07426999577425945,0.0062623766181314575,0.00986288098852606,0.012487557687087142,0.015503875968992248,0.009487893208823442,0.023166023166023165,1.1467181467181466,1.3136691508784533,fing_x_face,9,0.01,face_C>face_G>ri_V,3,MAXMONO-K3,GP,main,0.038133859634399414,0.01022118463978929,0.019305019305019305,0.011044266858220346,0.02702702702702703
True,,,,,,0.009803034416191597,0.011627906976744186,0.007347879440902697,0.015444015444015444,1.9227799227799227,2.1299571997246414,fing_x_face,9,0.01,face_C>face_G>ri_V,3,S1-Marcialis,rule,main,0.0045125484466552734,,,,
True,,,,,,0.009878442373239224,0.007751937984496124,0.009248451108916225,0.011583011583011582,1.718146718146718,1.9867857891113705,fing_x_face,9,0.01,face_C>face_G>ri_V,3,S2-Symmetric,rule,main,0.0585176944732666,,,,
False,,,,,,,,,,,,fing_x_face,9,0.01,face_C>face_G>ri_V,3,S4-Direct,rule,main,4.5299530029296875e-06,,,,
True,0.1070296505619926,0.01000000000000172,0.0990026358220157,0.04021559480669999,0.00869085765231217,0.015624528700268453,0.03875968992248062,0.01108916225195295,0.06563706563706563,1.084942084942085,1.0475442219628266,fing_x_face,9,0.01,face_C>li_V>face_G,3,HYP,GP,main,0.014091730117797852,0.012660501032594055,0.05791505791505792,0.013812816138397533,0.0694980694980695
True,0.03843304821250168,0.010000000000001062,0.034699495155433184,0.002053161869278689,0.009733973594763252,0.010180074201429735,0.0,0.008784532040345993,0.015444015444015444,1.1158301158301158,2.166517015354225,fing_x_face,9,0.01,face_C>li_V>face_G,3,MONO,GP,main,0.017617464065551758,0.00945796294633504,0.015444015444015444,0.01107419712070875,0.023166023166023165
True,0.03251278778594145,0.01000000000000092,0.029500294330383172,0.0038934377546072114,0.008983494507819934,0.009863360781829698,0.0,0.008230822184310557,0.019305019305019305,1.138996138996139,1.9047170093681722,fing_x_face,9,0.01,face_C>li_V>face_G,3,MONO-rel,GP,main,0.016063928604125977,0.00945796294633504,0.015444015444015444,0.01065517344587112,0.023166023166023165
True,0.04401001698882976,0.010000000000000094,0.039573251792863126,0.002053161869278689,0.009848316495287985,0.01030072693270594,0.0,0.008814462302834395,0.015444015444015444,1.1158301158301158,2.166457154829248,fing_x_face,9,0.01,face_C>li_V>face_G,3,LR-P1-N2,GP,main,0.022565603256225586,0.009532788602556044,0.015444015444015444,0.011104127383197151,0.023166023166023165
True,0.03251278778594138,0.010000000000000883,0.029500294338808103,0.0038934377546072114,0.008983494507819934,0.009863360781829698,0.0,0.008230822184310557,0.019305019305019305,1.138996138996139,1.9047170093681722,fing_x_face,9,0.01,face_C>li_V>face_G,3,LR-P1-N2-rel,GP,main,0.02019500732421875,0.00945796294633504,0.015444015444015444,0.01065517344587112,0.023166023166023165
True,0.04405448764724177,0.010000000000077605,0.039377119449094694,0.0022534703443302683,0.00970541705646774,0.01002925828733448,0.0,0.008470264284217772,0.015444015444015444,1.1158301158301158,2.1661578522043636,fing_x_face,9,0.01,face_C>li_V>face_G,3,LR-P2-N2,GP,main,0.021444082260131836,0.009338241896381431,0.015444015444015444,0.010610278052138516,0.023166023166023165
True,0.0363330250392835,0.010000000000006818,0.03310532083578357,0.009081660175274574,0.009428035025164419,0.010873827406267909,0.007751937984496124,0.009188590583939421,0.019305019305019305,1.135135135135135,1.6545149800963754,fing_x_face,9,0.01,face_C>li_V>face_G,3,LR-P2-N2-rel,GP,main,0.019902706146240234,0.010281045164766096,0.015444015444015444,0.011418395139325372,0.023166023166023165
True,0.04477853515941127,0.01000000000000178,0.04009500234766363,0.002201064057252821,0.00962122871104814,0.010059421470153531,0.0,0.008530124809194576,0.015444015444015444,1.1158301158301158,2.1666068061416897,fing_x_face,9,0.01,face_C>li_V>face_G,3,LR-P1-N3,GP,main,0.027118682861328125,0.009248451108916225,0.015444015444015444,0.010685103708359522,0.023166023166023165
True,0.037592489189803756,0.010000000000001985,0.03387218224831282,0.0021533161068044786,0.0098830151177205,0.01033089011552499,0.0,0.0088892879590554,0.015444015444015444,1.1158301158301158,2.166247642991829,fing_x_face,9,0.01,face_C>li_V>face_G,3,NLS-N2,GP,main,0.02618551254272461,0.009667474783753854,0.015444015444015444,0.011119092514441351,0.023166023166023165
True,0.04083272804723843,0.010000000000002136,0.03654904009799391,0.0022534703443302688,0.009614331673019899,0.010059421470153531,0.0,0.00844033402172937,0.015444015444015444,1.1158301158301158,2.1665768758792017,fing_x_face,9,0.01,face_C>li_V>face_G,3,DE-N2,GP,main,0.024258852005004883,0.009248451108916225,0.015444015444015444,0.010595312920894316,0.023166023166023165
True,0.07804273217432095,0.010000000000006656,0.06901960122439525,0.009014987732270486,0.009814324601419431,0.010964316954725063,0.007751937984496124,0.008185926790577953,0.023166023166023165,1.0965250965250966,1.3376881865253958,fing_x_face,9,0.01,face_C>li_V>face_G,3,MAXMONO-K3,GP,main,0.04225277900695801,0.009293346502648828,0.023166023166023165,0.01005656819610308,0.02702702702702703
True,,,,,,0.009999095104515429,0.01937984496124031,0.011268743826883362,0.03474903474903475,1.7413127413127414,2.1764837927628626,fing_x_face,9,0.01,face_C>li_V>face_G,3,S1-Marcialis,rule,main,0.004685878753662109,,,,
True,,,,,,0.009999095104515429,0.01937984496124031,0.011268743826883362,0.03474903474903475,1.7413127413127414,2.1764837927628626,fing_x_face,9,0.01,face_C>li_V>face_G,3,S2-Symmetric,rule,main,0.03598809242248535,,,,
False,,,,,,,,,,,,fing_x_face,9,0.01,face_C>li_V>face_G,3,S4-Direct,rule,main,3.337860107421875e-06,,,,
True,0.10983581778210572,0.010000000000002021,0.10132699362798159,0.04395920880947357,0.008350217817685099,0.010089584652972581,0.04263565891472868,0.006405076172518033,0.05791505791505792,1.084942084942085,1.0461374996258717,fing_x_face,9,0.01,face_C>li_V>ri_V,3,HYP,GP,main,0.015691757202148438,0.007871659034449733,0.05791505791505792,0.00915866032145102,0.06177606177606178
True,0.036985490852837054,0.010000000002013737,0.033906278475742055,0.001452236444123951,0.009688887153570814,0.00975778964196302,0.003875968992248062,0.007138367603483882,0.007722007722007722,1.1081081081081081,2.164885816048607,fing_x_face,9,0.01,face_C>li_V>ri_V,3,MONO,GP,main,0.0256497859954834,0.008006345215647541,0.007722007722007722,0.008709706384124988,0.015444015444015444
True,0.029749224034099197,0.010000000000007137,0.027392043426025206,0.0012519279690723715,0.009134637065601659,0.00935058667390583,0.003875968992248062,0.006854030109844063,0.007722007722007722,1.1158301158301158,2.1667265271916434,fing_x_face,9,0.01,face_C>li_V>ri_V,3,MONO-rel,GP,main,0.020186185836791992,0.007751937984496124,0.007722007722007722,0.008754601777857592,0.015444015444015444
True,0.04265679040270284,0.010000000000027192,0.03891967062223843,0.0015197823252459952,0.009444485850853036,0.009516484179410612,0.003875968992248062,0.006779204453623058,0.007722007722007722,1.1081081081081081,2.165215048935979,fing_x_face,9,0.01,face_C>li_V>ri_V,3,LR-P1-N2,GP,main,0.029375791549682617,0.007497530753344707,0.007722007722007722,0.008230822184310557,0.015444015444015444
True,0.02982403276310735,0.010000000000028274,0.027452771436266524,0.0012519279690723715,0.009074533425880129,0.009290260308267729,0.003875968992248062,0.0068240998473556615,0.007722007722007722,1.1158301158301158,2.1667863877166202,fing_x_face,9,0.01,face_C>li_V>ri_V,3,LR-P1-N2-rel,GP,main,0.020800113677978516,0.007736972853251923,0.007722007722007722,0.008679776121636586,0.015444015444015444
True,0.04221111858279741,0.01000000000000464,0.03852438348843555,0.0015197823252459952,0.009444485850853036,0.009516484179410612,0.003875968992248062,0.006779204453623058,0.007722007722007722,1.1081081081081081,2.165215048935979,fing_x_face,9,0.01,face_C>li_V>ri_V,3,LR-P2-N2,GP,main,0.030646324157714844,0.007497530753344707,0.007722007722007722,0.008230822184310557,0.015444015444015444
True,0.03186322731196274,0.010000000000003015,0.029412360260792567,0.001222813365140456,0.009433301869190662,0.009833197599010647,0.003875968992248062,0.007273053784681692,0.011583011583011582,1.138996138996139,2.1670407949477717,fing_x_face,9,0.01,face_C>li_V>ri_V,3,LR-P2-N2-rel,GP,main,0.02417278289794922,0.00829068270928736,0.007722007722007722,0.009098799796474216,0.015444015444015444
True,0.04341764717029426,0.010000000000001959,0.039456926073200595,0.0015197823252459952,0.009549825628595614,0.00962205531927729,0.003875968992248062,0.006794169584867259,0.007722007722007722,1.1081081081081081,2.1651851186734907,fing_x_face,9,0.01,face_C>li_V>ri_V,3,LR-P1-N3,GP,main,0.035361289978027344,0.0075124958845889074,0.007722007722007722,0.008245787315554757,0.015444015444015444
True,0.036245348721505234,0.010000000001466528,0.033137000409633424,0.0013625634640136509,0.009694535648076761,0.009848279190420172,0.003875968992248062,0.00709347220975128,0.007722007722007722,1.1081081081081081,2.165215048935979,fing_x_face,9,0.01,face_C>li_V>ri_V,3,NLS-N2,GP,main,0.030411720275878906,0.007796833378228727,0.007722007722007722,0.00857502020292718,0.015444015444015444
True,0.039414407179050766,0.010000000000002252,0.03584682990364611,0.0015197823252459952,0.009594971247628098,0.009667300093505866,0.003875968992248062,0.006868995241088264,0.007722007722007722,1.1081081081081081,2.1650354673610486,fing_x_face,9,0.01,face_C>li_V>ri_V,3,DE-N2,GP,main,0.025930166244506836,0.0075124958845889074,0.007722007722007722,0.008245787315554757,0.015444015444015444
True,0.07354928099793163,0.0100000000000033,0.06642285233551046,0.011144721009890113,0.009311628277220142,0.01019515579283926,0.011627906976744186,0.007003681422286074,0.015444015444015444,1.1003861003861004,1.4413516506539763,fing_x_face,9,0.01,face_C>li_V>ri_V,3,MAXMONO-K3,GP,main,0.04901266098022461,0.007916554428182334,0.015444015444015444,0.008634880727903983,0.019305019305019305
True,,,,,,0.008264712092419992,0.031007751937984496,0.0059561222351920025,0.03088803088803089,1.7413127413127414,2.1764837927628626,fing_x_face,9,0.01,face_C>li_V>ri_V,3,S1-Marcialis,rule,main,0.00519871711730957,,,,
True,,,,,,0.008264712092419992,0.031007751937984496,0.0059561222351920025,0.03088803088803089,1.7413127413127414,2.1764837927628626,fing_x_face,9,0.01,face_C>li_V>ri_V,3,S2-Symmetric,rule,main,0.03685593605041504,,,,
False,,,,,,,,,,,,fing_x_face,9,0.01,face_C>li_V>ri_V,3,S4-Direct,rule,main,4.5299530029296875e-06,,,,
True,0.06229232156637632,0.010000000000002306,0.058949911497566086,0.03244979827073228,0.008814133743558926,0.014568817301601665,0.031007751937984496,0.009832091227440064,0.03861003861003861,1.0965250965250966,1.0722516536470026,fing_x_face,9,0.01,face_C>ri_V>face_G,3,HYP,GP,main,0.015809297561645508,0.011463290533057975,0.04247104247104247,0.01287001287001287,0.05405405405405406
True,0.034815337623225945,0.010000000000007137,0.03237433882550496,0.005141639054376298,0.009888145644976495,0.010511869212439297,0.007751937984496124,0.008380473496752567,0.007722007722007722,1.1042471042471043,2.1888300260393283,fing_x_face,9,0.01,face_C>ri_V>face_G,3,MONO,GP,main,0.023324966430664062,0.00903893927149741,0.007722007722007722,0.0103409056897429,0.015444015444015444
True,0.02551291631530604,0.010000000000000724,0.023887206681800745,0.0020217180970322204,0.009119576694048623,0.01019515579283926,0.003875968992248062,0.007871659034449733,0.007722007722007722,1.1081081081081081,1.873888839005118,fing_x_face,9,0.01,face_C>ri_V>face_G,3,MONO-rel,GP,main,0.01950359344482422,0.00902397414025321,0.007722007722007722,0.010191254377300889,0.015444015444015444
True,0.04003555626080291,0.010000000000003778,0.03734903846511226,0.0013020050878352661,0.009805556254539544,0.010436461255391669,0.003875968992248062,0.008380473496752567,0.007722007722007722,1.1042471042471043,2.1892789799766543,fing_x_face,9,0.01,face_C>ri_V>face_G,3,LR-P1-N2,GP,main,0.022261619567871094,0.008904253090299602,0.007722007722007722,0.010415731345963904,0.015444015444015444
True,0.025423322717749136,0.010000000000001888,0.023832142305050947,0.002083673974199337,0.009352037191631545,0.010526950803848823,0.003875968992248062,0.008200891921822155,0.011583011583011582,1.1158301158301158,1.8736344317739666,fing_x_face,9,0.01,face_C>ri_V>face_G,3,LR-P1-N2-rel,GP,main,0.020703792572021484,0.009413067552602437,0.007722007722007722,0.010520487264673311,0.015444015444015444
True,0.03959852699607665,0.010000000000000085,0.03672374232086411,0.0013625634640136509,0.009705456001363284,0.01019515579283926,0.003875968992248062,0.008051240609380145,0.007722007722007722,1.1042471042471043,2.188949747089282,fing_x_face,9,0.01,face_C>ri_V>face_G,3,LR-P2-N2,GP,main,0.030676603317260742,0.008679776121636586,0.007722007722007722,0.009832091227440064,0.015444015444015444
True,0.023215804115197986,0.010000000000000049,0.021694397476389172,0.0020846056415251583,0.009592001276877008,0.011024643320363165,0.0,0.008096136003112746,0.007722007722007722,1.1081081081081081,1.7917452336056987,fing_x_face,9,0.01,face_C>ri_V>face_G,3,LR-P2-N2-rel,GP,main,0.02302718162536621,0.009413067552602437,0.007722007722007722,0.010550417527161713,0.015444015444015444
True,0.04039808537876329,0.010000000000005768,0.03769120146571289,0.0013020050878352661,0.009805556254539544,0.010436461255391669,0.003875968992248062,0.008380473496752567,0.007722007722007722,1.1042471042471043,2.1892789799766543,fing_x_face,9,0.01,face_C>ri_V>face_G,3,LR-P1-N3,GP,main,0.026662111282348633,0.008904253090299602,0.007722007722007722,0.010415731345963904,0.015444015444015444
True,0.03339811315059713,0.010000000000002118,0.03117832546362205,0.0013020050878352661,0.00971677443291758,0.010345971706934515,0.003875968992248062,0.008245787315554757,0.007722007722007722,1.1042471042471043,2.1893089102391428,fing_x_face,9,0.01,face_C>ri_V>face_G,3,NLS-N2,GP,main,0.026106834411621094,0.008829427434078597,0.007722007722007722,0.010325940558498697,0.015444015444015444
True,0.0364073594769294,0.0100000000002033,0.03390761734571905,0.0013020050878352661,0.009827334260319212,0.01046662443821072,0.003875968992248062,0.00829068270928736,0.007722007722007722,1.1042471042471043,2.189189189189189,fing_x_face,9,0.01,face_C>ri_V>face_G,3,DE-N2,GP,main,0.0238187313079834,0.008844392565322799,0.007722007722007722,0.010310975427254497,0.015444015444015444
True,0.07075910723475601,0.010000000000000902,0.06265713375242411,0.006491392092659905,0.00962453860956229,0.010406298072572618,0.007751937984496124,0.007243123522193289,0.011583011583011582,1.0926640926640927,1.505282691329203,fing_x_face,9,0.01,face_C>ri_V>face_G,3,MAXMONO-K3,GP,main,0.0337221622467041,0.008036275478135943,0.011583011583011582,0.008784532040345993,0.015444015444015444
True,,,,,,0.009999095104515429,0.003875968992248062,0.011298674089371763,0.015444015444015444,1.6563706563706564,2.1989763850228967,fing_x_face,9,0.01,face_C>ri_V>face_G,3,S1-Marcialis,rule,main,0.004422187805175781,,,,
True,,,,,,0.009999095104515429,0.003875968992248062,0.009068869533985812,0.011583011583011582,1.6023166023166022,2.194621531830834,fing_x_face,9,0.01,face_C>ri_V>face_G,3,S2-Symmetric,rule,main,0.04316568374633789,,,,
False,,,,,,,,,,,,fing_x_face,9,0.01,face_C>ri_V>face_G,3,S4-Direct,rule,main,5.7220458984375e-06,,,,
True,0.08379328035306706,0.010000000000000103,0.07695022502891224,0.032511113626612895,0.00811729527532204,0.009712544867734443,0.031007751937984496,0.006494866959983239,0.05019305019305019,1.084942084942085,1.052183412648529,fing_x_face,9,0.01,face_C>ri_V>li_V,3,HYP,GP,main,0.029479265213012695,0.007632216934542516,0.04633204633204633,0.008844392565322799,0.06177606177606178
True,0.034769531868997755,0.010000000000061723,0.032313232809428306,0.0013020050878352661,0.009568695802336918,0.009742708050553495,0.003875968992248062,0.0070186465535302745,0.007722007722007722,1.1003861003861004,2.1885307234144444,fing_x_face,9,0.01,face_C>ri_V>li_V,3,MONO,GP,main,0.025667190551757812,0.008051240609380145,0.007722007722007722,0.008784532040345993,0.015444015444015444
True,0.02664350566796313,0.010000000000002198,0.024581361054566007,0.002180101542421841,0.008991709503536678,0.01002925828733448,0.003875968992248062,0.007063541947262877,0.007722007722007722,1.1081081081081081,1.8735596061177457,fing_x_face,9,0.01,face_C>ri_V>li_V,3,MONO-rel,GP,main,0.01947760581970215,0.00814103139684535,0.007722007722007722,0.009053904402741612,0.015444015444015444
True,0.039923785343891585,0.010000000000000378,0.03725256513613872,0.0013020050878352661,0.00955366307398875,0.009727626459143969,0.003875968992248062,0.0070186465535302745,0.007722007722007722,1.1003861003861004,2.1885307234144444,fing_x_face,9,0.01,face_C>ri_V>li_V,3,LR-P1-N2,GP,main,0.020235300064086914,0.008051240609380145,0.007722007722007722,0.008769566909101793,0.015444015444015444
True,0.02656633119050638,0.010000000000000146,0.02454393666518542,0.0022891066195429334,0.008871534956917558,0.009908605556058275,0.003875968992248062,0.0070186465535302745,0.011583011583011582,1.1158301158301158,1.8736344317739666,fing_x_face,9,0.01,face_C>ri_V>li_V,3,LR-P1-N2-rel,GP,main,0.017278194427490234,0.008066205740624345,0.007722007722007722,0.008949148484032205,0.015444015444015444
True,0.03927521214452693,0.010000000000009189,0.03656910319344314,0.0013020050878352661,0.009568695802336918,0.009742708050553495,0.003875968992248062,0.0070186465535302745,0.007722007722007722,1.1003861003861004,2.1885307234144444,fing_x_face,9,0.01,face_C>ri_V>li_V,3,LR-P2-N2,GP,main,0.02077960968017578,0.008051240609380145,0.007722007722007722,0.008784532040345993,0.015444015444015444
True,0.02640106705490675,0.010000000000000288,0.023946189301868294,0.0029778416901563294,0.009380950548647425,0.0112810303743251,0.003875968992248062,0.007901589296938134,0.007722007722007722,1.1081081081081081,1.6600221483942414,fing_x_face,9,0.01,face_C>ri_V>li_V,3,LR-P2-N2-rel,GP,main,0.015618085861206055,0.00930831163389303,0.007722007722007722,0.010146358983568285,0.015444015444015444
True,0.04027353083365925,0.010000000000021436,0.037582874968583466,0.0013020050878352661,0.009613793987381426,0.009787952824782072,0.003875968992248062,0.007033611684774475,0.007722007722007722,1.1003861003861004,2.188500793151956,fing_x_face,9,0.01,face_C>ri_V>li_V,3,LR-P1-N3,GP,main,0.025896310806274414,0.008051240609380145,0.007722007722007722,0.008799497171590195,0.015444015444015444
True,0.0333198286399393,0.010000000000013798,0.03108948069324884,0.0013020050878352661,0.009478499432247791,0.00965221850209634,0.003875968992248062,0.0069138906348208675,0.007722007722007722,1.1003861003861004,2.188740235251863,fing_x_face,9,0.01,face_C>ri_V>li_V,3,NLS-N2,GP,main,0.022330522537231445,0.007961449821914938,0.007722007722007722,0.008694741252880788,0.015444015444015444
True,0.03627338846876938,0.010000000000001568,0.03379333716664664,0.0013020050878352661,0.009673924900774214,0.009848279190420172,0.003875968992248062,0.0071084373409954806,0.007722007722007722,1.0965250965250966,2.188351141839514,fing_x_face,9,0.01,face_C>ri_V>li_V,3,DE-N2,GP,main,0.02113032341003418,0.00812606626560115,0.007722007722007722,0.008859357696566999,0.015444015444015444
True,0.07071354424729176,0.010000000000004942,0.06341377659026924,0.009342468797296674,0.009351584180803825,0.00989352396464875,0.007751937984496124,0.006704378797402053,0.007722007722007722,1.1003861003861004,1.5883990302594955,fing_x_face,9,0.01,face_C>ri_V>li_V,3,MAXMONO-K3,GP,main,0.03492236137390137,0.007587321540809913,0.007722007722007722,0.00814103139684535,0.015444015444015444
True,,,,,,0.007103429553886526,0.027131782945736434,0.00665948340366945,0.04633204633204633,1.6563706563706564,2.1989763850228967,fing_x_face,9,0.01,face_C>ri_V>li_V,3,S1-Marcialis,rule,main,0.0042018890380859375,,,,
True,,,,,,0.009833197599010647,0.01937984496124031,0.007931519559426536,0.03088803088803089,1.6023166023166022,2.194621531830834,fing_x_face,9,0.01,face_C>ri_V>li_V,3,S2-Symmetric,rule,main,0.03346395492553711,,,,
False,,,,,,,,,,,,fing_x_face,9,0.01,face_C>ri_V>li_V,3,S4-Direct,rule,main,4.0531158447265625e-06,,,,
True,0.2766298158206906,0.009999999999999995,0.24717248342032155,0.0458361690957563,0.009741151370056234,0.01303049497783006,0.046511627906976744,0.012974768788722278,0.08108108108108109,1.0694980694980696,1.0612223519200263,fing_x_face,9,0.01,face_G>face_C>li_V,3,HYP,GP,main,0.013139009475708008,0.013573374038490318,0.08494208494208494,0.014800514800514801,0.07722007722007722
True,0.058129154607410694,0.01000000000003093,0.055146010310120425,0.001721721218117762,0.009712874636807534,0.009833197599010647,0.0,0.010281045164766096,0.015444015444015444,1.2432432432432432,2.3701176259315795,fing_x_face,9,0.01,face_G>face_C>li_V,3,MONO,GP,main,0.021429061889648438,0.010849720152045734,0.011583011583011582,0.012166651701535422,0.019305019305019305
True,0.033663743377082826,0.010000000000000297,0.0315656132504396,0.002090661479142997,0.009441753843164867,0.0099236871474678,0.0,0.009607614258777049,0.019305019305019305,1.2355212355212355,2.140866780401664,fing_x_face,9,0.01,face_G>face_C>li_V,3,MONO-rel,GP,main,0.01739501953125,0.01050552213342911,0.015444015444015444,0.011807488551674598,0.019305019305019305
True,0.060687140136108805,0.010000000000001728,0.057289014492928676,0.0018428379704745308,0.009427106419111507,0.00935058667390583,0.0,0.009832091227440064,0.015444015444015444,1.2393822393822393,2.3698183233066956,fing_x_face,9,0.01,face_G>face_C>li_V,3,LR-P1-N2,GP,main,0.021139144897460938,0.01049055700218491,0.015444015444015444,0.012076860914070217,0.019305019305019305
True,0.033663743377083256,0.010000000000000049,0.03156561325119872,0.002090661479142997,0.009441753843164867,0.0099236871474678,0.0,0.009607614258777049,0.019305019305019305,1.2355212355212355,2.140866780401664,fing_x_face,9,0.01,face_G>face_C>li_V,3,LR-P1-N2-rel,GP,main,0.01858663558959961,0.01050552213342911,0.015444015444015444,0.011807488551674598,0.019305019305019305
True,0.08885349374866348,0.01000000000000488,0.08411074327603646,0.001721721218117762,0.009627963105133187,0.009863360781829698,0.0,0.010011672802370477,0.015444015444015444,1.2393822393822393,2.3707012660501032,fing_x_face,9,0.01,face_G>face_C>li_V,3,LR-P2-N2,GP,main,0.029080629348754883,0.010685103708359522,0.011583011583011582,0.012121756307802819,0.019305019305019305
True,0.03488937950841055,0.010000000000006897,0.03214087515665001,0.002623225814265597,0.009666095918197996,0.010798419449220283,0.007751937984496124,0.010086498458591482,0.03088803088803089,1.22007722007722,1.9376402981054144,fing_x_face,9,0.01,face_G>face_C>li_V,3,LR-P2-N2-rel,GP,main,0.019333839416503906,0.010939510939510939,0.023166023166023165,0.012121756307802819,0.03861003861003861
True,0.060729464007402166,0.010000000000002668,0.05730259935086892,0.0017852492838972018,0.009511948237013994,0.009425994630953458,0.0,0.009996707671126277,0.015444015444015444,1.223938223938224,2.3695489509442997,fing_x_face,9,0.01,face_G>face_C>li_V,3,LR-P1-N3,GP,main,0.09309267997741699,0.010670138577115322,0.011583011583011582,0.01213672143904702,0.019305019305019305
True,0.054747834790814826,0.010000000000009161,0.05198826256357972,0.005543886422299644,0.009834003424152447,0.009984013513105903,0.003875968992248062,0.010310975427254497,0.015444015444015444,1.2393822393822393,2.37001287001287,fing_x_face,9,0.01,face_G>face_C>li_V,3,NLS-N2,GP,main,0.01928997039794922,0.010879650414534136,0.011583011583011582,0.012241477357756428,0.019305019305019305
True,0.060623217847980616,0.010000000000000368,0.05745156506961331,0.001762714580453899,0.009435399155703454,0.009380749856724881,0.0,0.009921882014905271,0.015444015444015444,1.2432432432432432,2.3698183233066956,fing_x_face,9,0.01,face_G>face_C>li_V,3,DE-N2,GP,main,0.02089548110961914,0.010610278052138516,0.011583011583011582,0.012031965520337614,0.019305019305019305
True,0.13556832202015,0.010000000000000288,0.12249935876799757,0.011571133499076949,0.00957766531748806,0.011386601514191777,0.031007751937984496,0.010296010296010296,0.05405405405405406,1.193050193050193,1.7045733441082278,fing_x_face,9,0.01,face_G>face_C>li_V,3,MAXMONO-K3,GP,main,0.03748297691345215,0.01107419712070875,0.05791505791505792,0.012600640507617252,0.05405405405405406
True,,,,,,0.009094199619943897,0.03488372093023256,0.008036275478135943,0.03474903474903475,1.7335907335907337,2.3852324084882226,fing_x_face,9,0.01,face_G>face_C>li_V,3,S1-Marcialis,rule,main,0.0038077831268310547,,,,
True,,,,,,0.008671915060477181,0.007751937984496124,0.009637544521265452,0.019305019305019305,1.3011583011583012,1.9724641585106701,fing_x_face,9,0.01,face_G>face_C>li_V,3,S2-Symmetric,rule,main,0.06322550773620605,,,,
False,,,,,,,,,,,,fing_x_face,9,0.01,face_G>face_C>li_V,3,S4-Direct,rule,main,7.3909759521484375e-06,,,,
True,0.21103971526818052,0.010000000000006747,0.19514575428728614,0.04468026109045139,0.009816120016004312,0.01303049497783006,0.04263565891472868,0.013094489838675885,0.07335907335907337,1.084942084942085,1.087396366466134,fing_x_face,9,0.01,face_G>face_C>ri_V,3,HYP,GP,main,0.01729750633239746,0.01376792074466493,0.08108108108108109,0.01508485229415462,0.07335907335907337
True,0.05681199562608469,0.010000000001534084,0.05440453799385391,0.0010554043925319412,0.009820358214952462,0.009953850330286852,0.003875968992248062,0.010041603064858878,0.007722007722007722,1.223938223938224,2.369040136481997,fing_x_face,9,0.01,face_G>face_C>ri_V,3,MONO,GP,main,0.020856618881225586,0.010774894495824729,0.007722007722007722,0.012017000389093412,0.007722007722007722
True,0.02998519795018931,0.010000000000006204,0.02877275177453114,0.0009428473337311554,0.009853642158539623,0.010255482158477363,0.003875968992248062,0.009981742539882075,0.007722007722007722,1.2393822393822393,2.3706264403938824,fing_x_face,9,0.01,face_G>face_C>ri_V,3,MONO-rel,GP,main,0.017942190170288086,0.010789859627068929,0.003861003861003861,0.011837418814163,0.011583011583011582
True,0.05949343958102234,0.010000000000035425,0.05668173711913231,0.0010190111376170467,0.009905871041360027,0.009999095104515429,0.0,0.010310975427254497,0.007722007722007722,1.22007722007722,2.368306845051031,fing_x_face,9,0.01,face_G>face_C>ri_V,3,LR-P1-N2,GP,main,0.022677183151245117,0.010774894495824729,0.007722007722007722,0.012151686570291222,0.007722007722007722
True,0.030030090793968324,0.010000000000003948,0.028811111426293372,0.0009428473337311554,0.009811269586378882,0.010210237384248786,0.003875968992248062,0.009981742539882075,0.007722007722007722,1.2393822393822393,2.3706264403938824,fing_x_face,9,0.01,face_G>face_C>ri_V,3,LR-P1-N2-rel,GP,main,0.018509387969970703,0.010774894495824729,0.003861003861003861,0.0118224536829188,0.011583011583011582
True,0.08740724457225904,0.010000000000290466,0.08344255046353621,0.0010714174246944947,0.009613103078750195,0.00975778964196302,0.003875968992248062,0.00974230043997486,0.007722007722007722,1.2393822393822393,2.3698482535691836,fing_x_face,9,0.01,face_G>face_C>ri_V,3,LR-P2-N2,GP,main,0.021068334579467773,0.010325940558498697,0.003861003861003861,0.011702732632965191,0.011583011583011582
True,0.027685613273365793,0.010000000000029022,0.026568932286128964,0.0010017752920893526,0.009660771087951084,0.010164992610020209,0.003875968992248062,0.009727335308730658,0.007722007722007722,1.2393822393822393,2.3714195923498247,fing_x_face,9,0.01,face_G>face_C>ri_V,3,LR-P2-N2-rel,GP,main,0.025880098342895508,0.010475591870940708,0.003861003861003861,0.011583011583011582,0.011583011583011582
True,0.059547261724170165,0.010000000000023301,0.056711702233598185,0.0010190111376170467,0.009896145455576443,0.009999095104515429,0.0,0.010355870820987101,0.007722007722007722,1.22007722007722,2.368217054263566,fing_x_face,9,0.01,face_G>face_C>ri_V,3,LR-P1-N3,GP,main,0.034488677978515625,0.010759929364580527,0.007722007722007722,0.012151686570291222,0.007722007722007722
True,0.05355621237311192,0.010000000000009304,0.051311238701330635,0.0011180007909855597,0.00965177839433002,0.009787952824782072,0.003875968992248062,0.00974230043997486,0.007722007722007722,1.2277992277992278,2.369713567387986,fing_x_face,9,0.01,face_G>face_C>ri_V,3,NLS-N2,GP,main,0.023786067962646484,0.0103409056897429,0.007722007722007722,0.011732662895453593,0.011583011583011582
True,0.05941209096717083,0.01000000000009472,0.05681590530777054,0.0010190111376170467,0.009816714848529813,0.009938768738877326,0.0,0.010251114902277692,0.007722007722007722,1.2277992277992278,2.368591182544671,fing_x_face,9,0.01,face_G>face_C>ri_V,3,DE-N2,GP,main,0.024466991424560547,0.010864685283289934,0.007722007722007722,0.012031965520337614,0.007722007722007722
True,0.13025702260780034,0.010000000000004347,0.1188726796332397,0.004281943029474693,0.00966199840845075,0.01036105329834404,0.01937984496124031,0.00962257939002125,0.03474903474903475,1.2046332046332047,1.8902307623237855,fing_x_face,9,0.01,face_G>face_C>ri_V,3,MAXMONO-K3,GP,main,0.06091499328613281,0.010191254377300889,0.03088803088803089,0.0118224536829188,0.03861003861003861
True,,,,,,0.009803034416191597,0.011627906976744186,0.007347879440902697,0.011583011583011582,1.7335907335907337,2.3852324084882226,fing_x_face,9,0.01,face_G>face_C>ri_V,3,S1-Marcialis,rule,main,0.0041790008544921875,,,,
True,,,,,,0.009968931921696378,0.007751937984496124,0.009517823471311844,0.007722007722007722,1.3011583011583012,1.9724641585106701,fing_x_face,9,0.01,face_G>face_C>ri_V,3,S2-Symmetric,rule,main,0.08757829666137695,,,,
False,,,,,,,,,,,,fing_x_face,9,0.01,face_G>face_C>ri_V,3,S4-Direct,rule,main,4.5299530029296875e-05,,,,
True,0.6139830637017114,0.010000000000000208,0.5288673601763825,0.08219506877801117,0.00950961242847242,0.010511869212439297,0.08139534883720931,0.011193918170662356,0.0888030888030888,1.0386100386100385,1.0149950615066894,fing_x_face,9,0.01,face_G>li_V>face_C,3,HYP,GP,main,0.01340031623840332,0.011747628026697795,0.09652509652509653,0.012750291820059262,0.0888030888030888
True,0.06436591940605056,0.010000000000000066,0.058769341139058545,0.0018342200477106838,0.009619466016532975,0.009410913039543932,0.0,0.010385801083475503,0.011583011583011582,1.1583011583011582,2.6594235431444733,fing_x_face,9,0.01,face_G>li_V>face_C,3,MONO,GP,main,0.01928114891052246,0.010834755020801532,0.011583011583011582,0.012361198407710036,0.011583011583011582
True,0.040026542924481844,0.010000000000017297,0.03639501304603855,0.008254572506776716,0.009060121002768462,0.009531565770820137,0.007751937984496124,0.010296010296010296,0.011583011583011582,1.162162162162162,2.1570440872766454,fing_x_face,9,0.01,face_G>li_V>face_C,3,MONO-rel,GP,main,0.015792369842529297,0.011448325401813774,0.007722007722007722,0.012825117476280267,0.011583011583011582
True,0.06698310186362982,0.010000000000000307,0.060945647020448294,0.0017687121888638737,0.009809762003779587,0.009576810545048714,0.0,0.010595312920894316,0.011583011583011582,1.1544401544401544,2.6588997635509264,fing_x_face,9,0.01,face_G>li_V>face_C,3,LR-P1-N2,GP,main,0.017588138580322266,0.011193918170662356,0.011583011583011582,0.012555745113884648,0.011583011583011582
True,0.04002654292450001,0.010000000000000226,0.03639501304203141,0.008254572506776716,0.009060121002768462,0.009531565770820137,0.007751937984496124,0.010296010296010296,0.011583011583011582,1.162162162162162,2.1570440872766454,fing_x_face,9,0.01,face_G>li_V>face_C,3,LR-P1-N2-rel,GP,main,0.017437458038330078,0.011448325401813774,0.007722007722007722,0.012825117476280267,0.011583011583011582
True,0.09643642263869162,0.01000000000000511,0.08770953588534004,0.0018152955551549387,0.009945813700601124,0.009818116007601123,0.0,0.010685103708359522,0.011583011583011582,1.1583011583011582,2.6597976714255784,fing_x_face,9,0.01,face_G>li_V>face_C,3,LR-P2-N2,GP,main,0.022864341735839844,0.011627906976744186,0.011583011583011582,0.012974768788722278,0.011583011583011582
True,0.044133199226485655,0.010000000000001577,0.040147504720609795,0.012695714190551124,0.009197542247247567,0.010270563749886889,0.011627906976744186,0.010595312920894316,0.015444015444015444,1.162162162162162,1.9227350273861903,fing_x_face,9,0.01,face_G>li_V>face_C,3,LR-P2-N2-rel,GP,main,0.020180225372314453,0.011867349076651401,0.015444015444015444,0.013139385232408488,0.015444015444015444
True,0.06762083381249263,0.010000000000001737,0.06128120788265328,0.0017687121888638737,0.009909183648837387,0.009667300093505866,0.0,0.010610278052138516,0.011583011583011582,1.1505791505791505,2.6587800425009727,fing_x_face,9,0.01,face_G>li_V>face_C,3,LR-P1-N3,GP,main,0.022487640380859375,0.011328604351860165,0.011583011583011582,0.01258567537637305,0.011583011583011582
True,0.061358409191292256,0.010000000000003832,0.055856606028636874,0.005644681181111936,0.00973037524072452,0.009531565770820137,0.003875968992248062,0.010535452395917513,0.011583011583011582,1.1544401544401544,2.6591990661758103,fing_x_face,9,0.01,face_G>li_V>face_C,3,NLS-N2,GP,main,0.025692224502563477,0.010924545808266739,0.011583011583011582,0.012480919457663643,0.011583011583011582
True,0.06804340822552388,0.010000000000632859,0.061664833245389794,0.0017687121888638737,0.00988489949066587,0.00965221850209634,0.0,0.01064020831462692,0.011583011583011582,1.1544401544401544,2.658809972763461,fing_x_face,9,0.01,face_G>li_V>face_C,3,DE-N2,GP,main,0.019910097122192383,0.011253778695639162,0.011583011583011582,0.012615605638861454,0.011583011583011582
True,0.13328551505537062,0.010000000000000973,0.11899115447181129,0.011783728336987799,0.009080267797525887,0.009984013513105903,0.007751937984496124,0.01050552213342911,0.015444015444015444,1.1467181467181466,1.9190536051001168,fing_x_face,9,0.01,face_G>li_V>face_C,3,MAXMONO-K3,GP,main,0.03107142448425293,0.011583011583011582,0.015444015444015444,0.01316931549489689,0.015444015444015444
True,,,,,,0.009999095104515429,0.015503875968992248,0.006868995241088264,0.023166023166023165,1.494208494208494,2.6764987578941066,fing_x_face,9,0.01,face_G>li_V>face_C,3,S1-Marcialis,rule,main,0.003748655319213867,,,,
True,,,,,,0.009999095104515429,0.015503875968992248,0.006868995241088264,0.023166023166023165,1.494208494208494,2.6764987578941066,fing_x_face,9,0.01,face_G>li_V>face_C,3,S2-Symmetric,rule,main,0.04563641548156738,,,,
False,,,,,,,,,,,,fing_x_face,9,0.01,face_G>li_V>face_C,3,S4-Direct,rule,main,5.0067901611328125e-06,,,,
True,0.7823563303849137,0.010000000000000644,0.6259707818535367,0.08579887445270368,0.009471224443247649,0.009682381684915392,0.08527131782945736,0.010999371464487744,0.09652509652509653,1.0308880308880308,1.0114183951393254,fing_x_face,9,0.01,face_G>li_V>ri_V,3,HYP,GP,main,0.011328935623168945,0.011463290533057975,0.09652509652509653,0.012391128670198438,0.09266409266409266
True,0.06348850625287254,0.010000000000218452,0.05819118879526533,0.001975717022819794,0.009310233226410659,0.009245015534039152,0.003875968992248062,0.010729999102092125,0.003861003861003861,1.1505791505791505,2.657971925413786,fing_x_face,9,0.01,face_G>li_V>ri_V,3,MONO,GP,main,0.03131604194641113,0.011478255664302175,0.003861003861003861,0.01258567537637305,0.003861003861003861
True,0.03723242907617613,0.010000000000869994,0.03422087442490146,0.0018228071229693726,0.008982347422715559,0.008958465297258167,0.003875968992248062,0.010834755020801532,0.003861003861003861,1.1583011583011582,2.6591242405195894,fing_x_face,9,0.01,face_G>li_V>ri_V,3,MONO-rel,GP,main,0.016462326049804688,0.011762593157941995,0.003861003861003861,0.012600640507617252,0.003861003861003861
True,0.06636039530401397,0.010000000023546618,0.06051142990401875,0.001975717022819794,0.009535961321573416,0.009471239405182035,0.003875968992248062,0.011014336595731944,0.003861003861003861,1.1505791505791505,2.6574182155577506,fing_x_face,9,0.01,face_G>li_V>ri_V,3,LR-P1-N2,GP,main,0.024932384490966797,0.011702732632965191,0.003861003861003861,0.012810152345036066,0.003861003861003861
True,0.03732915448771484,0.010000000002108487,0.03429777053242487,0.00175269915670132,0.009355330814199496,0.009335505082496306,0.003875968992248062,0.011149022776929753,0.003861003861003861,1.1583011583011582,2.659169135913322,fing_x_face,9,0.01,face_G>li_V>ri_V,3,LR-P1-N2-rel,GP,main,0.026025772094726562,0.01227140762024483,0.003861003861003861,0.013034629313699081,0.003861003861003861
True,0.0954144770577584,0.010000000000356057,0.0871380525870248,0.001692606614185846,0.009824227757123187,0.009803034416191597,0.003875968992248062,0.01140343000808117,0.003861003861003861,1.1505791505791505,2.6580018556762743,fing_x_face,9,0.01,face_G>li_V>ri_V,3,LR-P2-N2,GP,main,0.02682209014892578,0.01242105893268684,0.003861003861003861,0.013214210888629493,0.003861003861003861
True,0.03989143110085407,0.010000000000000111,0.03665515958495959,0.0019565013842247295,0.00905087135847555,0.009064036437124846,0.003875968992248062,0.010520487264673311,0.003861003861003861,1.1737451737451738,2.661054742450091,fing_x_face,9,0.01,face_G>li_V>ri_V,3,LR-P2-N2-rel,GP,main,0.024325847625732422,0.011627906976744186,0.003861003861003861,0.012510849720152045,0.003861003861003861
True,0.06698815381022392,0.010000000000002101,0.06084370371959807,0.001975717022819794,0.009656349638993488,0.009591892136458238,0.003875968992248062,0.011149022776929753,0.003861003861003861,1.1505791505791505,2.6571488431953547,fing_x_face,9,0.01,face_G>li_V>ri_V,3,LR-P1-N3,GP,main,0.024042367935180664,0.011867349076651401,0.003861003861003861,0.012914908263745473,0.003861003861003861
True,0.06047595011893833,0.010000000000002545,0.055284113586852784,0.001975717022819794,0.009340330305765648,0.009275178716858203,0.003875968992248062,0.010864685283289934,0.003861003861003861,1.1505791505791505,2.6577025530513905,fing_x_face,9,0.01,face_G>li_V>ri_V,3,NLS-N2,GP,main,0.02573847770690918,0.01155308132052318,0.003861003861003861,0.012615605638861454,0.003861003861003861
True,0.06729426889025159,0.010000000000002092,0.06117650716526654,0.001975717022819794,0.009626252559638499,0.009561728953639189,0.003875968992248062,0.011134057645685553,0.003861003861003861,1.1505791505791505,2.657178773457843,fing_x_face,9,0.01,face_G>li_V>ri_V,3,DE-N2,GP,main,0.020638465881347656,0.011837418814163,0.003861003861003861,0.012899943132501273,0.003861003861003861
True,0.13314609111292086,0.010000000000002349,0.11878128379725146,0.010061657743622852,0.00893683034569612,0.010240400567067837,0.007751937984496124,0.011568046451767382,0.011583011583011582,1.1467181467181466,1.9506001017628924,fing_x_face,9,0.01,face_G>li_V>ri_V,3,MAXMONO-K3,GP,main,0.034026384353637695,0.013708060219688126,0.011583011583011582,0.014411421388165575,0.011583011583011582
True,,,,,,0.00945615781377251,0.023255813953488372,0.007707042590763521,0.011583011583011582,1.494208494208494,2.6764987578941066,fing_x_face,9,0.01,face_G>li_V>ri_V,3,S1-Marcialis,rule,main,0.003153562545776367,,,,
True,,,,,,0.00945615781377251,0.023255813953488372,0.007707042590763521,0.011583011583011582,1.494208494208494,2.6764987578941066,fing_x_face,9,0.01,face_G>li_V>ri_V,3,S2-Symmetric,rule,main,0.04444169998168945,,,,
False,,,,,,,,,,,,fing_x_face,9,0.01,face_G>li_V>ri_V,3,S4-Direct,rule,main,4.5299530029296875e-06,,,,
True,0.3089595170176487,0.010000000000008042,0.28212457480353115,0.05933020572612055,0.009708968935829565,0.0112810303743251,0.05813953488372093,0.0118224536829188,0.06563706563706563,1.057915057915058,1.0466612792194188,fing_x_face,9,0.01,face_G>ri_V>face_C,3,HYP,GP,main,0.017273664474487305,0.01227140762024483,0.06563706563706563,0.01360330430097872,0.07335907335907337
True,0.05951224949415338,0.01000000000000647,0.05584570391550185,0.0011398367439344967,0.009803542696236085,0.009531565770820137,0.0,0.010101463589835684,0.003861003861003861,1.138996138996139,2.6922420759630064,fing_x_face,9,0.01,face_G>ri_V>face_C,3,MONO,GP,main,0.022990703582763672,0.010550417527161713,0.003861003861003861,0.011882314207895603,0.003861003861003861
True,0.032094931882135455,0.010000000000005716,0.03015101497656789,0.002522838659908352,0.009889221129647817,0.010406298072572618,0.003875968992248062,0.010430696477208104,0.003861003861003861,1.1428571428571428,2.2412528807877643,fing_x_face,9,0.01,face_G>ri_V>face_C,3,MONO-rel,GP,main,0.021225929260253906,0.011448325401813774,0.0,0.01272036155757086,0.003861003861003861
True,0.061280685354739774,0.010000000000047948,0.05762745443492374,0.0011398367439344967,0.009804386064684067,0.009501402588001086,0.0,0.010116428721079884,0.003861003861003861,1.138996138996139,2.692152285175541,fing_x_face,9,0.01,face_G>ri_V>face_C,3,LR-P1-N2,GP,main,0.0199429988861084,0.010595312920894316,0.003861003861003861,0.011897279339139805,0.003861003861003861
True,0.0319980136381869,0.010000000000003033,0.03009219763784369,0.0026968275330054798,0.009823061953522807,0.01036105329834404,0.003875968992248062,0.01022118463978929,0.003861003861003861,1.1428571428571428,2.241597078806381,fing_x_face,9,0.01,face_G>ri_V>face_C,3,LR-P1-N2-rel,GP,main,0.019101381301879883,0.011223848433150758,0.0,0.012495884588907845,0.003861003861003861
True,0.08985222685276192,0.010000000000201736,0.08448778244684134,0.0010976205682332188,0.009938095194252015,0.00975778964196302,0.003875968992248062,0.01007153332734728,0.003861003861003861,1.1428571428571428,2.6932148094938793,fing_x_face,9,0.01,face_G>ri_V>face_C,3,LR-P2-N2,GP,main,0.025077104568481445,0.010729999102092125,0.003861003861003861,0.011957139864116608,0.003861003861003861
True,0.029663261969057494,0.010000000000000031,0.027846440903492774,0.003945960500100387,0.009347808278301888,0.010104666244382107,0.003875968992248062,0.010116428721079884,0.0,1.1428571428571428,2.040046691209482,fing_x_face,9,0.01,face_G>ri_V>face_C,3,LR-P2-N2-rel,GP,main,0.019596576690673828,0.011193918170662356,0.0,0.012346233276465834,0.0
True,0.061279864084144826,0.010000000000942593,0.05762749956674139,0.0011398367439344967,0.00978935902019171,0.00948632099659156,0.0,0.010101463589835684,0.003861003861003861,1.138996138996139,2.6921822154380295,fing_x_face,9,0.01,face_G>ri_V>face_C,3,LR-P1-N3,GP,main,0.0200350284576416,0.010580347789650115,0.003861003861003861,0.011882314207895603,0.003861003861003861
True,0.055823524797239156,0.010000000000003477,0.05254374442175943,0.001182052919635774,0.009621621396849777,0.00935058667390583,0.0,0.009847056358684266,0.003861003861003861,1.1428571428571428,2.6928706114752625,fing_x_face,9,0.01,face_G>ri_V>face_C,3,NLS-N2,GP,main,0.020251750946044922,0.010281045164766096,0.003861003861003861,0.011717697764209393,0.003861003861003861
True,0.061780005863716354,0.010000000000195386,0.05806525218859554,0.0011398367439344967,0.00976904138365144,0.00948632099659156,0.0,0.010086498458591482,0.003861003861003861,1.138996138996139,2.692212145700518,fing_x_face,9,0.01,face_G>ri_V>face_C,3,DE-N2,GP,main,0.022898435592651367,0.010550417527161713,0.003861003861003861,0.011867349076651401,0.003861003861003861
True,0.12813661761956455,0.010000000000000866,0.1168533620328321,0.00596406838624505,0.009469994939572034,0.010511869212439297,0.003875968992248062,0.010535452395917513,0.0,1.1428571428571428,1.8902756577175182,fing_x_face,9,0.01,face_G>ri_V>face_C,3,MAXMONO-K3,GP,main,0.02905869483947754,0.011702732632965191,0.0,0.012780222082547664,0.0
True,,,,,,0.009999095104515429,0.007751937984496124,0.006839064978599862,0.011583011583011582,1.4362934362934363,2.7095268025500583,fing_x_face,9,0.01,face_G>ri_V>face_C,3,S1-Marcialis,rule,main,0.0031397342681884766,,,,
True,,,,,,0.009999095104515429,0.007751937984496124,0.010041603064858878,0.003861003861003861,1.1583011583011582,2.166187782466852,fing_x_face,9,0.01,face_G>ri_V>face_C,3,S2-Symmetric,rule,main,0.056299448013305664,,,,
False,,,,,,,,,,,,fing_x_face,9,0.01,face_G>ri_V>face_C,3,S4-Direct,rule,main,5.245208740234375e-06,,,,
True,0.5585491642956688,0.010000000000000618,0.46311556732833226,0.07828241538480887,0.009583530419337039,0.009848279190420172,0.07751937984496124,0.011119092514441351,0.07335907335907337,1.05019305019305,1.0240938613031636,fing_x_face,9,0.01,face_G>ri_V>li_V,3,HYP,GP,main,0.014755725860595703,0.01155308132052318,0.07335907335907337,0.012660501032594055,0.08108108108108109
True,0.060226176214270996,0.010000000000099783,0.05606225749710309,0.0017577068685776095,0.009675048450053002,0.00965221850209634,0.003875968992248062,0.011298674089371763,0.003861003861003861,1.135135135135135,2.6915686450570173,fing_x_face,9,0.01,face_G>ri_V>li_V,3,MONO,GP,main,0.02747654914855957,0.012361198407710036,0.003861003861003861,0.013124420101164287,0.003861003861003861
True,0.03367991014134278,0.010000000000001683,0.031081165993119247,0.00316114723651167,0.00938315001157268,0.010180074201429735,0.003875968992248062,0.011253778695639162,0.003861003861003861,1.1428571428571428,2.240908682769148,fing_x_face,9,0.01,face_G>ri_V>li_V,3,MONO-rel,GP,main,0.03464865684509277,0.012660501032594055,0.003861003861003861,0.013633234563467121,0.003861003861003861
True,0.062060132795201096,0.01000000000032585,0.05786118164261945,0.0017577068685776095,0.009765244820142127,0.009742708050553495,0.003875968992248062,0.011313639220615965,0.003861003861003861,1.135135135135135,2.691538714794529,fing_x_face,9,0.01,face_G>ri_V>li_V,3,LR-P1-N2,GP,main,0.030225276947021484,0.012376163538954236,0.003861003861003861,0.01315435036365269,0.003861003861003861
True,0.033603587617787485,0.010000000000002002,0.03104965520673925,0.003379157390753854,0.009293019101608313,0.010104666244382107,0.003875968992248062,0.011014336595731944,0.003861003861003861,1.1428571428571428,2.2412528807877643,fing_x_face,9,0.01,face_G>ri_V>li_V,3,LR-P1-N2-rel,GP,main,0.025023221969604492,0.012406093801442638,0.003861003861003861,0.013378827332315704,0.003861003861003861
True,0.09052985907272128,0.01000000000000989,0.08462685149406479,0.0018228071229693728,0.00919400114291092,0.009169607576991524,0.003875968992248062,0.01096944120199934,0.003861003861003861,1.138996138996139,2.692227110831762,fing_x_face,9,0.01,face_G>ri_V>li_V,3,LR-P2-N2,GP,main,0.028382539749145508,0.0118224536829188,0.003861003861003861,0.012690431295082457,0.003861003861003861
True,0.033468049252158315,0.010000000000002163,0.03040888060627772,0.00839339093832409,0.009371183934640304,0.010873827406267909,0.007751937984496124,0.011762593157941995,0.003861003861003861,1.1428571428571428,1.9375355421867049,fing_x_face,9,0.01,face_G>ri_V>li_V,3,LR-P2-N2-rel,GP,main,0.020953655242919922,0.013513513513513514,0.003861003861003861,0.01420190955074676,0.003861003861003861
True,0.062036237198924676,0.010000000000006977,0.0578407373538149,0.0018394606764184287,0.009407471244797664,0.009365668265315355,0.003875968992248062,0.010774894495824729,0.003861003861003861,1.135135135135135,2.691478854269552,fing_x_face,9,0.01,face_G>ri_V>li_V,3,LR-P1-N3,GP,main,0.020887136459350586,0.011627906976744186,0.003861003861003861,0.012480919457663643,0.003861003861003861
True,0.05636379514488427,0.010000000000000297,0.05268865632781903,0.0017577068685776095,0.009539753894919257,0.009516484179410612,0.003875968992248062,0.011253778695639162,0.003861003861003861,1.138996138996139,2.691658435844482,fing_x_face,9,0.01,face_G>ri_V>li_V,3,NLS-N2,GP,main,0.020384550094604492,0.012211547095268026,0.003861003861003861,0.01300469905121068,0.003861003861003861
True,0.06246959489100774,0.010000000000000137,0.05824901635348949,0.0018394606764184287,0.009392430568272206,0.00935058667390583,0.003875968992248062,0.010774894495824729,0.003861003861003861,1.135135135135135,2.691478854269552,fing_x_face,9,0.01,face_G>ri_V>li_V,3,DE-N2,GP,main,0.02658367156982422,0.011612941845499986,0.003861003861003861,0.012480919457663643,0.003861003861003861
True,0.13154203071720802,0.010000000000004889,0.11787065637925534,0.007890115894756996,0.00876179578295149,0.009727626459143969,0.003875968992248062,0.01050552213342911,0.003861003861003861,1.1428571428571428,1.8686211128071593,fing_x_face,9,0.01,face_G>ri_V>li_V,3,MAXMONO-K3,GP,main,0.029944658279418945,0.011927209601628207,0.003861003861003861,0.012795187213791866,0.003861003861003861
True,,,,,,0.008430609597924773,0.023255813953488372,0.00903893927149741,0.023166023166023165,1.4362934362934363,2.7095268025500583,fing_x_face,9,0.01,face_G>ri_V>li_V,3,S1-Marcialis,rule,main,0.0030183792114257812,,,,
True,,,,,,0.009999095104515429,0.007751937984496124,0.01049055700218491,0.003861003861003861,1.1583011583011582,2.166187782466852,fing_x_face,9,0.01,face_G>ri_V>li_V,3,S2-Symmetric,rule,main,0.0434575080871582,,,,
False,,,,,,,,,,,,fing_x_face,9,0.01,face_G>ri_V>li_V,3,S4-Direct,rule,main,5.245208740234375e-06,,,,
False,,,,,,,,,,,,fing_x_face,9,0.01,li_V>face_C>face_G,3,HYP,GP,main,0.022127628326416016,,,,
True,0.07651085413640102,0.010000000000008575,0.07274572920161874,0.0018749804932153655,0.00942580470225563,0.01033089011552499,0.0,0.010475591870940708,0.011583011583011582,1.1467181467181466,2.529795576307204,fing_x_face,9,0.01,li_V>face_C>face_G,3,MONO,GP,main,0.017931461334228516,0.011627906976744186,0.011583011583011582,0.013049594444943281,0.011583011583011582
True,0.06447779606989451,0.010000000000000004,0.061330861591774644,0.0018726513249008123,0.009871141828389546,0.0127590263324586,0.0,0.012795187213791866,0.011583011583011582,1.1467181467181466,2.2927927927927927,fing_x_face,9,0.01,li_V>face_C>face_G,3,MONO-rel,GP,main,0.018098115921020508,0.014007362844572147,0.007722007722007722,0.015429050312771243,0.011583011583011582
True,0.08348989929736397,0.01000000000000449,0.07903276229618945,0.001956501384224729,0.009311389037234573,0.01019515579283926,0.0,0.010296010296010296,0.011583011583011582,1.1467181467181466,2.529870401963425,fing_x_face,9,0.01,li_V>face_C>face_G,3,LR-P1-N2,GP,main,0.018941164016723633,0.011493220795546377,0.011583011583011582,0.012795187213791866,0.011583011583011582
True,0.064477796069894,0.010000000000000155,0.061330861596287804,0.0018726513249008123,0.009871141828389546,0.0127590263324586,0.0,0.012795187213791866,0.011583011583011582,1.1467181467181466,2.2927927927927927,fing_x_face,9,0.01,li_V>face_C>face_G,3,LR-P1-N2-rel,GP,main,0.01604294776916504,0.014007362844572147,0.007722007722007722,0.015429050312771243,0.011583011583011582
True,0.08346051331666032,0.01000000000000283,0.07873067507763383,0.0019984264138866877,0.009305818831396926,0.01002925828733448,0.0,0.00990691688366107,0.011583011583011582,1.1467181467181466,2.529556134207297,fing_x_face,9,0.01,li_V>face_C>face_G,3,LR-P2-N2,GP,main,0.016572952270507812,0.01108916225195295,0.007722007722007722,0.012450989195175241,0.011583011583011582
True,0.06694809949114272,0.010000000000003477,0.06338387176148463,0.0018330554635534071,0.00935786672633046,0.014252103882001628,0.0,0.013992397713327945,0.011583011583011582,1.1428571428571428,2.14487743557511,fing_x_face,9,0.01,li_V>face_C>face_G,3,LR-P2-N2-rel,GP,main,0.02650141716003418,0.015309329262817636,0.011583011583011582,0.016446679237376912,0.011583011583011582
True,0.08817719383694114,0.010000000000000174,0.08348364576306255,0.0018749804932153655,0.009462875292040374,0.010376134889753566,0.0,0.010550417527161713,0.011583011583011582,1.1467181467181466,2.529795576307204,fing_x_face,9,0.01,li_V>face_C>face_G,3,LR-P1-N3,GP,main,0.01806783676147461,0.01168776750172099,0.011583011583011582,0.01316931549489689,0.011583011583011582
True,0.07857118970925143,0.010000000000007635,0.07483455055841394,0.0017934596022060017,0.009748331510825606,0.010692848309353603,0.0,0.01080482475831313,0.011583011583011582,1.1467181467181466,2.5296010296010296,fing_x_face,9,0.01,li_V>face_C>face_G,3,NLS-N2,GP,main,0.01780414581298828,0.012002035257849212,0.007722007722007722,0.013453652988536709,0.011583011583011582
True,0.08658444595703027,0.010000000000000609,0.0822913820339878,0.0017934596022060017,0.009661739771495884,0.010617440352305975,0.0,0.010759929364580527,0.011583011583011582,1.1467181467181466,2.529645924994762,fing_x_face,9,0.01,li_V>face_C>face_G,3,DE-N2,GP,main,0.018959522247314453,0.01198707012660501,0.007722007722007722,0.013438687857292509,0.011583011583011582
True,0.09854287857315332,0.010000000000004516,0.09127868578018278,0.05942244079137686,0.008258773789576675,0.009606973727867764,0.05813953488372093,0.008485229415461974,0.04247104247104247,1.1158301158301158,1.5133788273323157,fing_x_face,9,0.01,li_V>face_C>face_G,3,MAXMONO-K3,GP,main,0.0358729362487793,0.01020621950854509,0.03474903474903475,0.011493220795546377,0.03474903474903475
True,,,,,,0.009999095104515429,0.01937984496124031,0.011268743826883362,0.03474903474903475,1.5135135135135136,2.5382957708539102,fing_x_face,9,0.01,li_V>face_C>face_G,3,S1-Marcialis,rule,main,0.0034193992614746094,,,,
True,,,,,,0.009999095104515429,0.01937984496124031,0.011268743826883362,0.03474903474903475,1.5135135135135136,2.5382957708539102,fing_x_face,9,0.01,li_V>face_C>face_G,3,S2-Symmetric,rule,main,0.029180526733398438,,,,
False,,,,,,,,,,,,fing_x_face,9,0.01,li_V>face_C>face_G,3,S4-Direct,rule,main,4.291534423828125e-06,,,,
False,,,,,,,,,,,,fing_x_face,9,0.01,li_V>face_C>ri_V,3,HYP,GP,main,0.01822495460510254,,,,
True,0.07513869677576056,0.010000000000155747,0.07202077890856791,0.0013276259392953522,0.00939777574840856,0.009591892136458238,0.003875968992248062,0.008634880727903983,0.003861003861003861,1.138996138996139,2.5272365388644458,fing_x_face,9,0.01,li_V>face_C>ri_V,3,MONO,GP,main,0.018764257431030273,0.010131393852324085,0.003861003861003861,0.010834755020801532,0.003861003861003861
True,0.06183968351242507,0.01000000000002776,0.059407952371383556,0.0011785591671639442,0.009318745669548264,0.009591892136458238,0.003875968992248062,0.008036275478135943,0.003861003861003861,1.1467181467181466,2.529466343419832,fing_x_face,9,0.01,li_V>face_C>ri_V,3,MONO-rel,GP,main,0.01982593536376953,0.009442997815090838,0.0,0.009996707671126277,0.003861003861003861
True,0.08219102731617271,0.010000000000004464,0.07842457788472233,0.0018985050931923536,0.009238622638921085,0.009441076222362984,0.003875968992248062,0.008545089940438778,0.003861003861003861,1.138996138996139,2.52725150399569,fing_x_face,9,0.01,li_V>face_C>ri_V,3,LR-P1-N2,GP,main,0.017624616622924805,0.009966777408637873,0.003861003861003861,0.010610278052138516,0.003861003861003861
True,0.06190576670770491,0.010000000000000155,0.059461034722988415,0.0011785591671639442,0.009304297101172327,0.009576810545048714,0.003875968992248062,0.008006345215647541,0.003861003861003861,1.1467181467181466,2.5294962736823203,fing_x_face,9,0.01,li_V>face_C>ri_V,3,LR-P1-N2-rel,GP,main,0.015796899795532227,0.009383137290114035,0.0,0.009981742539882075,0.003861003861003861
True,0.08163118904883485,0.010000000000017804,0.0779095377849293,0.001382943686765992,0.009296672777523655,0.00948632099659156,0.003875968992248062,0.00857502020292718,0.003861003861003861,1.138996138996139,2.5272963993894226,fing_x_face,9,0.01,li_V>face_C>ri_V,3,LR-P2-N2,GP,main,0.024531126022338867,0.009996707671126277,0.003861003861003861,0.010685103708359522,0.003861003861003861
True,0.06225392483516844,0.010000000000007048,0.0596412684004351,0.005558734870304921,0.008563242932756636,0.009079118028534372,0.007751937984496124,0.007497530753344707,0.003861003861003861,1.1467181467181466,2.31447726796564,fing_x_face,9,0.01,li_V>face_C>ri_V,3,LR-P2-N2-rel,GP,main,0.015321731567382812,0.008964113615276405,0.0,0.009667474783753854,0.003861003861003861
True,0.08689221234280113,0.010000000000003556,0.08290634248669185,0.001382943686765992,0.009340002622188568,0.009531565770820137,0.003875968992248062,0.008589985334171381,0.003861003861003861,1.138996138996139,2.5272814342581786,fing_x_face,9,0.01,li_V>face_C>ri_V,3,LR-P1-N3,GP,main,0.0175473690032959,0.010026637933614678,0.003861003861003861,0.010729999102092125,0.003861003861003861
True,0.07732463001863749,0.010000000000114402,0.07418870946296023,0.001281042573004287,0.008368583612352185,0.008551262329200978,0.003875968992248062,0.0073029840471700936,0.003861003861003861,1.1467181467181466,2.529645924994762,fing_x_face,9,0.01,li_V>face_C>ri_V,3,NLS-N2,GP,main,0.020651817321777344,0.008515159677950376,0.0,0.009293346502648828,0.003861003861003861
True,0.08527092488963939,0.01000000000000433,0.08167742078496998,0.0012723081918247126,0.009484435437738494,0.009682381684915392,0.003875968992248062,0.008709706384124988,0.003861003861003861,1.138996138996139,2.527161713208225,fing_x_face,9,0.01,li_V>face_C>ri_V,3,DE-N2,GP,main,0.018003225326538086,0.010191254377300889,0.003861003861003861,0.010894615545778337,0.003861003861003861
True,0.09464133152123388,0.010000000000001319,0.08780959329754273,0.0330201533617585,0.008172911323762595,0.00945615781377251,0.03488372093023256,0.007362844572146898,0.03088803088803089,1.111969111969112,1.5546676244350663,fing_x_face,9,0.01,li_V>face_C>ri_V,3,MAXMONO-K3,GP,main,0.030551671981811523,0.009188590583939421,0.03088803088803089,0.010385801083475503,0.023166023166023165
True,,,,,,0.008264712092419992,0.031007751937984496,0.0059561222351920025,0.03088803088803089,1.5135135135135136,2.5382957708539102,fing_x_face,9,0.01,li_V>face_C>ri_V,3,S1-Marcialis,rule,main,0.003316640853881836,,,,
True,,,,,,0.008264712092419992,0.031007751937984496,0.0059561222351920025,0.03088803088803089,1.5135135135135136,2.5382957708539102,fing_x_face,9,0.01,li_V>face_C>ri_V,3,S2-Symmetric,rule,main,0.029981613159179688,,,,
False,,,,,,,,,,,,fing_x_face,9,0.01,li_V>face_C>ri_V,3,S4-Direct,rule,main,4.0531158447265625e-06,,,,
False,,,,,,,,,,,,fing_x_face,9,0.01,li_V>face_G>face_C,3,HYP,GP,main,0.03243422508239746,,,,
True,0.08025222239325373,0.010000000000006596,0.07466353394211876,0.0021905827998373313,0.009936902093461777,0.010134829427201158,0.0,0.010460626739696508,0.011583011583011582,1.1467181467181466,2.769716560414235,fing_x_face,9,0.01,li_V>face_G>face_C,3,MONO,GP,main,0.017704486846923828,0.011568046451767382,0.007722007722007722,0.012899943132501273,0.011583011583011582
True,0.0663134130515556,0.01000000000000862,0.0625856262248751,0.007990910653569286,0.008864624433189111,0.011507254245467982,0.003875968992248062,0.010595312920894316,0.007722007722007722,1.1544401544401544,2.2230702463260603,fing_x_face,9,0.01,li_V>face_G>face_C,3,MONO-rel,GP,main,0.018492937088012695,0.012316303013977433,0.007722007722007722,0.013723025350932328,0.011583011583011582
True,0.08656914940222249,0.010000000000004979,0.08055381091356022,0.002305876631407717,0.00874925376124092,0.008928302114439115,0.0,0.008904253090299602,0.011583011583011582,1.1544401544401544,2.7725898656131216,fing_x_face,9,0.01,li_V>face_G>face_C,3,LR-P1-N2,GP,main,0.018578052520751953,0.009832091227440064,0.007722007722007722,0.011253778695639162,0.011583011583011582
True,0.06631341305155494,0.01000000000000885,0.06258562622487449,0.004220452985970487,0.009521256225113295,0.012261333815944258,0.0,0.011478255664302175,0.007722007722007722,1.1544401544401544,2.3837508604950464,fing_x_face,9,0.01,li_V>face_G>face_C,3,LR-P1-N2-rel,GP,main,0.02201390266418457,0.012795187213791866,0.007722007722007722,0.01433659573194457,0.011583011583011582
True,0.09085462057137628,0.010000000000005076,0.08211111761499934,0.0024937240559764367,0.009307443080080031,0.009516484179410612,0.0,0.00974230043997486,0.011583011583011582,1.1467181467181466,2.770404956451468,fing_x_face,9,0.01,li_V>face_G>face_C,3,LR-P2-N2,GP,main,0.02331399917602539,0.010939510939510939,0.007722007722007722,0.012031965520337614,0.011583011583011582
True,0.06960533667163965,0.010000000000000626,0.06542276929300535,0.005930062528852572,0.008900722092766336,0.014206859107773051,0.003875968992248062,0.012825117476280267,0.007722007722007722,1.1544401544401544,2.1984376402981054,fing_x_face,9,0.01,li_V>face_G>face_C,3,LR-P2-N2-rel,GP,main,0.018083572387695312,0.01391757205710694,0.007722007722007722,0.01553380623148065,0.007722007722007722
True,0.09121580924999462,0.010000000000000174,0.0849118301731004,0.002305876631407717,0.008905298430846035,0.009094199619943897,0.0,0.009068869533985812,0.011583011583011582,1.1544401544401544,2.772485109694412,fing_x_face,9,0.01,li_V>face_G>face_C,3,LR-P1-N3,GP,main,0.019810199737548828,0.010041603064858878,0.007722007722007722,0.011508185926790577,0.011583011583011582
True,0.08198669785682468,0.010000000000008566,0.07651069229614134,0.0022546349284875452,0.00906344449579424,0.009290260308267729,0.0,0.009143695190206818,0.011583011583011582,1.1544401544401544,2.7724551794319234,fing_x_face,9,0.01,li_V>face_G>face_C,3,NLS-N2,GP,main,0.02216482162475586,0.010176289246056689,0.007722007722007722,0.011597976714255784,0.011583011583011582
True,0.09036357888753749,0.010000000000028203,0.08402085837114191,0.002305876631407717,0.00891480847973132,0.009109281211353421,0.0,0.00902397414025321,0.011583011583011582,1.1544401544401544,2.7725300050881447,fing_x_face,9,0.01,li_V>face_G>face_C,3,DE-N2,GP,main,0.025635719299316406,0.009996707671126277,0.007722007722007722,0.011448325401813774,0.011583011583011582
True,0.10961756866893817,0.010000000000007643,0.0962120853466565,0.008695949902384557,0.008544385513222563,0.018444786293849727,0.003875968992248062,0.0162521325312023,0.011583011583011582,1.138996138996139,2.0095327886025562,fing_x_face,9,0.01,li_V>face_G>face_C,3,MAXMONO-K3,GP,main,0.03766918182373047,0.01759899434318039,0.011583011583011582,0.01879620484271647,0.011583011583011582
True,,,,,,0.009999095104515429,0.015503875968992248,0.006868995241088264,0.023166023166023165,1.4555984555984556,2.783035527221574,fing_x_face,9,0.01,li_V>face_G>face_C,3,S1-Marcialis,rule,main,0.0035924911499023438,,,,
True,,,,,,0.009999095104515429,0.015503875968992248,0.006868995241088264,0.023166023166023165,1.4555984555984556,2.783035527221574,fing_x_face,9,0.01,li_V>face_G>face_C,3,S2-Symmetric,rule,main,0.05172991752624512,,,,
False,,,,,,,,,,,,fing_x_face,9,0.01,li_V>face_G>face_C,3,S4-Direct,rule,main,5.0067901611328125e-06,,,,
False,,,,,,,,,,,,fing_x_face,9,0.01,li_V>face_G>ri_V,3,HYP,GP,main,0.016967058181762695,,,,
True,0.07949978828342506,0.010000000000021525,0.07417715116191871,0.0025313401242564714,0.008694307059542784,0.00864175187765813,0.003875968992248062,0.009951812277393673,0.007722007722007722,1.1467181467181466,2.7694771183143274,fing_x_face,9,0.01,li_V>face_G>ri_V,3,MONO,GP,main,0.02633357048034668,0.011178953039418156,0.007722007722007722,0.011957139864116608,0.007722007722007722
True,0.06378566308785354,0.010000000000004988,0.06073094273063282,0.002270939106689418,0.008719630513054799,0.008702078243296232,0.003875968992248062,0.009727335308730658,0.003861003861003861,1.1505791505791505,2.7713327945886084,fing_x_face,9,0.01,li_V>face_G>ri_V,3,MONO-rel,GP,main,0.018176555633544922,0.011163987908173955,0.003861003861003861,0.011912244470384005,0.007722007722007722
True,0.08609690476763587,0.010000000000069042,0.08022954106574816,0.0025313401242564714,0.00878101259016545,0.008732241426115284,0.003875968992248062,0.010011672802370477,0.007722007722007722,1.1467181467181466,2.769417257789351,fing_x_face,9,0.01,li_V>face_G>ri_V,3,LR-P1-N2,GP,main,0.019930601119995117,0.011268743826883362,0.007722007722007722,0.012076860914070217,0.007722007722007722
True,0.06387274843241358,0.010000000000038915,0.060799196482616606,0.002270939106689418,0.008705168392930344,0.008686996651886707,0.003875968992248062,0.009682439914998054,0.007722007722007722,1.1544401544401544,2.7713776899823412,fing_x_face,9,0.01,li_V>face_G>ri_V,3,LR-P1-N2-rel,GP,main,0.018315553665161133,0.011134057645685553,0.003861003861003861,0.0118224536829188,0.007722007722007722
True,0.08986405810258777,0.010000000000213772,0.08156085798999302,0.0027614619537343326,0.008029564658103127,0.007963080264229481,0.003875968992248062,0.009113764927718416,0.007722007722007722,1.1467181467181466,2.770315165664003,fing_x_face,9,0.01,li_V>face_G>ri_V,3,LR-P2-N2,GP,main,0.021704435348510742,0.010355870820987101,0.007722007722007722,0.010939510939510939,0.007722007722007722
True,0.06521614494116502,0.010000000000001594,0.06189614803493841,0.002813635323980325,0.008522069624386445,0.0085060175549724,0.003875968992248062,0.009383137290114035,0.007722007722007722,1.1544401544401544,2.7393223788572625,fing_x_face,9,0.01,li_V>face_G>ri_V,3,LR-P2-N2-rel,GP,main,0.026370525360107422,0.010939510939510939,0.003861003861003861,0.011702732632965191,0.007722007722007722
True,0.09076246738158643,0.010000000000009055,0.08460416395144034,0.0025313401242564714,0.008882169042558417,0.008837812565981963,0.003875968992248062,0.010101463589835684,0.007722007722007722,1.1467181467181466,2.7693274670018857,fing_x_face,9,0.01,li_V>face_G>ri_V,3,LR-P1-N3,GP,main,0.028932809829711914,0.011328604351860165,0.007722007722007722,0.012151686570291222,0.007722007722007722
True,0.08126462563813362,0.01000000000028288,0.07605789969725836,0.002433980888708146,0.00927173707896227,0.009229933942629626,0.003875968992248062,0.010430696477208104,0.007722007722007722,1.1467181467181466,2.7693274670018857,fing_x_face,9,0.01,li_V>face_G>ri_V,3,NLS-N2,GP,main,0.028927326202392578,0.011852383945407201,0.007722007722007722,0.012630570770105654,0.007722007722007722
True,0.08979111690235034,0.010000000000009801,0.08365874078461974,0.0025313401242564714,0.008853267199017495,0.008807649383162912,0.003875968992248062,0.010101463589835684,0.007722007722007722,1.1467181467181466,2.7693274670018857,fing_x_face,9,0.01,li_V>face_G>ri_V,3,DE-N2,GP,main,0.036675453186035156,0.011313639220615965,0.007722007722007722,0.01213672143904702,0.007722007722007722
True,0.10983309811509728,0.010000000000006391,0.09552586318361307,0.006286308822563493,0.008609420336778102,0.009199770759810575,0.003875968992248062,0.010026637933614678,0.003861003861003861,1.1467181467181466,2.0811259764748136,fing_x_face,9,0.01,li_V>face_G>ri_V,3,MAXMONO-K3,GP,main,0.05496716499328613,0.011373499745592769,0.0,0.012031965520337614,0.0
True,,,,,,0.00945615781377251,0.023255813953488372,0.007707042590763521,0.011583011583011582,1.4555984555984556,2.783035527221574,fing_x_face,9,0.01,li_V>face_G>ri_V,3,S1-Marcialis,rule,main,0.0033066272735595703,,,,
True,,,,,,0.00945615781377251,0.023255813953488372,0.007707042590763521,0.011583011583011582,1.4555984555984556,2.783035527221574,fing_x_face,9,0.01,li_V>face_G>ri_V,3,S2-Symmetric,rule,main,0.04062294960021973,,,,
False,,,,,,,,,,,,fing_x_face,9,0.01,li_V>face_G>ri_V,3,S4-Direct,rule,main,5.0067901611328125e-06,,,,
False,,,,,,,,,,,,fing_x_face,9,0.01,li_V>ri_V>face_C,3,HYP,GP,main,0.03859210014343262,,,,
True,0.07799427575425044,0.010000000000000928,0.07331041586551876,0.0016042146766485506,0.008740918485884205,0.008717159834705758,0.003875968992248062,0.007916554428182334,0.003861003861003861,1.1737451737451738,2.9105534105534105,fing_x_face,9,0.01,li_V>ri_V>face_C,3,MONO,GP,main,0.018800735473632812,0.009248451108916225,0.003861003861003861,0.009996707671126277,0.003861003861003861
True,0.06493556370051727,0.010000000000007891,0.06120582454825769,0.003305788588845427,0.009461537493780356,0.009908605556058275,0.007751937984496124,0.009083834665230014,0.015444015444015444,1.1583011583011582,2.4053904402741613,fing_x_face,9,0.01,li_V>ri_V>face_C,3,MONO-rel,GP,main,0.019692182540893555,0.010879650414534136,0.011583011583011582,0.011627906976744186,0.015444015444015444
True,0.08404329218287361,0.010000000000001435,0.07919954283821201,0.0016042146766485506,0.008784292207214916,0.008762404608934335,0.003875968992248062,0.007916554428182334,0.003861003861003861,1.1737451737451738,2.9105534105534105,fing_x_face,9,0.01,li_V>ri_V>face_C,3,LR-P1-N2,GP,main,0.03139519691467285,0.009263416240160426,0.003861003861003861,0.010026637933614678,0.003861003861003861
True,0.06479143162204697,0.010000000000002545,0.061129823451126636,0.007094763144544925,0.008979865311107236,0.00975778964196302,0.011627906976744186,0.008919218221543804,0.015444015444015444,1.1583011583011582,2.249992517434378,fing_x_face,9,0.01,li_V>ri_V>face_C,3,LR-P1-N2-rel,GP,main,0.030515670776367188,0.010759929364580527,0.011583011583011582,0.011478255664302175,0.015444015444015444
True,0.083794373499903,0.010000000000000146,0.07877695301394723,0.0016042146766485506,0.008784292207214916,0.008762404608934335,0.003875968992248062,0.007916554428182334,0.003861003861003861,1.1737451737451738,2.9105534105534105,fing_x_face,9,0.01,li_V>ri_V>face_C,3,LR-P2-N2,GP,main,0.018168926239013672,0.009263416240160426,0.003861003861003861,0.010026637933614678,0.003861003861003861
True,0.0661303834099173,0.010000000000007758,0.062007445280306196,0.004969746432762268,0.008476510712442977,0.009124362802762947,0.015503875968992248,0.008395438627996767,0.019305019305019305,1.1544401544401544,2.1766184789440604,fing_x_face,9,0.01,li_V>ri_V>face_C,3,LR-P2-N2-rel,GP,main,0.01757073402404785,0.010370835952231301,0.019305019305019305,0.010894615545778337,0.019305019305019305
True,0.088699666215078,0.01000000000031911,0.08362380099222244,0.0016042146766485506,0.008885497556986685,0.008867975748801013,0.003875968992248062,0.008051240609380145,0.003861003861003861,1.1737451737451738,2.9105534105534105,fing_x_face,9,0.01,li_V>ri_V>face_C,3,LR-P1-N3,GP,main,0.026016712188720703,0.009368172158869833,0.003861003861003861,0.010116428721079884,0.003861003861003861
True,0.07973725332742823,0.010000000001989418,0.07523784237273536,0.0014382614342366316,0.009491849502799105,0.009471239405182035,0.003875968992248062,0.008679776121636586,0.003861003861003861,1.16988416988417,2.9100445960911077,fing_x_face,9,0.01,li_V>ri_V>face_C,3,NLS-N2,GP,main,0.02300548553466797,0.010131393852324085,0.003861003861003861,0.010789859627068929,0.003861003861003861
True,0.08773178293200687,0.010000000000005725,0.08266432323800096,0.0016042146766485506,0.00889995546409703,0.008883057340210538,0.003875968992248062,0.008066205740624345,0.003861003861003861,1.1737451737451738,2.9105534105534105,fing_x_face,9,0.01,li_V>ri_V>face_C,3,DE-N2,GP,main,0.021141529083251953,0.009398102421358235,0.003861003861003861,0.010116428721079884,0.003861003861003861
True,0.09264877109236141,0.010000000000009472,0.08460700045733417,0.008952624250648324,0.008045080844197399,0.008762404608934335,0.031007751937984496,0.008485229415461974,0.03088803088803089,1.138996138996139,1.991424979797073,fing_x_face,9,0.01,li_V>ri_V>face_C,3,MAXMONO-K3,GP,main,0.0400543212890625,0.010101463589835684,0.02702702702702703,0.010370835952231301,0.03088803088803089
True,,,,,,0.009999095104515429,0.011627906976744186,0.006794169584867259,0.003861003861003861,1.4517374517374517,2.9226003412049923,fing_x_face,9,0.01,li_V>ri_V>face_C,3,S1-Marcialis,rule,main,0.0024361610412597656,,,,
True,,,,,,0.009999095104515429,0.011627906976744186,0.006794169584867259,0.003861003861003861,1.4517374517374517,2.9226003412049923,fing_x_face,9,0.01,li_V>ri_V>face_C,3,S2-Symmetric,rule,main,0.01446843147277832,,,,
False,,,,,,,,,,,,fing_x_face,9,0.01,li_V>ri_V>face_C,3,S4-Direct,rule,main,4.0531158447265625e-06,,,,
False,,,,,,,,,,,,fing_x_face,9,0.01,li_V>ri_V>face_G,3,HYP,GP,main,0.015096187591552734,,,,
True,0.078830225715514,0.010000000000000049,0.07359297114145183,0.0025313401242564714,0.009072772771456716,0.009064036437124846,0.003875968992248062,0.010281045164766096,0.007722007722007722,1.16988416988417,2.9100445960911077,fing_x_face,9,0.01,li_V>ri_V>face_G,3,MONO,GP,main,0.01809859275817871,0.011657837239232588,0.007722007722007722,0.012436024063931041,0.007722007722007722
True,0.06532981973205504,0.010000000000000307,0.06139632390036627,0.0038412643843612187,0.009063945484832052,0.00948632099659156,0.007751937984496124,0.010445661608452306,0.015444015444015444,1.1583011583011582,2.4053904402741613,fing_x_face,9,0.01,li_V>ri_V>face_G,3,MONO-rel,GP,main,0.02494025230407715,0.012406093801442638,0.015444015444015444,0.012989733919966478,0.015444015444015444
True,0.08504515265251365,0.010000000000845888,0.07953006039585785,0.002473809666887006,0.009217281989161018,0.0092148523512201,0.003875968992248062,0.010385801083475503,0.007722007722007722,1.16988416988417,2.9100445960911077,fing_x_face,9,0.01,li_V>ri_V>face_G,3,LR-P1-N2,GP,main,0.0337834358215332,0.011792523420430398,0.003861003861003861,0.012645535901349855,0.007722007722007722
True,0.06519188076687076,0.010000000000005733,0.061328430939123185,0.00761614747175767,0.008628089947112462,0.009245015534039152,0.011627906976744186,0.010041603064858878,0.015444015444015444,1.1583011583011582,2.249992517434378,fing_x_face,9,0.01,li_V>ri_V>face_G,3,LR-P1-N2-rel,GP,main,0.01938652992248535,0.012166651701535422,0.015444015444015444,0.012630570770105654,0.015444015444015444
True,0.0848599445514394,0.010000000000176743,0.07906983535007239,0.0025888705816259367,0.008740401570736887,0.008732241426115284,0.003875968992248062,0.009951812277393673,0.007722007722007722,1.16988416988417,2.9100445960911077,fing_x_face,9,0.01,li_V>ri_V>face_G,3,LR-P2-N2,GP,main,0.032540082931518555,0.011208883301906558,0.007722007722007722,0.011912244470384005,0.007722007722007722
True,0.06668796278322889,0.010000000000004889,0.062286659301438965,0.005047191279221163,0.008475978080281065,0.009003710071486743,0.015503875968992248,0.009487893208823442,0.023166023166023165,1.1505791505791505,2.1761096644817575,fing_x_face,9,0.01,li_V>ri_V>face_G,3,LR-P2-N2-rel,GP,main,0.023488283157348633,0.011283708958127563,0.023166023166023165,0.011657837239232588,0.023166023166023165
True,0.08970138009791263,0.010000000000000387,0.08393916904754711,0.0023587487521480755,0.009303987519783577,0.009305341899677255,0.003875968992248062,0.010565382658405915,0.007722007722007722,1.16988416988417,2.9100445960911077,fing_x_face,9,0.01,li_V>ri_V>face_G,3,LR-P1-N3,GP,main,0.04546713829040527,0.011852383945407201,0.003861003861003861,0.012780222082547664,0.007722007722007722
True,0.08044112853812038,0.010000000000908602,0.07547362195681799,0.002473809666887006,0.009260634754472244,0.009260097125448678,0.003875968992248062,0.010520487264673311,0.007722007722007722,1.16988416988417,2.9100445960911077,fing_x_face,9,0.01,li_V>ri_V>face_G,3,NLS-N2,GP,main,0.04643106460571289,0.011837418814163,0.003861003861003861,0.012750291820059262,0.007722007722007722
True,0.08866683276077929,0.010000000000000031,0.08295714970375744,0.002416279209517541,0.009289536598013168,0.009290260308267729,0.003875968992248062,0.010535452395917513,0.007722007722007722,1.16988416988417,2.9100445960911077,fing_x_face,9,0.01,li_V>ri_V>face_G,3,DE-N2,GP,main,0.027739763259887695,0.011852383945407201,0.003861003861003861,0.012780222082547664,0.007722007722007722
True,0.09694557477387993,0.010000000000001443,0.0862739618437784,0.0052308462008236875,0.008067257551818212,0.00820438572678189,0.015503875968992248,0.008859357696566999,0.023166023166023165,1.1505791505791505,2.106895932477328,fing_x_face,9,0.01,li_V>ri_V>face_G,3,MAXMONO-K3,GP,main,0.04483318328857422,0.010610278052138516,0.023166023166023165,0.01080482475831313,0.023166023166023165
True,,,,,,0.009999095104515429,0.003875968992248062,0.011657837239232588,0.003861003861003861,1.4517374517374517,2.9226003412049923,fing_x_face,9,0.01,li_V>ri_V>face_G,3,S1-Marcialis,rule,main,0.003204345703125,,,,
True,,,,,,0.009999095104515429,0.003875968992248062,0.011657837239232588,0.003861003861003861,1.4517374517374517,2.9226003412049923,fing_x_face,9,0.01,li_V>ri_V>face_G,3,S2-Symmetric,rule,main,0.019974470138549805,,,,
False,,,,,,,,,,,,fing_x_face,9,0.01,li_V>ri_V>face_G,3,S4-Direct,rule,main,5.4836273193359375e-06,,,,
False,,,,,,,,,,,,fing_x_face,9,0.01,ri_V>face_C>face_G,3,HYP,GP,main,0.06638360023498535,,,,
True,0.05053565886689511,0.010000000000001062,0.04807855932501888,0.0010781137835988352,0.00898968517284933,0.009878442373239224,0.003875968992248062,0.009442997815090838,0.003861003861003861,1.0810810810810811,2.5929334650264884,fing_x_face,9,0.01,ri_V>face_C>face_G,3,MONO,GP,main,0.03165483474731445,0.010370835952231301,0.0,0.011433360270569574,0.003861003861003861
True,0.03552681144176627,0.010000000000012306,0.03382631432183067,0.001076774511817967,0.00948121722407365,0.012351823364401411,0.0,0.01167280237047679,0.003861003861003861,1.0810810810810811,2.354508994043878,fing_x_face,9,0.01,ri_V>face_C>face_G,3,MONO-rel,GP,main,0.04685354232788086,0.012645535901349855,0.0,0.013663164825955523,0.003861003861003861
True,0.05035081329538314,0.01000000000000195,0.04764336777778136,0.001120912251378751,0.009696498106165987,0.010526950803848823,0.003875968992248062,0.009981742539882075,0.003861003861003861,1.0772200772200773,2.5914668821645566,fing_x_face,9,0.01,ri_V>face_C>face_G,3,LR-P1-N2,GP,main,0.03169393539428711,0.010939510939510939,0.003861003861003861,0.011852383945407201,0.003861003861003861
True,0.03458248396610493,0.010000000000000706,0.03291534606389149,0.001076774511817967,0.009399629910393597,0.012306578590172835,0.0,0.011642872107988388,0.003861003861003861,1.0810810810810811,2.3498847684894195,fing_x_face,9,0.01,ri_V>face_C>face_G,3,LR-P1-N2-rel,GP,main,0.0320124626159668,0.012615605638861454,0.0,0.013633234563467121,0.003861003861003861
True,0.05122834893419818,0.010000000000004188,0.048313995718619336,0.0010991345276376782,0.009749455568280068,0.01046662443821072,0.003875968992248062,0.009502858340067642,0.003861003861003861,1.0772200772200773,2.59112268414594,fing_x_face,9,0.01,ri_V>face_C>face_G,3,LR-P2-N2,GP,main,0.033857107162475586,0.010565382658405915,0.0,0.011612941845499986,0.003861003861003861
True,0.03273222742201341,0.010000000000001478,0.031093757743549225,0.004825221538844239,0.009417441785827596,0.01428226706482068,0.003875968992248062,0.013498548382269313,0.003861003861003861,1.0810810810810811,2.2090179880877554,fing_x_face,9,0.01,ri_V>face_C>face_G,3,LR-P2-N2-rel,GP,main,0.021489858627319336,0.014486247044386578,0.0,0.015204573344108227,0.003861003861003861
True,0.0503856013517262,0.010000000000006542,0.047657811573015615,0.001120912251378751,0.009686891529627907,0.010526950803848823,0.003875968992248062,0.009936847146149471,0.003861003861003861,1.0772200772200773,2.5914668821645566,fing_x_face,9,0.01,ri_V>face_C>face_G,3,LR-P1-N3,GP,main,0.020158052444458008,0.010924545808266739,0.003861003861003861,0.011837418814163,0.003861003861003861
True,0.04637476397314516,0.010000000000012466,0.04413000042027275,0.0010781137835988352,0.008867848761746696,0.009727626459143969,0.003875968992248062,0.009128730058962618,0.003861003861003861,1.0810810810810811,2.5930382209451976,fing_x_face,9,0.01,ri_V>face_C>face_G,3,NLS-N2,GP,main,0.025952577590942383,0.010116428721079884,0.0,0.011059231989464548,0.003861003861003861
True,0.05002976273903412,0.010000000000055551,0.047509996282772554,0.0010760757613236009,0.009893022845579389,0.010753174674991706,0.003875968992248062,0.010086498458591482,0.003861003861003861,1.0772200772200773,2.5913770913770913,fing_x_face,9,0.01,ri_V>face_C>face_G,3,DE-N2,GP,main,0.019167661666870117,0.011119092514441351,0.003861003861003861,0.012061895782826015,0.003861003861003861
True,0.08476678127026332,0.010000000000003992,0.07898604304412526,0.027817431868333048,0.008206358258014407,0.009833197599010647,0.027131782945736434,0.008170961659333752,0.023166023166023165,1.0463320463320462,1.335473347101254,fing_x_face,9,0.01,ri_V>face_C>face_G,3,MAXMONO-K3,GP,main,0.037403106689453125,0.009727335308730658,0.023166023166023165,0.010251114902277692,0.023166023166023165
True,,,,,,0.009999095104515429,0.003875968992248062,0.011298674089371763,0.007722007722007722,1.250965250965251,2.599488192511448,fing_x_face,9,0.01,ri_V>face_C>face_G,3,S1-Marcialis,rule,main,0.003390073776245117,,,,
True,,,,,,0.009999095104515429,0.003875968992248062,0.008919218221543804,0.003861003861003861,1.0965250965250966,2.588234413815809,fing_x_face,9,0.01,ri_V>face_C>face_G,3,S2-Symmetric,rule,main,0.02991032600402832,,,,
False,,,,,,,,,,,,fing_x_face,9,0.01,ri_V>face_C>face_G,3,S4-Direct,rule,main,4.291534423828125e-06,,,,
False,,,,,,,,,,,,fing_x_face,9,0.01,ri_V>face_C>li_V,3,HYP,GP,main,0.04039144515991211,,,,
True,0.05054212958087874,0.010000000000021632,0.04805384086563311,0.0011836833374559612,0.009515206222054536,0.00962205531927729,0.003875968992248062,0.00785669390320553,0.003861003861003861,1.0772200772200773,2.5910179282272305,fing_x_face,9,0.01,ri_V>face_C>li_V,3,MONO,GP,main,0.0328214168548584,0.0088892879590554,0.0,0.00947292807757924,0.003861003861003861
True,0.036815980862210836,0.01000000000000385,0.03463707495170127,0.001414271000596733,0.008881686217222374,0.009124362802762947,0.003875968992248062,0.006809134716111461,0.003861003861003861,1.0772200772200773,2.3242345335368593,fing_x_face,9,0.01,ri_V>face_C>li_V,3,MONO-rel,GP,main,0.023478031158447266,0.008305647840531562,0.0,0.008589985334171381,0.003861003861003861
True,0.0502834981165994,0.010000000000001933,0.04757659065838461,0.0011836833374559612,0.009260583359383024,0.009365668265315355,0.003875968992248062,0.007722007722007722,0.003861003861003861,1.0772200772200773,2.5911526144084283,fing_x_face,9,0.01,ri_V>face_C>li_V,3,LR-P1-N2,GP,main,0.030126094818115234,0.008769566909101793,0.0,0.00930831163389303,0.003861003861003861
True,0.035888001710253026,0.010000000000001265,0.03374798217803479,0.001414271000596733,0.008798306381287858,0.009064036437124846,0.003875968992248062,0.006779204453623058,0.003861003861003861,1.0772200772200773,2.319834784951064,fing_x_face,9,0.01,ri_V>face_C>li_V,3,LR-P1-N2-rel,GP,main,0.029660463333129883,0.008260752446798959,0.0,0.008530124809194576,0.003861003861003861
True,0.05091222347771424,0.010000000000033754,0.048167599981144,0.0011836833374559612,0.009320494621188008,0.009425994630953458,0.003875968992248062,0.007751937984496124,0.003861003861003861,1.0772200772200773,2.59112268414594,fing_x_face,9,0.01,ri_V>face_C>li_V,3,LR-P2-N2,GP,main,0.031774044036865234,0.008799497171590195,0.0,0.009353207027625631,0.003861003861003861
True,0.036248842784312334,0.010000000000000946,0.03348035270090642,0.0017745351096502568,0.009156697679925625,0.010104666244382107,0.003875968992248062,0.007362844572146898,0.003861003861003861,1.0810810810810811,2.093816407769896,fing_x_face,9,0.01,ri_V>face_C>li_V,3,LR-P2-N2-rel,GP,main,0.02590203285217285,0.00872467151536919,0.0,0.009009009009009009,0.003861003861003861
True,0.05031092905328514,0.010000000000017564,0.04758248769611182,0.0012118662740620554,0.008618411588729332,0.00861158869483908,0.003875968992248062,0.007168297865972285,0.003861003861003861,1.0772200772200773,2.5911376492771843,fing_x_face,9,0.01,ri_V>face_C>li_V,3,LR-P1-N3,GP,main,0.027725934982299805,0.008335578103019964,0.0,0.008814462302834395,0.003861003861003861
True,0.04635845222670723,0.010000000000003966,0.0440855690183856,0.0011836833374559612,0.00953018403750578,0.009637136910686815,0.003875968992248062,0.00785669390320553,0.003861003861003861,1.0772200772200773,2.5910179282272305,fing_x_face,9,0.01,ri_V>face_C>li_V,3,NLS-N2,GP,main,0.0208737850189209,0.0088892879590554,0.0,0.009487893208823442,0.003861003861003861
True,0.04995652587323712,0.010000000000000155,0.04743778474890581,0.0011836833374559612,0.009440317144798196,0.009546647362229663,0.003875968992248062,0.007826763640717129,0.003861003861003861,1.0772200772200773,2.591047858489719,fing_x_face,9,0.01,ri_V>face_C>li_V,3,DE-N2,GP,main,0.04956340789794922,0.008859357696566999,0.0,0.009413067552602437,0.003861003861003861
True,0.0856417238649112,0.010000000000009081,0.07917805252063435,0.02063404386941937,0.008809653379877764,0.010647603535125026,0.023255813953488372,0.007961449821914938,0.019305019305019305,1.05019305019305,1.3602406393104067,fing_x_face,9,0.01,ri_V>face_C>li_V,3,MAXMONO-K3,GP,main,0.05135631561279297,0.010101463589835684,0.011583011583011582,0.010026637933614678,0.015444015444015444
True,,,,,,0.007103429553886526,0.027131782945736434,0.00665948340366945,0.03861003861003861,1.250965250965251,2.599488192511448,fing_x_face,9,0.01,ri_V>face_C>li_V,3,S1-Marcialis,rule,main,0.003215312957763672,,,,
True,,,,,,0.00962205531927729,0.01937984496124031,0.008245787315554757,0.023166023166023165,1.0965250965250966,2.588234413815809,fing_x_face,9,0.01,ri_V>face_C>li_V,3,S2-Symmetric,rule,main,0.033215999603271484,,,,
False,,,,,,,,,,,,fing_x_face,9,0.01,ri_V>face_C>li_V,3,S4-Direct,rule,main,4.0531158447265625e-06,,,,
False,,,,,,,,,,,,fing_x_face,9,0.01,ri_V>face_G>face_C,3,HYP,GP,main,0.031002044677734375,,,,
True,0.05281080640148019,0.010000000000002163,0.049156575626093185,0.0012682321472742442,0.009367208589979864,0.009531565770820137,0.003875968992248062,0.008754601777857592,0.003861003861003861,1.0733590733590734,2.845021100835054,fing_x_face,9,0.01,ri_V>face_G>face_C,3,MONO,GP,main,0.029626846313476562,0.009502858340067642,0.0,0.010550417527161713,0.003861003861003861
True,0.03639403624829725,0.010000000000003513,0.034381232581573246,0.0023731895956983057,0.009141519177440029,0.011944620396344223,0.003875968992248062,0.010236149771033492,0.0,1.0810810810810811,2.452440812905929,fing_x_face,9,0.01,ri_V>face_G>face_C,3,MONO-rel,GP,main,0.01784658432006836,0.01138846487683697,0.0,0.01257071024512885,0.003861003861003861
True,0.05223102453245676,0.010000000000000954,0.04858378968547592,0.001325879063059437,0.009116055945381622,0.009275178716858203,0.003875968992248062,0.00857502020292718,0.003861003861003861,1.0733590733590734,2.8450510310975425,fing_x_face,9,0.01,ri_V>face_G>face_C,3,LR-P1-N2,GP,main,0.022312402725219727,0.009248451108916225,0.0,0.0103409056897429,0.003861003861003861
True,0.03545557843945529,0.0100000000000072,0.03348283417275433,0.0024267604669330305,0.009051854969366361,0.011869212439296594,0.003875968992248062,0.010191254377300889,0.0,1.0810810810810811,2.4464248301457605,fing_x_face,9,0.01,ri_V>face_G>face_C,3,LR-P1-N2-rel,GP,main,0.021285295486450195,0.011358534614348569,0.0,0.012510849720152045,0.003861003861003861
True,0.05577019937453132,0.010000000000015245,0.05039153224318031,0.0014437349797758315,0.00850011726571575,0.008702078243296232,0.003875968992248062,0.007751937984496124,0.003861003861003861,1.0733590733590734,2.845814252790997,fing_x_face,9,0.01,ri_V>face_G>face_C,3,LR-P2-N2,GP,main,0.018361330032348633,0.008649845859148185,0.003861003861003861,0.00947292807757924,0.003861003861003861
True,0.03360891018763602,0.010000000000000262,0.03168380845588473,0.0030642538346262547,0.009032629062741625,0.014493409344554037,0.007751937984496124,0.012121756307802819,0.0,1.0810810810810811,2.2822872706593635,fing_x_face,9,0.01,ri_V>face_G>face_C,3,LR-P2-N2-rel,GP,main,0.01596236228942871,0.013184280626141092,0.0,0.014411421388165575,0.0
True,0.05222986359999818,0.010000000000310484,0.048583582505171204,0.001325879063059437,0.009128468186776638,0.009290260308267729,0.003875968992248062,0.008634880727903983,0.003861003861003861,1.0733590733590734,2.8450510310975425,fing_x_face,9,0.01,ri_V>face_G>face_C,3,LR-P1-N3,GP,main,0.018450260162353516,0.00930831163389303,0.0,0.010385801083475503,0.003861003861003861
True,0.048507915712761494,0.010000000000001771,0.0452292552995453,0.0012682321472742442,0.009309900274855749,0.009471239405182035,0.003875968992248062,0.008709706384124988,0.003861003861003861,1.0733590733590734,2.8450510310975425,fing_x_face,9,0.01,ri_V>face_G>face_C,3,NLS-N2,GP,main,0.01915740966796875,0.009428032683846637,0.0,0.010460626739696508,0.003861003861003861
True,0.05232552740028746,0.010000000000309766,0.04861777826013568,0.0012682321472742442,0.009168260518984773,0.00932042349108678,0.003875968992248062,0.008634880727903983,0.003861003861003861,1.0733590733590734,2.8450510310975425,fing_x_face,9,0.01,ri_V>face_G>face_C,3,DE-N2,GP,main,0.02575087547302246,0.009338241896381431,0.0,0.010400766214719703,0.003861003861003861
True,0.09168680652620305,0.010000000000009864,0.07914306897149417,0.0059850309010760295,0.00896329504932146,0.018022501734383013,0.003875968992248062,0.014261770075723565,0.003861003861003861,1.0656370656370657,2.037667235341654,fing_x_face,9,0.01,ri_V>face_G>face_C,3,MAXMONO-K3,GP,main,0.03640890121459961,0.015339259525306037,0.003861003861003861,0.01640178384364431,0.003861003861003861
True,,,,,,0.009999095104515429,0.007751937984496124,0.006839064978599862,0.011583011583011582,1.22007722007722,2.8547634012750294,fing_x_face,9,0.01,ri_V>face_G>face_C,3,S1-Marcialis,rule,main,0.002833127975463867,,,,
True,,,,,,0.009999095104515429,0.007751937984496124,0.006839064978599862,0.011583011583011582,1.22007722007722,2.8547634012750294,fing_x_face,9,0.01,ri_V>face_G>face_C,3,S2-Symmetric,rule,main,0.04714226722717285,,,,
False,,,,,,,,,,,,fing_x_face,9,0.01,ri_V>face_G>face_C,3,S4-Direct,rule,main,4.5299530029296875e-06,,,,
False,,,,,,,,,,,,fing_x_face,9,0.01,ri_V>face_G>li_V,3,HYP,GP,main,0.027807235717773438,,,,
True,0.05360430613356225,0.010000000000120966,0.04941841830242305,0.002258478056206558,0.008457993334731725,0.008385364823696196,0.003875968992248062,0.009143695190206818,0.003861003861003861,1.0733590733590734,2.8443626350603095,fing_x_face,9,0.01,ri_V>face_G>li_V,3,MONO,GP,main,0.024836063385009766,0.010296010296010296,0.003861003861003861,0.01096944120199934,0.003861003861003861
True,0.03810917858843989,0.010000000000002323,0.03541343728922016,0.0031124676187375072,0.008734726603318786,0.008973546888667692,0.003875968992248062,0.009817126096195864,0.003861003861003861,1.0772200772200773,2.448998832719763,fing_x_face,9,0.01,ri_V>face_G>li_V,3,MONO-rel,GP,main,0.019803285598754883,0.011193918170662356,0.003861003861003861,0.01167280237047679,0.003861003861003861
True,0.053092656850203146,0.010000000000000226,0.04886613344747434,0.002258478056206558,0.008442999664227603,0.008370283232286672,0.003875968992248062,0.009143695190206818,0.003861003861003861,1.0733590733590734,2.8443626350603095,fing_x_face,9,0.01,ri_V>face_G>li_V,3,LR-P1-N2,GP,main,0.019785642623901367,0.010296010296010296,0.003861003861003861,0.01096944120199934,0.003861003861003861
True,0.03719109858979371,0.010000000000001142,0.034542324993578455,0.0031633599464104952,0.008659829785416007,0.008867975748801013,0.003875968992248062,0.009637544521265452,0.003861003861003861,1.0772200772200773,2.4428481637783963,fing_x_face,9,0.01,ri_V>face_G>li_V,3,LR-P1-N2-rel,GP,main,0.02115941047668457,0.010924545808266739,0.003861003861003861,0.011508185926790577,0.003861003861003861
True,0.05648800517686517,0.010000000000000368,0.050552204539926315,0.0024788173787632954,0.007648335127507996,0.007570958887581818,0.003875968992248062,0.008350543234264164,0.003861003861003861,1.0733590733590734,2.8451557870162523,fing_x_face,9,0.01,ri_V>face_G>li_V,3,LR-P2-N2,GP,main,0.020473957061767578,0.009413067552602437,0.003861003861003861,0.009921882014905271,0.003861003861003861
True,0.03764492605303873,0.010000000000000316,0.0343193047469696,0.00400710116835741,0.008873607508764305,0.0092148523512201,0.003875968992248062,0.009338241896381431,0.007722007722007722,1.0810810810810811,2.1239861123582053,fing_x_face,9,0.01,ri_V>face_G>li_V,3,LR-P2-N2-rel,GP,main,0.016176700592041016,0.010774894495824729,0.003861003861003861,0.011149022776929753,0.007722007722007722
True,0.053076937358501074,0.01000000000003643,0.048851130559128764,0.002258478056206558,0.00847298700523585,0.008400446415105721,0.003875968992248062,0.00915866032145102,0.003861003861003861,1.0733590733590734,2.844347669929065,fing_x_face,9,0.01,ri_V>face_G>li_V,3,LR-P1-N3,GP,main,0.01763296127319336,0.0103409056897429,0.003861003861003861,0.010984406333243543,0.003861003861003861
True,0.04913329215363439,0.01000000000028415,0.04542787601292445,0.002258478056206558,0.008413012323219358,0.00834012004946762,0.003875968992248062,0.009128730058962618,0.003861003861003861,1.0733590733590734,2.8443776001915535,fing_x_face,9,0.01,ri_V>face_G>li_V,3,NLS-N2,GP,main,0.021970033645629883,0.010266080033521894,0.003861003861003861,0.01095447607075514,0.003861003861003861
True,0.053105416937973056,0.010000000000034724,0.04885496150635824,0.002258478056206558,0.008457993334731725,0.008385364823696196,0.003875968992248062,0.009143695190206818,0.003861003861003861,1.0733590733590734,2.8443626350603095,fing_x_face,9,0.01,ri_V>face_G>li_V,3,DE-N2,GP,main,0.017223119735717773,0.010296010296010296,0.003861003861003861,0.01096944120199934,0.003861003861003861
True,0.09588089338826056,0.010000000000000777,0.08111774604122725,0.015008927702149682,0.009205689036948468,0.010104666244382107,0.015503875968992248,0.00872467151536919,0.011583011583011582,1.057915057915058,1.7083595223130106,fing_x_face,9,0.01,ri_V>face_G>li_V,3,MAXMONO-K3,GP,main,0.041025400161743164,0.010685103708359522,0.007722007722007722,0.01123881356439496,0.011583011583011582
True,,,,,,0.008430609597924773,0.023255813953488372,0.00903893927149741,0.023166023166023165,1.22007722007722,2.8547634012750294,fing_x_face,9,0.01,ri_V>face_G>li_V,3,S1-Marcialis,rule,main,0.0029611587524414062,,,,
True,,,,,,0.008430609597924773,0.023255813953488372,0.00903893927149741,0.023166023166023165,1.22007722007722,2.8547634012750294,fing_x_face,9,0.01,ri_V>face_G>li_V,3,S2-Symmetric,rule,main,0.037274837493896484,,,,
False,,,,,,,,,,,,fing_x_face,9,0.01,ri_V>face_G>li_V,3,S4-Direct,rule,main,4.0531158447265625e-06,,,,
False,,,,,,,,,,,,fing_x_face,9,0.01,ri_V>li_V>face_C,3,HYP,GP,main,0.032910823822021484,,,,
True,0.0545516371282235,0.010000000000002545,0.049874863541280304,0.001441172894629823,0.00815516658129951,0.008113896178324738,0.003875968992248062,0.006809134716111461,0.003861003861003861,1.1158301158301158,2.9525156385621503,fing_x_face,9,0.01,ri_V>li_V>face_C,3,MONO,GP,main,0.01784825325012207,0.007901589296938134,0.003861003861003861,0.008380473496752567,0.003861003861003861
True,0.04121106576917557,0.010000000000004082,0.03744394522281388,0.005675018598408991,0.008202928569086464,0.0085060175549724,0.023255813953488372,0.007497530753344707,0.019305019305019305,1.0926640926640927,2.3587441261859867,fing_x_face,9,0.01,ri_V>li_V>face_C,3,MONO-rel,GP,main,0.016538619995117188,0.009128730058962618,0.019305019305019305,0.009667474783753854,0.023166023166023165
True,0.054267688737249076,0.010000000000000812,0.04941873248018743,0.001441172894629823,0.007938075799798081,0.007887672307181855,0.003875968992248062,0.006569692616204244,0.003861003861003861,1.1158301158301158,2.9525156385621503,fing_x_face,9,0.01,ri_V>li_V>face_C,3,LR-P1-N2,GP,main,0.01771235466003418,0.007617251803298315,0.003861003861003861,0.008170961659333752,0.003861003861003861
True,0.040312797521143376,0.01000000000003316,0.03661913611971094,0.005675018598408991,0.008202928569086464,0.0085060175549724,0.023255813953488372,0.007497530753344707,0.019305019305019305,1.0926640926640927,2.3587441261859867,fing_x_face,9,0.01,ri_V>li_V>face_C,3,LR-P1-N2-rel,GP,main,0.01766228675842285,0.009128730058962618,0.019305019305019305,0.009667474783753854,0.023166023166023165
True,0.05502871486526329,0.010000000000000165,0.05000766738934271,0.001441172894629823,0.00798149395609841,0.00793291708141043,0.003875968992248062,0.006599622878692646,0.003861003861003861,1.1158301158301158,2.9525156385621503,fing_x_face,9,0.01,ri_V>li_V>face_C,3,LR-P2-N2,GP,main,0.01786065101623535,0.007677112328275119,0.003861003861003861,0.008200891921822155,0.003861003861003861
True,0.04262256288606533,0.01000000000000774,0.03830862312809932,0.006570467356938989,0.007712403429021558,0.008219467318191415,0.023255813953488372,0.007048576816018676,0.02702702702702703,1.0926640926640927,2.251279518721379,fing_x_face,9,0.01,ri_V>li_V>face_C,3,LR-P2-N2-rel,GP,main,0.01555633544921875,0.0088892879590554,0.02702702702702703,0.009233485977672025,0.02702702702702703
True,0.054674371639498204,0.010000000000058714,0.04958673049088284,0.001441172894629823,0.009817924800183299,0.009742708050553495,0.003875968992248062,0.00784172877196133,0.003861003861003861,1.111969111969112,2.949971566250636,fing_x_face,9,0.01,ri_V>li_V>face_C,3,LR-P1-N3,GP,main,0.02272820472717285,0.00915866032145102,0.003861003861003861,0.009847056358684266,0.003861003861003861
True,0.05074703996572533,0.01000000000000536,0.04623602174831071,0.0052516340280310755,0.008046729759652477,0.008023406629867584,0.007751937984496124,0.0067193439286462545,0.003861003861003861,1.1158301158301158,2.942010116428721,fing_x_face,9,0.01,ri_V>li_V>face_C,3,NLS-N2,GP,main,0.017311811447143555,0.007751937984496124,0.003861003861003861,0.008260752446798959,0.003861003861003861
True,0.05463734051173178,0.010000000000020522,0.049558881279448325,0.001441172894629823,0.007938075799798081,0.007887672307181855,0.003875968992248062,0.006569692616204244,0.003861003861003861,1.1158301158301158,2.9525156385621503,fing_x_face,9,0.01,ri_V>li_V>face_C,3,DE-N2,GP,main,0.021732568740844727,0.007617251803298315,0.003861003861003861,0.008170961659333752,0.003861003861003861
True,0.08596240233399999,0.010000000000007456,0.07708136488520205,0.015354343363197928,0.007278981330992912,0.008355201640877146,0.03875968992248062,0.0071084373409954806,0.03861003861003861,1.0733590733590734,1.881565951333393,fing_x_face,9,0.01,ri_V>li_V>face_C,3,MAXMONO-K3,GP,main,0.03464555740356445,0.00872467151536919,0.03861003861003861,0.009383137290114035,0.03861003861003861
True,,,,,,0.009999095104515429,0.011627906976744186,0.006794169584867259,0.003861003861003861,1.274131274131274,2.961300170602496,fing_x_face,9,0.01,ri_V>li_V>face_C,3,S1-Marcialis,rule,main,0.001955270767211914,,,,
True,,,,,,0.009999095104515429,0.011627906976744186,0.006794169584867259,0.003861003861003861,1.274131274131274,2.961300170602496,fing_x_face,9,0.01,ri_V>li_V>face_C,3,S2-Symmetric,rule,main,0.012859106063842773,,,,
False,,,,,,,,,,,,fing_x_face,9,0.01,ri_V>li_V>face_C,3,S4-Direct,rule,main,3.0994415283203125e-06,,,,
False,,,,,,,,,,,,fing_x_face,9,0.01,ri_V>li_V>face_G,3,HYP,GP,main,0.023963451385498047,,,,
True,0.05539430740463352,0.010000000000057754,0.05015888003140676,0.0023686477174849263,0.008505669931734046,0.008430609597924773,0.003875968992248062,0.00932327676513723,0.003861003861003861,1.111969111969112,2.9518571727874052,fing_x_face,9,0.01,ri_V>li_V>face_G,3,MONO,GP,main,0.021931171417236328,0.010535452395917513,0.003861003861003861,0.011178953039418156,0.003861003861003861
True,0.041619140205946197,0.010000000000009614,0.037650685075084254,0.00407883955244565,0.008690460573013889,0.008867975748801013,0.015503875968992248,0.009517823471311844,0.019305019305019305,1.0965250965250966,2.5035317709736313,fing_x_face,9,0.01,ri_V>li_V>face_G,3,MONO-rel,GP,main,0.01670098304748535,0.011358534614348569,0.019305019305019305,0.011777558289186196,0.015444015444015444
True,0.05527470994266522,0.010000000000001985,0.049752458562031004,0.0023686477174849263,0.008418881184292019,0.00834012004946762,0.003875968992248062,0.00917362545269522,0.003861003861003861,1.111969111969112,2.9518571727874052,fing_x_face,9,0.01,ri_V>li_V>face_G,3,LR-P1-N2,GP,main,0.01782679557800293,0.010415731345963904,0.003861003861003861,0.011014336595731944,0.003861003861003861
True,0.04072510081686488,0.01000000000000727,0.03683113682484534,0.00407883955244565,0.008690460573013889,0.008867975748801013,0.015503875968992248,0.009517823471311844,0.019305019305019305,1.0965250965250966,2.5035317709736313,fing_x_face,9,0.01,ri_V>li_V>face_G,3,LR-P1-N2-rel,GP,main,0.01883983612060547,0.011358534614348569,0.019305019305019305,0.011777558289186196,0.015444015444015444
True,0.05610103850519901,0.010000000000112563,0.05030436621521894,0.0024788173787632954,0.00798493744708242,0.007902753898591379,0.003875968992248062,0.008754601777857592,0.003861003861003861,1.111969111969112,2.9518571727874052,fing_x_face,9,0.01,ri_V>li_V>face_G,3,LR-P2-N2,GP,main,0.01923084259033203,0.009921882014905271,0.003861003861003861,0.0103409056897429,0.003861003861003861
True,0.04326988232376966,0.010000000000005796,0.03870132414525604,0.006677609099408439,0.008211389016805635,0.008536180737791452,0.01937984496124031,0.008844392565322799,0.02702702702702703,1.0926640926640927,2.2504115411092154,fing_x_face,9,0.01,ri_V>li_V>face_G,3,LR-P2-N2-rel,GP,main,0.016391277313232422,0.010670138577115322,0.02702702702702703,0.010939510939510939,0.02702702702702703
True,0.055681894016980364,0.010000000000002306,0.04990705373866842,0.0025364642945484885,0.007865712205964272,0.007782101167315175,0.003875968992248062,0.008515159677950376,0.003861003861003861,1.1158301158301158,2.9525156385621503,fing_x_face,9,0.01,ri_V>li_V>face_G,3,LR-P1-N3,GP,main,0.02399587631225586,0.009547753733800245,0.003861003861003861,0.010176289246056689,0.003861003861003861
True,0.0514519447115094,0.010000000000008825,0.04647340784414814,0.002423732548124111,0.008375486810571113,0.008294875275239044,0.003875968992248062,0.009143695190206818,0.003861003861003861,1.111969111969112,2.9518571727874052,fing_x_face,9,0.01,ri_V>li_V>face_G,3,NLS-N2,GP,main,0.018277645111083984,0.010385801083475503,0.003861003861003861,0.010924545808266739,0.003861003861003861
True,0.055576937206387185,0.010000000000025353,0.049855679811585264,0.0025364642945484885,0.007865712205964272,0.007782101167315175,0.003875968992248062,0.008515159677950376,0.003861003861003861,1.1158301158301158,2.9525156385621503,fing_x_face,9,0.01,ri_V>li_V>face_G,3,DE-N2,GP,main,0.02889227867126465,0.009547753733800245,0.003861003861003861,0.010176289246056689,0.003861003861003861
True,0.08819359909351918,0.01000000000001028,0.076803036431839,0.0066511730390382585,0.008820359873965974,0.008883057340210538,0.01937984496124031,0.008649845859148185,0.03088803088803089,1.0772200772200773,2.169450181078088,fing_x_face,9,0.01,ri_V>li_V>face_G,3,MAXMONO-K3,GP,main,0.029114484786987305,0.010370835952231301,0.023166023166023165,0.010819789889557332,0.03088803088803089
True,,,,,,0.009999095104515429,0.003875968992248062,0.011657837239232588,0.003861003861003861,1.274131274131274,2.961300170602496,fing_x_face,9,0.01,ri_V>li_V>face_G,3,S1-Marcialis,rule,main,0.0019001960754394531,,,,
True,,,,,,0.009999095104515429,0.003875968992248062,0.011657837239232588,0.003861003861003861,1.274131274131274,2.961300170602496,fing_x_face,9,0.01,ri_V>li_V>face_G,3,S2-Symmetric,rule,main,0.013175249099731445,,,,
False,,,,,,,,,,,,fing_x_face,9,0.01,ri_V>li_V>face_G,3,S4-Direct,rule,main,3.5762786865234375e-06,,,,
True,0.0634112798446821,0.010000000000002847,0.05909654731842955,0.03227292321503762,0.008905941984637674,0.020480801134135675,0.04263565891472868,0.015294364131573434,0.04633204633204633,1.1235521235521235,1.0953129208943162,fing_x_face,9,0.01,face_C>face_G>li_V>ri_V,4,HYP,GP,main,0.024930477142333984,0.016506539762353716,0.04247104247104247,0.01833228577414624,0.05791505791505792
True,0.034926435939807945,0.01000000000000798,0.03257336083235768,0.00031400438882477175,0.009863992828473729,0.010270563749886889,0.003875968992248062,0.008365508365508366,0.007722007722007722,1.1814671814671815,2.619631259166143,fing_x_face,9,0.01,face_C>face_G>li_V>ri_V,4,MONO,GP,main,0.044562339782714844,0.008994043877764807,0.007722007722007722,0.010251114902277692,0.015444015444015444
True,0.023945034876235827,0.010000000000000378,0.022744090557904554,0.0002288509431620423,0.00960845490531046,0.010315808524115464,0.0,0.009128730058962618,0.011583011583011582,1.223938223938224,2.620394480859597,fing_x_face,9,0.01,face_C>face_G>li_V>ri_V,4,MONO-rel,GP,main,0.03268146514892578,0.009996707671126277,0.007722007722007722,0.01123881356439496,0.015444015444015444
True,0.040467366550914596,0.01000000000000529,0.03767005135844925,0.00031400438882477175,0.009909107192467475,0.010376134889753566,0.003875968992248062,0.00845529915297357,0.007722007722007722,1.1814671814671815,2.619511538116189,fing_x_face,9,0.01,face_C>face_G>li_V>ri_V,4,LR-P1-N2,GP,main,0.03786492347717285,0.009083834665230014,0.007722007722007722,0.0103409056897429,0.015444015444015444
True,0.023970613166092045,0.010000000000003912,0.022763682731280974,0.0002288509431620423,0.009578455439500155,0.010285645341296414,0.0,0.00902397414025321,0.011583011583011582,1.2277992277992278,2.6207087486157254,fing_x_face,9,0.01,face_C>face_G>li_V>ri_V,4,LR-P1-N2-rel,GP,main,0.031159400939941406,0.009891951752416868,0.007722007722007722,0.011134057645685553,0.015444015444015444
True,0.042705557008730397,0.010000000000000253,0.03876699958734496,0.00035360025017217695,0.009913459995902362,0.010149911018610683,0.003875968992248062,0.007796833378228727,0.007722007722007722,1.1814671814671815,2.620289724940888,fing_x_face,9,0.01,face_C>face_G>li_V>ri_V,4,LR-P2-N2,GP,main,0.03684186935424805,0.008350543234264164,0.007722007722007722,0.00947292807757924,0.015444015444015444
True,0.022398967372751443,0.0100000000000041,0.021130980265918517,0.0005283169883676026,0.009588241769080963,0.01090399058908696,0.003875968992248062,0.009353207027625631,0.011583011583011582,1.2316602316602316,2.386235072281584,fing_x_face,9,0.01,face_C>face_G>li_V>ri_V,4,LR-P2-N2-rel,GP,main,0.032366275787353516,0.010325940558498697,0.007722007722007722,0.011433360270569574,0.015444015444015444
True,0.04089721845310674,0.0100000000000071,0.038034381092806664,0.00032631828642574323,0.00985328179417014,0.010345971706934515,0.003875968992248062,0.008350543234264164,0.007722007722007722,1.1814671814671815,2.6195863637724104,fing_x_face,9,0.01,face_C>face_G>li_V>ri_V,4,LR-P1-N3,GP,main,0.03797602653503418,0.008934183352788004,0.007722007722007722,0.010266080033521894,0.015444015444015444
True,0.03360056832142331,0.010000000000002207,0.031391195960348145,0.00031400438882477175,0.009851702736976905,0.010285645341296414,0.003875968992248062,0.008380473496752567,0.007722007722007722,1.1814671814671815,2.6196611894286312,fing_x_face,9,0.01,face_C>face_G>li_V>ri_V,4,NLS-N2,GP,main,0.0352320671081543,0.00903893927149741,0.007722007722007722,0.010266080033521894,0.015444015444015444
True,0.03694011808065807,0.010000000000003157,0.03431765530953217,0.00032631828642574323,0.009871025400347079,0.01033089011552499,0.003875968992248062,0.008305647840531562,0.007722007722007722,1.1814671814671815,2.619616294034899,fing_x_face,9,0.01,face_C>face_G>li_V>ri_V,4,DE-N2,GP,main,0.03534674644470215,0.008934183352788004,0.007722007722007722,0.010176289246056689,0.015444015444015444
True,0.08057940005560542,0.010000000000001914,0.07049265251855086,0.004931714635021438,0.009727125468284654,0.01144692787982988,0.003875968992248062,0.00917362545269522,0.019305019305019305,1.166023166023166,1.5257699560025142,fing_x_face,9,0.01,face_C>face_G>li_V>ri_V,4,MAXMONO-K3,GP,main,0.05728721618652344,0.009921882014905271,0.019305019305019305,0.010849720152045734,0.023166023166023165
True,,,,,,0.009591892136458238,0.011627906976744186,0.007243123522193289,0.015444015444015444,2.0154440154440154,2.6403729310706057,fing_x_face,9,0.01,face_C>face_G>li_V>ri_V,4,S1-Marcialis,rule,main,0.0056438446044921875,,,,
True,,,,,,0.009591892136458238,0.011627906976744186,0.007243123522193289,0.015444015444015444,2.0154440154440154,2.6403729310706057,fing_x_face,9,0.01,face_C>face_G>li_V>ri_V,4,S2-Symmetric,rule,main,0.06908702850341797,,,,
False,,,,,,,,,,,,fing_x_face,9,0.01,face_C>face_G>li_V>ri_V,4,S4-Direct,rule,main,6.9141387939453125e-06,,,,
True,0.05538588773801203,0.01000000000000282,0.05171289544916406,0.02092964105772105,0.008825983792295142,0.019666395198021294,0.031007751937984496,0.0147855496692706,0.04247104247104247,1.1274131274131274,1.107584328514561,fing_x_face,9,0.01,face_C>face_G>ri_V>li_V,4,HYP,GP,main,0.041609764099121094,0.0162970279249349,0.03861003861003861,0.017703750261889795,0.05019305019305019
True,0.034518525047129274,0.010000000000001213,0.03234365783374813,0.00032114085220715297,0.00982459712985458,0.010134829427201158,0.003875968992248062,0.008170961659333752,0.007722007722007722,1.1737451737451738,2.6400586633144774,fing_x_face,9,0.01,face_C>face_G>ri_V>li_V,4,MONO,GP,main,0.06160426139831543,0.008604950465415581,0.007722007722007722,0.009817126096195864,0.015444015444015444
True,0.02326461975159013,0.01000000000000544,0.022174085980492454,0.004599096309416194,0.009678850873361485,0.010768256266401231,0.007751937984496124,0.008949148484032205,0.007722007722007722,1.193050193050193,2.2386489479512734,fing_x_face,9,0.01,face_C>face_G>ri_V>li_V,4,MONO-rel,GP,main,0.040094614028930664,0.010041603064858878,0.007722007722007722,0.01140343000808117,0.015444015444015444
True,0.039964148702343084,0.010000000000006053,0.037429524709299423,0.00032114085220715297,0.009853287917063979,0.010164992610020209,0.003875968992248062,0.008200891921822155,0.007722007722007722,1.1737451737451738,2.6399988027895005,fing_x_face,9,0.01,face_C>face_G>ri_V>li_V,4,LR-P1-N2,GP,main,0.04102468490600586,0.008634880727903983,0.007722007722007722,0.009876986621172668,0.015444015444015444
True,0.023259542293099796,0.010000000000003761,0.022176370132538103,0.0004728482512068044,0.009639959910504432,0.01073809308358218,0.0,0.008919218221543804,0.007722007722007722,1.193050193050193,2.238888390051181,fing_x_face,9,0.01,face_C>face_G>ri_V>li_V,4,LR-P1-N2-rel,GP,main,0.03176426887512207,0.010026637933614678,0.007722007722007722,0.01138846487683697,0.015444015444015444
True,0.04208437117667901,0.010000000000000635,0.03848832815286675,0.00035682316911905885,0.009922317296511501,0.010104666244382107,0.003875968992248062,0.007587321540809913,0.007722007722007722,1.1737451737451738,2.6410164317141063,fing_x_face,9,0.01,face_C>face_G>ri_V>li_V,4,LR-P2-N2,GP,main,0.038776397705078125,0.008275717578043159,0.007722007722007722,0.009278381371404628,0.015444015444015444
True,0.02079460404587157,0.010000000000001105,0.019645434763060493,0.0005953631816361177,0.009620990087572112,0.011296111965734624,0.0,0.009562718865044447,0.011583011583011582,1.2123552123552124,2.146508634880728,fing_x_face,9,0.01,face_C>face_G>ri_V>li_V,4,LR-P2-N2-rel,GP,main,0.045807838439941406,0.010595312920894316,0.007722007722007722,0.011583011583011582,0.015444015444015444
True,0.04031832038891205,0.010000000000000191,0.037764496254213,0.00032114085220715297,0.009868324241444635,0.010180074201429735,0.003875968992248062,0.008200891921822155,0.007722007722007722,1.1737451737451738,2.6399988027895005,fing_x_face,9,0.01,face_C>face_G>ri_V>li_V,4,LR-P1-N3,GP,main,0.046883583068847656,0.008634880727903983,0.007722007722007722,0.009876986621172668,0.015444015444015444
True,0.033069055701445325,0.010000000000015788,0.031101029041763494,0.00032114085220715297,0.009780868654957864,0.010074503061563055,0.003875968992248062,0.008111101134356948,0.007722007722007722,1.1737451737451738,2.640178384364431,fing_x_face,9,0.01,face_C>face_G>ri_V>li_V,4,NLS-N2,GP,main,0.04981040954589844,0.00857502020292718,0.007722007722007722,0.00975726557121906,0.015444015444015444
True,0.03635693823634715,0.010000000000007989,0.03402520872475141,0.00032114085220715297,0.009865619780259686,0.010164992610020209,0.003875968992248062,0.00812606626560115,0.007722007722007722,1.1737451737451738,2.6401185238394542,fing_x_face,9,0.01,face_C>face_G>ri_V>li_V,4,DE-N2,GP,main,0.04834175109863281,0.008589985334171381,0.007722007722007722,0.009787195833707461,0.015444015444015444
True,0.07949792234662159,0.010000000000003681,0.06961982027728389,0.004708822706492064,0.009746603656154996,0.011431846288420354,0.003875968992248062,0.008799497171590195,0.011583011583011582,1.166023166023166,1.58784532040346,fing_x_face,9,0.01,face_C>face_G>ri_V>li_V,4,MAXMONO-K3,GP,main,0.08191466331481934,0.009517823471311844,0.015444015444015444,0.010685103708359522,0.019305019305019305
True,,,,,,0.009094199619943897,0.01937984496124031,0.008036275478135943,0.023166023166023165,1.9613899613899615,2.660426206937835,fing_x_face,9,0.01,face_C>face_G>ri_V>li_V,4,S1-Marcialis,rule,main,0.006331205368041992,,,,
True,,,,,,0.009576810545048714,0.003875968992248062,0.009368172158869833,0.011583011583011582,1.722007722007722,2.3711651851186737,fing_x_face,9,0.01,face_C>face_G>ri_V>li_V,4,S2-Symmetric,rule,main,0.07028508186340332,,,,
False,,,,,,,,,,,,fing_x_face,9,0.01,face_C>face_G>ri_V>li_V,4,S4-Direct,rule,main,6.67572021484375e-06,,,,
True,0.08529846080483079,0.010000000000001771,0.07954329563233906,0.03209985359606309,0.00847966506973774,0.015624528700268453,0.031007751937984496,0.011193918170662356,0.05019305019305019,1.1003861003861004,1.0824429080243034,fing_x_face,9,0.01,face_C>li_V>face_G>ri_V,4,HYP,GP,main,0.0257720947265625,0.012525814851396247,0.04633204633204633,0.013977432582083745,0.06177606177606178
True,0.036340204615956245,0.010000000000001426,0.03352027972009994,0.0003715158878474907,0.009767082583900138,0.009863360781829698,0.0,0.007183262997216486,0.007722007722007722,1.1158301158301158,2.668642063990901,fing_x_face,9,0.01,face_C>li_V>face_G>ri_V,4,MONO,GP,main,0.040259599685668945,0.008006345215647541,0.007722007722007722,0.008754601777857592,0.015444015444015444
True,0.02735694745253603,0.01000000000000624,0.025603689495489648,0.00032026064325107177,0.009737731616703873,0.009968931921696378,0.0,0.008215857053066355,0.007722007722007722,1.1235521235521235,2.6597228457693576,fing_x_face,9,0.01,face_C>li_V>face_G>ri_V,4,MONO-rel,GP,main,0.03344559669494629,0.009083834665230014,0.007722007722007722,0.010236149771033492,0.015444015444015444
True,0.04210133752433123,0.010000000000001443,0.03862454753835127,0.0003715158878474907,0.009857368590725323,0.009953850330286852,0.0,0.007228158390949088,0.007722007722007722,1.1158301158301158,2.6685073778097035,fing_x_face,9,0.01,face_C>li_V>face_G>ri_V,4,LR-P1-N2,GP,main,0.05913496017456055,0.008036275478135943,0.007722007722007722,0.008844392565322799,0.015444015444015444
True,0.02738854081574852,0.010000000000003433,0.025625041611764578,0.00032026064325107177,0.009668029698853258,0.009908605556058275,0.0,0.008170961659333752,0.007722007722007722,1.1235521235521235,2.627233545838197,fing_x_face,9,0.01,face_C>li_V>face_G>ri_V,4,LR-P1-N2-rel,GP,main,0.046358585357666016,0.009053904402741612,0.007722007722007722,0.010161324114812487,0.015444015444015444
True,0.042100250589478604,0.010000000000000023,0.03835251106605122,0.000409297164577744,0.009653120970723628,0.009727626459143969,0.0,0.007063541947262877,0.007722007722007722,1.1158301158301158,2.6687318547783665,fing_x_face,9,0.01,face_C>li_V>face_G>ri_V,4,LR-P2-N2,GP,main,0.053907155990600586,0.007796833378228727,0.007722007722007722,0.008530124809194576,0.015444015444015444
True,0.026730456672255407,0.01000000000000035,0.02498695672634912,0.00041444841822225597,0.009609947287418681,0.010406298072572618,0.0,0.008530124809194576,0.011583011583011582,1.1505791505791505,2.496947113226183,fing_x_face,9,0.01,face_C>li_V>face_G>ri_V,4,LR-P2-N2-rel,GP,main,0.028609275817871094,0.009398102421358235,0.007722007722007722,0.010445661608452306,0.015444015444015444
True,0.042860189362994947,0.010000000000008885,0.039172123456598776,0.0003715158878474907,0.009929229519915957,0.010014176695924954,0.0,0.007243123522193289,0.007722007722007722,1.1158301158301158,2.6684624824159706,fing_x_face,9,0.01,face_C>li_V>face_G>ri_V,4,LR-P1-N3,GP,main,0.03742718696594238,0.008066205740624345,0.007722007722007722,0.008859357696566999,0.015444015444015444
True,0.035475359687534264,0.010000000000002554,0.0326846644132055,0.0003715158878474907,0.009866582443992156,0.009968931921696378,0.0,0.007273053784681692,0.007722007722007722,1.1158301158301158,2.6684624824159706,fing_x_face,9,0.01,face_C>li_V>face_G>ri_V,4,NLS-N2,GP,main,0.035195112228393555,0.008051240609380145,0.007722007722007722,0.008919218221543804,0.015444015444015444
True,0.03884421819085364,0.01000000000000051,0.035532894301781796,0.0003715158878474907,0.009935065306127753,0.010014176695924954,0.0,0.007258088653437491,0.007722007722007722,1.1158301158301158,2.668417587022238,fing_x_face,9,0.01,face_C>li_V>face_G>ri_V,4,DE-N2,GP,main,0.03696703910827637,0.008111101134356948,0.007722007722007722,0.008904253090299602,0.015444015444015444
True,0.07472199387417926,0.010000000000001888,0.06583157858422359,0.005861979043183505,0.009670483057854994,0.01100956172895364,0.003875968992248062,0.008066205740624345,0.015444015444015444,1.1081081081081081,1.545104905570022,fing_x_face,9,0.01,face_C>li_V>face_G>ri_V,4,MAXMONO-K3,GP,main,0.09660840034484863,0.008994043877764807,0.019305019305019305,0.00974230043997486,0.023166023166023165
True,,,,,,0.009591892136458238,0.011627906976744186,0.007243123522193289,0.015444015444015444,1.833976833976834,2.6868995241088265,fing_x_face,9,0.01,face_C>li_V>face_G>ri_V,4,S1-Marcialis,rule,main,0.006435394287109375,,,,
True,,,,,,0.009591892136458238,0.011627906976744186,0.007243123522193289,0.015444015444015444,1.833976833976834,2.6868995241088265,fing_x_face,9,0.01,face_C>li_V>face_G>ri_V,4,S2-Symmetric,rule,main,0.07235145568847656,,,,
False,,,,,,,,,,,,fing_x_face,9,0.01,face_C>li_V>face_G>ri_V,4,S4-Direct,rule,main,6.9141387939453125e-06,,,,
True,0.08640942887661379,0.010000000000004125,0.08055098973514777,0.0321128102718966,0.008356044311986712,0.012472476095677617,0.031007751937984496,0.008589985334171381,0.05019305019305019,1.0926640926640927,1.0750950285834007,fing_x_face,9,0.01,face_C>li_V>ri_V>face_G,4,HYP,GP,main,0.02602863311767578,0.00990691688366107,0.04633204633204633,0.011104127383197151,0.06177606177606178
True,0.03626359333435607,0.010000000000000236,0.03344789927588036,0.0004929847237866922,0.009711169929943036,0.009999095104515429,0.0,0.00709347220975128,0.007722007722007722,1.1081081081081081,2.531935590075125,fing_x_face,9,0.01,face_C>li_V>ri_V>face_G,4,MONO,GP,main,0.05831480026245117,0.007931519559426536,0.007722007722007722,0.008799497171590195,0.015444015444015444
True,0.027441302784833924,0.010000000000003638,0.02552253565786473,0.0004996066034716719,0.009396544014234233,0.009772871233372546,0.0,0.0074077399658795005,0.007722007722007722,1.111969111969112,2.2589566310496543,fing_x_face,9,0.01,face_C>li_V>ri_V>face_G,4,MONO-rel,GP,main,0.032355308532714844,0.008619915596659783,0.007722007722007722,0.009428032683846637,0.015444015444015444
True,0.041988390167049375,0.010000000000001506,0.03855461118231302,0.0004521565699007732,0.00985264526854094,0.010059421470153531,0.0,0.007288018915925893,0.007722007722007722,1.1081081081081081,2.6303762233994794,fing_x_face,9,0.01,face_C>li_V>ri_V>face_G,4,LR-P1-N2,GP,main,0.04116940498352051,0.00814103139684535,0.007722007722007722,0.009068869533985812,0.015444015444015444
True,0.027433258516194194,0.010000000000002944,0.025524563965580633,0.0004996066034716719,0.009387727063580263,0.00975778964196302,0.0,0.007422705097123701,0.007722007722007722,1.111969111969112,2.2589566310496543,fing_x_face,9,0.01,face_C>li_V>ri_V>face_G,4,LR-P1-N2-rel,GP,main,0.03966832160949707,0.008619915596659783,0.007722007722007722,0.009428032683846637,0.015444015444015444
True,0.04148197159858828,0.010000000000183733,0.038082255805928326,0.00041600029432020826,0.009816216793343022,0.00989352396464875,0.0,0.007138367603483882,0.007722007722007722,1.1081081081081081,2.735476340127503,fing_x_face,9,0.01,face_C>li_V>ri_V>face_G,4,LR-P2-N2,GP,main,0.0562443733215332,0.00785669390320553,0.007722007722007722,0.008739636646613392,0.015444015444015444
True,0.026684141297912405,0.010000000000001976,0.024730051764687323,0.00047396814783246465,0.00945399124370052,0.01019515579283926,0.0,0.007811798509472928,0.011583011583011582,1.1312741312741312,2.259480410643201,fing_x_face,9,0.01,face_C>li_V>ri_V>face_G,4,LR-P2-N2-rel,GP,main,0.04115128517150879,0.0088743228278112,0.007722007722007722,0.00990691688366107,0.015444015444015444
True,0.04274735310236984,0.010000000000000635,0.039104900448951395,0.0004622044936763459,0.009743751373293015,0.009938768738877326,0.0,0.007168297865972285,0.007722007722007722,1.1081081081081081,2.6305408398431656,fing_x_face,9,0.01,face_C>li_V>ri_V>face_G,4,LR-P1-N3,GP,main,0.05792117118835449,0.007961449821914938,0.007722007722007722,0.008814462302834395,0.015444015444015444
True,0.0353788143788609,0.010000000000000618,0.03260883391671201,0.00048120346545145183,0.009852779576299854,0.010119747835791632,0.0,0.007273053784681692,0.007722007722007722,1.1081081081081081,2.5318158690251713,fing_x_face,9,0.01,face_C>li_V>ri_V>face_G,4,NLS-N2,GP,main,0.055681705474853516,0.008081170871868546,0.007722007722007722,0.009068869533985812,0.015444015444015444
True,0.038720366735628384,0.010000000000017599,0.03545417540183364,0.0005039399398708408,0.009647287239164396,0.00989352396464875,0.0,0.006943820897309269,0.007722007722007722,1.1081081081081081,2.532010415731346,fing_x_face,9,0.01,face_C>li_V>ri_V>face_G,4,DE-N2,GP,main,0.05997633934020996,0.007707042590763521,0.007722007722007722,0.008589985334171381,0.015444015444015444
True,0.06971594248477181,0.010000000000001754,0.06190791108198795,0.0066552226773200435,0.00954195904562997,0.01002925828733448,0.003875968992248062,0.007138367603483882,0.007722007722007722,1.1081081081081081,1.7462213043608392,fing_x_face,9,0.01,face_C>li_V>ri_V>face_G,4,MAXMONO-K3,GP,main,0.091339111328125,0.008036275478135943,0.007722007722007722,0.0088892879590554,0.015444015444015444
True,,,,,,0.009999095104515429,0.0,0.011268743826883362,0.011583011583011582,1.7953667953667953,2.7534793930142767,fing_x_face,9,0.01,face_C>li_V>ri_V>face_G,4,S1-Marcialis,rule,main,0.0072422027587890625,,,,
True,,,,,,0.009999095104515429,0.0,0.011268743826883362,0.011583011583011582,1.7953667953667953,2.7534793930142767,fing_x_face,9,0.01,face_C>li_V>ri_V>face_G,4,S2-Symmetric,rule,main,0.0478060245513916,,,,
False,,,,,,,,,,,,fing_x_face,9,0.01,face_C>li_V>ri_V>face_G,4,S4-Direct,rule,main,5.0067901611328125e-06,,,,
True,0.05683802797963173,0.010000000000002882,0.05308260008595799,0.02066775587243728,0.008510923987018203,0.014734714807106445,0.01937984496124031,0.010101463589835684,0.03861003861003861,1.0965250965250966,1.0945048038071294,fing_x_face,9,0.01,face_C>ri_V>face_G>li_V,4,HYP,GP,main,0.03275012969970703,0.012017000389093412,0.03474903474903475,0.013423722726048307,0.04633204633204633
True,0.03377292554698112,0.010000000000027574,0.03180059499546788,0.0003432273261666666,0.009820124568697474,0.010014176695924954,0.0,0.00754242614707731,0.007722007722007722,1.1003861003861004,2.711651851186735,fing_x_face,9,0.01,face_C>ri_V>face_G>li_V,4,MONO,GP,main,0.05387282371520996,0.008275717578043159,0.007722007722007722,0.009083834665230014,0.015444015444015444
True,0.023725081313797386,0.01000000000000885,0.022515158514850465,0.0003992627824784186,0.00966138679353415,0.01030072693270594,0.0,0.008081170871868546,0.007722007722007722,1.1042471042471043,2.3433450061357037,fing_x_face,9,0.01,face_C>ri_V>face_G>li_V,4,MONO-rel,GP,main,0.044649362564086914,0.00872467151536919,0.007722007722007722,0.010011672802370477,0.015444015444015444
True,0.03905586406125093,0.01000000000001252,0.03684737046127028,0.0003432273261666666,0.009769514466776855,0.009968931921696378,0.0,0.007557391278321511,0.007722007722007722,1.1003861003861004,2.711666816317979,fing_x_face,9,0.01,face_C>ri_V>face_G>li_V,4,LR-P1-N2,GP,main,0.05907440185546875,0.008305647840531562,0.007722007722007722,0.009113764927718416,0.015444015444015444
True,0.023622560288760877,0.01000000000000258,0.02243930070000542,0.0003992627824784186,0.009643922518516352,0.01030072693270594,0.0,0.008051240609380145,0.007722007722007722,1.1042471042471043,2.345455089641136,fing_x_face,9,0.01,face_C>ri_V>face_G>li_V,4,LR-P1-N2-rel,GP,main,0.0422663688659668,0.008679776121636586,0.007722007722007722,0.009996707671126277,0.015444015444015444
True,0.038627258327676106,0.010000000000000963,0.036187520572663064,0.00031851828090723926,0.009912989735450926,0.010119747835791632,0.0,0.007557391278321511,0.007722007722007722,1.0965250965250966,2.7113974439555837,fing_x_face,9,0.01,face_C>ri_V>face_G>li_V,4,LR-P2-N2,GP,main,0.05333447456359863,0.008275717578043159,0.007722007722007722,0.008934183352788004,0.015444015444015444
True,0.021328099489085695,0.01000000000000497,0.020046416092023844,0.0007241546790061021,0.009836149513545285,0.010964316954725063,0.0,0.008694741252880788,0.007722007722007722,1.1081081081081081,2.213642213642214,fing_x_face,9,0.01,face_C>ri_V>face_G>li_V,4,LR-P2-N2-rel,GP,main,0.04769587516784668,0.009697405046242256,0.007722007722007722,0.010789859627068929,0.015444015444015444
True,0.0394115623201921,0.010000000000011737,0.037187089934433044,0.00038053464422826077,0.009672978954238359,0.009878442373239224,0.003875968992248062,0.007347879440902697,0.007722007722007722,1.1003861003861004,2.7116219209242467,fing_x_face,9,0.01,face_C>ri_V>face_G>li_V,4,LR-P1-N3,GP,main,0.05737590789794922,0.008051240609380145,0.007722007722007722,0.008934183352788004,0.015444015444015444
True,0.03227049471740252,0.01000000000000242,0.03051169556711307,0.0003372057941286549,0.009743501522164943,0.009953850330286852,0.0,0.007572356409565712,0.007722007722007722,1.1003861003861004,2.711651851186735,fing_x_face,9,0.01,face_C>ri_V>face_G>li_V,4,NLS-N2,GP,main,0.053740501403808594,0.00829068270928736,0.007722007722007722,0.00915866032145102,0.015444015444015444
True,0.035385085906244375,0.010000000000005423,0.03335468178071504,0.00423747690426491,0.009708217333349287,0.009908605556058275,0.007751937984496124,0.007317949178414294,0.007722007722007722,1.1003861003861004,2.7114273742180717,fing_x_face,9,0.01,face_C>ri_V>face_G>li_V,4,DE-N2,GP,main,0.05490827560424805,0.008021310346891743,0.007722007722007722,0.008904253090299602,0.015444015444015444
True,0.06943018363897545,0.010000000000002856,0.06088454949556655,0.007110552061965584,0.009652346218244191,0.010496787621029771,0.003875968992248062,0.007347879440902697,0.007722007722007722,1.0965250965250966,1.6267396965071383,fing_x_face,9,0.01,face_C>ri_V>face_G>li_V,4,MAXMONO-K3,GP,main,0.09914779663085938,0.00799138008440334,0.007722007722007722,0.008784532040345993,0.015444015444015444
True,,,,,,0.009094199619943897,0.01937984496124031,0.008036275478135943,0.023166023166023165,1.694980694980695,2.72944539223609,fing_x_face,9,0.01,face_C>ri_V>face_G>li_V,4,S1-Marcialis,rule,main,0.007047891616821289,,,,
True,,,,,,0.009094199619943897,0.01937984496124031,0.008036275478135943,0.023166023166023165,1.694980694980695,2.72944539223609,fing_x_face,9,0.01,face_C>ri_V>face_G>li_V,4,S2-Symmetric,rule,main,0.07416152954101562,,,,
False,,,,,,,,,,,,fing_x_face,9,0.01,face_C>ri_V>face_G>li_V,4,S4-Direct,rule,main,4.76837158203125e-06,,,,
True,0.06592138744183212,0.010000000000005352,0.06143542735394694,0.032434878728926704,0.008487564217740513,0.012547884052725243,0.031007751937984496,0.00829068270928736,0.04247104247104247,1.0926640926640927,1.0740923647900391,fing_x_face,9,0.01,face_C>ri_V>li_V>face_G,4,HYP,GP,main,0.029469966888427734,0.010086498458591482,0.04247104247104247,0.011597976714255784,0.05405405405405406
True,0.033984863228500785,0.010000000000007012,0.03187193619614266,0.00038053464422826077,0.00966199469198037,0.009848279190420172,0.003875968992248062,0.007377809703391099,0.007722007722007722,1.1003861003861004,2.7587171889497473,fing_x_face,9,0.01,face_C>ri_V>li_V>face_G,4,MONO,GP,main,0.04991579055786133,0.008111101134356948,0.007722007722007722,0.009009009009009009,0.015444015444015444
True,0.02428699086696713,0.010000000000005244,0.02284556975818515,0.0005996705631558123,0.009715092042526803,0.010511869212439297,0.0,0.008051240609380145,0.007722007722007722,1.1042471042471043,2.344392565322798,fing_x_face,9,0.01,face_C>ri_V>li_V>face_G,4,MONO-rel,GP,main,0.032499074935913086,0.009218520846427823,0.007722007722007722,0.010176289246056689,0.015444015444015444
True,0.03929753594283723,0.010000000000007553,0.03691918854791555,0.0003411689913770614,0.009892683912405597,0.010164992610020209,0.003875968992248062,0.007647182065786717,0.007722007722007722,1.0965250965250966,2.758178444224956,fing_x_face,9,0.01,face_C>ri_V>li_V>face_G,4,LR-P1-N2,GP,main,0.04612135887145996,0.008395438627996767,0.007722007722007722,0.00930831163389303,0.015444015444015444
True,0.024190917564375167,0.010000000000003015,0.022778215279119874,0.0005996705631558123,0.009609977118475109,0.010406298072572618,0.0,0.008006345215647541,0.007722007722007722,1.1042471042471043,2.3444973212415072,fing_x_face,9,0.01,face_C>ri_V>li_V>face_G,4,LR-P1-N2-rel,GP,main,0.0395655632019043,0.009113764927718416,0.007722007722007722,0.010116428721079884,0.015444015444015444
True,0.03858385972597712,0.010000000000009064,0.03616248790727576,0.00039388673700819967,0.009547962289163481,0.009682381684915392,0.003875968992248062,0.0071084373409954806,0.007722007722007722,1.1003861003861004,2.7587171889497473,fing_x_face,9,0.01,face_C>ri_V>li_V>face_G,4,LR-P2-N2,GP,main,0.04975533485412598,0.00784172877196133,0.007722007722007722,0.008604950465415581,0.015444015444015444
True,0.022502728469842675,0.010000000000008478,0.02097487653711335,0.0016767574363058862,0.009084948148043646,0.010587277169486924,0.0,0.00785669390320553,0.007722007722007722,1.1081081081081081,1.9584418305348539,fing_x_face,9,0.01,face_C>ri_V>li_V>face_G,4,LR-P2-N2-rel,GP,main,0.034450531005859375,0.009428032683846637,0.007722007722007722,0.010520487264673311,0.015444015444015444
True,0.03969906588805326,0.010000000000003229,0.03727184356142843,0.0003411689913770614,0.009898503345015955,0.010164992610020209,0.003875968992248062,0.007647182065786717,0.007722007722007722,1.0965250965250966,2.7580886534374907,fing_x_face,9,0.01,face_C>ri_V>li_V>face_G,4,LR-P1-N3,GP,main,0.04827308654785156,0.008365508365508366,0.007722007722007722,0.009278381371404628,0.015444015444015444
True,0.032555726463040745,0.010000000000026552,0.03061650428333738,0.00035302247198562114,0.00979752409294959,0.010089584652972581,0.003875968992248062,0.007557391278321511,0.007722007722007722,1.0965250965250966,2.693125018706414,fing_x_face,9,0.01,face_C>ri_V>li_V>face_G,4,NLS-N2,GP,main,0.04017448425292969,0.008395438627996767,0.007722007722007722,0.00932327676513723,0.015444015444015444
True,0.035666958099277515,0.010000000000000751,0.03344355218556582,0.00038053464422826077,0.009613468004974462,0.009787952824782072,0.003875968992248062,0.007347879440902697,0.007722007722007722,1.1003861003861004,2.7587171889497473,fing_x_face,9,0.01,face_C>ri_V>li_V>face_G,4,DE-N2,GP,main,0.05889177322387695,0.008066205740624345,0.007722007722007722,0.008964113615276405,0.015444015444015444
True,0.0665127298682489,0.010000000000005822,0.059375870424972124,0.0026520018762913274,0.009786096422395349,0.010647603535125026,0.0,0.007332914309658495,0.007722007722007722,1.0965250965250966,1.6999042231600372,fing_x_face,9,0.01,face_C>ri_V>li_V>face_G,4,MAXMONO-K3,GP,main,0.09009170532226562,0.008230822184310557,0.007722007722007722,0.009083834665230014,0.015444015444015444
True,,,,,,0.009999095104515429,0.0,0.011268743826883362,0.011583011583011582,1.7104247104247103,2.7759719852743108,fing_x_face,9,0.01,face_C>ri_V>li_V>face_G,4,S1-Marcialis,rule,main,0.008179903030395508,,,,
True,,,,,,0.009999095104515429,0.0,0.011268743826883362,0.011583011583011582,1.7104247104247103,2.7759719852743108,fing_x_face,9,0.01,face_C>ri_V>li_V>face_G,4,S2-Symmetric,rule,main,0.05276775360107422,,,,
False,,,,,,,,,,,,fing_x_face,9,0.01,face_C>ri_V>li_V>face_G,4,S4-Direct,rule,main,6.9141387939453125e-06,,,,
True,0.22046318359748426,0.010000000000000439,0.200714016939312,0.045039289521547336,0.009785835820818801,0.013181310891925316,0.04263565891472868,0.013049594444943281,0.07722007722007722,1.0810810810810811,1.0870671335787614,fing_x_face,9,0.01,face_G>face_C>li_V>ri_V,4,HYP,GP,main,0.0341339111328125,0.01376792074466493,0.08108108108108109,0.014965131244201011,0.07722007722007722
True,0.05650806177516565,0.010000000000016739,0.05412552101307352,0.00021724234119895644,0.009846765554685688,0.009712544867734443,0.0,0.010385801083475503,0.007722007722007722,1.2277992277992278,2.8688306246445783,fing_x_face,9,0.01,face_G>face_C>li_V>ri_V,4,MONO,GP,main,0.05144810676574707,0.010849720152045734,0.007722007722007722,0.012196581964023824,0.007722007722007722
True,0.02934896915843015,0.010000000000003166,0.028110186218047367,0.00019813458462466306,0.009762031248384827,0.009803034416191597,0.0,0.010266080033521894,0.007722007722007722,1.2548262548262548,2.871494418006046,fing_x_face,9,0.01,face_G>face_C>li_V>ri_V,4,MONO-rel,GP,main,0.03331875801086426,0.011014336595731944,0.003861003861003861,0.012301337882733231,0.011583011583011582
True,0.05928360204705745,0.010000000000002323,0.05645623393018151,0.00024085563915536475,0.009855090913079378,0.009682381684915392,0.0,0.010236149771033492,0.007722007722007722,1.223938223938224,2.86869593846338,fing_x_face,9,0.01,face_G>face_C>li_V>ri_V,4,LR-P1-N2,GP,main,0.04033780097961426,0.010789859627068929,0.007722007722007722,0.012151686570291222,0.007722007722007722
True,0.029374667589750617,0.010000000000001265,0.02812976033569312,0.00019813458462466306,0.00971964622492365,0.00975778964196302,0.0,0.010251114902277692,0.007722007722007722,1.2548262548262548,2.8715393133997784,fing_x_face,9,0.01,face_G>face_C>li_V>ri_V,4,LR-P1-N2-rel,GP,main,0.031217336654663086,0.010984406333243543,0.003861003861003861,0.012286372751489031,0.011583011583011582
True,0.08717451245662443,0.010000000000009064,0.08320524734976374,0.00019825375137564024,0.009820656113583768,0.009742708050553495,0.0,0.010355870820987101,0.007722007722007722,1.2316602316602316,2.869189787794439,fing_x_face,9,0.01,face_G>face_C>li_V>ri_V,4,LR-P2-N2,GP,main,0.041260480880737305,0.010924545808266739,0.003861003861003861,0.012196581964023824,0.007722007722007722
True,0.0276714220034145,0.01000000000000195,0.026353863844215147,0.004535959146691097,0.009390183712633218,0.009984013513105903,0.003875968992248062,0.009547753733800245,0.011583011583011582,1.247104247104247,2.559725838795606,fing_x_face,9,0.01,face_G>face_C>li_V>ri_V,4,LR-P2-N2-rel,GP,main,0.03700661659240723,0.010385801083475503,0.007722007722007722,0.011792523420430398,0.011583011583011582
True,0.05940877506321563,0.010000000000003718,0.05651466201383207,0.00024085563915536475,0.00988957952396299,0.009727626459143969,0.0,0.010266080033521894,0.007722007722007722,1.223938223938224,2.8686360779384037,fing_x_face,9,0.01,face_G>face_C>li_V>ri_V,4,LR-P1-N3,GP,main,0.05489373207092285,0.01080482475831313,0.007722007722007722,0.012121756307802819,0.007722007722007722
True,0.05323572325073436,0.01000000000000925,0.05099696474901878,0.00022238140733484566,0.009840944563187428,0.009727626459143969,0.0,0.010296010296010296,0.007722007722007722,1.2355212355212355,2.8690700667444853,fing_x_face,9,0.01,face_G>face_C>li_V>ri_V,4,NLS-N2,GP,main,0.04151034355163574,0.010700068839603723,0.007722007722007722,0.012226512226512226,0.007722007722007722
True,0.059263551719333965,0.010000000000005102,0.05660841916464985,0.00024085563915536475,0.009852537973519086,0.009697463276324918,0.0,0.010281045164766096,0.007722007722007722,1.2277992277992278,2.86869593846338,fing_x_face,9,0.01,face_G>face_C>li_V>ri_V,4,DE-N2,GP,main,0.041645050048828125,0.010729999102092125,0.007722007722007722,0.012166651701535422,0.007722007722007722
True,0.1298741776907449,0.010000000000004134,0.11852138470554474,0.0016758718106793065,0.009795324941361159,0.010994480137544114,0.003875968992248062,0.009817126096195864,0.023166023166023165,1.223938223938224,1.9771033491963725,fing_x_face,9,0.01,face_G>face_C>li_V>ri_V,4,MAXMONO-K3,GP,main,0.06700873374938965,0.010670138577115322,0.023166023166023165,0.012286372751489031,0.03861003861003861
True,,,,,,0.009591892136458238,0.011627906976744186,0.007243123522193289,0.011583011583011582,1.8262548262548262,2.8956481398341865,fing_x_face,9,0.01,face_G>face_C>li_V>ri_V,4,S1-Marcialis,rule,main,0.005463838577270508,,,,
True,,,,,,0.009591892136458238,0.011627906976744186,0.007243123522193289,0.011583011583011582,1.8262548262548262,2.8956481398341865,fing_x_face,9,0.01,face_G>face_C>li_V>ri_V,4,S2-Symmetric,rule,main,0.06350040435791016,,,,
False,,,,,,,,,,,,fing_x_face,9,0.01,face_G>face_C>li_V>ri_V,4,S4-Direct,rule,main,5.4836273193359375e-06,,,,
True,0.19256115263725618,0.010000000000000458,0.17618540111588427,0.0442796427861806,0.009776402860354512,0.012774107923868126,0.04263565891472868,0.012989733919966478,0.0694980694980695,1.0888030888030888,1.0992786806740296,fing_x_face,9,0.01,face_G>face_C>ri_V>li_V,4,HYP,GP,main,0.02468132972717285,0.013723025350932328,0.08108108108108109,0.014905270719224208,0.07335907335907337
True,0.05608259600047182,0.010000000000998549,0.05388601353549811,0.00021724234119895644,0.009777741202014337,0.009637136910686815,0.0,0.0103409056897429,0.007722007722007722,1.223938223938224,2.888988656430517,fing_x_face,9,0.01,face_G>face_C>ri_V>li_V,4,MONO,GP,main,0.043192386627197266,0.010849720152045734,0.007722007722007722,0.012121756307802819,0.007722007722007722
True,0.0286268901840548,0.010000000000007376,0.027505172773682512,0.00042677585749947475,0.00950919990744777,0.009968931921696378,0.0,0.01005656819610308,0.007722007722007722,1.247104247104247,2.4901828739038043,fing_x_face,9,0.01,face_G>face_C>ri_V>li_V,4,MONO-rel,GP,main,0.041994571685791016,0.010894615545778337,0.003861003861003861,0.012226512226512226,0.011583011583011582
True,0.05875156964937526,0.009999999999999995,0.056193845092719664,0.00024121246232448374,0.009781840081676653,0.009591892136458238,0.0,0.01022118463978929,0.007722007722007722,1.2162162162162162,2.8885097722307025,fing_x_face,9,0.01,face_G>face_C>ri_V>li_V,4,LR-P1-N2,GP,main,0.04605913162231445,0.010759929364580527,0.007722007722007722,0.012046930651581814,0.007722007722007722
True,0.028619383793811112,0.010000000000009099,0.02750577461877389,0.004289408104200678,0.009481731383126874,0.009953850330286852,0.003875968992248062,0.01005656819610308,0.007722007722007722,1.247104247104247,2.490093083116339,fing_x_face,9,0.01,face_G>face_C>ri_V>li_V,4,LR-P1-N2-rel,GP,main,0.034510135650634766,0.010894615545778337,0.003861003861003861,0.012211547095268026,0.011583011583011582
True,0.08653819380578,0.010000000000081593,0.08292399883621915,0.0002102345237409256,0.009860372114494894,0.009772871233372546,0.0,0.010430696477208104,0.007722007722007722,1.223938223938224,2.8890934123492262,fing_x_face,9,0.01,face_G>face_C>ri_V>li_V,4,LR-P2-N2,GP,main,0.0675506591796875,0.010909580677022537,0.007722007722007722,0.01225644248900063,0.007722007722007722
True,0.026050984915033406,0.010000000000000103,0.024856892595284848,0.0005338670443776006,0.009692816294139118,0.010949235363315537,0.0,0.010580347789650115,0.007722007722007722,1.2432432432432432,2.4105534105534105,fing_x_face,9,0.01,face_G>face_C>ri_V>li_V,4,LR-P2-N2-rel,GP,main,0.03557562828063965,0.011657837239232588,0.003861003861003861,0.012825117476280267,0.011583011583011582
True,0.0587963256801686,0.010000000000376662,0.05621932865779923,0.00024121246232448374,0.009811912657703826,0.00962205531927729,0.0,0.01022118463978929,0.007722007722007722,1.2162162162162162,2.8885097722307025,fing_x_face,9,0.01,face_G>face_C>ri_V>li_V,4,LR-P1-N3,GP,main,0.04548931121826172,0.010774894495824729,0.007722007722007722,0.012061895782826015,0.007722007722007722
True,0.052681379561545456,0.010000000000007937,0.050693358673613444,0.0002102345237409256,0.009864738420606766,0.00975778964196302,0.0,0.010400766214719703,0.007722007722007722,1.223938223938224,2.889048516955494,fing_x_face,9,0.01,face_G>face_C>ri_V>li_V,4,NLS-N2,GP,main,0.04102802276611328,0.010879650414534136,0.007722007722007722,0.01227140762024483,0.007722007722007722
True,0.05865422272757769,0.010000000000005076,0.05629964313155783,0.0002408556391553647,0.009749931425386651,0.009561728953639189,0.0,0.010116428721079884,0.007722007722007722,1.2162162162162162,2.888913830774296,fing_x_face,9,0.01,face_G>face_C>ri_V>li_V,4,DE-N2,GP,main,0.041283607482910156,0.010700068839603723,0.007722007722007722,0.01198707012660501,0.007722007722007722
True,0.12919880450029647,0.010000000000007572,0.11819517630297005,0.001181614169325358,0.009750021714945665,0.010858745814858383,0.0,0.009532788602556044,0.015444015444015444,1.2316602316602316,2.0264733171709914,fing_x_face,9,0.01,face_G>face_C>ri_V>li_V,4,MAXMONO-K3,GP,main,0.08127808570861816,0.01049055700218491,0.011583011583011582,0.011897279339139805,0.015444015444015444
True,,,,,,0.009094199619943897,0.01937984496124031,0.008036275478135943,0.019305019305019305,1.7722007722007722,2.915701415701416,fing_x_face,9,0.01,face_G>face_C>ri_V>li_V,4,S1-Marcialis,rule,main,0.006714582443237305,,,,
True,,,,,,0.009667300093505866,0.003875968992248062,0.009637544521265452,0.007722007722007722,1.305019305019305,2.3568435545179733,fing_x_face,9,0.01,face_G>face_C>ri_V>li_V,4,S2-Symmetric,rule,main,0.06645750999450684,,,,
False,,,,,,,,,,,,fing_x_face,9,0.01,face_G>face_C>ri_V>li_V,4,S4-Direct,rule,main,5.7220458984375e-06,,,,
True,0.5404050147203974,0.010000000000000094,0.47982767597438813,0.0820922062052359,0.00951952177231204,0.010451542846801195,0.08139534883720931,0.011163987908173955,0.08494208494208494,1.0424710424710424,1.019514531142438,fing_x_face,9,0.01,face_G>li_V>face_C>ri_V,4,HYP,GP,main,0.0224916934967041,0.011732662895453593,0.09266409266409266,0.012795187213791866,0.08494208494208494
True,0.06168525835264336,0.010000000000006755,0.05730884204333484,0.0002896564549319419,0.009738383207683643,0.009591892136458238,0.0,0.010819789889557332,0.003861003861003861,1.1583011583011582,3.1577175181826345,fing_x_face,9,0.01,face_G>li_V>face_C>ri_V,4,MONO,GP,main,0.03727841377258301,0.011448325401813774,0.003861003861003861,0.012750291820059262,0.003861003861003861
True,0.0340197956435629,0.010000000000004028,0.031908113344547434,0.0003013666194668833,0.009423831383499563,0.009305341899677255,0.0,0.010430696477208104,0.003861003861003861,1.166023166023166,3.078117985094729,fing_x_face,9,0.01,face_G>li_V>face_C>ri_V,4,MONO-rel,GP,main,0.02901148796081543,0.01108916225195295,0.003861003861003861,0.012331268145221634,0.003861003861003861
True,0.06468913929465765,0.01000000000000164,0.059728567367172566,0.0002896564549319419,0.009856293742016195,0.009712544867734443,0.0,0.011059231989464548,0.003861003861003861,1.1583011583011582,3.1569842267516686,fing_x_face,9,0.01,face_G>li_V>face_C>ri_V,4,LR-P1-N2,GP,main,0.03889203071594238,0.011642872107988388,0.003861003861003861,0.012795187213791866,0.003861003861003861
True,0.03405188211430268,0.010000000000005378,0.03192992530935615,0.0002775095713380217,0.00955460660698728,0.009576810545048714,0.0,0.010565382658405915,0.003861003861003861,1.166023166023166,3.0457484062135225,fing_x_face,9,0.01,face_G>li_V>face_C>ri_V,4,LR-P1-N2-rel,GP,main,0.031365394592285156,0.011268743826883362,0.003861003861003861,0.012465954326419443,0.003861003861003861
True,0.09354767065253086,0.0100000000000002,0.08637959642133043,0.00027548847615809695,0.00986010296222884,0.009697463276324918,0.0,0.011059231989464548,0.003861003861003861,1.162162162162162,3.1574331806889946,fing_x_face,9,0.01,face_G>li_V>face_C>ri_V,4,LR-P2-N2,GP,main,0.04133796691894531,0.011762593157941995,0.003861003861003861,0.01300469905121068,0.003861003861003861
True,0.03336750442761127,0.010000000000002536,0.03126026397715857,0.0002729785264656408,0.009207607985298346,0.009546647362229663,0.0,0.01007153332734728,0.003861003861003861,1.1853281853281854,2.908952141510281,fing_x_face,9,0.01,face_G>li_V>face_C>ri_V,4,LR-P2-N2-rel,GP,main,0.029703378677368164,0.011223848433150758,0.003861003861003861,0.012121756307802819,0.003861003861003861
True,0.06532527953658905,0.010000000000034768,0.060091070638575925,0.0002977024675689403,0.009937838719797606,0.009818116007601123,0.0,0.011163987908173955,0.003861003861003861,1.1583011583011582,3.1566849241267847,fing_x_face,9,0.01,face_G>li_V>face_C>ri_V,4,LR-P1-N3,GP,main,0.0476686954498291,0.011732662895453593,0.003861003861003861,0.01287001287001287,0.003861003861003861
True,0.05865379304046509,0.01000000000000099,0.05439757232840561,0.00028161044229494346,0.009789203335392457,0.00962205531927729,0.0,0.010864685283289934,0.003861003861003861,1.1583011583011582,3.1575828320014367,fing_x_face,9,0.01,face_G>li_V>face_C>ri_V,4,NLS-N2,GP,main,0.03977680206298828,0.011523151058034779,0.003861003861003861,0.012780222082547664,0.003861003861003861
True,0.06552660774529097,0.01000000000001585,0.0603836595697015,0.0002977024675689403,0.009949757146469675,0.009818116007601123,0.0,0.011163987908173955,0.003861003861003861,1.1583011583011582,3.1566849241267847,fing_x_face,9,0.01,face_G>li_V>face_C>ri_V,4,DE-N2,GP,main,0.05141735076904297,0.011732662895453593,0.003861003861003861,0.01287001287001287,0.003861003861003861
True,0.13005202553838904,0.010000000000004,0.11750964714348358,0.008069996751189369,0.009383472618849033,0.01060235876089645,0.007751937984496124,0.010849720152045734,0.015444015444015444,1.1467181467181466,2.0913770913770913,fing_x_face,9,0.01,face_G>li_V>face_C>ri_V,4,MAXMONO-K3,GP,main,0.07781028747558594,0.012376163538954236,0.015444015444015444,0.013663164825955523,0.015444015444015444
True,,,,,,0.009591892136458238,0.011627906976744186,0.007243123522193289,0.011583011583011582,1.5868725868725868,3.1869144892400705,fing_x_face,9,0.01,face_G>li_V>face_C>ri_V,4,S1-Marcialis,rule,main,0.005944728851318359,,,,
True,,,,,,0.009591892136458238,0.011627906976744186,0.007243123522193289,0.011583011583011582,1.5868725868725868,3.1869144892400705,fing_x_face,9,0.01,face_G>li_V>face_C>ri_V,4,S2-Symmetric,rule,main,0.06722259521484375,,,,
False,,,,,,,,,,,,fing_x_face,9,0.01,face_G>li_V>face_C>ri_V,4,S4-Direct,rule,main,6.4373016357421875e-06,,,,
True,0.5953583635390829,0.010000000000000502,0.5160628068458892,0.08217722626538758,0.009496348772965787,0.010074503061563055,0.08139534883720931,0.010999371464487744,0.0888030888030888,1.0386100386100385,1.0166262608123073,fing_x_face,9,0.01,face_G>li_V>ri_V>face_C,4,HYP,GP,main,0.024890899658203125,0.011478255664302175,0.09652509652509653,0.01258567537637305,0.0888030888030888
True,0.062221768491518406,0.01000000000000958,0.05749059961789979,0.00046312532766116946,0.009742307129481771,0.009712544867734443,0.0,0.01095447607075514,0.003861003861003861,1.1544401544401544,3.178534015743318,fing_x_face,9,0.01,face_G>li_V>ri_V>face_C,4,MONO,GP,main,0.049668073654174805,0.01168776750172099,0.003861003861003861,0.012899943132501273,0.003861003861003861
True,0.034358677295481296,0.010000000000005733,0.03196272350748312,0.0006052926157445257,0.009741199951614609,0.010270563749886889,0.0,0.011119092514441351,0.003861003861003861,1.1544401544401544,2.7875101014635897,fing_x_face,9,0.01,face_G>li_V>ri_V>face_C,4,MONO-rel,GP,main,0.04795050621032715,0.012301337882733231,0.0,0.013333931938583102,0.003861003861003861
True,0.06504238251143882,0.010000000000002802,0.05983706264395917,0.00047341700160919537,0.009616664908901435,0.009531565770820137,0.0,0.010864685283289934,0.003861003861003861,1.1505791505791505,3.178459190087097,fing_x_face,9,0.01,face_G>li_V>ri_V>face_C,4,LR-P1-N2,GP,main,0.04682803153991699,0.011493220795546377,0.003861003861003861,0.012660501032594055,0.003861003861003861
True,0.03434995303028685,0.010000000000003966,0.03196501020188118,0.0006052926157445257,0.009734208682474063,0.010285645341296414,0.0,0.011134057645685553,0.003861003861003861,1.1544401544401544,2.7875101014635897,fing_x_face,9,0.01,face_G>li_V>ri_V>face_C,4,LR-P1-N2-rel,GP,main,0.04137706756591797,0.01227140762024483,0.0,0.013333931938583102,0.003861003861003861
True,0.09401567785728933,0.010000000000000191,0.0865065877330225,0.00029575020924327305,0.00977536203126718,0.009546647362229663,0.0,0.010849720152045734,0.003861003861003861,1.1544401544401544,3.4686330849121547,fing_x_face,9,0.01,face_G>li_V>ri_V>face_C,4,LR-P2-N2,GP,main,0.05486559867858887,0.011433360270569574,0.003861003861003861,0.012630570770105654,0.003861003861003861
True,0.033652873532076355,0.01000000000000265,0.03119356328624403,0.00076561387500515,0.00947438497112762,0.010089584652972581,0.0,0.010774894495824729,0.0,1.16988416988417,2.7487803418035974,fing_x_face,9,0.01,face_G>li_V>ri_V>face_C,4,LR-P2-N2-rel,GP,main,0.03951716423034668,0.011837418814163,0.0,0.013363862201071504,0.0
True,0.06566710779193644,0.010000000000000333,0.06018985021189585,0.00047341700160919537,0.009722067890733413,0.009637136910686815,0.0,0.010939510939510939,0.003861003861003861,1.1505791505791505,3.1782945736434107,fing_x_face,9,0.01,face_G>li_V>ri_V>face_C,4,LR-P1-N3,GP,main,0.06864190101623535,0.01155308132052318,0.003861003861003861,0.012690431295082457,0.003861003861003861
True,0.05909319885537754,0.010000000000000698,0.054535842888232315,0.000516242552741606,0.009515356748363006,0.009546647362229663,0.0,0.010685103708359522,0.003861003861003861,1.1505791505791505,3.039522911615935,fing_x_face,9,0.01,face_G>li_V>ri_V>face_C,4,NLS-N2,GP,main,0.03524327278137207,0.01140343000808117,0.003861003861003861,0.012630570770105654,0.003861003861003861
True,0.06598863147652656,0.010000000000001808,0.060523647992724895,0.00047341700160919537,0.009676311165816288,0.009606973727867764,0.0,0.010924545808266739,0.003861003861003861,1.1505791505791505,3.178324503905899,fing_x_face,9,0.01,face_G>li_V>ri_V>face_C,4,DE-N2,GP,main,0.060526371002197266,0.01153811618927898,0.003861003861003861,0.012675466163838257,0.003861003861003861
True,0.12883044498437593,0.010000000000002215,0.1168062767718453,0.001349966996768317,0.009454563115190757,0.009818116007601123,0.003875968992248062,0.01080482475831313,0.0,1.162162162162162,2.67512196581964,fing_x_face,9,0.01,face_G>li_V>ri_V>face_C,4,MAXMONO-K3,GP,main,0.06227469444274902,0.011927209601628207,0.0,0.013034629313699081,0.0
True,,,,,,0.009999095104515429,0.007751937984496124,0.006868995241088264,0.0,1.528957528957529,3.4982341145131843,fing_x_face,9,0.01,face_G>li_V>ri_V>face_C,4,S1-Marcialis,rule,main,0.004888772964477539,,,,
True,,,,,,0.009999095104515429,0.007751937984496124,0.006868995241088264,0.0,1.528957528957529,3.4982341145131843,fing_x_face,9,0.01,face_G>li_V>ri_V>face_C,4,S2-Symmetric,rule,main,0.06496596336364746,,,,
False,,,,,,,,,,,,fing_x_face,9,0.01,face_G>li_V>ri_V>face_C,4,S4-Direct,rule,main,5.245208740234375e-06,,,,
True,0.2863678399412115,0.010000000000001417,0.2599018258826986,0.05912950183412255,0.009723587703768605,0.011522335836877508,0.05813953488372093,0.012061895782826015,0.06563706563706563,1.057915057915058,1.0525276106671455,fing_x_face,9,0.01,face_G>ri_V>face_C>li_V,4,HYP,GP,main,0.030631542205810547,0.012615605638861454,0.06563706563706563,0.013842746400885935,0.07335907335907337
True,0.058152906393749905,0.010000000000001053,0.055132551451544595,0.00027252623447897756,0.009802109841354767,0.009591892136458238,0.0,0.010685103708359522,0.003861003861003861,1.138996138996139,3.211577025530514,fing_x_face,9,0.01,face_G>ri_V>face_C>li_V,4,MONO,GP,main,0.05043911933898926,0.011208883301906558,0.003861003861003861,0.012331268145221634,0.003861003861003861
True,0.02999775753978143,0.010000000000000982,0.02856725441211848,0.00028955714930612765,0.009458545189559325,0.009531565770820137,0.0,0.01020621950854509,0.003861003861003861,1.1428571428571428,2.8061267247313757,fing_x_face,9,0.01,face_G>ri_V>face_C>li_V,4,MONO-rel,GP,main,0.03369021415710449,0.010580347789650115,0.003861003861003861,0.011882314207895603,0.003861003861003861
True,0.060102098728322395,0.010000000000010138,0.0569862070958467,0.00030214865127017074,0.009698231579294237,0.00945615781377251,0.0,0.010550417527161713,0.003861003861003861,1.138996138996139,3.21127772290563,fing_x_face,9,0.01,face_G>ri_V>face_C>li_V,4,LR-P1-N2,GP,main,0.04310488700866699,0.011014336595731944,0.003861003861003861,0.012301337882733231,0.003861003861003861
True,0.029883618982822924,0.010000000000001097,0.02848510860422497,0.00028955714930612765,0.009401306855875157,0.00945615781377251,0.0,0.010116428721079884,0.003861003861003861,1.1467181467181466,2.807832749693215,fing_x_face,9,0.01,face_G>ri_V>face_C>li_V,4,LR-P1-N2-rel,GP,main,0.051833391189575195,0.010535452395917513,0.003861003861003861,0.011807488551674598,0.003861003861003861
True,0.08834382194511292,0.010000000000001168,0.0837904423461739,0.000266151716080117,0.00980220890152298,0.009531565770820137,0.0,0.010685103708359522,0.003861003861003861,1.138996138996139,3.2119960492053514,fing_x_face,9,0.01,face_G>ri_V>face_C>li_V,4,LR-P2-N2,GP,main,0.06132769584655762,0.011268743826883362,0.003861003861003861,0.012450989195175241,0.003861003861003861
True,0.027565181303113452,0.01000000000000187,0.026092163187794726,0.0018086246997408638,0.00949981419574369,0.010496787621029771,0.0,0.010266080033521894,0.003861003861003861,1.1467181467181466,2.422899643829876,fing_x_face,9,0.01,face_G>ri_V>face_C>li_V,4,LR-P2-N2-rel,GP,main,0.03694725036621094,0.011253778695639162,0.003861003861003861,0.012525814851396247,0.003861003861003861
True,0.06009923027139572,0.01000000000000766,0.05698196965518377,0.00030214865127017074,0.009728332097156903,0.00948632099659156,0.0,0.010565382658405915,0.003861003861003861,1.138996138996139,3.211232827511897,fing_x_face,9,0.01,face_G>ri_V>face_C>li_V,4,LR-P1-N3,GP,main,0.043782949447631836,0.011134057645685553,0.003861003861003861,0.012391128670198438,0.003861003861003861
True,0.05435841526039966,0.010000000000000049,0.051726484936341494,0.0002753293614621899,0.009693028271344415,0.009471239405182035,0.0,0.010445661608452306,0.003861003861003861,1.138996138996139,3.2122654215677473,fing_x_face,9,0.01,face_G>ri_V>face_C>li_V,4,NLS-N2,GP,main,0.06205606460571289,0.01107419712070875,0.003861003861003861,0.012241477357756428,0.003861003861003861
True,0.060469600867240535,0.010000000000011134,0.057371297796305565,0.00030214865127017074,0.009740692566467337,0.009501402588001086,0.0,0.010565382658405915,0.003861003861003861,1.138996138996139,3.211232827511897,fing_x_face,9,0.01,face_G>ri_V>face_C>li_V,4,DE-N2,GP,main,0.052208662033081055,0.011134057645685553,0.003861003861003861,0.012391128670198438,0.003861003861003861
True,0.12741780066537872,0.010000000000005742,0.11643428908755059,0.005196744648919061,0.009202340651451786,0.010572195578077398,0.003875968992248062,0.010625243183382718,0.0,1.1428571428571428,1.9303971745832211,fing_x_face,9,0.01,face_G>ri_V>face_C>li_V,4,MAXMONO-K3,GP,main,0.10777831077575684,0.011732662895453593,0.0,0.012974768788722278,0.0
True,,,,,,0.009094199619943897,0.01937984496124031,0.008036275478135943,0.015444015444015444,1.4749034749034748,3.2399958097632515,fing_x_face,9,0.01,face_G>ri_V>face_C>li_V,4,S1-Marcialis,rule,main,0.004481792449951172,,,,
True,,,,,,0.009818116007601123,0.003875968992248062,0.010355870820987101,0.003861003861003861,1.162162162162162,2.550567178474155,fing_x_face,9,0.01,face_G>ri_V>face_C>li_V,4,S2-Symmetric,rule,main,0.05775642395019531,,,,
False,,,,,,,,,,,,fing_x_face,9,0.01,face_G>ri_V>face_C>li_V,4,S4-Direct,rule,main,4.5299530029296875e-06,,,,
True,0.3756941961230124,0.010000000000000581,0.3328085834897907,0.06337805650664165,0.009633560481506067,0.010557113986667874,0.06201550387596899,0.011418395139325372,0.0694980694980695,1.054054054054054,1.0403010984406333,fing_x_face,9,0.01,face_G>ri_V>li_V>face_C,4,HYP,GP,main,0.018836498260498047,0.011957139864116608,0.0694980694980695,0.013064559576187483,0.07335907335907337
True,0.058868203016317996,0.010000000000004242,0.05538796851627685,0.0003417088528701245,0.009740251648693417,0.009561728953639189,0.0,0.010610278052138516,0.003861003861003861,1.138996138996139,3.4074705935171052,fing_x_face,9,0.01,face_G>ri_V>li_V>face_C,4,MONO,GP,main,0.037302255630493164,0.011163987908173955,0.003861003861003861,0.012376163538954236,0.003861003861003861
True,0.030788650178631867,0.010000000000001088,0.029014891257132035,0.00081594196616783,0.009490304959767756,0.009863360781829698,0.003875968992248062,0.010834755020801532,0.003861003861003861,1.138996138996139,2.841564155517644,fing_x_face,9,0.01,face_G>ri_V>li_V>face_C,4,MONO-rel,GP,main,0.03401541709899902,0.011568046451767382,0.003861003861003861,0.012630570770105654,0.003861003861003861
True,0.06082158941969198,0.01000000000000536,0.05724625927002131,0.0003156722719492435,0.00970751716298127,0.009410913039543932,0.0,0.010535452395917513,0.003861003861003861,1.138996138996139,3.5023495256053394,fing_x_face,9,0.01,face_G>ri_V>li_V>face_C,4,LR-P1-N2,GP,main,0.037171125411987305,0.01096944120199934,0.003861003861003861,0.012211547095268026,0.003861003861003861
True,0.030685473747887444,0.01000000000000068,0.028945957064155575,0.00081594196616783,0.009400132931812827,0.009772871233372546,0.003875968992248062,0.010759929364580527,0.003861003861003861,1.1428571428571428,2.841713806830086,fing_x_face,9,0.01,face_G>ri_V>li_V>face_C,4,LR-P1-N2-rel,GP,main,0.029325246810913086,0.011508185926790577,0.003861003861003861,0.01258567537637305,0.003861003861003861
True,0.08919005365761734,0.010000000000009349,0.08404293999574478,0.0002723366510115139,0.009852865097345068,0.009637136910686815,0.0,0.010670138577115322,0.003861003861003861,1.138996138996139,3.502678758492712,fing_x_face,9,0.01,face_G>ri_V>li_V>face_C,4,LR-P2-N2,GP,main,0.036537885665893555,0.011268743826883362,0.003861003861003861,0.012331268145221634,0.003861003861003861
True,0.028979797332557445,0.010000000000003832,0.027110567573790607,0.002618018588359262,0.008828587787691728,0.009878442373239224,0.003875968992248062,0.010550417527161713,0.003861003861003861,1.1428571428571428,2.324743347999162,fing_x_face,9,0.01,face_G>ri_V>li_V>face_C,4,LR-P2-N2-rel,GP,main,0.032070159912109375,0.011897279339139805,0.003861003861003861,0.01300469905121068,0.003861003861003861
True,0.060884958679481155,0.010000000000003673,0.05726301594151806,0.00035362101407575633,0.009624088672520889,0.009410913039543932,0.0,0.01049055700218491,0.003861003861003861,1.138996138996139,3.4074855586483492,fing_x_face,9,0.01,face_G>ri_V>li_V>face_C,4,LR-P1-N3,GP,main,0.04320693016052246,0.01096944120199934,0.003861003861003861,0.012181616832779624,0.003861003861003861
True,0.055133349523141424,0.010000000000003744,0.052018998596013714,0.0004890793043569411,0.009471230382693157,0.00932042349108678,0.0,0.010355870820987101,0.003861003861003861,1.138996138996139,3.2679806051899076,fing_x_face,9,0.01,face_G>ri_V>li_V>face_C,4,NLS-N2,GP,main,0.044788360595703125,0.01080482475831313,0.003861003861003861,0.01213672143904702,0.003861003861003861
True,0.06131342262414212,0.010000000000008629,0.05766827015445695,0.00035362101407575633,0.009598481909761064,0.009380749856724881,0.0,0.010445661608452306,0.003861003861003861,1.138996138996139,3.4075753494358145,fing_x_face,9,0.01,face_G>ri_V>li_V>face_C,4,DE-N2,GP,main,0.04927635192871094,0.010909580677022537,0.003861003861003861,0.012151686570291222,0.003861003861003861
True,0.12789240486778963,0.01000000000000806,0.1163719196070931,0.004082141013114767,0.008563062859057047,0.00948632099659156,0.003875968992248062,0.010026637933614678,0.003861003861003861,1.1428571428571428,2.062464457813295,fing_x_face,9,0.01,face_G>ri_V>li_V>face_C,4,MAXMONO-K3,GP,main,0.07767820358276367,0.01138846487683697,0.003861003861003861,0.012495884588907845,0.003861003861003861
True,,,,,,0.009999095104515429,0.007751937984496124,0.006868995241088264,0.0,1.471042471042471,3.531262159169136,fing_x_face,9,0.01,face_G>ri_V>li_V>face_C,4,S1-Marcialis,rule,main,0.009356975555419922,,,,
True,,,,,,0.009999095104515429,0.007751937984496124,0.006868995241088264,0.0,1.471042471042471,3.531262159169136,fing_x_face,9,0.01,face_G>ri_V>li_V>face_C,4,S2-Symmetric,rule,main,0.07912135124206543,,,,
False,,,,,,,,,,,,fing_x_face,9,0.01,face_G>ri_V>li_V>face_C,4,S4-Direct,rule,main,1.1444091796875e-05,,,,
False,,,,,,,,,,,,fing_x_face,9,0.01,li_V>face_C>face_G>ri_V,4,HYP,GP,main,0.1589524745941162,,,,
True,0.0745009322022741,0.01000000000000823,0.07164289633181856,0.0003216148108758121,0.008917169213478576,0.009199770759810575,0.0,0.008934183352788004,0.003861003861003861,1.1505791505791505,3.0316362874502407,fing_x_face,9,0.01,li_V>face_C>face_G>ri_V,4,MONO,GP,main,0.0766599178314209,0.010281045164766096,0.003861003861003861,0.011298674089371763,0.003861003861003861
True,0.05923419584338439,0.010000000000006701,0.05745001440192471,0.0002640626868243509,0.00882638198618858,0.009441076222362984,0.0,0.00915866032145102,0.003861003861003861,1.1583011583011582,3.0338361617431384,fing_x_face,9,0.01,li_V>face_C>face_G>ri_V,4,MONO-rel,GP,main,0.029897689819335938,0.010131393852324085,0.003861003861003861,0.011313639220615965,0.003861003861003861
True,0.08164151331156186,0.010000000000015717,0.07813001393128195,0.0003216148108758121,0.00876456454188382,0.009033873254305795,0.0,0.008769566909101793,0.003861003861003861,1.1505791505791505,3.0319056598126366,fing_x_face,9,0.01,li_V>face_C>face_G>ri_V,4,LR-P1-N2,GP,main,0.03485727310180664,0.010176289246056689,0.003861003861003861,0.011134057645685553,0.003861003861003861
True,0.05926038067810741,0.010000000000000954,0.05747015922974266,0.0002640626868243509,0.008811940544010886,0.009425994630953458,0.0,0.00915866032145102,0.003861003861003861,1.1583011583011582,3.0338361617431384,fing_x_face,9,0.01,li_V>face_C>face_G>ri_V,4,LR-P1-N2-rel,GP,main,0.03016948699951172,0.010086498458591482,0.003861003861003861,0.011268743826883362,0.003861003861003861
True,0.08158211969920033,0.010000000000004783,0.07777528116754955,0.0003432273261666667,0.009137889964992952,0.009305341899677255,0.0,0.008799497171590195,0.003861003861003861,1.1505791505791505,3.0313968453503337,fing_x_face,9,0.01,li_V>face_C>face_G>ri_V,4,LR-P2-N2,GP,main,0.04519534111022949,0.010191254377300889,0.0,0.01107419712070875,0.003861003861003861
True,0.056275294111045336,0.010000000000005654,0.05444742411392755,0.00030649327239954576,0.008919258690909957,0.009772871233372546,0.0,0.009368172158869833,0.003861003861003861,1.1583011583011582,2.912079853940319,fing_x_face,9,0.01,li_V>face_C>face_G>ri_V,4,LR-P2-N2-rel,GP,main,0.028322219848632812,0.010625243183382718,0.003861003861003861,0.011792523420430398,0.003861003861003861
True,0.08634737413422167,0.010000000000040577,0.08262657400610658,0.0003216148108758121,0.008879019354284163,0.009169607576991524,0.0,0.0088743228278112,0.003861003861003861,1.1505791505791505,3.031726078237706,fing_x_face,9,0.01,li_V>face_C>face_G>ri_V,4,LR-P1-N3,GP,main,0.04096531867980957,0.010281045164766096,0.003861003861003861,0.011283708958127563,0.003861003861003861
True,0.07658372313079924,0.010000000000006818,0.07376288107844345,0.0041891202554692475,0.008717980771912803,0.009139444394172472,0.003875968992248062,0.008844392565322799,0.003861003861003861,1.1505791505791505,2.7961150519290054,fing_x_face,9,0.01,li_V>face_C>face_G>ri_V,4,NLS-N2,GP,main,0.03581595420837402,0.010385801083475503,0.003861003861003861,0.011343569483104367,0.003861003861003861
True,0.08472623731528232,0.01000000000000012,0.0813821202359026,0.0003216148108758121,0.009094595482527707,0.009365668265315355,0.0,0.009113764927718416,0.003861003861003861,1.1505791505791505,3.0313070545628684,fing_x_face,9,0.01,li_V>face_C>face_G>ri_V,4,DE-N2,GP,main,0.0392763614654541,0.01050552213342911,0.003861003861003861,0.011463290533057975,0.003861003861003861
True,0.09634649938869604,0.010000000000004455,0.08909709901876292,0.05887409430967173,0.007564596550758161,0.008943383705848641,0.05813953488372093,0.007527461015833109,0.03861003861003861,1.1196911196911197,1.6021370207416719,fing_x_face,9,0.01,li_V>face_C>face_G>ri_V,4,MAXMONO-K3,GP,main,0.06945991516113281,0.00903893927149741,0.02702702702702703,0.010191254377300889,0.03088803088803089
True,,,,,,0.009591892136458238,0.011627906976744186,0.007243123522193289,0.015444015444015444,1.606177606177606,3.048711502199874,fing_x_face,9,0.01,li_V>face_C>face_G>ri_V,4,S1-Marcialis,rule,main,0.004705190658569336,,,,
True,,,,,,0.009591892136458238,0.011627906976744186,0.007243123522193289,0.015444015444015444,1.606177606177606,3.048711502199874,fing_x_face,9,0.01,li_V>face_C>face_G>ri_V,4,S2-Symmetric,rule,main,0.056882619857788086,,,,
False,,,,,,,,,,,,fing_x_face,9,0.01,li_V>face_C>face_G>ri_V,4,S4-Direct,rule,main,4.76837158203125e-06,,,,
False,,,,,,,,,,,,fing_x_face,9,0.01,li_V>face_C>ri_V>face_G,4,HYP,GP,main,0.15153193473815918,,,,
True,0.0744175461336801,0.01000000000000735,0.07157400154028873,0.00033233530457167247,0.008775830698287072,0.009064036437124846,0.0,0.008859357696566999,0.003861003861003861,1.1428571428571428,3.0992188201490527,fing_x_face,9,0.01,li_V>face_C>ri_V>face_G,4,MONO,GP,main,0.06765007972717285,0.010146358983568285,0.003861003861003861,0.011193918170662356,0.003861003861003861
True,0.05944764478525995,0.010000000000006018,0.05748629420565457,0.0005014275075377394,0.009486391272380065,0.010225318975658312,0.0,0.009442997815090838,0.003861003861003861,1.1428571428571428,2.660680614168986,fing_x_face,9,0.01,li_V>face_C>ri_V>face_G,4,MONO-rel,GP,main,0.04189944267272949,0.011029301726976146,0.003861003861003861,0.011957139864116608,0.003861003861003861
True,0.08151811021542141,0.01000000000001878,0.07805876444414021,0.00033233530457167247,0.008603561693595179,0.008898138931620064,0.0,0.00872467151536919,0.003861003861003861,1.1428571428571428,3.099368471461495,fing_x_face,9,0.01,li_V>face_C>ri_V>face_G,4,LR-P1-N2,GP,main,0.042211294174194336,0.010116428721079884,0.003861003861003861,0.011014336595731944,0.003861003861003861
True,0.059430346431748396,0.010000000000003078,0.05748114394020644,0.0004951152808496169,0.009674196900504738,0.010406298072572618,0.0,0.009697405046242256,0.003861003861003861,1.1428571428571428,2.660456137200323,fing_x_face,9,0.01,li_V>face_C>ri_V>face_G,4,LR-P1-N2-rel,GP,main,0.033039093017578125,0.011283708958127563,0.003861003861003861,0.012151686570291222,0.003861003861003861
True,0.08092424798925749,0.010000000000009321,0.07749134983472976,0.00036020858818090946,0.008774631529995056,0.009018791662896269,0.0,0.008604950465415581,0.003861003861003861,1.1428571428571428,3.099099099099099,fing_x_face,9,0.01,li_V>face_C>ri_V>face_G,4,LR-P2-N2,GP,main,0.05524778366088867,0.009921882014905271,0.003861003861003861,0.010924545808266739,0.003861003861003861
True,0.0563753360295871,0.010000000000002065,0.05429745093286195,0.0004679281088369148,0.008557422565813124,0.009245015534039152,0.0,0.008200891921822155,0.003861003861003861,1.1505791505791505,2.622489599233785,fing_x_face,9,0.01,li_V>face_C>ri_V>face_G,4,LR-P2-N2-rel,GP,main,0.04729723930358887,0.009682439914998054,0.0,0.010535452395917513,0.003861003861003861
True,0.08622414189874557,0.0100000000000002,0.08255944353819071,0.00032161481087581204,0.008884585593673978,0.00918468916840105,0.0,0.008979078746520607,0.003861003861003861,1.1428571428571428,3.099099099099099,fing_x_face,9,0.01,li_V>face_C>ri_V>face_G,4,LR-P1-N3,GP,main,0.05440807342529297,0.010296010296010296,0.003861003861003861,0.011343569483104367,0.003861003861003861
True,0.07647900996537738,0.010000000000003405,0.07369265946434415,0.00032161481087581204,0.009198981517271903,0.009531565770820137,0.0,0.00930831163389303,0.003861003861003861,1.1428571428571428,3.0986800754242614,fing_x_face,9,0.01,li_V>face_C>ri_V>face_G,4,NLS-N2,GP,main,0.0408785343170166,0.01065517344587112,0.003861003861003861,0.011612941845499986,0.003861003861003861
True,0.08459200784216869,0.010000000000008282,0.0813061789182471,0.00032161481087581204,0.009080495792131904,0.009395831448134407,0.0,0.009203555715183623,0.003861003861003861,1.1428571428571428,3.0988297267367035,fing_x_face,9,0.01,li_V>face_C>ri_V>face_G,4,DE-N2,GP,main,0.04614090919494629,0.010460626739696508,0.003861003861003861,0.011523151058034779,0.003861003861003861
True,0.09275354144094189,0.010000000000005466,0.08590653206607514,0.03186320670988541,0.007702275142987891,0.008883057340210538,0.031007751937984496,0.007198228128460687,0.023166023166023165,1.135135135135135,1.7877794738259853,fing_x_face,9,0.01,li_V>face_C>ri_V>face_G,4,MAXMONO-K3,GP,main,0.06719470024108887,0.008589985334171381,0.023166023166023165,0.009487893208823442,0.023166023166023165
True,,,,,,0.009999095104515429,0.0,0.011268743826883362,0.011583011583011582,1.5675675675675675,3.1152913711053247,fing_x_face,9,0.01,li_V>face_C>ri_V>face_G,4,S1-Marcialis,rule,main,0.005179643630981445,,,,
True,,,,,,0.009999095104515429,0.0,0.011268743826883362,0.011583011583011582,1.5675675675675675,3.1152913711053247,fing_x_face,9,0.01,li_V>face_C>ri_V>face_G,4,S2-Symmetric,rule,main,0.038786888122558594,,,,
False,,,,,,,,,,,,fing_x_face,9,0.01,li_V>face_C>ri_V>face_G,4,S4-Direct,rule,main,4.76837158203125e-06,,,,
False,,,,,,,,,,,,fing_x_face,9,0.01,li_V>face_G>face_C>ri_V,4,HYP,GP,main,0.0999596118927002,,,,
True,0.07769339136501185,0.010000000000001657,0.07330390914579808,0.0004412555205216141,0.00790208321770989,0.007978161855639007,0.0,0.008515159677950376,0.003861003861003861,1.1583011583011582,3.275178833318368,fing_x_face,9,0.01,li_V>face_G>face_C>ri_V,4,MONO,GP,main,0.0401616096496582,0.009862021489928466,0.003861003861003861,0.010550417527161713,0.003861003861003861
True,0.06046395588370411,0.010000000000000325,0.05835603926116209,0.0002809626987811094,0.009708970780985132,0.009878442373239224,0.0,0.01020621950854509,0.003861003861003861,1.1583011583011582,3.273233366256622,fing_x_face,9,0.01,li_V>face_G>face_C>ri_V,4,MONO-rel,GP,main,0.03481316566467285,0.011583011583011582,0.003861003861003861,0.012600640507617252,0.003861003861003861
True,0.08444914606174182,0.010000000000001381,0.07947285562820618,0.0004232450911125686,0.008063538591803254,0.008128977769734263,0.0,0.008709706384124988,0.003861003861003861,1.1583011583011582,3.274789739906019,fing_x_face,9,0.01,li_V>face_G>face_C>ri_V,4,LR-P1-N2,GP,main,0.03816533088684082,0.009951812277393673,0.003861003861003861,0.01080482475831313,0.003861003861003861
True,0.060493306440443734,0.010000000000007359,0.05837902348506057,0.0002809626987811094,0.0097209125261751,0.00989352396464875,0.0,0.01022118463978929,0.003861003861003861,1.1583011583011582,3.2732184011253778,fing_x_face,9,0.01,li_V>face_G>face_C>ri_V,4,LR-P1-N2-rel,GP,main,0.03385663032531738,0.011583011583011582,0.003861003861003861,0.012600640507617252,0.003861003861003861
True,0.08797312234177895,0.010000000000000689,0.08078916823618823,0.00040404976503187543,0.009584972229619272,0.009667300093505866,0.0,0.010026637933614678,0.003861003861003861,1.1583011583011582,3.2710933524887014,fing_x_face,9,0.01,li_V>face_G>face_C>ri_V,4,LR-P2-N2,GP,main,0.04145622253417969,0.01168776750172099,0.003861003861003861,0.012046930651581814,0.003861003861003861
True,0.058279504505309915,0.01000000000001378,0.05613710322510639,0.0003303627337316342,0.009844605736175252,0.010391216481163092,0.0,0.010310975427254497,0.003861003861003861,1.1583011583011582,3.03109754272545,fing_x_face,9,0.01,li_V>face_G>face_C>ri_V,4,LR-P2-N2-rel,GP,main,0.029654741287231445,0.011867349076651401,0.003861003861003861,0.012810152345036066,0.003861003861003861
True,0.08913483808005862,0.010000000000002358,0.08388636871211626,0.0004142398764080459,0.008174160684040461,0.008249630501010467,0.0,0.008814462302834395,0.003861003861003861,1.1583011583011582,3.274565262937356,fing_x_face,9,0.01,li_V>face_G>face_C>ri_V,4,LR-P1-N3,GP,main,0.03890800476074219,0.010086498458591482,0.003861003861003861,0.010894615545778337,0.003861003861003861
True,0.07945939348383244,0.010000000000048961,0.07519743006168654,0.00040755028834182905,0.008137283904419146,0.008234548909600941,0.0,0.00872467151536919,0.003861003861003861,1.1583011583011582,3.2748196701685073,fing_x_face,9,0.01,li_V>face_G>face_C>ri_V,4,NLS-N2,GP,main,0.040582895278930664,0.010011672802370477,0.003861003861003861,0.010939510939510939,0.003861003861003861
True,0.08805089302595516,0.010000000000009108,0.08289692926496615,0.0004199002970794603,0.008070512044338127,0.008159140952553313,0.0,0.008664810990392386,0.003861003861003861,1.1583011583011582,3.274879530693484,fing_x_face,9,0.01,li_V>face_G>face_C>ri_V,4,DE-N2,GP,main,0.03716874122619629,0.009996707671126277,0.003861003861003861,0.010849720152045734,0.003861003861003861
True,0.10566573583425568,0.01000000000000027,0.09302969454694104,0.0045239625757035225,0.008701418491716267,0.012216089041715682,0.003875968992248062,0.011642872107988388,0.003861003861003861,1.1544401544401544,2.2288318218550778,fing_x_face,9,0.01,li_V>face_G>face_C>ri_V,4,MAXMONO-K3,GP,main,0.055934906005859375,0.01315435036365269,0.003861003861003861,0.014366525994432972,0.003861003861003861
True,,,,,,0.009591892136458238,0.011627906976744186,0.007243123522193289,0.011583011583011582,1.5482625482625483,3.2934512585675377,fing_x_face,9,0.01,li_V>face_G>face_C>ri_V,4,S1-Marcialis,rule,main,0.004762172698974609,,,,
True,,,,,,0.009591892136458238,0.011627906976744186,0.007243123522193289,0.011583011583011582,1.5482625482625483,3.2934512585675377,fing_x_face,9,0.01,li_V>face_G>face_C>ri_V,4,S2-Symmetric,rule,main,0.07216477394104004,,,,
False,,,,,,,,,,,,fing_x_face,9,0.01,li_V>face_G>face_C>ri_V,4,S4-Direct,rule,main,6.9141387939453125e-06,,,,
False,,,,,,,,,,,,fing_x_face,9,0.01,li_V>face_G>ri_V>face_C,4,HYP,GP,main,0.07001066207885742,,,,
True,0.0782457991162898,0.010000000000005928,0.07350025977982881,0.0004322503058170914,0.008114369989414451,0.008083732995505686,0.0,0.008844392565322799,0.003861003861003861,1.1544401544401544,3.5841638981173864,fing_x_face,9,0.01,li_V>face_G>ri_V>face_C,4,MONO,GP,main,0.0388178825378418,0.009921882014905271,0.003861003861003861,0.01080482475831313,0.003861003861003861
True,0.0609376001686098,0.01000000000000575,0.05852559338410329,0.004666863822639488,0.008575713234292166,0.009275178716858203,0.003875968992248062,0.009637544521265452,0.003861003861003861,1.1544401544401544,2.6810481577923437,fing_x_face,9,0.01,li_V>face_G>ri_V>face_C,4,MONO-rel,GP,main,0.035660743713378906,0.011313639220615965,0.0,0.012301337882733231,0.003861003861003861
True,0.08481015406784269,0.010000000000112244,0.07959244244987668,0.0004322503058170914,0.008210555248638639,0.008174222543962838,0.0,0.008934183352788004,0.003861003861003861,1.1544401544401544,3.583984316542456,fing_x_face,9,0.01,li_V>face_G>ri_V>face_C,4,LR-P1-N2,GP,main,0.06390047073364258,0.01005656819610308,0.003861003861003861,0.010924545808266739,0.003861003861003861
True,0.060922055039226694,0.010000000000003948,0.05852242604826722,0.0008245174583461019,0.009225624375528199,0.009833197599010647,0.0,0.010310975427254497,0.003861003861003861,1.1544401544401544,2.8985064799018287,fing_x_face,9,0.01,li_V>face_G>ri_V>face_C,4,LR-P1-N2-rel,GP,main,0.03765225410461426,0.011777558289186196,0.0,0.012974768788722278,0.003861003861003861
True,0.08845138157376893,0.010000000000000519,0.08092133431477154,0.00041708362842000045,0.009838257629421332,0.009848279190420172,0.0,0.010266080033521894,0.003861003861003861,1.1544401544401544,3.579734219269103,fing_x_face,9,0.01,li_V>face_G>ri_V>face_C,4,LR-P2-N2,GP,main,0.058150291442871094,0.0118224536829188,0.003861003861003861,0.01227140762024483,0.003861003861003861
True,0.05863968278346744,0.010000000000003548,0.05612314370437104,0.0009308132974392969,0.009074300257393935,0.009742708050553495,0.0,0.010355870820987101,0.0,1.1544401544401544,2.858100625542486,fing_x_face,9,0.01,li_V>face_G>ri_V>face_C,4,LR-P2-N2-rel,GP,main,0.049860239028930664,0.011852383945407201,0.0,0.013049594444943281,0.0
True,0.08948416670279793,0.010000000000001185,0.08399745993007222,0.0004187424837603073,0.008404840275906522,0.008370283232286672,0.0,0.009143695190206818,0.003861003861003861,1.1544401544401544,3.5836401185238396,fing_x_face,9,0.01,li_V>face_G>ri_V>face_C,4,LR-P1-N3,GP,main,0.06751203536987305,0.010266080033521894,0.003861003861003861,0.011193918170662356,0.003861003861003861
True,0.07991767663753524,0.010000000000004809,0.07535623862809054,0.0005684863397040855,0.008346476305454027,0.008430609597924773,0.0,0.009143695190206818,0.003861003861003861,1.1544401544401544,3.43388405016312,fing_x_face,9,0.01,li_V>face_G>ri_V>face_C,4,NLS-N2,GP,main,0.049726247787475586,0.010251114902277692,0.003861003861003861,0.011313639220615965,0.003861003861003861
True,0.08852460105655878,0.010000000000000866,0.08304964826052555,0.0004187424837603073,0.008378432393209966,0.00834012004946762,0.0,0.009098799796474216,0.003861003861003861,1.1544401544401544,3.583729909311305,fing_x_face,9,0.01,li_V>face_G>ri_V>face_C,4,DE-N2,GP,main,0.03928661346435547,0.010236149771033492,0.003861003861003861,0.011178953039418156,0.003861003861003861
True,0.10281084447794285,0.01000000000000053,0.09045943978519709,0.0018309574065134763,0.008500123846976137,0.008837812565981963,0.003875968992248062,0.009772230702463261,0.0,1.1544401544401544,2.779832989135315,fing_x_face,9,0.01,li_V>face_G>ri_V>face_C,4,MAXMONO-K3,GP,main,0.05993294715881348,0.011044266858220346,0.0,0.01197210499536081,0.0
True,,,,,,0.009999095104515429,0.007751937984496124,0.006868995241088264,0.0,1.4903474903474903,3.604770883840651,fing_x_face,9,0.01,li_V>face_G>ri_V>face_C,4,S1-Marcialis,rule,main,0.004786968231201172,,,,
True,,,,,,0.009999095104515429,0.007751937984496124,0.006868995241088264,0.0,1.4903474903474903,3.604770883840651,fing_x_face,9,0.01,li_V>face_G>ri_V>face_C,4,S2-Symmetric,rule,main,0.05020737648010254,,,,
False,,,,,,,,,,,,fing_x_face,9,0.01,li_V>face_G>ri_V>face_C,4,S4-Direct,rule,main,5.245208740234375e-06,,,,
False,,,,,,,,,,,,fing_x_face,9,0.01,li_V>ri_V>face_C>face_G,4,HYP,GP,main,0.29702091217041016,,,,
True,0.0766320722181816,0.010000000000011045,0.07268776698202072,0.00045026073522613693,0.007645014985585966,0.007947998672819956,0.0,0.008230822184310557,0.003861003861003861,1.1853281853281854,3.4834934602376464,fing_x_face,9,0.01,li_V>ri_V>face_C>face_G,4,MONO,GP,main,0.05754804611206055,0.009682439914998054,0.003861003861003861,0.010266080033521894,0.003861003861003861
True,0.06136528153248657,0.010000000000008806,0.05880140402734914,0.00031586862625483084,0.008588021310229326,0.012246252224534734,0.0,0.012166651701535422,0.003861003861003861,1.1814671814671815,3.0379366077040495,fing_x_face,9,0.01,li_V>ri_V>face_C>face_G,4,MONO-rel,GP,main,0.04573702812194824,0.013708060219688126,0.003861003861003861,0.014740654275537996,0.003861003861003861
True,0.08295110241543274,0.010000000000019988,0.07870442663310219,0.000503777439755872,0.007633623587108084,0.008083732995505686,0.0,0.008365508365508366,0.003861003861003861,1.1853281853281854,3.41019424740355,fing_x_face,9,0.01,li_V>ri_V>face_C>face_G,4,LR-P1-N2,GP,main,0.06843733787536621,0.009772230702463261,0.003861003861003861,0.010370835952231301,0.003861003861003861
True,0.061191127305008586,0.010000000000007172,0.05868866116851065,0.00031586862625483084,0.008616767046816635,0.012276415407353783,0.0,0.012196581964023824,0.003861003861003861,1.1814671814671815,3.0396127024034,fing_x_face,9,0.01,li_V>ri_V>face_C>face_G,4,LR-P1-N2-rel,GP,main,0.04820847511291504,0.013723025350932328,0.003861003861003861,0.0147705845380264,0.003861003861003861
True,0.08252511616166855,0.010000000000005565,0.07821449198253064,0.0004481852476466183,0.00789072525508983,0.008128977769734263,0.0,0.008275717578043159,0.003861003861003861,1.1814671814671815,3.4828200293316574,fing_x_face,9,0.01,li_V>ri_V>face_C>face_G,4,LR-P2-N2,GP,main,0.05984950065612793,0.00990691688366107,0.003861003861003861,0.010415731345963904,0.003861003861003861
True,0.0592115501381273,0.010000000000000644,0.05656620207211858,0.00035267851340893715,0.008692431969241922,0.013558350677163454,0.0,0.012690431295082457,0.003861003861003861,1.1814671814671815,2.992457573852923,fing_x_face,9,0.01,li_V>ri_V>face_C>face_G,4,LR-P2-N2-rel,GP,main,0.08376145362854004,0.014321630600700368,0.003861003861003861,0.015144712819131424,0.003861003861003861
True,0.08762501938212681,0.010000000000084568,0.08315228297725524,0.0004745490857434782,0.007999303470260266,0.00847585437215335,0.0,0.0088892879590554,0.003861003861003861,1.1814671814671815,3.4053156146179404,fing_x_face,9,0.01,li_V>ri_V>face_C>face_G,4,LR-P1-N3,GP,main,0.0982813835144043,0.010266080033521894,0.003861003861003861,0.01096944120199934,0.003861003861003861
True,0.0783015948614593,0.010000000000009855,0.0745718118338173,0.0004621133130562801,0.008193693265013176,0.008551262329200978,0.0,0.008859357696566999,0.003861003861003861,1.1814671814671815,3.4820119122444706,fing_x_face,9,0.01,li_V>ri_V>face_C>face_G,4,NLS-N2,GP,main,0.05709195137023926,0.010266080033521894,0.003861003861003861,0.011044266858220346,0.003861003861003861
True,0.0865266830116658,0.010000000000009198,0.08215181961840831,0.0004373961427911045,0.007754350250247584,0.008083732995505686,0.0,0.008260752446798959,0.003861003861003861,1.1853281853281854,3.4834934602376464,fing_x_face,9,0.01,li_V>ri_V>face_C>face_G,4,DE-N2,GP,main,0.04271435737609863,0.009802160964951663,0.003861003861003861,0.010400766214719703,0.003861003861003861
True,0.09142221689289677,0.010000000000005218,0.08357644632740402,0.006913826488754464,0.007823675735404989,0.008702078243296232,0.01937984496124031,0.008500194546706174,0.02702702702702703,1.1428571428571428,2.036170722217234,fing_x_face,9,0.01,li_V>ri_V>face_C>face_G,4,MAXMONO-K3,GP,main,0.06706118583679199,0.010026637933614678,0.02702702702702703,0.010385801083475503,0.02702702702702703
True,,,,,,0.009999095104515429,0.0,0.011268743826883362,0.003861003861003861,1.505791505791506,3.4995959414564064,fing_x_face,9,0.01,li_V>ri_V>face_C>face_G,4,S1-Marcialis,rule,main,0.0041561126708984375,,,,
True,,,,,,0.009999095104515429,0.0,0.011268743826883362,0.003861003861003861,1.505791505791506,3.4995959414564064,fing_x_face,9,0.01,li_V>ri_V>face_C>face_G,4,S2-Symmetric,rule,main,0.03808999061584473,,,,
False,,,,,,,,,,,,fing_x_face,9,0.01,li_V>ri_V>face_C>face_G,4,S4-Direct,rule,main,4.291534423828125e-06,,,,
False,,,,,,,,,,,,fing_x_face,9,0.01,li_V>ri_V>face_G>face_C,4,HYP,GP,main,0.04347491264343262,,,,
True,0.07706146827861467,0.010000000000030904,0.0728285084406124,0.0004842489884394927,0.007874279402105562,0.007947998672819956,0.0,0.008006345215647541,0.003861003861003861,1.1814671814671815,3.7258387956062373,fing_x_face,9,0.01,li_V>ri_V>face_G>face_C,4,MONO,GP,main,0.04194808006286621,0.009487893208823442,0.003861003861003861,0.01005656819610308,0.003861003861003861
True,0.06157686797411165,0.010000000000007368,0.058902285834614924,0.004579231573139672,0.008049838541667105,0.011507254245467982,0.007751937984496124,0.010715033970847925,0.0,1.1814671814671815,2.8341713806830087,fing_x_face,9,0.01,li_V>ri_V>face_G>face_C,4,MONO-rel,GP,main,0.03409123420715332,0.01287001287001287,0.0,0.013588339169734518,0.003861003861003861
True,0.08330126117395303,0.010000000000002314,0.07882039882408041,0.0004842489884394927,0.00791018736948427,0.007993243447048532,0.0,0.008036275478135943,0.003861003861003861,1.1814671814671815,3.7258387956062373,fing_x_face,9,0.01,li_V>ri_V>face_G>face_C,4,LR-P1-N2,GP,main,0.0460209846496582,0.009487893208823442,0.003861003861003861,0.010101463589835684,0.003861003861003861
True,0.06140612755305012,0.010000000000000307,0.05879327077009529,0.0007222696776724636,0.008452781681671134,0.012095436310439477,0.003875968992248062,0.011283708958127563,0.0,1.1814671814671815,3.077788752207357,fing_x_face,9,0.01,li_V>ri_V>face_G>face_C,4,LR-P1-N2-rel,GP,main,0.0444025993347168,0.013199245757385292,0.0,0.013932537188351142,0.003861003861003861
True,0.08334491372392511,0.01000000000000933,0.07844949123176237,0.00045622990611599197,0.008163411479657054,0.008249630501010467,0.0,0.008275717578043159,0.003861003861003861,1.1776061776061777,3.7251503995690043,fing_x_face,9,0.01,li_V>ri_V>face_G>face_C,4,LR-P2-N2,GP,main,0.04162168502807617,0.009772230702463261,0.003861003861003861,0.010266080033521894,0.003861003861003861
True,0.059439915037288425,0.010000000000002668,0.05666135704092337,0.0007371926048971013,0.00842474721846766,0.014312430247639731,0.003875968992248062,0.012615605638861454,0.003861003861003861,1.1776061776061777,3.0127802220825477,fing_x_face,9,0.01,li_V>ri_V>face_G>face_C,4,LR-P2-N2-rel,GP,main,0.035599470138549805,0.014291700338211966,0.003861003861003861,0.015144712819131424,0.003861003861003861
True,0.08796893533139556,0.01000000000004087,0.08326162905777476,0.0005320023555583333,0.007974954240490722,0.00806865140409616,0.0,0.00812606626560115,0.003861003861003861,1.1814671814671815,3.7256891442937956,fing_x_face,9,0.01,li_V>ri_V>face_G>face_C,4,LR-P1-N3,GP,main,0.06906390190124512,0.009562718865044447,0.003861003861003861,0.01022118463978929,0.003861003861003861
True,0.07870296049089867,0.010000000000000396,0.07470594254855531,0.0004959386147654588,0.008092630954891857,0.008264712092419992,0.0,0.008320612971775762,0.003861003861003861,1.1814671814671815,3.6920175989943433,fing_x_face,9,0.01,li_V>ri_V>face_G>face_C,4,NLS-N2,GP,main,0.05776214599609375,0.009862021489928466,0.003861003861003861,0.01049055700218491,0.003861003861003861
True,0.08695239022965513,0.010000000000008523,0.08227936022750057,0.004339482966017532,0.007629330110206525,0.007917835490000904,0.003875968992248062,0.00797641495315914,0.003861003861003861,1.1814671814671815,3.406797162611116,fing_x_face,9,0.01,li_V>ri_V>face_G>face_C,4,DE-N2,GP,main,0.043135643005371094,0.009487893208823442,0.003861003861003861,0.010131393852324085,0.003861003861003861
True,0.09486095826931469,0.010000000000009383,0.08488030148280724,0.0036142643626475924,0.008100915192559725,0.012095436310439477,0.011627906976744186,0.01108916225195295,0.019305019305019305,1.1583011583011582,2.287540031726078,fing_x_face,9,0.01,li_V>ri_V>face_G>face_C,4,MAXMONO-K3,GP,main,0.07380867004394531,0.013498548382269313,0.015444015444015444,0.013797851007153333,0.015444015444015444
True,,,,,,0.009999095104515429,0.007751937984496124,0.006868995241088264,0.0,1.4864864864864864,3.74433569782407,fing_x_face,9,0.01,li_V>ri_V>face_G>face_C,4,S1-Marcialis,rule,main,0.004454374313354492,,,,
True,,,,,,0.009999095104515429,0.007751937984496124,0.006868995241088264,0.0,1.4864864864864864,3.74433569782407,fing_x_face,9,0.01,li_V>ri_V>face_G>face_C,4,S2-Symmetric,rule,main,0.050252437591552734,,,,
False,,,,,,,,,,,,fing_x_face,9,0.01,li_V>ri_V>face_G>face_C,4,S4-Direct,rule,main,5.4836273193359375e-06,,,,
False,,,,,,,,,,,,fing_x_face,9,0.01,ri_V>face_C>face_G>li_V,4,HYP,GP,main,0.027097702026367188,,,,
True,0.04953609499967736,0.010000000000000333,0.047546603026703924,0.0002737111311506253,0.008763200854383334,0.009079118028534372,0.0,0.008305647840531562,0.003861003861003861,1.0810810810810811,3.1160994881925115,fing_x_face,9,0.01,ri_V>face_C>face_G>li_V,4,MONO,GP,main,0.040265798568725586,0.009293346502648828,0.003861003861003861,0.010086498458591482,0.003861003861003861
True,0.03372983120240906,0.010000000000000618,0.032512967613153726,0.000357222197179149,0.008906908452362196,0.009772871233372546,0.0,0.00902397414025321,0.003861003861003861,1.084942084942085,2.8232917302684744,fing_x_face,9,0.01,ri_V>face_C>face_G>li_V,4,MONO-rel,GP,main,0.029806137084960938,0.009951812277393673,0.003861003861003861,0.01108916225195295,0.003861003861003861
True,0.049383056934175565,0.010000000000006141,0.047152002650270024,0.0002792970726026789,0.008397535157478802,0.008686996651886707,0.0,0.007901589296938134,0.003861003861003861,1.0810810810810811,3.116742988836012,fing_x_face,9,0.01,ri_V>face_C>face_G>li_V,4,LR-P1-N2,GP,main,0.04640054702758789,0.008814462302834395,0.003861003861003861,0.00962257939002125,0.003861003861003861
True,0.03275934339677884,0.010000000000003778,0.03156508055982692,0.0003727535970565033,0.008831060986789591,0.009697463276324918,0.0,0.008919218221543804,0.003861003861003861,1.084942084942085,2.8210619257130887,fing_x_face,9,0.01,ri_V>face_C>face_G>li_V,4,LR-P1-N2-rel,GP,main,0.050371408462524414,0.009862021489928466,0.003861003861003861,0.011014336595731944,0.003861003861003861
True,0.05027852747334918,0.010000000000008957,0.047800822017492896,0.0002620923729303538,0.008725873211088348,0.00891322052302959,0.0,0.007886624165693933,0.003861003861003861,1.0810810810810811,3.116353895423663,fing_x_face,9,0.01,ri_V>face_C>face_G>li_V,4,LR-P2-N2,GP,main,0.041501760482788086,0.009068869533985812,0.003861003861003861,0.009817126096195864,0.003861003861003861
True,0.030862028198505812,0.010000000000001133,0.029556771335592858,0.0006716915168884149,0.009367657239178064,0.01161282538533466,0.0,0.009966777408637873,0.003861003861003861,1.084942084942085,2.527610667145551,fing_x_face,9,0.01,ri_V>face_C>face_G>li_V,4,LR-P2-N2-rel,GP,main,0.033440589904785156,0.011328604351860165,0.0,0.012151686570291222,0.003861003861003861
True,0.04941157303959154,0.010000000000046208,0.04716377691528996,0.0002855036742160718,0.008206700481622678,0.008490935963562875,0.0,0.007707042590763521,0.003861003861003861,1.0810810810810811,3.116742988836012,fing_x_face,9,0.01,ri_V>face_C>face_G>li_V,4,LR-P1-N3,GP,main,0.04097390174865723,0.00856005507168298,0.003861003861003861,0.009263416240160426,0.003861003861003861
True,0.045276469114840394,0.010000000000002722,0.043495396962530845,0.0002737111311506253,0.008693679882215997,0.009033873254305795,0.0,0.008275717578043159,0.003861003861003861,1.0810810810810811,3.1161593487174883,fing_x_face,9,0.01,ri_V>face_C>face_G>li_V,4,NLS-N2,GP,main,0.06257343292236328,0.009188590583939421,0.003861003861003861,0.010011672802370477,0.003861003861003861
True,0.04904227429844913,0.010000000000001426,0.046989532148235334,0.0002792970726026789,0.008610341876795359,0.008928302114439115,0.0,0.008200891921822155,0.003861003861003861,1.0810810810810811,3.116294034898686,fing_x_face,9,0.01,ri_V>face_C>face_G>li_V,4,DE-N2,GP,main,0.04126691818237305,0.009068869533985812,0.003861003861003861,0.009876986621172668,0.003861003861003861
True,0.08423179839450479,0.010000000000001452,0.07816858197951629,0.019834568130179173,0.009464224853660552,0.011703314933791814,0.01937984496124031,0.009068869533985812,0.019305019305019305,1.05019305019305,1.522327975816348,fing_x_face,9,0.01,ri_V>face_C>face_G>li_V,4,MAXMONO-K3,GP,main,0.08053040504455566,0.011223848433150758,0.011583011583011582,0.011642872107988388,0.015444015444015444
True,,,,,,0.009094199619943897,0.01937984496124031,0.008036275478135943,0.015444015444015444,1.2895752895752897,3.1299571997246414,fing_x_face,9,0.01,ri_V>face_C>face_G>li_V,4,S1-Marcialis,rule,main,0.011163711547851562,,,,
True,,,,,,0.009094199619943897,0.01937984496124031,0.008036275478135943,0.015444015444015444,1.2895752895752897,3.1299571997246414,fing_x_face,9,0.01,ri_V>face_C>face_G>li_V,4,S2-Symmetric,rule,main,0.06609058380126953,,,,
False,,,,,,,,,,,,fing_x_face,9,0.01,ri_V>face_C>face_G>li_V,4,S4-Direct,rule,main,4.5299530029296875e-06,,,,
False,,,,,,,,,,,,fing_x_face,9,0.01,ri_V>face_C>li_V>face_G,4,HYP,GP,main,0.04560065269470215,,,,
True,0.049762746770458985,0.01000000000000107,0.04762633881615922,0.0002574101126732103,0.008876183648442882,0.009154525985581998,0.0,0.008365508365508366,0.003861003861003861,1.0810810810810811,3.1631498608242796,fing_x_face,9,0.01,ri_V>face_C>li_V>face_G,4,MONO,GP,main,0.04065895080566406,0.009293346502648828,0.003861003861003861,0.010086498458591482,0.003861003861003861
True,0.034377787197139804,0.010000000000056191,0.03290126801047729,0.0005515930985854506,0.008830635279288717,0.009471239405182035,0.0,0.008215857053066355,0.003861003861003861,1.0810810810810811,2.814462302834396,fing_x_face,9,0.01,ri_V>face_C>li_V>face_G,4,MONO-rel,GP,main,0.051137447357177734,0.009667474783753854,0.0,0.01050552213342911,0.003861003861003861
True,0.04964393158589247,0.010000000000002642,0.047235201371282474,0.00028550367421607175,0.008543810587496786,0.00877748620034386,0.0,0.007961449821914938,0.003861003861003861,1.0810810810810811,3.163479093711652,fing_x_face,9,0.01,ri_V>face_C>li_V>face_G,4,LR-P1-N2,GP,main,0.042801618576049805,0.008979078746520607,0.003861003861003861,0.009607614258777049,0.003861003861003861
True,0.033415610420914746,0.010000000000005662,0.031964038236235844,0.0005515930985854506,0.008785672429229115,0.009425994630953458,0.0,0.008200891921822155,0.003861003861003861,1.0810810810810811,2.81447726796564,fing_x_face,9,0.01,ri_V>face_C>li_V>face_G,4,LR-P1-N2-rel,GP,main,0.04043102264404297,0.009607614258777049,0.0,0.01050552213342911,0.003861003861003861
True,0.0502302566777369,0.010000000000003556,0.04777415253409849,0.0002740835272474289,0.008579036997658673,0.008762404608934335,0.0,0.007826763640717129,0.003861003861003861,1.0810810810810811,3.1632995121367213,fing_x_face,9,0.01,ri_V>face_C>li_V>face_G,4,LR-P2-N2,GP,main,0.038590192794799805,0.008919218221543804,0.003861003861003861,0.009562718865044447,0.003861003861003861
True,0.032039258872050516,0.010000000000003815,0.03042954390633321,0.0008328090267123864,0.009142189869305307,0.010813501040629806,0.0,0.009263416240160426,0.003861003861003861,1.084942084942085,2.4025021699440305,fing_x_face,9,0.01,ri_V>face_C>li_V>face_G,4,LR-P2-N2-rel,GP,main,0.03586316108703613,0.01095447607075514,0.0,0.011583011583011582,0.003861003861003861
True,0.049722182129796046,0.010000000000141358,0.04726224473308021,0.00028550367421607175,0.008570249360313767,0.008792567791753386,0.0,0.007931519559426536,0.003861003861003861,1.0810810810810811,3.163479093711652,fing_x_face,9,0.01,ri_V>face_C>li_V>face_G,4,LR-P1-N3,GP,main,0.05098390579223633,0.008934183352788004,0.003861003861003861,0.009607614258777049,0.003861003861003861
True,0.04558383226900953,0.010000000000120397,0.04361399483768437,0.000262663380278786,0.00883915087536777,0.009094199619943897,0.0,0.008320612971775762,0.003861003861003861,1.0810810810810811,3.1631498608242796,fing_x_face,9,0.01,ri_V>face_C>li_V>face_G,4,NLS-N2,GP,main,0.04388856887817383,0.009248451108916225,0.003861003861003861,0.010011672802370477,0.003861003861003861
True,0.04934452813247951,0.010000000000006328,0.04709029043418733,0.000262663380278786,0.008772145084674932,0.009003710071486743,0.0,0.008155996528089552,0.003861003861003861,1.0810810810810811,3.163209721349256,fing_x_face,9,0.01,ri_V>face_C>li_V>face_G,4,DE-N2,GP,main,0.0404200553894043,0.00915866032145102,0.003861003861003861,0.009862021489928466,0.003861003861003861
True,0.08256168818925078,0.010000000000007706,0.07690449895551521,0.020013731729159642,0.00840535141886605,0.009968931921696378,0.01937984496124031,0.007662147197030918,0.019305019305019305,1.05019305019305,1.5596510131393853,fing_x_face,9,0.01,ri_V>face_C>li_V>face_G,4,MAXMONO-K3,GP,main,0.08438825607299805,0.009981742539882075,0.011583011583011582,0.010266080033521894,0.015444015444015444
True,,,,,,0.009999095104515429,0.0,0.011268743826883362,0.003861003861003861,1.305019305019305,3.1764837927628626,fing_x_face,9,0.01,ri_V>face_C>li_V>face_G,4,S1-Marcialis,rule,main,0.006161689758300781,,,,
True,,,,,,0.009999095104515429,0.0,0.011268743826883362,0.003861003861003861,1.305019305019305,3.1764837927628626,fing_x_face,9,0.01,ri_V>face_C>li_V>face_G,4,S2-Symmetric,rule,main,0.041634321212768555,,,,
False,,,,,,,,,,,,fing_x_face,9,0.01,ri_V>face_C>li_V>face_G,4,S4-Direct,rule,main,5.4836273193359375e-06,,,,
False,,,,,,,,,,,,fing_x_face,9,0.01,ri_V>face_G>face_C>li_V,4,HYP,GP,main,0.045223236083984375,,,,
True,0.051525465660381665,0.010000000000001825,0.0485058827224669,0.0003255486678256825,0.009699825465021685,0.009682381684915392,0.0,0.008829427434078597,0.003861003861003861,1.0733590733590734,3.3681122983448564,fing_x_face,9,0.01,ri_V>face_G>face_C>li_V,4,MONO,GP,main,0.04450559616088867,0.010116428721079884,0.003861003861003861,0.011059231989464548,0.003861003861003861
True,0.03436624087680915,0.010000000000007545,0.03294872451770938,0.000263914631164046,0.009619029207523467,0.009999095104515429,0.0,0.009248451108916225,0.003861003861003861,1.0772200772200773,3.0090239741402534,fing_x_face,9,0.01,ri_V>face_G>face_C>li_V,4,MONO-rel,GP,main,0.04695630073547363,0.010251114902277692,0.003861003861003861,0.011268743826883362,0.003861003861003861
True,0.05112276652775857,0.010000000000001407,0.04800034031515226,0.0003542529589673018,0.009439917227205183,0.009425994630953458,0.0,0.008694741252880788,0.003861003861003861,1.0733590733590734,3.36794768190117,fing_x_face,9,0.01,ri_V>face_G>face_C>li_V,4,LR-P1-N2,GP,main,0.04174447059631348,0.009772230702463261,0.003861003861003861,0.01064020831462692,0.003861003861003861
True,0.03340035151944589,0.010000000000002101,0.03201104449785161,0.000263914631164046,0.009538249568142854,0.0099236871474678,0.0,0.009188590583939421,0.003861003861003861,1.0772200772200773,3.006928855766065,fing_x_face,9,0.01,ri_V>face_G>face_C>li_V,4,LR-P1-N2-rel,GP,main,0.03180408477783203,0.010176289246056689,0.003861003861003861,0.011193918170662356,0.003861003861003861
True,0.0542563955301107,0.01000000000000386,0.04969140331076578,0.004235703621760312,0.008754865048239689,0.008762404608934335,0.003875968992248062,0.007946484690670738,0.003861003861003861,1.0733590733590734,3.356529286761845,fing_x_face,9,0.01,ri_V>face_G>face_C>li_V,4,LR-P2-N2,GP,main,0.04038500785827637,0.00917362545269522,0.003861003861003861,0.009802160964951663,0.003861003861003861
True,0.03156659430290318,0.010000000000000609,0.030081694740267007,0.0006407325366516029,0.008875561241015281,0.010934153771906012,0.0,0.009517823471311844,0.003861003861003861,1.084942084942085,2.655667295202179,fing_x_face,9,0.01,ri_V>face_G>face_C>li_V,4,LR-P2-N2-rel,GP,main,0.03577280044555664,0.010909580677022537,0.003861003861003861,0.011957139864116608,0.003861003861003861
True,0.05112263745510816,0.010000000000005449,0.047997926783012894,0.0003327830826662532,0.009467263362049666,0.00945615781377251,0.0,0.008709706384124988,0.003861003861003861,1.0733590733590734,3.367917751638682,fing_x_face,9,0.01,ri_V>face_G>face_C>li_V,4,LR-P1-N3,GP,main,0.06517148017883301,0.009847056358684266,0.003861003861003861,0.010685103708359522,0.003861003861003861
True,0.04709592603444279,0.010000000000005218,0.04446005312309304,0.0003324752352262289,0.009652379332054782,0.00965221850209634,0.0,0.008829427434078597,0.003861003861003861,1.0733590733590734,3.3681122983448564,fing_x_face,9,0.01,ri_V>face_G>face_C>li_V,4,NLS-N2,GP,main,0.03748917579650879,0.010116428721079884,0.003861003861003861,0.011014336595731944,0.003861003861003861
True,0.05108502031871911,0.010000000000004054,0.04798160337375,0.0003398635737868118,0.0093924539832936,0.009395831448134407,0.0,0.008589985334171381,0.003861003861003861,1.0733590733590734,3.3681571937385892,fing_x_face,9,0.01,ri_V>face_G>face_C>li_V,4,DE-N2,GP,main,0.038659095764160156,0.009802160964951663,0.003861003861003861,0.01064020831462692,0.003861003861003861
True,0.09030570230248267,0.010000000000003567,0.07814142565925039,0.0029921877419728277,0.00910205787933981,0.015141917775163636,0.003875968992248062,0.01197210499536081,0.003861003861003861,1.0656370656370657,2.1306156654993864,fing_x_face,9,0.01,ri_V>face_G>face_C>li_V,4,MAXMONO-K3,GP,main,0.07866024971008301,0.013259106282362097,0.003861003861003861,0.014321630600700368,0.003861003861003861
True,,,,,,0.009094199619943897,0.01937984496124031,0.008036275478135943,0.015444015444015444,1.2586872586872586,3.3852324084882226,fing_x_face,9,0.01,ri_V>face_G>face_C>li_V,4,S1-Marcialis,rule,main,0.004304647445678711,,,,
True,,,,,,0.009094199619943897,0.01937984496124031,0.008036275478135943,0.015444015444015444,1.2586872586872586,3.3852324084882226,fing_x_face,9,0.01,ri_V>face_G>face_C>li_V,4,S2-Symmetric,rule,main,0.06412267684936523,,,,
False,,,,,,,,,,,,fing_x_face,9,0.01,ri_V>face_G>face_C>li_V,4,S4-Direct,rule,main,5.245208740234375e-06,,,,
False,,,,,,,,,,,,fing_x_face,9,0.01,ri_V>face_G>li_V>face_C,4,HYP,GP,main,0.04607677459716797,,,,
True,0.05226634269032508,0.01000000000015191,0.04877216717759711,0.00036768901013997467,0.008118512135032915,0.008083732995505686,0.003875968992248062,0.00799138008440334,0.003861003861003861,1.0772200772200773,3.6597976714255784,fing_x_face,9,0.01,ri_V>face_G>li_V>face_C,4,MONO,GP,main,0.05498385429382324,0.0088743228278112,0.003861003861003861,0.009817126096195864,0.003861003861003861
True,0.0352375916047185,0.010000000000010601,0.033448973448903116,0.0009577729692910424,0.0097863501707089,0.010164992610020209,0.003875968992248062,0.010176289246056689,0.003861003861003861,1.0733590733590734,3.0608781539014096,fing_x_face,9,0.01,ri_V>face_G>li_V>face_C,4,MONO-rel,GP,main,0.04144906997680664,0.011583011583011582,0.003861003861003861,0.012630570770105654,0.003861003861003861
True,0.05186650416341949,0.010000000000001888,0.048270605450562276,0.00036768901013997467,0.00806171605071114,0.008008325038458058,0.003875968992248062,0.007961449821914938,0.003861003861003861,1.0772200772200773,3.6597976714255784,fing_x_face,9,0.01,ri_V>face_G>li_V>face_C,4,LR-P1-N2,GP,main,0.05382084846496582,0.0088743228278112,0.003861003861003861,0.009727335308730658,0.003861003861003861
True,0.034281517670952,0.01000000000000536,0.032524442371924804,0.0009577729692910424,0.009741420607579432,0.010134829427201158,0.003875968992248062,0.010131393852324085,0.003861003861003861,1.0733590733590734,3.0609380144263865,fing_x_face,9,0.01,ri_V>face_G>li_V>face_C,4,LR-P1-N2-rel,GP,main,0.03612875938415527,0.01155308132052318,0.003861003861003861,0.012600640507617252,0.003861003861003861
True,0.055128006157729545,0.010000000000004516,0.049956150778845625,0.00041327029238873186,0.009191667599884658,0.009169607576991524,0.003875968992248062,0.008335578103019964,0.003861003861003861,1.0733590733590734,3.658076681332495,fing_x_face,9,0.01,ri_V>face_G>li_V>face_C,4,LR-P2-N2,GP,main,0.0655665397644043,0.00962257939002125,0.003861003861003861,0.010325940558498697,0.003861003861003861
True,0.03301921631350362,0.01000000000000338,0.03109235950616795,0.0022952003738542647,0.008599331479673752,0.010345971706934515,0.003875968992248062,0.009817126096195864,0.007722007722007722,1.0810810810810811,2.565502379455868,fing_x_face,9,0.01,ri_V>face_G>li_V>face_C,4,LR-P2-N2-rel,GP,main,0.06671690940856934,0.011448325401813774,0.003861003861003861,0.012346233276465834,0.007722007722007722
True,0.05193483499330923,0.010000000000215361,0.04829062671091188,0.00037883110135633754,0.008097760418986511,0.008053569812686635,0.003875968992248062,0.00799138008440334,0.003861003861003861,1.0772200772200773,3.6596779503756247,fing_x_face,9,0.01,ri_V>face_G>li_V>face_C,4,LR-P1-N3,GP,main,0.06864237785339355,0.008949148484032205,0.003861003861003861,0.009772230702463261,0.003861003861003861
True,0.04790207834506672,0.010000000000002935,0.04477164551935319,0.004226944865563492,0.008051907636280416,0.008008325038458058,0.007751937984496124,0.00799138008440334,0.003861003861003861,1.0772200772200773,3.645610727006076,fing_x_face,9,0.01,ri_V>face_G>li_V>face_C,4,NLS-N2,GP,main,0.03985476493835449,0.008859357696566999,0.003861003861003861,0.009787195833707461,0.003861003861003861
True,0.05195822999842139,0.010000000000001959,0.04829126867394519,0.00037883110135633754,0.008067773611371619,0.008023406629867584,0.003875968992248062,0.00799138008440334,0.003861003861003861,1.0772200772200773,3.6596779503756247,fing_x_face,9,0.01,ri_V>face_G>li_V>face_C,4,DE-N2,GP,main,0.0412142276763916,0.008934183352788004,0.003861003861003861,0.009727335308730658,0.003861003861003861
True,0.09023686735285606,0.010000000000009437,0.07788125660926495,0.0032502731329015744,0.009346328400228456,0.010919072180496486,0.003875968992248062,0.009862021489928466,0.003861003861003861,1.0694980694980696,2.3751908054233635,fing_x_face,9,0.01,ri_V>face_G>li_V>face_C,4,MAXMONO-K3,GP,main,0.16908979415893555,0.011223848433150758,0.003861003861003861,0.012391128670198438,0.003861003861003861
True,,,,,,0.009999095104515429,0.007751937984496124,0.006868995241088264,0.0,1.2548262548262548,3.6764987578941066,fing_x_face,9,0.01,ri_V>face_G>li_V>face_C,4,S1-Marcialis,rule,main,0.008235931396484375,,,,
True,,,,,,0.009999095104515429,0.007751937984496124,0.006868995241088264,0.0,1.2548262548262548,3.6764987578941066,fing_x_face,9,0.01,ri_V>face_G>li_V>face_C,4,S2-Symmetric,rule,main,0.0773007869720459,,,,
False,,,,,,,,,,,,fing_x_face,9,0.01,ri_V>face_G>li_V>face_C,4,S4-Direct,rule,main,5.0067901611328125e-06,,,,
False,,,,,,,,,,,,fing_x_face,9,0.01,ri_V>li_V>face_C>face_G,4,HYP,GP,main,0.15938019752502441,,,,
True,0.05320884345557003,0.010000000000122626,0.04926819823964445,0.0003798440187396433,0.009224960365123328,0.009471239405182035,0.0,0.008679776121636586,0.003861003861003861,1.1196911196911197,3.5222830804226155,fing_x_face,9,0.01,ri_V>li_V>face_C>face_G,4,MONO,GP,main,0.04245901107788086,0.010161324114812487,0.003861003861003861,0.010715033970847925,0.003861003861003861
True,0.03768720170643831,0.010000000000002349,0.035134275908669466,0.00026560282680288883,0.00858606202414095,0.012306578590172835,0.0,0.01197210499536081,0.003861003861003861,1.1196911196911197,3.0969890155936666,fing_x_face,9,0.01,ri_V>li_V>face_C>face_G,4,MONO-rel,GP,main,0.031176090240478516,0.013348897069827302,0.003861003861003861,0.014157014157014158,0.003861003861003861
True,0.05316782471266105,0.01000000000000051,0.048917806252471406,0.00044721295529205477,0.008647320923878097,0.009033873254305795,0.0,0.008335578103019964,0.003861003861003861,1.1196911196911197,3.4445841190027235,fing_x_face,9,0.01,ri_V>li_V>face_C>face_G,4,LR-P1-N2,GP,main,0.040551185607910156,0.009577683996288647,0.003861003861003861,0.010086498458591482,0.003861003861003861
True,0.036742035272342335,0.010000000000007652,0.03424655360697145,0.00026560282680288883,0.008552502163946757,0.012185925858896631,0.0,0.011912244470384005,0.003861003861003861,1.1196911196911197,3.094534734069618,fing_x_face,9,0.01,ri_V>li_V>face_C>face_G,4,LR-P1-N2-rel,GP,main,0.033155202865600586,0.013304001676094699,0.003861003861003861,0.014097153632037352,0.003861003861003861
True,0.053754455551215385,0.010000000000002358,0.04944126925286525,0.0004026346598640219,0.00899738406253043,0.009139444394172472,0.0,0.008185926790577953,0.003861003861003861,1.1196911196911197,3.5222830804226155,fing_x_face,9,0.01,ri_V>li_V>face_C>face_G,4,LR-P2-N2,GP,main,0.04043436050415039,0.009817126096195864,0.003861003861003861,0.010251114902277692,0.003861003861003861
True,0.036167980209254845,0.010000000000001168,0.033558604654676326,0.0005884074996316393,0.00762187316161653,0.012170844267487105,0.0,0.01107419712070875,0.003861003861003861,1.1274131274131274,2.9390619855736135,fing_x_face,9,0.01,ri_V>li_V>face_C>face_G,4,LR-P2-N2-rel,GP,main,0.02830362319946289,0.013064559576187483,0.003861003861003861,0.01360330430097872,0.003861003861003861
True,0.053577569823613905,0.010000000000008877,0.049097117465226,0.00044721295529205477,0.008598025085328585,0.009094199619943897,0.0,0.008410403759240969,0.003861003861003861,1.1196911196911197,3.40260692586274,fing_x_face,9,0.01,ri_V>li_V>face_C>face_G,4,LR-P1-N3,GP,main,0.03818845748901367,0.009637544521265452,0.003861003861003861,0.010101463589835684,0.003861003861003861
True,0.04928727029402914,0.010000000000007954,0.045549478619905534,0.00043579280832341195,0.008798003831750587,0.009154525985581998,0.0,0.008380473496752567,0.003861003861003861,1.1196911196911197,3.480665050432492,fing_x_face,9,0.01,ri_V>li_V>face_C>face_G,4,NLS-N2,GP,main,0.03642416000366211,0.009682439914998054,0.003861003861003861,0.010236149771033492,0.003861003861003861
True,0.05341303333092931,0.01000000000000273,0.04903230668714648,0.0003997051439025004,0.008686669986728722,0.00891322052302959,0.0,0.008185926790577953,0.003861003861003861,1.1196911196911197,3.5228667205411393,fing_x_face,9,0.01,ri_V>li_V>face_C>face_G,4,DE-N2,GP,main,0.04013323783874512,0.009532788602556044,0.003861003861003861,0.009981742539882075,0.003861003861003861
True,0.0832479239172041,0.010000000000007723,0.07453165302478557,0.008014068274119969,0.008669119574118658,0.009260097125448678,0.027131782945736434,0.008036275478135943,0.03861003861003861,1.0733590733590734,2.11865852563527,fing_x_face,9,0.01,ri_V>li_V>face_C>face_G,4,MAXMONO-K3,GP,main,0.06661868095397949,0.009712370177486456,0.03861003861003861,0.010086498458591482,0.03861003861003861
True,,,,,,0.009999095104515429,0.0,0.011268743826883362,0.003861003861003861,1.3281853281853282,3.5382957708539102,fing_x_face,9,0.01,ri_V>li_V>face_C>face_G,4,S1-Marcialis,rule,main,0.003715038299560547,,,,
True,,,,,,0.009999095104515429,0.0,0.011268743826883362,0.003861003861003861,1.3281853281853282,3.5382957708539102,fing_x_face,9,0.01,ri_V>li_V>face_C>face_G,4,S2-Symmetric,rule,main,0.034696102142333984,,,,
False,,,,,,,,,,,,fing_x_face,9,0.01,ri_V>li_V>face_C>face_G,4,S4-Direct,rule,main,4.0531158447265625e-06,,,,
False,,,,,,,,,,,,fing_x_face,9,0.01,ri_V>li_V>face_G>face_C,4,HYP,GP,main,0.12028741836547852,,,,
True,0.053642237667108926,0.010000000000058242,0.04940991332482665,0.00039481434183114684,0.009134317527269483,0.009124362802762947,0.0,0.008170961659333752,0.003861003861003861,1.1158301158301158,3.7652270210409746,fing_x_face,9,0.01,ri_V>li_V>face_G>face_C,4,MONO,GP,main,0.04133796691894531,0.009697405046242256,0.003861003861003861,0.010296010296010296,0.003861003861003861
True,0.03790966693793799,0.010000000000005654,0.03524273402360856,0.0005692099166049048,0.00841836285497057,0.011808886073658492,0.003875968992248062,0.010744964233336327,0.0,1.1158301158301158,3.141749723145072,fing_x_face,9,0.01,ri_V>li_V>face_G>face_C,4,MONO-rel,GP,main,0.031676292419433594,0.012436024063931041,0.0,0.013079524707431685,0.003861003861003861
True,0.05351969464897659,0.01000000000000266,0.04903509993973838,0.0004350331202859326,0.008976014432177694,0.008943383705848641,0.0,0.007946484690670738,0.003861003861003861,1.1158301158301158,3.7654514980096376,fing_x_face,9,0.01,ri_V>li_V>face_G>face_C,4,LR-P1-N2,GP,main,0.039101600646972656,0.009398102421358235,0.003861003861003861,0.00990691688366107,0.003861003861003861
True,0.036966041587906465,0.010000000000005768,0.034357450707461865,0.0005692099166049048,0.008382628236777483,0.011808886073658492,0.003875968992248062,0.010715033970847925,0.0,1.1158301158301158,3.1383825686151265,fing_x_face,9,0.01,ri_V>li_V>face_G>face_C,4,LR-P1-N2-rel,GP,main,0.031301259994506836,0.012406093801442638,0.0,0.013049594444943281,0.003861003861003861
True,0.05457923736756869,0.010000000000023096,0.049679106209157685,0.0004571534484360648,0.008805361070158765,0.008822730974572437,0.0,0.007707042590763521,0.003861003861003861,1.1158301158301158,3.765705905240789,fing_x_face,9,0.01,ri_V>li_V>face_G>face_C,4,LR-P2-N2,GP,main,0.05667424201965332,0.00915866032145102,0.003861003861003861,0.00962257939002125,0.003861003861003861
True,0.03648021724351386,0.010000000000002696,0.033724718020973245,0.0006056054284658407,0.009805536576240923,0.015488794377582722,0.003875968992248062,0.01346861811978091,0.0,1.1158301158301158,3.08232318697435,fing_x_face,9,0.01,ri_V>li_V>face_G>face_C,4,LR-P2-N2-rel,GP,main,0.02950763702392578,0.014875340456735806,0.0,0.01581814372512047,0.0
True,0.05392307917535961,0.01000000000000004,0.0492098638862034,0.0004350331202859326,0.008949629058056305,0.00891322052302959,0.0,0.007931519559426536,0.003861003861003861,1.1158301158301158,3.7654664631408816,fing_x_face,9,0.01,ri_V>li_V>face_G>face_C,4,LR-P1-N3,GP,main,0.039919376373291016,0.009398102421358235,0.003861003861003861,0.009891951752416868,0.003861003861003861
True,0.049689813902079716,0.010000000000001284,0.04568483616772763,0.00045246125761633975,0.009060622430999322,0.00918468916840105,0.0,0.00812606626560115,0.003861003861003861,1.1158301158301158,3.6854928017718716,fing_x_face,9,0.01,ri_V>li_V>face_G>face_C,4,NLS-N2,GP,main,0.040129899978637695,0.009607614258777049,0.003861003861003861,0.010146358983568285,0.003861003861003861
True,0.05383977882664279,0.010000000000010832,0.04916109584674791,0.0004350331202859326,0.008964055856846039,0.008928302114439115,0.0,0.007946484690670738,0.003861003861003861,1.1158301158301158,3.7654514980096376,fing_x_face,9,0.01,ri_V>li_V>face_G>face_C,4,DE-N2,GP,main,0.0467531681060791,0.009398102421358235,0.003861003861003861,0.009891951752416868,0.003861003861003861
True,0.08595981376566895,0.01000000000000155,0.07552309774403426,0.0036325600700362498,0.00891977326826121,0.01313606611769674,0.015503875968992248,0.011223848433150758,0.019305019305019305,1.0926640926640927,2.519724042979857,fing_x_face,9,0.01,ri_V>li_V>face_G>face_C,4,MAXMONO-K3,GP,main,0.07187128067016602,0.0133189668073389,0.019305019305019305,0.01420190955074676,0.015444015444015444
True,,,,,,0.009999095104515429,0.007751937984496124,0.006868995241088264,0.0,1.308880308880309,3.783035527221574,fing_x_face,9,0.01,ri_V>li_V>face_G>face_C,4,S1-Marcialis,rule,main,0.0038433074951171875,,,,
True,,,,,,0.009999095104515429,0.007751937984496124,0.006868995241088264,0.0,1.308880308880309,3.783035527221574,fing_x_face,9,0.01,ri_V>li_V>face_G>face_C,4,S2-Symmetric,rule,main,0.04674720764160156,,,,
False,,,,,,,,,,,,fing_x_face,9,0.01,ri_V>li_V>face_G>face_C,4,S4-Direct,rule,main,5.0067901611328125e-06,,,,
True,,,,,,0.009999095104515429,0.0,0.007347879440902697,0.0,4.0,4.0,fing_x_face,9,0.01,parallel(face_C+face_G+li_V+ri_V),4,P0-Parallel,rule,main,0.0,,,,
False,,,,,,,,,,,,fing_x_face,9,0.001,face_C,1,HYP,GP,main,0.009682655334472656,,,,
True,0.17285098561869897,0.001000000000000001,0.17285098561869897,0.13565891472868216,0.0009953850330286507,0.0009953850330286851,0.13565891472868216,0.00047888419981443237,0.21235521235521235,1.0,1.0,fing_x_face,9,0.001,face_C,1,MONO,GP,main,0.0023589134216308594,0.0004938493310586334,0.21235521235521235,0.0007033611684774476,0.22393822393822393
True,0.31049572306189016,0.001000000000000001,0.31049572306189016,0.13565891472868216,0.0009953850330286507,0.0009953850330286851,0.13565891472868216,0.00047888419981443237,0.21235521235521235,1.0,1.0,fing_x_face,9,0.001,face_C,1,MONO-rel,GP,main,0.0025048255920410156,0.0004938493310586334,0.21235521235521235,0.0007033611684774476,0.22393822393822393
True,0.1600378003232303,0.0010000000000000074,0.1600378003232303,0.13565891472868216,0.0009953850330286507,0.0009953850330286851,0.13565891472868216,0.00047888419981443237,0.21235521235521235,1.0,1.0,fing_x_face,9,0.001,face_C,1,LR-P1-N2,GP,main,0.0027697086334228516,0.0004938493310586334,0.21235521235521235,0.0007033611684774476,0.22393822393822393
True,0.31049572306188983,0.0010000000000000002,0.31049572306188983,0.13565891472868216,0.0009953850330286507,0.0009953850330286851,0.13565891472868216,0.00047888419981443237,0.21235521235521235,1.0,1.0,fing_x_face,9,0.001,face_C,1,LR-P1-N2-rel,GP,main,0.0026319026947021484,0.0004938493310586334,0.21235521235521235,0.0007033611684774476,0.22393822393822393
True,0.17466318436063777,0.0010000000000000037,0.17466318436063777,0.13565891472868216,0.0009953850330286507,0.0009953850330286851,0.13565891472868216,0.00047888419981443237,0.21235521235521235,1.0,1.0,fing_x_face,9,0.001,face_C,1,LR-P2-N2,GP,main,0.003079652786254883,0.0004938493310586334,0.21235521235521235,0.0007033611684774476,0.22393822393822393
True,0.41618243385667386,0.0010000000000000002,0.41618243385667386,0.13565891472868216,0.0009953850330286507,0.0009953850330286851,0.13565891472868216,0.00047888419981443237,0.21235521235521235,1.0,1.0,fing_x_face,9,0.001,face_C,1,LR-P2-N2-rel,GP,main,0.0029501914978027344,0.0004938493310586334,0.21235521235521235,0.0007033611684774476,0.22393822393822393
True,0.1600693164961157,0.0009999999999999985,0.1600693164961157,0.13565891472868216,0.0009953850330286507,0.0009953850330286851,0.13565891472868216,0.00047888419981443237,0.21235521235521235,1.0,1.0,fing_x_face,9,0.001,face_C,1,LR-P1-N3,GP,main,0.0029060840606689453,0.0004938493310586334,0.21235521235521235,0.0007033611684774476,0.22393822393822393
True,0.1830901386924478,0.0009999999999999968,0.1830901386924478,0.13565891472868216,0.0009953850330286507,0.0009953850330286851,0.13565891472868216,0.00047888419981443237,0.21235521235521235,1.0,1.0,fing_x_face,9,0.001,face_C,1,NLS-N2,GP,main,0.0028581619262695312,0.0004938493310586334,0.21235521235521235,0.0007033611684774476,0.22393822393822393
True,0.16476531119254648,0.000999999999999993,0.16476531119254648,0.13565891472868216,0.0009953850330286507,0.0009953850330286851,0.13565891472868216,0.00047888419981443237,0.21235521235521235,1.0,1.0,fing_x_face,9,0.001,face_C,1,DE-N2,GP,main,0.0027360916137695312,0.0004938493310586334,0.21235521235521235,0.0007033611684774476,0.22393822393822393
False,,,,,,,,,,,,fing_x_face,9,0.001,face_C,1,MAXMONO-K3,GP,main,0.008950948715209961,,,,
False,,,,,,,,,,,,fing_x_face,9,0.001,face_C,1,S1-Marcialis,rule,main,3.337860107421875e-06,,,,
False,,,,,,,,,,,,fing_x_face,9,0.001,face_C,1,S2-Symmetric,rule,main,7.152557373046875e-07,,,,
False,,,,,,,,,,,,fing_x_face,9,0.001,face_C,1,S4-Direct,rule,main,7.152557373046875e-07,,,,
False,,,,,,,,,,,,fing_x_face,9,0.001,face_G,1,HYP,GP,main,0.006830692291259766,,,,
True,0.22195853193564635,0.0009999999999999994,0.22195853193564635,0.21705426356589147,0.0009953850330286507,0.0009953850330286851,0.21705426356589147,0.001376792074466493,0.21621621621621623,1.0,1.0,fing_x_face,9,0.001,face_G,1,MONO,GP,main,0.002489805221557617,0.0015114782556643021,0.21621621621621623,0.0017658854868157193,0.22007722007722008
True,0.3043761902734489,0.0010000000000000002,0.3043761902734489,0.21705426356589147,0.0009953850330286507,0.0009953850330286851,0.21705426356589147,0.001376792074466493,0.21621621621621623,1.0,1.0,fing_x_face,9,0.001,face_G,1,MONO-rel,GP,main,0.002858877182006836,0.0015114782556643021,0.21621621621621623,0.0017658854868157193,0.22007722007722008
True,0.22250813787140586,0.001000000000000001,0.22250813787140586,0.21705426356589147,0.0009953850330286507,0.0009953850330286851,0.21705426356589147,0.001376792074466493,0.21621621621621623,1.0,1.0,fing_x_face,9,0.001,face_G,1,LR-P1-N2,GP,main,0.0029315948486328125,0.0015114782556643021,0.21621621621621623,0.0017658854868157193,0.22007722007722008
True,0.3043761902734488,0.0010000000000000002,0.3043761902734488,0.21705426356589147,0.0009953850330286507,0.0009953850330286851,0.21705426356589147,0.001376792074466493,0.21621621621621623,1.0,1.0,fing_x_face,9,0.001,face_G,1,LR-P1-N2-rel,GP,main,0.002630949020385742,0.0015114782556643021,0.21621621621621623,0.0017658854868157193,0.22007722007722008
True,0.23172550431610203,0.001000000000000002,0.23172550431610203,0.21705426356589147,0.0009953850330286507,0.0009953850330286851,0.21705426356589147,0.001376792074466493,0.21621621621621623,1.0,1.0,fing_x_face,9,0.001,face_G,1,LR-P2-N2,GP,main,0.002911090850830078,0.0015114782556643021,0.21621621621621623,0.0017658854868157193,0.22007722007722008
True,0.3679507882343357,0.000999999999999985,0.3679507882343357,0.21705426356589147,0.0009953850330286507,0.0009953850330286851,0.21705426356589147,0.001376792074466493,0.21621621621621623,1.0,1.0,fing_x_face,9,0.001,face_G,1,LR-P2-N2-rel,GP,main,0.002779722213745117,0.0015114782556643021,0.21621621621621623,0.0017658854868157193,0.22007722007722008
True,0.22250813800257194,0.0009999999999999994,0.22250813800257194,0.21705426356589147,0.0009953850330286507,0.0009953850330286851,0.21705426356589147,0.001376792074466493,0.21621621621621623,1.0,1.0,fing_x_face,9,0.001,face_G,1,LR-P1-N3,GP,main,0.0027916431427001953,0.0015114782556643021,0.21621621621621623,0.0017658854868157193,0.22007722007722008
True,0.22097953503946227,0.001000000000000001,0.22097953503946227,0.21705426356589147,0.0009953850330286507,0.0009953850330286851,0.21705426356589147,0.001376792074466493,0.21621621621621623,1.0,1.0,fing_x_face,9,0.001,face_G,1,NLS-N2,GP,main,0.0024809837341308594,0.0015114782556643021,0.21621621621621623,0.0017658854868157193,0.22007722007722008
True,0.22265579888164938,0.0009999999999999994,0.22265579888164938,0.21705426356589147,0.0009953850330286507,0.0009953850330286851,0.21705426356589147,0.001376792074466493,0.21621621621621623,1.0,1.0,fing_x_face,9,0.001,face_G,1,DE-N2,GP,main,0.002737283706665039,0.0015114782556643021,0.21621621621621623,0.0017658854868157193,0.22007722007722008
True,0.4980379702707105,0.0010000000000000002,0.4980379702707105,0.21705426356589147,0.0009953850330286507,0.0009953850330286851,0.21705426356589147,0.001376792074466493,0.21621621621621623,1.0,1.0,fing_x_face,9,0.001,face_G,1,MAXMONO-K3,GP,main,0.0030291080474853516,0.0015114782556643021,0.21621621621621623,0.0017658854868157193,0.22007722007722008
False,,,,,,,,,,,,fing_x_face,9,0.001,face_G,1,S1-Marcialis,rule,main,4.76837158203125e-06,,,,
False,,,,,,,,,,,,fing_x_face,9,0.001,face_G,1,S2-Symmetric,rule,main,9.5367431640625e-07,,,,
False,,,,,,,,,,,,fing_x_face,9,0.001,face_G,1,S4-Direct,rule,main,7.152557373046875e-07,,,,
False,,,,,,,,,,,,fing_x_face,9,0.001,li_V,1,HYP,GP,main,0.007130146026611328,,,,
True,0.20600308654158145,0.0009999999999999994,0.20600308654158145,0.17829457364341086,0.0007540795704762404,0.0007540795704762766,0.17829457364341086,0.0010325940558498698,0.1583011583011583,1.0,1.0,fing_x_face,9,0.001,li_V,1,MONO,GP,main,0.0022106170654296875,0.001212175630780282,0.1583011583011583,0.001212175630780282,0.1583011583011583
True,0.3604276752369574,0.001000000000000001,0.3604276752369574,0.17829457364341086,0.0007540795704762404,0.0007540795704762766,0.17829457364341086,0.0010325940558498698,0.1583011583011583,1.0,1.0,fing_x_face,9,0.001,li_V,1,MONO-rel,GP,main,0.002574443817138672,0.001212175630780282,0.1583011583011583,0.001212175630780282,0.1583011583011583
True,0.19636028745128223,0.0010000000000000002,0.19636028745128223,0.17829457364341086,0.0007540795704762404,0.0007540795704762766,0.17829457364341086,0.0010325940558498698,0.1583011583011583,1.0,1.0,fing_x_face,9,0.001,li_V,1,LR-P1-N2,GP,main,0.007741451263427734,0.001212175630780282,0.1583011583011583,0.001212175630780282,0.1583011583011583
True,0.36042767523695735,0.001000000000000001,0.36042767523695735,0.17829457364341086,0.0007540795704762404,0.0007540795704762766,0.17829457364341086,0.0010325940558498698,0.1583011583011583,1.0,1.0,fing_x_face,9,0.001,li_V,1,LR-P1-N2-rel,GP,main,0.0031251907348632812,0.001212175630780282,0.1583011583011583,0.001212175630780282,0.1583011583011583
True,0.1975754877733758,0.0010000000000000002,0.1975754877733758,0.17829457364341086,0.0007540795704762404,0.0007540795704762766,0.17829457364341086,0.0010325940558498698,0.1583011583011583,1.0,1.0,fing_x_face,9,0.001,li_V,1,LR-P2-N2,GP,main,0.003859996795654297,0.001212175630780282,0.1583011583011583,0.001212175630780282,0.1583011583011583
True,0.7438982572378413,0.0009999999999999985,0.7438982572378413,0.17829457364341086,0.0007540795704762404,0.0007540795704762766,0.17829457364341086,0.0010325940558498698,0.1583011583011583,1.0,1.0,fing_x_face,9,0.001,li_V,1,LR-P2-N2-rel,GP,main,0.004514455795288086,0.001212175630780282,0.1583011583011583,0.001212175630780282,0.1583011583011583
True,0.19379973381687024,0.0009999999999999994,0.19379973381687024,0.17829457364341086,0.0007540795704762404,0.0007540795704762766,0.17829457364341086,0.0010325940558498698,0.1583011583011583,1.0,1.0,fing_x_face,9,0.001,li_V,1,LR-P1-N3,GP,main,0.003664731979370117,0.001212175630780282,0.1583011583011583,0.001212175630780282,0.1583011583011583
True,0.19904691466774366,0.0010000000000000002,0.19904691466774366,0.17829457364341086,0.0007540795704762404,0.0007540795704762766,0.17829457364341086,0.0010325940558498698,0.1583011583011583,1.0,1.0,fing_x_face,9,0.001,li_V,1,NLS-N2,GP,main,0.0034258365631103516,0.001212175630780282,0.1583011583011583,0.001212175630780282,0.1583011583011583
True,0.19415164957926284,0.0010000000000000002,0.19415164957926284,0.17829457364341086,0.0007540795704762404,0.0007540795704762766,0.17829457364341086,0.0010325940558498698,0.1583011583011583,1.0,1.0,fing_x_face,9,0.001,li_V,1,DE-N2,GP,main,0.004496097564697266,0.001212175630780282,0.1583011583011583,0.001212175630780282,0.1583011583011583
True,0.4374969596127318,0.0009999999999999994,0.4374969596127318,0.17829457364341086,0.0007540795704762404,0.0007540795704762766,0.17829457364341086,0.0010325940558498698,0.1583011583011583,1.0,1.0,fing_x_face,9,0.001,li_V,1,MAXMONO-K3,GP,main,0.004498481750488281,0.001212175630780282,0.1583011583011583,0.001212175630780282,0.1583011583011583
False,,,,,,,,,,,,fing_x_face,9,0.001,li_V,1,S1-Marcialis,rule,main,6.67572021484375e-06,,,,
False,,,,,,,,,,,,fing_x_face,9,0.001,li_V,1,S2-Symmetric,rule,main,1.430511474609375e-06,,,,
False,,,,,,,,,,,,fing_x_face,9,0.001,li_V,1,S4-Direct,rule,main,1.1920928955078125e-06,,,,
False,,,,,,,,,,,,fing_x_face,9,0.001,ri_V,1,HYP,GP,main,0.014837503433227539,,,,
True,0.12033156755728101,0.0009999999999999994,0.12033156755728101,0.11627906976744186,0.0007993243447048659,0.0007993243447048532,0.11627906976744186,0.00047888419981443237,0.09652509652509653,1.0,1.0,fing_x_face,9,0.001,ri_V,1,MONO,GP,main,0.0023813247680664062,0.0007183262997216486,0.09266409266409266,0.0007033611684774476,0.09652509652509653
True,0.15736633813512046,0.001000000000000001,0.15736633813512046,0.11627906976744186,0.0007993243447048659,0.0007993243447048532,0.11627906976744186,0.00047888419981443237,0.09652509652509653,1.0,1.0,fing_x_face,9,0.001,ri_V,1,MONO-rel,GP,main,0.002437114715576172,0.0007183262997216486,0.09266409266409266,0.0007033611684774476,0.09652509652509653
True,0.12013245496757945,0.0010000000000000002,0.12013245496757945,0.11627906976744186,0.0007993243447048659,0.0007993243447048532,0.11627906976744186,0.00047888419981443237,0.09652509652509653,1.0,1.0,fing_x_face,9,0.001,ri_V,1,LR-P1-N2,GP,main,0.0029981136322021484,0.0007183262997216486,0.09266409266409266,0.0007033611684774476,0.09652509652509653
True,0.16113238796864354,0.0009999999999999985,0.16113238796864354,0.11627906976744186,0.0007993243447048659,0.0007993243447048532,0.11627906976744186,0.00047888419981443237,0.09652509652509653,1.0,1.0,fing_x_face,9,0.001,ri_V,1,LR-P1-N2-rel,GP,main,0.003018617630004883,0.0007183262997216486,0.09266409266409266,0.0007033611684774476,0.09652509652509653
True,0.12029761762846287,0.0010000000000000002,0.12029761762846287,0.11627906976744186,0.0007993243447048659,0.0007993243447048532,0.11627906976744186,0.00047888419981443237,0.09652509652509653,1.0,1.0,fing_x_face,9,0.001,ri_V,1,LR-P2-N2,GP,main,0.006378173828125,0.0007183262997216486,0.09266409266409266,0.0007033611684774476,0.09652509652509653
True,0.18541669015664036,0.0009999999999999976,0.18541669015664036,0.11627906976744186,0.0007993243447048659,0.0007993243447048532,0.11627906976744186,0.00047888419981443237,0.09652509652509653,1.0,1.0,fing_x_face,9,0.001,ri_V,1,LR-P2-N2-rel,GP,main,0.002636432647705078,0.0007183262997216486,0.09266409266409266,0.0007033611684774476,0.09652509652509653
True,0.12013245496757977,0.0010000000000000002,0.12013245496757977,0.11627906976744186,0.0007993243447048659,0.0007993243447048532,0.11627906976744186,0.00047888419981443237,0.09652509652509653,1.0,1.0,fing_x_face,9,0.001,ri_V,1,LR-P1-N3,GP,main,0.0026824474334716797,0.0007183262997216486,0.09266409266409266,0.0007033611684774476,0.09652509652509653
True,0.12686588777429122,0.001000000000000002,0.12686588777429122,0.11627906976744186,0.0007993243447048659,0.0007993243447048532,0.11627906976744186,0.00047888419981443237,0.09652509652509653,1.0,1.0,fing_x_face,9,0.001,ri_V,1,NLS-N2,GP,main,0.00246429443359375,0.0007183262997216486,0.09266409266409266,0.0007033611684774476,0.09652509652509653
True,0.1201300162012452,0.0009999999999999985,0.1201300162012452,0.11627906976744186,0.0007993243447048659,0.0007993243447048532,0.11627906976744186,0.00047888419981443237,0.09652509652509653,1.0,1.0,fing_x_face,9,0.001,ri_V,1,DE-N2,GP,main,0.002593994140625,0.0007183262997216486,0.09266409266409266,0.0007033611684774476,0.09652509652509653
True,0.35452396420339866,0.0010000000000000002,0.35452396420339866,0.11627906976744186,0.0007993243447048659,0.0007993243447048532,0.11627906976744186,0.00047888419981443237,0.09652509652509653,1.0,1.0,fing_x_face,9,0.001,ri_V,1,MAXMONO-K3,GP,main,0.002856731414794922,0.0007183262997216486,0.09266409266409266,0.0007033611684774476,0.09652509652509653
False,,,,,,,,,,,,fing_x_face,9,0.001,ri_V,1,S1-Marcialis,rule,main,5.4836273193359375e-06,,,,
False,,,,,,,,,,,,fing_x_face,9,0.001,ri_V,1,S2-Symmetric,rule,main,7.152557373046875e-07,,,,
False,,,,,,,,,,,,fing_x_face,9,0.001,ri_V,1,S4-Direct,rule,main,7.152557373046875e-07,,,,
False,,,,,,,,,,,,fing_x_face,9,0.001,face_C>face_G,2,HYP,GP,main,0.013062477111816406,,,,
True,0.07643466519502887,0.0010000000000037635,0.06935451899072217,0.03317108346854156,0.0009955310587531517,0.0016438934636382832,0.1124031007751938,0.0018856065367693275,0.15444015444015444,1.2355212355212355,1.3017120110143365,fing_x_face,9,0.001,face_C>face_G,2,MONO,GP,main,0.010204553604125977,0.0019604321929903327,0.16216216216216217,0.0022148394241417496,0.1583011583011583
True,0.1083831057404361,0.001000000000000249,0.10122962745702561,0.044288203833904215,0.0009871045556169816,0.003996621723524266,0.06976744186046512,0.00354673610487564,0.11969111969111969,1.196911196911197,1.0476789081440243,fing_x_face,9,0.001,face_C>face_G,2,MONO-rel,GP,main,0.008276224136352539,0.0035617012361198407,0.11969111969111969,0.003875968992248062,0.11196911196911197
True,0.07834965667601555,0.0010000000000000527,0.07017378494242756,0.03317108346854156,0.0009959834655536093,0.0018248725605525895,0.1124031007751938,0.0020801532429439405,0.1583011583011583,1.2277992277992278,1.2493490167908772,fing_x_face,9,0.001,face_C>face_G,2,LR-P1-N2,GP,main,0.009924173355102539,0.0020801532429439405,0.16216216216216217,0.00236449073658376,0.15057915057915058
True,0.10838310574044514,0.0010000000000000172,0.10122962829009552,0.044288203833904215,0.0009871045556169816,0.003996621723524266,0.06976744186046512,0.00354673610487564,0.11969111969111969,1.196911196911197,1.0476789081440243,fing_x_face,9,0.001,face_C>face_G,2,LR-P1-N2-rel,GP,main,0.010457277297973633,0.0035617012361198407,0.11969111969111969,0.003875968992248062,0.11196911196911197
True,0.08235540410754519,0.0010000000000432226,0.07416203087684403,0.03653626584940809,0.0009960250897087398,0.0011462009471239405,0.12403100775193798,0.0011074197120708748,0.1776061776061776,1.2316602316602316,1.5991140642303432,fing_x_face,9,0.001,face_C>face_G,2,LR-P2-N2,GP,main,0.01069331169128418,0.001167280237047679,0.17374517374517376,0.001301966418245488,0.16216216216216217
True,0.1344326077216621,0.0010000000000006148,0.12657531231784822,0.0667778378703203,0.000990651934430689,0.004464151057219558,0.08527131782945736,0.003681422286073449,0.12355212355212356,1.1853281853281854,1.02949627368232,fing_x_face,9,0.001,face_C>face_G,2,LR-P2-N2-rel,GP,main,0.009417533874511719,0.0035766663673640416,0.11969111969111969,0.003950794648469067,0.10810810810810811
True,0.07861525731303057,0.0010000000000000252,0.07039050589029493,0.03317108346854156,0.0009929585494954187,0.0018550357433716406,0.1124031007751938,0.0021699440304091466,0.1583011583011583,1.2277992277992278,1.239053006494867,fing_x_face,9,0.001,face_C>face_G,2,LR-P1-N3,GP,main,0.014451980590820312,0.0021549788991649457,0.16216216216216217,0.002424351261560564,0.15057915057915058
True,0.07789228787272552,0.001000000000000462,0.07101307073296453,0.03317108346854156,0.0009925511786660218,0.001809790969143064,0.1124031007751938,0.002050222980455539,0.1583011583011583,1.2316602316602316,1.2556643021759302,fing_x_face,9,0.001,face_C>face_G,2,NLS-N2,GP,main,0.013259649276733398,0.002050222980455539,0.16216216216216217,0.002334560474095358,0.15057915057915058
True,0.07622762974427455,0.0010000000000000037,0.06875904097592186,0.03317108346854156,0.0009876545403547823,0.0015684855065906554,0.1124031007751938,0.0017209900930831162,0.15444015444015444,1.2355212355212355,1.3245039058992547,fing_x_face,9,0.001,face_C>face_G,2,DE-N2,GP,main,0.022579431533813477,0.0019454670617461314,0.16602316602316602,0.0021100835054323427,0.1583011583011583
False,,,,,,,,,,,,fing_x_face,9,0.001,face_C>face_G,2,MAXMONO-K3,GP,main,0.05890178680419922,,,,
True,,,,,,0.0009953850330286851,0.19767441860465115,0.0013917572057106941,0.20463320463320464,1.5714285714285714,1.5994881925114484,fing_x_face,9,0.001,face_C>face_G,2,S1-Marcialis,rule,main,0.004255056381225586,,,,
True,,,,,,0.0009953850330286851,0.19767441860465115,0.0013917572057106941,0.20463320463320464,1.5714285714285714,1.5994881925114484,fing_x_face,9,0.001,face_C>face_G,2,S2-Symmetric,rule,main,0.037058353424072266,,,,
True,,,,,,0.0009953850330286851,0.1124031007751938,0.0005836401185238395,0.18532818532818532,1.0810810810810811,1.0014516177306876,fing_x_face,9,0.001,face_C>face_G,2,S4-Direct,rule,main,0.40800023078918457,,,,
False,,,,,,,,,,,,fing_x_face,9,0.001,face_C>li_V,2,HYP,GP,main,0.018313884735107422,,,,
True,0.0725439716927314,0.0010000000000000375,0.06616317049729903,0.02834865693167478,0.0009626784551150468,0.0009803034416191597,0.015503875968992248,0.0008679776121636587,0.02702702702702703,1.2316602316602316,1.5990990990990992,fing_x_face,9,0.001,face_C>li_V,2,MONO,GP,main,0.0082244873046875,0.0009278381371404627,0.02702702702702703,0.001092454580826674,0.03088803088803089
True,0.13359827985212863,0.0010000000000005625,0.12259848193831419,0.04927588486268854,0.0008949002284423214,0.0011914457213525172,0.046511627906976744,0.0006584657747448446,0.06177606177606178,1.193050193050193,1.0440573463829277,fing_x_face,9,0.001,face_C>li_V,2,MONO-rel,GP,main,0.008345842361450195,0.0006883960372332465,0.05791505791505792,0.0008380473496752566,0.07335907335907337
True,0.07263371153854552,0.0010000000000006423,0.06530699339106097,0.029460368968211047,0.0008959920095596441,0.000904895484571532,0.01937984496124031,0.0007332914309658496,0.02702702702702703,1.2277992277992278,1.599084133967855,fing_x_face,9,0.001,face_C>li_V,2,LR-P1-N2,GP,main,0.008594036102294922,0.0007332914309658496,0.02702702702702703,0.0009278381371404627,0.03088803088803089
True,0.13359827985216102,0.0010000000000000074,0.12259848198920362,0.04927588486268854,0.0008949002284423214,0.0011914457213525172,0.046511627906976744,0.0006584657747448446,0.06177606177606178,1.193050193050193,1.0440573463829277,fing_x_face,9,0.001,face_C>li_V,2,LR-P1-N2-rel,GP,main,0.00755000114440918,0.0006883960372332465,0.05791505791505792,0.0008380473496752566,0.07335907335907337
True,0.07471458485713747,0.001000000000000066,0.06772545672351656,0.02834865693167478,0.0009626784551150468,0.0009803034416191597,0.015503875968992248,0.0008679776121636587,0.02702702702702703,1.2316602316602316,1.5990990990990992,fing_x_face,9,0.001,face_C>li_V,2,LR-P2-N2,GP,main,0.008545637130737305,0.0009278381371404627,0.02702702702702703,0.001092454580826674,0.03088803088803089
True,0.20606941941568488,0.0010000000000004834,0.18747000144622458,0.07591190433267232,0.0009437440136333578,0.001357343226857298,0.07364341085271318,0.0007183262997216486,0.0888030888030888,1.16988416988417,1.0133189668073388,fing_x_face,9,0.001,face_C>li_V,2,LR-P2-N2-rel,GP,main,0.007853269577026367,0.0008081170871868546,0.09266409266409266,0.0008081170871868546,0.09266409266409266
True,0.07225623071172223,0.0010000000000005634,0.06494826601265175,0.029460368968211047,0.0009110681420635622,0.0009199770759810575,0.01937984496124031,0.0007332914309658496,0.02702702702702703,1.2277992277992278,1.599084133967855,fing_x_face,9,0.001,face_C>li_V,2,LR-P1-N3,GP,main,0.009722709655761719,0.0007332914309658496,0.02702702702702703,0.0009278381371404627,0.03088803088803089
True,0.07239832939678513,0.001000000000000035,0.06646389378074588,0.02834865693167478,0.0009777523130749706,0.0009953850330286851,0.015503875968992248,0.0008829427434078596,0.02702702702702703,1.2316602316602316,1.599084133967855,fing_x_face,9,0.001,face_C>li_V,2,NLS-N2,GP,main,0.008705854415893555,0.0009278381371404627,0.02702702702702703,0.001092454580826674,0.03088803088803089
True,0.06913539765326829,0.001000000000000088,0.06272924049884014,0.029460368968211047,0.0009110681420635622,0.0009199770759810575,0.01937984496124031,0.0007332914309658496,0.02702702702702703,1.2277992277992278,1.599084133967855,fing_x_face,9,0.001,face_C>li_V,2,DE-N2,GP,main,0.008487701416015625,0.0007332914309658496,0.02702702702702703,0.0009278381371404627,0.03088803088803089
False,,,,,,,,,,,,fing_x_face,9,0.001,face_C>li_V,2,MAXMONO-K3,GP,main,0.10924696922302246,,,,
True,,,,,,0.0007691611618858022,0.06589147286821706,0.0009577683996288647,0.07722007722007722,1.5714285714285714,1.5994881925114484,fing_x_face,9,0.001,face_C>li_V,2,S1-Marcialis,rule,main,0.00539708137512207,,,,
True,,,,,,0.0007691611618858022,0.06589147286821706,0.0009577683996288647,0.07722007722007722,1.5714285714285714,1.5994881925114484,fing_x_face,9,0.001,face_C>li_V,2,S2-Symmetric,rule,main,0.04650688171386719,,,,
True,,,,,,0.0008898138931620064,0.015503875968992248,0.0007632216934542516,0.03861003861003861,1.2162162162162162,1.1891143635329682,fing_x_face,9,0.001,face_C>li_V,2,S4-Direct,rule,main,0.6226999759674072,,,,
False,,,,,,,,,,,,fing_x_face,9,0.001,face_C>ri_V,2,HYP,GP,main,0.010598421096801758,,,,
True,0.05381972496486486,0.001000000000000002,0.050089592937126295,0.017787392584580255,0.0009347256741497583,0.0009803034416191597,0.015503875968992248,0.0005537098560354374,0.02702702702702703,1.2277992277992278,1.599084133967855,fing_x_face,9,0.001,face_C>ri_V,2,MONO,GP,main,0.009189605712890625,0.0005686749872796385,0.023166023166023165,0.0007033611684774476,0.02702702702702703
True,0.08176313912980537,0.0010000000000006317,0.07770318701562745,0.01956012258878673,0.0008796903527515817,0.0009953850330286851,0.015503875968992248,0.0005237795935470355,0.03861003861003861,1.2162162162162162,1.1862560234653259,fing_x_face,9,0.001,face_C>ri_V,2,MONO-rel,GP,main,0.011633634567260742,0.0005986052497680404,0.03088803088803089,0.0007183262997216486,0.03474903474903475
True,0.057632972917579926,0.0010000000000004612,0.05315030767360336,0.017787392584580255,0.0009347256741497583,0.0009803034416191597,0.015503875968992248,0.0005537098560354374,0.02702702702702703,1.2277992277992278,1.599084133967855,fing_x_face,9,0.001,face_C>ri_V,2,LR-P1-N2,GP,main,0.009173870086669922,0.0005686749872796385,0.023166023166023165,0.0007033611684774476,0.02702702702702703
True,0.08277497217175393,0.0010000000000000117,0.0785947986878833,0.017937623940868938,0.0009590105254696443,0.0011462009471239405,0.015503875968992248,0.0006435006435006435,0.03474903474903475,1.2162162162162162,1.1709915895962408,fing_x_face,9,0.001,face_C>ri_V,2,LR-P1-N2-rel,GP,main,0.009821414947509766,0.0007183262997216486,0.03474903474903475,0.0008230822184310556,0.03474903474903475
True,0.05810902992712847,0.0010000000000000057,0.0538498353167571,0.01723153656631212,0.0009874359566769521,0.0010406298072572619,0.011627906976744186,0.0006285355122564425,0.023166023166023165,1.2316602316602316,1.599084133967855,fing_x_face,9,0.001,face_C>ri_V,2,LR-P2-N2,GP,main,0.009682655334472656,0.0006883960372332465,0.023166023166023165,0.0007931519559426536,0.02702702702702703
True,0.10559747784501965,0.0010000000000004701,0.10071793137158386,0.026906435911303407,0.0009482821838110716,0.0011612825385334661,0.027131782945736434,0.0007332914309658496,0.04633204633204633,1.2046332046332047,1.0818443027745352,fing_x_face,9,0.001,face_C>ri_V,2,LR-P2-N2-rel,GP,main,0.008712291717529297,0.0007781868246984526,0.04633204633204633,0.0008230822184310556,0.05405405405405406
True,0.0580102999012986,0.0010000000000002214,0.05347839888141129,0.017787392584580255,0.0009347256741497583,0.0009803034416191597,0.015503875968992248,0.0005537098560354374,0.02702702702702703,1.2277992277992278,1.599084133967855,fing_x_face,9,0.001,face_C>ri_V,2,LR-P1-N3,GP,main,0.009351015090942383,0.0005686749872796385,0.023166023166023165,0.0007033611684774476,0.02702702702702703
True,0.05616252078573493,0.001000000000000224,0.05238150985509084,0.01723153656631212,0.0009723623261714277,0.0010255482158477362,0.011627906976744186,0.0006135703810122415,0.023166023166023165,1.2316602316602316,1.5990990990990992,fing_x_face,9,0.001,face_C>ri_V,2,NLS-N2,GP,main,0.00896763801574707,0.0006883960372332465,0.023166023166023165,0.0007931519559426536,0.02702702702702703
True,0.054419436306210524,0.0010000000000000046,0.05045537437457379,0.017787392584580255,0.0009347256741497583,0.0009803034416191597,0.015503875968992248,0.0005537098560354374,0.02702702702702703,1.2277992277992278,1.599084133967855,fing_x_face,9,0.001,face_C>ri_V,2,DE-N2,GP,main,0.008951663970947266,0.0005686749872796385,0.023166023166023165,0.0007033611684774476,0.02702702702702703
False,,,,,,,,,,,,fing_x_face,9,0.001,face_C>ri_V,2,MAXMONO-K3,GP,main,0.02605748176574707,,,,
True,,,,,,0.0007993243447048532,0.05426356589147287,0.0006135703810122415,0.05405405405405406,1.5714285714285714,1.5994881925114484,fing_x_face,9,0.001,face_C>ri_V,2,S1-Marcialis,rule,main,0.002916574478149414,,,,
True,,,,,,0.0007993243447048532,0.05426356589147287,0.0006135703810122415,0.05405405405405406,1.5714285714285714,1.5994881925114484,fing_x_face,9,0.001,face_C>ri_V,2,S2-Symmetric,rule,main,0.03294992446899414,,,,
True,,,,,,0.000904895484571532,0.011627906976744186,0.0005686749872796385,0.019305019305019305,1.2548262548262548,1.621636586752866,fing_x_face,9,0.001,face_C>ri_V,2,S4-Direct,rule,main,0.41982412338256836,,,,
False,,,,,,,,,,,,fing_x_face,9,0.001,face_G>face_C,2,HYP,GP,main,0.02078533172607422,,,,
True,0.10108343820901544,0.0010000000000003396,0.09161477956916743,0.04717264587464696,0.0009927424678159117,0.0014478327753144511,0.12403100775193798,0.0010774894495824729,0.15444015444015444,1.2432432432432432,1.5238693843345006,fing_x_face,9,0.001,face_G>face_C,2,MONO,GP,main,0.013398408889770508,0.001301966418245488,0.16216216216216217,0.0015114782556643021,0.15444015444015444
True,0.11223545658096962,0.0010000000000001815,0.1045525323651367,0.05886064539390662,0.0009849184913839184,0.004916598799505323,0.08527131782945736,0.003501840711143037,0.11196911196911197,1.1853281853281854,1.0706204543413846,fing_x_face,9,0.001,face_G>face_C,2,MONO-rel,GP,main,0.011451005935668945,0.003771213073538655,0.11583011583011583,0.004085480829666876,0.10810810810810811
True,0.09961704598281508,0.0010000000000001921,0.09050269125405255,0.0380536025479238,0.0009846883075316061,0.0013422616354477725,0.12403100775193798,0.0010625243183382718,0.15057915057915058,1.250965250965251,1.600281344467391,fing_x_face,9,0.001,face_G>face_C,2,LR-P1-N2,GP,main,0.013457775115966797,0.001137349974559277,0.16216216216216217,0.00133189668073389,0.1583011583011583
True,0.11223545658096912,0.0010000000000001904,0.10455253236513626,0.05886064539390662,0.0009849184913839184,0.004916598799505323,0.08527131782945736,0.003501840711143037,0.11196911196911197,1.1853281853281854,1.0706204543413846,fing_x_face,9,0.001,face_G>face_C,2,LR-P1-N2-rel,GP,main,0.01126861572265625,0.003771213073538655,0.11583011583011583,0.004085480829666876,0.10810810810810811
True,0.13026968416161674,0.0010000000000003422,0.1154820755606426,0.039030106363800256,0.0009930442998040243,0.0011914457213525172,0.12403100775193798,0.0009727335308730657,0.16216216216216217,1.2548262548262548,1.767037801921523,fing_x_face,9,0.001,face_G>face_C,2,LR-P2-N2,GP,main,0.013941764831542969,0.0010325940558498698,0.16216216216216217,0.001287001287001287,0.1583011583011583
True,0.12973228229462078,0.0010000000000000057,0.12167419813839889,0.07673817679226008,0.0009920414533569062,0.005987391789581637,0.10077519379844961,0.004085480829666876,0.10038610038610038,1.1814671814671815,1.0445661608452306,fing_x_face,9,0.001,face_G>face_C,2,LR-P2-N2-rel,GP,main,0.012041330337524414,0.004160306485887881,0.10424710424710425,0.0044446439795277,0.10038610038610038
True,0.09962559171303016,0.0010000000000002249,0.09051388020659196,0.0380536025479238,0.0009911038863223082,0.001357343226857298,0.12403100775193798,0.0010625243183382718,0.15057915057915058,1.250965250965251,1.5978869234683188,fing_x_face,9,0.001,face_G>face_C,2,LR-P1-N3,GP,main,0.011141061782836914,0.001167280237047679,0.16216216216216217,0.0013917572057106941,0.1583011583011583
True,0.10031219375465382,0.001000000000000511,0.09104980980996849,0.05119884622318371,0.0009814293408963862,0.0017494646035049618,0.12015503875968993,0.001257071024512885,0.15444015444015444,1.2393822393822393,1.4105683756846548,fing_x_face,9,0.001,face_G>face_C,2,NLS-N2,GP,main,0.01057124137878418,0.0014366525994432972,0.15444015444015444,0.0017658854868157193,0.15057915057915058
True,0.10127600841336447,0.0010000000000002889,0.09179178617466272,0.0380536025479238,0.000981247377376831,0.0013271800440382469,0.12403100775193798,0.001047559187094071,0.15444015444015444,1.250965250965251,1.605863338421478,fing_x_face,9,0.001,face_G>face_C,2,DE-N2,GP,main,0.010448455810546875,0.001122384843315076,0.16216216216216217,0.00133189668073389,0.1583011583011583
True,0.22260711393707305,0.001000000000000073,0.2113930100378245,0.09560723514211886,0.0009761392064741054,0.004780864476819594,0.10852713178294573,0.004070515698422675,0.11969111969111969,1.1428571428571428,1.0142019095507468,fing_x_face,9,0.001,face_G>face_C,2,MAXMONO-K3,GP,main,0.021396875381469727,0.0041154110921552784,0.11969111969111969,0.004534434766992906,0.11969111969111969
True,,,,,,0.0009953850330286851,0.12403100775193798,0.0005088144623028344,0.16988416988416988,1.3822393822393821,1.8547634012750291,fing_x_face,9,0.001,face_G>face_C,2,S1-Marcialis,rule,main,0.0022025108337402344,,,,
True,,,,,,0.0009953850330286851,0.12403100775193798,0.0005088144623028344,0.16988416988416988,1.3822393822393821,1.8547634012750291,fing_x_face,9,0.001,face_G>face_C,2,S2-Symmetric,rule,main,0.04075002670288086,,,,
True,,,,,,0.0009953850330286851,0.12403100775193798,0.0005088144623028344,0.16988416988416988,1.3822393822393821,1.6881865253958277,fing_x_face,9,0.001,face_G>face_C,2,S4-Direct,rule,main,0.3791773319244385,,,,
False,,,,,,,,,,,,fing_x_face,9,0.001,face_G>li_V,2,HYP,GP,main,0.003980398178100586,,,,
True,0.10807517228000814,0.0010000000000000074,0.0964567072760877,0.05095847605312181,0.0008728380615138588,0.0008596507103429554,0.03488372093023256,0.0011523151058034779,0.03088803088803089,1.2432432432432432,1.8540301098440632,fing_x_face,9,0.001,face_G>li_V,2,MONO,GP,main,0.010554313659667969,0.001272036155757086,0.02702702702702703,0.001421687468199096,0.03088803088803089
True,0.14227365946572662,0.0010000000000007002,0.12910373897060115,0.07289225407126976,0.00092816952854022,0.001100956172895364,0.05426356589147287,0.0011972104995360809,0.08494208494208494,1.1776061776061777,1.0701415701415702,fing_x_face,9,0.001,face_G>li_V,2,MONO-rel,GP,main,0.008490800857543945,0.001421687468199096,0.08494208494208494,0.0015414085181527043,0.08108108108108109
True,0.10652915409230682,0.0010000000000000172,0.09508479375385259,0.05016224986479178,0.0009029903265216951,0.0008898138931620064,0.03488372093023256,0.001167280237047679,0.03088803088803089,1.2393822393822393,1.854015144712819,fing_x_face,9,0.001,face_G>li_V,2,LR-P1-N2,GP,main,0.01663994789123535,0.001301966418245488,0.02702702702702703,0.001466582861931699,0.03088803088803089
True,0.14227365946572695,0.0010000000000006948,0.12910373897060143,0.07289225407126976,0.00092816952854022,0.001100956172895364,0.05426356589147287,0.0011972104995360809,0.08494208494208494,1.1776061776061777,1.0701415701415702,fing_x_face,9,0.001,face_G>li_V,2,LR-P1-N2-rel,GP,main,0.008626461029052734,0.001421687468199096,0.08494208494208494,0.0015414085181527043,0.08108108108108109
True,0.1344291677828986,0.0010000000000000482,0.11744129958568406,0.04980169460969894,0.0009374332913207077,0.000935058667390583,0.027131782945736434,0.001167280237047679,0.02702702702702703,1.250965250965251,1.8541647960252612,fing_x_face,9,0.001,face_G>li_V,2,LR-P2-N2,GP,main,0.009326934814453125,0.001376792074466493,0.02702702702702703,0.0014965131244201013,0.02702702702702703
True,0.19978978432321323,0.001000000000000027,0.1794618386805381,0.10056486989964546,0.0009633726459421173,0.0012065273127620426,0.08914728682170543,0.001122384843315076,0.09652509652509653,1.166023166023166,1.021968812666487,fing_x_face,9,0.001,face_G>li_V,2,LR-P2-N2-rel,GP,main,0.008337020874023438,0.0014366525994432972,0.10424710424710425,0.001466582861931699,0.09652509652509653
True,0.10543895034616152,0.001000000000000002,0.09416052480409567,0.04936602367646176,0.0009180664590257243,0.000904895484571532,0.03488372093023256,0.001167280237047679,0.03088803088803089,1.2393822393822393,1.854015144712819,fing_x_face,9,0.001,face_G>li_V,2,LR-P1-N3,GP,main,0.009200334548950195,0.001301966418245488,0.02702702702702703,0.001466582861931699,0.03088803088803089
True,0.10265848710291336,0.0010000000000001752,0.09209426026674303,0.05016224986479178,0.0009029903265216951,0.0008898138931620064,0.03488372093023256,0.001167280237047679,0.03088803088803089,1.2393822393822393,1.854015144712819,fing_x_face,9,0.001,face_G>li_V,2,NLS-N2,GP,main,0.008921146392822266,0.001301966418245488,0.02702702702702703,0.001466582861931699,0.03088803088803089
True,0.1059828126036979,0.0010000000000000057,0.09460014230067508,0.04936602367646176,0.0009180664590257243,0.000904895484571532,0.03488372093023256,0.001167280237047679,0.03088803088803089,1.2393822393822393,1.854015144712819,fing_x_face,9,0.001,face_G>li_V,2,DE-N2,GP,main,0.009102344512939453,0.001301966418245488,0.02702702702702703,0.001466582861931699,0.03088803088803089
True,0.270233762580757,0.001000000000000026,0.2474974127370087,0.13226368607655792,0.0009479084762328016,0.0010557113986667873,0.12790697674418605,0.00133189668073389,0.14671814671814673,1.1003861003861004,1.0065098320912274,fing_x_face,9,0.001,face_G>li_V,2,MAXMONO-K3,GP,main,0.013305902481079102,0.0016311993056179102,0.14285714285714285,0.0018856065367693275,0.138996138996139
True,,,,,,0.0009199770759810575,0.046511627906976744,0.0011972104995360809,0.03861003861003861,1.3822393822393821,1.8547634012750291,fing_x_face,9,0.001,face_G>li_V,2,S1-Marcialis,rule,main,0.0021224021911621094,,,,
True,,,,,,0.0009199770759810575,0.046511627906976744,0.0011972104995360809,0.03861003861003861,1.3822393822393821,1.8547634012750291,fing_x_face,9,0.001,face_G>li_V,2,S2-Symmetric,rule,main,0.03697061538696289,,,,
True,,,,,,0.0009953850330286851,0.027131782945736434,0.0014366525994432972,0.02702702702702703,1.2702702702702702,1.9663883152255246,fing_x_face,9,0.001,face_G>li_V,2,S4-Direct,rule,main,0.392960786819458,,,,
False,,,,,,,,,,,,fing_x_face,9,0.001,face_G>ri_V,2,HYP,GP,main,0.005526304244995117,,,,
True,0.08369945282111552,0.0010000000000000028,0.07692919538371489,0.03028664142779881,0.0009529447715451799,0.0009199770759810575,0.01937984496124031,0.0009428032683846638,0.007722007722007722,1.2393822393822393,1.854015144712819,fing_x_face,9,0.001,face_G>ri_V,2,MONO,GP,main,0.008031845092773438,0.001092454580826674,0.011583011583011582,0.001212175630780282,0.007722007722007722
True,0.08910754168731251,0.0010000000000005855,0.08396901477702585,0.04808905714800793,0.000946376343398067,0.0010104666244382108,0.031007751937984496,0.0011074197120708748,0.023166023166023165,1.223938223938224,1.326000419023675,fing_x_face,9,0.001,face_G>ri_V,2,MONO-rel,GP,main,0.009643316268920898,0.00133189668073389,0.02702702702702703,0.0013917572057106941,0.023166023166023165
True,0.08560702363016345,0.00100000000000005,0.07860360659373963,0.0307673817679226,0.0009378695488588594,0.000904895484571532,0.01937984496124031,0.0009278381371404627,0.011583011583011582,1.2432432432432432,1.8540301098440632,fing_x_face,9,0.001,face_G>ri_V,2,LR-P1-N2,GP,main,0.009371280670166016,0.0010625243183382718,0.011583011583011582,0.001167280237047679,0.007722007722007722
True,0.09026258371535147,0.0010000000000007312,0.08497706424721876,0.04808905714800793,0.0009164833764055547,0.0009803034416191597,0.031007751937984496,0.001092454580826674,0.023166023166023165,1.223938223938224,1.29809044925324,fing_x_face,9,0.001,face_G>ri_V,2,LR-P1-N2-rel,GP,main,0.009965181350708008,0.001287001287001287,0.03088803088803089,0.0013618269432222922,0.023166023166023165
True,0.11277225918814951,0.0010000000000000588,0.10242690595764462,0.030271618292169945,0.0009649968978086798,0.0009199770759810575,0.015503875968992248,0.0009727335308730657,0.011583011583011582,1.247104247104247,1.8540600401065517,fing_x_face,9,0.001,face_G>ri_V,2,LR-P2-N2,GP,main,0.01003885269165039,0.0011074197120708748,0.011583011583011582,0.0011972104995360809,0.011583011583011582
True,0.10653104614861712,0.0010000000000004558,0.10059888343352111,0.051664563427678625,0.0009190354147673038,0.0011612825385334661,0.03875968992248062,0.001092454580826674,0.04633204633204633,1.2007722007722008,1.1492622190296609,fing_x_face,9,0.001,face_G>ri_V,2,LR-P2-N2-rel,GP,main,0.008603811264038086,0.00133189668073389,0.04633204633204633,0.0013917572057106941,0.03861003861003861
True,0.08560702408780016,0.001000000000000042,0.07860360699359067,0.0307673817679226,0.0009378695488588594,0.000904895484571532,0.01937984496124031,0.0009278381371404627,0.011583011583011582,1.2432432432432432,1.8540301098440632,fing_x_face,9,0.001,face_G>ri_V,2,LR-P1-N3,GP,main,0.008344888687133789,0.0010625243183382718,0.011583011583011582,0.001167280237047679,0.007722007722007722
True,0.0829488399265839,0.001000000000000002,0.07620619161372862,0.0307673817679226,0.0009227943261725391,0.0008898138931620064,0.01937984496124031,0.0009278381371404627,0.011583011583011582,1.2432432432432432,1.8540301098440632,fing_x_face,9,0.001,face_G>ri_V,2,NLS-N2,GP,main,0.008244752883911133,0.0010625243183382718,0.011583011583011582,0.001167280237047679,0.007722007722007722
True,0.08600796931217025,0.0010000000000001245,0.07895467871386913,0.0307673817679226,0.0009378695488588594,0.000904895484571532,0.01937984496124031,0.0009278381371404627,0.011583011583011582,1.2432432432432432,1.8540301098440632,fing_x_face,9,0.001,face_G>ri_V,2,DE-N2,GP,main,0.008203744888305664,0.0010625243183382718,0.011583011583011582,0.001167280237047679,0.007722007722007722
True,0.2314828309227302,0.001000000000000336,0.21525265566784035,0.09635839192356228,0.0009017170367936529,0.001100956172895364,0.08914728682170543,0.001137349974559277,0.0888030888030888,1.1505791505791505,1.0199335548172757,fing_x_face,9,0.001,face_G>ri_V,2,MAXMONO-K3,GP,main,0.012911558151245117,0.0014067223369548952,0.09652509652509653,0.0014516177306874982,0.09266409266409266
True,,,,,,0.0008596507103429554,0.03488372093023256,0.0007332914309658496,0.02702702702702703,1.3822393822393821,1.8547634012750291,fing_x_face,9,0.001,face_G>ri_V,2,S1-Marcialis,rule,main,0.0021648406982421875,,,,
True,,,,,,0.0008596507103429554,0.03488372093023256,0.0007332914309658496,0.02702702702702703,1.3822393822393821,1.8547634012750291,fing_x_face,9,0.001,face_G>ri_V,2,S2-Symmetric,rule,main,0.03518795967102051,,,,
True,,,,,,0.0009953850330286851,0.015503875968992248,0.0008829427434078596,0.011583011583011582,1.2702702702702702,1.9663883152255246,fing_x_face,9,0.001,face_G>ri_V,2,S4-Direct,rule,main,0.4306674003601074,,,,
False,,,,,,,,,,,,fing_x_face,9,0.001,li_V>face_C,2,HYP,GP,main,0.018419981002807617,,,,
True,0.1151936675301713,0.0010000000000466207,0.1025153123310275,0.05466919055345232,0.0008756835160508846,0.0010104666244382108,0.046511627906976744,0.0007482565622100506,0.04633204633204633,1.1505791505791505,1.5115081859267905,fing_x_face,9,0.001,li_V>face_C,2,MONO,GP,main,0.019768714904785156,0.0008530124809194577,0.04247104247104247,0.0011074197120708748,0.04247104247104247
True,0.16497880534838663,0.0010000000000000109,0.15120242757666674,0.10173667447869719,0.0009227943261725184,0.0012517720869906193,0.10077519379844961,0.0009428032683846638,0.08494208494208494,1.1003861003861004,1.0851964921732364,fing_x_face,9,0.001,li_V>face_C,2,MONO-rel,GP,main,0.014136314392089844,0.001122384843315076,0.08108108108108109,0.0014366525994432972,0.08494208494208494
True,0.11562874198268625,0.0010000000000001113,0.10278246139568106,0.045670332311760105,0.0008236894874277231,0.0008596507103429554,0.03488372093023256,0.0006584657747448446,0.04247104247104247,1.162162162162162,1.6836071952351022,fing_x_face,9,0.001,li_V>face_C,2,LR-P1-N2,GP,main,0.014774799346923828,0.0007632216934542516,0.03474903474903475,0.0009278381371404627,0.03861003861003861
True,0.1649788053483868,0.0010000000000000074,0.15120242757666688,0.10173667447869719,0.0009227943261725184,0.0012517720869906193,0.10077519379844961,0.0009428032683846638,0.08494208494208494,1.1003861003861004,1.0851964921732364,fing_x_face,9,0.001,li_V>face_C,2,LR-P1-N2-rel,GP,main,0.012551069259643555,0.001122384843315076,0.08108108108108109,0.0014366525994432972,0.08494208494208494
True,0.11896216781876308,0.0010000000000000234,0.10491008878183637,0.04461871281773931,0.0009432315588713134,0.0009803034416191597,0.03488372093023256,0.0007332914309658496,0.04247104247104247,1.1544401544401544,1.6835323695788813,fing_x_face,9,0.001,li_V>face_C,2,LR-P2-N2,GP,main,0.01170659065246582,0.0008530124809194577,0.03088803088803089,0.001137349974559277,0.03861003861003861
True,0.27432482083460596,0.001000000000000001,0.2557855792577391,0.11246319331770928,0.0008296854128513689,0.0012216089041715682,0.1124031007751938,0.0008081170871868546,0.09652509652509653,1.0888030888030888,1.0408099129029362,fing_x_face,9,0.001,li_V>face_C,2,LR-P2-N2-rel,GP,main,0.0073201656341552734,0.0010176289246056687,0.09266409266409266,0.001212175630780282,0.09652509652509653
True,0.11928730488006518,0.0010000000000002197,0.10579990737101345,0.045670332311760105,0.0008444537995529259,0.0008898138931620064,0.03488372093023256,0.0006734309059890455,0.04247104247104247,1.162162162162162,1.6836071952351022,fing_x_face,9,0.001,li_V>face_C,2,LR-P1-N3,GP,main,0.01024627685546875,0.0007632216934542516,0.03474903474903475,0.0009428032683846638,0.03861003861003861
True,0.11778058714335267,0.0010000000000003465,0.10456199179728777,0.07797007391382729,0.0006918753413164073,0.0008144059361143788,0.06976744186046512,0.0006135703810122415,0.05791505791505792,1.1428571428571428,1.3662715872018198,fing_x_face,9,0.001,li_V>face_C,2,NLS-N2,GP,main,0.010838747024536133,0.0007482565622100506,0.05019305019305019,0.0009577683996288647,0.05019305019305019
True,0.11944817402585235,0.0010000000000055017,0.10563603493165222,0.045670332311760105,0.0008133073313651217,0.0008445691189334298,0.03488372093023256,0.0006584657747448446,0.04247104247104247,1.162162162162162,1.6836071952351022,fing_x_face,9,0.001,li_V>face_C,2,DE-N2,GP,main,0.010890007019042969,0.0007632216934542516,0.03474903474903475,0.0009278381371404627,0.03861003861003861
True,0.20836024830288133,0.0010000000000005786,0.19660233731205726,0.11865272519680309,0.0008549940364231835,0.0014327511839049257,0.1124031007751938,0.001092454580826674,0.10810810810810811,1.0810810810810811,1.0202927179671366,fing_x_face,9,0.001,li_V>face_C,2,MAXMONO-K3,GP,main,0.013180017471313477,0.001287001287001287,0.10810810810810811,0.0013169315494896891,0.10810810810810811
True,,,,,,0.0009953850330286851,0.04263565891472868,0.00046391906857023134,0.05405405405405406,1.3436293436293436,1.9613001706024962,fing_x_face,9,0.001,li_V>face_C,2,S1-Marcialis,rule,main,0.0025103092193603516,,,,
True,,,,,,0.0009953850330286851,0.04263565891472868,0.00046391906857023134,0.05405405405405406,1.3436293436293436,1.9613001706024962,fing_x_face,9,0.001,li_V>face_C,2,S2-Symmetric,rule,main,0.010557413101196289,,,,
True,,,,,,0.0009953850330286851,0.01937984496124031,0.0007183262997216486,0.023166023166023165,1.1814671814671815,1.8493460237646284,fing_x_face,9,0.001,li_V>face_C,2,S4-Direct,rule,main,0.35666775703430176,,,,
False,,,,,,,,,,,,fing_x_face,9,0.001,li_V>face_G,2,HYP,GP,main,0.01080632209777832,,,,
True,0.12694442763216154,0.001000000000000694,0.11034004058012269,0.06954209482603209,0.0008367649310340366,0.0009199770759810575,0.06201550387596899,0.001137349974559277,0.04633204633204633,1.1505791505791505,1.5115081859267905,fing_x_face,9,0.001,li_V>face_G,2,MONO,GP,main,0.012003898620605469,0.0013917572057106941,0.04247104247104247,0.0016012690431295082,0.04247104247104247
True,0.1709761741888664,0.0010000000000003981,0.1553936157324715,0.10696472567754342,0.0008467931680511392,0.0010406298072572619,0.10465116279069768,0.001272036155757086,0.08494208494208494,1.1003861003861004,1.0851964921732364,fing_x_face,9,0.001,li_V>face_G,2,MONO-rel,GP,main,0.008610963821411133,0.0016012690431295082,0.08108108108108109,0.0017958157493041214,0.08494208494208494
True,0.12982399945521678,0.0010000000000000189,0.11182916243853716,0.06048314404182441,0.0009639913219086037,0.0010557113986667873,0.050387596899224806,0.001376792074466493,0.04247104247104247,1.1544401544401544,1.6835323695788813,fing_x_face,9,0.001,li_V>face_G,2,LR-P1-N2,GP,main,0.011352777481079102,0.0016760946993505132,0.03088803088803089,0.0018407111430367245,0.04247104247104247
True,0.1709761741888665,0.0010000000000003964,0.15539361573247157,0.10696472567754342,0.0008467931680511392,0.0010406298072572619,0.10465116279069768,0.001272036155757086,0.08494208494208494,1.1003861003861004,1.0851964921732364,fing_x_face,9,0.001,li_V>face_G,2,LR-P1-N2-rel,GP,main,0.014164447784423828,0.0016012690431295082,0.08108108108108109,0.0017958157493041214,0.08494208494208494
True,0.1307564932956471,0.0010000000000001512,0.11170236088241123,0.05175470224145184,0.0008710341206719205,0.0008445691189334298,0.03488372093023256,0.00118224536829188,0.03088803088803089,1.1737451737451738,1.9608661817964144,fing_x_face,9,0.001,li_V>face_G,2,LR-P2-N2,GP,main,0.01077723503112793,0.001287001287001287,0.02702702702702703,0.0014815479931759002,0.03088803088803089
True,0.2846326174480482,0.0010000000000002117,0.2643791713421567,0.11402559942311159,0.0007768459362253617,0.0008898138931620064,0.1124031007751938,0.0010176289246056687,0.09652509652509653,1.0888030888030888,1.0408099129029362,fing_x_face,9,0.001,li_V>face_G,2,LR-P2-N2-rel,GP,main,0.010651350021362305,0.00133189668073389,0.09266409266409266,0.0013618269432222922,0.09652509652509653
True,0.13321964441828277,0.0010000000000000028,0.11433575212212649,0.06954209482603209,0.0008367649310340366,0.0009199770759810575,0.06201550387596899,0.001137349974559277,0.04633204633204633,1.1505791505791505,1.5115081859267905,fing_x_face,9,0.001,li_V>face_G,2,LR-P1-N3,GP,main,0.01757979393005371,0.0013917572057106941,0.04247104247104247,0.0016012690431295082,0.04247104247104247
True,0.12666412262084548,0.001000000000023848,0.1098831522807496,0.06819001261943393,0.0008912509500576581,0.0009652218502096341,0.06201550387596899,0.001167280237047679,0.04633204633204633,1.1505791505791505,1.5115081859267905,fing_x_face,9,0.001,li_V>face_G,2,NLS-N2,GP,main,0.026018857955932617,0.0015563736493969052,0.04247104247104247,0.0017209900930831162,0.04247104247104247
True,0.13239325697615373,0.0010000000000002062,0.11364143744858357,0.06048314404182441,0.0009639913219086037,0.0010557113986667873,0.050387596899224806,0.001376792074466493,0.04247104247104247,1.1544401544401544,1.6835323695788813,fing_x_face,9,0.001,li_V>face_G,2,DE-N2,GP,main,0.009793996810913086,0.0016760946993505132,0.03088803088803089,0.0018407111430367245,0.04247104247104247
True,0.21337797412814052,0.0010000000000003795,0.1925155946561316,0.11334955831981251,0.0007273095523880762,0.0008747323017524809,0.1124031007751938,0.0010026637933614679,0.0888030888030888,1.0965250965250966,1.0593966059082338,fing_x_face,9,0.001,li_V>face_G,2,MAXMONO-K3,GP,main,0.01060175895690918,0.001272036155757086,0.08494208494208494,0.0015114782556643021,0.0888030888030888
True,,,,,,0.0009953850330286851,0.05426356589147287,0.0014965131244201013,0.06177606177606178,1.3436293436293436,1.9613001706024962,fing_x_face,9,0.001,li_V>face_G,2,S1-Marcialis,rule,main,0.0016262531280517578,,,,
True,,,,,,0.0009953850330286851,0.05426356589147287,0.0014965131244201013,0.06177606177606178,1.3436293436293436,1.9613001706024962,fing_x_face,9,0.001,li_V>face_G,2,S2-Symmetric,rule,main,0.008453607559204102,,,,
True,,,,,,0.0009953850330286851,0.031007751937984496,0.001376792074466493,0.02702702702702703,1.16988416988417,1.8490467211397443,fing_x_face,9,0.001,li_V>face_G,2,S4-Direct,rule,main,0.38130664825439453,,,,
False,,,,,,,,,,,,fing_x_face,9,0.001,li_V>ri_V,2,HYP,GP,main,0.012730836868286133,,,,
True,0.09895183427814962,0.0010000000000001104,0.08981272761180707,0.02451775734631332,0.0009199711621666101,0.000935058667390583,0.06201550387596899,0.0008979078746520607,0.05791505791505792,1.16988416988417,1.9606417048277514,fing_x_face,9,0.001,li_V>ri_V,2,MONO,GP,main,0.009795427322387695,0.0010774894495824729,0.05791505791505792,0.001122384843315076,0.05791505791505792
True,0.13193676747952388,0.0010000000000001325,0.121844251468825,0.050387596899224806,0.0009251905582706792,0.0010858745814858383,0.07751937984496124,0.0010325940558498698,0.06177606177606178,1.1467181467181466,1.5112837089581275,fing_x_face,9,0.001,li_V>ri_V,2,MONO-rel,GP,main,0.012711524963378906,0.001421687468199096,0.05791505791505792,0.0014067223369548952,0.06177606177606178
True,0.10356149239172802,0.0010000000000002774,0.09367611901560285,0.025479238026560904,0.0007692189353031842,0.0007842427532953277,0.06589147286821706,0.0006734309059890455,0.05791505791505792,1.1737451737451738,1.9608661817964144,fing_x_face,9,0.001,li_V>ri_V,2,LR-P1-N2,GP,main,0.008814573287963867,0.0007632216934542516,0.05791505791505792,0.0008979078746520607,0.05791505791505792
True,0.13370596065125526,0.0010000000000000783,0.1233641257918624,0.07436452136289887,0.0008087987302592551,0.0009953850330286851,0.09689922480620156,0.0009727335308730657,0.07335907335907337,1.1312741312741312,1.3659722845769358,fing_x_face,9,0.001,li_V>ri_V,2,LR-P1-N2-rel,GP,main,0.009772539138793945,0.0013169315494896891,0.05791505791505792,0.00133189668073389,0.06563706563706563
True,0.10332665906908944,0.001000000000000432,0.09346545289741506,0.02451775734631332,0.0009199711621666101,0.000935058667390583,0.06201550387596899,0.0008979078746520607,0.05791505791505792,1.16988416988417,1.9606417048277514,fing_x_face,9,0.001,li_V>ri_V,2,LR-P2-N2,GP,main,0.0078122615814208984,0.0010774894495824729,0.05791505791505792,0.001122384843315076,0.05791505791505792
True,0.22472979177202523,0.0010000000000002028,0.2114872793534936,0.08916230995733429,0.0007798940526323182,0.001070792990076313,0.10852713178294573,0.0010774894495824729,0.08108108108108109,1.1003861003861004,1.1228786926461345,fing_x_face,9,0.001,li_V>ri_V,2,LR-P2-N2-rel,GP,main,0.008630752563476562,0.0014815479931759002,0.07722007722007722,0.001421687468199096,0.07335907335907337
True,0.10761632508718456,0.001000000000000105,0.0971730138457274,0.02468301183823088,0.0008710341206719205,0.0008898138931620064,0.06589147286821706,0.0007632216934542516,0.05791505791505792,1.1737451737451738,1.9608661817964144,fing_x_face,9,0.001,li_V>ri_V,2,LR-P1-N3,GP,main,0.00799870491027832,0.0009128730058962617,0.05791505791505792,0.0010176289246056687,0.05791505791505792
True,0.10210540453024222,0.0010000000000000198,0.09215374623517163,0.02468301183823088,0.0008710341206719205,0.0008898138931620064,0.06589147286821706,0.0007632216934542516,0.05791505791505792,1.1737451737451738,1.9608661817964144,fing_x_face,9,0.001,li_V>ri_V,2,NLS-N2,GP,main,0.008263826370239258,0.0009128730058962617,0.05791505791505792,0.0010176289246056687,0.05791505791505792
True,0.1066549260600506,0.001000000000000041,0.09634223741392357,0.02468301183823088,0.0008710341206719205,0.0008898138931620064,0.06589147286821706,0.0007632216934542516,0.05791505791505792,1.1737451737451738,1.9608661817964144,fing_x_face,9,0.001,li_V>ri_V,2,DE-N2,GP,main,0.008610963821411133,0.0009128730058962617,0.05791505791505792,0.0010176289246056687,0.05791505791505792
True,0.19308398416550843,0.0010000000000003617,0.17733398331734335,0.10969893636199747,0.0007355920768894276,0.0010858745814858383,0.12403100775193798,0.0010774894495824729,0.08494208494208494,1.0965250965250966,1.0593966059082338,fing_x_face,9,0.001,li_V>ri_V,2,MAXMONO-K3,GP,main,0.013997793197631836,0.0013618269432222922,0.08494208494208494,0.0014366525994432972,0.08494208494208494
True,,,,,,0.0007842427532953277,0.09302325581395349,0.00047888419981443237,0.08108108108108109,1.3436293436293436,1.9613001706024962,fing_x_face,9,0.001,li_V>ri_V,2,S1-Marcialis,rule,main,0.0014629364013671875,,,,
True,,,,,,0.0007842427532953277,0.09302325581395349,0.00047888419981443237,0.08108108108108109,1.3436293436293436,1.9613001706024962,fing_x_face,9,0.001,li_V>ri_V,2,S2-Symmetric,rule,main,0.008208990097045898,,,,
True,,,,,,0.0009501402588001085,0.06201550387596899,0.001122384843315076,0.05791505791505792,1.1583011583011582,1.8486725928586394,fing_x_face,9,0.001,li_V>ri_V,2,S4-Direct,rule,main,0.3785591125488281,,,,
False,,,,,,,,,,,,fing_x_face,9,0.001,ri_V>face_C,2,HYP,GP,main,0.008995294570922852,,,,
True,0.07267844522073115,0.0010000000000003778,0.06431428791802278,0.027402199387056066,0.0009392865897674737,0.0011612825385334661,0.023255813953488372,0.0005088144623028344,0.03088803088803089,1.1235521235521235,1.638771662027476,fing_x_face,9,0.001,ri_V>face_C,2,MONO,GP,main,0.015749216079711914,0.0006285355122564425,0.023166023166023165,0.0007632216934542516,0.03088803088803089
True,0.07968775144352887,0.0010000000000000091,0.07251037115045947,0.04957634757526591,0.0008013250336024074,0.0011763641299429915,0.050387596899224806,0.0006883960372332465,0.05019305019305019,1.0926640926640927,1.075334470683308,fing_x_face,9,0.001,ri_V>face_C,2,MONO-rel,GP,main,0.011767864227294922,0.0008230822184310556,0.04247104247104247,0.0008829427434078596,0.04633204633204633
True,0.07026679577560926,0.0010000000000001557,0.062489615186999366,0.027402199387056066,0.0008700569765719623,0.0010557113986667873,0.023255813953488372,0.00046391906857023134,0.03088803088803089,1.1235521235521235,1.638771662027476,fing_x_face,9,0.001,ri_V>face_C,2,LR-P1-N2,GP,main,0.012487173080444336,0.0005986052497680404,0.023166023166023165,0.0007033611684774476,0.03088803088803089
True,0.07980521113212735,0.0010000000000000447,0.0727300814800382,0.04957634757526591,0.0008063472267421304,0.0011763641299429915,0.050387596899224806,0.0006883960372332465,0.05019305019305019,1.0926640926640927,1.075334470683308,fing_x_face,9,0.001,ri_V>face_C,2,LR-P1-N2-rel,GP,main,0.00935220718383789,0.0008230822184310556,0.04247104247104247,0.0008979078746520607,0.04633204633204633
True,0.07282905903453721,0.0010000000000000464,0.0641680592961992,0.027852893455922123,0.0008304971976030674,0.0010104666244382108,0.023255813953488372,0.00046391906857023134,0.03088803088803089,1.1235521235521235,1.638771662027476,fing_x_face,9,0.001,ri_V>face_C,2,LR-P2-N2,GP,main,0.01082754135131836,0.0005986052497680404,0.023166023166023165,0.0007033611684774476,0.03088803088803089
True,0.0881147027709557,0.0010000000000002854,0.08099847267444321,0.052821344871101496,0.0008866595555505679,0.0012517720869906193,0.05426356589147287,0.0007332914309658496,0.05019305019305019,1.0888030888030888,1.0530364251294484,fing_x_face,9,0.001,ri_V>face_C,2,LR-P2-N2-rel,GP,main,0.008598566055297852,0.0010625243183382718,0.04633204633204633,0.0010774894495824729,0.04247104247104247
True,0.07027279234531549,0.0010000000000001744,0.06249971523302897,0.027402199387056066,0.0008700569765719623,0.0010557113986667873,0.023255813953488372,0.00046391906857023134,0.03088803088803089,1.1235521235521235,1.638771662027476,fing_x_face,9,0.001,ri_V>face_C,2,LR-P1-N3,GP,main,0.011168479919433594,0.0005986052497680404,0.023166023166023165,0.0007033611684774476,0.03088803088803089
True,0.07194794328047244,0.001000000000000035,0.06406759742813656,0.029881016765819363,0.0009133067482630148,0.0011462009471239405,0.027131782945736434,0.0005237795935470355,0.03474903474903475,1.1196911196911197,1.4680344796623865,fing_x_face,9,0.001,ri_V>face_C,2,NLS-N2,GP,main,0.00994110107421875,0.0006734309059890455,0.02702702702702703,0.0008679776121636587,0.03474903474903475
True,0.07090858174156747,0.0010000000000000234,0.06287769742889307,0.027402199387056066,0.0008502770870875512,0.0010406298072572619,0.023255813953488372,0.00046391906857023134,0.03088803088803089,1.1235521235521235,1.638771662027476,fing_x_face,9,0.001,ri_V>face_C,2,DE-N2,GP,main,0.010950088500976562,0.0005986052497680404,0.023166023166023165,0.0007033611684774476,0.03088803088803089
True,0.13454931652500685,0.0010000000000001397,0.12826347951696898,0.07337299441139354,0.0008219289903760351,0.0011763641299429915,0.06976744186046512,0.0007183262997216486,0.05405405405405406,1.0810810810810811,1.0133040016760948,fing_x_face,9,0.001,ri_V>face_C,2,MAXMONO-K3,GP,main,0.011153936386108398,0.0008979078746520607,0.05019305019305019,0.0009128730058962617,0.05019305019305019
True,,,,,,0.0009953850330286851,0.01937984496124031,0.00047888419981443237,0.03088803088803089,1.166023166023166,2.0,fing_x_face,9,0.001,ri_V>face_C,2,S1-Marcialis,rule,main,0.0013022422790527344,,,,
True,,,,,,0.0009953850330286851,0.01937984496124031,0.00047888419981443237,0.03088803088803089,1.166023166023166,2.0,fing_x_face,9,0.001,ri_V>face_C,2,S2-Symmetric,rule,main,0.007744550704956055,,,,
True,,,,,,0.0009953850330286851,0.015503875968992248,0.0005088144623028344,0.03088803088803089,1.135135135135135,1.9411571039478017,fing_x_face,9,0.001,ri_V>face_C,2,S4-Direct,rule,main,0.3821699619293213,,,,
False,,,,,,,,,,,,fing_x_face,9,0.001,ri_V>face_G,2,HYP,GP,main,0.015805721282958984,,,,
True,0.07949361467509074,0.0010000000000005686,0.0685589313869889,0.040337119163511806,0.0007383979543610921,0.0009501402588001085,0.03488372093023256,0.0008380473496752566,0.023166023166023165,1.1196911196911197,1.4680344796623865,fing_x_face,9,0.001,ri_V>face_G,2,MONO,GP,main,0.01409149169921875,0.0010625243183382718,0.023166023166023165,0.00118224536829188,0.023166023166023165
True,0.08223945458954335,0.001000000000000199,0.07411981483552649,0.05321194639745208,0.0007297587813613926,0.0008898138931620064,0.050387596899224806,0.0009278381371404627,0.04633204633204633,1.0926640926640927,1.075334470683308,fing_x_face,9,0.001,ri_V>face_G,2,MONO-rel,GP,main,0.009502410888671875,0.0011523151058034779,0.04633204633204633,0.0010774894495824729,0.03861003861003861
True,0.0789575224700632,0.0010000000000000074,0.06805908888125045,0.037317468902109255,0.0008601670318297567,0.001070792990076313,0.031007751937984496,0.0009876986621172668,0.019305019305019305,1.1235521235521235,1.638771662027476,fing_x_face,9,0.001,ri_V>face_G,2,LR-P1-N2,GP,main,0.014913320541381836,0.001257071024512885,0.015444015444015444,0.001376792074466493,0.019305019305019305
True,0.0824328717598219,0.0010000000000000855,0.07442957354693708,0.05321194639745208,0.0007347809745011156,0.0008898138931620064,0.050387596899224806,0.0009278381371404627,0.04633204633204633,1.0926640926640927,1.075334470683308,fing_x_face,9,0.001,ri_V>face_G,2,LR-P1-N2-rel,GP,main,0.011350393295288086,0.0011523151058034779,0.04633204633204633,0.0010774894495824729,0.03861003861003861
True,0.07997526989097602,0.0010000000000001468,0.06826853754909096,0.03124812210804639,0.0009499173534886811,0.0009501402588001085,0.01937984496124031,0.0009876986621172668,0.011583011583011582,1.111969111969112,1.9997605579000928,fing_x_face,9,0.001,ri_V>face_G,2,LR-P2-N2,GP,main,0.011428594589233398,0.0010625243183382718,0.011583011583011582,0.00118224536829188,0.011583011583011582
True,0.0904475287595326,0.0010000000000005812,0.08233403696462546,0.05439877411213269,0.0007686052633336146,0.0009803034416191597,0.046511627906976744,0.0008979078746520607,0.05019305019305019,1.0888030888030888,1.0530364251294484,fing_x_face,9,0.001,ri_V>face_G,2,LR-P2-N2-rel,GP,main,0.010587215423583984,0.0011523151058034779,0.05019305019305019,0.001137349974559277,0.04247104247104247
True,0.07895752248373665,0.0010000000000000065,0.0680590888739171,0.037317468902109255,0.0008601670318297567,0.001070792990076313,0.031007751937984496,0.0009876986621172668,0.019305019305019305,1.1235521235521235,1.638771662027476,fing_x_face,9,0.001,ri_V>face_G,2,LR-P1-N3,GP,main,0.014393806457519531,0.001257071024512885,0.015444015444015444,0.001376792074466493,0.019305019305019305
True,0.07763142296630514,0.001000000000000107,0.0676378563447666,0.03946577729703744,0.0007821251528365728,0.0009501402588001085,0.03488372093023256,0.0009577683996288647,0.023166023166023165,1.1196911196911197,1.4680344796623865,fing_x_face,9,0.001,ri_V>face_G,2,NLS-N2,GP,main,0.011731386184692383,0.001212175630780282,0.023166023166023165,0.001301966418245488,0.023166023166023165
True,0.07895341870513388,0.0010000000000332917,0.06803422102055433,0.037317468902109255,0.0008502770870875512,0.0010557113986667873,0.031007751937984496,0.0009428032683846638,0.019305019305019305,1.1235521235521235,1.638771662027476,fing_x_face,9,0.001,ri_V>face_G,2,DE-N2,GP,main,0.011379480361938477,0.001167280237047679,0.015444015444015444,0.0013618269432222922,0.019305019305019305
True,0.16726479192692462,0.0010000000000004949,0.1496687170539699,0.06809987380566072,0.0007362039292240334,0.0008144059361143788,0.06201550387596899,0.0007183262997216486,0.05405405405405406,1.054054054054054,1.0268624105833408,fing_x_face,9,0.001,ri_V>face_G,2,MAXMONO-K3,GP,main,0.018366575241088867,0.0008230822184310556,0.05405405405405406,0.0009428032683846638,0.05405405405405406
True,,,,,,0.0009953850330286851,0.03488372093023256,0.001376792074466493,0.023166023166023165,1.166023166023166,2.0,fing_x_face,9,0.001,ri_V>face_G,2,S1-Marcialis,rule,main,0.0021762847900390625,,,,
True,,,,,,0.0009953850330286851,0.03488372093023256,0.001376792074466493,0.023166023166023165,1.166023166023166,2.0,fing_x_face,9,0.001,ri_V>face_G,2,S2-Symmetric,rule,main,0.011781454086303711,,,,
True,,,,,,0.0009953850330286851,0.01937984496124031,0.0009278381371404627,0.015444015444015444,1.1003861003861004,1.9409176618478945,fing_x_face,9,0.001,ri_V>face_G,2,S4-Direct,rule,main,0.42168211936950684,,,,
False,,,,,,,,,,,,fing_x_face,9,0.001,ri_V>li_V,2,HYP,GP,main,0.012774944305419922,,,,
True,0.0762468700050601,0.001000000000000002,0.06582529147902008,0.02451775734631332,0.0009348421308022499,0.000935058667390583,0.06201550387596899,0.0008979078746520607,0.05791505791505792,1.111969111969112,1.9997605579000928,fing_x_face,9,0.001,ri_V>li_V,2,MONO,GP,main,0.00945734977722168,0.0010774894495824729,0.05791505791505792,0.001122384843315076,0.05791505791505792
True,0.09470140081766405,0.001000000000000169,0.08293690148956692,0.055255092842978186,0.0007394203618864919,0.0011462009471239405,0.07751937984496124,0.0009128730058962617,0.06563706563706563,1.0733590733590734,1.0752297147645984,fing_x_face,9,0.001,ri_V>li_V,2,MONO-rel,GP,main,0.009425640106201172,0.001227140762024483,0.06563706563706563,0.001257071024512885,0.06563706563706563
True,0.07383309529381672,0.0010000000000004088,0.06405433385351902,0.025479238026560904,0.0007840899039388238,0.0007842427532953277,0.06589147286821706,0.0006734309059890455,0.05791505791505792,1.111969111969112,1.9997605579000928,fing_x_face,9,0.001,ri_V>li_V,2,LR-P1-N2,GP,main,0.008393049240112305,0.0007632216934542516,0.05791505791505792,0.0008979078746520607,0.05791505791505792
True,0.095220701450698,0.00100000000000005,0.08360099523331277,0.055255092842978186,0.0007394203618864919,0.0011462009471239405,0.07751937984496124,0.0009128730058962617,0.06563706563706563,1.0733590733590734,1.0752297147645984,fing_x_face,9,0.001,ri_V>li_V,2,LR-P1-N2-rel,GP,main,0.009152889251708984,0.001227140762024483,0.06563706563706563,0.001257071024512885,0.06563706563706563
True,0.07468447690055326,0.0010000000000000057,0.06472932848732282,0.02451775734631332,0.0009348421308022499,0.000935058667390583,0.06201550387596899,0.0008979078746520607,0.05791505791505792,1.111969111969112,1.9997605579000928,fing_x_face,9,0.001,ri_V>li_V,2,LR-P2-N2,GP,main,0.008783578872680664,0.0010774894495824729,0.05791505791505792,0.001122384843315076,0.05791505791505792
True,0.1232197325903064,0.0010000000000000375,0.10783673373356231,0.07286220780001203,0.0007454576840110055,0.001131119355714415,0.08139534883720931,0.001287001287001287,0.07335907335907337,1.0810810810810811,1.0193050193050193,fing_x_face,9,0.001,ri_V>li_V,2,LR-P2-N2-rel,GP,main,0.008592844009399414,0.0016760946993505132,0.07335907335907337,0.0016012690431295082,0.07335907335907337
True,0.07326657319525721,0.0010000000000002392,0.06363457351764043,0.025479238026560904,0.0007840899039388238,0.0007842427532953277,0.06589147286821706,0.0006734309059890455,0.05791505791505792,1.111969111969112,1.9997605579000928,fing_x_face,9,0.001,ri_V>li_V,2,LR-P1-N3,GP,main,0.008049488067626953,0.0007632216934542516,0.05791505791505792,0.0008979078746520607,0.05791505791505792
True,0.0728921836511538,0.0010000000000002143,0.06366170141308934,0.025479238026560904,0.0007840899039388238,0.0007842427532953277,0.06589147286821706,0.0006734309059890455,0.05791505791505792,1.111969111969112,1.9997605579000928,fing_x_face,9,0.001,ri_V>li_V,2,NLS-N2,GP,main,0.008172035217285156,0.0007632216934542516,0.05791505791505792,0.0008979078746520607,0.05791505791505792
True,0.07331895020574575,0.0009999999999999948,0.06367099411294615,0.025479238026560904,0.0007840899039388238,0.0007842427532953277,0.06589147286821706,0.0006734309059890455,0.05791505791505792,1.111969111969112,1.9997605579000928,fing_x_face,9,0.001,ri_V>li_V,2,DE-N2,GP,main,0.008439064025878906,0.0007632216934542516,0.05791505791505792,0.0008979078746520607,0.05791505791505792
True,0.16953689882637266,0.00100000000000043,0.15385411322136175,0.07543116399254852,0.0008471095571208699,0.0012366904955810937,0.08527131782945736,0.0011074197120708748,0.07335907335907337,1.054054054054054,1.01310945496992,fing_x_face,9,0.001,ri_V>li_V,2,MAXMONO-K3,GP,main,0.012283802032470703,0.0015713387806411063,0.07335907335907337,0.001466582861931699,0.07335907335907337
True,,,,,,0.0007540795704762766,0.06976744186046512,0.0010325940558498698,0.0694980694980695,1.166023166023166,2.0,fing_x_face,9,0.001,ri_V>li_V,2,S1-Marcialis,rule,main,0.0012791156768798828,,,,
True,,,,,,0.0007540795704762766,0.06976744186046512,0.0010325940558498698,0.0694980694980695,1.166023166023166,2.0,fing_x_face,9,0.001,ri_V>li_V,2,S2-Symmetric,rule,main,0.007987260818481445,,,,
True,,,,,,0.000935058667390583,0.06201550387596899,0.001092454580826674,0.05791505791505792,1.135135135135135,1.9411571039478017,fing_x_face,9,0.001,ri_V>li_V,2,S4-Direct,rule,main,0.32341599464416504,,,,
False,,,,,,,,,,,,fing_x_face,9,0.001,face_C>face_G>li_V,3,HYP,GP,main,0.039392709732055664,,,,
True,0.052059309811985616,0.001000000000000677,0.046585455246262064,0.008454880981828294,0.0009221358160820936,0.0010255482158477362,0.015503875968992248,0.0010774894495824729,0.019305019305019305,1.4092664092664093,2.1288647451438147,fing_x_face,9,0.001,face_C>face_G>li_V,3,MONO,GP,main,0.021553993225097656,0.001167280237047679,0.019305019305019305,0.001212175630780282,0.02702702702702703
True,0.07206673784131273,0.0010000000000000926,0.0656171807782703,0.01567576859060628,0.0009567060125108572,0.0023828914427050344,0.01937984496124031,0.002184909161653348,0.05019305019305019,1.3397683397683398,1.1844452425847776,fing_x_face,9,0.001,face_C>face_G>li_V,3,MONO-rel,GP,main,0.018056154251098633,0.0023495256053395587,0.05019305019305019,0.002693723623956182,0.05019305019305019
True,0.055514626064009455,0.0010000000000003075,0.04971253698076408,0.008454880981828294,0.0009425993875791021,0.0010557113986667873,0.015503875968992248,0.0011074197120708748,0.019305019305019305,1.4054054054054055,2.128789919487594,fing_x_face,9,0.001,face_C>face_G>li_V,3,LR-P1-N2,GP,main,0.019811153411865234,0.001137349974559277,0.019305019305019305,0.001257071024512885,0.023166023166023165
True,0.07206673784131268,0.0010000000000000917,0.06561718077827025,0.01567576859060628,0.0009567060125108572,0.0023828914427050344,0.01937984496124031,0.002184909161653348,0.05019305019305019,1.3397683397683398,1.1844452425847776,fing_x_face,9,0.001,face_C>face_G>li_V,3,LR-P1-N2-rel,GP,main,0.017104148864746094,0.0023495256053395587,0.05019305019305019,0.002693723623956182,0.05019305019305019
True,0.060994393251573235,0.0010000000000009283,0.053231858816302144,0.008176254222199862,0.0009351212645729582,0.0010104666244382108,0.015503875968992248,0.0010774894495824729,0.019305019305019305,1.4092664092664093,2.1287599892251055,fing_x_face,9,0.001,face_C>face_G>li_V,3,LR-P2-N2,GP,main,0.01983928680419922,0.0010625243183382718,0.019305019305019305,0.001242105893268684,0.023166023166023165
True,0.0963348759077627,0.0010000000000001494,0.08735865434306711,0.036582849215699154,0.0009774300384504415,0.003363194884324194,0.04263565891472868,0.0027236538864445843,0.07335907335907337,1.2934362934362935,1.082188500793152,fing_x_face,9,0.001,face_C>face_G>li_V,3,LR-P2-N2-rel,GP,main,0.019783735275268555,0.0028583400676423934,0.0694980694980695,0.0031426775612822125,0.08108108108108109
True,0.0555994658986767,0.0010000000000034562,0.04983498507944002,0.008454880981828294,0.000957672655034391,0.001070792990076313,0.015503875968992248,0.0011074197120708748,0.019305019305019305,1.4054054054054055,2.128789919487594,fing_x_face,9,0.001,face_C>face_G>li_V,3,LR-P1-N3,GP,main,0.0245513916015625,0.0011523151058034779,0.019305019305019305,0.001257071024512885,0.023166023166023165
True,0.05121231327598507,0.0010000000000001184,0.04606123050274541,0.008454880981828294,0.0009372088561310082,0.0010406298072572619,0.015503875968992248,0.001122384843315076,0.019305019305019305,1.4054054054054055,2.12877495435635,fing_x_face,9,0.001,face_C>face_G>li_V,3,NLS-N2,GP,main,0.02016448974609375,0.0011972104995360809,0.019305019305019305,0.001257071024512885,0.023166023166023165
True,0.052029280656533825,0.0010000000000009862,0.046617894726707354,0.008454880981828294,0.0009425993875791021,0.0010557113986667873,0.015503875968992248,0.0011074197120708748,0.019305019305019305,1.4054054054054055,2.128789919487594,fing_x_face,9,0.001,face_C>face_G>li_V,3,DE-N2,GP,main,0.019165754318237305,0.001137349974559277,0.019305019305019305,0.001257071024512885,0.023166023166023165
False,,,,,,,,,,,,fing_x_face,9,0.001,face_C>face_G>li_V,3,MAXMONO-K3,GP,main,0.21474051475524902,,,,
True,,,,,,0.0009501402588001085,0.03875968992248062,0.001212175630780282,0.03861003861003861,1.9227799227799227,2.1299571997246414,fing_x_face,9,0.001,face_C>face_G>li_V,3,S1-Marcialis,rule,main,0.0049855709075927734,,,,
True,,,,,,0.0009501402588001085,0.03875968992248062,0.001212175630780282,0.03861003861003861,1.9227799227799227,2.1299571997246414,fing_x_face,9,0.001,face_C>face_G>li_V,3,S2-Symmetric,rule,main,0.06851458549499512,,,,
False,,,,,,,,,,,,fing_x_face,9,0.001,face_C>face_G>li_V,3,S4-Direct,rule,main,6.67572021484375e-06,,,,
False,,,,,,,,,,,,fing_x_face,9,0.001,face_C>face_G>ri_V,3,HYP,GP,main,0.03520321846008301,,,,
True,0.046173066173500865,0.0010000000000003138,0.042362734878827704,0.005052257220305317,0.0009507521602026728,0.0010858745814858383,0.011627906976744186,0.0008829427434078596,0.019305019305019305,1.4054054054054055,2.1287450240938615,fing_x_face,9,0.001,face_C>face_G>ri_V,3,MONO,GP,main,0.023614883422851562,0.0008979078746520607,0.015444015444015444,0.0010774894495824729,0.019305019305019305
True,0.056065452317793425,0.0010000000000001245,0.05252681307965057,0.009324010138403841,0.0009697773314146087,0.0017494646035049618,0.01937984496124031,0.0016760946993505132,0.023166023166023165,1.3745173745173744,1.4079494777169195,fing_x_face,9,0.001,face_C>face_G>ri_V,3,MONO-rel,GP,main,0.024809598922729492,0.0017658854868157193,0.023166023166023165,0.0019903624554787345,0.03088803088803089
True,0.0508826760343902,0.001000000000000732,0.04658301620355561,0.005052257220305317,0.0009561445532668831,0.0010858745814858383,0.011627906976744186,0.0008979078746520607,0.019305019305019305,1.4054054054054055,2.128715093831373,fing_x_face,9,0.001,face_C>face_G>ri_V,3,LR-P1-N2,GP,main,0.02359175682067871,0.0008979078746520607,0.015444015444015444,0.0010774894495824729,0.019305019305019305
True,0.056454246120245785,0.0010000000000000074,0.052853222922051704,0.009870724171037352,0.0009515166941071883,0.0017343830120954363,0.023255813953488372,0.0016461644368621112,0.02702702702702703,1.3706563706563706,1.3932836490976026,fing_x_face,9,0.001,face_C>face_G>ri_V,3,LR-P1-N2-rel,GP,main,0.019056081771850586,0.0017658854868157193,0.023166023166023165,0.0019753973242345336,0.03088803088803089
True,0.05576567373217264,0.00100000000000098,0.04996897663148751,0.005655511813774609,0.000958357002958132,0.0010557113986667873,0.011627906976744186,0.0007332914309658496,0.019305019305019305,1.393822393822394,2.1288647451438147,fing_x_face,9,0.001,face_C>face_G>ri_V,3,LR-P2-N2,GP,main,0.020853042602539062,0.0007183262997216486,0.015444015444015444,0.0009876986621172668,0.019305019305019305
True,0.06834725540520263,0.0010000000000008147,0.06435130143445786,0.012414117741321635,0.000957781387725775,0.0023979730341145596,0.023255813953488372,0.0021998742928975488,0.03861003861003861,1.3436293436293436,1.2052018796204842,fing_x_face,9,0.001,face_C>face_G>ri_V,3,LR-P2-N2-rel,GP,main,0.018497705459594727,0.002319595342851157,0.03861003861003861,0.002574002574002574,0.04633204633204633
True,0.05125757778332947,0.0010000000001289735,0.04692536847706933,0.005052257220305317,0.0009561445532668831,0.0010858745814858383,0.011627906976744186,0.0008979078746520607,0.019305019305019305,1.4054054054054055,2.128715093831373,fing_x_face,9,0.001,face_C>face_G>ri_V,3,LR-P1-N3,GP,main,0.019320011138916016,0.0008979078746520607,0.015444015444015444,0.0010774894495824729,0.019305019305019305
True,0.04625087493663027,0.0010000000000004274,0.04244505164175785,0.005149791143477234,0.000978416999454949,0.0011160377643048894,0.011627906976744186,0.0008530124809194577,0.015444015444015444,1.4092664092664093,2.1288198497500823,fing_x_face,9,0.001,face_C>face_G>ri_V,3,NLS-N2,GP,main,0.0328366756439209,0.0009428032683846638,0.015444015444015444,0.0010176289246056687,0.019305019305019305
True,0.047560075705142715,0.0010000000000002667,0.0435408810927905,0.005052257220305317,0.0009507521602026728,0.0010858745814858383,0.011627906976744186,0.0008829427434078596,0.019305019305019305,1.4054054054054055,2.1287450240938615,fing_x_face,9,0.001,face_C>face_G>ri_V,3,DE-N2,GP,main,0.03827381134033203,0.0008979078746520607,0.015444015444015444,0.0010774894495824729,0.019305019305019305
False,,,,,,,,,,,,fing_x_face,9,0.001,face_C>face_G>ri_V,3,MAXMONO-K3,GP,main,0.3321037292480469,,,,
True,,,,,,0.0006485084306095979,0.031007751937984496,0.0005387447247912364,0.03088803088803089,1.9227799227799227,2.1299571997246414,fing_x_face,9,0.001,face_C>face_G>ri_V,3,S1-Marcialis,rule,main,0.004502773284912109,,,,
True,,,,,,0.0006485084306095979,0.031007751937984496,0.0005387447247912364,0.03088803088803089,1.9227799227799227,2.1299571997246414,fing_x_face,9,0.001,face_C>face_G>ri_V,3,S2-Symmetric,rule,main,0.05924630165100098,,,,
False,,,,,,,,,,,,fing_x_face,9,0.001,face_C>face_G>ri_V,3,S4-Direct,rule,main,5.4836273193359375e-06,,,,
False,,,,,,,,,,,,fing_x_face,9,0.001,face_C>li_V>face_G,3,HYP,GP,main,0.01746678352355957,,,,
True,0.055555205391037005,0.0010000000000008715,0.048569414366597244,0.014116157487181424,0.0009223416985726414,0.001070792990076313,0.015503875968992248,0.0009727335308730657,0.019305019305019305,1.2432432432432432,1.7568166172817337,fing_x_face,9,0.001,face_C>li_V>face_G,3,MONO,GP,main,0.018728017807006836,0.001047559187094071,0.019305019305019305,0.001167280237047679,0.023166023166023165
True,0.0846979014797557,0.0010000000000003387,0.07596242698981999,0.01951027838685529,0.0008899304226207291,0.0015232407323620789,0.01937984496124031,0.0015264433869085032,0.03474903474903475,1.22007722007722,1.1608452306126724,fing_x_face,9,0.001,face_C>li_V>face_G,3,MONO-rel,GP,main,0.016644001007080078,0.0016461644368621112,0.03088803088803089,0.0019753973242345336,0.03474903474903475
True,0.05951775975731498,0.001000000000000176,0.051796971084888635,0.014484573685335884,0.0009159254821987729,0.0010557113986667873,0.01937984496124031,0.0008979078746520607,0.019305019305019305,1.2393822393822393,1.7568764778067103,fing_x_face,9,0.001,face_C>li_V>face_G,3,LR-P1-N2,GP,main,0.018865346908569336,0.0010026637933614679,0.019305019305019305,0.001092454580826674,0.023166023166023165
True,0.08469790147975532,0.0010000000000003476,0.07596242698981964,0.01951027838685529,0.0008899304226207291,0.0015232407323620789,0.01937984496124031,0.0015264433869085032,0.03474903474903475,1.22007722007722,1.1608452306126724,fing_x_face,9,0.001,face_C>li_V>face_G,3,LR-P1-N2-rel,GP,main,0.01886749267578125,0.0016461644368621112,0.03088803088803089,0.0019753973242345336,0.03474903474903475
True,0.06032584311472787,0.0010000000000002346,0.05229477266990748,0.008350767158167764,0.0009426675167889623,0.0009803034416191597,0.015503875968992248,0.0010774894495824729,0.019305019305019305,1.250965250965251,2.1098590284636796,fing_x_face,9,0.001,face_C>li_V>face_G,3,LR-P2-N2,GP,main,0.019376754760742188,0.001122384843315076,0.019305019305019305,0.0013169315494896891,0.023166023166023165
True,0.12031618252049213,0.0010000000000002748,0.10962770312138082,0.03933685783082692,0.0009411736366963231,0.002352728259885983,0.04263565891472868,0.0018706414055251264,0.06177606177606178,1.2007722007722008,1.055610427703451,fing_x_face,9,0.001,face_C>li_V>face_G,3,LR-P2-N2-rel,GP,main,0.015245437622070312,0.0021100835054323427,0.06177606177606178,0.002499176917781569,0.07335907335907337
True,0.06036857523312153,0.0010000000000000384,0.05236184009771016,0.014484573685335884,0.000938543273592533,0.0010858745814858383,0.01937984496124031,0.0008979078746520607,0.019305019305019305,1.2393822393822393,1.7568764778067103,fing_x_face,9,0.001,face_C>li_V>face_G,3,LR-P1-N3,GP,main,0.021584033966064453,0.0010026637933614679,0.019305019305019305,0.001092454580826674,0.023166023166023165
True,0.055910570758695474,0.0010000000000001245,0.04881166513773187,0.01430790626867702,0.0009259914226863968,0.0010557113986667873,0.01937984496124031,0.0009128730058962617,0.019305019305019305,1.2432432432432432,1.7568764778067103,fing_x_face,9,0.001,face_C>li_V>face_G,3,NLS-N2,GP,main,0.02814769744873047,0.001047559187094071,0.019305019305019305,0.0011972104995360809,0.023166023166023165
True,0.05672029769592805,0.0010000000000009693,0.04920055036410189,0.014484573685335884,0.0009310011464840399,0.001070792990076313,0.01937984496124031,0.0008979078746520607,0.019305019305019305,1.2393822393822393,1.7568764778067103,fing_x_face,9,0.001,face_C>li_V>face_G,3,DE-N2,GP,main,0.019438743591308594,0.0010026637933614679,0.019305019305019305,0.001092454580826674,0.023166023166023165
False,,,,,,,,,,,,fing_x_face,9,0.001,face_C>li_V>face_G,3,MAXMONO-K3,GP,main,0.10684013366699219,,,,
True,,,,,,0.0009953850330286851,0.050387596899224806,0.0014067223369548952,0.06177606177606178,1.7413127413127414,2.1764837927628626,fing_x_face,9,0.001,face_C>li_V>face_G,3,S1-Marcialis,rule,main,0.004872322082519531,,,,
True,,,,,,0.0009953850330286851,0.050387596899224806,0.0014067223369548952,0.06177606177606178,1.7413127413127414,2.1764837927628626,fing_x_face,9,0.001,face_C>li_V>face_G,3,S2-Symmetric,rule,main,0.03558945655822754,,,,
False,,,,,,,,,,,,fing_x_face,9,0.001,face_C>li_V>face_G,3,S4-Direct,rule,main,4.0531158447265625e-06,,,,
False,,,,,,,,,,,,fing_x_face,9,0.001,face_C>li_V>ri_V,3,HYP,GP,main,0.03495168685913086,,,,
True,0.04865614438280257,0.001000000000000018,0.0439594136886985,0.004147375330101379,0.0009658092587190332,0.0010104666244382108,0.011627906976744186,0.0007183262997216486,0.015444015444015444,1.2432432432432432,2.17540630331328,fing_x_face,9,0.001,face_C>li_V>ri_V,3,MONO,GP,main,0.021792888641357422,0.0007033611684774476,0.015444015444015444,0.0008829427434078596,0.019305019305019305
True,0.0722902991229149,0.0010000000000004773,0.06593666173887028,0.007527639075804646,0.0009395502952648918,0.001100956172895364,0.011627906976744186,0.0007183262997216486,0.02702702702702703,1.2393822393822393,1.368381670707252,fing_x_face,9,0.001,face_C>li_V>ri_V,3,MONO-rel,GP,main,0.01928114891052246,0.0008230822184310556,0.02702702702702703,0.0008380473496752566,0.02702702702702703
True,0.053434560249704076,0.0010000000000493225,0.048037793811537874,0.004255390510688786,0.0009819954639467988,0.0010255482158477362,0.007751937984496124,0.0006285355122564425,0.015444015444015444,1.2393822393822393,2.1754960941007453,fing_x_face,9,0.001,face_C>li_V>ri_V,3,LR-P1-N2,GP,main,0.03939223289489746,0.0006435006435006435,0.015444015444015444,0.0008081170871868546,0.019305019305019305
True,0.07288115663019762,0.001000000000000312,0.06641590135686687,0.007527639075804646,0.0009334635612535307,0.001100956172895364,0.011627906976744186,0.0007183262997216486,0.02702702702702703,1.2393822393822393,1.3615426057286522,fing_x_face,9,0.001,face_C>li_V>ri_V,3,LR-P1-N2-rel,GP,main,0.020548105239868164,0.0008081170871868546,0.02702702702702703,0.0008380473496752566,0.02702702702702703
True,0.05366509603581271,0.0010000000000003112,0.048287482683417544,0.004147375330101379,0.0009808848136130936,0.0010255482158477362,0.011627906976744186,0.0007183262997216486,0.015444015444015444,1.2393822393822393,2.17540630331328,fing_x_face,9,0.001,face_C>li_V>ri_V,3,LR-P2-N2,GP,main,0.02741217613220215,0.0007033611684774476,0.015444015444015444,0.0008829427434078596,0.019305019305019305
True,0.10542349968814574,0.00100000000000001,0.09728818435259617,0.032964253322209223,0.0008860215767099599,0.0011763641299429915,0.03875968992248062,0.0006734309059890455,0.05019305019305019,1.2162162162162162,1.1047259884469187,fing_x_face,9,0.001,face_C>li_V>ri_V,3,LR-P2-N2-rel,GP,main,0.01808333396911621,0.0007332914309658496,0.05019305019305019,0.0007632216934542516,0.06177606177606178
True,0.054419684334738656,0.001000000000000137,0.0487494833561331,0.004741720854767504,0.000987732433720354,0.0010255482158477362,0.011627906976744186,0.0006285355122564425,0.015444015444015444,1.2355212355212355,2.1754960941007453,fing_x_face,9,0.001,face_C>li_V>ri_V,3,LR-P1-N3,GP,main,0.02043461799621582,0.0006584657747448446,0.015444015444015444,0.0008230822184310556,0.019305019305019305
True,0.04951702491276752,0.0010000000000000456,0.04451221231391331,0.004373595802652364,0.0009367667525763764,0.0009803034416191597,0.011627906976744186,0.0006285355122564425,0.015444015444015444,1.2432432432432432,2.1754960941007453,fing_x_face,9,0.001,face_C>li_V>ri_V,3,NLS-N2,GP,main,0.02035212516784668,0.0006435006435006435,0.015444015444015444,0.0007931519559426536,0.019305019305019305
True,0.05060824305204617,0.0010000000000769654,0.04538249872497043,0.004255390510688786,0.0009819954639467988,0.0010255482158477362,0.007751937984496124,0.0006285355122564425,0.015444015444015444,1.2393822393822393,2.1754960941007453,fing_x_face,9,0.001,face_C>li_V>ri_V,3,DE-N2,GP,main,0.019641399383544922,0.0006435006435006435,0.015444015444015444,0.0008081170871868546,0.019305019305019305
False,,,,,,,,,,,,fing_x_face,9,0.001,face_C>li_V>ri_V,3,MAXMONO-K3,GP,main,0.029793977737426758,,,,
True,,,,,,0.0007691611618858022,0.03875968992248062,0.0006135703810122415,0.05019305019305019,1.7413127413127414,2.1764837927628626,fing_x_face,9,0.001,face_C>li_V>ri_V,3,S1-Marcialis,rule,main,0.0045931339263916016,,,,
True,,,,,,0.0007691611618858022,0.03875968992248062,0.0006135703810122415,0.05019305019305019,1.7413127413127414,2.1764837927628626,fing_x_face,9,0.001,face_C>li_V>ri_V,3,S2-Symmetric,rule,main,0.03361940383911133,,,,
False,,,,,,,,,,,,fing_x_face,9,0.001,face_C>li_V>ri_V,3,S4-Direct,rule,main,5.0067901611328125e-06,,,,
False,,,,,,,,,,,,fing_x_face,9,0.001,face_C>ri_V>face_G,3,HYP,GP,main,0.02381730079650879,,,,
True,0.04515085360147653,0.0010000000000028185,0.04070445171748535,0.007329543310651892,0.0009345556820465374,0.0011914457213525172,0.011627906976744186,0.0008530124809194577,0.015444015444015444,1.2548262548262548,1.7380952380952381,fing_x_face,9,0.001,face_C>ri_V>face_G,3,MONO,GP,main,0.021297931671142578,0.0008230822184310556,0.011583011583011582,0.0010176289246056687,0.015444015444015444
True,0.053727412065904916,0.001000000000000088,0.04871504497015014,0.011908804675479306,0.0009274755264660327,0.0012366904955810937,0.011627906976744186,0.0009727335308730657,0.023166023166023165,1.250965250965251,1.5563137888719285,fing_x_face,9,0.001,face_C>ri_V>face_G,3,MONO-rel,GP,main,0.018237829208374023,0.0009577683996288647,0.019305019305019305,0.001122384843315076,0.023166023166023165
True,0.0495048035741879,0.00100000000000071,0.044814358688999606,0.006463442072885266,0.0009826503035368205,0.0012970168612191958,0.011627906976744186,0.0009128730058962617,0.015444015444015444,1.2548262548262548,1.7981203795157283,fing_x_face,9,0.001,face_C>ri_V>face_G,3,LR-P1-N2,GP,main,0.024236202239990234,0.0009278381371404627,0.011583011583011582,0.001212175630780282,0.015444015444015444
True,0.053940310513008176,0.0010000000000007418,0.048991304907539265,0.011908804675479306,0.0009122304887112377,0.0012216089041715682,0.011627906976744186,0.0009577683996288647,0.023166023166023165,1.250965250965251,1.5208015324294395,fing_x_face,9,0.001,face_C>ri_V>face_G,3,LR-P1-N2-rel,GP,main,0.019238710403442383,0.0009577683996288647,0.019305019305019305,0.0011074197120708748,0.023166023166023165
True,0.04947819820554162,0.0010000000000003387,0.044558096080824484,0.005875268844252709,0.0009341629188830264,0.001100956172895364,0.011627906976744186,0.0007781868246984526,0.019305019305019305,1.2586872586872586,2.0855706204543414,fing_x_face,9,0.001,face_C>ri_V>face_G,3,LR-P2-N2,GP,main,0.025522470474243164,0.0008230822184310556,0.015444015444015444,0.0010026637933614679,0.019305019305019305
True,0.06637215021575037,0.0010000000000000358,0.060765072255171235,0.010873256442828933,0.0009367426686661599,0.0015684855065906554,0.007751937984496124,0.0011972104995360809,0.03088803088803089,1.2277992277992278,1.2337104546406872,fing_x_face,9,0.001,face_C>ri_V>face_G,3,LR-P2-N2-rel,GP,main,0.024957656860351562,0.0013917572057106941,0.02702702702702703,0.0014815479931759002,0.02702702702702703
True,0.049878932018876006,0.0010000000000017723,0.0451597476686076,0.006463442072885266,0.0009826503035368205,0.0012970168612191958,0.011627906976744186,0.0009128730058962617,0.015444015444015444,1.2548262548262548,1.7981203795157283,fing_x_face,9,0.001,face_C>ri_V>face_G,3,LR-P1-N3,GP,main,0.027497529983520508,0.0009278381371404627,0.011583011583011582,0.001212175630780282,0.015444015444015444
True,0.044867059212464755,0.0010000000000005332,0.04055849138075132,0.007208892391958034,0.0009184460092449881,0.0011612825385334661,0.011627906976744186,0.0008979078746520607,0.015444015444015444,1.2586872586872586,1.7381251683577266,fing_x_face,9,0.001,face_C>ri_V>face_G,3,NLS-N2,GP,main,0.0311431884765625,0.0009278381371404627,0.011583011583011582,0.001047559187094071,0.015444015444015444
True,0.04608478742936628,0.0010000000000000625,0.04162960793744909,0.006463442072885266,0.000979319685060964,0.0012819352698096704,0.011627906976744186,0.0008829427434078596,0.015444015444015444,1.2548262548262548,1.7981203795157283,fing_x_face,9,0.001,face_C>ri_V>face_G,3,DE-N2,GP,main,0.02422189712524414,0.0008829427434078596,0.011583011583011582,0.001212175630780282,0.015444015444015444
False,,,,,,,,,,,,fing_x_face,9,0.001,face_C>ri_V>face_G,3,MAXMONO-K3,GP,main,0.18325471878051758,,,,
True,,,,,,0.0009953850330286851,0.031007751937984496,0.0013917572057106941,0.02702702702702703,1.6563706563706564,2.1989763850228967,fing_x_face,9,0.001,face_C>ri_V>face_G,3,S1-Marcialis,rule,main,0.006453275680541992,,,,
True,,,,,,0.0009953850330286851,0.031007751937984496,0.0013917572057106941,0.02702702702702703,1.6563706563706564,2.1989763850228967,fing_x_face,9,0.001,face_C>ri_V>face_G,3,S2-Symmetric,rule,main,0.044306278228759766,,,,
False,,,,,,,,,,,,fing_x_face,9,0.001,face_C>ri_V>face_G,3,S4-Direct,rule,main,6.67572021484375e-06,,,,
False,,,,,,,,,,,,fing_x_face,9,0.001,face_C>ri_V>li_V,3,HYP,GP,main,0.06228899955749512,,,,
True,0.044324798872054906,0.0010000000000004727,0.04005918741187836,0.004147375330101379,0.0009250156784809547,0.0009652218502096341,0.011627906976744186,0.0007033611684774476,0.015444015444015444,1.2548262548262548,2.198123372541977,fing_x_face,9,0.001,face_C>ri_V>li_V,3,MONO,GP,main,0.026272296905517578,0.0007033611684774476,0.015444015444015444,0.0008230822184310556,0.019305019305019305
True,0.058863382700244195,0.0010000000000010927,0.05228896482124248,0.01212681482972149,0.0008725514817728114,0.0011462009471239405,0.011627906976744186,0.0006285355122564425,0.023166023166023165,1.2432432432432432,1.4442548861153512,fing_x_face,9,0.001,face_C>ri_V>li_V,3,MONO-rel,GP,main,0.018643617630004883,0.0008380473496752566,0.023166023166023165,0.0008530124809194577,0.023166023166023165
True,0.048232009980078365,0.0010000000000000304,0.0439344940409051,0.004147375330101379,0.0009551665800111616,0.0009953850330286851,0.011627906976744186,0.0007033611684774476,0.015444015444015444,1.2548262548262548,2.198123372541977,fing_x_face,9,0.001,face_C>ri_V>li_V,3,LR-P1-N2,GP,main,0.01937723159790039,0.0007033611684774476,0.015444015444015444,0.0008380473496752566,0.019305019305019305
True,0.059147880158089,0.0010000000000000224,0.05266195351115038,0.011669832006406144,0.0008981681513390342,0.0012366904955810937,0.011627906976744186,0.0006883960372332465,0.023166023166023165,1.2432432432432432,1.4237227260483074,fing_x_face,9,0.001,face_C>ri_V>li_V,3,LR-P1-N2-rel,GP,main,0.023806095123291016,0.0009128730058962617,0.023166023166023165,0.0009727335308730657,0.023166023166023165
True,0.048188364233842165,0.001000000000124068,0.043785018105256826,0.004147375330101379,0.0009250156784809547,0.0009652218502096341,0.011627906976744186,0.0007033611684774476,0.015444015444015444,1.2548262548262548,2.198123372541977,fing_x_face,9,0.001,face_C>ri_V>li_V,3,LR-P2-N2,GP,main,0.022717714309692383,0.0007033611684774476,0.015444015444015444,0.0008230822184310556,0.019305019305019305
True,0.08107038975960273,0.0010000000000000163,0.07200484424957537,0.016525623879378896,0.0009224019048801543,0.0015081591409525533,0.015503875968992248,0.0008679776121636587,0.03474903474903475,1.223938223938224,1.1486336835174045,fing_x_face,9,0.001,face_C>ri_V>li_V,3,LR-P2-N2-rel,GP,main,0.01912522315979004,0.0009428032683846638,0.03474903474903475,0.001092454580826674,0.03861003861003861
True,0.04843529753144234,0.0010000000000010766,0.04416894347950526,0.004147375330101379,0.0009702420307762097,0.0010104666244382108,0.011627906976744186,0.0007183262997216486,0.015444015444015444,1.250965250965251,2.1980934422794887,fing_x_face,9,0.001,face_C>ri_V>li_V,3,LR-P1-N3,GP,main,0.019964933395385742,0.0007033611684774476,0.015444015444015444,0.0008829427434078596,0.019305019305019305
True,0.04357169982386843,0.0010000000000000855,0.03958217954914554,0.004147375330101379,0.0009250156784809547,0.0009652218502096341,0.011627906976744186,0.0007033611684774476,0.015444015444015444,1.2548262548262548,2.198123372541977,fing_x_face,9,0.001,face_C>ri_V>li_V,3,NLS-N2,GP,main,0.023326396942138672,0.0007033611684774476,0.015444015444015444,0.0008230822184310556,0.019305019305019305
True,0.04462987930324251,0.0010000000000002756,0.04060585276835066,0.004147375330101379,0.0009551665800111616,0.0009953850330286851,0.011627906976744186,0.0007033611684774476,0.015444015444015444,1.2548262548262548,2.198123372541977,fing_x_face,9,0.001,face_C>ri_V>li_V,3,DE-N2,GP,main,0.031374454498291016,0.0007033611684774476,0.015444015444015444,0.0008380473496752566,0.019305019305019305
False,,,,,,,,,,,,fing_x_face,9,0.001,face_C>ri_V>li_V,3,MAXMONO-K3,GP,main,0.08913469314575195,,,,
True,,,,,,0.0007691611618858022,0.027131782945736434,0.0009577683996288647,0.04633204633204633,1.6563706563706564,2.1989763850228967,fing_x_face,9,0.001,face_C>ri_V>li_V,3,S1-Marcialis,rule,main,0.004665851593017578,,,,
True,,,,,,0.0007691611618858022,0.027131782945736434,0.0009577683996288647,0.04633204633204633,1.6563706563706564,2.1989763850228967,fing_x_face,9,0.001,face_C>ri_V>li_V,3,S2-Symmetric,rule,main,0.03428363800048828,,,,
False,,,,,,,,,,,,fing_x_face,9,0.001,face_C>ri_V>li_V,3,S4-Direct,rule,main,4.0531158447265625e-06,,,,
False,,,,,,,,,,,,fing_x_face,9,0.001,face_G>face_C>li_V,3,HYP,GP,main,0.03246188163757324,,,,
True,0.07210403698284419,0.0010000000000006184,0.06652565513206904,0.010972129637781719,0.0009546888107448834,0.0009803034416191597,0.023255813953488372,0.0010774894495824729,0.015444015444015444,1.4247104247104247,2.310765915417078,fing_x_face,9,0.001,face_G>face_C>li_V,3,MONO,GP,main,0.03946495056152344,0.001167280237047679,0.019305019305019305,0.001287001287001287,0.023166023166023165
True,0.07592805306555943,0.0010000000000000304,0.06980432960629734,0.03246790755437793,0.0009345626855468518,0.0022773203028383553,0.03875968992248062,0.0017509203555715184,0.04247104247104247,1.3513513513513513,1.260049085630481,fing_x_face,9,0.001,face_G>face_C>li_V,3,MONO-rel,GP,main,0.024144649505615234,0.0019005716680135284,0.04633204633204633,0.0022597348178743527,0.05019305019305019
True,0.0737021260353076,0.0010000000000000401,0.0678321686873047,0.009575793233207047,0.000927003067048889,0.0009501402588001085,0.01937984496124031,0.0011074197120708748,0.015444015444015444,1.4247104247104247,2.383855616413756,fing_x_face,9,0.001,face_G>face_C>li_V,3,LR-P1-N2,GP,main,0.027184009552001953,0.001212175630780282,0.015444015444015444,0.00133189668073389,0.023166023166023165
True,0.07592805306555979,0.0010000000000000163,0.06980432960629768,0.03246790755437793,0.0009345626855468518,0.0022773203028383553,0.03875968992248062,0.0017509203555715184,0.04247104247104247,1.3513513513513513,1.260049085630481,fing_x_face,9,0.001,face_G>face_C>li_V,3,LR-P1-N2-rel,GP,main,0.01621723175048828,0.0019005716680135284,0.04633204633204633,0.0022597348178743527,0.05019305019305019
True,0.10100593756256843,0.001000000000000423,0.09322972282465623,0.009165859609845674,0.0009594326969714951,0.0010104666244382108,0.01937984496124031,0.001137349974559277,0.015444015444015444,1.4247104247104247,2.383945407201221,fing_x_face,9,0.001,face_G>face_C>li_V,3,LR-P2-N2,GP,main,0.019493579864501953,0.001227140762024483,0.015444015444015444,0.001376792074466493,0.023166023166023165
True,0.09428480313011056,0.0010000000000000447,0.08654909931281678,0.04689314567690057,0.0009660288767988504,0.003981540132114741,0.050387596899224806,0.0028284098051539913,0.06177606177606178,1.2702702702702702,1.1202148992846668,fing_x_face,9,0.001,face_G>face_C>li_V,3,LR-P2-N2-rel,GP,main,0.017271041870117188,0.0032324683487474186,0.0694980694980695,0.00354673610487564,0.07335907335907337
True,0.07351316437133082,0.0010000000000502125,0.0676803505217207,0.009575793233207047,0.0009420760169818704,0.0009652218502096341,0.01937984496124031,0.0011074197120708748,0.015444015444015444,1.4247104247104247,2.383855616413756,fing_x_face,9,0.001,face_G>face_C>li_V,3,LR-P1-N3,GP,main,0.02010798454284668,0.001212175630780282,0.015444015444015444,0.001346861811978091,0.023166023166023165
True,0.06912085103287861,0.0010000000000000518,0.06389211108753798,0.010157386561350993,0.0009726936553580729,0.0010255482158477362,0.023255813953488372,0.001092454580826674,0.015444015444015444,1.4247104247104247,2.3705815450001495,fing_x_face,9,0.001,face_G>face_C>li_V,3,NLS-N2,GP,main,0.02943277359008789,0.001242105893268684,0.015444015444015444,0.001376792074466493,0.023166023166023165
True,0.0730878324285932,0.001000000000000202,0.06760568979718129,0.009575793233207047,0.000927003067048889,0.0009501402588001085,0.01937984496124031,0.0011074197120708748,0.015444015444015444,1.4247104247104247,2.383855616413756,fing_x_face,9,0.001,face_G>face_C>li_V,3,DE-N2,GP,main,0.027478694915771484,0.001212175630780282,0.015444015444015444,0.00133189668073389,0.023166023166023165
True,0.21319251104812648,0.001000000000000096,0.19927243833431102,0.08719928690182882,0.000958587382252485,0.004976925165143426,0.09302325581395349,0.0037113525485618507,0.09652509652509653,1.16988416988417,1.0325641255873814,fing_x_face,9,0.001,face_G>face_C>li_V,3,MAXMONO-K3,GP,main,0.050338029861450195,0.0038011433360270568,0.09266409266409266,0.004085480829666876,0.10038610038610038
True,,,,,,0.0009501402588001085,0.03875968992248062,0.001212175630780282,0.03474903474903475,1.7335907335907337,2.3852324084882226,fing_x_face,9,0.001,face_G>face_C>li_V,3,S1-Marcialis,rule,main,0.00464177131652832,,,,
True,,,,,,0.0009501402588001085,0.03875968992248062,0.001212175630780282,0.03474903474903475,1.7335907335907337,2.3852324084882226,fing_x_face,9,0.001,face_G>face_C>li_V,3,S2-Symmetric,rule,main,0.06522226333618164,,,,
False,,,,,,,,,,,,fing_x_face,9,0.001,face_G>face_C>li_V,3,S4-Direct,rule,main,5.0067901611328125e-06,,,,
False,,,,,,,,,,,,fing_x_face,9,0.001,face_G>face_C>ri_V,3,HYP,GP,main,0.03998446464538574,,,,
True,0.06608351980235763,0.0010000000000068125,0.06222362661172418,0.006369984194263818,0.0009748740082752821,0.0010255482158477362,0.015503875968992248,0.0008979078746520607,0.011583011583011582,1.4247104247104247,2.3838256861512677,fing_x_face,9,0.001,face_G>face_C>ri_V,3,MONO,GP,main,0.017833232879638672,0.0009876986621172668,0.011583011583011582,0.0010774894495824729,0.015444015444015444
True,0.06047587959277026,0.0010000000000009825,0.056964393300045754,0.02752960489386213,0.0009276882033755669,0.0015986486894097064,0.031007751937984496,0.001227140762024483,0.02702702702702703,1.3822393822393821,1.5341953248929994,fing_x_face,9,0.001,face_G>face_C>ri_V,3,MONO-rel,GP,main,0.017728090286254883,0.001346861811978091,0.02702702702702703,0.0015563736493969052,0.02702702702702703
True,0.06891753964996704,0.0010000000000000198,0.0645776659624636,0.006369984194263818,0.0009748740082752821,0.0010255482158477362,0.015503875968992248,0.0008979078746520607,0.011583011583011582,1.4247104247104247,2.3838256861512677,fing_x_face,9,0.001,face_G>face_C>ri_V,3,LR-P1-N2,GP,main,0.02331066131591797,0.0009876986621172668,0.011583011583011582,0.0010774894495824729,0.015444015444015444
True,0.06082155462113695,0.0010000000000008325,0.05725588942228262,0.027179181520937592,0.0009650049745289197,0.0016891382378668596,0.031007751937984496,0.00133189668073389,0.02702702702702703,1.3822393822393821,1.5178982969680643,fing_x_face,9,0.001,face_G>face_C>ri_V,3,LR-P1-N2-rel,GP,main,0.025349855422973633,0.001421687468199096,0.02702702702702703,0.0016461644368621112,0.03088803088803089
True,0.09586924606248018,0.0010000000000009647,0.09006130632752957,0.0062450825433959,0.0009546299164321763,0.0010104666244382108,0.015503875968992248,0.0008829427434078596,0.011583011583011582,1.4247104247104247,2.383855616413756,fing_x_face,9,0.001,face_G>face_C>ri_V,3,LR-P2-N2,GP,main,0.026103734970092773,0.0010026637933614679,0.011583011583011582,0.001092454580826674,0.015444015444015444
True,0.06960114491213025,0.0010000000000008112,0.06592890857586217,0.03392520993958603,0.0009756606161136477,0.0025638705396193407,0.03875968992248062,0.0017658854868157193,0.03474903474903475,1.359073359073359,1.2820478285594565,fing_x_face,9,0.001,face_G>face_C>ri_V,3,LR-P2-N2-rel,GP,main,0.02442169189453125,0.0020202927179671366,0.03474903474903475,0.002274699949118554,0.03474903474903475
True,0.06901622876661288,0.0010000000000000091,0.06464404849312884,0.006369984194263818,0.0009748740082752821,0.0010255482158477362,0.015503875968992248,0.0008979078746520607,0.011583011583011582,1.4247104247104247,2.3838256861512677,fing_x_face,9,0.001,face_G>face_C>ri_V,3,LR-P1-N3,GP,main,0.023822784423828125,0.0009876986621172668,0.011583011583011582,0.0010774894495824729,0.015444015444015444
True,0.06399367901025264,0.001000000000000447,0.06013985885301415,0.01002497334266864,0.0009572063669841503,0.0010104666244382108,0.01937984496124031,0.0008829427434078596,0.011583011583011582,1.4247104247104247,2.383780790757535,fing_x_face,9,0.001,face_G>face_C>ri_V,3,NLS-N2,GP,main,0.018823623657226562,0.0010026637933614679,0.011583011583011582,0.001092454580826674,0.015444015444015444
True,0.0684804054336488,0.001000000000000176,0.06441640990358681,0.006369984194263818,0.0009748740082752821,0.0010255482158477362,0.015503875968992248,0.0008979078746520607,0.011583011583011582,1.4247104247104247,2.3838256861512677,fing_x_face,9,0.001,face_G>face_C>ri_V,3,DE-N2,GP,main,0.021365880966186523,0.0009876986621172668,0.011583011583011582,0.0010774894495824729,0.015444015444015444
True,0.205214390315314,0.001000000000000074,0.19282940662699885,0.08293259992481444,0.0009473563573081648,0.004946761982324375,0.08527131782945736,0.0033821196611894286,0.07722007722007722,1.2007722007722008,1.0465864535631977,fing_x_face,9,0.001,face_G>face_C>ri_V,3,MAXMONO-K3,GP,main,0.042041778564453125,0.0035168058423872377,0.08108108108108109,0.004100445960911078,0.08494208494208494
True,,,,,,0.0006485084306095979,0.031007751937984496,0.0005387447247912364,0.02702702702702703,1.7335907335907337,2.3852324084882226,fing_x_face,9,0.001,face_G>face_C>ri_V,3,S1-Marcialis,rule,main,0.0040013790130615234,,,,
True,,,,,,0.0006485084306095979,0.031007751937984496,0.0005387447247912364,0.02702702702702703,1.7335907335907337,2.3852324084882226,fing_x_face,9,0.001,face_G>face_C>ri_V,3,S2-Symmetric,rule,main,0.061324357986450195,,,,
False,,,,,,,,,,,,fing_x_face,9,0.001,face_G>face_C>ri_V,3,S4-Direct,rule,main,4.5299530029296875e-06,,,,
False,,,,,,,,,,,,fing_x_face,9,0.001,face_G>li_V>face_C,3,HYP,GP,main,0.02295088768005371,,,,
True,0.08274316285765562,0.0010000000000000295,0.0734246255510357,0.021692942014423143,0.0009244872608494696,0.0011612825385334661,0.031007751937984496,0.001137349974559277,0.02702702702702703,1.2586872586872586,2.0743168417587023,fing_x_face,9,0.001,face_G>li_V>face_C,3,MONO,GP,main,0.02006363868713379,0.00133189668073389,0.02702702702702703,0.001466582861931699,0.02702702702702703
True,0.09072315655749935,0.001000000000000496,0.08145340637054274,0.04631597776855427,0.0008779016121794392,0.0017042198292763853,0.04263565891472868,0.0016012690431295082,0.04247104247104247,1.2316602316602316,1.2749693214809494,fing_x_face,9,0.001,face_G>li_V>face_C,3,MONO-rel,GP,main,0.019038915634155273,0.0018107808805483223,0.04247104247104247,0.0021250486366765436,0.03861003861003861
True,0.08432978032290815,0.0010000000000005527,0.07480559853776395,0.021610780602127275,0.0009069857554508346,0.001070792990076313,0.031007751937984496,0.001047559187094071,0.03088803088803089,1.2586872586872586,2.074376702283679,fing_x_face,9,0.001,face_G>li_V>face_C,3,LR-P1-N2,GP,main,0.019639253616333008,0.001287001287001287,0.03088803088803089,0.001421687468199096,0.02702702702702703
True,0.09072315655749968,0.0010000000000004842,0.08145340637054302,0.04631597776855427,0.0008779016121794392,0.0017042198292763853,0.04263565891472868,0.0016012690431295082,0.04247104247104247,1.2316602316602316,1.2749693214809494,fing_x_face,9,0.001,face_G>li_V>face_C,3,LR-P1-N2-rel,GP,main,0.019221067428588867,0.0018107808805483223,0.04247104247104247,0.0021250486366765436,0.03861003861003861
True,0.11247048294649717,0.0010000000000003279,0.0995449827459318,0.020343829497426035,0.0009140689778203116,0.0010406298072572619,0.031007751937984496,0.001047559187094071,0.02702702702702703,1.2702702702702702,2.167654365328784,fing_x_face,9,0.001,face_G>li_V>face_C,3,LR-P2-N2,GP,main,0.019318103790283203,0.001287001287001287,0.023166023166023165,0.0014366525994432972,0.023166023166023165
True,0.11949886487236425,0.0010000000000006807,0.10870877808004348,0.05799908603435337,0.0009179275216757972,0.0026543600880764937,0.05426356589147287,0.0022148394241417496,0.08108108108108109,1.193050193050193,1.0919308012331268,fing_x_face,9,0.001,face_G>li_V>face_C,3,LR-P2-N2-rel,GP,main,0.01638484001159668,0.00266379336146778,0.08108108108108109,0.0028733051988865943,0.07722007722007722
True,0.08506591693061588,0.0010000000000000633,0.07523179019628261,0.021267752338601446,0.0009285472766501389,0.0011160377643048894,0.031007751937984496,0.001047559187094071,0.03088803088803089,1.2586872586872586,2.074376702283679,fing_x_face,9,0.001,face_G>li_V>face_C,3,LR-P1-N3,GP,main,0.020302772521972656,0.001287001287001287,0.03088803088803089,0.0014366525994432972,0.02702702702702703
True,0.08014374894100902,0.0010000000000000358,0.07093140290769583,0.02129529475392104,0.0009092103352406424,0.0010406298072572619,0.031007751937984496,0.0010625243183382718,0.03088803088803089,1.2586872586872586,2.006255424860076,fing_x_face,9,0.001,face_G>li_V>face_C,3,NLS-N2,GP,main,0.019161701202392578,0.001272036155757086,0.03088803088803089,0.0014067223369548952,0.02702702702702703
True,0.085571203677384,0.0010000000000006282,0.07560329500829989,0.021267752338601446,0.0009188190844544307,0.0010858745814858383,0.031007751937984496,0.001047559187094071,0.03088803088803089,1.2586872586872586,2.074376702283679,fing_x_face,9,0.001,face_G>li_V>face_C,3,DE-N2,GP,main,0.019565105438232422,0.001287001287001287,0.03088803088803089,0.001421687468199096,0.02702702702702703
True,0.22280767285862654,0.001000000000000073,0.20229067058715894,0.07524494698579999,0.000892219089668657,0.0021114227973335746,0.06976744186046512,0.0020202927179671366,0.08108108108108109,1.1814671814671815,1.0584986980335818,fing_x_face,9,0.001,face_G>li_V>face_C,3,MAXMONO-K3,GP,main,0.027820110321044922,0.002244769686630152,0.08108108108108109,0.002379455867827961,0.0888030888030888
True,,,,,,0.0009953850330286851,0.03488372093023256,0.0004938493310586334,0.04247104247104247,1.494208494208494,2.6764987578941066,fing_x_face,9,0.001,face_G>li_V>face_C,3,S1-Marcialis,rule,main,0.0033500194549560547,,,,
True,,,,,,0.0009953850330286851,0.03488372093023256,0.0004938493310586334,0.04247104247104247,1.494208494208494,2.6764987578941066,fing_x_face,9,0.001,face_G>li_V>face_C,3,S2-Symmetric,rule,main,0.041771650314331055,,,,
False,,,,,,,,,,,,fing_x_face,9,0.001,face_G>li_V>face_C,3,S4-Direct,rule,main,4.0531158447265625e-06,,,,
False,,,,,,,,,,,,fing_x_face,9,0.001,face_G>li_V>ri_V,3,HYP,GP,main,0.0224916934967041,,,,
True,0.07693487424861979,0.0010000000000007533,0.06945152590300374,0.007494099052075078,0.0009829614890442433,0.0009652218502096341,0.015503875968992248,0.001287001287001287,0.007722007722007722,1.2702702702702702,2.6744186046511627,fing_x_face,9,0.001,face_G>li_V>ri_V,3,MONO,GP,main,0.017743825912475586,0.001376792074466493,0.007722007722007722,0.001421687468199096,0.007722007722007722
True,0.0797689341475009,0.0010000000000006753,0.07243237781871817,0.03227318908328128,0.0009167359883572642,0.0011914457213525172,0.031007751937984496,0.0011523151058034779,0.023166023166023165,1.250965250965251,1.5800484870252312,fing_x_face,9,0.001,face_G>li_V>ri_V,3,MONO-rel,GP,main,0.02032637596130371,0.001376792074466493,0.02702702702702703,0.0014965131244201013,0.02702702702702703
True,0.07968255828161326,0.0010000000000000616,0.07161261552958278,0.007771153623091188,0.0009756580778287283,0.0009501402588001085,0.015503875968992248,0.00118224536829188,0.011583011583011582,1.2702702702702702,2.6745233605698724,fing_x_face,9,0.001,face_G>li_V>ri_V,3,LR-P1-N2,GP,main,0.018500089645385742,0.00133189668073389,0.007722007722007722,0.001346861811978091,0.007722007722007722
True,0.08038305467284453,0.001000000000000558,0.07292448394008044,0.03458325821765519,0.0008662602725132918,0.0011462009471239405,0.031007751937984496,0.001092454580826674,0.02702702702702703,1.247104247104247,1.5107000688396037,fing_x_face,9,0.001,face_G>li_V>ri_V,3,LR-P1-N2-rel,GP,main,0.022220134735107422,0.001346861811978091,0.02702702702702703,0.0014366525994432972,0.02702702702702703
True,0.10704072390298952,0.0010000000000003164,0.09636636694858942,0.006949655958548256,0.0009497801282694941,0.000935058667390583,0.015503875968992248,0.001167280237047679,0.007722007722007722,1.2702702702702702,2.6746879770135585,fing_x_face,9,0.001,face_G>li_V>ri_V,3,LR-P2-N2,GP,main,0.021641016006469727,0.00133189668073389,0.007722007722007722,0.001421687468199096,0.007722007722007722
True,0.10793601272268412,0.0010000000000001405,0.09907871733730825,0.04666989489395063,0.0009183927733379672,0.0012216089041715682,0.046511627906976744,0.0010625243183382718,0.05791505791505792,1.2162162162162162,1.1665319804854688,fing_x_face,9,0.001,face_G>li_V>ri_V,3,LR-P2-N2-rel,GP,main,0.01859116554260254,0.001227140762024483,0.0694980694980695,0.001301966418245488,0.06177606177606178
True,0.08052397162354846,0.0010000000000020448,0.0721134733181454,0.007771153623091188,0.0009907345343589437,0.0009652218502096341,0.015503875968992248,0.00118224536829188,0.011583011583011582,1.2664092664092663,2.6745233605698724,fing_x_face,9,0.001,face_G>li_V>ri_V,3,LR-P1-N3,GP,main,0.020650148391723633,0.001346861811978091,0.007722007722007722,0.0013917572057106941,0.007722007722007722
True,0.0747457793029207,0.00100000000003893,0.06716280138606141,0.0070923175178146435,0.0009575510336788507,0.000935058667390583,0.011627906976744186,0.0011972104995360809,0.011583011583011582,1.274131274131274,2.6745233605698724,fing_x_face,9,0.001,face_G>li_V>ri_V,3,NLS-N2,GP,main,0.024576187133789062,0.0013169315494896891,0.007722007722007722,0.0013618269432222922,0.007722007722007722
True,0.08071459403551774,0.001000000000000385,0.07234555148476526,0.007771153623091188,0.0009756580778287283,0.0009501402588001085,0.015503875968992248,0.00118224536829188,0.011583011583011582,1.2702702702702702,2.6745233605698724,fing_x_face,9,0.001,face_G>li_V>ri_V,3,DE-N2,GP,main,0.0211789608001709,0.00133189668073389,0.007722007722007722,0.001346861811978091,0.007722007722007722
True,0.22281796450045113,0.001000000000000104,0.19952330752333258,0.060998821906666494,0.0008882457329583546,0.0011160377643048894,0.05426356589147287,0.00133189668073389,0.07335907335907337,1.1814671814671815,1.087112028972494,fing_x_face,9,0.001,face_G>li_V>ri_V,3,MAXMONO-K3,GP,main,0.03458905220031738,0.0015713387806411063,0.07722007722007722,0.0015863039118853071,0.07335907335907337
True,,,,,,0.0008294875275239043,0.027131782945736434,0.0007332914309658496,0.023166023166023165,1.494208494208494,2.6764987578941066,fing_x_face,9,0.001,face_G>li_V>ri_V,3,S1-Marcialis,rule,main,0.00423884391784668,,,,
True,,,,,,0.0008294875275239043,0.027131782945736434,0.0007332914309658496,0.023166023166023165,1.494208494208494,2.6764987578941066,fing_x_face,9,0.001,face_G>li_V>ri_V,3,S2-Symmetric,rule,main,0.059113264083862305,,,,
False,,,,,,,,,,,,fing_x_face,9,0.001,face_G>li_V>ri_V,3,S4-Direct,rule,main,6.4373016357421875e-06,,,,
False,,,,,,,,,,,,fing_x_face,9,0.001,face_G>ri_V>face_C,3,HYP,GP,main,0.05416989326477051,,,,
True,0.07059512206168844,0.0010000000000007906,0.06467649011940924,0.01073385571920292,0.000927368601972973,0.0010557113986667873,0.011627906976744186,0.0010026637933614679,0.007722007722007722,1.2548262548262548,2.049504654155817,fing_x_face,9,0.001,face_G>ri_V>face_C,3,MONO,GP,main,0.029558420181274414,0.00118224536829188,0.011583011583011582,0.00133189668073389,0.007722007722007722
True,0.058751785773150995,0.0010000000000000855,0.053531733495201475,0.01604575697737306,0.0009456089884909857,0.001131119355714415,0.015503875968992248,0.001122384843315076,0.007722007722007722,1.2548262548262548,1.886100386100386,fing_x_face,9,0.001,face_G>ri_V>face_C,3,MONO-rel,GP,main,0.021181344985961914,0.0013169315494896891,0.007722007722007722,0.001421687468199096,0.007722007722007722
True,0.07187398040986635,0.001000000000000502,0.06608976416141601,0.009242139872147292,0.000966540988773721,0.001070792990076313,0.011627906976744186,0.0009876986621172668,0.011583011583011582,1.2625482625482625,2.134611355541588,fing_x_face,9,0.001,face_G>ri_V>face_C,3,LR-P1-N2,GP,main,0.01941204071044922,0.001212175630780282,0.011583011583011582,0.00133189668073389,0.007722007722007722
True,0.05902895298313733,0.001000000000000113,0.053825603423848546,0.01604575697737306,0.0009477305418524632,0.001131119355714415,0.015503875968992248,0.001122384843315076,0.007722007722007722,1.2548262548262548,1.886100386100386,fing_x_face,9,0.001,face_G>ri_V>face_C,3,LR-P1-N2-rel,GP,main,0.017072677612304688,0.0013169315494896891,0.007722007722007722,0.001421687468199096,0.007722007722007722
True,0.09959343387096047,0.0010000000000002223,0.09167058607506354,0.008970209471423199,0.0009264946570069699,0.0010255482158477362,0.007751937984496124,0.0010176289246056687,0.011583011583011582,1.2664092664092663,2.1345963904103438,fing_x_face,9,0.001,face_G>ri_V>face_C,3,LR-P2-N2,GP,main,0.02089524269104004,0.0011972104995360809,0.007722007722007722,0.00133189668073389,0.011583011583011582
True,0.06798646561369169,0.0010000000000002036,0.06245049080199603,0.027583175765096852,0.0009763490724799785,0.0014930775495430278,0.027131782945736434,0.0014516177306874982,0.011583011583011582,1.2393822393822393,1.4689922480620154,fing_x_face,9,0.001,face_G>ri_V>face_C,3,LR-P2-N2-rel,GP,main,0.01722574234008789,0.0018107808805483223,0.015444015444015444,0.0018856065367693275,0.011583011583011582
True,0.0718756321260138,0.0010000000000005037,0.0660919566712215,0.009242139872147292,0.000966540988773721,0.001070792990076313,0.011627906976744186,0.0009876986621172668,0.011583011583011582,1.2625482625482625,2.134611355541588,fing_x_face,9,0.001,face_G>ri_V>face_C,3,LR-P1-N3,GP,main,0.0191037654876709,0.001212175630780282,0.011583011583011582,0.00133189668073389,0.007722007722007722
True,0.0676078731092074,0.0010000000000007978,0.06200149564434889,0.01066572754600224,0.0009575887673161492,0.001100956172895364,0.011627906976744186,0.0010176289246056687,0.011583011583011582,1.2625482625482625,2.0495196192870613,fing_x_face,9,0.001,face_G>ri_V>face_C,3,NLS-N2,GP,main,0.021549463272094727,0.0011972104995360809,0.011583011583011582,0.001421687468199096,0.007722007722007722
True,0.07245473852437971,0.0010000000000000091,0.06655162778476763,0.009242139872147292,0.0009579487671906957,0.001070792990076313,0.011627906976744186,0.0009876986621172668,0.011583011583011582,1.2625482625482625,2.134611355541588,fing_x_face,9,0.001,face_G>ri_V>face_C,3,DE-N2,GP,main,0.018711090087890625,0.001212175630780282,0.011583011583011582,0.00133189668073389,0.007722007722007722
True,0.20078159248232266,0.0010000000000000536,0.18229260336307296,0.04182324500661251,0.0009377998195647429,0.001357343226857298,0.031007751937984496,0.0014067223369548952,0.019305019305019305,1.22007722007722,1.2316602316602316,fing_x_face,9,0.001,face_G>ri_V>face_C,3,MAXMONO-K3,GP,main,0.026842355728149414,0.0016311993056179102,0.023166023166023165,0.0016910598305947143,0.019305019305019305
True,,,,,,0.0009953850330286851,0.015503875968992248,0.0005088144623028344,0.019305019305019305,1.4362934362934363,2.7095268025500583,fing_x_face,9,0.001,face_G>ri_V>face_C,3,S1-Marcialis,rule,main,0.0028994083404541016,,,,
True,,,,,,0.0009953850330286851,0.015503875968992248,0.0005088144623028344,0.019305019305019305,1.4362934362934363,2.7095268025500583,fing_x_face,9,0.001,face_G>ri_V>face_C,3,S2-Symmetric,rule,main,0.04166531562805176,,,,
False,,,,,,,,,,,,fing_x_face,9,0.001,face_G>ri_V>face_C,3,S4-Direct,rule,main,4.5299530029296875e-06,,,,
False,,,,,,,,,,,,fing_x_face,9,0.001,face_G>ri_V>li_V,3,HYP,GP,main,0.020720720291137695,,,,
True,0.07139079086015235,0.0010000000000000163,0.06481706002294892,0.007061747183686132,0.0009404218809292652,0.0009199770759810575,0.015503875968992248,0.001167280237047679,0.007722007722007722,1.2548262548262548,2.7079704289006616,fing_x_face,9,0.001,face_G>ri_V>li_V,3,MONO,GP,main,0.01773381233215332,0.00133189668073389,0.007722007722007722,0.001421687468199096,0.007722007722007722
True,0.06527326311230387,0.0010000000000004062,0.057888654527688335,0.018374575916679126,0.0008983774832286355,0.0010858745814858383,0.011627906976744186,0.0011972104995360809,0.007722007722007722,1.2548262548262548,1.7629822513543443,fing_x_face,9,0.001,face_G>ri_V>li_V,3,MONO-rel,GP,main,0.018029212951660156,0.0015563736493969052,0.011583011583011582,0.0016162341743737093,0.007722007722007722
True,0.07247158239499982,0.0010000000000418361,0.06609088247054988,0.006949655958548257,0.0009554973316944241,0.000935058667390583,0.015503875968992248,0.001167280237047679,0.007722007722007722,1.2548262548262548,2.7079704289006616,fing_x_face,9,0.001,face_G>ri_V>li_V,3,LR-P1-N2,GP,main,0.01954030990600586,0.00133189668073389,0.007722007722007722,0.001421687468199096,0.007722007722007722
True,0.06567667501279399,0.001000000000000519,0.05837538045902181,0.018374575916679126,0.0008777109095891467,0.001070792990076313,0.011627906976744186,0.001167280237047679,0.007722007722007722,1.2548262548262548,1.7117715722366884,fing_x_face,9,0.001,face_G>ri_V>li_V,3,LR-P1-N2-rel,GP,main,0.01944708824157715,0.0015264433869085032,0.011583011583011582,0.0015563736493969052,0.007722007722007722
True,0.09983783851460545,0.001000000000000884,0.09153813240814722,0.007173838408824006,0.0008951955286341213,0.0008747323017524809,0.015503875968992248,0.001137349974559277,0.007722007722007722,1.2625482625482625,2.708030289425638,fing_x_face,9,0.001,face_G>ri_V>li_V,3,LR-P2-N2,GP,main,0.022181987762451172,0.001287001287001287,0.007722007722007722,0.0013618269432222922,0.007722007722007722
True,0.08324279107245083,0.0010000000000006956,0.0737982775676322,0.038400706856000104,0.0009104409210415529,0.0013120984526287214,0.027131782945736434,0.001301966418245488,0.02702702702702703,1.2277992277992278,1.2861931699141,fing_x_face,9,0.001,face_G>ri_V>li_V,3,LR-P2-N2-rel,GP,main,0.017192840576171875,0.0015863039118853071,0.03088803088803089,0.0017808506180599204,0.023166023166023165
True,0.07222888324593482,0.001000000000005484,0.06593437273683184,0.0073287281017417995,0.0009331156587278201,0.000904895484571532,0.015503875968992248,0.0011074197120708748,0.011583011583011582,1.2548262548262548,2.7078806381131963,fing_x_face,9,0.001,face_G>ri_V>li_V,3,LR-P1-N3,GP,main,0.0213162899017334,0.001272036155757086,0.007722007722007722,0.001346861811978091,0.007722007722007722
True,0.06759778247897862,0.0010000000000007312,0.061685394338709176,0.007173838408824006,0.0009253464301642172,0.000904895484571532,0.015503875968992248,0.0011523151058034779,0.007722007722007722,1.2625482625482625,2.70800035916315,fing_x_face,9,0.001,face_G>ri_V>li_V,3,NLS-N2,GP,main,0.018557310104370117,0.001301966418245488,0.007722007722007722,0.001376792074466493,0.007722007722007722
True,0.07265597467281483,0.0010000000000004675,0.06632599392547572,0.0073287281017417995,0.0009331156587278201,0.000904895484571532,0.015503875968992248,0.0011074197120708748,0.011583011583011582,1.2548262548262548,2.7078806381131963,fing_x_face,9,0.001,face_G>ri_V>li_V,3,DE-N2,GP,main,0.019704341888427734,0.001272036155757086,0.007722007722007722,0.001346861811978091,0.007722007722007722
True,0.2162630423305175,0.0010000000000004435,0.19274806034737713,0.045680988256799185,0.0009067905239775727,0.0011462009471239405,0.03488372093023256,0.001212175630780282,0.05019305019305019,1.1891891891891893,1.1135554158809973,fing_x_face,9,0.001,face_G>ri_V>li_V,3,MAXMONO-K3,GP,main,0.041681528091430664,0.0014366525994432972,0.05405405405405406,0.0014516177306874982,0.05405405405405406
True,,,,,,0.0009199770759810575,0.023255813953488372,0.0011972104995360809,0.023166023166023165,1.4362934362934363,2.7095268025500583,fing_x_face,9,0.001,face_G>ri_V>li_V,3,S1-Marcialis,rule,main,0.003252744674682617,,,,
True,,,,,,0.0009199770759810575,0.023255813953488372,0.0011972104995360809,0.023166023166023165,1.4362934362934363,2.7095268025500583,fing_x_face,9,0.001,face_G>ri_V>li_V,3,S2-Symmetric,rule,main,0.044229745864868164,,,,
False,,,,,,,,,,,,fing_x_face,9,0.001,face_G>ri_V>li_V,3,S4-Direct,rule,main,5.4836273193359375e-06,,,,
False,,,,,,,,,,,,fing_x_face,9,0.001,li_V>face_C>face_G,3,HYP,GP,main,0.04310894012451172,,,,
True,0.08940629426710144,0.0010000000000006646,0.08213343458703898,0.008665903631126818,0.000989277775910981,0.0017343830120954363,0.007751937984496124,0.0021250486366765436,0.015444015444015444,1.1891891891891893,2.147107240130496,fing_x_face,9,0.001,li_V>face_C>face_G,3,MONO,GP,main,0.019182920455932617,0.0022597348178743527,0.011583011583011582,0.002618897967735177,0.015444015444015444
True,0.10956437476108191,0.0010000000000004354,0.10107717770859037,0.06277737483165936,0.000912811939771822,0.0022773203028383553,0.06201550387596899,0.0022148394241417496,0.05405405405405406,1.1428571428571428,1.395034569453174,fing_x_face,9,0.001,li_V>face_C>face_G,3,MONO-rel,GP,main,0.020256996154785156,0.002603932836490976,0.04247104247104247,0.0030678519050612073,0.04633204633204633
True,0.09471524784624988,0.0010000000000001414,0.08685403440996134,0.009659061000452324,0.0008438649679048001,0.0017343830120954363,0.007751937984496124,0.0021699440304091466,0.015444015444015444,1.196911196911197,2.1137200323246836,fing_x_face,9,0.001,li_V>face_C>face_G,3,LR-P1-N2,GP,main,0.02635049819946289,0.002274699949118554,0.015444015444015444,0.002529107180269971,0.015444015444015444
True,0.10956437476108205,0.001000000000000431,0.10107717770859051,0.06277737483165936,0.000912811939771822,0.0022773203028383553,0.06201550387596899,0.0022148394241417496,0.05405405405405406,1.1428571428571428,1.395034569453174,fing_x_face,9,0.001,li_V>face_C>face_G,3,LR-P1-N2-rel,GP,main,0.02412867546081543,0.002603932836490976,0.04247104247104247,0.0030678519050612073,0.04633204633204633
True,0.09551214712767077,0.0010000000000008546,0.08728562254926384,0.010625607621784059,0.0009898457045081212,0.0011462009471239405,0.01937984496124031,0.001257071024512885,0.015444015444015444,1.193050193050193,2.3877016551435157,fing_x_face,9,0.001,li_V>face_C>face_G,3,LR-P2-N2,GP,main,0.03511786460876465,0.001346861811978091,0.015444015444015444,0.0015713387806411063,0.019305019305019305
True,0.16692537629281665,0.001000000000000218,0.15617383565226162,0.08015576546020406,0.000760497990508763,0.0017494646035049618,0.07751937984496124,0.0016461644368621112,0.08108108108108109,1.1081081081081081,1.1376492771841609,fing_x_face,9,0.001,li_V>face_C>face_G,3,LR-P2-N2-rel,GP,main,0.023836374282836914,0.0018706414055251264,0.0694980694980695,0.002140013767920745,0.0694980694980695
True,0.09893064869059777,0.0010000000000000037,0.09076566276662736,0.009498930678826789,0.0008637231987993809,0.0017796277863240128,0.007751937984496124,0.002229804555385951,0.015444015444015444,1.196911196911197,2.1120888330190657,fing_x_face,9,0.001,li_V>face_C>face_G,3,LR-P1-N3,GP,main,0.027117013931274414,0.002289665080362755,0.015444015444015444,0.002544072311514172,0.015444015444015444
True,0.09134699881593918,0.0010000000000000607,0.08391668442227776,0.008992918862490094,0.0008629969965493198,0.0017494646035049618,0.007751937984496124,0.0021549788991649457,0.015444015444015444,1.196911196911197,2.1266050103259406,fing_x_face,9,0.001,li_V>face_C>face_G,3,NLS-N2,GP,main,0.03523564338684082,0.002229804555385951,0.015444015444015444,0.002529107180269971,0.015444015444015444
True,0.09751643766244072,0.0010000000000009613,0.0897107120427416,0.012548161377824173,0.0008014643882916605,0.0014327511839049257,0.011627906976744186,0.0017658854868157193,0.015444015444015444,1.196911196911197,2.0351081978988956,fing_x_face,9,0.001,li_V>face_C>face_G,3,DE-N2,GP,main,0.020704269409179688,0.0020801532429439405,0.015444015444015444,0.002229804555385951,0.015444015444015444
True,0.1728502687118938,0.0010000000000001353,0.15777299729875646,0.1022054778312089,0.0008179590167865625,0.001387506409676349,0.10465116279069768,0.0011074197120708748,0.08494208494208494,1.1081081081081081,1.0724462003531772,fing_x_face,9,0.001,li_V>face_C>face_G,3,MAXMONO-K3,GP,main,0.03850960731506348,0.0014067223369548952,0.08494208494208494,0.0014815479931759002,0.08494208494208494
True,,,,,,0.0009953850330286851,0.050387596899224806,0.0014067223369548952,0.06177606177606178,1.5135135135135136,2.5382957708539102,fing_x_face,9,0.001,li_V>face_C>face_G,3,S1-Marcialis,rule,main,0.004936695098876953,,,,
True,,,,,,0.0009953850330286851,0.050387596899224806,0.0014067223369548952,0.06177606177606178,1.5135135135135136,2.5382957708539102,fing_x_face,9,0.001,li_V>face_C>face_G,3,S2-Symmetric,rule,main,0.06473064422607422,,,,
False,,,,,,,,,,,,fing_x_face,9,0.001,li_V>face_C>face_G,3,S4-Direct,rule,main,5.4836273193359375e-06,,,,
False,,,,,,,,,,,,fing_x_face,9,0.001,li_V>face_C>ri_V,3,HYP,GP,main,0.050252437591552734,,,,
True,0.08278481451248264,0.0010000000000007002,0.07800275805334658,0.008971956347659116,0.0008539209890601955,0.0009501402588001085,0.01937984496124031,0.0007183262997216486,0.011583011583011582,1.193050193050193,2.3600760228667204,fing_x_face,9,0.001,li_V>face_C>ri_V,3,MONO,GP,main,0.01930999755859375,0.0008081170871868546,0.007722007722007722,0.0008979078746520607,0.011583011583011582
True,0.09819012110828132,0.0010000000000000837,0.09165641652421662,0.03441940122672637,0.0008253113416064862,0.0009199770759810575,0.04263565891472868,0.0007632216934542516,0.03861003861003861,1.166023166023166,1.6118793211816467,fing_x_face,9,0.001,li_V>face_C>ri_V,3,MONO-rel,GP,main,0.01895737648010254,0.0009577683996288647,0.03088803088803089,0.001092454580826674,0.03474903474903475
True,0.08911055997571095,0.0010000000000002498,0.08365433772356587,0.005092144227692041,0.0009321839513352268,0.0009803034416191597,0.015503875968992248,0.0007332914309658496,0.011583011583011582,1.193050193050193,2.5373080721917933,fing_x_face,9,0.001,li_V>face_C>ri_V,3,LR-P1-N2,GP,main,0.019881010055541992,0.0008380473496752566,0.007722007722007722,0.0009428032683846638,0.011583011583011582
True,0.09866089263384598,0.0010000000000001245,0.09204524881043466,0.03413640727650815,0.0008696714615971513,0.0010858745814858383,0.04263565891472868,0.0008230822184310556,0.03861003861003861,1.166023166023166,1.6058034778965011,fing_x_face,9,0.001,li_V>face_C>ri_V,3,LR-P1-N2-rel,GP,main,0.018568992614746094,0.0010176289246056687,0.03088803088803089,0.001167280237047679,0.03474903474903475
True,0.08881553303702858,0.0010000000000004816,0.08335740622661758,0.005295829996799724,0.0009031022341343562,0.0009501402588001085,0.015503875968992248,0.0007183262997216486,0.011583011583011582,1.193050193050193,2.5373230373230373,fing_x_face,9,0.001,li_V>face_C>ri_V,3,LR-P2-N2,GP,main,0.018885135650634766,0.0008230822184310556,0.007722007722007722,0.0008979078746520607,0.011583011583011582
True,0.15011879271888323,0.0010000000000005697,0.14177474773300697,0.06783050549008264,0.000786922147637876,0.0012819352698096704,0.07364341085271318,0.0008530124809194577,0.06563706563706563,1.1274131274131274,1.218880009577684,fing_x_face,9,0.001,li_V>face_C>ri_V,3,LR-P2-N2-rel,GP,main,0.016873836517333984,0.0010774894495824729,0.05019305019305019,0.001212175630780282,0.06177606177606178
True,0.09350895121266636,0.001000000000000885,0.08778924551459695,0.005092144227692041,0.0009467248099356621,0.0009953850330286851,0.015503875968992248,0.0007332914309658496,0.011583011583011582,1.193050193050193,2.5373080721917933,fing_x_face,9,0.001,li_V>face_C>ri_V,3,LR-P1-N3,GP,main,0.019190549850463867,0.0008380473496752566,0.007722007722007722,0.0009577683996288647,0.011583011583011582
True,0.08537671281651678,0.0010000000000008565,0.08030354373252312,0.005092144227692041,0.0009467248099356621,0.0009953850330286851,0.015503875968992248,0.0007332914309658496,0.011583011583011582,1.193050193050193,2.5373080721917933,fing_x_face,9,0.001,li_V>face_C>ri_V,3,NLS-N2,GP,main,0.020293712615966797,0.0008380473496752566,0.007722007722007722,0.0009577683996288647,0.011583011583011582
True,0.09171902993966763,0.0010000000000005519,0.08644068773401344,0.005092144227692041,0.0009467248099356621,0.0009953850330286851,0.015503875968992248,0.0007332914309658496,0.011583011583011582,1.193050193050193,2.5373080721917933,fing_x_face,9,0.001,li_V>face_C>ri_V,3,DE-N2,GP,main,0.019234895706176758,0.0008380473496752566,0.007722007722007722,0.0009577683996288647,0.011583011583011582
True,0.15926490952517428,0.001000000000000043,0.1467199581657018,0.09690376668441492,0.000872018668596796,0.0012668536784001447,0.09689922480620156,0.0009428032683846638,0.08494208494208494,1.1003861003861004,1.0899404387776481,fing_x_face,9,0.001,li_V>face_C>ri_V,3,MAXMONO-K3,GP,main,0.031969547271728516,0.001137349974559277,0.08108108108108109,0.0014815479931759002,0.08494208494208494
True,,,,,,0.0007691611618858022,0.03875968992248062,0.0006135703810122415,0.05019305019305019,1.5135135135135136,2.5382957708539102,fing_x_face,9,0.001,li_V>face_C>ri_V,3,S1-Marcialis,rule,main,0.003654956817626953,,,,
True,,,,,,0.0007691611618858022,0.03875968992248062,0.0006135703810122415,0.05019305019305019,1.5135135135135136,2.5382957708539102,fing_x_face,9,0.001,li_V>face_C>ri_V,3,S2-Symmetric,rule,main,0.0321660041809082,,,,
False,,,,,,,,,,,,fing_x_face,9,0.001,li_V>face_C>ri_V,3,S4-Direct,rule,main,4.76837158203125e-06,,,,
False,,,,,,,,,,,,fing_x_face,9,0.001,li_V>face_G>face_C,3,HYP,GP,main,0.018327951431274414,,,,
True,0.095364459392472,0.0010000000000005519,0.08582525100462395,0.011387886181929475,0.0009306330609599219,0.0015383223237716043,0.015503875968992248,0.001346861811978091,0.015444015444015444,1.2046332046332047,2.266379336146778,fing_x_face,9,0.001,li_V>face_G>face_C,3,MONO,GP,main,0.018987417221069336,0.0015713387806411063,0.011583011583011582,0.0019454670617461314,0.015444015444015444
True,0.11197461635718778,0.0010000000000008414,0.10249673889763003,0.06676467806934307,0.0008118216607824844,0.002548788948209815,0.06201550387596899,0.0020202927179671366,0.05019305019305019,1.1428571428571428,1.4005267726197959,fing_x_face,9,0.001,li_V>face_G>face_C,3,MONO-rel,GP,main,0.019643068313598633,0.002603932836490976,0.03861003861003861,0.0029930262488402025,0.04247104247104247
True,0.09965745021977149,0.001000000000000026,0.08989832306961422,0.011582313506986805,0.0009494181383695084,0.0014629143667239768,0.015503875968992248,0.001346861811978091,0.015444015444015444,1.2046332046332047,2.3276914788542697,fing_x_face,9,0.001,li_V>face_G>face_C,3,LR-P1-N2,GP,main,0.018733739852905273,0.0014067223369548952,0.011583011583011582,0.0017658854868157193,0.015444015444015444
True,0.11197461635718728,0.0010000000000008555,0.10249673889762956,0.06676467806934307,0.0008118216607824844,0.002548788948209815,0.06201550387596899,0.0020202927179671366,0.05019305019305019,1.1428571428571428,1.4005267726197959,fing_x_face,9,0.001,li_V>face_G>face_C,3,LR-P1-N2-rel,GP,main,0.018604516983032227,0.002603932836490976,0.03861003861003861,0.0029930262488402025,0.04247104247104247
True,0.10611328430125468,0.0010000000000006592,0.09302597536766054,0.01175822394394344,0.0008702450750311022,0.0012819352698096704,0.015503875968992248,0.001137349974559277,0.015444015444015444,1.2046332046332047,2.369189787794439,fing_x_face,9,0.001,li_V>face_G>face_C,3,LR-P2-N2,GP,main,0.021108150482177734,0.001272036155757086,0.011583011583011582,0.0016311993056179102,0.015444015444015444
True,0.17164469617729955,0.0010000000000008227,0.15956237854836713,0.07197898717513344,0.0008572371604047992,0.0025035441739812386,0.06976744186046512,0.0018706414055251264,0.06177606177606178,1.1274131274131274,1.2006824099847355,fing_x_face,9,0.001,li_V>face_G>face_C,3,LR-P2-N2-rel,GP,main,0.017156124114990234,0.0023046302116069557,0.05019305019305019,0.002693723623956182,0.06177606177606178
True,0.10373827005419789,0.001000000000000835,0.093611990573146,0.011582313506986805,0.0009772176838245036,0.0015081591409525533,0.015503875968992248,0.001346861811978091,0.015444015444015444,1.2046332046332047,2.336236568794708,fing_x_face,9,0.001,li_V>face_G>face_C,3,LR-P1-N3,GP,main,0.01949000358581543,0.0014516177306874982,0.011583011583011582,0.0018257460117925234,0.015444015444015444
True,0.09649144537449822,0.001000000000000168,0.08694184258095908,0.01150515980656723,0.0009611932790277518,0.001839954151962115,0.015503875968992248,0.0015414085181527043,0.015444015444015444,1.2046332046332047,2.206892939451079,fing_x_face,9,0.001,li_V>face_G>face_C,3,NLS-N2,GP,main,0.019758939743041992,0.0016910598305947143,0.011583011583011582,0.0021699440304091466,0.015444015444015444
True,0.10316222312183344,0.00100000000000051,0.0929289938800001,0.011582313506986805,0.0009696378442167501,0.0014779959581335022,0.015503875968992248,0.00133189668073389,0.015444015444015444,1.2046332046332047,2.340247223968154,fing_x_face,9,0.001,li_V>face_G>face_C,3,DE-N2,GP,main,0.022053956985473633,0.0014067223369548952,0.011583011583011582,0.0017658854868157193,0.015444015444015444
True,0.18563820004671674,0.0010000000000005961,0.16461012261097266,0.10036852101072861,0.0007652968610148637,0.0019153621090097427,0.09302325581395349,0.0016760946993505132,0.07722007722007722,1.1003861003861004,1.08934183352788,fing_x_face,9,0.001,li_V>face_G>face_C,3,MAXMONO-K3,GP,main,0.025708913803100586,0.0020651881116997397,0.07722007722007722,0.0022597348178743527,0.07722007722007722
True,,,,,,0.0009953850330286851,0.03488372093023256,0.0004938493310586334,0.04247104247104247,1.4555984555984556,2.783035527221574,fing_x_face,9,0.001,li_V>face_G>face_C,3,S1-Marcialis,rule,main,0.0030193328857421875,,,,
True,,,,,,0.0009953850330286851,0.03488372093023256,0.0004938493310586334,0.04247104247104247,1.4555984555984556,2.783035527221574,fing_x_face,9,0.001,li_V>face_G>face_C,3,S2-Symmetric,rule,main,0.03960990905761719,,,,
False,,,,,,,,,,,,fing_x_face,9,0.001,li_V>face_G>face_C,3,S4-Direct,rule,main,5.0067901611328125e-06,,,,
False,,,,,,,,,,,,fing_x_face,9,0.001,li_V>face_G>ri_V,3,HYP,GP,main,0.030366182327270508,,,,
True,0.0899040986826111,0.0010000000000012232,0.08236455503473801,0.007237017099356265,0.0008240338065397347,0.0007842427532953277,0.015503875968992248,0.0010026637933614679,0.007722007722007722,1.2046332046332047,2.7817634910658167,fing_x_face,9,0.001,li_V>face_G>ri_V,3,MONO,GP,main,0.03469371795654297,0.0011074197120708748,0.007722007722007722,0.0013169315494896891,0.007722007722007722
True,0.10153221660856232,0.001000000000000137,0.09387005775500953,0.03954735641725467,0.000788233679734587,0.0009652218502096341,0.04263565891472868,0.0010026637933614679,0.02702702702702703,1.1737451737451738,1.6587501122384842,fing_x_face,9,0.001,li_V>face_G>ri_V,3,MONO-rel,GP,main,0.01882004737854004,0.001257071024512885,0.02702702702702703,0.0013917572057106941,0.023166023166023165
True,0.09543487427007717,0.0010000000000000642,0.08732382485516509,0.007237017099356265,0.0008240338065397347,0.0007842427532953277,0.015503875968992248,0.0010026637933614679,0.007722007722007722,1.2046332046332047,2.7817634910658167,fing_x_face,9,0.001,li_V>face_G>ri_V,3,LR-P1-N2,GP,main,0.020122051239013672,0.0011074197120708748,0.007722007722007722,0.0013169315494896891,0.007722007722007722
True,0.10208849044597056,0.001000000000000074,0.09432220312229195,0.04014740840429145,0.0007775922001346203,0.0009652218502096341,0.04263565891472868,0.0009577683996288647,0.02702702702702703,1.1737451737451738,1.647855496692706,fing_x_face,9,0.001,li_V>face_G>ri_V,3,LR-P1-N2-rel,GP,main,0.03250718116760254,0.001227140762024483,0.02702702702702703,0.001346861811978091,0.023166023166023165
True,0.10063107286628867,0.0010000000000081005,0.0898984989598088,0.007795435202770405,0.0008875380574291914,0.0008596507103429554,0.011627906976744186,0.0010325940558498698,0.007722007722007722,1.196911196911197,2.781583909490886,fing_x_face,9,0.001,li_V>face_G>ri_V,3,LR-P2-N2,GP,main,0.018802642822265625,0.001227140762024483,0.007722007722007722,0.0013618269432222922,0.007722007722007722
True,0.15599330224670974,0.001000000000000185,0.146033078226677,0.07144234679546037,0.0007258390419537658,0.0010557113986667873,0.06976744186046512,0.0010325940558498698,0.05405405405405406,1.1312741312741312,1.2402053216006705,fing_x_face,9,0.001,li_V>face_G>ri_V,3,LR-P2-N2-rel,GP,main,0.019289016723632812,0.001227140762024483,0.04633204633204633,0.0014965131244201013,0.05405405405405406
True,0.09964074202028898,0.0010000000000000998,0.0911976053697481,0.007237017099356265,0.0008385759813130487,0.0007993243447048532,0.015503875968992248,0.0010026637933614679,0.007722007722007722,1.2046332046332047,2.7817634910658167,fing_x_face,9,0.001,li_V>face_G>ri_V,3,LR-P1-N3,GP,main,0.023075580596923828,0.0011074197120708748,0.007722007722007722,0.0013169315494896891,0.007722007722007722
True,0.09151433602534446,0.0010000000000000553,0.08389015770484426,0.006823473265107335,0.0009108654604965024,0.0008596507103429554,0.015503875968992248,0.0010176289246056687,0.007722007722007722,1.2046332046332047,2.7817634910658167,fing_x_face,9,0.001,li_V>face_G>ri_V,3,NLS-N2,GP,main,0.01978611946105957,0.0011523151058034779,0.007722007722007722,0.00133189668073389,0.007722007722007722
True,0.09874019142137926,0.0010000000000065497,0.09033802383061126,0.007237017099356265,0.0008385759813130487,0.0007993243447048532,0.015503875968992248,0.0010026637933614679,0.007722007722007722,1.2046332046332047,2.7817634910658167,fing_x_face,9,0.001,li_V>face_G>ri_V,3,DE-N2,GP,main,0.024631977081298828,0.0011074197120708748,0.007722007722007722,0.0013169315494896891,0.007722007722007722
True,0.18667472544519717,0.0010000000000003786,0.1635399250211132,0.09853220471153483,0.0007832312467035171,0.0010557113986667873,0.09302325581395349,0.001287001287001287,0.07335907335907337,1.1042471042471043,1.0930082906827092,fing_x_face,9,0.001,li_V>face_G>ri_V,3,MAXMONO-K3,GP,main,0.047438621520996094,0.0016910598305947143,0.07335907335907337,0.0016461644368621112,0.07335907335907337
True,,,,,,0.0008294875275239043,0.027131782945736434,0.0007332914309658496,0.023166023166023165,1.4555984555984556,2.783035527221574,fing_x_face,9,0.001,li_V>face_G>ri_V,3,S1-Marcialis,rule,main,0.0036773681640625,,,,
True,,,,,,0.0008294875275239043,0.027131782945736434,0.0007332914309658496,0.023166023166023165,1.4555984555984556,2.783035527221574,fing_x_face,9,0.001,li_V>face_G>ri_V,3,S2-Symmetric,rule,main,0.04311370849609375,,,,
False,,,,,,,,,,,,fing_x_face,9,0.001,li_V>face_G>ri_V,3,S4-Direct,rule,main,5.245208740234375e-06,,,,
False,,,,,,,,,,,,fing_x_face,9,0.001,li_V>ri_V>face_C,3,HYP,GP,main,0.024470090866088867,,,,
True,0.08693459836677865,0.0010000000000000135,0.07994068301286393,0.008689311772688078,0.0008901881957524079,0.0010255482158477362,0.027131782945736434,0.0008829427434078596,0.02702702702702703,1.2084942084942085,2.1843105564035796,fing_x_face,9,0.001,li_V>ri_V>face_C,3,MONO,GP,main,0.02164316177368164,0.001122384843315076,0.02702702702702703,0.00118224536829188,0.02702702702702703
True,0.09339315881513768,0.0010000000000000811,0.08516666203117565,0.012989422315016288,0.0009114287813496501,0.001131119355714415,0.04263565891472868,0.0009876986621172668,0.03861003861003861,1.193050193050193,1.9981742539882075,fing_x_face,9,0.001,li_V>ri_V>face_C,3,MONO-rel,GP,main,0.01704692840576172,0.001242105893268684,0.03088803088803089,0.001257071024512885,0.03861003861003861
True,0.09171658181483902,0.0010000000000057298,0.0847276254576792,0.007653647081621976,0.0008026108993193506,0.000904895484571532,0.01937984496124031,0.0006584657747448446,0.023166023166023165,1.2162162162162162,2.281568944359642,fing_x_face,9,0.001,li_V>ri_V>face_C,3,LR-P1-N2,GP,main,0.026047706604003906,0.0008679776121636587,0.019305019305019305,0.0010176289246056687,0.019305019305019305
True,0.09370746416288712,0.0010000000000009897,0.08548988955356612,0.012989422315016288,0.0009138992901696842,0.001131119355714415,0.04263565891472868,0.0009876986621172668,0.03861003861003861,1.193050193050193,1.9981742539882075,fing_x_face,9,0.001,li_V>ri_V>face_C,3,LR-P1-N2-rel,GP,main,0.01650691032409668,0.001242105893268684,0.03088803088803089,0.001257071024512885,0.03861003861003861
True,0.09194112200371955,0.0010000000000010528,0.08460373293211097,0.007465799657053256,0.0009333473093086266,0.0010255482158477362,0.01937984496124031,0.0008829427434078596,0.023166023166023165,1.2123552123552124,2.2812247463410253,fing_x_face,9,0.001,li_V>ri_V>face_C,3,LR-P2-N2,GP,main,0.02599334716796875,0.00118224536829188,0.019305019305019305,0.001242105893268684,0.019305019305019305
True,0.14492716013598236,0.0010000000000001316,0.13296259752797676,0.06700667865722515,0.0007777913586387064,0.0011160377643048894,0.08139534883720931,0.0010625243183382718,0.05791505791505792,1.1467181467181466,1.3861602466253629,fing_x_face,9,0.001,li_V>ri_V>face_C,3,LR-P2-N2-rel,GP,main,0.018945932388305664,0.0013917572057106941,0.04247104247104247,0.0014965131244201013,0.05019305019305019
True,0.09600687064836219,0.0010000000000008643,0.08876423530539478,0.007653647081621976,0.0008026108993193506,0.000904895484571532,0.01937984496124031,0.0006584657747448446,0.023166023166023165,1.2162162162162162,2.281568944359642,fing_x_face,9,0.001,li_V>ri_V>face_C,3,LR-P1-N3,GP,main,0.019841909408569336,0.0008679776121636587,0.019305019305019305,0.0010176289246056687,0.019305019305019305
True,0.08861919009578614,0.0010000000000004753,0.08165839857469356,0.008832555624033104,0.0008387935885623302,0.0009803034416191597,0.027131782945736434,0.0007632216934542516,0.02702702702702703,1.2123552123552124,2.184579928765975,fing_x_face,9,0.001,li_V>ri_V>face_C,3,NLS-N2,GP,main,0.02198052406311035,0.0008829427434078596,0.02702702702702703,0.001137349974559277,0.02702702702702703
True,0.09516621839136107,0.0010000000000009142,0.0878939380364425,0.007653647081621976,0.0008216690826012281,0.0009199770759810575,0.01937984496124031,0.0007332914309658496,0.023166023166023165,1.2162162162162162,2.2814941187034212,fing_x_face,9,0.001,li_V>ri_V>face_C,3,DE-N2,GP,main,0.02063465118408203,0.0008979078746520607,0.019305019305019305,0.0010625243183382718,0.019305019305019305
True,0.14495123814610542,0.0010000000000004604,0.13231159077424232,0.07549742883109756,0.0007928628144035625,0.0012819352698096704,0.08527131782945736,0.001092454580826674,0.06563706563706563,1.135135135135135,1.2621741342671575,fing_x_face,9,0.001,li_V>ri_V>face_C,3,MAXMONO-K3,GP,main,0.03712344169616699,0.0014516177306874982,0.06563706563706563,0.0014516177306874982,0.06177606177606178
True,,,,,,0.0009953850330286851,0.011627906976744186,0.00046391906857023134,0.015444015444015444,1.4517374517374517,2.9226003412049923,fing_x_face,9,0.001,li_V>ri_V>face_C,3,S1-Marcialis,rule,main,0.0024149417877197266,,,,
True,,,,,,0.0009953850330286851,0.011627906976744186,0.00046391906857023134,0.015444015444015444,1.4517374517374517,2.9226003412049923,fing_x_face,9,0.001,li_V>ri_V>face_C,3,S2-Symmetric,rule,main,0.014805078506469727,,,,
False,,,,,,,,,,,,fing_x_face,9,0.001,li_V>ri_V>face_C,3,S4-Direct,rule,main,1.52587890625e-05,,,,
False,,,,,,,,,,,,fing_x_face,9,0.001,li_V>ri_V>face_G,3,HYP,GP,main,0.016661882400512695,,,,
True,0.08865325802837701,0.001000000000000088,0.0806887256094317,0.010779973251831075,0.000905186710946735,0.0010406298072572619,0.031007751937984496,0.001167280237047679,0.02702702702702703,1.2084942084942085,2.1842357307473588,fing_x_face,9,0.001,li_V>ri_V>face_G,3,MONO,GP,main,0.021955490112304688,0.00133189668073389,0.02702702702702703,0.001421687468199096,0.02702702702702703
True,0.09469866323384986,0.0010000000000007898,0.08588899687536107,0.013773420369694912,0.0009051546890816921,0.0009953850330286851,0.03488372093023256,0.001212175630780282,0.03861003861003861,1.193050193050193,1.9980994283319864,fing_x_face,9,0.001,li_V>ri_V>face_G,3,MONO-rel,GP,main,0.01672840118408203,0.001376792074466493,0.03474903474903475,0.0013917572057106941,0.03861003861003861
True,0.09378072860629816,0.0010000000000008448,0.08559220913777282,0.009258444050349165,0.0008412043785515919,0.0010255482158477362,0.01937984496124031,0.0010325940558498698,0.023166023166023165,1.2162162162162162,2.281479153572177,fing_x_face,9,0.001,li_V>ri_V>face_G,3,LR-P1-N2,GP,main,0.02823162078857422,0.00118224536829188,0.019305019305019305,0.0014516177306874982,0.019305019305019305
True,0.09506050704956692,0.0010000000000005037,0.08625823114747722,0.013773420369694912,0.0009076234432789847,0.0009953850330286851,0.03488372093023256,0.001212175630780282,0.03861003861003861,1.193050193050193,1.9980994283319864,fing_x_face,9,0.001,li_V>ri_V>face_G,3,LR-P1-N2-rel,GP,main,0.027356624603271484,0.001376792074466493,0.03474903474903475,0.0013917572057106941,0.03861003861003861
True,0.09359611241349255,0.0010000000000020787,0.08519336174876328,0.008098343542078057,0.0009417657698944776,0.0009652218502096341,0.015503875968992248,0.0011074197120708748,0.011583011583011582,1.223938223938224,2.7449043728113494,fing_x_face,9,0.001,li_V>ri_V>face_G,3,LR-P2-N2,GP,main,0.023386716842651367,0.001346861811978091,0.011583011583011582,0.0014516177306874982,0.011583011583011582
True,0.14717763544120027,0.0010000000000001867,0.13422212356065544,0.06573006150401851,0.0007974221163456962,0.001100956172895364,0.06976744186046512,0.0011074197120708748,0.05791505791505792,1.1505791505791505,1.3932537188351142,fing_x_face,9,0.001,li_V>ri_V>face_G,3,LR-P2-N2-rel,GP,main,0.020524978637695312,0.0014516177306874982,0.04633204633204633,0.0015264433869085032,0.05019305019305019
True,0.09802884418932117,0.001000000000000725,0.08957534096099604,0.009258444050349165,0.0008412043785515919,0.0010255482158477362,0.01937984496124031,0.0010325940558498698,0.023166023166023165,1.2162162162162162,2.281479153572177,fing_x_face,9,0.001,li_V>ri_V>face_G,3,LR-P1-N3,GP,main,0.021198749542236328,0.00118224536829188,0.019305019305019305,0.0014516177306874982,0.019305019305019305
True,0.0900148837343961,0.0010000000000049013,0.08225508850061695,0.010326251264156101,0.000790052635798285,0.000904895484571532,0.027131782945736434,0.0010176289246056687,0.02702702702702703,1.2123552123552124,2.184564963634731,fing_x_face,9,0.001,li_V>ri_V>face_G,3,NLS-N2,GP,main,0.021148681640625,0.001137349974559277,0.02702702702702703,0.001272036155757086,0.02702702702702703
True,0.0970439527795515,0.0010000000000004816,0.08865484792537656,0.009258444050349165,0.0008362016054400991,0.0010104666244382108,0.01937984496124031,0.0010026637933614679,0.023166023166023165,1.2162162162162162,2.281479153572177,fing_x_face,9,0.001,li_V>ri_V>face_G,3,DE-N2,GP,main,0.021576404571533203,0.001122384843315076,0.019305019305019305,0.0014516177306874982,0.019305019305019305
True,0.15872631221910558,0.001000000000000107,0.14045845413984354,0.08219640804979203,0.0008668035080514031,0.0011914457213525172,0.09302325581395349,0.0014067223369548952,0.07722007722007722,1.1042471042471043,1.143545538894376,fing_x_face,9,0.001,li_V>ri_V>face_G,3,MAXMONO-K3,GP,main,0.03150224685668945,0.0019305019305019305,0.07335907335907337,0.0019305019305019305,0.06563706563706563
True,,,,,,0.0009953850330286851,0.015503875968992248,0.0014965131244201013,0.015444015444015444,1.4517374517374517,2.9226003412049923,fing_x_face,9,0.001,li_V>ri_V>face_G,3,S1-Marcialis,rule,main,0.0023827552795410156,,,,
True,,,,,,0.0009953850330286851,0.015503875968992248,0.0014965131244201013,0.015444015444015444,1.4517374517374517,2.9226003412049923,fing_x_face,9,0.001,li_V>ri_V>face_G,3,S2-Symmetric,rule,main,0.01338505744934082,,,,
False,,,,,,,,,,,,fing_x_face,9,0.001,li_V>ri_V>face_G,3,S4-Direct,rule,main,4.291534423828125e-06,,,,
False,,,,,,,,,,,,fing_x_face,9,0.001,ri_V>face_C>face_G,3,HYP,GP,main,0.017670869827270508,,,,
True,0.05776513327591722,0.0010000000000005616,0.053097711144568564,0.005395751317494058,0.000940053218409408,0.0017193014206859107,0.007751937984496124,0.0018407111430367245,0.003861003861003861,1.1544401544401544,2.1947711831432763,fing_x_face,9,0.001,ri_V>face_C>face_G,3,MONO,GP,main,0.020911693572998047,0.0019604321929903327,0.003861003861003861,0.0022148394241417496,0.003861003861003861
True,0.05496222017237566,0.0010000000000005972,0.05049286814620589,0.01947895107302455,0.0009141235089681313,0.0026996048623050706,0.015503875968992248,0.0023944209990721618,0.015444015444015444,1.1428571428571428,1.5000299302624884,fing_x_face,9,0.001,ri_V>face_C>face_G,3,MONO-rel,GP,main,0.02183985710144043,0.002753584148932986,0.015444015444015444,0.0031127472987938104,0.015444015444015444
True,0.05733102671838661,0.0010000000000001637,0.052532171803261626,0.005795436600271395,0.0009158367210094958,0.0018550357433716406,0.007751937984496124,0.0019305019305019305,0.003861003861003861,1.1544401544401544,2.1505043249229296,fing_x_face,9,0.001,ri_V>face_C>face_G,3,LR-P1-N2,GP,main,0.01949310302734375,0.0020352578492113375,0.003861003861003861,0.002334560474095358,0.003861003861003861
True,0.05459743586324619,0.00100000000000036,0.05020564572788481,0.022839591575677706,0.0007492710764976228,0.002141585980152626,0.01937984496124031,0.0018107808805483223,0.023166023166023165,1.135135135135135,1.35334171380683,fing_x_face,9,0.001,ri_V>face_C>face_G,3,LR-P1-N2-rel,GP,main,0.02216339111328125,0.0021998742928975488,0.015444015444015444,0.0022148394241417496,0.019305019305019305
True,0.0585185442928582,0.0010000000000008342,0.053465643496628315,0.010412546950210301,0.0009155087135056819,0.0011160377643048894,0.01937984496124031,0.0009727335308730657,0.007722007722007722,1.1544401544401544,2.4295441621023017,fing_x_face,9,0.001,ri_V>face_C>face_G,3,LR-P2-N2,GP,main,0.020583391189575195,0.0010325940558498698,0.007722007722007722,0.0011074197120708748,0.007722007722007722
True,0.059137641078575276,0.0010000000000000518,0.05490026201146467,0.029634357841308172,0.0008794126987895631,0.0026091153138479172,0.027131782945736434,0.0019753973242345336,0.02702702702702703,1.1312741312741312,1.2493490167908772,fing_x_face,9,0.001,ri_V>face_C>face_G,3,LR-P2-N2-rel,GP,main,0.017987489700317383,0.00236449073658376,0.02702702702702703,0.002484211786537368,0.02702702702702703
True,0.05735963465183894,0.0010000000000002312,0.052545500922801726,0.005795436600271395,0.0009147679916645449,0.001870117334781166,0.007751937984496124,0.0019604321929903327,0.003861003861003861,1.1544401544401544,2.145326389512436,fing_x_face,9,0.001,ri_V>face_C>face_G,3,LR-P1-N3,GP,main,0.030129194259643555,0.0020352578492113375,0.003861003861003861,0.0023495256053395587,0.003861003861003861
True,0.054855991551829936,0.0010000000000003307,0.05032435832628063,0.005395751317494058,0.0009294077645767094,0.001839954151962115,0.007751937984496124,0.0019155367992577295,0.003861003861003861,1.1544401544401544,2.1604711023315675,fing_x_face,9,0.001,ri_V>face_C>face_G,3,NLS-N2,GP,main,0.025213956832885742,0.0020053275867229358,0.003861003861003861,0.002289665080362755,0.003861003861003861
True,0.0570779367793473,0.0010000000000000625,0.052433930238081426,0.005395751317494058,0.0009292422252228656,0.0016589750550478086,0.007751937984496124,0.0017509203555715184,0.003861003861003861,1.1544401544401544,2.2022986441591095,fing_x_face,9,0.001,ri_V>face_C>face_G,3,DE-N2,GP,main,0.023394107818603516,0.0019155367992577295,0.003861003861003861,0.0021250486366765436,0.003861003861003861
True,0.12251382296654038,0.0010000000000002277,0.11445568232500933,0.07019705695608446,0.0008009194448386703,0.0011612825385334661,0.06976744186046512,0.0007183262997216486,0.05019305019305019,1.0617760617760619,1.0211008350543234,fing_x_face,9,0.001,ri_V>face_C>face_G,3,MAXMONO-K3,GP,main,0.029407739639282227,0.0008081170871868546,0.05019305019305019,0.0009727335308730657,0.05019305019305019
True,,,,,,0.0009953850330286851,0.031007751937984496,0.0013917572057106941,0.019305019305019305,1.250965250965251,2.599488192511448,fing_x_face,9,0.001,ri_V>face_C>face_G,3,S1-Marcialis,rule,main,0.003357410430908203,,,,
True,,,,,,0.0009953850330286851,0.031007751937984496,0.0013917572057106941,0.019305019305019305,1.250965250965251,2.599488192511448,fing_x_face,9,0.001,ri_V>face_C>face_G,3,S2-Symmetric,rule,main,0.029443979263305664,,,,
False,,,,,,,,,,,,fing_x_face,9,0.001,ri_V>face_C>face_G,3,S4-Direct,rule,main,4.5299530029296875e-06,,,,
False,,,,,,,,,,,,fing_x_face,9,0.001,ri_V>face_C>li_V,3,HYP,GP,main,0.0862569808959961,,,,
True,0.05713695540382498,0.0010000000000015758,0.05276864678765903,0.005486064818890859,0.000908245104432729,0.0009199770759810575,0.015503875968992248,0.0006435006435006435,0.007722007722007722,1.1544401544401544,2.505462272904133,fing_x_face,9,0.001,ri_V>face_C>li_V,3,MONO,GP,main,0.03358125686645508,0.0007183262997216486,0.007722007722007722,0.0007632216934542516,0.007722007722007722
True,0.05917321799899962,0.0010000000000003261,0.053821919423789374,0.022983068343854187,0.0008395065981348977,0.0013422616354477725,0.023255813953488372,0.0007183262997216486,0.02702702702702703,1.135135135135135,1.359357696566999,fing_x_face,9,0.001,ri_V>face_C>li_V,3,MONO-rel,GP,main,0.023495912551879883,0.001092454580826674,0.019305019305019305,0.001137349974559277,0.023166023166023165
True,0.05638783209712941,0.0010000000000005465,0.052004214240331206,0.005284300613642684,0.0008442937047657298,0.0008294875275239043,0.015503875968992248,0.0006285355122564425,0.007722007722007722,1.1544401544401544,2.599039238574122,fing_x_face,9,0.001,ri_V>face_C>li_V,3,LR-P1-N2,GP,main,0.022113561630249023,0.0006883960372332465,0.007722007722007722,0.0007183262997216486,0.007722007722007722
True,0.05887487914270017,0.0010000000000006965,0.053593640022016734,0.02256242054624587,0.0008543197393041257,0.0013724248182668236,0.023255813953488372,0.0007183262997216486,0.02702702702702703,1.135135135135135,1.3600610577354764,fing_x_face,9,0.001,ri_V>face_C>li_V,3,LR-P1-N2-rel,GP,main,0.0199735164642334,0.001092454580826674,0.019305019305019305,0.0011523151058034779,0.023166023166023165
True,0.05722907479676494,0.0010000000000000117,0.05273538686421701,0.0051939871122458825,0.0009109928757954238,0.0009199770759810575,0.015503875968992248,0.0007033611684774476,0.007722007722007722,1.1544401544401544,2.599039238574122,fing_x_face,9,0.001,ri_V>face_C>li_V,3,LR-P2-N2,GP,main,0.018080949783325195,0.0007482565622100506,0.007722007722007722,0.0008081170871868546,0.007722007722007722
True,0.06875779201130405,0.0010000000000004497,0.0626261316721195,0.03473005405067991,0.0007558154348745046,0.0013724248182668236,0.03488372093023256,0.0007781868246984526,0.04247104247104247,1.111969111969112,1.116578372392326,fing_x_face,9,0.001,ri_V>face_C>li_V,3,LR-P2-N2-rel,GP,main,0.017202138900756836,0.0009876986621172668,0.04247104247104247,0.001287001287001287,0.03474903474903475
True,0.05628612712743649,0.0010000000000006237,0.051931615240393185,0.00486155656455127,0.0008593677910925326,0.0008445691189334298,0.015503875968992248,0.0006285355122564425,0.007722007722007722,1.1544401544401544,2.599039238574122,fing_x_face,9,0.001,ri_V>face_C>li_V,3,LR-P1-N3,GP,main,0.02288985252380371,0.0007183262997216486,0.007722007722007722,0.0007781868246984526,0.007722007722007722
True,0.05388134005931955,0.0010000000000004604,0.04977385250421748,0.005486064818890859,0.0009245789270512686,0.000935058667390583,0.015503875968992248,0.0006584657747448446,0.007722007722007722,1.1544401544401544,2.5500733291430966,fing_x_face,9,0.001,ri_V>face_C>li_V,3,NLS-N2,GP,main,0.03493618965148926,0.0007632216934542516,0.007722007722007722,0.0008380473496752566,0.007722007722007722
True,0.05583258997674111,0.0010000000000007995,0.0517189649921417,0.00486155656455127,0.0008593677910925326,0.0008445691189334298,0.015503875968992248,0.0006285355122564425,0.007722007722007722,1.1544401544401544,2.599039238574122,fing_x_face,9,0.001,ri_V>face_C>li_V,3,DE-N2,GP,main,0.032312870025634766,0.0007183262997216486,0.007722007722007722,0.0007781868246984526,0.007722007722007722
True,0.12449807652075215,0.0010000000000007071,0.11599625619098715,0.07039515272123721,0.0008165782154568255,0.0012970168612191958,0.06976744186046512,0.0008380473496752566,0.05019305019305019,1.0617760617760619,1.0202777528358924,fing_x_face,9,0.001,ri_V>face_C>li_V,3,MAXMONO-K3,GP,main,0.052247047424316406,0.0010026637933614679,0.05019305019305019,0.001122384843315076,0.05019305019305019
True,,,,,,0.0007691611618858022,0.027131782945736434,0.0009577683996288647,0.03861003861003861,1.250965250965251,2.599488192511448,fing_x_face,9,0.001,ri_V>face_C>li_V,3,S1-Marcialis,rule,main,0.004927158355712891,,,,
True,,,,,,0.0007691611618858022,0.027131782945736434,0.0009577683996288647,0.03861003861003861,1.250965250965251,2.599488192511448,fing_x_face,9,0.001,ri_V>face_C>li_V,3,S2-Symmetric,rule,main,0.04880547523498535,,,,
False,,,,,,,,,,,,fing_x_face,9,0.001,ri_V>face_C>li_V,3,S4-Direct,rule,main,1.0013580322265625e-05,,,,
False,,,,,,,,,,,,fing_x_face,9,0.001,ri_V>face_G>face_C,3,HYP,GP,main,0.05498790740966797,,,,
True,0.06122046926448824,0.0010000000000002986,0.05510033060642575,0.007090570641578729,0.0008821594676253046,0.0015232407323620789,0.011627906976744186,0.0010625243183382718,0.007722007722007722,1.1467181467181466,2.3222441710813806,fing_x_face,9,0.001,ri_V>face_G>face_C,3,MONO,GP,main,0.041152238845825195,0.001272036155757086,0.007722007722007722,0.0015264433869085032,0.007722007722007722
True,0.05589316455187608,0.001000000000000296,0.05091829626745724,0.02211999502489648,0.0007944336080645371,0.0030163182819051065,0.023255813953488372,0.0021549788991649457,0.015444015444015444,1.1312741312741312,1.5049684235730747,fing_x_face,9,0.001,ri_V>face_G>face_C,3,MONO-rel,GP,main,0.04094266891479492,0.0026787584927119813,0.015444015444015444,0.0029182005926191973,0.015444015444015444
True,0.06036319137806597,0.0010000000000009168,0.054415128916073086,0.007211629164727634,0.0008815248243057649,0.0014176695924954,0.011627906976744186,0.0010625243183382718,0.007722007722007722,1.1467181467181466,2.3654185747209002,fing_x_face,9,0.001,ri_V>face_G>face_C,3,LR-P1-N2,GP,main,0.03441667556762695,0.0011074197120708748,0.007722007722007722,0.001346861811978091,0.007722007722007722
True,0.05557890410749429,0.001000000000000041,0.05068726139409879,0.02211999502489648,0.0008104595280439078,0.0030464814647241578,0.023255813953488372,0.0021549788991649457,0.015444015444015444,1.1312741312741312,1.5061357038101224,fing_x_face,9,0.001,ri_V>face_G>face_C,3,LR-P1-N2-rel,GP,main,0.017852306365966797,0.002693723623956182,0.015444015444015444,0.0029630959863518004,0.015444015444015444
True,0.06496180727952858,0.001000000000000041,0.05693959116113874,0.007099305022758304,0.0009459233493723373,0.001387506409676349,0.011627906976744186,0.0009577683996288647,0.007722007722007722,1.1274131274131274,2.4196671754811288,fing_x_face,9,0.001,ri_V>face_G>face_C,3,LR-P2-N2,GP,main,0.020731687545776367,0.001047559187094071,0.007722007722007722,0.001346861811978091,0.007722007722007722
True,0.059867252426986116,0.0010000000000000642,0.055061319063384864,0.032821242387695654,0.0007418562235966978,0.0028353391849908,0.03488372093023256,0.0021100835054323427,0.02702702702702703,1.1158301158301158,1.2510550417527162,fing_x_face,9,0.001,ri_V>face_G>face_C,3,LR-P2-N2-rel,GP,main,0.021407365798950195,0.002469246655293167,0.02702702702702703,0.002708688755200383,0.02702702702702703
True,0.06036449579273322,0.00100000000000066,0.054416273422612654,0.007211629164727634,0.0008853993092650704,0.0014327511839049257,0.011627906976744186,0.0010625243183382718,0.007722007722007722,1.1467181467181466,2.364071712908922,fing_x_face,9,0.001,ri_V>face_G>face_C,3,LR-P1-N3,GP,main,0.022429227828979492,0.001137349974559277,0.007722007722007722,0.0014067223369548952,0.007722007722007722
True,0.058140039732387475,0.0010000000000015261,0.052333148696035295,0.007282727027529372,0.000855401668276642,0.0017645461949144874,0.011627906976744186,0.0011523151058034779,0.007722007722007722,1.1467181467181466,2.240639310406752,fing_x_face,9,0.001,ri_V>face_G>face_C,3,NLS-N2,GP,main,0.02184271812438965,0.0013169315494896891,0.007722007722007722,0.0016910598305947143,0.007722007722007722
True,0.060588530969965415,0.0010000000000002418,0.05452249709511663,0.007211629164727634,0.0008789196259855162,0.0014025880010858746,0.011627906976744186,0.001047559187094071,0.007722007722007722,1.1467181467181466,2.3680973332136124,fing_x_face,9,0.001,ri_V>face_G>face_C,3,DE-N2,GP,main,0.018431663513183594,0.001092454580826674,0.007722007722007722,0.001346861811978091,0.007722007722007722
True,0.15229877169003217,0.001000000000000725,0.1362686741191996,0.0714736741092911,0.0007132479794611268,0.001100956172895364,0.06976744186046512,0.0008081170871868546,0.05019305019305019,1.057915057915058,1.0164017838436443,fing_x_face,9,0.001,ri_V>face_G>face_C,3,MAXMONO-K3,GP,main,0.03461480140686035,0.0010774894495824729,0.05019305019305019,0.0010625243183382718,0.05019305019305019
True,,,,,,0.0009953850330286851,0.015503875968992248,0.0005088144623028344,0.019305019305019305,1.22007722007722,2.8547634012750294,fing_x_face,9,0.001,ri_V>face_G>face_C,3,S1-Marcialis,rule,main,0.0024220943450927734,,,,
True,,,,,,0.0009953850330286851,0.015503875968992248,0.0005088144623028344,0.019305019305019305,1.22007722007722,2.8547634012750294,fing_x_face,9,0.001,ri_V>face_G>face_C,3,S2-Symmetric,rule,main,0.03890347480773926,,,,
False,,,,,,,,,,,,fing_x_face,9,0.001,ri_V>face_G>face_C,3,S4-Direct,rule,main,5.0067901611328125e-06,,,,
False,,,,,,,,,,,,fing_x_face,9,0.001,ri_V>face_G>li_V,3,HYP,GP,main,0.014395713806152344,,,,
True,0.0622163285775403,0.001000000000000073,0.05557889598631603,0.007080962822281198,0.0008081720172414255,0.0008144059361143788,0.015503875968992248,0.0009727335308730657,0.007722007722007722,1.1467181467181466,2.854075005237796,fing_x_face,9,0.001,ri_V>face_G>li_V,3,MONO,GP,main,0.01678299903869629,0.001092454580826674,0.007722007722007722,0.001137349974559277,0.007722007722007722
True,0.06126712604688184,0.0010000000000001557,0.0549824976130039,0.02578086532329555,0.0007836257758169882,0.0012517720869906193,0.027131782945736434,0.0009128730058962617,0.02702702702702703,1.1196911196911197,1.3671844602077161,fing_x_face,9,0.001,ri_V>face_G>li_V,3,MONO-rel,GP,main,0.01901555061340332,0.001212175630780282,0.019305019305019305,0.0013618269432222922,0.023166023166023165
True,0.06119438258750253,0.0010000000044453315,0.054745727243163955,0.007080962822281198,0.0008081720172414255,0.0008144059361143788,0.015503875968992248,0.0009727335308730657,0.007722007722007722,1.1467181467181466,2.854075005237796,fing_x_face,9,0.001,ri_V>face_G>li_V,3,LR-P1-N2,GP,main,0.027414560317993164,0.001092454580826674,0.007722007722007722,0.001137349974559277,0.007722007722007722
True,0.061037618219533574,0.0010000000000000447,0.05482407674285009,0.02578086532329555,0.0007990433434521838,0.0012819352698096704,0.027131782945736434,0.0009577683996288647,0.02702702702702703,1.1196911196911197,1.3680225075573913,fing_x_face,9,0.001,ri_V>face_G>li_V,3,LR-P1-N2-rel,GP,main,0.02774667739868164,0.001212175630780282,0.019305019305019305,0.0013917572057106941,0.023166023166023165
True,0.06524514078559368,0.0010000000000003092,0.05687817021913981,0.007071355002983663,0.0008534032796371515,0.0008596507103429554,0.015503875968992248,0.0010026637933614679,0.007722007722007722,1.1235521235521235,2.8539702493190866,fing_x_face,9,0.001,ri_V>face_G>li_V,3,LR-P2-N2,GP,main,0.017732858657836914,0.0010625243183382718,0.007722007722007722,0.00118224536829188,0.007722007722007722
True,0.07102667652442789,0.0010000000000009825,0.06367095039405421,0.033052878176577975,0.000850890545324321,0.0013724248182668236,0.031007751937984496,0.001167280237047679,0.03861003861003861,1.1081081081081081,1.171455508664811,fing_x_face,9,0.001,ri_V>face_G>li_V,3,LR-P2-N2-rel,GP,main,0.021816253662109375,0.0014815479931759002,0.03474903474903475,0.0016012690431295082,0.03474903474903475
True,0.06096950828374706,0.0010000000000000642,0.054604649968201996,0.006866388191302979,0.0009438355176538719,0.0009501402588001085,0.015503875968992248,0.0010774894495824729,0.007722007722007722,1.1235521235521235,2.8538954236628653,fing_x_face,9,0.001,ri_V>face_G>li_V,3,LR-P1-N3,GP,main,0.020125865936279297,0.001167280237047679,0.007722007722007722,0.001272036155757086,0.007722007722007722
True,0.058385346752242606,0.0010000000000000057,0.0523965045429298,0.007080962822281198,0.0008081720172414255,0.0008144059361143788,0.015503875968992248,0.0009727335308730657,0.007722007722007722,1.1467181467181466,2.854075005237796,fing_x_face,9,0.001,ri_V>face_G>li_V,3,NLS-N2,GP,main,0.022969484329223633,0.001092454580826674,0.007722007722007722,0.001137349974559277,0.007722007722007722
True,0.06102509933458939,0.0010000000000000597,0.05462526564207647,0.006866388191302979,0.0009438355176538719,0.0009501402588001085,0.015503875968992248,0.0010774894495824729,0.007722007722007722,1.1235521235521235,2.8538954236628653,fing_x_face,9,0.001,ri_V>face_G>li_V,3,DE-N2,GP,main,0.02287912368774414,0.001167280237047679,0.007722007722007722,0.001272036155757086,0.007722007722007722
True,0.1567932121598298,0.001000000000000185,0.13519524087966098,0.07071215252884792,0.0007011941359386905,0.0008898138931620064,0.06976744186046512,0.0007332914309658496,0.05405405405405406,1.057915057915058,1.0227021040974529,fing_x_face,9,0.001,ri_V>face_G>li_V,3,MAXMONO-K3,GP,main,0.05181241035461426,0.0009577683996288647,0.05405405405405406,0.0009577683996288647,0.05405405405405406
True,,,,,,0.0009199770759810575,0.023255813953488372,0.0011972104995360809,0.023166023166023165,1.22007722007722,2.8547634012750294,fing_x_face,9,0.001,ri_V>face_G>li_V,3,S1-Marcialis,rule,main,0.0032417774200439453,,,,
True,,,,,,0.0009199770759810575,0.023255813953488372,0.0011972104995360809,0.023166023166023165,1.22007722007722,2.8547634012750294,fing_x_face,9,0.001,ri_V>face_G>li_V,3,S2-Symmetric,rule,main,0.04692578315734863,,,,
False,,,,,,,,,,,,fing_x_face,9,0.001,ri_V>face_G>li_V,3,S4-Direct,rule,main,5.7220458984375e-06,,,,
False,,,,,,,,,,,,fing_x_face,9,0.001,ri_V>li_V>face_C,3,HYP,GP,main,0.05224108695983887,,,,
True,0.06280283218312509,0.0010000000000003964,0.05573965201372375,0.014383487780484271,0.0008440792551416324,0.0010557113986667873,0.03488372093023256,0.0006285355122564425,0.03088803088803089,1.1505791505791505,2.250291820059262,fing_x_face,9,0.001,ri_V>li_V>face_C,3,MONO,GP,main,0.023635387420654297,0.0007781868246984526,0.03088803088803089,0.0008380473496752566,0.03088803088803089
True,0.06602598298422828,0.0010000000000005668,0.0582402408956116,0.02654506544730047,0.0008680805335257211,0.0012216089041715682,0.05426356589147287,0.0009577683996288647,0.04633204633204633,1.111969111969112,1.5178085061805993,fing_x_face,9,0.001,ri_V>li_V>face_C,3,MONO-rel,GP,main,0.023398876190185547,0.0011523151058034779,0.04633204633204633,0.0014965131244201013,0.04633204633204633
True,0.06204393873421821,0.0010000000000086387,0.055048862609945376,0.010145857178193954,0.0008876946026195156,0.0009803034416191597,0.031007751937984496,0.0005836401185238395,0.03088803088803089,1.1544401544401544,2.3660770404956453,fing_x_face,9,0.001,ri_V>li_V>face_C,3,LR-P1-N2,GP,main,0.02439117431640625,0.0007632216934542516,0.03088803088803089,0.0008679776121636587,0.03088803088803089
True,0.06595493571501068,0.0010000000000003413,0.0582582037929825,0.03002670624389467,0.0007394716238017106,0.0010557113986667873,0.05813953488372093,0.0008081170871868546,0.05019305019305019,1.1042471042471043,1.3667654365328783,fing_x_face,9,0.001,ri_V>li_V>face_C,3,LR-P1-N2-rel,GP,main,0.020917177200317383,0.0010625243183382718,0.04633204633204633,0.001272036155757086,0.05019305019305019
True,0.06311123245667437,0.0010000000000006451,0.05577177417666746,0.010015423752578972,0.0009066417379886707,0.0009953850330286851,0.031007751937984496,0.0006584657747448446,0.03088803088803089,1.1544401544401544,2.366002214839424,fing_x_face,9,0.001,ri_V>li_V>face_C,3,LR-P2-N2,GP,main,0.024306297302246094,0.0008530124809194577,0.03088803088803089,0.0009428032683846638,0.03088803088803089
True,0.08180942631309639,0.001000000000000916,0.07329240078197607,0.048920453777887715,0.0005975151181299039,0.001100956172895364,0.05813953488372093,0.0007632216934542516,0.05791505791505792,1.1003861003861004,1.0963155846876778,fing_x_face,9,0.001,ri_V>li_V>face_C,3,LR-P2-N2-rel,GP,main,0.01964879035949707,0.0011074197120708748,0.05019305019305019,0.001212175630780282,0.05405405405405406
True,0.06244361850595729,0.0010000000000001095,0.05523232540786915,0.010976904432826553,0.0007967417139836458,0.0009803034416191597,0.031007751937984496,0.0005237795935470355,0.03088803088803089,1.1505791505791505,2.256607105444315,fing_x_face,9,0.001,ri_V>li_V>face_C,3,LR-P1-N3,GP,main,0.02305769920349121,0.0006883960372332465,0.03088803088803089,0.0007632216934542516,0.03088803088803089
True,0.06009932459366242,0.0010000000000002108,0.053169272634614996,0.01081665765278529,0.0007915981860550658,0.0009199770759810575,0.031007751937984496,0.0005387447247912364,0.03861003861003861,1.1428571428571428,2.1776061776061777,fing_x_face,9,0.001,ri_V>li_V>face_C,3,NLS-N2,GP,main,0.0210418701171875,0.0006734309059890455,0.03088803088803089,0.0007332914309658496,0.03861003861003861
True,0.06247600650709975,0.001000000000000385,0.05522158007298832,0.014509845161548785,0.000782984506184002,0.0009501402588001085,0.03488372093023256,0.0005237795935470355,0.03088803088803089,1.1505791505791505,2.250366645715483,fing_x_face,9,0.001,ri_V>li_V>face_C,3,DE-N2,GP,main,0.0225222110748291,0.0006883960372332465,0.03088803088803089,0.0007482565622100506,0.03088803088803089
True,0.1357955501884355,0.0010000000000008565,0.12386697050938365,0.06684386979203787,0.000715104931736695,0.0011914457213525172,0.06976744186046512,0.0007332914309658496,0.0694980694980695,1.057915057915058,1.0330130795247074,fing_x_face,9,0.001,ri_V>li_V>face_C,3,MAXMONO-K3,GP,main,0.03195476531982422,0.0010176289246056687,0.0694980694980695,0.001167280237047679,0.06563706563706563
True,,,,,,0.0009953850330286851,0.011627906976744186,0.00046391906857023134,0.015444015444015444,1.274131274131274,2.961300170602496,fing_x_face,9,0.001,ri_V>li_V>face_C,3,S1-Marcialis,rule,main,0.002217531204223633,,,,
True,,,,,,0.0009953850330286851,0.011627906976744186,0.00046391906857023134,0.015444015444015444,1.274131274131274,2.961300170602496,fing_x_face,9,0.001,ri_V>li_V>face_C,3,S2-Symmetric,rule,main,0.016172170639038086,,,,
False,,,,,,,,,,,,fing_x_face,9,0.001,ri_V>li_V>face_C,3,S4-Direct,rule,main,3.337860107421875e-06,,,,
False,,,,,,,,,,,,fing_x_face,9,0.001,ri_V>li_V>face_G,3,HYP,GP,main,0.04877758026123047,,,,
True,0.06454249382788878,0.0010000000000009274,0.05650222889124088,0.012208568637562311,0.0008720484831189251,0.0009652218502096341,0.027131782945736434,0.0009727335308730657,0.02702702702702703,1.1467181467181466,2.256397593606896,fing_x_face,9,0.001,ri_V>li_V>face_G,3,MONO,GP,main,0.04522967338562012,0.001137349974559277,0.02702702702702703,0.0011523151058034779,0.02702702702702703
True,0.06712312321670391,0.0010000000000007516,0.058928067364602224,0.030573827880983225,0.0007133481599410591,0.0009953850330286851,0.05426356589147287,0.0009278381371404627,0.05019305019305019,1.1042471042471043,1.3667654365328783,fing_x_face,9,0.001,ri_V>li_V>face_G,3,MONO-rel,GP,main,0.03265786170959473,0.0011972104995360809,0.04633204633204633,0.001421687468199096,0.05019305019305019
True,0.06411687664496762,0.0010000000000017978,0.055919324678693344,0.012527198862993198,0.0008151224997055349,0.000904895484571532,0.027131782945736434,0.0008380473496752566,0.02702702702702703,1.1505791505791505,2.2565322797880936,fing_x_face,9,0.001,ri_V>li_V>face_G,3,LR-P1-N2,GP,main,0.020838022232055664,0.0010325940558498698,0.02702702702702703,0.0010176289246056687,0.02702702702702703
True,0.06707078686725129,0.001000000000000907,0.058959309893358514,0.030473207809794525,0.0007648980199724247,0.0010557113986667873,0.05426356589147287,0.001047559187094071,0.05019305019305019,1.1042471042471043,1.3666457154829248,fing_x_face,9,0.001,ri_V>li_V>face_G,3,LR-P1-N2-rel,GP,main,0.019440174102783203,0.001301966418245488,0.04633204633204633,0.0015114782556643021,0.05019305019305019
True,0.06479173047390992,0.001000000000000534,0.056377242509937774,0.008645872783621661,0.0008512708856822601,0.0008596507103429554,0.027131782945736434,0.0009577683996288647,0.019305019305019305,1.1583011583011582,2.6831283110352877,fing_x_face,9,0.001,ri_V>li_V>face_G,3,LR-P2-N2,GP,main,0.02010822296142578,0.0011074197120708748,0.011583011583011582,0.0011972104995360809,0.019305019305019305
True,0.08311136515086064,0.0010000000000002641,0.07418560794211901,0.04905368220548016,0.0006295464638936132,0.0012065273127620426,0.05426356589147287,0.0009128730058962617,0.05019305019305019,1.1081081081081081,1.1033491963724522,fing_x_face,9,0.001,ri_V>li_V>face_G,3,LR-P2-N2-rel,GP,main,0.017447471618652344,0.0013618269432222922,0.05019305019305019,0.0013169315494896891,0.04633204633204633
True,0.06446456692574287,0.001000000000000041,0.056046938822678985,0.012527198862993198,0.0008268644216377132,0.0009199770759810575,0.027131782945736434,0.0008380473496752566,0.02702702702702703,1.1505791505791505,2.2565322797880936,fing_x_face,9,0.001,ri_V>li_V>face_G,3,LR-P1-N3,GP,main,0.01789236068725586,0.0010325940558498698,0.02702702702702703,0.0010176289246056687,0.02702702702702703
True,0.06149766550918583,0.0010000000000000198,0.053760076041335404,0.012374405421558503,0.0008542622394795204,0.0009199770759810575,0.027131782945736434,0.0008530124809194577,0.02702702702702703,1.1505791505791505,2.2565322797880936,fing_x_face,9,0.001,ri_V>li_V>face_G,3,NLS-N2,GP,main,0.017993927001953125,0.001092454580826674,0.02702702702702703,0.001137349974559277,0.02702702702702703
True,0.06435489962515324,0.0010000000000000633,0.055985652913203995,0.012527198862993198,0.0008151224997055349,0.000904895484571532,0.027131782945736434,0.0008380473496752566,0.02702702702702703,1.1505791505791505,2.2565322797880936,fing_x_face,9,0.001,ri_V>li_V>face_G,3,DE-N2,GP,main,0.01966238021850586,0.0010325940558498698,0.02702702702702703,0.0010176289246056687,0.02702702702702703
True,0.14083126188193135,0.0010000000000001087,0.12609255638227396,0.0705418320958462,0.0007262401956277589,0.0009501402588001085,0.06976744186046512,0.0008081170871868546,0.05405405405405406,1.0772200772200773,1.0256652000838047,fing_x_face,9,0.001,ri_V>li_V>face_G,3,MAXMONO-K3,GP,main,0.03535795211791992,0.001047559187094071,0.05405405405405406,0.001092454580826674,0.05405405405405406
True,,,,,,0.0009953850330286851,0.015503875968992248,0.0014965131244201013,0.015444015444015444,1.274131274131274,2.961300170602496,fing_x_face,9,0.001,ri_V>li_V>face_G,3,S1-Marcialis,rule,main,0.00263214111328125,,,,
True,,,,,,0.0009953850330286851,0.015503875968992248,0.0014965131244201013,0.015444015444015444,1.274131274131274,2.961300170602496,fing_x_face,9,0.001,ri_V>li_V>face_G,3,S2-Symmetric,rule,main,0.017648696899414062,,,,
False,,,,,,,,,,,,fing_x_face,9,0.001,ri_V>li_V>face_G,3,S4-Direct,rule,main,5.9604644775390625e-06,,,,
False,,,,,,,,,,,,fing_x_face,9,0.001,face_C>face_G>li_V>ri_V,4,HYP,GP,main,0.5907716751098633,,,,
True,0.04443273097782892,0.0010000000000000083,0.04066093716798633,0.0014681199275837378,0.0009302630803053645,0.0010255482158477362,0.011627906976744186,0.0009727335308730657,0.011583011583011582,1.420849420849421,2.6382179521714404,fing_x_face,9,0.001,face_C>face_G>li_V>ri_V,4,MONO,GP,main,0.032448530197143555,0.0009727335308730657,0.011583011583011582,0.001167280237047679,0.015444015444015444
True,0.05283186533299886,0.001000000000000043,0.048681129278155634,0.007673929804305337,0.0009529866719820525,0.0016288118722287575,0.023255813953488372,0.0014965131244201013,0.02702702702702703,1.38996138996139,1.5819340935620005,fing_x_face,9,0.001,face_C>face_G>li_V>ri_V,4,MONO-rel,GP,main,0.03325319290161133,0.0016162341743737093,0.023166023166023165,0.0017658854868157193,0.03088803088803089
True,0.049361842805997244,0.001000000000000263,0.04508593616992983,0.0014681199275837378,0.0009604137353224377,0.0010557113986667873,0.011627906976744186,0.0009727335308730657,0.011583011583011582,1.420849420849421,2.6382179521714404,fing_x_face,9,0.001,face_C>face_G>li_V>ri_V,4,LR-P1-N2,GP,main,0.03456521034240723,0.0009727335308730657,0.011583011583011582,0.00118224536829188,0.015444015444015444
True,0.05304972763235055,0.001000000000000104,0.04885367490434819,0.008015716296119281,0.0009270694683574342,0.001583567098000181,0.023255813953488372,0.0014815479931759002,0.02702702702702703,1.38996138996139,1.5441920325641256,fing_x_face,9,0.001,face_C>face_G>li_V>ri_V,4,LR-P1-N2-rel,GP,main,0.036553144454956055,0.0016162341743737093,0.023166023166023165,0.0017509203555715184,0.03088803088803089
True,0.054137099090267454,0.0010000000000002828,0.0484854099776089,0.0015990011312933007,0.0009529487543527841,0.0010104666244382108,0.007751937984496124,0.0007931519559426536,0.011583011583011582,1.4054054054054055,2.638562150190057,fing_x_face,9,0.001,face_C>face_G>li_V>ri_V,4,LR-P2-N2,GP,main,0.038037776947021484,0.0007781868246984526,0.011583011583011582,0.0010625243183382718,0.015444015444015444
True,0.068838499209791,0.001000000000000494,0.06386327206207967,0.011650364041243672,0.0009576966200498052,0.0023225650770669322,0.01937984496124031,0.002140013767920745,0.04247104247104247,1.3513513513513513,1.2359851545898057,fing_x_face,9,0.001,face_C>face_G>li_V>ri_V,4,LR-P2-N2-rel,GP,main,0.030445098876953125,0.002274699949118554,0.05019305019305019,0.002618897967735177,0.05019305019305019
True,0.04988690385275437,0.0010000000000003494,0.045497175393035806,0.0014681199275837378,0.0009604137353224377,0.0010557113986667873,0.011627906976744186,0.0009727335308730657,0.011583011583011582,1.420849420849421,2.6382179521714404,fing_x_face,9,0.001,face_C>face_G>li_V>ri_V,4,LR-P1-N3,GP,main,0.03490471839904785,0.0009727335308730657,0.011583011583011582,0.00118224536829188,0.015444015444015444
True,0.043939664138419,0.0010000000000011877,0.04016432994211597,0.0013965043213601408,0.0009786358393044194,0.001100956172895364,0.011627906976744186,0.0009727335308730657,0.011583011583011582,1.420849420849421,2.6382179521714404,fing_x_face,9,0.001,face_C>face_G>li_V>ri_V,4,NLS-N2,GP,main,0.03431344032287598,0.0009727335308730657,0.011583011583011582,0.001167280237047679,0.015444015444015444
True,0.046122709208658894,0.001000000000000774,0.04202712907029182,0.0014681199275837378,0.0009453384078138457,0.0010406298072572619,0.011627906976744186,0.0009727335308730657,0.011583011583011582,1.420849420849421,2.6382179521714404,fing_x_face,9,0.001,face_C>face_G>li_V>ri_V,4,DE-N2,GP,main,0.03881573677062988,0.0009727335308730657,0.011583011583011582,0.001167280237047679,0.015444015444015444
False,,,,,,,,,,,,fing_x_face,9,0.001,face_C>face_G>li_V>ri_V,4,MAXMONO-K3,GP,main,0.14446544647216797,,,,
True,,,,,,0.0009803034416191597,0.01937984496124031,0.0008081170871868546,0.02702702702702703,2.0154440154440154,2.6403729310706057,fing_x_face,9,0.001,face_C>face_G>li_V>ri_V,4,S1-Marcialis,rule,main,0.006947755813598633,,,,
True,,,,,,0.0009803034416191597,0.01937984496124031,0.0008081170871868546,0.02702702702702703,2.0154440154440154,2.6403729310706057,fing_x_face,9,0.001,face_C>face_G>li_V>ri_V,4,S2-Symmetric,rule,main,0.07103395462036133,,,,
False,,,,,,,,,,,,fing_x_face,9,0.001,face_C>face_G>li_V>ri_V,4,S4-Direct,rule,main,5.7220458984375e-06,,,,
False,,,,,,,,,,,,fing_x_face,9,0.001,face_C>face_G>ri_V>li_V,4,HYP,GP,main,0.537031888961792,,,,
True,0.04316251413195203,0.0010000000000005794,0.039684672890587885,0.0017159770647482177,0.0009410101802524386,0.0010406298072572619,0.011627906976744186,0.001047559187094071,0.011583011583011582,1.4131274131274132,2.377181167878842,fing_x_face,9,0.001,face_C>face_G>ri_V>li_V,4,MONO,GP,main,0.0376734733581543,0.0010625243183382718,0.011583011583011582,0.001242105893268684,0.015444015444015444
True,0.04744169345017792,0.0010000000000007898,0.04334615303767617,0.006647311855750916,0.0009426337666454948,0.0014779959581335022,0.011627906976744186,0.0011972104995360809,0.015444015444015444,1.3976833976833978,1.700203525784921,fing_x_face,9,0.001,face_C>face_G>ri_V>li_V,4,MONO-rel,GP,main,0.03143882751464844,0.001421687468199096,0.019305019305019305,0.0014815479931759002,0.015444015444015444
True,0.047842896859115636,0.001000000000000145,0.04408148888659344,0.0015119444030339984,0.0009472917311558308,0.0010255482158477362,0.011627906976744186,0.0009428032683846638,0.011583011583011582,1.4054054054054055,2.6583909490886235,fing_x_face,9,0.001,face_C>face_G>ri_V>li_V,4,LR-P1-N2,GP,main,0.05661773681640625,0.0009128730058962617,0.011583011583011582,0.001167280237047679,0.015444015444015444
True,0.04759879913097176,0.001000000000000249,0.04353309694993816,0.006647311855750916,0.0009311192211212817,0.0014629143667239768,0.011627906976744186,0.0011972104995360809,0.015444015444015444,1.3976833976833978,1.6817964143545538,fing_x_face,9,0.001,face_C>face_G>ri_V>li_V,4,LR-P1-N2-rel,GP,main,0.05501437187194824,0.001421687468199096,0.019305019305019305,0.0014815479931759002,0.015444015444015444
True,0.05253415547312787,0.001000000000000479,0.047494480786737694,0.0018858463342362817,0.0009567651264062143,0.0010255482158477362,0.007751937984496124,0.0007482565622100506,0.011583011583011582,1.38996138996139,2.4674807698063512,fing_x_face,9,0.001,face_C>face_G>ri_V>li_V,4,LR-P2-N2,GP,main,0.058585166931152344,0.0008230822184310556,0.011583011583011582,0.0010625243183382718,0.015444015444015444
True,0.05973737955274079,0.0010000000000000553,0.0546620322205229,0.010240387557574195,0.0009544747143329906,0.002216993937200253,0.011627906976744186,0.0020801532429439405,0.02702702702702703,1.3629343629343629,1.2925234204303973,fing_x_face,9,0.001,face_C>face_G>ri_V>li_V,4,LR-P2-N2-rel,GP,main,0.029999256134033203,0.002289665080362755,0.02702702702702703,0.0025889677052467752,0.03088803088803089
True,0.04813708391628211,0.001000000000000208,0.04437813212379968,0.0015119444030339984,0.0009472917311558308,0.0010255482158477362,0.011627906976744186,0.0009428032683846638,0.011583011583011582,1.4054054054054055,2.6583909490886235,fing_x_face,9,0.001,face_C>face_G>ri_V>li_V,4,LR-P1-N3,GP,main,0.03523731231689453,0.0009128730058962617,0.011583011583011582,0.001167280237047679,0.015444015444015444
True,0.042206366682670526,0.0010000000000008787,0.03894966445299955,0.0016415639739065114,0.0009741769142073423,0.001100956172895364,0.011627906976744186,0.0009428032683846638,0.011583011583011582,1.4131274131274132,2.4672263625752,fing_x_face,9,0.001,face_C>face_G>ri_V>li_V,4,NLS-N2,GP,main,0.04517865180969238,0.0009876986621172668,0.011583011583011582,0.0011523151058034779,0.015444015444015444
True,0.044384141549192443,0.0010000000000007694,0.04087639768548099,0.0015119444030339984,0.0009472917311558308,0.0010255482158477362,0.011627906976744186,0.0009428032683846638,0.011583011583011582,1.4054054054054055,2.6583909490886235,fing_x_face,9,0.001,face_C>face_G>ri_V>li_V,4,DE-N2,GP,main,0.038092851638793945,0.0009128730058962617,0.011583011583011582,0.001167280237047679,0.015444015444015444
False,,,,,,,,,,,,fing_x_face,9,0.001,face_C>face_G>ri_V>li_V,4,MAXMONO-K3,GP,main,0.3315856456756592,,,,
True,,,,,,0.0009501402588001085,0.01937984496124031,0.001212175630780282,0.023166023166023165,1.9613899613899615,2.660426206937835,fing_x_face,9,0.001,face_C>face_G>ri_V>li_V,4,S1-Marcialis,rule,main,0.006897687911987305,,,,
True,,,,,,0.0009501402588001085,0.01937984496124031,0.001212175630780282,0.023166023166023165,1.9613899613899615,2.660426206937835,fing_x_face,9,0.001,face_C>face_G>ri_V>li_V,4,S2-Symmetric,rule,main,0.07322239875793457,,,,
False,,,,,,,,,,,,fing_x_face,9,0.001,face_C>face_G>ri_V>li_V,4,S4-Direct,rule,main,5.245208740234375e-06,,,,
False,,,,,,,,,,,,fing_x_face,9,0.001,face_C>li_V>face_G>ri_V,4,HYP,GP,main,0.06912708282470703,,,,
True,0.04660640491117413,0.0010000000000000083,0.042421996260184405,0.0015290633387567566,0.0009376987200065785,0.0009652218502096341,0.011627906976744186,0.0007931519559426536,0.011583011583011582,1.250965250965251,2.6851785340157432,fing_x_face,9,0.001,face_C>li_V>face_G>ri_V,4,MONO,GP,main,0.03643488883972168,0.0008380473496752566,0.011583011583011582,0.0010325940558498698,0.015444015444015444
True,0.061596894453672106,0.0010000000000003376,0.05659434709400329,0.008182408914054307,0.0009170355394466231,0.0013120984526287214,0.011627906976744186,0.0011074197120708748,0.015444015444015444,1.2625482625482625,1.5857352368980275,fing_x_face,9,0.001,face_C>li_V>face_G>ri_V,4,MONO-rel,GP,main,0.03282284736633301,0.001287001287001287,0.019305019305019305,0.001301966418245488,0.019305019305019305
True,0.05171321604558142,0.0010000000000002828,0.04686072295390923,0.0015590261030109678,0.0009391517539982117,0.0009803034416191597,0.007751937984496124,0.0007033611684774476,0.011583011583011582,1.2586872586872586,2.6853281853281854,fing_x_face,9,0.001,face_C>li_V>face_G>ri_V,4,LR-P1-N2,GP,main,0.03605842590332031,0.0007183262997216486,0.011583011583011582,0.0009278381371404627,0.015444015444015444
True,0.061802910963519385,0.0010000000000003155,0.05675481800728357,0.00827916148250675,0.0009098316714454789,0.0013120984526287214,0.011627906976744186,0.0011074197120708748,0.019305019305019305,1.2586872586872586,1.5757983897518781,fing_x_face,9,0.001,face_C>li_V>face_G>ri_V,4,LR-P1-N2-rel,GP,main,0.033247947692871094,0.001257071024512885,0.019305019305019305,0.001287001287001287,0.019305019305019305
True,0.05284981837070926,0.0010000000000002516,0.047410949895448765,0.0014474291490561228,0.00095380055787867,0.0009652218502096341,0.007751937984496124,0.0008380473496752566,0.011583011583011582,1.250965250965251,2.6850588129657895,fing_x_face,9,0.001,face_C>li_V>face_G>ri_V,4,LR-P2-N2,GP,main,0.03577733039855957,0.0008230822184310556,0.011583011583011582,0.001047559187094071,0.015444015444015444
True,0.08590861825811899,0.0010000000000001477,0.0798033623506205,0.0164290216235328,0.0009289142933957476,0.0018851989261906917,0.015503875968992248,0.0017060249618389154,0.03861003861003861,1.2316602316602316,1.2084343479692317,fing_x_face,9,0.001,face_C>li_V>face_G>ri_V,4,LR-P2-N2-rel,GP,main,0.029586076736450195,0.0019753973242345336,0.03861003861003861,0.0019903624554787345,0.04633204633204633
True,0.052734358595006796,0.0010000000000000198,0.04764158460679742,0.0015590261030109678,0.0009542289976223711,0.0009953850330286851,0.007751937984496124,0.0007033611684774476,0.011583011583011582,1.2548262548262548,2.6853281853281854,fing_x_face,9,0.001,face_C>li_V>face_G>ri_V,4,LR-P1-N3,GP,main,0.03680419921875,0.0007332914309658496,0.011583011583011582,0.0009428032683846638,0.015444015444015444
True,0.04692528440099149,0.001000000000000668,0.04263320044147287,0.0014544748832076464,0.0009763911076527208,0.0010255482158477362,0.011627906976744186,0.0007931519559426536,0.011583011583011582,1.250965250965251,2.6851785340157432,fing_x_face,9,0.001,face_C>li_V>face_G>ri_V,4,NLS-N2,GP,main,0.03445172309875488,0.0008380473496752566,0.011583011583011582,0.0010325940558498698,0.015444015444015444
True,0.04888887039581559,0.0010000000000004016,0.044201428322744075,0.0015590261030109678,0.0009542289976223711,0.0009953850330286851,0.007751937984496124,0.0007033611684774476,0.011583011583011582,1.2548262548262548,2.6853281853281854,fing_x_face,9,0.001,face_C>li_V>face_G>ri_V,4,DE-N2,GP,main,0.03698444366455078,0.0007332914309658496,0.011583011583011582,0.0009428032683846638,0.015444015444015444
False,,,,,,,,,,,,fing_x_face,9,0.001,face_C>li_V>face_G>ri_V,4,MAXMONO-K3,GP,main,0.3313181400299072,,,,
True,,,,,,0.0009803034416191597,0.01937984496124031,0.0008081170871868546,0.02702702702702703,1.833976833976834,2.6868995241088265,fing_x_face,9,0.001,face_C>li_V>face_G>ri_V,4,S1-Marcialis,rule,main,0.007072925567626953,,,,
True,,,,,,0.0009803034416191597,0.01937984496124031,0.0008081170871868546,0.02702702702702703,1.833976833976834,2.6868995241088265,fing_x_face,9,0.001,face_C>li_V>face_G>ri_V,4,S2-Symmetric,rule,main,0.0701296329498291,,,,
False,,,,,,,,,,,,fing_x_face,9,0.001,face_C>li_V>face_G>ri_V,4,S4-Direct,rule,main,6.9141387939453125e-06,,,,
False,,,,,,,,,,,,fing_x_face,9,0.001,face_C>li_V>ri_V>face_G,4,HYP,GP,main,0.12223219871520996,,,,
True,0.04610969618959504,0.0010000000000000295,0.04186336271357249,0.0021432465163469102,0.0009369463074535018,0.0009953850330286851,0.007751937984496124,0.0007781868246984526,0.015444015444015444,1.2432432432432432,2.221169674658047,fing_x_face,9,0.001,face_C>li_V>ri_V>face_G,4,MONO,GP,main,0.045098304748535156,0.0007781868246984526,0.015444015444015444,0.001047559187094071,0.015444015444015444
True,0.05885678847409558,0.0010000000000002418,0.053328268741617224,0.005873209155295478,0.0009463431519873536,0.0011763641299429915,0.011627906976744186,0.0010176289246056687,0.019305019305019305,1.250965250965251,1.8069947023435395,fing_x_face,9,0.001,face_C>li_V>ri_V>face_G,4,MONO-rel,GP,main,0.03647017478942871,0.0010176289246056687,0.019305019305019305,0.0011523151058034779,0.019305019305019305
True,0.05116846037913288,0.0010000000000008752,0.04634726309830836,0.002217151568634735,0.0009446210639477342,0.0010255482158477362,0.007751937984496124,0.0007183262997216486,0.015444015444015444,1.2432432432432432,2.221244500314268,fing_x_face,9,0.001,face_C>li_V>ri_V>face_G,4,LR-P1-N2,GP,main,0.03780508041381836,0.0007332914309658496,0.015444015444015444,0.0009876986621172668,0.015444015444015444
True,0.05904145641571201,0.0010000000000001618,0.0535322713632863,0.005873209155295478,0.0009521526527679448,0.0011612825385334661,0.011627906976744186,0.0010026637933614679,0.019305019305019305,1.250965250965251,1.7848762383646104,fing_x_face,9,0.001,face_C>li_V>ri_V>face_G,4,LR-P1-N2-rel,GP,main,0.035295963287353516,0.001047559187094071,0.019305019305019305,0.0011523151058034779,0.019305019305019305
True,0.05125462848239802,0.0010000000000000074,0.04640130177138024,0.0019245863616448508,0.0009488443137954717,0.000935058667390583,0.007751937984496124,0.0007033611684774476,0.011583011583011582,1.2432432432432432,2.311214869354404,fing_x_face,9,0.001,face_C>li_V>ri_V>face_G,4,LR-P2-N2,GP,main,0.03701138496398926,0.0007632216934542516,0.011583011583011582,0.0009876986621172668,0.015444015444015444
True,0.08407324144906012,0.0010000000000000358,0.07707414594637525,0.012826516401149242,0.0009330369755919029,0.0015232407323620789,0.015503875968992248,0.001242105893268684,0.04247104247104247,1.223938223938224,1.2066834276136602,fing_x_face,9,0.001,face_C>li_V>ri_V>face_G,4,LR-P2-N2-rel,GP,main,0.030635595321655273,0.001421687468199096,0.03861003861003861,0.001466582861931699,0.04247104247104247
True,0.05219096328703734,0.0010000000000008724,0.04714162487012741,0.002217151568634735,0.0009596988875125157,0.0010406298072572619,0.007751937984496124,0.0007183262997216486,0.015444015444015444,1.2432432432432432,2.221244500314268,fing_x_face,9,0.001,face_C>li_V>ri_V>face_G,4,LR-P1-N3,GP,main,0.03646540641784668,0.0007332914309658496,0.015444015444015444,0.0010026637933614679,0.015444015444015444
True,0.04628500642236284,0.0010000000000001024,0.04199502376308256,0.0021149714963423338,0.0009567021101777597,0.0010104666244382108,0.007751937984496124,0.0007931519559426536,0.015444015444015444,1.2393822393822393,2.221169674658047,fing_x_face,9,0.001,face_C>li_V>ri_V>face_G,4,NLS-N2,GP,main,0.03404736518859863,0.0008380473496752566,0.015444015444015444,0.0010774894495824729,0.015444015444015444
True,0.048327899041564364,0.0010000000000002435,0.043677806785327185,0.002217151568634735,0.0009589191485536575,0.0010406298072572619,0.007751937984496124,0.0007033611684774476,0.015444015444015444,1.2432432432432432,2.221244500314268,fing_x_face,9,0.001,face_C>li_V>ri_V>face_G,4,DE-N2,GP,main,0.035683631896972656,0.0007183262997216486,0.015444015444015444,0.0010026637933614679,0.015444015444015444
False,,,,,,,,,,,,fing_x_face,9,0.001,face_C>li_V>ri_V>face_G,4,MAXMONO-K3,GP,main,0.3429410457611084,,,,
True,,,,,,0.0009953850330286851,0.011627906976744186,0.0014067223369548952,0.019305019305019305,1.7953667953667953,2.7534793930142767,fing_x_face,9,0.001,face_C>li_V>ri_V>face_G,4,S1-Marcialis,rule,main,0.006083011627197266,,,,
True,,,,,,0.0009953850330286851,0.011627906976744186,0.0014067223369548952,0.019305019305019305,1.7953667953667953,2.7534793930142767,fing_x_face,9,0.001,face_C>li_V>ri_V>face_G,4,S2-Symmetric,rule,main,0.04069161415100098,,,,
False,,,,,,,,,,,,fing_x_face,9,0.001,face_C>li_V>ri_V>face_G,4,S4-Direct,rule,main,5.245208740234375e-06,,,,
False,,,,,,,,,,,,fing_x_face,9,0.001,face_C>ri_V>face_G>li_V,4,HYP,GP,main,0.1027364730834961,,,,
True,0.041152077650476356,0.0010000000000001557,0.0379232157007316,0.001758006139622677,0.0009392401272920137,0.0010557113986667873,0.011627906976744186,0.0007183262997216486,0.011583011583011582,1.2664092664092663,2.4828349944629013,fing_x_face,9,0.001,face_C>ri_V>face_G>li_V,4,MONO,GP,main,0.039289236068725586,0.0008081170871868546,0.011583011583011582,0.0009428032683846638,0.015444015444015444
True,0.04465585326962329,0.0010000000000004372,0.04078077587245644,0.0048089679162336895,0.0009160192118639907,0.0012517720869906193,0.003875968992248062,0.0008979078746520607,0.015444015444015444,1.2586872586872586,1.7124150728801892,fing_x_face,9,0.001,face_C>ri_V>face_G>li_V,4,MONO-rel,GP,main,0.030883073806762695,0.0010325940558498698,0.015444015444015444,0.0011972104995360809,0.015444015444015444
True,0.04563704465239011,0.0010000000000003546,0.04227214238503169,0.001549572658822656,0.0009601380614801179,0.001070792990076313,0.011627906976744186,0.0007482565622100506,0.011583011583011582,1.2625482625482625,2.6428272125946544,fing_x_face,9,0.001,face_C>ri_V>face_G>li_V,4,LR-P1-N2,GP,main,0.04825305938720703,0.0007632216934542516,0.011583011583011582,0.0009876986621172668,0.015444015444015444
True,0.04468839240100713,0.0010000000000005037,0.040834704947737,0.0048089679162336895,0.0009208878531178116,0.0012668536784001447,0.003875968992248062,0.0009278381371404627,0.015444015444015444,1.2586872586872586,1.712714375505073,fing_x_face,9,0.001,face_C>ri_V>face_G>li_V,4,LR-P1-N2-rel,GP,main,0.03796744346618652,0.0010325940558498698,0.015444015444015444,0.001227140762024483,0.015444015444015444
True,0.04595216698535381,0.0010000000000004736,0.04212172849992037,0.0014257150711934129,0.0009764783774485418,0.0010858745814858383,0.007751937984496124,0.0007332914309658496,0.011583011583011582,1.2625482625482625,2.6827541827541825,fing_x_face,9,0.001,face_C>ri_V>face_G>li_V,4,LR-P2-N2,GP,main,0.05068254470825195,0.0007482565622100506,0.011583011583011582,0.0009428032683846638,0.015444015444015444
True,0.056763194104237316,0.0010000000000008609,0.05169574710247354,0.008487998505258942,0.0009234605799607307,0.0016438934636382832,0.003875968992248062,0.001212175630780282,0.019305019305019305,1.247104247104247,1.356319774924426,fing_x_face,9,0.001,face_C>ri_V>face_G>li_V,4,LR-P2-N2-rel,GP,main,0.03399968147277832,0.0014516177306874982,0.023166023166023165,0.0014965131244201013,0.019305019305019305
True,0.04593624434324006,0.0010000000000001175,0.04258570567841367,0.0015840944540801594,0.0009425806239333913,0.0010255482158477362,0.011627906976744186,0.0007482565622100506,0.011583011583011582,1.2625482625482625,2.7279937745054026,fing_x_face,9,0.001,face_C>ri_V>face_G>li_V,4,LR-P1-N3,GP,main,0.04816031455993652,0.0007781868246984526,0.011583011583011582,0.0010176289246056687,0.015444015444015444
True,0.0401155349231386,0.0010000000000006913,0.03710106363909645,0.0014590343656001473,0.0009770031470184883,0.001100956172895364,0.007751937984496124,0.0007931519559426536,0.011583011583011582,1.2664092664092663,2.5454042081949058,fing_x_face,9,0.001,face_C>ri_V>face_G>li_V,4,NLS-N2,GP,main,0.03833961486816406,0.0008530124809194577,0.011583011583011582,0.0010026637933614679,0.015444015444015444
True,0.04206371740253091,0.00100000000000074,0.03892287992698579,0.0015840944540801594,0.0009425806239333913,0.0010255482158477362,0.011627906976744186,0.0007482565622100506,0.011583011583011582,1.2625482625482625,2.7279937745054026,fing_x_face,9,0.001,face_C>ri_V>face_G>li_V,4,DE-N2,GP,main,0.03920149803161621,0.0007781868246984526,0.011583011583011582,0.0010176289246056687,0.015444015444015444
False,,,,,,,,,,,,fing_x_face,9,0.001,face_C>ri_V>face_G>li_V,4,MAXMONO-K3,GP,main,0.21889472007751465,,,,
True,,,,,,0.0009501402588001085,0.01937984496124031,0.001212175630780282,0.023166023166023165,1.694980694980695,2.72944539223609,fing_x_face,9,0.001,face_C>ri_V>face_G>li_V,4,S1-Marcialis,rule,main,0.006306886672973633,,,,
True,,,,,,0.0009501402588001085,0.01937984496124031,0.001212175630780282,0.023166023166023165,1.694980694980695,2.72944539223609,fing_x_face,9,0.001,face_C>ri_V>face_G>li_V,4,S2-Symmetric,rule,main,0.06572866439819336,,,,
False,,,,,,,,,,,,fing_x_face,9,0.001,face_C>ri_V>face_G>li_V,4,S4-Direct,rule,main,5.245208740234375e-06,,,,
False,,,,,,,,,,,,fing_x_face,9,0.001,face_C>ri_V>li_V>face_G,4,HYP,GP,main,0.13165807723999023,,,,
True,0.0415145781554829,0.0010000000000012197,0.03799207950536013,0.0022411609606213796,0.0009726278347157016,0.0011160377643048894,0.007751937984496124,0.0007781868246984526,0.011583011583011582,1.250965250965251,2.2737870761126575,fing_x_face,9,0.001,face_C>ri_V>li_V>face_G,4,MONO,GP,main,0.047818899154663086,0.0007781868246984526,0.011583011583011582,0.0009876986621172668,0.015444015444015444
True,0.0471986981989176,0.0010000000000003448,0.04241181227547442,0.005555787750164278,0.000890709541969346,0.001131119355714415,0.007751937984496124,0.0008979078746520607,0.015444015444015444,1.2586872586872586,1.7552752087635808,fing_x_face,9,0.001,face_C>ri_V>li_V>face_G,4,MONO-rel,GP,main,0.03376650810241699,0.0010026637933614679,0.015444015444015444,0.001257071024512885,0.019305019305019305
True,0.04607297641830715,0.0010000000000001256,0.0423406669139278,0.0021805890427667477,0.0009828226605392175,0.0011160377643048894,0.003875968992248062,0.0007482565622100506,0.011583011583011582,1.250965250965251,2.2737870761126575,fing_x_face,9,0.001,face_C>ri_V>li_V>face_G,4,LR-P1-N2,GP,main,0.03831601142883301,0.0007482565622100506,0.011583011583011582,0.0010026637933614679,0.015444015444015444
True,0.04732181714706391,0.0010000000000004604,0.042553736713096216,0.005540823295132481,0.0009139802592198405,0.0011763641299429915,0.007751937984496124,0.0009577683996288647,0.015444015444015444,1.2586872586872586,1.7552153482386041,fing_x_face,9,0.001,face_C>ri_V>li_V>face_G,4,LR-P1-N2-rel,GP,main,0.03381991386413574,0.0010625243183382718,0.015444015444015444,0.0013169315494896891,0.019305019305019305
True,0.04581876274034897,0.0010000000000008023,0.041983563530677455,0.00220228845048019,0.0009384292750254286,0.0010406298072572619,0.007751937984496124,0.0006883960372332465,0.011583011583011582,1.2548262548262548,2.355915716380833,fing_x_face,9,0.001,face_C>ri_V>li_V>face_G,4,LR-P2-N2,GP,main,0.040081024169921875,0.0006584657747448446,0.011583011583011582,0.0008679776121636587,0.015444015444015444
True,0.06283734385302012,0.0010000000000000722,0.05692871993765244,0.009179582744554791,0.0008871479523548733,0.0015232407323620789,0.007751937984496124,0.0010176289246056687,0.023166023166023165,1.2432432432432432,1.280970339109874,fing_x_face,9,0.001,face_C>ri_V>li_V>face_G,4,LR-P2-N2-rel,GP,main,0.03129124641418457,0.001272036155757086,0.023166023166023165,0.00133189668073389,0.02702702702702703
True,0.046481276153383995,0.00100000000000044,0.042688569779188654,0.0022130078157030298,0.000976811731988741,0.0011160377643048894,0.003875968992248062,0.0007781868246984526,0.011583011583011582,1.250965250965251,2.2737870761126575,fing_x_face,9,0.001,face_C>ri_V>li_V>face_G,4,LR-P1-N3,GP,main,0.0400691032409668,0.0007632216934542516,0.011583011583011582,0.0009876986621172668,0.015444015444015444
True,0.04065541618879014,0.0010000000000005447,0.037233594241080525,0.0022154408035354794,0.0009660941024865828,0.001100956172895364,0.007751937984496124,0.0007931519559426536,0.011583011583011582,1.2548262548262548,2.2737870761126575,fing_x_face,9,0.001,face_C>ri_V>li_V>face_G,4,NLS-N2,GP,main,0.03572988510131836,0.0008230822184310556,0.011583011583011582,0.0010625243183382718,0.015444015444015444
True,0.04259962323928152,0.0010000000000006868,0.03902954765626232,0.0022130078157030298,0.0009743709784789075,0.0011160377643048894,0.003875968992248062,0.0007781868246984526,0.011583011583011582,1.250965250965251,2.2737870761126575,fing_x_face,9,0.001,face_C>ri_V>li_V>face_G,4,DE-N2,GP,main,0.0448453426361084,0.0007632216934542516,0.011583011583011582,0.0009876986621172668,0.015444015444015444
False,,,,,,,,,,,,fing_x_face,9,0.001,face_C>ri_V>li_V>face_G,4,MAXMONO-K3,GP,main,0.29712533950805664,,,,
True,,,,,,0.0009953850330286851,0.011627906976744186,0.0014067223369548952,0.019305019305019305,1.7104247104247103,2.7759719852743108,fing_x_face,9,0.001,face_C>ri_V>li_V>face_G,4,S1-Marcialis,rule,main,0.007495880126953125,,,,
True,,,,,,0.0009953850330286851,0.011627906976744186,0.0014067223369548952,0.019305019305019305,1.7104247104247103,2.7759719852743108,fing_x_face,9,0.001,face_C>ri_V>li_V>face_G,4,S2-Symmetric,rule,main,0.05084085464477539,,,,
False,,,,,,,,,,,,fing_x_face,9,0.001,face_C>ri_V>li_V>face_G,4,S4-Direct,rule,main,5.4836273193359375e-06,,,,
False,,,,,,,,,,,,fing_x_face,9,0.001,face_G>face_C>li_V>ri_V,4,HYP,GP,main,0.10829687118530273,,,,
True,0.06432885665383209,0.0010000000000006406,0.060501297069732965,0.0017850637629326122,0.0009742189901924419,0.0010255482158477362,0.015503875968992248,0.0010625243183382718,0.007722007722007722,1.4362934362934363,2.893089102391428,fing_x_face,9,0.001,face_G>face_C>li_V>ri_V,4,MONO,GP,main,0.033303260803222656,0.001137349974559277,0.007722007722007722,0.001212175630780282,0.011583011583011582
True,0.05712154180848881,0.0010000000000005794,0.052979841018278184,0.017195114873877107,0.0009557196033257631,0.0015986486894097064,0.01937984496124031,0.0013618269432222922,0.023166023166023165,1.3976833976833978,1.7349076651402233,fing_x_face,9,0.001,face_G>face_C>li_V>ri_V,4,MONO-rel,GP,main,0.036255598068237305,0.0014366525994432972,0.023166023166023165,0.0016311993056179102,0.023166023166023165
True,0.06738351843644838,0.0010000000000000304,0.06305207431209875,0.001933014700941234,0.0009309956299530537,0.0009501402588001085,0.015503875968992248,0.0010774894495824729,0.007722007722007722,1.4362934362934363,2.893029241866451,fing_x_face,9,0.001,face_G>face_C>li_V>ri_V,4,LR-P1-N2,GP,main,0.0372471809387207,0.001137349974559277,0.007722007722007722,0.001257071024512885,0.011583011583011582
True,0.05733742706428246,0.0010000000000004745,0.05315306838464396,0.021043358638176232,0.0009554245932292165,0.001613730280819232,0.023255813953488372,0.001346861811978091,0.023166023166023165,1.3976833976833978,1.7276346113555416,fing_x_face,9,0.001,face_G>face_C>li_V>ri_V,4,LR-P1-N2-rel,GP,main,0.04816436767578125,0.0014516177306874982,0.023166023166023165,0.0016311993056179102,0.023166023166023165
True,0.09435997589397713,0.0010000000000000677,0.08869150187393972,0.0017164074643582809,0.0009815332282247567,0.0010406298072572619,0.015503875968992248,0.0009876986621172668,0.007722007722007722,1.4401544401544402,2.8933435096225795,fing_x_face,9,0.001,face_G>face_C>li_V>ri_V,4,LR-P2-N2,GP,main,0.043910980224609375,0.0010625243183382718,0.007722007722007722,0.001212175630780282,0.011583011583011582
True,0.06954906430770769,0.0010000000000001744,0.06497541367513823,0.0284017240525531,0.0009376089576129302,0.0023074834856574066,0.031007751937984496,0.0017359552243273173,0.03861003861003861,1.359073359073359,1.3221992756876477,fing_x_face,9,0.001,face_G>face_C>li_V>ri_V,4,LR-P2-N2-rel,GP,main,0.029323816299438477,0.0019305019305019305,0.03861003861003861,0.002244769686630152,0.03861003861003861
True,0.06764346928723554,0.0010000000000001698,0.06319506019137269,0.001933014700941234,0.0009460701541919301,0.0009652218502096341,0.015503875968992248,0.0010774894495824729,0.007722007722007722,1.4362934362934363,2.893029241866451,fing_x_face,9,0.001,face_G>face_C>li_V>ri_V,4,LR-P1-N3,GP,main,0.03766584396362305,0.001137349974559277,0.007722007722007722,0.001257071024512885,0.011583011583011582
True,0.061681852932771036,0.0010000000000000464,0.05784920151919409,0.0018308346286488332,0.0009520325592133625,0.0009953850330286851,0.015503875968992248,0.0009727335308730657,0.007722007722007722,1.444015444015444,2.8933584747538235,fing_x_face,9,0.001,face_G>face_C>li_V>ri_V,4,NLS-N2,GP,main,0.03524637222290039,0.001047559187094071,0.007722007722007722,0.00118224536829188,0.011583011583011582
True,0.06706175230446945,0.001000000000000351,0.06290776635840019,0.001933014700941234,0.0009309956299530537,0.0009501402588001085,0.015503875968992248,0.0010774894495824729,0.007722007722007722,1.4362934362934363,2.893029241866451,fing_x_face,9,0.001,face_G>face_C>li_V>ri_V,4,DE-N2,GP,main,0.04431796073913574,0.001137349974559277,0.007722007722007722,0.001257071024512885,0.011583011583011582
True,0.2017752052804781,0.0010000000000000748,0.1891635626958801,0.07878023854951878,0.000956713086807484,0.005323801767562513,0.08139534883720931,0.0035617012361198407,0.07335907335907337,1.2046332046332047,1.0601598276016881,fing_x_face,9,0.001,face_G>face_C>li_V>ri_V,4,MAXMONO-K3,GP,main,0.0675802230834961,0.003771213073538655,0.07722007722007722,0.0042052018796204845,0.08494208494208494
True,,,,,,0.0009803034416191597,0.01937984496124031,0.0008081170871868546,0.023166023166023165,1.8262548262548262,2.8956481398341865,fing_x_face,9,0.001,face_G>face_C>li_V>ri_V,4,S1-Marcialis,rule,main,0.005501747131347656,,,,
True,,,,,,0.0009803034416191597,0.01937984496124031,0.0008081170871868546,0.023166023166023165,1.8262548262548262,2.8956481398341865,fing_x_face,9,0.001,face_G>face_C>li_V>ri_V,4,S2-Symmetric,rule,main,0.06675028800964355,,,,
False,,,,,,,,,,,,fing_x_face,9,0.001,face_G>face_C>li_V>ri_V,4,S4-Direct,rule,main,4.76837158203125e-06,,,,
False,,,,,,,,,,,,fing_x_face,9,0.001,face_G>face_C>ri_V>li_V,4,HYP,GP,main,0.06945276260375977,,,,
True,0.06301441481330938,0.0010000000000008262,0.05949727429944865,0.002068561463507235,0.0009680569417552036,0.0010255482158477362,0.015503875968992248,0.001167280237047679,0.007722007722007722,1.4285714285714286,2.7220376522702106,fing_x_face,9,0.001,face_G>face_C>ri_V>li_V,4,MONO,GP,main,0.04904651641845703,0.001287001287001287,0.007722007722007722,0.0013917572057106941,0.011583011583011582
True,0.05193345384995974,0.001000000000000335,0.04778420138993961,0.010713136954544395,0.0009224324252178165,0.0013724248182668236,0.015503875968992248,0.001137349974559277,0.023166023166023165,1.4092664092664093,1.8601807787854299,fing_x_face,9,0.001,face_G>face_C>ri_V>li_V,4,MONO-rel,GP,main,0.03489494323730469,0.001376792074466493,0.023166023166023165,0.001466582861931699,0.023166023166023165
True,0.06579264303259141,0.0010000000000003778,0.06198977062883066,0.001874774659736405,0.0009646404589139827,0.0009953850330286851,0.015503875968992248,0.0010774894495824729,0.007722007722007722,1.4285714285714286,2.9131423782586574,fing_x_face,9,0.001,face_G>face_C>ri_V>li_V,4,LR-P1-N2,GP,main,0.03836512565612793,0.0011523151058034779,0.007722007722007722,0.001272036155757086,0.011583011583011582
True,0.05204962224730838,0.0010000000000009897,0.04793349778165639,0.010601548125595299,0.000934142287758755,0.0014629143667239768,0.015503875968992248,0.0011523151058034779,0.023166023166023165,1.4092664092664093,1.8474304869653706,fing_x_face,9,0.001,face_G>face_C>ri_V>li_V,4,LR-P1-N2-rel,GP,main,0.05191779136657715,0.0014366525994432972,0.023166023166023165,0.0015264433869085032,0.023166023166023165
True,0.09273095010007097,0.0010000000000007622,0.08770831182409584,0.0017850637629326122,0.000961405800389036,0.0010104666244382108,0.015503875968992248,0.0009727335308730657,0.007722007722007722,1.4362934362934363,2.9135165065397626,fing_x_face,9,0.001,face_G>face_C>ri_V>li_V,4,LR-P2-N2,GP,main,0.058110713958740234,0.0010774894495824729,0.007722007722007722,0.0011523151058034779,0.011583011583011582
True,0.06173101796966787,0.0010000000000006904,0.056976847040494244,0.02969373538331778,0.0009611618384418222,0.0023678098512955087,0.031007751937984496,0.0016311993056179102,0.03474903474903475,1.3667953667953667,1.3966956990212804,fing_x_face,9,0.001,face_G>face_C>ri_V>li_V,4,LR-P2-N2-rel,GP,main,0.04595351219177246,0.0018556762742809253,0.03474903474903475,0.002274699949118554,0.03088803088803089
True,0.06581098196863171,0.0010000000000006273,0.06200990639385587,0.001874774659736405,0.0009646404589139827,0.0009953850330286851,0.015503875968992248,0.0010774894495824729,0.007722007722007722,1.4285714285714286,2.9131423782586574,fing_x_face,9,0.001,face_G>face_C>ri_V>li_V,4,LR-P1-N3,GP,main,0.05203437805175781,0.0011523151058034779,0.007722007722007722,0.001272036155757086,0.011583011583011582
True,0.05987507398505426,0.0010000000000007605,0.05658525451788529,0.0019361076197961407,0.0009762980376414467,0.0010255482158477362,0.015503875968992248,0.0010625243183382718,0.007722007722007722,1.4324324324324325,2.8822094519768937,fing_x_face,9,0.001,face_G>face_C>ri_V>li_V,4,NLS-N2,GP,main,0.05118441581726074,0.0011523151058034779,0.007722007722007722,0.001212175630780282,0.011583011583011582
True,0.06525174000019834,0.001000000000000352,0.06170428037306762,0.001874774659736405,0.0009495659983412476,0.0009803034416191597,0.015503875968992248,0.0010625243183382718,0.007722007722007722,1.4285714285714286,2.91318727365239,fing_x_face,9,0.001,face_G>face_C>ri_V>li_V,4,DE-N2,GP,main,0.05394887924194336,0.001137349974559277,0.007722007722007722,0.001257071024512885,0.011583011583011582
True,0.20057165854814846,0.0010000000000000607,0.1878835447269723,0.07850494304224721,0.0009568329930749252,0.005323801767562513,0.07751937984496124,0.0036065966298524437,0.07335907335907337,1.2046332046332047,1.062165155188411,fing_x_face,9,0.001,face_G>face_C>ri_V>li_V,4,MAXMONO-K3,GP,main,0.09014248847961426,0.0037113525485618507,0.07335907335907337,0.004040585435934273,0.08494208494208494
True,,,,,,0.0009501402588001085,0.01937984496124031,0.001212175630780282,0.019305019305019305,1.7722007722007722,2.915701415701416,fing_x_face,9,0.001,face_G>face_C>ri_V>li_V,4,S1-Marcialis,rule,main,0.007796764373779297,,,,
True,,,,,,0.0009501402588001085,0.01937984496124031,0.001212175630780282,0.019305019305019305,1.7722007722007722,2.915701415701416,fing_x_face,9,0.001,face_G>face_C>ri_V>li_V,4,S2-Symmetric,rule,main,0.0765237808227539,,,,
False,,,,,,,,,,,,fing_x_face,9,0.001,face_G>face_C>ri_V>li_V,4,S4-Direct,rule,main,4.76837158203125e-06,,,,
False,,,,,,,,,,,,fing_x_face,9,0.001,face_G>li_V>face_C>ri_V,4,HYP,GP,main,0.09186697006225586,,,,
True,0.07219976871073207,0.0010000000000000829,0.06650272677918942,0.0019007232197616778,0.0009734435564524032,0.0009652218502096341,0.011627906976744186,0.001122384843315076,0.007722007722007722,1.2934362934362935,3.1840262189099398,fing_x_face,9,0.001,face_G>li_V>face_C>ri_V,4,MONO,GP,main,0.03693413734436035,0.001287001287001287,0.007722007722007722,0.0013618269432222922,0.007722007722007722
True,0.06729227615430626,0.0010000000000003697,0.061964024244600534,0.026091080751106294,0.000848422817940294,0.0011160377643048894,0.031007751937984496,0.001092454580826674,0.03474903474903475,1.2548262548262548,1.782616503546736,fing_x_face,9,0.001,face_G>li_V>face_C>ri_V,4,MONO-rel,GP,main,0.04059720039367676,0.0013169315494896891,0.023166023166023165,0.001466582861931699,0.03474903474903475
True,0.07547401304691807,0.0010000000000128292,0.06913355608345581,0.0021314092857498477,0.000914955560007386,0.0008747323017524809,0.011627906976744186,0.001092454580826674,0.007722007722007722,1.2972972972972974,3.1840711143036726,fing_x_face,9,0.001,face_G>li_V>face_C>ri_V,4,LR-P1-N2,GP,main,0.036628007888793945,0.001227140762024483,0.007722007722007722,0.001376792074466493,0.007722007722007722
True,0.0674778455554756,0.0010000000000008724,0.06210888412426256,0.026031605709027704,0.0008624389617093586,0.0012216089041715682,0.031007751937984496,0.001137349974559277,0.03474903474903475,1.2548262548262548,1.7745802280686,fing_x_face,9,0.001,face_G>li_V>face_C>ri_V,4,LR-P1-N2-rel,GP,main,0.029354572296142578,0.001346861811978091,0.023166023166023165,0.0014815479931759002,0.03474903474903475
True,0.10272804134921783,0.00100000000000156,0.09411432778868419,0.0019651545153468197,0.0009432911119420955,0.000935058667390583,0.015503875968992248,0.0010625243183382718,0.007722007722007722,1.2972972972972974,3.184190835353626,fing_x_face,9,0.001,face_G>li_V>face_C>ri_V,4,LR-P2-N2,GP,main,0.04082489013671875,0.001242105893268684,0.007722007722007722,0.001346861811978091,0.007722007722007722
True,0.08763285578860347,0.0010000000000002498,0.08149118733229196,0.03575350008726798,0.0009325471947821699,0.002232075528609779,0.031007751937984496,0.0017060249618389154,0.05019305019305019,1.2432432432432432,1.2978510071533327,fing_x_face,9,0.001,face_G>li_V>face_C>ri_V,4,LR-P2-N2-rel,GP,main,0.03580117225646973,0.0019753973242345336,0.04633204633204633,0.0021998742928975488,0.04247104247104247
True,0.07643426856716003,0.0010000000000001193,0.06979108790856049,0.0021314092857498477,0.0009300333968719309,0.0008898138931620064,0.011627906976744186,0.001092454580826674,0.007722007722007722,1.2972972972972974,3.1840711143036726,fing_x_face,9,0.001,face_G>li_V>face_C>ri_V,4,LR-P1-N3,GP,main,0.05278134346008301,0.001257071024512885,0.007722007722007722,0.001421687468199096,0.007722007722007722
True,0.06988146763593761,0.001000000000000701,0.06417592746979536,0.0021476015194280746,0.000938237871037354,0.0009199770759810575,0.011627906976744186,0.0011074197120708748,0.007722007722007722,1.3011583011583012,3.0938463380323844,fing_x_face,9,0.001,face_G>li_V>face_C>ri_V,4,NLS-N2,GP,main,0.04530477523803711,0.001242105893268684,0.007722007722007722,0.0013169315494896891,0.007722007722007722
True,0.07637021482284458,0.0010000000000000748,0.06988893428670483,0.0021314092857498477,0.0009300333968719309,0.0008898138931620064,0.011627906976744186,0.001092454580826674,0.007722007722007722,1.2972972972972974,3.1840711143036726,fing_x_face,9,0.001,face_G>li_V>face_C>ri_V,4,DE-N2,GP,main,0.03765726089477539,0.001257071024512885,0.007722007722007722,0.001421687468199096,0.007722007722007722
True,0.21162872711329148,0.0010000000000001316,0.1902879720882405,0.049608782598213684,0.0009237002232795457,0.0018550357433716406,0.04263565891472868,0.0015863039118853071,0.06177606177606178,1.2007722007722008,1.146748076980635,fing_x_face,9,0.001,face_G>li_V>face_C>ri_V,4,MAXMONO-K3,GP,main,0.06831979751586914,0.0018107808805483223,0.06177606177606178,0.0019753973242345336,0.06563706563706563
True,,,,,,0.0009803034416191597,0.01937984496124031,0.0008081170871868546,0.023166023166023165,1.5868725868725868,3.1869144892400705,fing_x_face,9,0.001,face_G>li_V>face_C>ri_V,4,S1-Marcialis,rule,main,0.005681037902832031,,,,
True,,,,,,0.0009803034416191597,0.01937984496124031,0.0008081170871868546,0.023166023166023165,1.5868725868725868,3.1869144892400705,fing_x_face,9,0.001,face_G>li_V>face_C>ri_V,4,S2-Symmetric,rule,main,0.07002592086791992,,,,
False,,,,,,,,,,,,fing_x_face,9,0.001,face_G>li_V>face_C>ri_V,4,S4-Direct,rule,main,4.291534423828125e-06,,,,
False,,,,,,,,,,,,fing_x_face,9,0.001,face_G>li_V>ri_V>face_C,4,HYP,GP,main,0.0597081184387207,,,,
True,0.07303173399959381,0.001000000000000305,0.06663914472280534,0.0030028071244860405,0.0009637794101387037,0.0009953850330286851,0.015503875968992248,0.001242105893268684,0.003861003861003861,1.281853281853282,2.7371225045643652,fing_x_face,9,0.001,face_G>li_V>ri_V>face_C,4,MONO,GP,main,0.04549574851989746,0.0014366525994432972,0.003861003861003861,0.0015264433869085032,0.003861003861003861
True,0.06481241815312958,0.001000000000000463,0.05873219463163156,0.007514762972944802,0.0008663787019485795,0.001070792990076313,0.01937984496124031,0.00118224536829188,0.003861003861003861,1.2857142857142858,2.3185477836640627,fing_x_face,9,0.001,face_G>li_V>ri_V>face_C,4,MONO-rel,GP,main,0.044554710388183594,0.001376792074466493,0.0,0.0014516177306874982,0.003861003861003861
True,0.07582406183971746,0.0010000000000007516,0.06903322079712629,0.0031063521977441797,0.0009619248258999369,0.0009652218502096341,0.015503875968992248,0.00118224536829188,0.003861003861003861,1.2857142857142858,2.7371225045643652,fing_x_face,9,0.001,face_G>li_V>ri_V>face_C,4,LR-P1-N2,GP,main,0.05608654022216797,0.001421687468199096,0.003861003861003861,0.0015713387806411063,0.003861003861003861
True,0.06503040454299437,0.0010000000000003634,0.05896433600379311,0.007514762972944802,0.0008596340110015711,0.001070792990076313,0.01937984496124031,0.00118224536829188,0.003861003861003861,1.2857142857142858,2.283708958127563,fing_x_face,9,0.001,face_G>li_V>ri_V>face_C,4,LR-P1-N2-rel,GP,main,0.047438859939575195,0.001376792074466493,0.0,0.0014516177306874982,0.003861003861003861
True,0.10339386844600554,0.0010000000000009745,0.09415947399162562,0.002511607193628756,0.0009451831723824404,0.0009803034416191597,0.007751937984496124,0.001227140762024483,0.003861003861003861,1.2857142857142858,2.7650175092035556,fing_x_face,9,0.001,face_G>li_V>ri_V>face_C,4,LR-P2-N2,GP,main,0.049608707427978516,0.001421687468199096,0.003861003861003861,0.001466582861931699,0.003861003861003861
True,0.0865422605818666,0.00100000000000078,0.0792791795561194,0.033043187753055335,0.0008610245173327893,0.0015232407323620789,0.03488372093023256,0.001466582861931699,0.023166023166023165,1.2586872586872586,1.3472658705216844,fing_x_face,9,0.001,face_G>li_V>ri_V>face_C,4,LR-P2-N2-rel,GP,main,0.02976202964782715,0.0017359552243273173,0.023166023166023165,0.0018556762742809253,0.023166023166023165
True,0.07673487094397945,0.0010000000000000252,0.06965783609488106,0.0033134423442604585,0.0009270641643158855,0.0009199770759810575,0.015503875968992248,0.001212175630780282,0.003861003861003861,1.2895752895752897,2.7370327137769,fing_x_face,9,0.001,face_G>li_V>ri_V>face_C,4,LR-P1-N3,GP,main,0.04711270332336426,0.0013917572057106941,0.003861003861003861,0.0015414085181527043,0.003861003861003861
True,0.0703099980013106,0.0010000000000008316,0.06406936118625432,0.0030584146638283744,0.0009589227947907498,0.0009953850330286851,0.015503875968992248,0.0011972104995360809,0.003861003861003861,1.2857142857142858,2.73721229535183,fing_x_face,9,0.001,face_G>li_V>ri_V>face_C,4,NLS-N2,GP,main,0.05325198173522949,0.001376792074466493,0.003861003861003861,0.0015264433869085032,0.003861003861003861
True,0.07697265408176883,0.0010000000000008778,0.06989587072291638,0.0033134423442604585,0.0009250527722018208,0.0009199770759810575,0.015503875968992248,0.001212175630780282,0.003861003861003861,1.2895752895752897,2.7370327137769,fing_x_face,9,0.001,face_G>li_V>ri_V>face_C,4,DE-N2,GP,main,0.03993105888366699,0.0013917572057106941,0.003861003861003861,0.0015414085181527043,0.003861003861003861
True,0.20745239434079543,0.001000000000000471,0.18624159428267834,0.03707259477052747,0.000936259327163517,0.0014176695924954,0.03488372093023256,0.0015114782556643021,0.04633204633204633,1.22007722007722,1.2218431055640357,fing_x_face,9,0.001,face_G>li_V>ri_V>face_C,4,MAXMONO-K3,GP,main,0.08531403541564941,0.0016760946993505132,0.04633204633204633,0.0017359552243273173,0.04633204633204633
True,,,,,,0.0009953850330286851,0.007751937984496124,0.0004938493310586334,0.007722007722007722,1.528957528957529,3.4982341145131843,fing_x_face,9,0.001,face_G>li_V>ri_V>face_C,4,S1-Marcialis,rule,main,0.005339622497558594,,,,
True,,,,,,0.0009953850330286851,0.007751937984496124,0.0004938493310586334,0.007722007722007722,1.528957528957529,3.4982341145131843,fing_x_face,9,0.001,face_G>li_V>ri_V>face_C,4,S2-Symmetric,rule,main,0.060672760009765625,,,,
False,,,,,,,,,,,,fing_x_face,9,0.001,face_G>li_V>ri_V>face_C,4,S4-Direct,rule,main,6.9141387939453125e-06,,,,
False,,,,,,,,,,,,fing_x_face,9,0.001,face_G>ri_V>face_C>li_V,4,HYP,GP,main,0.0655825138092041,,,,
True,0.06576167179213345,0.001000000000000066,0.061492274766864564,0.0017890423074140992,0.0009530000419617047,0.000935058667390583,0.015503875968992248,0.001122384843315076,0.007722007722007722,1.2625482625482625,2.8823142078956034,fing_x_face,9,0.001,face_G>ri_V>face_C>li_V,4,MONO,GP,main,0.03835177421569824,0.001257071024512885,0.007722007722007722,0.0013917572057106941,0.007722007722007722
True,0.04972363746714068,0.001000000000000891,0.04583850965877215,0.008545787608644733,0.000884654569822165,0.001131119355714415,0.003875968992248062,0.0010774894495824729,0.007722007722007722,1.2586872586872586,1.9567807009667475,fing_x_face,9,0.001,face_G>ri_V>face_C>li_V,4,MONO-rel,GP,main,0.034972429275512695,0.001376792074466493,0.011583011583011582,0.0015114782556643021,0.007722007722007722
True,0.06742727840565382,0.001000000000000335,0.06312445077172901,0.005666595675783107,0.0009578092478073683,0.000904895484571532,0.015503875968992248,0.0011523151058034779,0.007722007722007722,1.2625482625482625,2.9066624764299185,fing_x_face,9,0.001,face_G>ri_V>face_C>li_V,4,LR-P1-N2,GP,main,0.04362750053405762,0.001242105893268684,0.007722007722007722,0.0013618269432222922,0.007722007722007722
True,0.04975721656871286,0.001000000000000868,0.04589297375029844,0.00843206596568667,0.0008888471750097762,0.0011462009471239405,0.003875968992248062,0.0010774894495824729,0.007722007722007722,1.2586872586872586,1.9570201430666547,fing_x_face,9,0.001,face_G>ri_V>face_C>li_V,4,LR-P1-N2-rel,GP,main,0.04225420951843262,0.001376792074466493,0.011583011583011582,0.0015264433869085032,0.007722007722007722
True,0.09473732392091413,0.0010000000000001885,0.08892174515831612,0.0019120251027577597,0.0009474853775656159,0.0008747323017524809,0.015503875968992248,0.0010774894495824729,0.007722007722007722,1.2586872586872586,3.0252761066714555,fing_x_face,9,0.001,face_G>ri_V>face_C>li_V,4,LR-P2-N2,GP,main,0.044979095458984375,0.001272036155757086,0.007722007722007722,0.001376792074466493,0.007722007722007722
True,0.05853031928084935,0.0010000000000001175,0.05374798035278276,0.014980473932018639,0.0009182966275402513,0.0014327511839049257,0.011627906976744186,0.001287001287001287,0.007722007722007722,1.2586872586872586,1.6749124539822213,fing_x_face,9,0.001,face_G>ri_V>face_C>li_V,4,LR-P2-N2-rel,GP,main,0.03461647033691406,0.0014965131244201013,0.015444015444015444,0.0018107808805483223,0.015444015444015444
True,0.06737898598413519,0.0010000000000007943,0.0630977098822743,0.0018209762883407237,0.0009663537886835079,0.000904895484571532,0.011627906976744186,0.0011523151058034779,0.007722007722007722,1.2625482625482625,2.9459160156834576,fing_x_face,9,0.001,face_G>ri_V>face_C>li_V,4,LR-P1-N3,GP,main,0.05008125305175781,0.001257071024512885,0.007722007722007722,0.0013618269432222922,0.007722007722007722
True,0.062093536706521804,0.0010000000000009337,0.05821250919370596,0.0018183708698307237,0.0009738095853376442,0.0009501402588001085,0.015503875968992248,0.0010774894495824729,0.007722007722007722,1.2586872586872586,2.9187243722127443,fing_x_face,9,0.001,face_G>ri_V>face_C>li_V,4,NLS-N2,GP,main,0.041635751724243164,0.001272036155757086,0.007722007722007722,0.001421687468199096,0.007722007722007722
True,0.06766954113364476,0.001000000000000152,0.06344935626504537,0.001912870103355598,0.0009742632561892223,0.0009199770759810575,0.011627906976744186,0.0011523151058034779,0.007722007722007722,1.2625482625482625,3.0647241926311692,fing_x_face,9,0.001,face_G>ri_V>face_C>li_V,4,DE-N2,GP,main,0.06581568717956543,0.001257071024512885,0.007722007722007722,0.001346861811978091,0.007722007722007722
True,0.19719417818064644,0.0010000000000002774,0.178096883755011,0.03767898651899407,0.0009311577394931151,0.0013724248182668236,0.027131782945736434,0.00133189668073389,0.019305019305019305,1.22007722007722,1.2846068660022147,fing_x_face,9,0.001,face_G>ri_V>face_C>li_V,4,MAXMONO-K3,GP,main,0.06134200096130371,0.0014965131244201013,0.023166023166023165,0.0016611295681063123,0.015444015444015444
True,,,,,,0.0009501402588001085,0.01937984496124031,0.001212175630780282,0.015444015444015444,1.4749034749034748,3.2399958097632515,fing_x_face,9,0.001,face_G>ri_V>face_C>li_V,4,S1-Marcialis,rule,main,0.004546403884887695,,,,
True,,,,,,0.0009501402588001085,0.01937984496124031,0.001212175630780282,0.015444015444015444,1.4749034749034748,3.2399958097632515,fing_x_face,9,0.001,face_G>ri_V>face_C>li_V,4,S2-Symmetric,rule,main,0.07547259330749512,,,,
False,,,,,,,,,,,,fing_x_face,9,0.001,face_G>ri_V>face_C>li_V,4,S4-Direct,rule,main,6.67572021484375e-06,,,,
False,,,,,,,,,,,,fing_x_face,9,0.001,face_G>ri_V>li_V>face_C,4,HYP,GP,main,0.03805875778198242,,,,
True,0.06714338228075456,0.001000000000000073,0.06203824275944869,0.003515818633275016,0.0009573741179081574,0.0010406298072572619,0.015503875968992248,0.001122384843315076,0.007722007722007722,1.2548262548262548,2.8135943252222324,fing_x_face,9,0.001,face_G>ri_V>li_V>face_C,4,MONO,GP,main,0.038568735122680664,0.001242105893268684,0.007722007722007722,0.001301966418245488,0.007722007722007722
True,0.05273943983770605,0.0010000000000002444,0.047657340676841284,0.009321307219824857,0.000894619955806821,0.001100956172895364,0.011627906976744186,0.0011972104995360809,0.007722007722007722,1.2548262548262548,2.005971087366436,fing_x_face,9,0.001,face_G>ri_V>li_V>face_C,4,MONO-rel,GP,main,0.032994985580444336,0.0014516177306874982,0.011583011583011582,0.0016461644368621112,0.007722007722007722
True,0.06878395463195164,0.0010000000000005235,0.06365841497688916,0.003515818633275016,0.0009848289246694709,0.0010255482158477362,0.015503875968992248,0.001137349974559277,0.007722007722007722,1.2548262548262548,2.813519499566011,fing_x_face,9,0.001,face_G>ri_V>li_V>face_C,4,LR-P1-N2,GP,main,0.037401676177978516,0.001272036155757086,0.007722007722007722,0.001346861811978091,0.007722007722007722
True,0.052893866253162905,0.0010000000000002188,0.0478270769688432,0.009321307219824857,0.000894619955806821,0.001100956172895364,0.011627906976744186,0.0011972104995360809,0.007722007722007722,1.2548262548262548,2.005971087366436,fing_x_face,9,0.001,face_G>ri_V>li_V>face_C,4,LR-P1-N2-rel,GP,main,0.0323944091796875,0.0014516177306874982,0.011583011583011582,0.0016461644368621112,0.007722007722007722
True,0.09624206293908068,0.001000000000000129,0.08942362304930147,0.003281373849349776,0.0009328348676046862,0.0009803034416191597,0.011627906976744186,0.0010176289246056687,0.007722007722007722,1.2586872586872586,2.813788871928407,fing_x_face,9,0.001,face_G>ri_V>li_V>face_C,4,LR-P2-N2,GP,main,0.04437398910522461,0.001212175630780282,0.007722007722007722,0.001346861811978091,0.007722007722007722
True,0.06500614421678308,0.0010000000000000748,0.05894124955281258,0.026691111522850287,0.0008821779389683477,0.001387506409676349,0.023255813953488372,0.001242105893268684,0.019305019305019305,1.2393822393822393,1.5406153661967616,fing_x_face,9,0.001,face_G>ri_V>li_V>face_C,4,LR-P2-N2-rel,GP,main,0.03259897232055664,0.0015713387806411063,0.019305019305019305,0.0017209900930831162,0.019305019305019305
True,0.06885273763770446,0.001000000000000202,0.06367292098523272,0.003515818633275016,0.0009630294368629141,0.0010255482158477362,0.015503875968992248,0.001122384843315076,0.007722007722007722,1.2548262548262548,2.8135344646972555,fing_x_face,9,0.001,face_G>ri_V>li_V>face_C,4,LR-P1-N3,GP,main,0.03778076171875,0.001257071024512885,0.007722007722007722,0.00133189668073389,0.007722007722007722
True,0.06356003874941257,0.001000000000000288,0.05879683195519028,0.0036515197709502374,0.0009533216735622872,0.0009953850330286851,0.011627906976744186,0.0011074197120708748,0.007722007722007722,1.2586872586872586,2.781194816078537,fing_x_face,9,0.001,face_G>ri_V>li_V>face_C,4,NLS-N2,GP,main,0.03604316711425781,0.001242105893268684,0.007722007722007722,0.0013917572057106941,0.007722007722007722
True,0.06928070601844553,0.0010000000000003227,0.06406127506597313,0.003515818633275016,0.0009598807935138055,0.0010104666244382108,0.015503875968992248,0.001122384843315076,0.007722007722007722,1.2548262548262548,2.8135344646972555,fing_x_face,9,0.001,face_G>ri_V>li_V>face_C,4,DE-N2,GP,main,0.03753829002380371,0.001257071024512885,0.007722007722007722,0.00133189668073389,0.007722007722007722
True,0.2033647951381461,0.001000000000000177,0.18205309619956517,0.04154780189506984,0.0009117104452269682,0.001387506409676349,0.03488372093023256,0.00133189668073389,0.02702702702702703,1.22007722007722,1.2064140552512645,fing_x_face,9,0.001,face_G>ri_V>li_V>face_C,4,MAXMONO-K3,GP,main,0.061669111251831055,0.0015264433869085032,0.03088803088803089,0.0017359552243273173,0.02702702702702703
True,,,,,,0.0009953850330286851,0.007751937984496124,0.0004938493310586334,0.007722007722007722,1.471042471042471,3.531262159169136,fing_x_face,9,0.001,face_G>ri_V>li_V>face_C,4,S1-Marcialis,rule,main,0.005165815353393555,,,,
True,,,,,,0.0009953850330286851,0.007751937984496124,0.0004938493310586334,0.007722007722007722,1.471042471042471,3.531262159169136,fing_x_face,9,0.001,face_G>ri_V>li_V>face_C,4,S2-Symmetric,rule,main,0.05012035369873047,,,,
False,,,,,,,,,,,,fing_x_face,9,0.001,face_G>ri_V>li_V>face_C,4,S4-Direct,rule,main,5.9604644775390625e-06,,,,
False,,,,,,,,,,,,fing_x_face,9,0.001,li_V>face_C>face_G>ri_V,4,HYP,GP,main,0.11550402641296387,,,,
True,0.08061383250574153,0.001000000000000994,0.07637759754094584,0.001819391912219778,0.0009047103989715066,0.0009652218502096341,0.015503875968992248,0.0009278381371404627,0.007722007722007722,1.2046332046332047,3.0469905121067913,fing_x_face,9,0.001,li_V>face_C>face_G>ri_V,4,MONO,GP,main,0.03809189796447754,0.0010176289246056687,0.003861003861003861,0.0011972104995360809,0.007722007722007722
True,0.08480567243721379,0.001000000000000621,0.07939522971712855,0.002984592215765659,0.0009519574650419874,0.0017193014206859107,0.007751937984496124,0.0017808506180599204,0.011583011583011582,1.196911196911197,2.208359522313011,fing_x_face,9,0.001,li_V>face_C>face_G>ri_V,4,MONO-rel,GP,main,0.029428958892822266,0.0020202927179671366,0.007722007722007722,0.002334560474095358,0.011583011583011582
True,0.08729742569646655,0.001000000000000765,0.08241228719299222,0.001819391912219778,0.0009099086542648219,0.0009652218502096341,0.015503875968992248,0.0009278381371404627,0.007722007722007722,1.2046332046332047,3.0469905121067913,fing_x_face,9,0.001,li_V>face_C>face_G>ri_V,4,LR-P1-N2,GP,main,0.05033612251281738,0.0010176289246056687,0.003861003861003861,0.0011972104995360809,0.007722007722007722
True,0.08502884601286423,0.0010000000000006796,0.07956159498434545,0.003124294241688176,0.000940808397771848,0.0017193014206859107,0.007751937984496124,0.0017808506180599204,0.011583011583011582,1.196911196911197,2.2007572356409564,fing_x_face,9,0.001,li_V>face_C>face_G>ri_V,4,LR-P1-N2-rel,GP,main,0.03643512725830078,0.0020202927179671366,0.007722007722007722,0.002319595342851157,0.011583011583011582
True,0.08805761968394402,0.0010000000000148195,0.0825281515744126,0.0018679090298789718,0.0008870823578462191,0.000935058667390583,0.015503875968992248,0.0008530124809194577,0.007722007722007722,1.2046332046332047,3.047065337763012,fing_x_face,9,0.001,li_V>face_C>face_G>ri_V,4,LR-P2-N2,GP,main,0.043238162994384766,0.0009577683996288647,0.003861003861003861,0.001092454580826674,0.007722007722007722
True,0.12399203250933971,0.0010000000000000198,0.11724003430675661,0.06703148429977514,0.0007435572766008021,0.0015383223237716043,0.06976744186046512,0.0011972104995360809,0.05405405405405406,1.135135135135135,1.3453353685911826,fing_x_face,9,0.001,li_V>face_C>face_G>ri_V,4,LR-P2-N2-rel,GP,main,0.030084609985351562,0.001421687468199096,0.04633204633204633,0.0016311993056179102,0.05019305019305019
True,0.09174046487213994,0.0010000000000016283,0.0866274039875684,0.001819391912219778,0.0009244490116731794,0.0009803034416191597,0.015503875968992248,0.0009278381371404627,0.007722007722007722,1.2046332046332047,3.0469905121067913,fing_x_face,9,0.001,li_V>face_C>face_G>ri_V,4,LR-P1-N3,GP,main,0.050812482833862305,0.0010176289246056687,0.003861003861003861,0.0011972104995360809,0.007722007722007722
True,0.08266198064156118,0.0010000000000000829,0.07834650361003262,0.00163278761353057,0.000951813683410783,0.0010255482158477362,0.011627906976744186,0.0009577683996288647,0.007722007722007722,1.2046332046332047,3.046975546975547,fing_x_face,9,0.001,li_V>face_C>face_G>ri_V,4,NLS-N2,GP,main,0.033455610275268555,0.0010325940558498698,0.003861003861003861,0.001242105893268684,0.007722007722007722
True,0.08992856374937512,0.0010000000000017634,0.08522023165969565,0.001819391912219778,0.0009337906751299881,0.0009953850330286851,0.015503875968992248,0.0009278381371404627,0.007722007722007722,1.2046332046332047,3.0469905121067913,fing_x_face,9,0.001,li_V>face_C>face_G>ri_V,4,DE-N2,GP,main,0.035622596740722656,0.0010176289246056687,0.003861003861003861,0.0011972104995360809,0.007722007722007722
True,0.1660443346266114,0.001000000000000709,0.1498306163245532,0.10218679799160402,0.0006911837792646291,0.0012668536784001447,0.10465116279069768,0.0010026637933614679,0.0888030888030888,1.1042471042471043,1.0722516536470026,fing_x_face,9,0.001,li_V>face_C>face_G>ri_V,4,MAXMONO-K3,GP,main,0.06110715866088867,0.001242105893268684,0.0888030888030888,0.001301966418245488,0.08494208494208494
True,,,,,,0.0009803034416191597,0.01937984496124031,0.0008081170871868546,0.02702702702702703,1.606177606177606,3.048711502199874,fing_x_face,9,0.001,li_V>face_C>face_G>ri_V,4,S1-Marcialis,rule,main,0.004958152770996094,,,,
True,,,,,,0.0009803034416191597,0.01937984496124031,0.0008081170871868546,0.02702702702702703,1.606177606177606,3.048711502199874,fing_x_face,9,0.001,li_V>face_C>face_G>ri_V,4,S2-Symmetric,rule,main,0.06228184700012207,,,,
False,,,,,,,,,,,,fing_x_face,9,0.001,li_V>face_C>face_G>ri_V,4,S4-Direct,rule,main,6.67572021484375e-06,,,,
False,,,,,,,,,,,,fing_x_face,9,0.001,li_V>face_C>ri_V>face_G,4,HYP,GP,main,0.10780715942382812,,,,
True,0.08022403730898903,0.00100000000000031,0.07593041081121879,0.002328821647641316,0.0008369527432401718,0.0009199770759810575,0.011627906976744186,0.0009428032683846638,0.007722007722007722,1.2007722007722008,2.6318428062614108,fing_x_face,9,0.001,li_V>face_C>ri_V>face_G,4,MONO,GP,main,0.04050254821777344,0.001047559187094071,0.003861003861003861,0.001227140762024483,0.007722007722007722
True,0.08346360165381957,0.0010000000000006904,0.07745243938290118,0.0030422720829630543,0.0009342945194046608,0.0012517720869906193,0.007751937984496124,0.001212175630780282,0.011583011583011582,1.196911196911197,2.2859237975517046,fing_x_face,9,0.001,li_V>face_C>ri_V>face_G,4,MONO-rel,GP,main,0.033979177474975586,0.001272036155757086,0.007722007722007722,0.0013618269432222922,0.011583011583011582
True,0.08684834617830364,0.0010000000000005794,0.08199943986098022,0.002328821647641316,0.0008451798625404953,0.0009199770759810575,0.011627906976744186,0.0009428032683846638,0.007722007722007722,1.2007722007722008,2.6318428062614108,fing_x_face,9,0.001,li_V>face_C>ri_V>face_G,4,LR-P1-N2,GP,main,0.04577898979187012,0.0010325940558498698,0.003861003861003861,0.001212175630780282,0.007722007722007722
True,0.08358580861132907,0.001000000000000494,0.07759324415796348,0.0030881097542820955,0.0009104044049346367,0.0011914457213525172,0.007751937984496124,0.0011972104995360809,0.011583011583011582,1.196911196911197,2.2660501032594054,fing_x_face,9,0.001,li_V>face_C>ri_V>face_G,4,LR-P1-N2-rel,GP,main,0.04455876350402832,0.001257071024512885,0.007722007722007722,0.0013169315494896891,0.011583011583011582
True,0.08641091439492325,0.0010000000000007134,0.0815202910011331,0.002100542388911518,0.0008615740569448041,0.0009199770759810575,0.015503875968992248,0.0008081170871868546,0.007722007722007722,1.2007722007722008,2.810541438448415,fing_x_face,9,0.001,li_V>face_C>ri_V>face_G,4,LR-P2-N2,GP,main,0.0400090217590332,0.0009428032683846638,0.003861003861003861,0.0011074197120708748,0.007722007722007722
True,0.12240424100852572,0.0010000000000006965,0.11448030938041924,0.06735442890325845,0.0007301763404910224,0.001387506409676349,0.06589147286821706,0.0008829427434078596,0.05405405405405406,1.138996138996139,1.3569183801741942,fing_x_face,9,0.001,li_V>face_C>ri_V>face_G,4,LR-P2-N2-rel,GP,main,0.03132820129394531,0.001167280237047679,0.05019305019305019,0.0014366525994432972,0.04633204633204633
True,0.09130686603782705,0.0010000000000000829,0.08624275194856705,0.002328821647641316,0.0008451798625404953,0.0009199770759810575,0.011627906976744186,0.0009428032683846638,0.007722007722007722,1.2007722007722008,2.6318428062614108,fing_x_face,9,0.001,li_V>face_C>ri_V>face_G,4,LR-P1-N3,GP,main,0.04873037338256836,0.0010325940558498698,0.003861003861003861,0.001212175630780282,0.007722007722007722
True,0.08218185249031913,0.0010000000000116131,0.07787595155117248,0.0022181030970857187,0.0009076346938113478,0.0009953850330286851,0.011627906976744186,0.0010026637933614679,0.007722007722007722,1.2007722007722008,2.6318428062614108,fing_x_face,9,0.001,li_V>face_C>ri_V>face_G,4,NLS-N2,GP,main,0.03914380073547363,0.001122384843315076,0.003861003861003861,0.001242105893268684,0.007722007722007722
True,0.08947952387271417,0.0010000000000008156,0.08481852972031936,0.002328821647641316,0.000843601124798108,0.0009199770759810575,0.011627906976744186,0.0009128730058962617,0.007722007722007722,1.2007722007722008,2.6318428062614108,fing_x_face,9,0.001,li_V>face_C>ri_V>face_G,4,DE-N2,GP,main,0.03808331489562988,0.0010026637933614679,0.003861003861003861,0.001212175630780282,0.007722007722007722
True,0.15566373495019703,0.0010000000000006007,0.1413924783437159,0.09419623152230602,0.0007560022858391713,0.0012517720869906193,0.09689922480620156,0.0010325940558498698,0.08494208494208494,1.1081081081081081,1.1030648588788123,fing_x_face,9,0.001,li_V>face_C>ri_V>face_G,4,MAXMONO-K3,GP,main,0.06862497329711914,0.001212175630780282,0.08494208494208494,0.0016012690431295082,0.08108108108108109
True,,,,,,0.0009953850330286851,0.011627906976744186,0.0014067223369548952,0.019305019305019305,1.5675675675675675,3.1152913711053247,fing_x_face,9,0.001,li_V>face_C>ri_V>face_G,4,S1-Marcialis,rule,main,0.005511760711669922,,,,
True,,,,,,0.0009953850330286851,0.011627906976744186,0.0014067223369548952,0.019305019305019305,1.5675675675675675,3.1152913711053247,fing_x_face,9,0.001,li_V>face_C>ri_V>face_G,4,S2-Symmetric,rule,main,0.04057645797729492,,,,
False,,,,,,,,,,,,fing_x_face,9,0.001,li_V>face_C>ri_V>face_G,4,S4-Direct,rule,main,4.0531158447265625e-06,,,,
False,,,,,,,,,,,,fing_x_face,9,0.001,li_V>face_G>face_C>ri_V,4,HYP,GP,main,0.0413515567779541,,,,
True,0.08504411958705045,0.001000000000000771,0.07935076100823113,0.001952743569066075,0.0009649501520732919,0.0009803034416191597,0.011627906976744186,0.0010774894495824729,0.003861003861003861,1.2123552123552124,3.2912064888809076,fing_x_face,9,0.001,li_V>face_G>face_C>ri_V,4,MONO,GP,main,0.05838131904602051,0.001287001287001287,0.003861003861003861,0.0014366525994432972,0.003861003861003861
True,0.08634117099399091,0.001000000000000701,0.08073604758524851,0.006496174109932071,0.000897275854837169,0.0016288118722287575,0.007751937984496124,0.0014067223369548952,0.007722007722007722,1.2162162162162162,2.282586573284248,fing_x_face,9,0.001,li_V>face_G>face_C>ri_V,4,MONO-rel,GP,main,0.0499873161315918,0.0015414085181527043,0.003861003861003861,0.0018556762742809253,0.007722007722007722
True,0.0911190652047375,0.0010000000000009515,0.08479839618171765,0.0019943334422409106,0.0008262529248687737,0.0008445691189334298,0.015503875968992248,0.0008530124809194577,0.007722007722007722,1.22007722007722,3.2917153033432105,fing_x_face,9,0.001,li_V>face_G>face_C>ri_V,4,LR-P1-N2,GP,main,0.05622267723083496,0.0009876986621172668,0.003861003861003861,0.001227140762024483,0.007722007722007722
True,0.0865338998030468,0.0010000000000001939,0.08087990561285656,0.006420527598078831,0.0009187654391779195,0.0017042198292763853,0.007751937984496124,0.001466582861931699,0.007722007722007722,1.2162162162162162,2.273383017569064,fing_x_face,9,0.001,li_V>face_G>face_C>ri_V,4,LR-P1-N2-rel,GP,main,0.030190706253051758,0.0016012690431295082,0.003861003861003861,0.0019005716680135284,0.007722007722007722
True,0.09622725635641474,0.0010000000000002205,0.0875904132237385,0.0020128970491246623,0.0008526787855668572,0.0008747323017524809,0.011627906976744186,0.0010176289246056687,0.003861003861003861,1.2123552123552124,3.291326209930861,fing_x_face,9,0.001,li_V>face_G>face_C>ri_V,4,LR-P2-N2,GP,main,0.03656435012817383,0.001242105893268684,0.003861003861003861,0.0013618269432222922,0.003861003861003861
True,0.12688640448496744,0.0010000000000007898,0.11982526752327916,0.0625653920775149,0.0008367827536636214,0.0017796277863240128,0.06201550387596899,0.001287001287001287,0.04633204633204633,1.1583011583011582,1.5066145880099369,fing_x_face,9,0.001,li_V>face_G>face_C>ri_V,4,LR-P2-N2-rel,GP,main,0.03735208511352539,0.0014965131244201013,0.03088803088803089,0.0018556762742809253,0.03861003861003861
True,0.09544890365080612,0.0010000000000009283,0.08883948085474547,0.0018879689919880616,0.000840793470831999,0.0008596507103429554,0.015503875968992248,0.0008979078746520607,0.007722007722007722,1.22007722007722,3.291625512555745,fing_x_face,9,0.001,li_V>face_G>face_C>ri_V,4,LR-P1-N3,GP,main,0.03957343101501465,0.0010774894495824729,0.003861003861003861,0.001272036155757086,0.007722007722007722
True,0.08650842961862992,0.0010000000000002435,0.08084727332940811,0.001789786422523894,0.0008615270599167553,0.0008898138931620064,0.011627906976744186,0.0008829427434078596,0.007722007722007722,1.22007722007722,3.291700338211966,fing_x_face,9,0.001,li_V>face_G>face_C>ri_V,4,NLS-N2,GP,main,0.03938794136047363,0.0010026637933614679,0.003861003861003861,0.001257071024512885,0.007722007722007722
True,0.09429504298757779,0.0010000000000000002,0.08784846774553638,0.0019943334422409106,0.0008262529248687737,0.0008445691189334298,0.015503875968992248,0.0008530124809194577,0.007722007722007722,1.22007722007722,3.2917153033432105,fing_x_face,9,0.001,li_V>face_G>face_C>ri_V,4,DE-N2,GP,main,0.03451824188232422,0.0009876986621172668,0.003861003861003861,0.001227140762024483,0.007722007722007722
True,0.17738085564876438,0.0010000000000001468,0.15707538607393393,0.09653808455069482,0.0007752610161007751,0.0014629143667239768,0.09302325581395349,0.0014067223369548952,0.07722007722007722,1.1042471042471043,1.1031247194037892,fing_x_face,9,0.001,li_V>face_G>face_C>ri_V,4,MAXMONO-K3,GP,main,0.06365323066711426,0.0016611295681063123,0.07722007722007722,0.0019155367992577295,0.07722007722007722
True,,,,,,0.0009803034416191597,0.01937984496124031,0.0008081170871868546,0.023166023166023165,1.5482625482625483,3.2934512585675377,fing_x_face,9,0.001,li_V>face_G>face_C>ri_V,4,S1-Marcialis,rule,main,0.005072832107543945,,,,
True,,,,,,0.0009803034416191597,0.01937984496124031,0.0008081170871868546,0.023166023166023165,1.5482625482625483,3.2934512585675377,fing_x_face,9,0.001,li_V>face_G>face_C>ri_V,4,S2-Symmetric,rule,main,0.06461930274963379,,,,
False,,,,,,,,,,,,fing_x_face,9,0.001,li_V>face_G>face_C>ri_V,4,S4-Direct,rule,main,5.7220458984375e-06,,,,
False,,,,,,,,,,,,fing_x_face,9,0.001,li_V>face_G>ri_V>face_C,4,HYP,GP,main,0.06554150581359863,,,,
True,0.08603839551101013,0.0010000000000000714,0.07962549724566323,0.002556591965038815,0.0009042201706347741,0.0009652218502096341,0.007751937984496124,0.001272036155757086,0.003861003861003861,1.2084942084942085,2.8719882673371044,fing_x_face,9,0.001,li_V>face_G>ri_V>face_C,4,MONO,GP,main,0.036634206771850586,0.001466582861931699,0.003861003861003861,0.0015863039118853071,0.003861003861003861
True,0.08536242502896191,0.001000000000000073,0.07900084025603188,0.004940994745753782,0.000914631704850097,0.0011914457213525172,0.015503875968992248,0.001287001287001287,0.003861003861003861,1.2162162162162162,2.5379216425728055,fing_x_face,9,0.001,li_V>face_G>ri_V>face_C,4,MONO-rel,GP,main,0.03288555145263672,0.001421687468199096,0.0,0.0016611295681063123,0.003861003861003861
True,0.09166645503827846,0.001000000000001194,0.08487373203461351,0.002556591965038815,0.0008942998121457168,0.000935058667390583,0.007751937984496124,0.001227140762024483,0.003861003861003861,1.2084942084942085,2.8719882673371044,fing_x_face,9,0.001,li_V>face_G>ri_V>face_C,4,LR-P1-N2,GP,main,0.043009042739868164,0.0014516177306874982,0.003861003861003861,0.0015713387806411063,0.003861003861003861
True,0.08553217835250716,0.0010000000000008672,0.07917538601202402,0.0057372209340838115,0.0009024667037848402,0.0011763641299429915,0.015503875968992248,0.001287001287001287,0.003861003861003861,1.2123552123552124,2.50074825656221,fing_x_face,9,0.001,li_V>face_G>ri_V>face_C,4,LR-P1-N2-rel,GP,main,0.0339207649230957,0.0014516177306874982,0.0,0.0016611295681063123,0.003861003861003861
True,0.09694330282915643,0.0010000000000000243,0.08767145134135115,0.002844824512713343,0.0008013869864543997,0.0008294875275239043,0.007751937984496124,0.001047559187094071,0.003861003861003861,1.2084942084942085,2.8721977791745235,fing_x_face,9,0.001,li_V>face_G>ri_V>face_C,4,LR-P2-N2,GP,main,0.043024539947509766,0.001301966418245488,0.003861003861003861,0.0014067223369548952,0.003861003861003861
True,0.12544885820399304,0.0010000000000009524,0.11687862088588649,0.06100010565757475,0.0008250910490709085,0.0012970168612191958,0.06201550387596899,0.001242105893268684,0.03861003861003861,1.1544401544401544,1.5922151387267667,fing_x_face,9,0.001,li_V>face_G>ri_V>face_C,4,LR-P2-N2-rel,GP,main,0.030504465103149414,0.0016012690431295082,0.02702702702702703,0.0017958157493041214,0.03088803088803089
True,0.09597199239379989,0.0010000000000005838,0.08890406784275519,0.002310510593019578,0.0009453299231334852,0.0010406298072572619,0.007751937984496124,0.001301966418245488,0.003861003861003861,1.2084942084942085,2.9129328664212384,fing_x_face,9,0.001,li_V>face_G>ri_V>face_C,4,LR-P1-N3,GP,main,0.03775143623352051,0.0014965131244201013,0.003861003861003861,0.0016611295681063123,0.003861003861003861
True,0.08717838618983736,0.001000000000000027,0.0809408467712214,0.002431588751599042,0.0009471039271049957,0.0010255482158477362,0.007751937984496124,0.001346861811978091,0.003861003861003861,1.2084942084942085,2.871943371943372,fing_x_face,9,0.001,li_V>face_G>ri_V>face_C,4,NLS-N2,GP,main,0.04822516441345215,0.0015114782556643021,0.003861003861003861,0.0017060249618389154,0.003861003861003861
True,0.0951086462768251,0.0010000000000000891,0.08803974417915152,0.002310510593019578,0.0009412586530604044,0.0010406298072572619,0.007751937984496124,0.001301966418245488,0.003861003861003861,1.2084942084942085,2.9129328664212384,fing_x_face,9,0.001,li_V>face_G>ri_V>face_C,4,DE-N2,GP,main,0.05375075340270996,0.0014965131244201013,0.003861003861003861,0.0016611295681063123,0.003861003861003861
True,0.1711440314319128,0.0010000000000007045,0.15079973061243981,0.09435376613028953,0.0007824974948262932,0.0010557113986667873,0.09302325581395349,0.0011972104995360809,0.07335907335907337,1.1042471042471043,1.1593786477507408,fing_x_face,9,0.001,li_V>face_G>ri_V>face_C,4,MAXMONO-K3,GP,main,0.07329750061035156,0.0014965131244201013,0.07335907335907337,0.0015563736493969052,0.07335907335907337
True,,,,,,0.0009953850330286851,0.007751937984496124,0.0004938493310586334,0.007722007722007722,1.4903474903474903,3.604770883840651,fing_x_face,9,0.001,li_V>face_G>ri_V>face_C,4,S1-Marcialis,rule,main,0.0069773197174072266,,,,
True,,,,,,0.0009953850330286851,0.007751937984496124,0.0004938493310586334,0.007722007722007722,1.4903474903474903,3.604770883840651,fing_x_face,9,0.001,li_V>face_G>ri_V>face_C,4,S2-Symmetric,rule,main,0.09267926216125488,,,,
False,,,,,,,,,,,,fing_x_face,9,0.001,li_V>face_G>ri_V>face_C,4,S4-Direct,rule,main,1.2636184692382812e-05,,,,
False,,,,,,,,,,,,fing_x_face,9,0.001,li_V>ri_V>face_C>face_G,4,HYP,GP,main,0.24106907844543457,,,,
True,0.08271893228286936,0.0010000000000000891,0.07745904239328369,0.0017426552954286215,0.0008959041472656507,0.0015383223237716043,0.003875968992248062,0.0017658854868157193,0.003861003861003861,1.2432432432432432,2.9972164855885786,fing_x_face,9,0.001,li_V>ri_V>face_C>face_G,4,MONO,GP,main,0.09223079681396484,0.002095118374188142,0.003861003861003861,0.002244769686630152,0.003861003861003861
True,0.08074306259205384,0.0010000000000004567,0.0752849757335742,0.00623031669961573,0.0008696768450549456,0.0015081591409525533,0.015503875968992248,0.0015264433869085032,0.02702702702702703,1.2123552123552124,2.12670976624465,fing_x_face,9,0.001,li_V>ri_V>face_C>face_G,4,MONO-rel,GP,main,0.030996084213256836,0.0019305019305019305,0.023166023166023165,0.0020352578492113375,0.02702702702702703
True,0.08820278029505757,0.0010000000000002197,0.08273173394413505,0.0019778823368517533,0.0009350318820529316,0.0017494646035049618,0.003875968992248062,0.0019155367992577295,0.003861003861003861,1.2355212355212355,2.9815779234383886,fing_x_face,9,0.001,li_V>ri_V>face_C>face_G,4,LR-P1-N2,GP,main,0.035221099853515625,0.002140013767920745,0.003861003861003861,0.002274699949118554,0.003861003861003861
True,0.08072843015140181,0.0010000000000000224,0.07530930256049401,0.006144863305824122,0.000877323290717329,0.0015232407323620789,0.015503875968992248,0.0015264433869085032,0.02702702702702703,1.2123552123552124,2.127024034000778,fing_x_face,9,0.001,li_V>ri_V>face_C>face_G,4,LR-P1-N2-rel,GP,main,0.034949302673339844,0.0019305019305019305,0.023166023166023165,0.0020352578492113375,0.02702702702702703
True,0.088081837463995,0.001000000000000511,0.08246102109016315,0.0018081956542984252,0.0009218283635736221,0.0011914457213525172,0.011627906976744186,0.001287001287001287,0.003861003861003861,1.2355212355212355,3.096944120199934,fing_x_face,9,0.001,li_V>ri_V>face_C>face_G,4,LR-P2-N2,GP,main,0.03379058837890625,0.0015563736493969052,0.003861003861003861,0.0017060249618389154,0.003861003861003861
True,0.11455718709067267,0.0010000000000000154,0.10652260569142333,0.010463486673750154,0.0008877698490055264,0.0018550357433716406,0.01937984496124031,0.0015863039118853071,0.03088803088803089,1.2084942084942085,1.9565412588668403,fing_x_face,9,0.001,li_V>ri_V>face_C>face_G,4,LR-P2-N2-rel,GP,main,0.028965234756469727,0.0020053275867229358,0.03088803088803089,0.0020352578492113375,0.02702702702702703
True,0.09257945387050984,0.0010000000000001468,0.08689162919689689,0.0018607177227077886,0.0009395548365719459,0.0017796277863240128,0.003875968992248062,0.0019454670617461314,0.003861003861003861,1.2355212355212355,2.981847295800784,fing_x_face,9,0.001,li_V>ri_V>face_C>face_G,4,LR-P1-N3,GP,main,0.03361988067626953,0.002184909161653348,0.003861003861003861,0.0023046302116069557,0.003861003861003861
True,0.08409461580032282,0.001000000000000757,0.07899692311369959,0.0017911372047295722,0.00096803947212996,0.0017645461949144874,0.003875968992248062,0.0019005716680135284,0.003861003861003861,1.2355212355212355,2.99419352907725,fing_x_face,9,0.001,li_V>ri_V>face_C>face_G,4,NLS-N2,GP,main,0.039731740951538086,0.0022148394241417496,0.003861003861003861,0.002379455867827961,0.003861003861003861
True,0.09154070670764992,0.0010000000000001583,0.08594164136738856,0.0016043920726073913,0.0009601424483634455,0.00155340391518113,0.003875968992248062,0.0017359552243273173,0.003861003861003861,1.2355212355212355,3.006195564335099,fing_x_face,9,0.001,li_V>ri_V>face_C>face_G,4,DE-N2,GP,main,0.04515957832336426,0.002184909161653348,0.003861003861003861,0.002334560474095358,0.003861003861003861
True,0.14093807573419415,0.0010000000000009363,0.12779061023167648,0.06793447306363969,0.0008064412645512395,0.0011612825385334661,0.07751937984496124,0.001122384843315076,0.05791505791505792,1.1467181467181466,1.3781539014097153,fing_x_face,9,0.001,li_V>ri_V>face_C>face_G,4,MAXMONO-K3,GP,main,0.05823397636413574,0.0013618269432222922,0.04633204633204633,0.0015114782556643021,0.05019305019305019
True,,,,,,0.0009953850330286851,0.011627906976744186,0.0014067223369548952,0.011583011583011582,1.505791505791506,3.4995959414564064,fing_x_face,9,0.001,li_V>ri_V>face_C>face_G,4,S1-Marcialis,rule,main,0.0046710968017578125,,,,
True,,,,,,0.0009953850330286851,0.011627906976744186,0.0014067223369548952,0.011583011583011582,1.505791505791506,3.4995959414564064,fing_x_face,9,0.001,li_V>ri_V>face_C>face_G,4,S2-Symmetric,rule,main,0.03636956214904785,,,,
False,,,,,,,,,,,,fing_x_face,9,0.001,li_V>ri_V>face_C>face_G,4,S4-Direct,rule,main,5.0067901611328125e-06,,,,
False,,,,,,,,,,,,fing_x_face,9,0.001,li_V>ri_V>face_G>face_C,4,HYP,GP,main,0.08085298538208008,,,,
True,0.0835800128850757,0.0010000000000001156,0.07781970525736585,0.0019949407864206063,0.0009005021670150513,0.0016589750550478086,0.011627906976744186,0.001257071024512885,0.003861003861003861,1.2355212355212355,3.0467211397443954,fing_x_face,9,0.001,li_V>ri_V>face_G>face_C,4,MONO,GP,main,0.037026166915893555,0.0016311993056179102,0.003861003861003861,0.0018257460117925234,0.003861003861003861
True,0.08121935310528448,0.0010000000000002756,0.07547591226681814,0.0068063904405212365,0.0009322094111162707,0.002216993937200253,0.027131782945736434,0.0019305019305019305,0.023166023166023165,1.2123552123552124,2.2031516566400287,fing_x_face,9,0.001,li_V>ri_V>face_G>face_C,4,MONO-rel,GP,main,0.03300929069519043,0.002334560474095358,0.023166023166023165,0.002648828230223579,0.023166023166023165
True,0.08893129266827333,0.0010000000000008067,0.08303526175689635,0.002026364246152704,0.0009379339239770448,0.001583567098000181,0.011627906976744186,0.001346861811978091,0.003861003861003861,1.2355212355212355,3.0744215976774116,fing_x_face,9,0.001,li_V>ri_V>face_G>face_C,4,LR-P1-N2,GP,main,0.04959988594055176,0.0015264433869085032,0.003861003861003861,0.0016910598305947143,0.003861003861003861
True,0.08123390348097279,0.0010000000000001362,0.0755271656242053,0.0068063904405212365,0.0009399642719907033,0.002216993937200253,0.027131782945736434,0.0019305019305019305,0.023166023166023165,1.2123552123552124,2.203855017808506,fing_x_face,9,0.001,li_V>ri_V>face_G>face_C,4,LR-P1-N2-rel,GP,main,0.03596329689025879,0.0023495256053395587,0.023166023166023165,0.00266379336146778,0.023166023166023165
True,0.0895433765613997,0.0010000000000006317,0.0829732323253899,0.0019047450976071563,0.0009110320072330375,0.0014629143667239768,0.007751937984496124,0.001227140762024483,0.003861003861003861,1.2393822393822393,3.0883990302594952,fing_x_face,9,0.001,li_V>ri_V>face_G>face_C,4,LR-P2-N2,GP,main,0.04059648513793945,0.001466582861931699,0.003861003861003861,0.0016162341743737093,0.003861003861003861
True,0.11538885479610322,0.0010000000000003396,0.10671600847831861,0.011199871743353702,0.0008563547178100126,0.0020209332488764216,0.031007751937984496,0.0017509203555715184,0.03088803088803089,1.2046332046332047,1.9570650384603874,fing_x_face,9,0.001,li_V>ri_V>face_G>face_C,4,LR-P2-N2-rel,GP,main,0.043697357177734375,0.002095118374188142,0.03088803088803089,0.002334560474095358,0.02702702702702703
True,0.09329144748695603,0.0010000000000000091,0.08717756103054589,0.002026364246152704,0.0009593667090774046,0.001613730280819232,0.011627906976744186,0.001376792074466493,0.003861003861003861,1.2355212355212355,3.0793750561192423,fing_x_face,9,0.001,li_V>ri_V>face_G>face_C,4,LR-P1-N3,GP,main,0.038687944412231445,0.0015863039118853071,0.003861003861003861,0.0017958157493041214,0.003861003861003861
True,0.08485728886945547,0.0010000000000009994,0.07930920967622328,0.001705729852637204,0.000973023831817545,0.0019606068832383194,0.007751937984496124,0.0015114782556643021,0.003861003861003861,1.2316602316602316,3.027326329651911,fing_x_face,9,0.001,li_V>ri_V>face_G>face_C,4,NLS-N2,GP,main,0.036870718002319336,0.0017509203555715184,0.003861003861003861,0.0021250486366765436,0.003861003861003861
True,0.0923520946196882,0.0010000000000003218,0.0862536991087118,0.002026364246152704,0.0009564431594758405,0.0015986486894097064,0.011627906976744186,0.0013618269432222922,0.003861003861003861,1.2355212355212355,3.081649756068361,fing_x_face,9,0.001,li_V>ri_V>face_G>face_C,4,DE-N2,GP,main,0.03777885437011719,0.0015563736493969052,0.003861003861003861,0.0017359552243273173,0.003861003861003861
True,0.1538507252735702,0.0010000000000001629,0.1364545736719732,0.08167305340868529,0.0007844098506541947,0.0016288118722287575,0.08914728682170543,0.0015414085181527043,0.07722007722007722,1.1042471042471043,1.146074646074646,fing_x_face,9,0.001,li_V>ri_V>face_G>face_C,4,MAXMONO-K3,GP,main,0.06480145454406738,0.0019454670617461314,0.07335907335907337,0.0020801532429439405,0.06563706563706563
True,,,,,,0.0009953850330286851,0.007751937984496124,0.0004938493310586334,0.007722007722007722,1.4864864864864864,3.74433569782407,fing_x_face,9,0.001,li_V>ri_V>face_G>face_C,4,S1-Marcialis,rule,main,0.003268718719482422,,,,
True,,,,,,0.0009953850330286851,0.007751937984496124,0.0004938493310586334,0.007722007722007722,1.4864864864864864,3.74433569782407,fing_x_face,9,0.001,li_V>ri_V>face_G>face_C,4,S2-Symmetric,rule,main,0.051537513732910156,,,,
False,,,,,,,,,,,,fing_x_face,9,0.001,li_V>ri_V>face_G>face_C,4,S4-Direct,rule,main,6.4373016357421875e-06,,,,
False,,,,,,,,,,,,fing_x_face,9,0.001,ri_V>face_C>face_G>li_V,4,HYP,GP,main,0.07399296760559082,,,,
True,0.05380056299127453,0.0010000000000059076,0.0505597474883371,0.001590995292295836,0.0008705051884931991,0.0009652218502096341,0.011627906976744186,0.0008679776121636587,0.003861003861003861,1.162162162162162,3.01489030558798,fing_x_face,9,0.001,ri_V>face_C>face_G>li_V,4,MONO,GP,main,0.03808951377868652,0.0009577683996288647,0.003861003861003861,0.0010176289246056687,0.003861003861003861
True,0.047589775679082236,0.0010000000000004016,0.043755860981569604,0.010315397610643809,0.0008531299084103327,0.002005851657466896,0.007751937984496124,0.0017958157493041214,0.007722007722007722,1.1544401544401544,1.9226602017299692,fing_x_face,9,0.001,ri_V>face_C>face_G>li_V,4,MONO-rel,GP,main,0.03232264518737793,0.0021250486366765436,0.007722007722007722,0.002274699949118554,0.007722007722007722
True,0.05360325735454348,0.001000000000000668,0.05021192588589445,0.001684719941939359,0.0008668710757733899,0.0009199770759810575,0.011627906976744186,0.0008230822184310556,0.003861003861003861,1.162162162162162,3.1290293615875013,fing_x_face,9,0.001,ri_V>face_C>face_G>li_V,4,LR-P1-N2,GP,main,0.04111981391906738,0.0008979078746520607,0.003861003861003861,0.0009876986621172668,0.003861003861003861
True,0.04712693446557344,0.001000000000000599,0.0433603876303023,0.01029159540630375,0.0008748759698693472,0.002066178023104998,0.007751937984496124,0.0018556762742809253,0.007722007722007722,1.1544401544401544,1.9270449851845202,fing_x_face,9,0.001,ri_V>face_C>face_G>li_V,4,LR-P1-N2-rel,GP,main,0.03635668754577637,0.002140013767920745,0.007722007722007722,0.002334560474095358,0.007722007722007722
True,0.054928358497828435,0.001000000000000018,0.05103546482778058,0.0017071828744985508,0.0008582812291046879,0.0008898138931620064,0.011627906976744186,0.0007781868246984526,0.003861003861003861,1.162162162162162,3.1290742569812338,fing_x_face,9,0.001,ri_V>face_C>face_G>li_V,4,LR-P2-N2,GP,main,0.0477452278137207,0.0008829427434078596,0.003861003861003861,0.0009278381371404627,0.003861003861003861
True,0.05257769037114522,0.0010000000000002613,0.048551819859558434,0.02124683767102654,0.0008376615193116951,0.0021717491629716767,0.01937984496124031,0.0016611295681063123,0.023166023166023165,1.138996138996139,1.3791565652030768,fing_x_face,9,0.001,ri_V>face_C>face_G>li_V,4,LR-P2-N2-rel,GP,main,0.02960824966430664,0.002140013767920745,0.015444015444015444,0.0021549788991649457,0.019305019305019305
True,0.05359139486467238,0.0010000000000001778,0.05020447883003942,0.0017621783300745021,0.0008819412557833967,0.000935058667390583,0.011627906976744186,0.0008230822184310556,0.003861003861003861,1.162162162162162,3.128999431325013,fing_x_face,9,0.001,ri_V>face_C>face_G>li_V,4,LR-P1-N3,GP,main,0.04718351364135742,0.0008979078746520607,0.003861003861003861,0.0009876986621172668,0.003861003861003861
True,0.05016487591044416,0.001000000000000669,0.04711882534978373,0.0053774411656507355,0.0008932556384802727,0.0009803034416191597,0.015503875968992248,0.0010026637933614679,0.003861003861003861,1.162162162162162,3.06743288138637,fing_x_face,9,0.001,ri_V>face_C>face_G>li_V,4,NLS-N2,GP,main,0.033484458923339844,0.001047559187094071,0.003861003861003861,0.0011074197120708748,0.003861003861003861
True,0.053078224475715516,0.0010000000000001156,0.04990162102253408,0.0015948682117025931,0.0008916264449301642,0.0009501402588001085,0.011627906976744186,0.0008679776121636587,0.003861003861003861,1.162162162162162,3.1289844661937685,fing_x_face,9,0.001,ri_V>face_C>face_G>li_V,4,DE-N2,GP,main,0.0331113338470459,0.0009876986621172668,0.003861003861003861,0.0010325940558498698,0.003861003861003861
True,0.12159220873874234,0.0010000000000001698,0.11329458656850468,0.06989872209223477,0.0007965689996561755,0.0012517720869906193,0.06976744186046512,0.0007482565622100506,0.05019305019305019,1.0617760617760619,1.0236149771033491,fing_x_face,9,0.001,ri_V>face_C>face_G>li_V,4,MAXMONO-K3,GP,main,0.06762552261352539,0.0008979078746520607,0.05019305019305019,0.0010774894495824729,0.05019305019305019
True,,,,,,0.0009501402588001085,0.01937984496124031,0.001212175630780282,0.015444015444015444,1.2895752895752897,3.1299571997246414,fing_x_face,9,0.001,ri_V>face_C>face_G>li_V,4,S1-Marcialis,rule,main,0.0050678253173828125,,,,
True,,,,,,0.0009501402588001085,0.01937984496124031,0.001212175630780282,0.015444015444015444,1.2895752895752897,3.1299571997246414,fing_x_face,9,0.001,ri_V>face_C>face_G>li_V,4,S2-Symmetric,rule,main,0.06405901908874512,,,,
False,,,,,,,,,,,,fing_x_face,9,0.001,ri_V>face_C>face_G>li_V,4,S4-Direct,rule,main,5.7220458984375e-06,,,,
False,,,,,,,,,,,,fing_x_face,9,0.001,ri_V>face_C>li_V>face_G,4,HYP,GP,main,0.05668973922729492,,,,
True,0.054282740178329174,0.0010000000000019817,0.05071452972212113,0.002596993556122941,0.0008721842671265579,0.0009953850330286851,0.007751937984496124,0.0007482565622100506,0.003861003861003861,1.1583011583011582,2.7084942084942085,fing_x_face,9,0.001,ri_V>face_C>li_V>face_G,4,MONO,GP,main,0.03633546829223633,0.0008380473496752566,0.003861003861003861,0.0008679776121636587,0.003861003861003861
True,0.05038116090950725,0.0010000000000005048,0.04597419132286135,0.013896543998471546,0.0008247445562573425,0.0015081591409525533,0.015503875968992248,0.001242105893268684,0.011583011583011582,1.1505791505791505,1.7378109006015983,fing_x_face,9,0.001,ri_V>face_C>li_V>face_G,4,MONO-rel,GP,main,0.03392171859741211,0.0014815479931759002,0.007722007722007722,0.0017509203555715184,0.011583011583011582
True,0.05416638738395628,0.0010000000000008262,0.05037390672562345,0.006478245833358927,0.0008252360873226754,0.0009501402588001085,0.011627906976744186,0.0007332914309658496,0.003861003861003861,1.1583011583011582,2.699515129747688,fing_x_face,9,0.001,ri_V>face_C>li_V>face_G,4,LR-P1-N2,GP,main,0.038884878158569336,0.0007931519559426536,0.003861003861003861,0.0008530124809194577,0.003861003861003861
True,0.049952566979223005,0.001000000000000279,0.045609382428948284,0.013896543998471546,0.0008403141845075778,0.0015383223237716043,0.015503875968992248,0.001301966418245488,0.011583011583011582,1.1505791505791505,1.7411780551315434,fing_x_face,9,0.001,ri_V>face_C>li_V>face_G,4,LR-P1-N2-rel,GP,main,0.03830718994140625,0.0015414085181527043,0.007722007722007722,0.0018107808805483223,0.011583011583011582
True,0.05481331395222349,0.001000000000000455,0.05091835035823714,0.00595955268860575,0.0008525012005484937,0.0009199770759810575,0.015503875968992248,0.0006883960372332465,0.003861003861003861,1.162162162162162,2.9012301337882733,fing_x_face,9,0.001,ri_V>face_C>li_V>face_G,4,LR-P2-N2,GP,main,0.04765963554382324,0.0008530124809194577,0.003861003861003861,0.0008829427434078596,0.003861003861003861
True,0.05686747523055435,0.0010000000000003689,0.05238451922519264,0.02909049433152474,0.0007784001875152764,0.0019153621090097427,0.027131782945736434,0.001137349974559277,0.02702702702702703,1.138996138996139,1.2638951243602405,fing_x_face,9,0.001,ri_V>face_C>li_V>face_G,4,LR-P2-N2-rel,GP,main,0.04867267608642578,0.0016910598305947143,0.02702702702702703,0.0017808506180599204,0.02702702702702703
True,0.05427490056971209,0.0010000000000004248,0.05041566022318172,0.0026309784239172355,0.0008468087723234183,0.0009652218502096341,0.007751937984496124,0.0007332914309658496,0.003861003861003861,1.1583011583011582,2.7085091736254525,fing_x_face,9,0.001,ri_V>face_C>li_V>face_G,4,LR-P1-N3,GP,main,0.036683082580566406,0.0008081170871868546,0.003861003861003861,0.0008979078746520607,0.003861003861003861
True,0.05086667290285345,0.001000000000000169,0.04736865581149524,0.0064436224755295675,0.000842597859369732,0.0009501402588001085,0.011627906976744186,0.0007482565622100506,0.003861003861003861,1.1583011583011582,2.699515129747688,fing_x_face,9,0.001,ri_V>face_C>li_V>face_G,4,NLS-N2,GP,main,0.039168357849121094,0.0008380473496752566,0.003861003861003861,0.0009577683996288647,0.003861003861003861
True,0.05375136591666783,0.0010000000000004478,0.050118296810477005,0.006427220797258715,0.000840226158936531,0.0009652218502096341,0.011627906976744186,0.0007332914309658496,0.003861003861003861,1.1583011583011582,2.699515129747688,fing_x_face,9,0.001,ri_V>face_C>li_V>face_G,4,DE-N2,GP,main,0.03737187385559082,0.0008081170871868546,0.003861003861003861,0.0008979078746520607,0.003861003861003861
True,0.11922363612434163,0.0010000000000009843,0.11201128554665794,0.06999912752785495,0.0008548605595890082,0.0012819352698096704,0.06976744186046512,0.0008081170871868546,0.05019305019305019,1.054054054054054,1.0254556882463859,fing_x_face,9,0.001,ri_V>face_C>li_V>face_G,4,MAXMONO-K3,GP,main,0.09253907203674316,0.0009876986621172668,0.05019305019305019,0.0010625243183382718,0.05019305019305019
True,,,,,,0.0009953850330286851,0.011627906976744186,0.0014067223369548952,0.011583011583011582,1.305019305019305,3.1764837927628626,fing_x_face,9,0.001,ri_V>face_C>li_V>face_G,4,S1-Marcialis,rule,main,0.004904747009277344,,,,
True,,,,,,0.0009953850330286851,0.011627906976744186,0.0014067223369548952,0.011583011583011582,1.305019305019305,3.1764837927628626,fing_x_face,9,0.001,ri_V>face_C>li_V>face_G,4,S2-Symmetric,rule,main,0.03695368766784668,,,,
False,,,,,,,,,,,,fing_x_face,9,0.001,ri_V>face_C>li_V>face_G,4,S4-Direct,rule,main,4.5299530029296875e-06,,,,
False,,,,,,,,,,,,fing_x_face,9,0.001,ri_V>face_G>face_C>li_V,4,HYP,GP,main,0.042962074279785156,,,,
True,0.05645771567012993,0.0010000000000004372,0.052220868368064166,0.0015998677985731337,0.0009577178282596027,0.0009803034416191597,0.011627906976744186,0.0009128730058962617,0.003861003861003861,1.1312741312741312,3.1026458352039747,fing_x_face,9,0.001,ri_V>face_G>face_C>li_V,4,MONO,GP,main,0.0357053279876709,0.0010774894495824729,0.003861003861003861,0.001227140762024483,0.003861003861003861
True,0.04805846420345922,0.0010000000000000527,0.044079780553389264,0.004683938522219838,0.0008533438591690672,0.0023225650770669322,0.003875968992248062,0.0016311993056179102,0.003861003861003861,1.1467181467181466,2.1626111160994883,fing_x_face,9,0.001,ri_V>face_G>face_C>li_V,4,MONO-rel,GP,main,0.03137016296386719,0.0017958157493041214,0.003861003861003861,0.0021250486366765436,0.003861003861003861
True,0.056003531017987614,0.0010000000000003502,0.05171864969302708,0.0016552478377545113,0.0009259961480772665,0.000904895484571532,0.011627906976744186,0.0008829427434078596,0.003861003861003861,1.1312741312741312,3.1389512436024063,fing_x_face,9,0.001,ri_V>face_G>face_C>li_V,4,LR-P1-N2,GP,main,0.03612065315246582,0.0010625243183382718,0.003861003861003861,0.001167280237047679,0.003861003861003861
True,0.04762960073903753,0.0010000000000001629,0.043675847163785225,0.004683938522219838,0.0008491651874514817,0.0023074834856574066,0.003875968992248062,0.0016311993056179102,0.003861003861003861,1.1467181467181466,2.1609799167938704,fing_x_face,9,0.001,ri_V>face_G>face_C>li_V,4,LR-P1-N2-rel,GP,main,0.03235578536987305,0.0017808506180599204,0.003861003861003861,0.0021250486366765436,0.003861003861003861
True,0.060011905904061955,0.0010000000000003298,0.05418194173950038,0.005593649374173599,0.0009430080527601285,0.000935058667390583,0.015503875968992248,0.0008979078746520607,0.003861003861003861,1.1274131274131274,3.1956092304929515,fing_x_face,9,0.001,ri_V>face_G>face_C>li_V,4,LR-P2-N2,GP,main,0.03692793846130371,0.001092454580826674,0.003861003861003861,0.001167280237047679,0.003861003861003861
True,0.05276208498964138,0.001000000000000066,0.0485141654293511,0.019485522397118208,0.0008509244973302331,0.0027599312279431728,0.01937984496124031,0.0019005716680135284,0.015444015444015444,1.135135135135135,1.5382508754601778,fing_x_face,9,0.001,ri_V>face_G>face_C>li_V,4,LR-P2-N2-rel,GP,main,0.03381943702697754,0.002409386130316363,0.015444015444015444,0.002618897967735177,0.015444015444015444
True,0.05595990532511838,0.001000000000000027,0.05169543759961283,0.0016552478377545113,0.0009379809152043204,0.0009199770759810575,0.011627906976744186,0.0009128730058962617,0.003861003861003861,1.1312741312741312,3.1964622429738707,fing_x_face,9,0.001,ri_V>face_G>face_C>li_V,4,LR-P1-N3,GP,main,0.038568735122680664,0.0010625243183382718,0.003861003861003861,0.001167280237047679,0.003861003861003861
True,0.05268207335548104,0.0010000000000007117,0.048812472877553754,0.0015998677985731337,0.0009675633059786839,0.0009803034416191597,0.011627906976744186,0.0009278381371404627,0.003861003861003861,1.1312741312741312,3.1300918859058395,fing_x_face,9,0.001,ri_V>face_G>face_C>li_V,4,NLS-N2,GP,main,0.03940439224243164,0.0011074197120708748,0.003861003861003861,0.001227140762024483,0.003861003861003861
True,0.055866215846917734,0.001000000000000176,0.05167066973372105,0.0018362512991477941,0.0009337796756263256,0.000935058667390583,0.011627906976744186,0.0008380473496752566,0.003861003861003861,1.135135135135135,3.365777737870761,fing_x_face,9,0.001,ri_V>face_G>face_C>li_V,4,DE-N2,GP,main,0.03590202331542969,0.0009577683996288647,0.003861003861003861,0.001122384843315076,0.003861003861003861
True,0.14750017146010533,0.0010000000000003279,0.13129057397505572,0.06630903993447909,0.000783363858868557,0.0010104666244382108,0.06589147286821706,0.0007183262997216486,0.05405405405405406,1.0617760617760619,1.0355721169674659,fing_x_face,9,0.001,ri_V>face_G>face_C>li_V,4,MAXMONO-K3,GP,main,0.07341885566711426,0.0008979078746520607,0.05019305019305019,0.0009128730058962617,0.05405405405405406
True,,,,,,0.0009501402588001085,0.01937984496124031,0.001212175630780282,0.015444015444015444,1.2586872586872586,3.3852324084882226,fing_x_face,9,0.001,ri_V>face_G>face_C>li_V,4,S1-Marcialis,rule,main,0.004494667053222656,,,,
True,,,,,,0.0009501402588001085,0.01937984496124031,0.001212175630780282,0.015444015444015444,1.2586872586872586,3.3852324084882226,fing_x_face,9,0.001,ri_V>face_G>face_C>li_V,4,S2-Symmetric,rule,main,0.06425619125366211,,,,
False,,,,,,,,,,,,fing_x_face,9,0.001,ri_V>face_G>face_C>li_V,4,S4-Direct,rule,main,5.4836273193359375e-06,,,,
False,,,,,,,,,,,,fing_x_face,9,0.001,ri_V>face_G>li_V>face_C,4,HYP,GP,main,0.14424538612365723,,,,
True,0.05798584158469448,0.0010000000000002693,0.052861829127816666,0.003242057849311484,0.0008901204953207903,0.0010104666244382108,0.011627906976744186,0.0009577683996288647,0.007722007722007722,1.1235521235521235,2.959743796953099,fing_x_face,9,0.001,ri_V>face_G>li_V>face_C,4,MONO,GP,main,0.0364995002746582,0.0010325940558498698,0.007722007722007722,0.00118224536829188,0.007722007722007722
True,0.051473813059765755,0.0010000000000000295,0.046582035324581494,0.017503315300262244,0.0007148721747089867,0.0015232407323620789,0.023255813953488372,0.0010774894495824729,0.015444015444015444,1.138996138996139,1.771512376163539,fing_x_face,9,0.001,ri_V>face_G>li_V>face_C,4,MONO-rel,GP,main,0.032607078552246094,0.001346861811978091,0.011583011583011582,0.0016012690431295082,0.015444015444015444
True,0.0575078718729145,0.0010000000000005421,0.05235304984884867,0.0029183359536115766,0.0009167977027031632,0.0010255482158477362,0.011627906976744186,0.0009577683996288647,0.007722007722007722,1.1235521235521235,3.006180599203855,fing_x_face,9,0.001,ri_V>face_G>li_V>face_C,4,LR-P1-N2,GP,main,0.03571486473083496,0.0010625243183382718,0.007722007722007722,0.00118224536829188,0.007722007722007722
True,0.051098250967122824,0.001000000000000154,0.04627536148592161,0.017503315300262244,0.000730299355679507,0.0015684855065906554,0.023255813953488372,0.001092454580826674,0.015444015444015444,1.138996138996139,1.7769596839364281,fing_x_face,9,0.001,ri_V>face_G>li_V>face_C,4,LR-P1-N2-rel,GP,main,0.03268766403198242,0.001346861811978091,0.011583011583011582,0.0016012690431295082,0.015444015444015444
True,0.061587513141244554,0.0010000000000004656,0.05472402265481003,0.003515757695731903,0.000891051459023452,0.0009803034416191597,0.011627906976744186,0.0008081170871868546,0.007722007722007722,1.1196911196911197,2.959803657478076,fing_x_face,9,0.001,ri_V>face_G>li_V>face_C,4,LR-P2-N2,GP,main,0.03591012954711914,0.0009876986621172668,0.007722007722007722,0.001122384843315076,0.007722007722007722
True,0.057951259285381806,0.0010000000000004328,0.052849893217574176,0.02425799188475148,0.0008182118364759406,0.0023678098512955087,0.027131782945736434,0.0015713387806411063,0.02702702702702703,1.1196911196911197,1.3843494657448145,fing_x_face,9,0.001,ri_V>face_G>li_V>face_C,4,LR-P2-N2-rel,GP,main,0.031510114669799805,0.002140013767920745,0.019305019305019305,0.0023495256053395587,0.023166023166023165
True,0.057593475320522496,0.0010000000000004515,0.05237881455337695,0.003242057849311484,0.00089574812906392,0.0009953850330286851,0.011627906976744186,0.0009278381371404627,0.007722007722007722,1.1235521235521235,2.959743796953099,fing_x_face,9,0.001,ri_V>face_G>li_V>face_C,4,LR-P1-N3,GP,main,0.03589129447937012,0.0010325940558498698,0.007722007722007722,0.0011972104995360809,0.007722007722007722
True,0.05431632419597195,0.0010000000000001663,0.04951285621027913,0.0031994755969623184,0.0009216029373667131,0.0010255482158477362,0.011627906976744186,0.0009727335308730657,0.007722007722007722,1.1235521235521235,2.959743796953099,fing_x_face,9,0.001,ri_V>face_G>li_V>face_C,4,NLS-N2,GP,main,0.03233194351196289,0.0010625243183382718,0.007722007722007722,0.001242105893268684,0.007722007722007722
True,0.05764718677020764,0.00100000000000059,0.052393871378090234,0.0029183359536115766,0.0009318694114126873,0.0010406298072572619,0.011627906976744186,0.0009577683996288647,0.007722007722007722,1.1235521235521235,3.006180599203855,fing_x_face,9,0.001,ri_V>face_G>li_V>face_C,4,DE-N2,GP,main,0.03603219985961914,0.0010625243183382718,0.007722007722007722,0.001212175630780282,0.007722007722007722
True,0.14673179757689706,0.001000000000000574,0.12959894144060885,0.06655314444746081,0.0007084107714943638,0.000935058667390583,0.06589147286821706,0.0006435006435006435,0.05405405405405406,1.057915057915058,1.0376073748166772,fing_x_face,9,0.001,ri_V>face_G>li_V>face_C,4,MAXMONO-K3,GP,main,0.06589341163635254,0.0008530124809194577,0.05405405405405406,0.0009727335308730657,0.05405405405405406
True,,,,,,0.0009953850330286851,0.007751937984496124,0.0004938493310586334,0.007722007722007722,1.2548262548262548,3.6764987578941066,fing_x_face,9,0.001,ri_V>face_G>li_V>face_C,4,S1-Marcialis,rule,main,0.0038712024688720703,,,,
True,,,,,,0.0009953850330286851,0.007751937984496124,0.0004938493310586334,0.007722007722007722,1.2548262548262548,3.6764987578941066,fing_x_face,9,0.001,ri_V>face_G>li_V>face_C,4,S2-Symmetric,rule,main,0.050325632095336914,,,,
False,,,,,,,,,,,,fing_x_face,9,0.001,ri_V>face_G>li_V>face_C,4,S4-Direct,rule,main,4.291534423828125e-06,,,,
False,,,,,,,,,,,,fing_x_face,9,0.001,ri_V>li_V>face_C>face_G,4,HYP,GP,main,0.05890393257141113,,,,
True,0.05858414215974351,0.0010000000000056678,0.05333805085033168,0.0014971099480941773,0.0008819292874823822,0.0014930775495430278,0.003875968992248062,0.0016162341743737093,0.003861003861003861,1.1853281853281854,3.0455239292448595,fing_x_face,9,0.001,ri_V>li_V>face_C>face_G,4,MONO,GP,main,0.03623008728027344,0.0019305019305019305,0.003861003861003861,0.002095118374188142,0.003861003861003861
True,0.05467138244568819,0.0010000000000002828,0.04915466828252288,0.00879323511010273,0.0008558914858180968,0.0015684855065906554,0.023255813953488372,0.001421687468199096,0.03474903474903475,1.1467181467181466,2.192286971356739,fing_x_face,9,0.001,ri_V>li_V>face_C>face_G,4,MONO-rel,GP,main,0.039865970611572266,0.0017060249618389154,0.02702702702702703,0.0018856065367693275,0.03474903474903475
True,0.058509450581168,0.0010000000000000694,0.053030090629964444,0.001936920120370985,0.0009391463016201339,0.0017343830120954363,0.003875968992248062,0.0017359552243273173,0.003861003861003861,1.1776061776061777,3.020307683098381,fing_x_face,9,0.001,ri_V>li_V>face_C>face_G,4,LR-P1-N2,GP,main,0.03879070281982422,0.0019005716680135284,0.003861003861003861,0.0020053275867229358,0.003861003861003861
True,0.05441760502011444,0.001000000000000099,0.04894748021641554,0.00879323511010273,0.0008558914858180968,0.0015684855065906554,0.023255813953488372,0.001421687468199096,0.03474903474903475,1.1467181467181466,2.192286971356739,fing_x_face,9,0.001,ri_V>li_V>face_C>face_G,4,LR-P1-N2-rel,GP,main,0.03236269950866699,0.0017060249618389154,0.02702702702702703,0.0018856065367693275,0.03474903474903475
True,0.05924928219727353,0.0010000000000003448,0.05362587575759953,0.0016345579620053135,0.0009737819431647281,0.0012366904955810937,0.011627906976744186,0.00118224536829188,0.003861003861003861,1.1776061776061777,3.139729430427105,fing_x_face,9,0.001,ri_V>li_V>face_C>face_G,4,LR-P2-N2,GP,main,0.04375457763671875,0.0014067223369548952,0.003861003861003861,0.0015264433869085032,0.003861003861003861
True,0.06673603498963214,0.001000000000000129,0.06078779225941955,0.03319345341492384,0.0006284392350591517,0.0016438934636382832,0.046511627906976744,0.001212175630780282,0.04247104247104247,1.135135135135135,1.2411930202627877,fing_x_face,9,0.001,ri_V>li_V>face_C>face_G,4,LR-P2-N2-rel,GP,main,0.05018949508666992,0.0015563736493969052,0.03861003861003861,0.0017359552243273173,0.03861003861003861
True,0.05900088552330257,0.00100000000000032,0.05329469955941164,0.0019155107302238415,0.0009372634108524995,0.0017645461949144874,0.003875968992248062,0.0017658854868157193,0.003861003861003861,1.1776061776061777,3.0171350752746102,fing_x_face,9,0.001,ri_V>li_V>face_C>face_G,4,LR-P1-N3,GP,main,0.03674650192260742,0.0019305019305019305,0.003861003861003861,0.0020053275867229358,0.003861003861003861
True,0.05554034510638485,0.0010000000000008067,0.05042353079346976,0.001674969935041229,0.0009519276343256699,0.0017494646035049618,0.003875968992248062,0.0016910598305947143,0.003861003861003861,1.1776061776061777,3.02903235461375,fing_x_face,9,0.001,ri_V>li_V>face_C>face_G,4,NLS-N2,GP,main,0.036193132400512695,0.0019604321929903327,0.003861003861003861,0.002050222980455539,0.003861003861003861
True,0.05882776686178243,0.0010000000000007232,0.05321090716484742,0.001587653206597977,0.0009438173444049576,0.0015383223237716043,0.003875968992248062,0.0015563736493969052,0.003861003861003861,1.1776061776061777,3.0401215168657028,fing_x_face,9,0.001,ri_V>li_V>face_C>face_G,4,DE-N2,GP,main,0.03733229637145996,0.0019155367992577295,0.003861003861003861,0.0019753973242345336,0.003861003861003861
True,0.132126673406814,0.001000000000000082,0.12019122687578541,0.06229953060469569,0.0007191358612972771,0.0011763641299429915,0.06589147286821706,0.0008530124809194577,0.06563706563706563,1.0617760617760619,1.0546975546975548,fing_x_face,9,0.001,ri_V>li_V>face_C>face_G,4,MAXMONO-K3,GP,main,0.06932449340820312,0.0010026637933614679,0.05405405405405406,0.001242105893268684,0.06563706563706563
True,,,,,,0.0009953850330286851,0.011627906976744186,0.0014067223369548952,0.011583011583011582,1.3281853281853282,3.5382957708539102,fing_x_face,9,0.001,ri_V>li_V>face_C>face_G,4,S1-Marcialis,rule,main,0.004145622253417969,,,,
True,,,,,,0.0009953850330286851,0.011627906976744186,0.0014067223369548952,0.011583011583011582,1.3281853281853282,3.5382957708539102,fing_x_face,9,0.001,ri_V>li_V>face_C>face_G,4,S2-Symmetric,rule,main,0.04282331466674805,,,,
False,,,,,,,,,,,,fing_x_face,9,0.001,ri_V>li_V>face_C>face_G,4,S4-Direct,rule,main,5.0067901611328125e-06,,,,
False,,,,,,,,,,,,fing_x_face,9,0.001,ri_V>li_V>face_G>face_C,4,HYP,GP,main,0.05231475830078125,,,,
True,0.059459374704597515,0.001000000000000073,0.05370575431809781,0.0018615435392642763,0.0008587056799468854,0.001613730280819232,0.007751937984496124,0.0011074197120708748,0.003861003861003861,1.1853281853281854,3.0991739247553203,fing_x_face,9,0.001,ri_V>li_V>face_G>face_C,4,MONO,GP,main,0.03458094596862793,0.001376792074466493,0.003861003861003861,0.0015713387806411063,0.003861003861003861
True,0.05521443168315278,0.0010000000000005935,0.04942388574147506,0.009242370983421917,0.0008519691287928537,0.0019756884746478446,0.027131782945736434,0.001466582861931699,0.03474903474903475,1.138996138996139,2.1945616713058573,fing_x_face,9,0.001,ri_V>li_V>face_G>face_C,4,MONO-rel,GP,main,0.03662371635437012,0.0018556762742809253,0.02702702702702703,0.0019454670617461314,0.03474903474903475
True,0.0592407370146781,0.001000000000000549,0.053335350281494935,0.0018317762265372358,0.0009429044650104865,0.001583567098000181,0.007751937984496124,0.001167280237047679,0.003861003861003861,1.1776061776061777,3.111984077100356,fing_x_face,9,0.001,ri_V>li_V>face_G>face_C,4,LR-P1-N2,GP,main,0.038695573806762695,0.001346861811978091,0.003861003861003861,0.001466582861931699,0.003861003861003861
True,0.054976212340732425,0.001000000000000185,0.04924492446601593,0.012829515882438042,0.0008297127673079458,0.0019606068832383194,0.031007751937984496,0.0014516177306874982,0.03474903474903475,1.135135135135135,2.1292538385561643,fing_x_face,9,0.001,ri_V>li_V>face_G>face_C,4,LR-P1-N2-rel,GP,main,0.03258061408996582,0.0018407111430367245,0.02702702702702703,0.0019305019305019305,0.03474903474903475
True,0.06072414193107176,0.0010000000000007054,0.05414639359558454,0.0018193783705435303,0.0009504243675020906,0.0014930775495430278,0.007751937984496124,0.001167280237047679,0.003861003861003861,1.1776061776061777,3.130795247074317,fing_x_face,9,0.001,ri_V>li_V>face_G>face_C,4,LR-P2-N2,GP,main,0.03566861152648926,0.001376792074466493,0.003861003861003861,0.0014965131244201013,0.003861003861003861
True,0.06754818246715834,0.0010000000000008928,0.061301463616710045,0.03350203120268708,0.0006465057078957514,0.0017343830120954363,0.046511627906976744,0.001346861811978091,0.04247104247104247,1.1274131274131274,1.2418365209062883,fing_x_face,9,0.001,ri_V>li_V>face_G>face_C,4,LR-P2-N2-rel,GP,main,0.027083396911621094,0.0017958157493041214,0.03474903474903475,0.0022148394241417496,0.03474903474903475
True,0.05971201626307832,0.001000000000000082,0.053580347561476525,0.001894940924004037,0.0009117336401088881,0.0015684855065906554,0.007751937984496124,0.001092454580826674,0.003861003861003861,1.1776061776061777,3.1082876896830385,fing_x_face,9,0.001,ri_V>li_V>face_G>face_C,4,LR-P1-N3,GP,main,0.03127598762512207,0.001272036155757086,0.003861003861003861,0.0014516177306874982,0.003861003861003861
True,0.056299064678241084,0.0010000000000002455,0.050733463408517664,0.0055386972519616395,0.0009402767507166851,0.0019304437004192682,0.011627906976744186,0.001287001287001287,0.003861003861003861,1.1737451737451738,3.050627038999132,fing_x_face,9,0.001,ri_V>li_V>face_G>face_C,4,NLS-N2,GP,main,0.02888798713684082,0.0015114782556643021,0.003861003861003861,0.0018107808805483223,0.003861003861003861
True,0.0596374339981094,0.0010000000000006655,0.053522360767001925,0.001894940924004037,0.0009102858361433816,0.00155340391518113,0.007751937984496124,0.0010774894495824729,0.003861003861003861,1.1776061776061777,3.1118793211816467,fing_x_face,9,0.001,ri_V>li_V>face_G>face_C,4,DE-N2,GP,main,0.030409812927246094,0.001242105893268684,0.003861003861003861,0.0013917572057106941,0.003861003861003861
True,0.13697813809671897,0.0010000000000000518,0.12245057150916344,0.06258540532084093,0.0007781760792681332,0.0015081591409525533,0.06201550387596899,0.00118224536829188,0.05405405405405406,1.0810810810810811,1.0548172757475083,fing_x_face,9,0.001,ri_V>li_V>face_G>face_C,4,MAXMONO-K3,GP,main,0.055289268493652344,0.0016461644368621112,0.05405405405405406,0.0017359552243273173,0.05405405405405406
True,,,,,,0.0009953850330286851,0.007751937984496124,0.0004938493310586334,0.007722007722007722,1.308880308880309,3.783035527221574,fing_x_face,9,0.001,ri_V>li_V>face_G>face_C,4,S1-Marcialis,rule,main,0.0030133724212646484,,,,
True,,,,,,0.0009953850330286851,0.007751937984496124,0.0004938493310586334,0.007722007722007722,1.308880308880309,3.783035527221574,fing_x_face,9,0.001,ri_V>li_V>face_G>face_C,4,S2-Symmetric,rule,main,0.04134869575500488,,,,
False,,,,,,,,,,,,fing_x_face,9,0.001,ri_V>li_V>face_G>face_C,4,S4-Direct,rule,main,5.0067901611328125e-06,,,,
True,,,,,,0.0009953850330286851,0.015503875968992248,0.00047888419981443237,0.015444015444015444,4.0,4.0,fing_x_face,9,0.001,parallel(face_C+face_G+li_V+ri_V),4,P0-Parallel,rule,main,0.0,,,,
