feasible,frr_pred_gp,far_model_gp,frr_pred_exact,frr_emp_model,far_emp_model,far_train,frr_train,far_test,frr_test,stages_gen,stages_imp,dataset,seed,alpha,order,n_stages,method,kind,tag,time,far_test_n05,frr_test_n05,far_test_n10,frr_test_n10
True,0.3783491947248564,0.010000000000000004,0.3783491947248564,0.06976744186046512,0.009999095104515465,0.009999095104515429,0.06976744186046512,0.01095447607075514,0.09266409266409266,1.0,1.0,fing_x_face,8,0.01,face_C,1,HYP,GP,main,0.006324291229248047,0.011433360270569574,0.09266409266409266,0.01348358325102511,0.09266409266409266
True,0.09709898260828811,0.010000000000000004,0.09709898260828811,0.06976744186046512,0.009999095104515465,0.009999095104515429,0.06976744186046512,0.01095447607075514,0.09266409266409266,1.0,1.0,fing_x_face,8,0.01,face_C,1,MONO,GP,main,0.008472681045532227,0.011433360270569574,0.09266409266409266,0.01348358325102511,0.09266409266409266
True,0.08223436332973329,0.010000000000000004,0.08223436332973329,0.06976744186046512,0.009999095104515465,0.009999095104515429,0.06976744186046512,0.01095447607075514,0.09266409266409266,1.0,1.0,fing_x_face,8,0.01,face_C,1,MONO-rel,GP,main,0.005742311477661133,0.011433360270569574,0.09266409266409266,0.01348358325102511,0.09266409266409266
True,0.0991986657965603,0.010000000000000004,0.0991986657965603,0.06976744186046512,0.009999095104515465,0.009999095104515429,0.06976744186046512,0.01095447607075514,0.09266409266409266,1.0,1.0,fing_x_face,8,0.01,face_C,1,LR-P1-N2,GP,main,0.0062656402587890625,0.011433360270569574,0.09266409266409266,0.01348358325102511,0.09266409266409266
True,0.08186079084765008,0.009999999999999995,0.08186079084765008,0.06976744186046512,0.009999095104515465,0.009999095104515429,0.06976744186046512,0.01095447607075514,0.09266409266409266,1.0,1.0,fing_x_face,8,0.01,face_C,1,LR-P1-N2-rel,GP,main,0.0056591033935546875,0.011433360270569574,0.09266409266409266,0.01348358325102511,0.09266409266409266
True,0.1330778010393772,0.010000000000000014,0.1330778010393772,0.06976744186046512,0.009999095104515465,0.009999095104515429,0.06976744186046512,0.01095447607075514,0.09266409266409266,1.0,1.0,fing_x_face,8,0.01,face_C,1,LR-P2-N2,GP,main,0.0054585933685302734,0.011433360270569574,0.09266409266409266,0.01348358325102511,0.09266409266409266
True,0.08918919233845374,0.010000000000000129,0.08918919233845374,0.06976744186046512,0.009999095104515465,0.009999095104515429,0.06976744186046512,0.01095447607075514,0.09266409266409266,1.0,1.0,fing_x_face,8,0.01,face_C,1,LR-P2-N2-rel,GP,main,0.0059051513671875,0.011433360270569574,0.09266409266409266,0.01348358325102511,0.09266409266409266
True,0.09919866579656011,0.009999999999999995,0.09919866579656011,0.06976744186046512,0.009999095104515465,0.009999095104515429,0.06976744186046512,0.01095447607075514,0.09266409266409266,1.0,1.0,fing_x_face,8,0.01,face_C,1,LR-P1-N3,GP,main,0.007009267807006836,0.011433360270569574,0.09266409266409266,0.01348358325102511,0.09266409266409266
True,0.09248904821295673,0.009999999999999995,0.09248904821295673,0.06976744186046512,0.009999095104515465,0.009999095104515429,0.06976744186046512,0.01095447607075514,0.09266409266409266,1.0,1.0,fing_x_face,8,0.01,face_C,1,NLS-N2,GP,main,0.005287885665893555,0.011433360270569574,0.09266409266409266,0.01348358325102511,0.09266409266409266
True,0.09914413217395192,0.009999999999999995,0.09914413217395192,0.06976744186046512,0.009999095104515465,0.009999095104515429,0.06976744186046512,0.01095447607075514,0.09266409266409266,1.0,1.0,fing_x_face,8,0.01,face_C,1,DE-N2,GP,main,0.005247831344604492,0.011433360270569574,0.09266409266409266,0.01348358325102511,0.09266409266409266
True,0.13451937650755766,0.010000000000000004,0.13451937650755766,0.06976744186046512,0.009999095104515465,0.009999095104515429,0.06976744186046512,0.01095447607075514,0.09266409266409266,1.0,1.0,fing_x_face,8,0.01,face_C,1,MAXMONO-K3,GP,main,0.007098197937011719,0.011433360270569574,0.09266409266409266,0.01348358325102511,0.09266409266409266
False,,,,,,,,,,,,fing_x_face,8,0.01,face_C,1,S1-Marcialis,rule,main,2.0503997802734375e-05,,,,
False,,,,,,,,,,,,fing_x_face,8,0.01,face_C,1,S2-Symmetric,rule,main,1.6689300537109375e-06,,,,
False,,,,,,,,,,,,fing_x_face,8,0.01,face_C,1,S4-Direct,rule,main,1.430511474609375e-06,,,,
True,0.7776021766126832,0.010000000000000014,0.7776021766126832,0.10852713178294573,0.009999095104515465,0.009999095104515429,0.10852713178294573,0.0063452156475412285,0.12355212355212356,1.0,1.0,fing_x_face,8,0.01,face_G,1,HYP,GP,main,0.005043745040893555,0.006569692616204244,0.11969111969111969,0.0072131932597048875,0.1274131274131274
True,0.14875536855866067,0.009999999999999995,0.14875536855866067,0.10852713178294573,0.009999095104515465,0.009999095104515429,0.10852713178294573,0.0063452156475412285,0.12355212355212356,1.0,1.0,fing_x_face,8,0.01,face_G,1,MONO,GP,main,0.005377054214477539,0.006569692616204244,0.11969111969111969,0.0072131932597048875,0.1274131274131274
True,0.12573310068299826,0.010000000000000004,0.12573310068299826,0.10852713178294573,0.009999095104515465,0.009999095104515429,0.10852713178294573,0.0063452156475412285,0.12355212355212356,1.0,1.0,fing_x_face,8,0.01,face_G,1,MONO-rel,GP,main,0.005915164947509766,0.006569692616204244,0.11969111969111969,0.0072131932597048875,0.1274131274131274
True,0.14684494032175638,0.009999999999999995,0.14684494032175638,0.10852713178294573,0.009999095104515465,0.009999095104515429,0.10852713178294573,0.0063452156475412285,0.12355212355212356,1.0,1.0,fing_x_face,8,0.01,face_G,1,LR-P1-N2,GP,main,0.009004354476928711,0.006569692616204244,0.11969111969111969,0.0072131932597048875,0.1274131274131274
True,0.12550470096887859,0.009999999999999952,0.12550470096887859,0.10852713178294573,0.009999095104515465,0.009999095104515429,0.10852713178294573,0.0063452156475412285,0.12355212355212356,1.0,1.0,fing_x_face,8,0.01,face_G,1,LR-P1-N2-rel,GP,main,0.0066986083984375,0.006569692616204244,0.11969111969111969,0.0072131932597048875,0.1274131274131274
True,0.17128956752301724,0.010000000000000004,0.17128956752301724,0.10852713178294573,0.009999095104515465,0.009999095104515429,0.10852713178294573,0.0063452156475412285,0.12355212355212356,1.0,1.0,fing_x_face,8,0.01,face_G,1,LR-P2-N2,GP,main,0.006384611129760742,0.006569692616204244,0.11969111969111969,0.0072131932597048875,0.1274131274131274
True,0.1408499426272072,0.010000000000000049,0.1408499426272072,0.10852713178294573,0.009999095104515465,0.009999095104515429,0.10852713178294573,0.0063452156475412285,0.12355212355212356,1.0,1.0,fing_x_face,8,0.01,face_G,1,LR-P2-N2-rel,GP,main,0.006243467330932617,0.006569692616204244,0.11969111969111969,0.0072131932597048875,0.1274131274131274
True,0.14684494064959128,0.010000000000000014,0.14684494064959128,0.10852713178294573,0.009999095104515465,0.009999095104515429,0.10852713178294573,0.0063452156475412285,0.12355212355212356,1.0,1.0,fing_x_face,8,0.01,face_G,1,LR-P1-N3,GP,main,0.005716085433959961,0.006569692616204244,0.11969111969111969,0.0072131932597048875,0.1274131274131274
True,0.14230018550829493,0.009999999999999995,0.14230018550829493,0.10852713178294573,0.009999095104515465,0.009999095104515429,0.10852713178294573,0.0063452156475412285,0.12355212355212356,1.0,1.0,fing_x_face,8,0.01,face_G,1,NLS-N2,GP,main,0.004742860794067383,0.006569692616204244,0.11969111969111969,0.0072131932597048875,0.1274131274131274
True,0.14651834628657118,0.010000000000000004,0.14651834628657118,0.10852713178294573,0.009999095104515465,0.009999095104515429,0.10852713178294573,0.0063452156475412285,0.12355212355212356,1.0,1.0,fing_x_face,8,0.01,face_G,1,DE-N2,GP,main,0.006814718246459961,0.006569692616204244,0.11969111969111969,0.0072131932597048875,0.1274131274131274
True,0.17110450332864174,0.010000000000000023,0.17110450332864174,0.10852713178294573,0.009999095104515465,0.009999095104515429,0.10852713178294573,0.0063452156475412285,0.12355212355212356,1.0,1.0,fing_x_face,8,0.01,face_G,1,MAXMONO-K3,GP,main,0.007410764694213867,0.006569692616204244,0.11969111969111969,0.0072131932597048875,0.1274131274131274
False,,,,,,,,,,,,fing_x_face,8,0.01,face_G,1,S1-Marcialis,rule,main,1.0013580322265625e-05,,,,
False,,,,,,,,,,,,fing_x_face,8,0.01,face_G,1,S2-Symmetric,rule,main,1.9073486328125e-06,,,,
False,,,,,,,,,,,,fing_x_face,8,0.01,face_G,1,S4-Direct,rule,main,9.5367431640625e-07,,,,
False,,,,,,,,,,,,fing_x_face,8,0.01,li_V,1,HYP,GP,main,0.004231452941894531,,,,
True,0.11933552867440549,0.009999999999999995,0.11933552867440549,0.10852713178294573,0.008717159834705779,0.008717159834705758,0.10852713178294573,0.012705396426326659,0.13513513513513514,1.0,1.0,fing_x_face,8,0.01,li_V,1,MONO,GP,main,0.005434751510620117,0.015279399000329232,0.13513513513513514,0.015414085181527043,0.13513513513513514
True,0.11741785972235026,0.010000000000000004,0.11741785972235026,0.10852713178294573,0.008717159834705779,0.008717159834705758,0.10852713178294573,0.012705396426326659,0.13513513513513514,1.0,1.0,fing_x_face,8,0.01,li_V,1,MONO-rel,GP,main,0.005536794662475586,0.015279399000329232,0.13513513513513514,0.015414085181527043,0.13513513513513514
True,0.12203135151712517,0.010000000000000014,0.12203135151712517,0.10852713178294573,0.008717159834705779,0.008717159834705758,0.10852713178294573,0.012705396426326659,0.13513513513513514,1.0,1.0,fing_x_face,8,0.01,li_V,1,LR-P1-N2,GP,main,0.005593776702880859,0.015279399000329232,0.13513513513513514,0.015414085181527043,0.13513513513513514
True,0.11841010573388287,0.010000000000000004,0.11841010573388287,0.10852713178294573,0.008717159834705779,0.008717159834705758,0.10852713178294573,0.012705396426326659,0.13513513513513514,1.0,1.0,fing_x_face,8,0.01,li_V,1,LR-P1-N2-rel,GP,main,0.005393505096435547,0.015279399000329232,0.13513513513513514,0.015414085181527043,0.13513513513513514
True,0.11971104014084265,0.010000000000000014,0.11971104014084265,0.10852713178294573,0.008717159834705779,0.008717159834705758,0.10852713178294573,0.012705396426326659,0.13513513513513514,1.0,1.0,fing_x_face,8,0.01,li_V,1,LR-P2-N2,GP,main,0.006446123123168945,0.015279399000329232,0.13513513513513514,0.015414085181527043,0.13513513513513514
True,0.13193474094947405,0.009999999999999978,0.13193474094947405,0.10852713178294573,0.008717159834705779,0.008717159834705758,0.10852713178294573,0.012705396426326659,0.13513513513513514,1.0,1.0,fing_x_face,8,0.01,li_V,1,LR-P2-N2-rel,GP,main,0.007344245910644531,0.015279399000329232,0.13513513513513514,0.015414085181527043,0.13513513513513514
True,0.12203232609232292,0.010000000000000004,0.12203232609232292,0.10852713178294573,0.008717159834705779,0.008717159834705758,0.10852713178294573,0.012705396426326659,0.13513513513513514,1.0,1.0,fing_x_face,8,0.01,li_V,1,LR-P1-N3,GP,main,0.005474090576171875,0.015279399000329232,0.13513513513513514,0.015414085181527043,0.13513513513513514
True,0.11801462085331853,0.010000000000000014,0.11801462085331853,0.10852713178294573,0.008717159834705779,0.008717159834705758,0.10852713178294573,0.012705396426326659,0.13513513513513514,1.0,1.0,fing_x_face,8,0.01,li_V,1,NLS-N2,GP,main,0.00572514533996582,0.015279399000329232,0.13513513513513514,0.015414085181527043,0.13513513513513514
True,0.12164605659379255,0.009999999999999995,0.12164605659379255,0.10852713178294573,0.008717159834705779,0.008717159834705758,0.10852713178294573,0.012705396426326659,0.13513513513513514,1.0,1.0,fing_x_face,8,0.01,li_V,1,DE-N2,GP,main,0.00564885139465332,0.015279399000329232,0.13513513513513514,0.015414085181527043,0.13513513513513514
True,0.17663825646210468,0.009999999999999995,0.17663825646210468,0.10852713178294573,0.008717159834705779,0.008717159834705758,0.10852713178294573,0.012705396426326659,0.13513513513513514,1.0,1.0,fing_x_face,8,0.01,li_V,1,MAXMONO-K3,GP,main,0.005724191665649414,0.015279399000329232,0.13513513513513514,0.015414085181527043,0.13513513513513514
False,,,,,,,,,,,,fing_x_face,8,0.01,li_V,1,S1-Marcialis,rule,main,9.775161743164062e-06,,,,
False,,,,,,,,,,,,fing_x_face,8,0.01,li_V,1,S2-Symmetric,rule,main,6.4373016357421875e-06,,,,
False,,,,,,,,,,,,fing_x_face,8,0.01,li_V,1,S4-Direct,rule,main,1.430511474609375e-06,,,,
True,0.6591181547988573,0.010000000000000004,0.6591181547988573,0.06589147286821706,0.007359816607848457,0.00735981660784846,0.06589147286821706,0.007138367603483882,0.08108108108108109,1.0,1.0,fing_x_face,8,0.01,ri_V,1,HYP,GP,main,0.006082296371459961,0.008365508365508366,0.07335907335907337,0.008500194546706174,0.08108108108108109
True,0.06987897052045,0.010000000000000004,0.06987897052045,0.06589147286821706,0.007359816607848457,0.00735981660784846,0.06589147286821706,0.007138367603483882,0.08108108108108109,1.0,1.0,fing_x_face,8,0.01,ri_V,1,MONO,GP,main,0.007778644561767578,0.008365508365508366,0.07335907335907337,0.008500194546706174,0.08108108108108109
True,0.07370440735631563,0.010000000000000004,0.07370440735631563,0.06589147286821706,0.007359816607848457,0.00735981660784846,0.06589147286821706,0.007138367603483882,0.08108108108108109,1.0,1.0,fing_x_face,8,0.01,ri_V,1,MONO-rel,GP,main,0.0056269168853759766,0.008365508365508366,0.07335907335907337,0.008500194546706174,0.08108108108108109
True,0.06956227582899446,0.010000000000000023,0.06956227582899446,0.06589147286821706,0.007359816607848457,0.00735981660784846,0.06589147286821706,0.007138367603483882,0.08108108108108109,1.0,1.0,fing_x_face,8,0.01,ri_V,1,LR-P1-N2,GP,main,0.005641460418701172,0.008365508365508366,0.07335907335907337,0.008500194546706174,0.08108108108108109
True,0.07301710481416332,0.009999999999999969,0.07301710481416332,0.06589147286821706,0.007359816607848457,0.00735981660784846,0.06589147286821706,0.007138367603483882,0.08108108108108109,1.0,1.0,fing_x_face,8,0.01,ri_V,1,LR-P1-N2-rel,GP,main,0.005721330642700195,0.008365508365508366,0.07335907335907337,0.008500194546706174,0.08108108108108109
True,0.06979270634172105,0.010000000000000023,0.06979270634172105,0.06589147286821706,0.007359816607848457,0.00735981660784846,0.06589147286821706,0.007138367603483882,0.08108108108108109,1.0,1.0,fing_x_face,8,0.01,ri_V,1,LR-P2-N2,GP,main,0.0051343441009521484,0.008365508365508366,0.07335907335907337,0.008500194546706174,0.08108108108108109
True,0.08104324534138461,0.010000000000000094,0.08104324534138461,0.06589147286821706,0.007359816607848457,0.00735981660784846,0.06589147286821706,0.007138367603483882,0.08108108108108109,1.0,1.0,fing_x_face,8,0.01,ri_V,1,LR-P2-N2-rel,GP,main,0.0057489871978759766,0.008365508365508366,0.07335907335907337,0.008500194546706174,0.08108108108108109
True,0.0696146265885955,0.010000000000000004,0.0696146265885955,0.06589147286821706,0.007359816607848457,0.00735981660784846,0.06589147286821706,0.007138367603483882,0.08108108108108109,1.0,1.0,fing_x_face,8,0.01,ri_V,1,LR-P1-N3,GP,main,0.007773399353027344,0.008365508365508366,0.07335907335907337,0.008500194546706174,0.08108108108108109
True,0.07031864893863982,0.010000000000000031,0.07031864893863982,0.06589147286821706,0.007359816607848457,0.00735981660784846,0.06589147286821706,0.007138367603483882,0.08108108108108109,1.0,1.0,fing_x_face,8,0.01,ri_V,1,NLS-N2,GP,main,0.0059244632720947266,0.008365508365508366,0.07335907335907337,0.008500194546706174,0.08108108108108109
True,0.06962054730641584,0.009999999999999995,0.06962054730641584,0.06589147286821706,0.007359816607848457,0.00735981660784846,0.06589147286821706,0.007138367603483882,0.08108108108108109,1.0,1.0,fing_x_face,8,0.01,ri_V,1,DE-N2,GP,main,0.005909919738769531,0.008365508365508366,0.07335907335907337,0.008500194546706174,0.08108108108108109
True,0.10611563841013927,0.010000000000000004,0.10611563841013927,0.06589147286821706,0.007359816607848457,0.00735981660784846,0.06589147286821706,0.007138367603483882,0.08108108108108109,1.0,1.0,fing_x_face,8,0.01,ri_V,1,MAXMONO-K3,GP,main,0.0064890384674072266,0.008365508365508366,0.07335907335907337,0.008500194546706174,0.08108108108108109
False,,,,,,,,,,,,fing_x_face,8,0.01,ri_V,1,S1-Marcialis,rule,main,1.0251998901367188e-05,,,,
False,,,,,,,,,,,,fing_x_face,8,0.01,ri_V,1,S2-Symmetric,rule,main,1.430511474609375e-06,,,,
False,,,,,,,,,,,,fing_x_face,8,0.01,ri_V,1,S4-Direct,rule,main,1.430511474609375e-06,,,,
True,0.13345398269820477,0.010000000000001816,0.12756987957124893,0.04128357670813052,0.009548883238976218,0.024462341266250416,0.05813953488372093,0.022208254766394302,0.04247104247104247,1.0694980694980696,1.056433509921882,fing_x_face,8,0.01,face_C>face_G,2,HYP,GP,main,0.015886306762695312,0.022238185028882702,0.05405405405405406,0.022881685672383346,0.05405405405405406
True,0.053825202093862726,0.01000000000000433,0.04811783272147153,0.011237305450393607,0.009940885884427294,0.011477091062648931,0.050387596899224806,0.009787195833707461,0.07335907335907337,1.0965250965250966,1.6148274520367543,fing_x_face,8,0.01,face_C>face_G,2,MONO,GP,main,0.018936872482299805,0.009996707671126277,0.08108108108108109,0.011927209601628207,0.0694980694980695
True,0.03173656732697431,0.010000000000000031,0.029398298937865316,0.011237305450393607,0.009947292365042087,0.011703314933791814,0.050387596899224806,0.009682439914998054,0.06563706563706563,1.0965250965250966,1.6152614408428363,fing_x_face,8,0.01,face_C>face_G,2,MONO-rel,GP,main,0.016597747802734375,0.010161324114812487,0.07335907335907337,0.011762593157941995,0.0694980694980695
True,0.056266291176718504,0.010000000000002332,0.050297533929701495,0.011237305450393607,0.0099527596864415,0.011552499019696558,0.050387596899224806,0.009802160964951663,0.07335907335907337,1.0965250965250966,1.6149172428242196,fing_x_face,8,0.01,face_C>face_G,2,LR-P1-N2,GP,main,0.022270679473876953,0.009951812277393673,0.08108108108108109,0.011897279339139805,0.0694980694980695
True,0.03175033687572657,0.01000000000000004,0.02940444477628998,0.010576287482723394,0.009954561352739462,0.01171839652520134,0.050387596899224806,0.00974230043997486,0.06563706563706563,1.1003861003861004,1.6152764059740803,fing_x_face,8,0.01,face_C>face_G,2,LR-P1-N2-rel,GP,main,0.018700599670410156,0.010176289246056689,0.07335907335907337,0.011792523420430398,0.0694980694980695
True,0.09192369772684073,0.010000000000000049,0.08026470912217092,0.011237305450393607,0.00994660272330299,0.011582662202515609,0.050387596899224806,0.009772230702463261,0.07335907335907337,1.0965250965250966,1.6150070336116849,fing_x_face,8,0.01,face_C>face_G,2,LR-P2-N2,GP,main,0.008083343505859375,0.01005656819610308,0.08108108108108109,0.011882314207895603,0.0694980694980695
True,0.033677499277098434,0.01000000000000965,0.03132311215178382,0.01586443122408509,0.009941803890383502,0.013271800440382469,0.046511627906976744,0.011029301726976146,0.06177606177606178,1.1003861003861004,1.483014576037832,fing_x_face,8,0.01,face_C>face_G,2,LR-P2-N2-rel,GP,main,0.008379936218261719,0.011418395139325372,0.0694980694980695,0.012944838526233874,0.0694980694980695
True,0.056266291211714996,0.010000000000002349,0.050297533949873324,0.011237305450393607,0.0099527596864415,0.011552499019696558,0.050387596899224806,0.009802160964951663,0.07335907335907337,1.0965250965250966,1.6149172428242196,fing_x_face,8,0.01,face_C>face_G,2,LR-P1-N3,GP,main,0.007725954055786133,0.009951812277393673,0.08108108108108109,0.011897279339139805,0.0694980694980695
True,0.04783592260007211,0.010000000000003282,0.04307938567876877,0.011237305450393607,0.009943971985718971,0.011492172654058457,0.050387596899224806,0.009772230702463261,0.07335907335907337,1.0965250965250966,1.614872347430487,fing_x_face,8,0.01,face_C>face_G,2,NLS-N2,GP,main,0.0074405670166015625,0.009966777408637873,0.08108108108108109,0.0118224536829188,0.0694980694980695
True,0.05611452692939059,0.010000000000002127,0.05017704559911049,0.011237305450393607,0.00994708538153858,0.011552499019696558,0.050387596899224806,0.009802160964951663,0.07335907335907337,1.0965250965250966,1.6149322079554638,fing_x_face,8,0.01,face_C>face_G,2,DE-N2,GP,main,0.008233308792114258,0.009966777408637873,0.08108108108108109,0.011897279339139805,0.0694980694980695
True,0.0778361814750584,0.010000000000000129,0.06961836212336149,0.016315125292951146,0.009929487234653644,0.013015413386420534,0.046511627906976744,0.011583011583011582,0.06177606177606178,1.0888030888030888,1.3790667744156115,fing_x_face,8,0.01,face_C>face_G,2,MAXMONO-K3,GP,main,0.012313127517700195,0.011882314207895603,0.06177606177606178,0.014112118763281554,0.06563706563706563
True,,,,,,0.009999095104515429,0.10077519379844961,0.00650983209122744,0.11196911196911197,1.3513513513513513,1.620768609140702,fing_x_face,8,0.01,face_C>face_G,2,S1-Marcialis,rule,main,0.003937959671020508,,,,
True,,,,,,0.009999095104515429,0.10077519379844961,0.00650983209122744,0.11196911196911197,1.3513513513513513,1.620768609140702,fing_x_face,8,0.01,face_C>face_G,2,S2-Symmetric,rule,main,0.029018402099609375,,,,
True,,,,,,0.009999095104515429,0.050387596899224806,0.007901589296938134,0.0694980694980695,1.0926640926640927,1.0892370776091707,fing_x_face,8,0.01,face_C>face_G,2,S4-Direct,rule,main,0.44879865646362305,,,,
True,0.19947244131491773,0.010000000000004623,0.1863267617796773,0.04478396730965687,0.008654124487170303,0.00948632099659156,0.046511627906976744,0.01155308132052318,0.05019305019305019,1.057915057915058,1.0369489090419324,fing_x_face,8,0.01,face_C>li_V,2,HYP,GP,main,0.011590242385864258,0.01315435036365269,0.05405405405405406,0.015114782556643022,0.05791505791505792
True,0.04996217097723571,0.01000000000000195,0.04533456353840698,0.010095547142599604,0.009062969221082694,0.009501402588001086,0.007751937984496124,0.011583011583011582,0.019305019305019305,1.0926640926640927,1.6138696836371256,fing_x_face,8,0.01,face_C>li_V,2,MONO,GP,main,0.011304855346679688,0.012465954326419443,0.015444015444015444,0.013812816138397533,0.019305019305019305
True,0.029720772947892646,0.01000000000000004,0.027456999976210296,0.010095547142599604,0.009543403862493636,0.009984013513105903,0.007751937984496124,0.012121756307802819,0.019305019305019305,1.0888030888030888,1.6133309389123343,fing_x_face,8,0.01,face_C>li_V,2,MONO-rel,GP,main,0.008728742599487305,0.01315435036365269,0.015444015444015444,0.014860375325491604,0.019305019305019305
True,0.052731353544307,0.01000000000000203,0.04769705739930981,0.010095547142599604,0.009333213706876307,0.009772871233372546,0.007751937984496124,0.011777558289186196,0.019305019305019305,1.0926640926640927,1.613675136930951,fing_x_face,8,0.01,face_C>li_V,2,LR-P1-N2,GP,main,0.00816488265991211,0.012705396426326659,0.015444015444015444,0.014216874681990961,0.019305019305019305
True,0.02993328598737119,0.009999999999999995,0.027636390349238343,0.010095547142599604,0.009453322367229098,0.00989352396464875,0.007751937984496124,0.012002035257849212,0.019305019305019305,1.0888030888030888,1.6134506599622878,fing_x_face,8,0.01,face_C>li_V,2,LR-P1-N2-rel,GP,main,0.009737491607666016,0.013064559576187483,0.015444015444015444,0.014635898356828589,0.019305019305019305
True,0.08379235379261019,0.010000000000002039,0.07559953771509466,0.009584760531218076,0.009503358240927517,0.010014176695924954,0.007751937984496124,0.012346233276465834,0.019305019305019305,1.0965250965250966,1.614722696118045,fing_x_face,8,0.01,face_C>li_V,2,LR-P2-N2,GP,main,0.008063554763793945,0.013633234563467121,0.019305019305019305,0.014830445063003203,0.019305019305019305
True,0.031710134683377376,0.01000000000000146,0.02941334824528411,0.010095547142599604,0.008972887725818156,0.009410913039543932,0.007751937984496124,0.01155308132052318,0.019305019305019305,1.0926640926640927,1.613899613899614,fing_x_face,8,0.01,face_C>li_V,2,LR-P2-N2-rel,GP,main,0.0073239803314208984,0.01242105893268684,0.015444015444015444,0.01376792074466493,0.019305019305019305
True,0.05273146622861222,0.010000000000002332,0.04769712931185838,0.010095547142599604,0.009333213706876307,0.009772871233372546,0.007751937984496124,0.011777558289186196,0.019305019305019305,1.0926640926640927,1.613675136930951,fing_x_face,8,0.01,face_C>li_V,2,LR-P1-N3,GP,main,0.008067846298217773,0.012705396426326659,0.015444015444015444,0.014216874681990961,0.019305019305019305
True,0.04459132090273597,0.010000000000000094,0.0405916810654911,0.010095547142599604,0.009138037133803161,0.009576810545048714,0.007751937984496124,0.011612941845499986,0.019305019305019305,1.0926640926640927,1.6138397533746371,fing_x_face,8,0.01,face_C>li_V,2,NLS-N2,GP,main,0.00752711296081543,0.01257071024512885,0.015444015444015444,0.01391757205710694,0.019305019305019305
True,0.05259283075420149,0.01000000000000172,0.047589364766228145,0.010095547142599604,0.009288172959244095,0.009727626459143969,0.007751937984496124,0.011762593157941995,0.019305019305019305,1.0926640926640927,1.613690102062195,fing_x_face,8,0.01,face_C>li_V,2,DE-N2,GP,main,0.008371829986572266,0.012705396426326659,0.015444015444015444,0.014142049025769956,0.019305019305019305
True,0.0792860582982178,0.010000000000000031,0.07147542930232768,0.01838831800973499,0.009419651610116183,0.010014176695924954,0.01937984496124031,0.012450989195175241,0.019305019305019305,1.0926640926640927,1.257505013318967,fing_x_face,8,0.01,face_C>li_V,2,MAXMONO-K3,GP,main,0.012427568435668945,0.013737990482176528,0.015444015444015444,0.01509981742539882,0.019305019305019305
True,,,,,,0.008490935963562875,0.01937984496124031,0.01225644248900063,0.04247104247104247,1.3513513513513513,1.620768609140702,fing_x_face,8,0.01,face_C>li_V,2,S1-Marcialis,rule,main,0.002607107162475586,,,,
True,,,,,,0.008490935963562875,0.01937984496124031,0.01225644248900063,0.04247104247104247,1.3513513513513513,1.620768609140702,fing_x_face,8,0.01,face_C>li_V,2,S2-Symmetric,rule,main,0.025966644287109375,,,,
True,,,,,,0.008837812565981963,0.007751937984496124,0.011957139864116608,0.019305019305019305,1.138996138996139,1.7442159767741163,fing_x_face,8,0.01,face_C>li_V,2,S4-Direct,rule,main,0.3749959468841553,,,,
True,0.12286677025244584,0.010000000000000103,0.11787923370050621,0.04020191094285199,0.009404542041815536,0.011205622417277471,0.03875968992248062,0.011358534614348569,0.03474903474903475,1.0694980694980696,1.0613121427074916,fing_x_face,8,0.01,face_C>ri_V,2,HYP,GP,main,0.007422447204589844,0.013214210888629493,0.03861003861003861,0.014845410194247403,0.03088803088803089
True,0.04433852679870884,0.010000000000000191,0.041645794537194004,0.005949161709031909,0.008973183871446142,0.00932042349108678,0.003875968992248062,0.009951812277393673,0.011583011583011582,1.0926640926640927,1.6145431145431146,fing_x_face,8,0.01,face_C>ri_V,2,MONO,GP,main,0.012574911117553711,0.010715033970847925,0.011583011583011582,0.011852383945407201,0.011583011583011582
True,0.025556374185848052,0.010000000000000023,0.024164094946668886,0.005949161709031909,0.008703164565507978,0.00904895484571532,0.003875968992248062,0.009652509652509652,0.011583011583011582,1.0965250965250966,1.6148424171679985,fing_x_face,8,0.01,face_C>ri_V,2,MONO-rel,GP,main,0.008474588394165039,0.010460626739696508,0.011583011583011582,0.01155308132052318,0.015444015444015444
True,0.04676132893645634,0.010000000000002687,0.043909475111819696,0.0056787452677122775,0.009078191379311075,0.009425994630953458,0.003875968992248062,0.010161324114812487,0.011583011583011582,1.0926640926640927,1.6143336027056958,fing_x_face,8,0.01,face_C>ri_V,2,LR-P1-N2,GP,main,0.008156299591064453,0.010894615545778337,0.011583011583011582,0.012091826045314417,0.011583011583011582
True,0.025535764472474156,0.010000000000002163,0.024146399488343018,0.005949161709031909,0.008733166710612182,0.009079118028534372,0.003875968992248062,0.009667474783753854,0.011583011583011582,1.0965250965250966,1.6148274520367543,fing_x_face,8,0.01,face_C>ri_V,2,LR-P1-N2-rel,GP,main,0.008153676986694336,0.010475591870940708,0.011583011583011582,0.011597976714255784,0.015444015444015444
True,0.07620806131636189,0.010000000000000057,0.0714790510597874,0.005618652725196804,0.009484016883525171,0.009878442373239224,0.003875968992248062,0.010400766214719703,0.011583011583011582,1.1003861003861004,1.6152913711053245,fing_x_face,8,0.01,face_C>ri_V,2,LR-P2-N2,GP,main,0.008138179779052734,0.011583011583011582,0.011583011583011582,0.012675466163838257,0.015444015444015444
True,0.02583113224488427,0.010000000000007003,0.024451415934587294,0.005618652725196804,0.009843311131427557,0.010210237384248786,0.003875968992248062,0.010774894495824729,0.011583011583011582,1.0965250965250966,1.6149172428242196,fing_x_face,8,0.01,face_C>ri_V,2,LR-P2-N2-rel,GP,main,0.007561206817626953,0.011897279339139805,0.011583011583011582,0.013064559576187483,0.015444015444015444
True,0.04677379070578685,0.010000000000002491,0.04392044182406006,0.0056787452677122775,0.009048189234206762,0.009395831448134407,0.003875968992248062,0.010116428721079884,0.011583011583011582,1.0926640926640927,1.6143784980994282,fing_x_face,8,0.01,face_C>ri_V,2,LR-P1-N3,GP,main,0.007995367050170898,0.010834755020801532,0.011583011583011582,0.012017000389093412,0.011583011583011582
True,0.03938424054561979,0.010000000000000182,0.03701934108478557,0.005949161709031909,0.008973183871446142,0.00932042349108678,0.003875968992248062,0.009951812277393673,0.011583011583011582,1.0926640926640927,1.6145431145431146,fing_x_face,8,0.01,face_C>ri_V,2,NLS-N2,GP,main,0.00920414924621582,0.010715033970847925,0.011583011583011582,0.011852383945407201,0.011583011583011582
True,0.04666088176856589,0.010000000000002172,0.04381527669595422,0.0056787452677122775,0.009048189234206762,0.009395831448134407,0.003875968992248062,0.010116428721079884,0.011583011583011582,1.0926640926640927,1.6143784980994282,fing_x_face,8,0.01,face_C>ri_V,2,DE-N2,GP,main,0.01055455207824707,0.010834755020801532,0.011583011583011582,0.012017000389093412,0.011583011583011582
True,0.06659580893433854,0.010000000000003104,0.0616543929183104,0.012604410792620636,0.008980128964078756,0.00945615781377251,0.011627906976744186,0.010310975427254497,0.011583011583011582,1.0926640926640927,1.4302175930082908,fing_x_face,8,0.01,face_C>ri_V,2,MAXMONO-K3,GP,main,0.01707315444946289,0.011208883301906558,0.015444015444015444,0.012361198407710036,0.011583011583011582
True,,,,,,0.009290260308267729,0.007751937984496124,0.009517823471311844,0.019305019305019305,1.3513513513513513,1.620768609140702,fing_x_face,8,0.01,face_C>ri_V,2,S1-Marcialis,rule,main,0.0028100013732910156,,,,
True,,,,,,0.009290260308267729,0.007751937984496124,0.009517823471311844,0.019305019305019305,1.3513513513513513,1.620768609140702,fing_x_face,8,0.01,face_C>ri_V,2,S2-Symmetric,rule,main,0.027947187423706055,,,,
True,,,,,,0.009365668265315355,0.003875968992248062,0.009951812277393673,0.011583011583011582,1.1081081081081081,1.742105893268684,fing_x_face,8,0.01,face_C>ri_V,2,S4-Direct,rule,main,0.4783165454864502,,,,
True,0.23003285530519926,0.01000000000000004,0.2168040766752336,0.0578691184424013,0.009734058869560237,0.0183693783368021,0.06589147286821706,0.01435156086318877,0.06563706563706563,1.0888030888030888,1.0515399120050284,fing_x_face,8,0.01,face_G>face_C,2,HYP,GP,main,0.007000446319580078,0.015010026637933615,0.07722007722007722,0.01583310885636467,0.0694980694980695
True,0.07992404709588484,0.010000000000000004,0.0733142783507041,0.012934919776455743,0.009939822307655503,0.0099236871474678,0.05426356589147287,0.008739636646613392,0.0694980694980695,1.1776061776061777,1.8229774625123463,fing_x_face,8,0.01,face_G>face_C,2,MONO,GP,main,0.007711648941040039,0.00903893927149741,0.0694980694980695,0.010700068839603723,0.0694980694980695
True,0.03968197153246543,0.010000000000000982,0.03734370314332415,0.012934919776455743,0.009952471956626251,0.009863360781829698,0.05426356589147287,0.008425368890485169,0.0694980694980695,1.16988416988417,1.8228577414623925,fing_x_face,8,0.01,face_G>face_C,2,MONO-rel,GP,main,0.008383512496948242,0.008814462302834395,0.07722007722007722,0.01050552213342911,0.06563706563706563
True,0.07783254449827567,0.010000000000000103,0.07130847997284787,0.012934919776455743,0.009965394550876173,0.009938768738877326,0.05426356589147287,0.008739636646613392,0.0694980694980695,1.1737451737451738,1.8229325671186136,fing_x_face,8,0.01,face_G>face_C,2,LR-P1-N2,GP,main,0.009186983108520508,0.008934183352788004,0.07335907335907337,0.010759929364580527,0.0694980694980695
True,0.03927147882573658,0.010000000000001204,0.036972540372528326,0.012934919776455743,0.009956758562238164,0.009863360781829698,0.05426356589147287,0.00844033402172937,0.0694980694980695,1.166023166023166,1.8227829158061717,fing_x_face,8,0.01,face_G>face_C,2,LR-P1-N2-rel,GP,main,0.00818014144897461,0.008814462302834395,0.07722007722007722,0.010535452395917513,0.06563706563706563
True,0.11205805370443538,0.010000000000001558,0.09985250205514493,0.012934919776455743,0.009950361179799368,0.009878442373239224,0.05426356589147287,0.00856005507168298,0.0694980694980695,1.1737451737451738,1.8229176019873694,fing_x_face,8,0.01,face_G>face_C,2,LR-P2-N2,GP,main,0.011723041534423828,0.0088743228278112,0.07335907335907337,0.01050552213342911,0.0694980694980695
True,0.041663653350323446,0.010000000000038428,0.03937597166610461,0.016495402920497566,0.009952497431518905,0.010074503061563055,0.05426356589147287,0.008619915596659783,0.0694980694980695,1.166023166023166,1.7896351501002663,fing_x_face,8,0.01,face_G>face_C,2,LR-P2-N2-rel,GP,main,0.01007986068725586,0.008964113615276405,0.07722007722007722,0.01065517344587112,0.06563706563706563
True,0.07783254491201783,0.010000000000000049,0.0713084803472713,0.012934919776455743,0.009965394550876173,0.009938768738877326,0.05426356589147287,0.008739636646613392,0.0694980694980695,1.1737451737451738,1.8229325671186136,fing_x_face,8,0.01,face_G>face_C,2,LR-P1-N3,GP,main,0.009326457977294922,0.008934183352788004,0.07335907335907337,0.010759929364580527,0.0694980694980695
True,0.06963536580443701,0.010000000000000137,0.0642057947460369,0.012934919776455743,0.009965456645927205,0.009938768738877326,0.05426356589147287,0.00872467151536919,0.0694980694980695,1.1776061776061777,1.8229774625123463,fing_x_face,8,0.01,face_G>face_C,2,NLS-N2,GP,main,0.00844264030456543,0.008979078746520607,0.0694980694980695,0.010685103708359522,0.0694980694980695
True,0.07733704614334835,0.009999999999999978,0.07086405252656888,0.012934919776455743,0.009952539510582822,0.0099236871474678,0.05426356589147287,0.008709706384124988,0.0694980694980695,1.1737451737451738,1.8229325671186136,fing_x_face,8,0.01,face_G>face_C,2,DE-N2,GP,main,0.007646322250366211,0.008934183352788004,0.07335907335907337,0.010744964233336327,0.0694980694980695
True,0.12115049506050599,0.010000000000005352,0.1120767248904421,0.0277176852352623,0.009916112915966353,0.016725484873163818,0.05426356589147287,0.015623597018945857,0.06563706563706563,1.1583011583011582,1.2956212025979468,fing_x_face,8,0.01,face_G>face_C,2,MAXMONO-K3,GP,main,0.01484823226928711,0.015937864775074077,0.06563706563706563,0.01816766933046003,0.06563706563706563
True,,,,,,0.009999095104515429,0.06589147286821706,0.010984406333243543,0.07335907335907337,1.386100386100386,1.8252521624614648,fing_x_face,8,0.01,face_G>face_C,2,S1-Marcialis,rule,main,0.0022170543670654297,,,,
True,,,,,,0.009999095104515429,0.06201550387596899,0.006988716291041873,0.0888030888030888,1.1196911196911197,1.4940289126335637,fing_x_face,8,0.01,face_G>face_C,2,S2-Symmetric,rule,main,0.036283016204833984,,,,
True,,,,,,0.009999095104515429,0.050387596899224806,0.010131393852324085,0.07722007722007722,1.247104247104247,1.556657986890545,fing_x_face,8,0.01,face_G>face_C,2,S4-Direct,rule,main,0.44136548042297363,,,,
True,0.49291673247291723,0.010000000000000023,0.4321750061849729,0.07099933898203234,0.009019584568932721,0.009305341899677255,0.06976744186046512,0.006195564335099219,0.09266409266409266,1.05019305019305,1.0201281015234505,fing_x_face,8,0.01,face_G>li_V,2,HYP,GP,main,0.005885124206542969,0.006704378797402053,0.08494208494208494,0.007632216934542516,0.09652509652509653
True,0.08294841239202293,0.010000000000009623,0.07487215700875793,0.01730665224445646,0.009720241014794077,0.009742708050553495,0.007751937984496124,0.008919218221543804,0.019305019305019305,1.1505791505791505,1.82206458950645,fing_x_face,8,0.01,face_G>li_V,2,MONO,GP,main,0.009842634201049805,0.009996707671126277,0.019305019305019305,0.010700068839603723,0.019305019305019305
True,0.0435787964989739,0.010000000000009508,0.04033313208298116,0.01682591190433267,0.009554465652301728,0.009531565770820137,0.007751937984496124,0.008051240609380145,0.019305019305019305,1.1467181467181466,1.821331298075484,fing_x_face,8,0.01,face_G>li_V,2,MONO-rel,GP,main,0.014798879623413086,0.0088743228278112,0.019305019305019305,0.009787195833707461,0.019305019305019305
True,0.08062575711921549,0.010000000000003291,0.07268121032849248,0.01730665224445646,0.009088466404351472,0.009064036437124846,0.007751937984496124,0.00769207745951932,0.019305019305019305,1.1505791505791505,1.8216904612253448,fing_x_face,8,0.01,face_G>li_V,2,LR-P1-N2,GP,main,0.009763002395629883,0.008604950465415581,0.019305019305019305,0.009413067552602437,0.019305019305019305
True,0.043552820382135184,0.010000000000004108,0.040315198925392565,0.01682591190433267,0.009494336717082316,0.009471239405182035,0.007751937984496124,0.00799138008440334,0.019305019305019305,1.1467181467181466,1.821391158600461,fing_x_face,8,0.01,face_G>li_V,2,LR-P1-N2-rel,GP,main,0.008738994598388672,0.0088743228278112,0.019305019305019305,0.009772230702463261,0.019305019305019305
True,0.10876256270076387,0.010000000000008469,0.09780155651366475,0.019710353945075417,0.009209779208294881,0.009229933942629626,0.007751937984496124,0.008485229415461974,0.019305019305019305,1.1544401544401544,1.8224985783125318,fing_x_face,8,0.01,face_G>li_V,2,LR-P2-N2,GP,main,0.012459278106689453,0.009532788602556044,0.019305019305019305,0.01007153332734728,0.019305019305019305
True,0.04857251609514374,0.010000000000000094,0.045251486778264474,0.01730665224445646,0.00902833746913206,0.009003710071486743,0.007751937984496124,0.007662147197030918,0.019305019305019305,1.1505791505791505,1.8217203914878333,fing_x_face,8,0.01,face_G>li_V,2,LR-P2-N2-rel,GP,main,0.010490655899047852,0.00857502020292718,0.019305019305019305,0.009353207027625631,0.019305019305019305
True,0.08062592655916602,0.010000000000003263,0.07268131511300593,0.01730665224445646,0.009088466404351472,0.009064036437124846,0.007751937984496124,0.00769207745951932,0.019305019305019305,1.1505791505791505,1.8216904612253448,fing_x_face,8,0.01,face_G>li_V,2,LR-P1-N3,GP,main,0.008594036102294922,0.008604950465415581,0.019305019305019305,0.009413067552602437,0.019305019305019305
True,0.07305545774408653,0.010000000000004276,0.06618207542255032,0.01730665224445646,0.009840349675146756,0.009863360781829698,0.007751937984496124,0.00902397414025321,0.019305019305019305,1.1505791505791505,1.8219598335877405,fing_x_face,8,0.01,face_G>li_V,2,NLS-N2,GP,main,0.008627891540527344,0.01005656819610308,0.019305019305019305,0.010759929364580527,0.019305019305019305
True,0.08010995172517306,0.010000000000007146,0.0722448246797939,0.01730665224445646,0.009043369702936885,0.009018791662896269,0.007751937984496124,0.007662147197030918,0.019305019305019305,1.1505791505791505,1.8217203914878333,fing_x_face,8,0.01,face_G>li_V,2,DE-N2,GP,main,0.012105226516723633,0.00857502020292718,0.019305019305019305,0.009353207027625631,0.019305019305019305
True,0.13214648153552086,0.01000000000012426,0.1158333194852712,0.028964605492458384,0.009180176928024917,0.009441076222362984,0.023255813953488372,0.007946484690670738,0.03474903474903475,1.135135135135135,1.3771362724851097,fing_x_face,8,0.01,face_G>li_V,2,MAXMONO-K3,GP,main,0.03499770164489746,0.009293346502648828,0.03474903474903475,0.010131393852324085,0.03088803088803089
True,,,,,,0.007420142973486562,0.027131782945736434,0.010475591870940708,0.05019305019305019,1.386100386100386,1.8252521624614648,fing_x_face,8,0.01,face_G>li_V,2,S1-Marcialis,rule,main,0.0028791427612304688,,,,
True,,,,,,0.009953850330286852,0.015503875968992248,0.006988716291041873,0.03474903474903475,1.1196911196911197,1.4940289126335637,fing_x_face,8,0.01,face_G>li_V,2,S2-Symmetric,rule,main,0.05002927780151367,,,,
True,,,,,,0.009018791662896269,0.007751937984496124,0.011852383945407201,0.03861003861003861,1.2857142857142858,1.9208793511119093,fing_x_face,8,0.01,face_G>li_V,2,S4-Direct,rule,main,0.42991209030151367,,,,
True,0.30361631172245224,0.010000000000000094,0.2805705955364659,0.06499008473048494,0.009472755388754322,0.009938768738877326,0.06201550387596899,0.0066295531411810485,0.06177606177606178,1.0810810810810811,1.037457723504235,fing_x_face,8,0.01,face_G>ri_V,2,HYP,GP,main,0.00648808479309082,0.0073029840471700936,0.0694980694980695,0.007946484690670738,0.0694980694980695
True,0.07422560921452585,0.010000000000000155,0.06947695390689922,0.011087074094104922,0.009796259914358566,0.00989352396464875,0.003875968992248062,0.0068240998473556615,0.007722007722007722,1.1583011583011582,1.8226332644937295,fing_x_face,8,0.01,face_G>ri_V,2,MONO,GP,main,0.008795022964477539,0.007871659034449733,0.007722007722007722,0.008425368890485169,0.007722007722007722
True,0.037461308794862404,0.010000000000001176,0.0353732391767158,0.011132143500991527,0.00863828024115944,0.00874732301752481,0.003875968992248062,0.005971087366436203,0.007722007722007722,1.1544401544401544,1.8224237526563107,fing_x_face,8,0.01,face_G>ri_V,2,MONO-rel,GP,main,0.007840633392333984,0.006569692616204244,0.007722007722007722,0.007317949178414294,0.007722007722007722
True,0.07169056097844109,0.01000000000000146,0.0671312577578831,0.010846703924043029,0.008728427243291016,0.008837812565981963,0.003875968992248062,0.006060878153901409,0.007722007722007722,1.1544401544401544,1.8223339618688457,fing_x_face,8,0.01,face_G>ri_V,2,LR-P1-N2,GP,main,0.008629083633422852,0.00665948340366945,0.007722007722007722,0.007452635359612104,0.007722007722007722
True,0.03696212762881593,0.010000000000000706,0.0349200869338755,0.010846703924043029,0.008713402742935772,0.008822730974572437,0.003875968992248062,0.006060878153901409,0.007722007722007722,1.1544401544401544,1.8223339618688457,fing_x_face,8,0.01,face_G>ri_V,2,LR-P1-N2-rel,GP,main,0.007788419723510742,0.00665948340366945,0.007722007722007722,0.007437670228367903,0.007722007722007722
True,0.0987990264146181,0.010000000000004401,0.09239736208302955,0.011087074094104922,0.009301224520138544,0.009395831448134407,0.003875968992248062,0.006524797222471641,0.007722007722007722,1.1737451737451738,1.8229325671186136,fing_x_face,8,0.01,face_G>ri_V,2,LR-P2-N2,GP,main,0.008842945098876953,0.007497530753344707,0.007722007722007722,0.008051240609380145,0.007722007722007722
True,0.0391433861323849,0.010000000000000057,0.037071796444326434,0.011087074094104922,0.00991626849477549,0.010014176695924954,0.003875968992248062,0.00695878602855347,0.007722007722007722,1.1544401544401544,1.8224985783125318,fing_x_face,8,0.01,face_G>ri_V,2,LR-P2-N2-rel,GP,main,0.00809621810913086,0.007946484690670738,0.007722007722007722,0.008515159677950376,0.007722007722007722
True,0.07171480608074257,0.010000000000001105,0.06715031614354591,0.010846703924043029,0.008713402742935772,0.008822730974572437,0.003875968992248062,0.006060878153901409,0.007722007722007722,1.1544401544401544,1.8223339618688457,fing_x_face,8,0.01,face_G>ri_V,2,LR-P1-N3,GP,main,0.00934600830078125,0.00665948340366945,0.007722007722007722,0.007437670228367903,0.007722007722007722
True,0.06494229098353799,0.009999999999999986,0.06082357629410879,0.011087074094104922,0.009856264204567085,0.009953850330286852,0.003875968992248062,0.006839064978599862,0.007722007722007722,1.1544401544401544,1.8226182993624853,fing_x_face,8,0.01,face_G>ri_V,2,NLS-N2,GP,main,0.01068425178527832,0.007886624165693933,0.007722007722007722,0.00844033402172937,0.007722007722007722
True,0.07123620599476325,0.010000000000000599,0.0667048040212404,0.010846703924043029,0.008728427243291016,0.008837812565981963,0.003875968992248062,0.006060878153901409,0.007722007722007722,1.1544401544401544,1.8223339618688457,fing_x_face,8,0.01,face_G>ri_V,2,DE-N2,GP,main,0.008957386016845703,0.00665948340366945,0.007722007722007722,0.007452635359612104,0.007722007722007722
True,0.11572118081204169,0.010000000000003832,0.10471542996077239,0.014692626645033352,0.008874542812221737,0.009064036437124846,0.007751937984496124,0.005926191972703601,0.007722007722007722,1.162162162162162,1.6615485917811499,fing_x_face,8,0.01,face_G>ri_V,2,MAXMONO-K3,GP,main,0.022278785705566406,0.006898925503576667,0.007722007722007722,0.007422705097123701,0.011583011583011582
True,,,,,,0.008807649383162912,0.01937984496124031,0.00814103139684535,0.015444015444015444,1.386100386100386,1.8252521624614648,fing_x_face,8,0.01,face_G>ri_V,2,S1-Marcialis,rule,main,0.0025796890258789062,,,,
True,,,,,,0.0099236871474678,0.007751937984496124,0.00636018077878543,0.019305019305019305,1.1196911196911197,1.4940289126335637,fing_x_face,8,0.01,face_G>ri_V,2,S2-Symmetric,rule,main,0.05399274826049805,,,,
True,,,,,,0.009772871233372546,0.003875968992248062,0.008365508365508366,0.011583011583011582,1.247104247104247,1.556657986890545,fing_x_face,8,0.01,face_G>ri_V,2,S4-Direct,rule,main,0.44464993476867676,,,,
False,,,,,,,,,,,,fing_x_face,8,0.01,li_V>face_C,2,HYP,GP,main,0.014523029327392578,,,,
True,0.07839333349791389,0.010000000000001213,0.07171422194349338,0.010095547142599604,0.009553051340845956,0.009410913039543932,0.007751937984496124,0.01198707012660501,0.015444015444015444,1.1583011583011582,1.8521893987010265,fing_x_face,8,0.01,li_V>face_C,2,MONO,GP,main,0.008579730987548828,0.013648199694711323,0.011583011583011582,0.015399120050282841,0.015444015444015444
True,0.06569023691750382,0.010000000000027608,0.060964658659338956,0.01081665765278529,0.009111772291936134,0.008973546888667692,0.007751937984496124,0.011328604351860165,0.015444015444015444,1.166023166023166,1.853476399988028,fing_x_face,8,0.01,li_V>face_C,2,MONO-rel,GP,main,0.012068033218383789,0.01285504773876867,0.011583011583011582,0.01450121217563078,0.015444015444015444
True,0.08622106323801222,0.010000000000000174,0.07868688925667426,0.010095547142599604,0.009807832111839044,0.009637136910686815,0.007751937984496124,0.012286372751489031,0.015444015444015444,1.1583011583011582,1.8521893987010265,fing_x_face,8,0.01,li_V>face_C,2,LR-P1-N2,GP,main,0.00882101058959961,0.014097153632037352,0.011583011583011582,0.01581814372512047,0.015444015444015444
True,0.06479079645606658,0.010000000000001737,0.060157348017202,0.010095547142599604,0.009935222497335586,0.009787952824782072,0.007751937984496124,0.012465954326419443,0.015444015444015444,1.1583011583011582,1.8521893987010265,fing_x_face,8,0.01,li_V>face_C,2,LR-P1-N2-rel,GP,main,0.007738828659057617,0.014321630600700368,0.011583011583011582,0.01599772530005088,0.015444015444015444
True,0.08429332787398003,0.010000000000001933,0.07497284433995495,0.010095547142599604,0.008814187104966061,0.00864175187765813,0.007751937984496124,0.011253778695639162,0.015444015444015444,1.1583011583011582,1.8521893987010265,fing_x_face,8,0.01,li_V>face_C,2,LR-P2-N2,GP,main,0.008001327514648438,0.012675466163838257,0.011583011583011582,0.014276735206967765,0.015444015444015444
True,0.05877594339640492,0.010000000000007128,0.054551256855878055,0.010095547142599604,0.009451139032448683,0.009305341899677255,0.007751937984496124,0.011852383945407201,0.015444015444015444,1.1583011583011582,1.8521893987010265,fing_x_face,8,0.01,li_V>face_C,2,LR-P2-N2-rel,GP,main,0.007540464401245117,0.01348358325102511,0.011583011583011582,0.015204573344108227,0.015444015444015444
True,0.08622174905817619,0.01000000000000012,0.07868751941927984,0.010095547142599604,0.009807832111839044,0.009637136910686815,0.007751937984496124,0.012286372751489031,0.015444015444015444,1.1583011583011582,1.8521893987010265,fing_x_face,8,0.01,li_V>face_C,2,LR-P1-N3,GP,main,0.008255958557128906,0.014097153632037352,0.011583011583011582,0.01581814372512047,0.015444015444015444
True,0.07433609550460998,0.01000000000000035,0.06828895853979028,0.010095547142599604,0.009604007495044593,0.00945615781377251,0.007751937984496124,0.012076860914070217,0.015444015444015444,1.1583011583011582,1.8521893987010265,fing_x_face,8,0.01,li_V>face_C,2,NLS-N2,GP,main,0.007643699645996094,0.013723025350932328,0.011583011583011582,0.01551884110023645,0.015444015444015444
True,0.08509391040164138,0.010000000000000191,0.07766788310595252,0.010095547142599604,0.009756875957640406,0.009591892136458238,0.007751937984496124,0.01225644248900063,0.015444015444015444,1.1583011583011582,1.8521893987010265,fing_x_face,8,0.01,li_V>face_C,2,DE-N2,GP,main,0.00830698013305664,0.013962467450839544,0.011583011583011582,0.01581814372512047,0.015444015444015444
True,0.09604300486240192,0.010000000000006835,0.08920893735115185,0.04736794663782225,0.008593892742562372,0.009154525985581998,0.046511627906976744,0.012974768788722278,0.07722007722007722,1.0772200772200773,1.2703151656640028,fing_x_face,8,0.01,li_V>face_C,2,MAXMONO-K3,GP,main,0.012861251831054688,0.015563736493969051,0.0694980694980695,0.01668612133728413,0.06563706563706563
True,,,,,,0.009999095104515429,0.01937984496124031,0.012181616832779624,0.023166023166023165,1.3204633204633205,1.856993205830415,fing_x_face,8,0.01,li_V>face_C,2,S1-Marcialis,rule,main,0.0021440982818603516,,,,
True,,,,,,0.009999095104515429,0.01937984496124031,0.012181616832779624,0.023166023166023165,1.3204633204633205,1.856993205830415,fing_x_face,8,0.01,li_V>face_C,2,S2-Symmetric,rule,main,0.013503789901733398,,,,
True,,,,,,0.009999095104515429,0.007751937984496124,0.012406093801442638,0.019305019305019305,1.2355212355212355,1.8566340426805543,fing_x_face,8,0.01,li_V>face_C,2,S4-Direct,rule,main,0.44081997871398926,,,,
False,,,,,,,,,,,,fing_x_face,8,0.01,li_V>face_G,2,HYP,GP,main,0.01872873306274414,,,,
True,0.0857161067112906,0.01000000000000139,0.0754587766937878,0.016345171564208883,0.009119924030157784,0.009260097125448678,0.007751937984496124,0.008335578103019964,0.023166023166023165,1.1583011583011582,1.8521893987010265,fing_x_face,8,0.01,li_V>face_G,2,MONO,GP,main,0.011200428009033203,0.00962257939002125,0.019305019305019305,0.010580347789650115,0.023166023166023165
True,0.0725090608086061,0.010000000000018265,0.06528383788863185,0.018388318009734995,0.009111772291936134,0.009199770759810575,0.007751937984496124,0.007662147197030918,0.023166023166023165,1.166023166023166,1.853476399988028,fing_x_face,8,0.01,li_V>face_G,2,MONO-rel,GP,main,0.009492635726928711,0.008784532040345993,0.019305019305019305,0.009577683996288647,0.023166023166023165
True,0.09308826769495578,0.01000000000000409,0.08191335740527421,0.016345171564208883,0.009553051340845956,0.009667300093505866,0.007751937984496124,0.008589985334171381,0.023166023166023165,1.1583011583011582,1.8521893987010265,fing_x_face,8,0.01,li_V>face_G,2,LR-P1-N2,GP,main,0.010195732116699219,0.009832091227440064,0.019305019305019305,0.010894615545778337,0.023166023166023165
True,0.07176289810492636,0.010000000000071929,0.0646627697741759,0.016345171564208883,0.009960700574434857,0.010044339878744006,0.007751937984496124,0.008934183352788004,0.023166023166023165,1.1583011583011582,1.8521893987010265,fing_x_face,8,0.01,li_V>face_G,2,LR-P1-N2-rel,GP,main,0.021477937698364258,0.010355870820987101,0.019305019305019305,0.011178953039418156,0.023166023166023165
True,0.08965603261192201,0.010000000000007874,0.0776568865066094,0.01730665224445646,0.00985195849278557,0.009999095104515429,0.007751937984496124,0.009862021489928466,0.023166023166023165,1.1428571428571428,1.8501691059830594,fing_x_face,8,0.01,li_V>face_G,2,LR-P2-N2,GP,main,0.010716915130615234,0.011373499745592769,0.019305019305019305,0.01225644248900063,0.023166023166023165
True,0.06879350712567586,0.010000000000000902,0.062290112828324765,0.028123309897241752,0.00901304207058706,0.009365668265315355,0.023255813953488372,0.008664810990392386,0.04247104247104247,1.138996138996139,1.6916883661069708,fing_x_face,8,0.01,li_V>face_G,2,LR-P2-N2-rel,GP,main,0.011703729629516602,0.009936847146149471,0.03474903474903475,0.01080482475831313,0.03474903474903475
True,0.09308900700218467,0.010000000000004108,0.08191401283904254,0.016345171564208883,0.009553051340845956,0.009667300093505866,0.007751937984496124,0.008589985334171381,0.023166023166023165,1.1583011583011582,1.8521893987010265,fing_x_face,8,0.01,li_V>face_G,2,LR-P1-N3,GP,main,0.009782791137695312,0.009832091227440064,0.019305019305019305,0.010894615545778337,0.023166023166023165
True,0.08147592835618707,0.00999999999999996,0.07214967651651623,0.016345171564208883,0.009260053454203963,0.009380749856724881,0.007751937984496124,0.008410403759240969,0.023166023166023165,1.1583011583011582,1.8521893987010265,fing_x_face,8,0.01,li_V>face_G,2,NLS-N2,GP,main,0.01155710220336914,0.009697405046242256,0.019305019305019305,0.010685103708359522,0.023166023166023165
True,0.09192164129914022,0.010000000000001327,0.08092689700407196,0.016345171564208883,0.009514834225196956,0.009637136910686815,0.007751937984496124,0.008589985334171381,0.023166023166023165,1.1583011583011582,1.8521893987010265,fing_x_face,8,0.01,li_V>face_G,2,DE-N2,GP,main,0.010030508041381836,0.009832091227440064,0.019305019305019305,0.010894615545778337,0.023166023166023165
True,0.10771054563890115,0.010000000000000111,0.09546293191965881,0.04524968451415179,0.007489552958020885,0.007797182758724701,0.03488372093023256,0.008859357696566999,0.07335907335907337,1.084942084942085,1.3812666487085092,fing_x_face,8,0.01,li_V>face_G,2,MAXMONO-K3,GP,main,0.015685081481933594,0.010535452395917513,0.06177606177606178,0.010939510939510939,0.06563706563706563
True,,,,,,0.009999095104515429,0.01937984496124031,0.006704378797402053,0.03474903474903475,1.3204633204633205,1.856993205830415,fing_x_face,8,0.01,li_V>face_G,2,S1-Marcialis,rule,main,0.0022842884063720703,,,,
True,,,,,,0.009999095104515429,0.01937984496124031,0.006704378797402053,0.03474903474903475,1.3204633204633205,1.856993205830415,fing_x_face,8,0.01,li_V>face_G,2,S2-Symmetric,rule,main,0.011551856994628906,,,,
True,,,,,,0.009999095104515429,0.007751937984496124,0.00709347220975128,0.02702702702702703,1.2123552123552124,1.8561102630870072,fing_x_face,8,0.01,li_V>face_G,2,S4-Direct,rule,main,0.4913022518157959,,,,
False,,,,,,,,,,,,fing_x_face,8,0.01,li_V>ri_V,2,HYP,GP,main,0.027014732360839844,,,,
True,0.07417123041082559,0.010000000000005768,0.06934921092295178,0.00865332612222823,0.007782324982444172,0.00820438572678189,0.03875968992248062,0.009667474783753854,0.05019305019305019,1.1583011583011582,1.8521893987010265,fing_x_face,8,0.01,li_V>ri_V,2,MONO,GP,main,0.14215588569641113,0.01167280237047679,0.04633204633204633,0.01167280237047679,0.05019305019305019
True,0.06418059633369083,0.010000000000007439,0.05992243928002618,0.008172585782104442,0.009489356148097684,0.01002925828733448,0.03875968992248062,0.011508185926790577,0.05019305019305019,1.1583011583011582,1.8521893987010265,fing_x_face,8,0.01,li_V>ri_V,2,MONO-rel,GP,main,0.017244338989257812,0.013737990482176528,0.03861003861003861,0.013992397713327945,0.05019305019305019
True,0.08166047288751224,0.010000000000000004,0.07635509472080182,0.00865332612222823,0.007782324982444172,0.00820438572678189,0.03875968992248062,0.009667474783753854,0.05019305019305019,1.1583011583011582,1.8521893987010265,fing_x_face,8,0.01,li_V>ri_V,2,LR-P1-N2,GP,main,0.013630151748657227,0.01167280237047679,0.04633204633204633,0.01167280237047679,0.05019305019305019
True,0.06318941430507502,0.010000000000037352,0.059034774255569744,0.008172585782104442,0.009489356148097684,0.01002925828733448,0.03875968992248062,0.011508185926790577,0.05019305019305019,1.1583011583011582,1.8521893987010265,fing_x_face,8,0.01,li_V>ri_V,2,LR-P1-N2-rel,GP,main,0.01091146469116211,0.013737990482176528,0.03861003861003861,0.013992397713327945,0.05019305019305019
True,0.07520086602163722,0.010000000000004214,0.07031317075548633,0.00865332612222823,0.007782324982444172,0.00820438572678189,0.03875968992248062,0.009667474783753854,0.05019305019305019,1.1583011583011582,1.8521893987010265,fing_x_face,8,0.01,li_V>ri_V,2,LR-P2-N2,GP,main,0.009615659713745117,0.01167280237047679,0.04633204633204633,0.01167280237047679,0.05019305019305019
True,0.05692512383285832,0.010000000000000049,0.05307482099726858,0.00865332612222823,0.007782324982444172,0.00820438572678189,0.03875968992248062,0.009667474783753854,0.05019305019305019,1.1583011583011582,1.8521893987010265,fing_x_face,8,0.01,li_V>ri_V,2,LR-P2-N2-rel,GP,main,0.008043527603149414,0.01167280237047679,0.04633204633204633,0.01167280237047679,0.05019305019305019
True,0.0816758831161587,0.010000000000422725,0.07636640661042168,0.00865332612222823,0.007782324982444172,0.00820438572678189,0.03875968992248062,0.009667474783753854,0.05019305019305019,1.1583011583011582,1.8521893987010265,fing_x_face,8,0.01,li_V>ri_V,2,LR-P1-N3,GP,main,0.008774280548095703,0.01167280237047679,0.04633204633204633,0.01167280237047679,0.05019305019305019
True,0.07083225245485479,0.010000000000000049,0.06621798580609753,0.00865332612222823,0.007782324982444172,0.00820438572678189,0.03875968992248062,0.009667474783753854,0.05019305019305019,1.1583011583011582,1.8521893987010265,fing_x_face,8,0.01,li_V>ri_V,2,NLS-N2,GP,main,0.01682901382446289,0.01167280237047679,0.04633204633204633,0.01167280237047679,0.05019305019305019
True,0.0805516984015522,0.010000000000000325,0.07531610822658107,0.00865332612222823,0.007782324982444172,0.00820438572678189,0.03875968992248062,0.009667474783753854,0.05019305019305019,1.1583011583011582,1.8521893987010265,fing_x_face,8,0.01,li_V>ri_V,2,DE-N2,GP,main,0.008740425109863281,0.01167280237047679,0.04633204633204633,0.01167280237047679,0.05019305019305019
True,0.09330640078050842,0.010000000000011524,0.08702068225361563,0.039375638483264225,0.0092890893730194,0.011416764697010829,0.050387596899224806,0.01493520098171261,0.07722007722007722,1.084942084942085,1.3812666487085092,fing_x_face,8,0.01,li_V>ri_V,2,MAXMONO-K3,GP,main,0.016007661819458008,0.01890096076142588,0.0694980694980695,0.01893089102391428,0.07335907335907337
True,,,,,,0.00918468916840105,0.05426356589147287,0.009338241896381431,0.05791505791505792,1.3204633204633205,1.856993205830415,fing_x_face,8,0.01,li_V>ri_V,2,S1-Marcialis,rule,main,0.0022492408752441406,,,,
True,,,,,,0.00918468916840105,0.05426356589147287,0.009338241896381431,0.05791505791505792,1.3204633204633205,1.856993205830415,fing_x_face,8,0.01,li_V>ri_V,2,S2-Symmetric,rule,main,0.011422157287597656,,,,
True,,,,,,0.009863360781829698,0.031007751937984496,0.012914908263745473,0.05019305019305019,1.135135135135135,1.8476399988027894,fing_x_face,8,0.01,li_V>ri_V,2,S4-Direct,rule,main,0.41488099098205566,,,,
True,0.17106300767543262,0.010000000000000031,0.16374736952669133,0.03637101135749053,0.007549731478299314,0.0085060175549724,0.03488372093023256,0.008305647840531562,0.05405405405405406,1.027027027027027,1.0513154350363654,fing_x_face,8,0.01,ri_V>face_C,2,HYP,GP,main,0.009797811508178711,0.010101463589835684,0.05019305019305019,0.010385801083475503,0.05019305019305019
True,0.03973052967822896,0.010000000000000004,0.036354293833113234,0.005994231115918515,0.009467108378379396,0.009561728953639189,0.003875968992248062,0.010266080033521894,0.011583011583011582,1.0733590733590734,1.9408278710604292,fing_x_face,8,0.01,ri_V>face_C,2,MONO,GP,main,0.011381864547729492,0.011178953039418156,0.007722007722007722,0.012450989195175241,0.011583011583011582
True,0.026803968384046528,0.010000000000000049,0.025058513015077114,0.006279670692867016,0.009183026931649945,0.00932042349108678,0.003875968992248062,0.009921882014905271,0.011583011583011582,1.0733590733590734,1.9408278710604292,fing_x_face,8,0.01,ri_V>face_C,2,MONO-rel,GP,main,0.010620594024658203,0.010834755020801532,0.011583011583011582,0.012031965520337614,0.011583011583011582
True,0.04188774079188351,0.010000000000007279,0.038226895775301604,0.005994231115918515,0.009538128740061758,0.009637136910686815,0.003875968992248062,0.010310975427254497,0.011583011583011582,1.0733590733590734,1.9408278710604292,fing_x_face,8,0.01,ri_V>face_C,2,LR-P1-N2,GP,main,0.010736942291259766,0.011178953039418156,0.007722007722007722,0.01258567537637305,0.011583011583011582
True,0.026896633330946225,0.010000000000000103,0.025136545535229947,0.005994231115918515,0.00921143507632285,0.00935058667390583,0.003875968992248062,0.010011672802370477,0.011583011583011582,1.0733590733590734,1.9408278710604292,fing_x_face,8,0.01,ri_V>face_C,2,LR-P1-N2-rel,GP,main,0.010501384735107422,0.010939510939510939,0.011583011583011582,0.012166651701535422,0.011583011583011582
True,0.04304102360661297,0.010000000000000094,0.038379042764712046,0.006279670692867016,0.008700088472209965,0.008837812565981963,0.003875968992248062,0.009428032683846637,0.011583011583011582,1.0733590733590734,1.9408278710604292,fing_x_face,8,0.01,ri_V>face_C,2,LR-P2-N2,GP,main,0.008682727813720703,0.0103409056897429,0.011583011583011582,0.011493220795546377,0.015444015444015444
True,0.026981248224201455,0.010000000000008452,0.025306226796682357,0.006279670692867016,0.00908359842529468,0.009229933942629626,0.003875968992248062,0.009772230702463261,0.011583011583011582,1.0733590733590734,1.9408278710604292,fing_x_face,8,0.01,ri_V>face_C,2,LR-P2-N2-rel,GP,main,0.009599685668945312,0.010715033970847925,0.011583011583011582,0.01198707012660501,0.011583011583011582
True,0.04133381418090751,0.010000000000000031,0.03773437914268431,0.005994231115918515,0.009523924667725201,0.00962205531927729,0.003875968992248062,0.010296010296010296,0.011583011583011582,1.0733590733590734,1.9408278710604292,fing_x_face,8,0.01,ri_V>face_C,2,LR-P1-N3,GP,main,0.008621931076049805,0.011178953039418156,0.007722007722007722,0.01258567537637305,0.011583011583011582
True,0.037198823227040295,0.010000000000000014,0.034195703255367624,0.005994231115918515,0.009438700233706389,0.009561728953639189,0.003875968992248062,0.01022118463978929,0.011583011583011582,1.0733590733590734,1.9408278710604292,fing_x_face,8,0.01,ri_V>face_C,2,NLS-N2,GP,main,0.00805044174194336,0.011134057645685553,0.011583011583011582,0.01242105893268684,0.011583011583011582
True,0.0412667210926159,0.010000000000000031,0.037676149969712074,0.005994231115918515,0.009523924667725201,0.00962205531927729,0.003875968992248062,0.010296010296010296,0.011583011583011582,1.0733590733590734,1.9408278710604292,fing_x_face,8,0.01,ri_V>face_C,2,DE-N2,GP,main,0.008135080337524414,0.011178953039418156,0.007722007722007722,0.01258567537637305,0.011583011583011582
True,0.05466193750715209,0.010000000000002349,0.050867572934244855,0.022534703443302686,0.007807362707826231,0.00877748620034386,0.01937984496124031,0.009936847146149471,0.03474903474903475,1.05019305019305,1.2339349316093502,fing_x_face,8,0.01,ri_V>face_C,2,MAXMONO-K3,GP,main,0.012498617172241211,0.01153811618927898,0.03088803088803089,0.01257071024512885,0.03088803088803089
True,,,,,,0.009999095104515429,0.01937984496124031,0.010939510939510939,0.019305019305019305,1.2084942084942085,1.944688874921433,fing_x_face,8,0.01,ri_V>face_C,2,S1-Marcialis,rule,main,0.0018534660339355469,,,,
True,,,,,,0.009999095104515429,0.01937984496124031,0.010939510939510939,0.019305019305019305,1.2084942084942085,1.944688874921433,fing_x_face,8,0.01,ri_V>face_C,2,S2-Symmetric,rule,main,0.011080741882324219,,,,
True,,,,,,0.009999095104515429,0.003875968992248062,0.01197210499536081,0.02702702702702703,1.1003861003861004,1.4797671425578403,fing_x_face,8,0.01,ri_V>face_C,2,S4-Direct,rule,main,0.4689829349517822,,,,
True,0.24523837539971075,0.009999999999999986,0.23020291020753836,0.04410792620635779,0.007489418305016383,0.008264712092419992,0.04263565891472868,0.007572356409565712,0.0694980694980695,1.0154440154440154,1.0345993834365927,fing_x_face,8,0.01,ri_V>face_G,2,HYP,GP,main,0.007917165756225586,0.008979078746520607,0.0694980694980695,0.008784532040345993,0.06177606177606178
True,0.04418169790397194,0.010000000000004046,0.03902841455555977,0.010275824770146026,0.00902678213594877,0.00918468916840105,0.003875968992248062,0.00665948340366945,0.015444015444015444,1.0733590733590734,1.9408278710604292,fing_x_face,8,0.01,ri_V>face_G,2,MONO,GP,main,0.009601354598999023,0.0074077399658795005,0.011583011583011582,0.008230822184310557,0.015444015444015444
True,0.031888628342369836,0.01000000000000053,0.029223412820939536,0.013610960879754825,0.008574181089397802,0.00891322052302959,0.007751937984496124,0.006584657747448445,0.015444015444015444,1.0733590733590734,1.813429708778546,fing_x_face,8,0.01,ri_V>face_G,2,MONO-rel,GP,main,0.01044464111328125,0.007437670228367903,0.015444015444015444,0.008215857053066355,0.015444015444015444
True,0.046010122117324206,0.010000000000000023,0.0406016848106473,0.010275824770146026,0.00926825136566876,0.009441076222362984,0.003875968992248062,0.006809134716111461,0.015444015444015444,1.0733590733590734,1.9408278710604292,fing_x_face,8,0.01,ri_V>face_G,2,LR-P1-N2,GP,main,0.009568929672241211,0.007617251803298315,0.011583011583011582,0.008485229415461974,0.015444015444015444
True,0.03196578858265897,0.010000000000001489,0.02926898506404855,0.013610960879754825,0.00859880166341117,0.008943383705848641,0.007751937984496124,0.006614588009936847,0.015444015444015444,1.0733590733590734,1.813429708778546,fing_x_face,8,0.01,ri_V>face_G,2,LR-P1-N2-rel,GP,main,0.010997295379638672,0.007497530753344707,0.015444015444015444,0.008230822184310557,0.015444015444015444
True,0.04627695105476095,0.010000000000008584,0.04028790203564235,0.01170302265488853,0.008515435531835782,0.00864175187765813,0.003875968992248062,0.006180599203855018,0.015444015444015444,1.0733590733590734,1.9408278710604292,fing_x_face,8,0.01,ri_V>face_G,2,LR-P2-N2,GP,main,0.009672403335571289,0.007063541947262877,0.011583011583011582,0.007736972853251923,0.015444015444015444
True,0.03340644305902909,0.010000000000086735,0.03084257586131213,0.011447629349197765,0.008358296385436021,0.009109281211353421,0.003875968992248062,0.007153332734728083,0.03088803088803089,1.057915057915058,1.4761605459279878,fing_x_face,8,0.01,ri_V>face_G,2,LR-P2-N2-rel,GP,main,0.010225057601928711,0.008155996528089552,0.023166023166023165,0.00872467151536919,0.02702702702702703
True,0.04546413869532798,0.010000000000000182,0.04014634283531492,0.010275824770146026,0.009254047293332308,0.009425994630953458,0.003875968992248062,0.006809134716111461,0.015444015444015444,1.0733590733590734,1.9408278710604292,fing_x_face,8,0.01,ri_V>face_G,2,LR-P1-N3,GP,main,0.008855342864990234,0.007617251803298315,0.011583011583011582,0.008485229415461974,0.015444015444015444
True,0.041670809883617904,0.01000000000000082,0.03706552834018874,0.010275824770146026,0.00908359842529468,0.009245015534039152,0.003875968992248062,0.006689413666157852,0.015444015444015444,1.0733590733590734,1.9408278710604292,fing_x_face,8,0.01,ri_V>face_G,2,NLS-N2,GP,main,0.008507251739501953,0.007422705097123701,0.011583011583011582,0.00829068270928736,0.015444015444015444
True,0.04537985291788154,0.010000000000000085,0.04008365262172704,0.010275824770146026,0.00926825136566876,0.009441076222362984,0.003875968992248062,0.006809134716111461,0.015444015444015444,1.0733590733590734,1.9408278710604292,fing_x_face,8,0.01,ri_V>face_G,2,DE-N2,GP,main,0.009721994400024414,0.007617251803298315,0.011583011583011582,0.008485229415461974,0.015444015444015444
True,0.061649576563476076,0.010000000000000075,0.05488179069700329,0.01838831800973499,0.008231848798425144,0.009003710071486743,0.011627906976744186,0.007288018915925893,0.03474903474903475,1.054054054054054,1.3345305438328694,fing_x_face,8,0.01,ri_V>face_G,2,MAXMONO-K3,GP,main,0.016338825225830078,0.008664810990392386,0.03088803088803089,0.008979078746520607,0.03474903474903475
True,,,,,,0.009999095104515429,0.023255813953488372,0.0062554248600760224,0.023166023166023165,1.2084942084942085,1.944688874921433,fing_x_face,8,0.01,ri_V>face_G,2,S1-Marcialis,rule,main,0.0017397403717041016,,,,
True,,,,,,0.009999095104515429,0.023255813953488372,0.0062554248600760224,0.023166023166023165,1.2084942084942085,1.944688874921433,fing_x_face,8,0.01,ri_V>face_G,2,S2-Symmetric,rule,main,0.010476112365722656,,,,
True,,,,,,0.009999095104515429,0.0,0.006240459728831822,0.015444015444015444,1.1158301158301158,1.9444344676902816,fing_x_face,8,0.01,ri_V>face_G,2,S4-Direct,rule,main,0.4350879192352295,,,,
True,0.36655554563495313,0.010000000000000004,0.33296480362601855,0.04442341205456403,0.007058851903411518,0.008490935963562875,0.05426356589147287,0.009802160964951663,0.08108108108108109,1.0115830115830116,1.0235850468408607,fing_x_face,8,0.01,ri_V>li_V,2,HYP,GP,main,0.006926774978637695,0.012765256951303462,0.07722007722007722,0.012645535901349855,0.07722007722007722
True,0.04111476982271271,0.010000000000003123,0.037018854023059614,0.00865332612222823,0.009578896074437234,0.009591892136458238,0.03875968992248062,0.011837418814163,0.05019305019305019,1.0733590733590734,1.9395259046421838,fing_x_face,8,0.01,ri_V>li_V,2,MONO,GP,main,0.008956193923950195,0.013962467450839544,0.05019305019305019,0.013932537188351142,0.05019305019305019
True,0.0290676379711725,0.010000000000006585,0.02666607444946513,0.00865332612222823,0.008416083222704237,0.008415528006515247,0.03875968992248062,0.009876986621172668,0.05019305019305019,1.0733590733590734,1.9395259046421838,fing_x_face,8,0.01,ri_V>li_V,2,MONO-rel,GP,main,0.010462284088134766,0.0118224536829188,0.05019305019305019,0.011837418814163,0.05019305019305019
True,0.04320991069004867,0.010000000000009845,0.03877348635722508,0.00865332612222823,0.008416083222704237,0.008415528006515247,0.03875968992248062,0.009876986621172668,0.05019305019305019,1.0733590733590734,1.9395259046421838,fing_x_face,8,0.01,ri_V>li_V,2,LR-P1-N2,GP,main,0.015277624130249023,0.0118224536829188,0.05019305019305019,0.011837418814163,0.05019305019305019
True,0.029379985368248426,0.009999999999999978,0.026918687723507376,0.00865332612222823,0.008416083222704237,0.008415528006515247,0.03875968992248062,0.009876986621172668,0.05019305019305019,1.0733590733590734,1.9395259046421838,fing_x_face,8,0.01,ri_V>li_V,2,LR-P1-N2-rel,GP,main,0.010573148727416992,0.0118224536829188,0.05019305019305019,0.011837418814163,0.05019305019305019
True,0.04160489690891099,0.010000000000000599,0.03743672136360102,0.00865332612222823,0.009578896074437234,0.009591892136458238,0.03875968992248062,0.011837418814163,0.05019305019305019,1.0733590733590734,1.9395259046421838,fing_x_face,8,0.01,ri_V>li_V,2,LR-P2-N2,GP,main,0.009302139282226562,0.013962467450839544,0.05019305019305019,0.013932537188351142,0.05019305019305019
True,0.030899944244080022,0.010000000000000191,0.02848946524336648,0.00865332612222823,0.008416083222704237,0.008415528006515247,0.03875968992248062,0.009876986621172668,0.05019305019305019,1.0733590733590734,1.9395259046421838,fing_x_face,8,0.01,ri_V>li_V,2,LR-P2-N2-rel,GP,main,0.013153553009033203,0.0118224536829188,0.05019305019305019,0.011837418814163,0.05019305019305019
True,0.0426546378400394,0.009999999999999995,0.03829260199692325,0.00865332612222823,0.008416083222704237,0.008415528006515247,0.03875968992248062,0.009876986621172668,0.05019305019305019,1.0733590733590734,1.9395259046421838,fing_x_face,8,0.01,ri_V>li_V,2,LR-P1-N3,GP,main,0.011481046676635742,0.0118224536829188,0.05019305019305019,0.011837418814163,0.05019305019305019
True,0.03885684830048159,0.010000000000000422,0.035082706966825125,0.00865332612222823,0.009578896074437234,0.009591892136458238,0.03875968992248062,0.011837418814163,0.05019305019305019,1.0733590733590734,1.9395259046421838,fing_x_face,8,0.01,ri_V>li_V,2,NLS-N2,GP,main,0.011991500854492188,0.013962467450839544,0.05019305019305019,0.013932537188351142,0.05019305019305019
True,0.042581888723385274,0.010000000000004757,0.038239304567180644,0.00865332612222823,0.008416083222704237,0.008415528006515247,0.03875968992248062,0.009876986621172668,0.05019305019305019,1.0733590733590734,1.9395259046421838,fing_x_face,8,0.01,ri_V>li_V,2,DE-N2,GP,main,0.010106563568115234,0.0118224536829188,0.05019305019305019,0.011837418814163,0.05019305019305019
True,0.06147924944116019,0.010000000000000538,0.0560451728674025,0.027582477014602487,0.008194603367970612,0.010180074201429735,0.03875968992248062,0.01197210499536081,0.0694980694980695,1.0463320463320462,1.1593337523570082,fing_x_face,8,0.01,ri_V>li_V,2,MAXMONO-K3,GP,main,0.018649578094482422,0.015309329262817636,0.0694980694980695,0.015429050312771243,0.06177606177606178
True,,,,,,0.008460772780743824,0.050387596899224806,0.012525814851396247,0.08494208494208494,1.2084942084942085,1.944688874921433,fing_x_face,8,0.01,ri_V>li_V,2,S1-Marcialis,rule,main,0.002093076705932617,,,,
True,,,,,,0.008460772780743824,0.050387596899224806,0.012525814851396247,0.08494208494208494,1.2084942084942085,1.944688874921433,fing_x_face,8,0.01,ri_V>li_V,2,S2-Symmetric,rule,main,0.01232147216796875,,,,
True,,,,,,0.009290260308267729,0.031007751937984496,0.012465954326419443,0.06177606177606178,1.0694980694980696,1.4787644787644787,fing_x_face,8,0.01,ri_V>li_V,2,S4-Direct,rule,main,0.38556694984436035,,,,
True,0.0969006261953884,0.010000000000000288,0.09080988068002513,0.02882275914210209,0.00904373684391439,0.019636232015202246,0.03875968992248062,0.018287390380413635,0.03474903474903475,1.0965250965250966,1.105130046990512,fing_x_face,8,0.01,face_C>face_G>li_V,3,HYP,GP,main,0.015033721923828125,0.01951453114243812,0.03861003861003861,0.021504893597916852,0.03861003861003861
True,0.045464824216669183,0.010000000000078137,0.041637799168255656,0.002069000213817651,0.009936856365844828,0.010572195578077398,0.003875968992248062,0.010625243183382718,0.011583011583011582,1.1544401544401544,2.134820867379007,fing_x_face,8,0.01,face_C>face_G>li_V,3,MONO,GP,main,0.019424915313720703,0.011478255664302175,0.007722007722007722,0.01346861811978091,0.011583011583011582
True,0.022035232578438,0.010000000000007865,0.020916747122757536,0.0018908188377543276,0.009797295767009764,0.010888908997677435,0.003875968992248062,0.010236149771033492,0.011583011583011582,1.1583011583011582,2.1365119272096016,fing_x_face,8,0.01,face_C>face_G>li_V,3,MONO-rel,GP,main,0.017994403839111328,0.011104127383197151,0.011583011583011582,0.012675466163838257,0.011583011583011582
True,0.04772179299456151,0.010000000000000333,0.043810643890443236,0.002024978932672595,0.009628208127539586,0.010180074201429735,0.003875968992248062,0.010146358983568285,0.011583011583011582,1.1544401544401544,2.134671216066565,fing_x_face,8,0.01,face_C>face_G>li_V,3,LR-P1-N2,GP,main,0.019504785537719727,0.010999371464487744,0.007722007722007722,0.012914908263745473,0.011583011583011582
True,0.02214079911592525,0.010000000000040355,0.02102052960731196,0.0018908188377543276,0.009750193742255176,0.010858745814858383,0.003875968992248062,0.010146358983568285,0.011583011583011582,1.166023166023166,2.1366765436532877,fing_x_face,8,0.01,face_C>face_G>li_V,3,LR-P1-N2-rel,GP,main,0.017682552337646484,0.011014336595731944,0.011583011583011582,0.01258567537637305,0.011583011583011582
True,0.08156443708204365,0.010000000000013104,0.07317151034248327,0.002113021494962708,0.009756615443317249,0.010345971706934515,0.003875968992248062,0.010565382658405915,0.011583011583011582,1.1544401544401544,2.134895693035228,fing_x_face,8,0.01,face_C>face_G>li_V,3,LR-P2-N2,GP,main,0.02276158332824707,0.011418395139325372,0.007722007722007722,0.013348897069827302,0.011583011583011582
True,0.02168239954255498,0.01000000000000314,0.02050163809793269,0.0016807278557816245,0.009810459567244306,0.011084969686001266,0.003875968992248062,0.010475591870940708,0.011583011583011582,1.16988416988417,2.137649277184161,fing_x_face,8,0.01,face_C>face_G>li_V,3,LR-P2-N2-rel,GP,main,0.018361806869506836,0.011597976714255784,0.011583011583011582,0.01300469905121068,0.015444015444015444
True,0.047721813086608444,0.010000000000998157,0.043810651123449805,0.002024978932672595,0.009628208127539586,0.010180074201429735,0.003875968992248062,0.010146358983568285,0.011583011583011582,1.1544401544401544,2.134671216066565,fing_x_face,8,0.01,face_C>face_G>li_V,3,LR-P1-N3,GP,main,0.01923084259033203,0.010999371464487744,0.007722007722007722,0.012914908263745473,0.011583011583011582
True,0.03936272080060838,0.010000000000000057,0.0363586354418544,0.002024978932672595,0.009893235935341176,0.010557113986667874,0.003875968992248062,0.01065517344587112,0.011583011583011582,1.1544401544401544,2.1349256232977165,fing_x_face,8,0.01,face_C>face_G>li_V,3,NLS-N2,GP,main,0.019328594207763672,0.011373499745592769,0.007722007722007722,0.013259106282362097,0.011583011583011582
True,0.047557196396094285,0.010000000000000262,0.0436804272082304,0.002024978932672595,0.009622448275900213,0.010180074201429735,0.003875968992248062,0.010146358983568285,0.011583011583011582,1.1544401544401544,2.134686181197809,fing_x_face,8,0.01,face_C>face_G>li_V,3,DE-N2,GP,main,0.019061803817749023,0.010999371464487744,0.007722007722007722,0.012884978001257071,0.011583011583011582
True,0.06954019598191166,0.010000000000000777,0.06060391711221347,0.004601446693023536,0.009591033454733413,0.010843664223448858,0.023255813953488372,0.010400766214719703,0.03088803088803089,1.135135135135135,1.6901170273263297,fing_x_face,8,0.01,face_C>face_G>li_V,3,MAXMONO-K3,GP,main,0.027787208557128906,0.011119092514441351,0.023166023166023165,0.013049594444943281,0.03088803088803089
True,,,,,,0.007555877296172292,0.011627906976744186,0.010460626739696508,0.02702702702702703,1.61003861003861,2.150594115710395,fing_x_face,8,0.01,face_C>face_G>li_V,3,S1-Marcialis,rule,main,0.0043888092041015625,,,,
True,,,,,,0.009803034416191597,0.011627906976744186,0.006898925503576667,0.02702702702702703,1.4517374517374517,1.961060728502589,fing_x_face,8,0.01,face_C>face_G>li_V,3,S2-Symmetric,rule,main,0.05608797073364258,,,,
False,,,,,,,,,,,,fing_x_face,8,0.01,face_C>face_G>li_V,3,S4-Direct,rule,main,4.5299530029296875e-06,,,,
True,0.07605054895124486,0.010000000000005014,0.0726737243106019,0.02075976072919738,0.009462758546083938,0.020103761348897537,0.027131782945736434,0.017509203555715183,0.03088803088803089,1.1042471042471043,1.1435156086318876,fing_x_face,8,0.01,face_C>face_G>ri_V,3,HYP,GP,main,0.014338016510009766,0.019035646942623687,0.03088803088803089,0.0207267067732184,0.02702702702702703
True,0.04432697811223741,0.010000000000001034,0.041092461080563296,0.0011739008305348378,0.009699309325776652,0.010345971706934515,0.003875968992248062,0.00962257939002125,0.007722007722007722,1.1544401544401544,2.134626320672832,fing_x_face,8,0.01,face_C>face_G>ri_V,3,MONO,GP,main,0.019388437271118164,0.010310975427254497,0.003861003861003861,0.012301337882733231,0.007722007722007722
True,0.021362505180750654,0.010000000000002084,0.02045801714958644,0.0010952913999186654,0.009920662736285179,0.011024643320363165,0.003875968992248062,0.01005656819610308,0.007722007722007722,1.166023166023166,2.1371254975906138,fing_x_face,8,0.01,face_C>face_G>ri_V,3,MONO-rel,GP,main,0.019046783447265625,0.010729999102092125,0.007722007722007722,0.012286372751489031,0.007722007722007722
True,0.046558951852067904,0.010000000000019535,0.04326888803891543,0.0011739008305348378,0.009731667377652827,0.010406298072572618,0.003875968992248062,0.00975726557121906,0.007722007722007722,1.1544401544401544,2.134536529885367,fing_x_face,8,0.01,face_C>face_G>ri_V,3,LR-P1-N2,GP,main,0.0230710506439209,0.010430696477208104,0.003861003861003861,0.012346233276465834,0.007722007722007722
True,0.021402072118360826,0.010000000000007616,0.020508916768613737,0.0010952913999186654,0.009370780465624945,0.010481706029620246,0.003875968992248062,0.009338241896381431,0.007722007722007722,1.166023166023166,2.1371105324593698,fing_x_face,8,0.01,face_C>face_G>ri_V,3,LR-P1-N2-rel,GP,main,0.021466493606567383,0.010011672802370477,0.007722007722007722,0.011418395139325372,0.007722007722007722
True,0.07988004288213399,0.010000000000000404,0.07255454850448287,0.0011739008305348378,0.009554863174142204,0.010149911018610683,0.003875968992248062,0.009562718865044447,0.007722007722007722,1.1544401544401544,2.134686181197809,fing_x_face,8,0.01,face_C>face_G>ri_V,3,LR-P2-N2,GP,main,0.03310108184814453,0.010236149771033492,0.003861003861003861,0.012166651701535422,0.007722007722007722
True,0.020433492188825644,0.010000000000004729,0.019543514110955337,0.0010222719732574212,0.00964092137013408,0.010873827406267909,0.003875968992248062,0.009772230702463261,0.007722007722007722,1.166023166023166,2.1379186495465565,fing_x_face,8,0.01,face_C>face_G>ri_V,3,LR-P2-N2-rel,GP,main,0.0207827091217041,0.01050552213342911,0.007722007722007722,0.011927209601628207,0.011583011583011582
True,0.04656372442700647,0.010000000000027227,0.04327148603561726,0.0011739008305348378,0.009731667377652827,0.010406298072572618,0.003875968992248062,0.00975726557121906,0.007722007722007722,1.1544401544401544,2.134536529885367,fing_x_face,8,0.01,face_C>face_G>ri_V,3,LR-P1-N3,GP,main,0.024369001388549805,0.010430696477208104,0.003861003861003861,0.012346233276465834,0.007722007722007722
True,0.03834899362910788,0.010000000000002679,0.0358300561180123,0.0011739008305348378,0.00958611001003994,0.010255482158477363,0.003875968992248062,0.009652509652509652,0.007722007722007722,1.1544401544401544,2.1347759719852744,fing_x_face,8,0.01,face_C>face_G>ri_V,3,NLS-N2,GP,main,0.02164459228515625,0.010266080033521894,0.003861003861003861,0.01225644248900063,0.007722007722007722
True,0.046398863783665936,0.010000000000003024,0.04313641215137799,0.0011739008305348378,0.009725891642478177,0.010406298072572618,0.003875968992248062,0.00975726557121906,0.007722007722007722,1.1544401544401544,2.134536529885367,fing_x_face,8,0.01,face_C>face_G>ri_V,3,DE-N2,GP,main,0.02214193344116211,0.010415731345963904,0.003861003861003861,0.012346233276465834,0.007722007722007722
True,0.06588200629294565,0.010000000000003405,0.058524675785827304,0.00707158791981512,0.009820569892978137,0.010934153771906012,0.01937984496124031,0.009951812277393673,0.011583011583011582,1.1505791505791505,1.7418514860375325,fing_x_face,8,0.01,face_C>face_G>ri_V,3,MAXMONO-K3,GP,main,0.030661582946777344,0.010685103708359522,0.007722007722007722,0.012675466163838257,0.011583011583011582
True,,,,,,0.00830995686664857,0.003875968992248062,0.008066205740624345,0.011583011583011582,1.61003861003861,2.150594115710395,fing_x_face,8,0.01,face_C>face_G>ri_V,3,S1-Marcialis,rule,main,0.0049893856048583984,,,,
True,,,,,,0.009772871233372546,0.003875968992248062,0.006330250516297028,0.023166023166023165,1.4517374517374517,1.961060728502589,fing_x_face,8,0.01,face_C>face_G>ri_V,3,S2-Symmetric,rule,main,0.0702657699584961,,,,
False,,,,,,,,,,,,fing_x_face,8,0.01,face_C>face_G>ri_V,3,S4-Direct,rule,main,4.5299530029296875e-06,,,,
True,0.11846832975509497,0.010000000000001754,0.11142425052326585,0.0404995786534519,0.008763444161504999,0.01526257050643984,0.04263565891472868,0.015937864775074077,0.03861003861003861,1.0694980694980696,1.086663075035168,fing_x_face,8,0.01,face_C>li_V>face_G,3,HYP,GP,main,0.019693374633789062,0.01818263446170423,0.03861003861003861,0.019619287061147527,0.03861003861003861
True,0.04575066203052119,0.010000000001475988,0.041614363886932494,0.002024978932672595,0.0096949347613434,0.010270563749886889,0.003875968992248062,0.010370835952231301,0.011583011583011582,1.1003861003861004,2.139968872527012,fing_x_face,8,0.01,face_C>li_V>face_G,3,MONO,GP,main,0.026948213577270508,0.011313639220615965,0.007722007722007722,0.013184280626141092,0.011583011583011582
True,0.024855682860919204,0.010000000000003584,0.022773703777626875,0.0033969755283601863,0.009328044779955458,0.010044339878744006,0.003875968992248062,0.01022118463978929,0.011583011583011582,1.1003861003861004,1.9430726407470593,fing_x_face,8,0.01,face_C>li_V>face_G,3,MONO-rel,GP,main,0.020591020584106445,0.01123881356439496,0.007722007722007722,0.013348897069827302,0.011583011583011582
True,0.049052284569201215,0.010000000002980377,0.04433394494309858,0.0019809576515275387,0.009891468214744494,0.010481706029620246,0.003875968992248062,0.01050552213342911,0.011583011583011582,1.1003861003861004,2.1397743258208375,fing_x_face,8,0.01,face_C>li_V>face_G,3,LR-P1-N2,GP,main,0.024018049240112305,0.011478255664302175,0.007722007722007722,0.013333931938583102,0.011583011583011582
True,0.02489022408982837,0.010000000000002021,0.02283164791135632,0.0033969755283601863,0.0092609453224985,0.009984013513105903,0.003875968992248062,0.010101463589835684,0.011583011583011582,1.1003861003861004,1.9432821525844781,fing_x_face,8,0.01,face_C>li_V>face_G,3,LR-P1-N2-rel,GP,main,0.018308401107788086,0.011163987908173955,0.007722007722007722,0.013124420101164287,0.011583011583011582
True,0.07883662245004287,0.010000000000030105,0.0716511694257292,0.0019809576515275387,0.009804871422185269,0.010496787621029771,0.003875968992248062,0.010700068839603723,0.011583011583011582,1.1042471042471043,2.1401634192331866,fing_x_face,8,0.01,face_C>li_V>face_G,3,LR-P2-N2,GP,main,0.02283501625061035,0.011463290533057975,0.007722007722007722,0.013199245757385292,0.011583011583011582
True,0.02385807565782809,0.010000000000001816,0.021964983525873935,0.003829851459619908,0.008983625781247048,0.009953850330286852,0.003875968992248062,0.010325940558498697,0.015444015444015444,1.1003861003861004,1.8563796354494029,fing_x_face,8,0.01,face_C>li_V>face_G,3,LR-P2-N2-rel,GP,main,0.027235746383666992,0.011178953039418156,0.007722007722007722,0.012914908263745473,0.015444015444015444
True,0.049052363766940284,0.010000000000000174,0.04433398724516323,0.0019809576515275387,0.009891468214744494,0.010481706029620246,0.003875968992248062,0.01050552213342911,0.011583011583011582,1.1003861003861004,2.1397743258208375,fing_x_face,8,0.01,face_C>li_V>face_G,3,LR-P1-N3,GP,main,0.03307509422302246,0.011478255664302175,0.007722007722007722,0.013333931938583102,0.011583011583011582
True,0.04021494972298756,0.01000000000057367,0.036697079318025204,0.0019809576515275387,0.00970614311239172,0.010315808524115464,0.003875968992248062,0.010370835952231301,0.011583011583011582,1.1003861003861004,2.140088593576966,fing_x_face,8,0.01,face_C>li_V>face_G,3,NLS-N2,GP,main,0.018054962158203125,0.011343569483104367,0.007722007722007722,0.013229176019873693,0.011583011583011582
True,0.048818828167258806,0.010000000000004916,0.044172010783468364,0.0019809576515275387,0.009854265968304809,0.010436461255391669,0.003875968992248062,0.01049055700218491,0.011583011583011582,1.1003861003861004,2.139804256083326,fing_x_face,8,0.01,face_C>li_V>face_G,3,DE-N2,GP,main,0.022748231887817383,0.011418395139325372,0.007722007722007722,0.013348897069827302,0.011583011583011582
True,0.06398696093226217,0.010000000000007527,0.056691084275066125,0.004387454354123956,0.00966045172872268,0.010376134889753566,0.003875968992248062,0.010939510939510939,0.015444015444015444,1.0965250965250966,1.7359851545898057,fing_x_face,8,0.01,face_C>li_V>face_G,3,MAXMONO-K3,GP,main,0.02773761749267578,0.012031965520337614,0.011583011583011582,0.013992397713327945,0.015444015444015444
True,,,,,,0.009999095104515429,0.01937984496124031,0.006839064978599862,0.023166023166023165,1.4362934362934363,2.1560863188770165,fing_x_face,8,0.01,face_C>li_V>face_G,3,S1-Marcialis,rule,main,0.0045354366302490234,,,,
True,,,,,,0.009999095104515429,0.01937984496124031,0.006839064978599862,0.023166023166023165,1.4362934362934363,2.1560863188770165,fing_x_face,8,0.01,face_C>li_V>face_G,3,S2-Symmetric,rule,main,0.033681392669677734,,,,
False,,,,,,,,,,,,fing_x_face,8,0.01,face_C>li_V>face_G,3,S4-Direct,rule,main,3.814697265625e-06,,,,
True,0.11367205650925384,0.010000000000000609,0.10726921511431392,0.040449268617857546,0.00873983609322105,0.010707929900763129,0.04263565891472868,0.012436024063931041,0.03861003861003861,1.0694980694980696,1.089775822333962,fing_x_face,8,0.01,face_C>li_V>ri_V,3,HYP,GP,main,0.014631032943725586,0.014546107569363384,0.03474903474903475,0.016446679237376912,0.03474903474903475
True,0.044090924075278676,0.010000000000000182,0.04086391064802094,0.0008385005932391698,0.009638730807616833,0.010089584652972581,0.0,0.01096944120199934,0.011583011583011582,1.1003861003861004,2.138562150190057,fing_x_face,8,0.01,face_C>li_V>ri_V,3,MONO,GP,main,0.021108388900756836,0.01213672143904702,0.007722007722007722,0.013812816138397533,0.011583011583011582
True,0.023611881173076818,0.01000000000000162,0.021975573415628065,0.0008364043417560719,0.009573643238481783,0.010104666244382107,0.0,0.01096944120199934,0.011583011583011582,1.1003861003861004,2.139669569902128,fing_x_face,8,0.01,face_C>li_V>ri_V,3,MONO-rel,GP,main,0.02218008041381836,0.012061895782826015,0.007722007722007722,0.013797851007153333,0.011583011583011582
True,0.047337241898157155,0.010000000000021268,0.04360203316167497,0.0008385005932391698,0.009894430134839236,0.010345971706934515,0.0,0.01123881356439496,0.011583011583011582,1.1003861003861004,2.1380383705965103,fing_x_face,8,0.01,face_C>li_V>ri_V,3,LR-P1-N2,GP,main,0.030737876892089844,0.012450989195175241,0.007722007722007722,0.014142049025769956,0.011583011583011582
True,0.023613931466008577,0.010000000003267845,0.022004509403685313,0.0008364043417560719,0.0095285516104879,0.010059421470153531,0.0,0.010879650414534136,0.011583011583011582,1.1003861003861004,2.1398491514770583,fing_x_face,8,0.01,face_C>li_V>ri_V,3,LR-P1-N2-rel,GP,main,0.0238649845123291,0.012017000389093412,0.007722007722007722,0.013708060219688126,0.011583011583011582
True,0.07631228072857821,0.010000000000001159,0.07074031234408239,0.0008804256229011282,0.009543346658051694,0.009999095104515429,0.0,0.011104127383197151,0.011583011583011582,1.1003861003861004,2.1388165574212086,fing_x_face,8,0.01,face_C>li_V>ri_V,3,LR-P2-N2,GP,main,0.024580955505371094,0.012211547095268026,0.007722007722007722,0.013992397713327945,0.011583011583011582
True,0.022136306920876994,0.010000000000276893,0.020717247376653303,0.0008364043417560719,0.009479940979942515,0.010104666244382107,0.0,0.011418395139325372,0.011583011583011582,1.1042471042471043,2.140866780401664,fing_x_face,8,0.01,face_C>li_V>ri_V,3,LR-P2-N2-rel,GP,main,0.026976823806762695,0.012436024063931041,0.007722007722007722,0.013962467450839544,0.011583011583011582
True,0.0473411640819134,0.010000000000001933,0.04360367172618929,0.0008385005932391698,0.009894430134839236,0.010345971706934515,0.0,0.01123881356439496,0.011583011583011582,1.1003861003861004,2.1380383705965103,fing_x_face,8,0.01,face_C>li_V>ri_V,3,LR-P1-N3,GP,main,0.026780128479003906,0.012450989195175241,0.007722007722007722,0.014142049025769956,0.011583011583011582
True,0.0387037595013104,0.01000000000000283,0.03595558800408492,0.0008804256229011282,0.009563525123139642,0.010014176695924954,0.0,0.010834755020801532,0.011583011583011582,1.1003861003861004,2.1388315225524526,fing_x_face,8,0.01,face_C>li_V>ri_V,3,NLS-N2,GP,main,0.03223609924316406,0.012002035257849212,0.007722007722007722,0.013737990482176528,0.011583011583011582
True,0.04711442291532936,0.010000000000000137,0.0434363798778948,0.0008385005932391698,0.009864347861048403,0.010315808524115464,0.0,0.011223848433150758,0.011583011583011582,1.1003861003861004,2.1380683008589987,fing_x_face,8,0.01,face_C>li_V>ri_V,3,DE-N2,GP,main,0.026434659957885742,0.012436024063931041,0.007722007722007722,0.014127083894525754,0.011583011583011582
True,0.060399015430236715,0.010000000000000609,0.054853330881040385,0.005642060866758065,0.009604461459838802,0.010813501040629806,0.003875968992248062,0.01272036155757086,0.015444015444015444,1.0965250965250966,1.6732962198078478,fing_x_face,8,0.01,face_C>li_V>ri_V,3,MAXMONO-K3,GP,main,0.03332686424255371,0.014620933225584389,0.011583011583011582,0.016491574631109514,0.015444015444015444
True,,,,,,0.008626670286248604,0.007751937984496124,0.009068869533985812,0.015444015444015444,1.4362934362934363,2.1560863188770165,fing_x_face,8,0.01,face_C>li_V>ri_V,3,S1-Marcialis,rule,main,0.004694223403930664,,,,
True,,,,,,0.008626670286248604,0.007751937984496124,0.009068869533985812,0.015444015444015444,1.4362934362934363,2.1560863188770165,fing_x_face,8,0.01,face_C>li_V>ri_V,3,S2-Symmetric,rule,main,0.04918265342712402,,,,
False,,,,,,,,,,,,fing_x_face,8,0.01,face_C>li_V>ri_V,3,S4-Direct,rule,main,3.814697265625e-06,,,,
True,0.07297158924937473,0.010000000000001851,0.06968122598513006,0.02075382134999527,0.008808552512546185,0.015654691883087504,0.01937984496124031,0.014516177306874982,0.02702702702702703,1.0810810810810811,1.128131453712849,fing_x_face,8,0.01,face_C>ri_V>face_G,3,HYP,GP,main,0.01684093475341797,0.016701086468528328,0.02702702702702703,0.0177486456556224,0.023166023166023165
True,0.041149259658520565,0.010000000000043242,0.039029214680747625,0.0011249882959292194,0.009446133278904575,0.01019515579283926,0.003875968992248062,0.009487893208823442,0.007722007722007722,1.0965250965250966,2.194022926581066,fing_x_face,8,0.01,face_C>ri_V>face_G,3,MONO,GP,main,0.027114152908325195,0.010041603064858878,0.003861003861003861,0.01167280237047679,0.007722007722007722
True,0.02077135742746125,0.01000000000000989,0.019914343008232804,0.0011606245711418843,0.009419164331125229,0.010888908997677435,0.003875968992248062,0.00974230043997486,0.007722007722007722,1.1003861003861004,2.013842746400886,fing_x_face,8,0.01,face_C>ri_V>face_G,3,MONO-rel,GP,main,0.032469987869262695,0.01080482475831313,0.007722007722007722,0.012361198407710036,0.011583011583011582
True,0.0437938041471676,0.010000000000099658,0.041472673586911694,0.0011249882959292194,0.009549925903527445,0.01033089011552499,0.003875968992248062,0.009652509652509652,0.007722007722007722,1.0965250965250966,2.193843345006136,fing_x_face,8,0.01,face_C>ri_V>face_G,3,LR-P1-N2,GP,main,0.027171611785888672,0.010191254377300889,0.003861003861003861,0.0118224536829188,0.007722007722007722
True,0.020874173884454127,0.010000000000002136,0.02001102973050779,0.0011606245711418843,0.009461123450481801,0.010949235363315537,0.003875968992248062,0.009787195833707461,0.007722007722007722,1.1003861003861004,2.0138128161383975,fing_x_face,8,0.01,face_C>ri_V>face_G,3,LR-P1-N2-rel,GP,main,0.022568702697753906,0.010834755020801532,0.007722007722007722,0.012406093801442638,0.011583011583011582
True,0.07240390239044986,0.010000000000005093,0.06871802191556071,0.0010687388811327586,0.009499826670832615,0.010376134889753566,0.003875968992248062,0.009832091227440064,0.007722007722007722,1.0965250965250966,2.1941127173685313,fing_x_face,8,0.01,face_C>ri_V>face_G,3,LR-P2-N2,GP,main,0.024028539657592773,0.010460626739696508,0.007722007722007722,0.011777558289186196,0.007722007722007722
True,0.01964281692614392,0.010000000000002215,0.01878469159565529,0.0015654340242112386,0.008990911829290314,0.010828582632039332,0.0,0.009862021489928466,0.007722007722007722,1.1003861003861004,1.8267037801921522,fing_x_face,8,0.01,face_C>ri_V>face_G,3,LR-P2-N2-rel,GP,main,0.021219968795776367,0.010879650414534136,0.007722007722007722,0.012046930651581814,0.011583011583011582
True,0.04373549693780627,0.010000000000000031,0.04144417987984816,0.0011249882959292194,0.009537417633756956,0.01033089011552499,0.003875968992248062,0.009637544521265452,0.007722007722007722,1.0965250965250966,2.1939331357936007,fing_x_face,8,0.01,face_C>ri_V>face_G,3,LR-P1-N3,GP,main,0.0355372428894043,0.01022118463978929,0.003861003861003861,0.011792523420430398,0.007722007722007722
True,0.03596552330250516,0.01000000000000338,0.034182944500947395,0.0010687388811327586,0.009879673235418556,0.010723011492172654,0.003875968992248062,0.010146358983568285,0.007722007722007722,1.0965250965250966,2.1935440423812516,fing_x_face,8,0.01,face_C>ri_V>face_G,3,NLS-N2,GP,main,0.019754886627197266,0.010670138577115322,0.003861003861003861,0.012181616832779624,0.007722007722007722
True,0.043613517664364214,0.010000000000000325,0.04133200064507601,0.0011249882959292194,0.009537417633756956,0.01033089011552499,0.003875968992248062,0.009637544521265452,0.007722007722007722,1.0965250965250966,2.1939331357936007,fing_x_face,8,0.01,face_C>ri_V>face_G,3,DE-N2,GP,main,0.020498275756835938,0.01022118463978929,0.003861003861003861,0.011792523420430398,0.007722007722007722
True,0.05515330492856511,0.010000000000001959,0.050954282436619924,0.0023698123016422036,0.009507551582043907,0.010692848309353603,0.0,0.010296010296010296,0.007722007722007722,1.0926640926640927,1.715901948460088,fing_x_face,8,0.01,face_C>ri_V>face_G,3,MAXMONO-K3,GP,main,0.025487661361694336,0.011313639220615965,0.003861003861003861,0.013109454969920087,0.007722007722007722
True,,,,,,0.009999095104515429,0.01937984496124031,0.006375145910029631,0.015444015444015444,1.420849420849421,2.2089581275627785,fing_x_face,8,0.01,face_C>ri_V>face_G,3,S1-Marcialis,rule,main,0.004624366760253906,,,,
True,,,,,,0.009999095104515429,0.01937984496124031,0.006375145910029631,0.015444015444015444,1.420849420849421,2.2089581275627785,fing_x_face,8,0.01,face_C>ri_V>face_G,3,S2-Symmetric,rule,main,0.03697347640991211,,,,
False,,,,,,,,,,,,fing_x_face,8,0.01,face_C>ri_V>face_G,3,S4-Direct,rule,main,4.291534423828125e-06,,,,
True,0.08921327588241289,0.010000000000002961,0.08381737204994416,0.020976548070074427,0.008412474470693215,0.010647603535125026,0.01937984496124031,0.011882314207895603,0.03088803088803089,1.0772200772200773,1.0981413306994703,fing_x_face,8,0.01,face_C>ri_V>li_V,3,HYP,GP,main,0.023802757263183594,0.013932537188351142,0.03088803088803089,0.015429050312771243,0.02702702702702703
True,0.040675331967012646,0.010000000000000618,0.03877259038935074,0.0008804256229011282,0.00920097118616522,0.009546647362229663,0.0,0.010625243183382718,0.011583011583011582,1.0926640926640927,2.1927059950315764,fing_x_face,8,0.01,face_C>ri_V>li_V,3,MONO,GP,main,0.038315534591674805,0.011762593157941995,0.007722007722007722,0.013408757594804106,0.011583011583011582
True,0.020315405662586435,0.010000000000001417,0.01954757446792297,0.0008364043417560719,0.00940634678962557,0.009803034416191597,0.0,0.01138846487683697,0.011583011583011582,1.0965250965250966,2.192676064769088,fing_x_face,8,0.01,face_C>ri_V>li_V,3,MONO-rel,GP,main,0.023437976837158203,0.01225644248900063,0.007722007722007722,0.013663164825955523,0.011583011583011582
True,0.04331645788212878,0.01000000000000012,0.04121159169394078,0.0008804256229011282,0.009426433722810877,0.009772871233372546,0.0,0.010759929364580527,0.011583011583011582,1.0926640926640927,2.192436622669181,fing_x_face,8,0.01,face_C>ri_V>li_V,3,LR-P1-N2,GP,main,0.02881312370300293,0.011897279339139805,0.007722007722007722,0.013528478644757714,0.011583011583011582
True,0.020451983441892346,0.010000000000296194,0.01967044242698388,0.0008364043417560719,0.00986079141638653,0.01033089011552499,0.0,0.012091826045314417,0.011583011583011582,1.0965250965250966,2.192676064769088,fing_x_face,8,0.01,face_C>ri_V>li_V,3,LR-P1-N2-rel,GP,main,0.029872894287109375,0.012974768788722278,0.007722007722007722,0.014441351650653977,0.011583011583011582
True,0.07158569085362695,0.010000000001058882,0.06837650142415697,0.0008364043417560719,0.009623717558457206,0.010089584652972581,0.0,0.011448325401813774,0.011583011583011582,1.0965250965250966,2.193065158181437,fing_x_face,8,0.01,face_C>ri_V>li_V,3,LR-P2-N2,GP,main,0.029456615447998047,0.012436024063931041,0.007722007722007722,0.014007362844572147,0.011583011583011582
True,0.019285710069487382,0.010000000000000342,0.018497900634160836,0.0008762331199349325,0.009081255150677177,0.009576810545048714,0.0,0.011134057645685553,0.011583011583011582,1.1003861003861004,2.1944868456496365,fing_x_face,8,0.01,face_C>ri_V>li_V,3,LR-P2-N2-rel,GP,main,0.017194509506225586,0.012241477357756428,0.011583011583011582,0.013363862201071504,0.015444015444015444
True,0.04325898844383439,0.010000000000002198,0.0411820357458995,0.0008804256229011282,0.009396372051258168,0.009742708050553495,0.0,0.010744964233336327,0.011583011583011582,1.0926640926640927,2.1924665529316694,fing_x_face,8,0.01,face_C>ri_V>li_V,3,LR-P1-N3,GP,main,0.021971702575683594,0.011882314207895603,0.007722007722007722,0.013513513513513514,0.011583011583011582
True,0.03552620374651088,0.010000000000003983,0.033920366828739966,0.0008364043417560719,0.00957456383765001,0.009968931921696378,0.0,0.011149022776929753,0.011583011583011582,1.0926640926640927,2.1922570410942503,fing_x_face,8,0.01,face_C>ri_V>li_V,3,NLS-N2,GP,main,0.02734088897705078,0.012346233276465834,0.007722007722007722,0.013932537188351142,0.011583011583011582
True,0.043141126165489374,0.01000000000000298,0.04107225354131388,0.0008804256229011282,0.009381341215481702,0.009727626459143969,0.0,0.010744964233336327,0.011583011583011582,1.0926640926640927,2.1924665529316694,fing_x_face,8,0.01,face_C>ri_V>li_V,3,DE-N2,GP,main,0.025632143020629883,0.011867349076651401,0.007722007722007722,0.013498548382269313,0.011583011583011582
True,0.054765232381400984,0.010000000000005005,0.05088131065697944,0.00370145605628016,0.009294246317402591,0.010677766717944077,0.0,0.011837418814163,0.007722007722007722,1.0926640926640927,1.6379336146778007,fing_x_face,8,0.01,face_C>ri_V>li_V,3,MAXMONO-K3,GP,main,0.03749251365661621,0.013498548382269313,0.003861003861003861,0.015069887162910418,0.007722007722007722
True,,,,,,0.008189304135372364,0.011627906976744186,0.012106791176558619,0.02702702702702703,1.420849420849421,2.2089581275627785,fing_x_face,8,0.01,face_C>ri_V>li_V,3,S1-Marcialis,rule,main,0.004714488983154297,,,,
True,,,,,,0.008189304135372364,0.011627906976744186,0.012106791176558619,0.02702702702702703,1.420849420849421,2.2089581275627785,fing_x_face,8,0.01,face_C>ri_V>li_V,3,S2-Symmetric,rule,main,0.04305720329284668,,,,
False,,,,,,,,,,,,fing_x_face,8,0.01,face_C>ri_V>li_V,3,S4-Direct,rule,main,5.4836273193359375e-06,,,,
True,0.16702632078792015,0.01000000000000155,0.1550078011772544,0.05213988845147108,0.009529737558220584,0.01654450577624951,0.05426356589147287,0.013693095088443926,0.05405405405405406,1.1196911196911197,1.0934871748825237,fing_x_face,8,0.01,face_G>face_C>li_V,3,HYP,GP,main,0.015340805053710938,0.0147705845380264,0.05791505791505792,0.015503875968992248,0.05405405405405406
True,0.07007725370954249,0.010000000000001407,0.06620008365729643,0.0021884865483542326,0.009765541660228907,0.009727626459143969,0.003875968992248062,0.008425368890485169,0.011583011583011582,1.223938223938224,2.345529915297357,fing_x_face,8,0.01,face_G>face_C>li_V,3,MONO,GP,main,0.02482295036315918,0.00917362545269522,0.007722007722007722,0.010430696477208104,0.011583011583011582
True,0.028719965654023294,0.010000000000004951,0.027555556151072674,0.005856926643775601,0.009808412281654855,0.009772871233372546,0.007751937984496124,0.008530124809194576,0.011583011583011582,1.22007722007722,2.345739427134776,fing_x_face,8,0.01,face_G>face_C>li_V,3,MONO-rel,GP,main,0.02119278907775879,0.009442997815090838,0.007722007722007722,0.010759929364580527,0.011583011583011582
True,0.06813476851199682,0.01000000000002896,0.06416619041176166,0.0021884865483542326,0.009550706132780338,0.009410913039543932,0.003875968992248062,0.007751937984496124,0.011583011583011582,1.223938223938224,2.3453802639849153,fing_x_face,8,0.01,face_G>face_C>li_V,3,LR-P1-N2,GP,main,0.025198936462402344,0.008604950465415581,0.007722007722007722,0.009862021489928466,0.011583011583011582
True,0.028450184732659436,0.010000000000005173,0.02728281933452511,0.005856926643775601,0.009769980781764878,0.009727626459143969,0.007751937984496124,0.008530124809194576,0.011583011583011582,1.22007722007722,2.345739427134776,fing_x_face,8,0.01,face_G>face_C>li_V,3,LR-P1-N2-rel,GP,main,0.01920175552368164,0.009428032683846637,0.007722007722007722,0.010744964233336327,0.011583011583011582
True,0.1005777966100306,0.010000000000034395,0.09210434371232026,0.0023394166551372834,0.00966794392389958,0.009637136910686815,0.003875968992248062,0.00797641495315914,0.011583011583011582,1.2277992277992278,2.3456496363473107,fing_x_face,8,0.01,face_G>face_C>li_V,3,LR-P2-N2,GP,main,0.0330045223236084,0.008754601777857592,0.007722007722007722,0.009667474783753854,0.011583011583011582
True,0.027725664025651787,0.010000000000006568,0.02647901402549924,0.0020627114593683576,0.009812247452267364,0.0099236871474678,0.003875968992248062,0.009009009009009009,0.011583011583011582,1.2393822393822393,2.3465475442219628,fing_x_face,8,0.01,face_G>face_C>li_V,3,LR-P2-N2-rel,GP,main,0.03953218460083008,0.010116428721079884,0.007722007722007722,0.011253778695639162,0.011583011583011582
True,0.06813479072235423,0.010000000000021898,0.06416619946058053,0.0021884865483542326,0.009550706132780338,0.009410913039543932,0.003875968992248062,0.007751937984496124,0.011583011583011582,1.223938223938224,2.3453802639849153,fing_x_face,8,0.01,face_G>face_C>li_V,3,LR-P1-N3,GP,main,0.02224254608154297,0.008604950465415581,0.007722007722007722,0.009862021489928466,0.011583011583011582
True,0.0598290702119434,0.010000000000000004,0.05677609211247635,0.0021884865483542326,0.009739475632916118,0.009727626459143969,0.003875968992248062,0.008350543234264164,0.011583011583011582,1.223938223938224,2.3457094968722876,fing_x_face,8,0.01,face_G>face_C>li_V,3,NLS-N2,GP,main,0.02028632164001465,0.009188590583939421,0.007722007722007722,0.010415731345963904,0.011583011583011582
True,0.06764207241642321,0.010000000004104117,0.06370809298279849,0.0021884865483542326,0.009935642541003733,0.00989352396464875,0.003875968992248062,0.008395438627996767,0.011583011583011582,1.223938223938224,2.3453802639849153,fing_x_face,8,0.01,face_G>face_C>li_V,3,DE-N2,GP,main,0.04075312614440918,0.009188590583939421,0.007722007722007722,0.010430696477208104,0.011583011583011582
True,0.10640333824907705,0.010000000000003194,0.09659044428970423,0.0048926509615505554,0.009501060482550618,0.009938768738877326,0.01937984496124031,0.00829068270928736,0.02702702702702703,1.2046332046332047,1.8930591721289396,fing_x_face,8,0.01,face_G>face_C>li_V,3,MAXMONO-K3,GP,main,0.07445502281188965,0.009368172158869833,0.02702702702702703,0.010595312920894316,0.02702702702702703
True,,,,,,0.007555877296172292,0.011627906976744186,0.010460626739696508,0.023166023166023165,1.6447876447876448,2.3550776690311572,fing_x_face,8,0.01,face_G>face_C>li_V,3,S1-Marcialis,rule,main,0.011981964111328125,,,,
True,,,,,,0.007555877296172292,0.011627906976744186,0.010460626739696508,0.023166023166023165,1.6447876447876448,2.3550776690311572,fing_x_face,8,0.01,face_G>face_C>li_V,3,S2-Symmetric,rule,main,0.06593012809753418,,,,
False,,,,,,,,,,,,fing_x_face,8,0.01,face_G>face_C>li_V,3,S4-Direct,rule,main,5.7220458984375e-06,,,,
True,0.13108731990668032,0.010000000000002073,0.12430511829669894,0.04417850000628875,0.00972264772422955,0.016242873948059,0.046511627906976744,0.012750291820059262,0.04247104247104247,1.1467181467181466,1.1263057077010565,fing_x_face,8,0.01,face_G>face_C>ri_V,3,HYP,GP,main,0.017624378204345703,0.013648199694711323,0.05019305019305019,0.014591002963095987,0.05019305019305019
True,0.06887891338286861,0.010000000000008068,0.06561621443042157,0.0012346921235446777,0.009909747686083012,0.010044339878744006,0.003875968992248062,0.007587321540809913,0.007722007722007722,1.2277992277992278,2.3456197060848223,fing_x_face,8,0.01,face_G>face_C>ri_V,3,MONO,GP,main,0.01983952522277832,0.00829068270928736,0.003861003861003861,0.00915866032145102,0.007722007722007722
True,0.02795981853089919,0.010000000003609108,0.027024275530386437,0.0011871188607199274,0.009930670650481869,0.010119747835791632,0.003875968992248062,0.008245787315554757,0.007722007722007722,1.2316602316602316,2.346472718565742,fing_x_face,8,0.01,face_G>face_C>ri_V,3,MONO-rel,GP,main,0.02727532386779785,0.008949148484032205,0.003861003861003861,0.01007153332734728,0.007722007722007722
True,0.06689913998071462,0.010000000000728213,0.06357635805220907,0.0012635738106451376,0.009613227804882654,0.009712544867734443,0.003875968992248062,0.007183262997216486,0.007722007722007722,1.2316602316602316,2.345230612672473,fing_x_face,8,0.01,face_G>face_C>ri_V,3,LR-P1-N2,GP,main,0.028439044952392578,0.007677112328275119,0.003861003861003861,0.008694741252880788,0.007722007722007722
True,0.027615316342296168,0.010000000000007243,0.02669085692466066,0.0011550345671869564,0.00940103472949256,0.009576810545048714,0.003875968992248062,0.007497530753344707,0.007722007722007722,1.2316602316602316,2.3464577534344975,fing_x_face,8,0.01,face_G>face_C>ri_V,3,LR-P1-N2-rel,GP,main,0.06867241859436035,0.008215857053066355,0.003861003861003861,0.009233485977672025,0.007722007722007722
True,0.09881083396314344,0.010000000000003229,0.09143857604163855,0.0012413302532411543,0.00989180022520365,0.010104666244382107,0.003875968992248062,0.007557391278321511,0.007722007722007722,1.2316602316602316,2.3451857172787407,fing_x_face,8,0.01,face_G>face_C>ri_V,3,LR-P2-N2,GP,main,0.03800034523010254,0.008066205740624345,0.003861003861003861,0.008859357696566999,0.007722007722007722
True,0.026288455492370272,0.01000000000000513,0.02535607628770516,0.0013154560348518115,0.009674772173303843,0.009908605556058275,0.003875968992248062,0.00799138008440334,0.007722007722007722,1.2432432432432432,2.347146149471731,fing_x_face,8,0.01,face_G>face_C>ri_V,3,LR-P2-N2-rel,GP,main,0.03631305694580078,0.008859357696566999,0.003861003861003861,0.009996707671126277,0.007722007722007722
True,0.06690409243080701,0.010000000000024553,0.06357917642576662,0.0012635738106451376,0.009613227804882654,0.009712544867734443,0.003875968992248062,0.007183262997216486,0.007722007722007722,1.2316602316602316,2.345230612672473,fing_x_face,8,0.01,face_G>face_C>ri_V,3,LR-P1-N3,GP,main,0.06999015808105469,0.007677112328275119,0.003861003861003861,0.008694741252880788,0.007722007722007722
True,0.058749025837437394,0.010000000000008896,0.05620188361916353,0.001194863345365817,0.009834077245752878,0.009984013513105903,0.003875968992248062,0.007617251803298315,0.007722007722007722,1.2316602316602316,2.345739427134776,fing_x_face,8,0.01,face_G>face_C>ri_V,3,NLS-N2,GP,main,0.045178890228271484,0.008365508365508366,0.003861003861003861,0.00930831163389303,0.007722007722007722
True,0.06641126406121516,0.010000000000000368,0.06311604654694854,0.0012635738106451376,0.009613227804882654,0.009712544867734443,0.003875968992248062,0.007183262997216486,0.007722007722007722,1.2316602316602316,2.345230612672473,fing_x_face,8,0.01,face_G>face_C>ri_V,3,DE-N2,GP,main,0.054459333419799805,0.007677112328275119,0.003861003861003861,0.008694741252880788,0.007722007722007722
True,0.10255736850238817,0.010000000000000573,0.09459047285882795,0.002844613262563883,0.009719974604878692,0.010044339878744006,0.003875968992248062,0.008410403759240969,0.015444015444015444,1.2123552123552124,1.9390021250486367,fing_x_face,8,0.01,face_G>face_C>ri_V,3,MAXMONO-K3,GP,main,0.042903900146484375,0.009113764927718416,0.019305019305019305,0.010355870820987101,0.019305019305019305
True,,,,,,0.00830995686664857,0.003875968992248062,0.008066205740624345,0.007722007722007722,1.6447876447876448,2.3550776690311572,fing_x_face,8,0.01,face_G>face_C>ri_V,3,S1-Marcialis,rule,main,0.0040662288665771484,,,,
True,,,,,,0.00830995686664857,0.003875968992248062,0.008066205740624345,0.007722007722007722,1.6447876447876448,2.3550776690311572,fing_x_face,8,0.01,face_G>face_C>ri_V,3,S2-Symmetric,rule,main,0.07357978820800781,,,,
False,,,,,,,,,,,,fing_x_face,8,0.01,face_G>face_C>ri_V,3,S4-Direct,rule,main,5.4836273193359375e-06,,,,
True,0.24449881582026103,0.0100000000000056,0.22625374343117727,0.05773169751184266,0.009246248823571916,0.012985250203601485,0.05813953488372093,0.010101463589835684,0.0694980694980695,1.084942084942085,1.0621801203196553,fing_x_face,8,0.01,face_G>li_V>face_C,3,HYP,GP,main,0.04108691215515137,0.011612941845499986,0.06177606177606178,0.012076860914070217,0.06563706563706563
True,0.0747156144394399,0.010000000000001648,0.0686848126885412,0.0021276952553443934,0.009727484451238498,0.00932042349108678,0.003875968992248062,0.007961449821914938,0.007722007722007722,1.16988416988417,2.5228816856723832,fing_x_face,8,0.01,face_G>li_V>face_C,3,MONO,GP,main,0.05556130409240723,0.008814462302834395,0.007722007722007722,0.009921882014905271,0.007722007722007722
True,0.034110860863342606,0.01000000000000172,0.03151123212615362,0.0020669039623345538,0.009893673801121012,0.009501402588001086,0.003875968992248062,0.008170961659333752,0.007722007722007722,1.16988416988417,2.5227320343599415,fing_x_face,8,0.01,face_G>li_V>face_C,3,MONO-rel,GP,main,0.040348052978515625,0.008994043877764807,0.007722007722007722,0.010146358983568285,0.007722007722007722
True,0.07347471240084079,0.010000000000002474,0.06703743842523677,0.002138176512759883,0.009921200363511294,0.009501402588001086,0.003875968992248062,0.00797641495315914,0.007722007722007722,1.16988416988417,2.52247762712879,fing_x_face,8,0.01,face_G>li_V>face_C,3,LR-P1-N2,GP,main,0.04255342483520508,0.008859357696566999,0.007722007722007722,0.00974230043997486,0.007722007722007722
True,0.03368566474687753,0.010000000000006257,0.03114874656304034,0.005882081661572776,0.009863563593270702,0.009471239405182035,0.007751937984496124,0.008155996528089552,0.007722007722007722,1.16988416988417,2.5227320343599415,fing_x_face,8,0.01,face_G>li_V>face_C,3,LR-P1-N2-rel,GP,main,0.04644656181335449,0.008979078746520607,0.007722007722007722,0.010116428721079884,0.007722007722007722
True,0.1007105359308446,0.010000000000003388,0.09202624151213022,0.002188486548354233,0.009751913392193232,0.009395831448134407,0.003875968992248062,0.008260752446798959,0.007722007722007722,1.16988416988417,2.5228068600161624,fing_x_face,8,0.01,face_G>li_V>face_C,3,LR-P2-N2,GP,main,0.019988536834716797,0.009218520846427823,0.007722007722007722,0.010355870820987101,0.007722007722007722
True,0.03268125514072385,0.010000000000002163,0.030349425052351546,0.0048800734526519675,0.00935564459774204,0.009169607576991524,0.003875968992248062,0.008515159677950376,0.007722007722007722,1.1737451737451738,2.2587620843434797,fing_x_face,8,0.01,face_G>li_V>face_C,3,LR-P2-N2-rel,GP,main,0.02477431297302246,0.009532788602556044,0.007722007722007722,0.010700068839603723,0.007722007722007722
True,0.07347481370546305,0.010000000000002465,0.06703748986207002,0.002138176512759883,0.009921200363511294,0.009501402588001086,0.003875968992248062,0.00797641495315914,0.007722007722007722,1.16988416988417,2.52247762712879,fing_x_face,8,0.01,face_G>li_V>face_C,3,LR-P1-N3,GP,main,0.041538238525390625,0.008859357696566999,0.007722007722007722,0.00974230043997486,0.007722007722007722
True,0.06452953205699541,0.010000000000009756,0.05949781878898635,0.0020669039623345538,0.009742514416035953,0.009335505082496306,0.003875968992248062,0.00797641495315914,0.007722007722007722,1.16988416988417,2.522851755409895,fing_x_face,8,0.01,face_G>li_V>face_C,3,NLS-N2,GP,main,0.09075164794921875,0.008829427434078597,0.007722007722007722,0.009951812277393673,0.007722007722007722
True,0.0728204224988419,0.010000000000051136,0.06650533317688415,0.002138176512759883,0.009891135040489671,0.009471239405182035,0.003875968992248062,0.007961449821914938,0.007722007722007722,1.16988416988417,2.5225075573912785,fing_x_face,8,0.01,face_G>li_V>face_C,3,DE-N2,GP,main,0.06637215614318848,0.008859357696566999,0.007722007722007722,0.00974230043997486,0.007722007722007722
True,0.10722761154182145,0.010000000000009304,0.09625668675009517,0.009247613417686495,0.009544269145184742,0.009818116007601123,0.007751937984496124,0.008425368890485169,0.015444015444015444,1.1583011583011582,1.8984765496393403,fing_x_face,8,0.01,face_G>li_V>face_C,3,MAXMONO-K3,GP,main,0.09611010551452637,0.009442997815090838,0.015444015444015444,0.010789859627068929,0.015444015444015444
True,,,,,,0.009999095104515429,0.015503875968992248,0.012046930651581814,0.015444015444015444,1.4787644787644787,2.5318009038939273,fing_x_face,8,0.01,face_G>li_V>face_C,3,S1-Marcialis,rule,main,0.0034945011138916016,,,,
True,,,,,,0.009999095104515429,0.015503875968992248,0.012046930651581814,0.015444015444015444,1.4787644787644787,2.5318009038939273,fing_x_face,8,0.01,face_G>li_V>face_C,3,S2-Symmetric,rule,main,0.05948019027709961,,,,
False,,,,,,,,,,,,fing_x_face,8,0.01,face_G>li_V>face_C,3,S4-Direct,rule,main,4.5299530029296875e-06,,,,
True,0.2808952369491903,0.010000000000000698,0.25626922610616504,0.06509908980760604,0.009450624144165566,0.010677766717944077,0.06589147286821706,0.007722007722007722,0.06563706563706563,1.0810810810810811,1.052108586992308,fing_x_face,8,0.01,face_G>li_V>ri_V,3,HYP,GP,main,0.014218568801879883,0.00857502020292718,0.07335907335907337,0.009637544521265452,0.0694980694980695
True,0.07352769563997923,0.010000000000013158,0.06809858647404948,0.0014967235589319183,0.009523470843089249,0.009712544867734443,0.0,0.007138367603483882,0.007722007722007722,1.16988416988417,2.5219239172727543,fing_x_face,8,0.01,face_G>li_V>ri_V,3,MONO,GP,main,0.03717970848083496,0.007781868246984526,0.007722007722007722,0.008649845859148185,0.007722007722007722
True,0.03352399909592479,0.010000000000002953,0.03109782949841056,0.0014254510085065888,0.009593981429962055,0.009878442373239224,0.0,0.0073029840471700936,0.007722007722007722,1.16988416988417,2.522163359372662,fing_x_face,8,0.01,face_G>li_V>ri_V,3,MONO-rel,GP,main,0.023147106170654297,0.008051240609380145,0.007722007722007722,0.008949148484032205,0.007722007722007722
True,0.07218638536618036,0.010000000000000502,0.06643018403782963,0.0014967235589319183,0.009603283055279632,0.009803034416191597,0.0,0.006898925503576667,0.007722007722007722,1.1583011583011582,2.5219089521415103,fing_x_face,8,0.01,face_G>li_V>ri_V,3,LR-P1-N2,GP,main,0.031894683837890625,0.00754242614707731,0.007722007722007722,0.008230822184310557,0.007722007722007722
True,0.03306710660936726,0.010000000000126623,0.030708889735003173,0.0014254510085065888,0.009563899156171224,0.009848279190420172,0.0,0.0072131932597048875,0.007722007722007722,1.16988416988417,2.522327975816348,fing_x_face,8,0.01,face_G>li_V>ri_V,3,LR-P1-N2-rel,GP,main,0.07863926887512207,0.008051240609380145,0.007722007722007722,0.008904253090299602,0.007722007722007722
True,0.0984552799197434,0.010000000000002446,0.09117520945943611,0.0014254510085065888,0.009639104840648414,0.0099236871474678,0.0,0.007317949178414294,0.007722007722007722,1.16988416988417,2.5221334291101734,fing_x_face,8,0.01,face_G>li_V>ri_V,3,LR-P2-N2,GP,main,0.0429379940032959,0.008066205740624345,0.007722007722007722,0.008964113615276405,0.007722007722007722
True,0.03196996256376177,0.01000000000000036,0.02978456370498886,0.0014338360144389804,0.009638419259278838,0.009999095104515429,0.0,0.007796833378228727,0.007722007722007722,1.1737451737451738,2.5230911975098023,fing_x_face,8,0.01,face_G>li_V>ri_V,3,LR-P2-N2-rel,GP,main,0.03345227241516113,0.008994043877764807,0.007722007722007722,0.009607614258777049,0.007722007722007722
True,0.07219244456428803,0.010000000000002073,0.06643240364682831,0.0014967235589319183,0.009603283055279632,0.009803034416191597,0.0,0.006898925503576667,0.007722007722007722,1.1583011583011582,2.5219089521415103,fing_x_face,8,0.01,face_G>li_V>ri_V,3,LR-P1-N3,GP,main,0.03744649887084961,0.00754242614707731,0.007722007722007722,0.008230822184310557,0.007722007722007722
True,0.06350902068226257,0.010000000000020779,0.05894654472666582,0.0014254510085065888,0.00984968075718457,0.010134829427201158,0.0,0.0074077399658795005,0.007722007722007722,1.16988416988417,2.5219538475352428,fing_x_face,8,0.01,face_G>li_V>ri_V,3,NLS-N2,GP,main,0.040198326110839844,0.008245787315554757,0.007722007722007722,0.009143695190206818,0.007722007722007722
True,0.07154218339694586,0.010000000000000555,0.06589628964432762,0.0014967235589319183,0.009573176532721614,0.009772871233372546,0.0,0.006898925503576667,0.007722007722007722,1.162162162162162,2.5219089521415103,fing_x_face,8,0.01,face_G>li_V>ri_V,3,DE-N2,GP,main,0.037442922592163086,0.00754242614707731,0.007722007722007722,0.008215857053066355,0.007722007722007722
True,0.10638895886135333,0.010000000000001097,0.09590405730170871,0.010595852496565642,0.009005038577740966,0.009908605556058275,0.007751937984496124,0.008006345215647541,0.011583011583011582,1.1583011583011582,1.8764029810541438,fing_x_face,8,0.01,face_G>li_V>ri_V,3,MAXMONO-K3,GP,main,0.12201929092407227,0.009398102421358235,0.011583011583011582,0.01022118463978929,0.011583011583011582
True,,,,,,0.008159140952553313,0.01937984496124031,0.007722007722007722,0.015444015444015444,1.4787644787644787,2.5318009038939273,fing_x_face,8,0.01,face_G>li_V>ri_V,3,S1-Marcialis,rule,main,0.00705718994140625,,,,
True,,,,,,0.008159140952553313,0.01937984496124031,0.007722007722007722,0.015444015444015444,1.4787644787644787,2.5318009038939273,fing_x_face,8,0.01,face_G>li_V>ri_V,3,S2-Symmetric,rule,main,0.052521467208862305,,,,
False,,,,,,,,,,,,fing_x_face,8,0.01,face_G>li_V>ri_V,3,S4-Direct,rule,main,4.76837158203125e-06,,,,
True,0.1506011538855888,0.010000000000000795,0.14278949077172753,0.04863559649301785,0.00962741773687313,0.013558350677163454,0.046511627906976744,0.009383137290114035,0.05019305019305019,1.0926640926640927,1.0981114004369819,fing_x_face,8,0.01,face_G>ri_V>face_C,3,HYP,GP,main,0.014209985733032227,0.010625243183382718,0.04633204633204633,0.01155308132052318,0.04633204633204633
True,0.06817310176178856,0.010000000000012776,0.06510213858206418,0.0012158258601967962,0.009949084987398323,0.009908605556058275,0.003875968992248062,0.007587321540809913,0.003861003861003861,1.1583011583011582,2.5963155846876775,fing_x_face,8,0.01,face_G>ri_V>face_C,3,MONO,GP,main,0.026315927505493164,0.00829068270928736,0.003861003861003861,0.009532788602556044,0.003861003861003861
True,0.02826147069007129,0.010000000000000883,0.027218093078259214,0.00179404189428464,0.009247716753143533,0.00935058667390583,0.003875968992248062,0.0070186465535302745,0.003861003861003861,1.162162162162162,2.492397713327946,fing_x_face,8,0.01,face_G>ri_V>face_C,3,MONO-rel,GP,main,0.023158788681030273,0.008036275478135943,0.003861003861003861,0.009128730058962618,0.003861003861003861
True,0.06616368063150647,0.010000000000002545,0.06301777967082223,0.0013206384343516925,0.00961272090340955,0.009501402588001086,0.003875968992248062,0.007288018915925893,0.003861003861003861,1.1544401544401544,2.596270689293945,fing_x_face,8,0.01,face_G>ri_V>face_C,3,LR-P1-N2,GP,main,0.02172398567199707,0.007766903115740325,0.003861003861003861,0.0088892879590554,0.003861003861003861
True,0.027931810917927482,0.010000000000000066,0.026893941105633246,0.0017900823081498998,0.009238722803964382,0.009335505082496306,0.003875968992248062,0.007048576816018676,0.003861003861003861,1.162162162162162,2.49223309688426,fing_x_face,8,0.01,face_G>ri_V>face_C,3,LR-P1-N2-rel,GP,main,0.02153778076171875,0.008006345215647541,0.003861003861003861,0.009113764927718416,0.003861003861003861
True,0.09278065758869544,0.010000000000781557,0.08833499474949068,0.0012577508898587546,0.009476775534840668,0.009425994630953458,0.003875968992248062,0.007048576816018676,0.003861003861003861,1.1583011583011582,2.597078806381132,fing_x_face,8,0.01,face_G>ri_V>face_C,3,LR-P2-N2,GP,main,0.02060556411743164,0.007826763640717129,0.003861003861003861,0.0088743228278112,0.003861003861003861
True,0.026560204565451516,0.010000000000009189,0.025522728478094343,0.0016138807251539463,0.009115966153412789,0.009410913039543932,0.003875968992248062,0.007467600490856305,0.0,1.162162162162162,2.2149741103229474,fing_x_face,8,0.01,face_G>ri_V>face_C,3,LR-P2-N2-rel,GP,main,0.01812005043029785,0.008335578103019964,0.003861003861003861,0.009577683996288647,0.003861003861003861
True,0.06607689116891911,0.010000000000000075,0.06297325714582061,0.0013206384343516925,0.009594782604229832,0.009471239405182035,0.003875968992248062,0.007273053784681692,0.003861003861003861,1.1544401544401544,2.596285654425189,fing_x_face,8,0.01,face_G>ri_V>face_C,3,LR-P1-N3,GP,main,0.03469586372375488,0.007766903115740325,0.003861003861003861,0.008859357696566999,0.003861003861003861
True,0.05845309745669669,0.01000000000000108,0.05592262708239615,0.0012158258601967962,0.009868200827259348,0.009833197599010647,0.003875968992248062,0.007497530753344707,0.003861003861003861,1.1583011583011582,2.596555026787585,fing_x_face,8,0.01,face_G>ri_V>face_C,3,NLS-N2,GP,main,0.023154258728027344,0.008245787315554757,0.003861003861003861,0.00947292807757924,0.003861003861003861
True,0.06559302345213892,0.010000000012928391,0.06251361989699004,0.0013206384343516925,0.009609808526310574,0.00948632099659156,0.003875968992248062,0.007288018915925893,0.003861003861003861,1.1544401544401544,2.596270689293945,fing_x_face,8,0.01,face_G>ri_V>face_C,3,DE-N2,GP,main,0.022047758102416992,0.007796833378228727,0.003861003861003861,0.0088892879590554,0.003861003861003861
True,0.09778444602404311,0.01000000000000314,0.09144675140161235,0.004703988328071742,0.009419989713462069,0.010134829427201158,0.0,0.007258088653437491,0.003861003861003861,1.1505791505791505,1.8852324084882224,fing_x_face,8,0.01,face_G>ri_V>face_C,3,MAXMONO-K3,GP,main,0.02842998504638672,0.008335578103019964,0.003861003861003861,0.009502858340067642,0.003861003861003861
True,,,,,,0.009999095104515429,0.015503875968992248,0.010894615545778337,0.007722007722007722,1.4555984555984556,2.6046212325282094,fing_x_face,8,0.01,face_G>ri_V>face_C,3,S1-Marcialis,rule,main,0.003537893295288086,,,,
True,,,,,,0.009999095104515429,0.015503875968992248,0.010894615545778337,0.007722007722007722,1.4555984555984556,2.6046212325282094,fing_x_face,8,0.01,face_G>ri_V>face_C,3,S2-Symmetric,rule,main,0.04279041290283203,,,,
False,,,,,,,,,,,,fing_x_face,8,0.01,face_G>ri_V>face_C,3,S4-Direct,rule,main,3.814697265625e-06,,,,
True,0.22045509721177714,0.010000000000000609,0.20184146320052876,0.056172319325249256,0.00933240255856203,0.01046662443821072,0.05426356589147287,0.007273053784681692,0.05405405405405406,1.0888030888030888,1.0607733979827003,fing_x_face,8,0.01,face_G>ri_V>li_V,3,HYP,GP,main,0.013576745986938477,0.008320612971775762,0.05791505791505792,0.00903893927149741,0.06177606177606178
True,0.06829470870163576,0.01000000000000813,0.06509243108261663,0.0015093010678305055,0.009528072045063948,0.009637136910686815,0.0,0.007362844572146898,0.007722007722007722,1.1544401544401544,2.5957768399628867,fing_x_face,8,0.01,face_G>ri_V>li_V,3,MONO,GP,main,0.020136117935180664,0.008380473496752567,0.007722007722007722,0.00915866032145102,0.007722007722007722
True,0.028447403880215525,0.010000000000031685,0.027288949091774168,0.0014338360144389804,0.00957157184362815,0.009727626459143969,0.0,0.007587321540809913,0.007722007722007722,1.1583011583011582,2.5960013169315497,fing_x_face,8,0.01,face_G>ri_V>li_V,3,MONO-rel,GP,main,0.01829051971435547,0.008799497171590195,0.007722007722007722,0.009338241896381431,0.007722007722007722
True,0.06622820686108724,0.010000000000001088,0.06296974611778973,0.0014254510085065886,0.009516692720475483,0.009606973727867764,0.0,0.007168297865972285,0.007722007722007722,1.1544401544401544,2.594998653138188,fing_x_face,8,0.01,face_G>ri_V>li_V,3,LR-P1-N2,GP,main,0.0200808048248291,0.00797641495315914,0.007722007722007722,0.008784532040345993,0.007722007722007722
True,0.028181336570494805,0.01000000000000265,0.027013524394619157,0.0014338360144389804,0.009601608534440514,0.00975778964196302,0.0,0.007632216934542516,0.007722007722007722,1.1583011583011582,2.5959264912753284,fing_x_face,8,0.01,face_G>ri_V>li_V,3,LR-P1-N2-rel,GP,main,0.01745462417602539,0.008859357696566999,0.007722007722007722,0.009413067552602437,0.007722007722007722
True,0.09236297404377676,0.010000000000627413,0.08813354190043955,0.0015093010678305055,0.009152301150654628,0.009260097125448678,0.0,0.0071084373409954806,0.007722007722007722,1.1583011583011582,2.596255724162701,fing_x_face,8,0.01,face_G>ri_V>li_V,3,LR-P2-N2,GP,main,0.02074456214904785,0.00812606626560115,0.007722007722007722,0.0088892879590554,0.007722007722007722
True,0.027412062459903623,0.010000000000000075,0.026153117602266816,0.002162982155309875,0.008974518351450356,0.009365668265315355,0.0,0.007347879440902697,0.007722007722007722,1.162162162162162,2.3505581993954086,fing_x_face,8,0.01,face_G>ri_V>li_V,3,LR-P2-N2-rel,GP,main,0.019044876098632812,0.008649845859148185,0.007722007722007722,0.009068869533985812,0.007722007722007722
True,0.06614342366284766,0.010000000000010521,0.06292723204952683,0.0014254510085065886,0.009501655015827368,0.009591892136458238,0.0,0.007168297865972285,0.007722007722007722,1.1544401544401544,2.594998653138188,fing_x_face,8,0.01,face_G>ri_V>li_V,3,LR-P1-N3,GP,main,0.023021221160888672,0.007961449821914938,0.007722007722007722,0.008769566909101793,0.007722007722007722
True,0.0586166273532185,0.010000000000008495,0.05594090687840484,0.0015093010678305055,0.009437887030405705,0.009546647362229663,0.0,0.0073029840471700936,0.007722007722007722,1.1544401544401544,2.595881595881596,fing_x_face,8,0.01,face_G>ri_V>li_V,3,NLS-N2,GP,main,0.025907516479492188,0.008350543234264164,0.007722007722007722,0.009128730058962618,0.007722007722007722
True,0.0656640011157919,0.01000000000000632,0.062472032109505964,0.005259494971092692,0.009486573424417864,0.009576810545048714,0.003875968992248062,0.007168297865972285,0.007722007722007722,1.1544401544401544,2.5949687228756995,fing_x_face,8,0.01,face_G>ri_V>li_V,3,DE-N2,GP,main,0.019864320755004883,0.007961449821914938,0.007722007722007722,0.008769566909101793,0.007722007722007722
True,0.09956973633000656,0.01000000000000346,0.09234776747326509,0.006169093427133599,0.009488412472993561,0.010768256266401231,0.0,0.008470264284217772,0.007722007722007722,1.1505791505791505,1.8520247822573404,fing_x_face,8,0.01,face_G>ri_V>li_V,3,MAXMONO-K3,GP,main,0.038330078125,0.010251114902277692,0.007722007722007722,0.01108916225195295,0.007722007722007722
True,,,,,,0.007209000693753205,0.011627906976744186,0.010325940558498697,0.03474903474903475,1.4555984555984556,2.6046212325282094,fing_x_face,8,0.01,face_G>ri_V>li_V,3,S1-Marcialis,rule,main,0.0031189918518066406,,,,
True,,,,,,0.009908605556058275,0.007751937984496124,0.006988716291041873,0.023166023166023165,1.135135135135135,1.9617491245398222,fing_x_face,8,0.01,face_G>ri_V>li_V,3,S2-Symmetric,rule,main,0.04509925842285156,,,,
False,,,,,,,,,,,,fing_x_face,8,0.01,face_G>ri_V>li_V,3,S4-Direct,rule,main,4.0531158447265625e-06,,,,
False,,,,,,,,,,,,fing_x_face,8,0.01,li_V>face_C>face_G,3,HYP,GP,main,0.025187253952026367,,,,
True,0.07177172575635844,0.01000000000005905,0.06764231922846393,0.0020627114593683576,0.009864070543753638,0.010662685126534552,0.003875968992248062,0.011852383945407201,0.011583011583011582,1.1583011583011582,2.377405644847505,fing_x_face,8,0.01,li_V>face_C>face_G,3,MONO,GP,main,0.02842402458190918,0.013857711532130137,0.007722007722007722,0.015039956900422017,0.011583011583011582
True,0.057758687144418175,0.010000000000000174,0.055708479778986214,0.0024274592174273963,0.009092127658639426,0.010421379663982143,0.003875968992248062,0.010310975427254497,0.011583011583011582,1.1814671814671815,2.3754601777857594,fing_x_face,8,0.01,li_V>face_C>face_G,3,MONO-rel,GP,main,0.021907567977905273,0.011702732632965191,0.007722007722007722,0.013274071413606297,0.011583011583011582
True,0.07967890736729753,0.010000000000048827,0.07499051478175305,0.0020627114593683576,0.00887793570845714,0.009787952824782072,0.003875968992248062,0.01007153332734728,0.011583011583011582,1.1737451737451738,2.3807428691149624,fing_x_face,8,0.01,li_V>face_C>face_G,3,LR-P1-N2,GP,main,0.024558544158935547,0.011957139864116608,0.007722007722007722,0.013259106282362097,0.011583011583011582
True,0.05679897295906605,0.010000000000030398,0.054766447561661886,0.002224821574061264,0.009896640728485211,0.0112810303743251,0.003875968992248062,0.01155308132052318,0.011583011583011582,1.1737451737451738,2.3651192720960164,fing_x_face,8,0.01,li_V>face_C>face_G,3,LR-P1-N2-rel,GP,main,0.023570537567138672,0.013333931938583102,0.007722007722007722,0.014815479931759001,0.011583011583011582
True,0.07789522467214795,0.010000000000043818,0.0706620713935027,0.002377615015495957,0.00893673865594831,0.009697463276324918,0.003875968992248062,0.010999371464487744,0.011583011583011582,1.1583011583011582,2.3780940408847386,fing_x_face,8,0.01,li_V>face_C>face_G,3,LR-P2-N2,GP,main,0.022060632705688477,0.012705396426326659,0.007722007722007722,0.013573374038490318,0.011583011583011582
True,0.04800192676137921,0.010000000000001745,0.046061306585739405,0.0022192315701063357,0.009418204969344642,0.012985250203601485,0.003875968992248062,0.013094489838675885,0.011583011583011582,1.1737451737451738,2.1593487174882524,fing_x_face,8,0.01,li_V>face_C>face_G,3,LR-P2-N2-rel,GP,main,0.031981468200683594,0.014740654275537996,0.007722007722007722,0.016057585825027684,0.011583011583011582
True,0.07967954506994432,0.010000000000065054,0.07499111622774315,0.0020627114593683576,0.00887793570845714,0.009787952824782072,0.003875968992248062,0.01007153332734728,0.011583011583011582,1.1737451737451738,2.3807428691149624,fing_x_face,8,0.01,li_V>face_C>face_G,3,LR-P1-N3,GP,main,0.019664764404296875,0.011957139864116608,0.007722007722007722,0.013259106282362097,0.011583011583011582
True,0.06752080439160824,0.010000000000013371,0.0640153447210618,0.0020627114593683576,0.00882763796654575,0.009682381684915392,0.003875968992248062,0.010011672802370477,0.011583011583011582,1.1737451737451738,2.380668043458741,fing_x_face,8,0.01,li_V>face_C>face_G,3,NLS-N2,GP,main,0.019443750381469727,0.011912244470384005,0.007722007722007722,0.013184280626141092,0.011583011583011582
True,0.07853411587634802,0.010000000000056653,0.07391379090509737,0.0020627114593683576,0.008824167036759003,0.009712544867734443,0.003875968992248062,0.010026637933614678,0.011583011583011582,1.1737451737451738,2.380787764508695,fing_x_face,8,0.01,li_V>face_C>face_G,3,DE-N2,GP,main,0.01984095573425293,0.011912244470384005,0.007722007722007722,0.013214210888629493,0.011583011583011582
True,0.08661991377249613,0.010000000000008327,0.07906019918901434,0.017744070053929563,0.008918878379857132,0.011658070159563237,0.01937984496124031,0.013558408907246116,0.03088803088803089,1.135135135135135,1.8521145730448056,fing_x_face,8,0.01,li_V>face_C>face_G,3,MAXMONO-K3,GP,main,0.029675722122192383,0.015324294394061836,0.023166023166023165,0.016850737780970338,0.023166023166023165
True,,,,,,0.009999095104515429,0.01937984496124031,0.006854030109844063,0.023166023166023165,1.4054054054054055,2.3923109155667297,fing_x_face,8,0.01,li_V>face_C>face_G,3,S1-Marcialis,rule,main,0.00386810302734375,,,,
True,,,,,,0.009999095104515429,0.01937984496124031,0.006854030109844063,0.023166023166023165,1.4054054054054055,2.3923109155667297,fing_x_face,8,0.01,li_V>face_C>face_G,3,S2-Symmetric,rule,main,0.032460927963256836,,,,
False,,,,,,,,,,,,fing_x_face,8,0.01,li_V>face_C>face_G,3,S4-Direct,rule,main,5.0067901611328125e-06,,,,
False,,,,,,,,,,,,fing_x_face,8,0.01,li_V>face_C>ri_V,3,HYP,GP,main,0.019579172134399414,,,,
True,0.07016833268512407,0.010000000000004738,0.06694323125609035,0.0010266973930550722,0.008279164502581907,0.008596507103429555,0.0,0.01138846487683697,0.011583011583011582,1.1583011583011582,2.3780042500972733,fing_x_face,8,0.01,li_V>face_C>ri_V,3,MONO,GP,main,0.02119922637939453,0.013304001676094699,0.007722007722007722,0.01375295561342073,0.011583011583011582
True,0.05665804592575123,0.010000000000006986,0.05505340386310517,0.0009558906762926535,0.008483216293517476,0.008943383705848641,0.0,0.011343569483104367,0.011583011583011582,1.1737451737451738,2.380278950046392,fing_x_face,8,0.01,li_V>face_C>ri_V,3,MONO-rel,GP,main,0.05210614204406738,0.01316931549489689,0.007722007722007722,0.013992397713327945,0.011583011583011582
True,0.07806735374640074,0.010000000000009907,0.0743407665250544,0.0010266973930550722,0.008355279635136933,0.008686996651886707,0.0,0.011478255664302175,0.011583011583011582,1.1583011583011582,2.377914459309808,fing_x_face,8,0.01,li_V>face_C>ri_V,3,LR-P1-N2,GP,main,0.02931046485900879,0.013393792463559906,0.007722007722007722,0.013962467450839544,0.011583011583011582
True,0.05566307024172875,0.010000000000006958,0.054079645613647156,0.0009558906762926535,0.008432453032793188,0.008883057340210538,0.0,0.011343569483104367,0.011583011583011582,1.1737451737451738,2.380278950046392,fing_x_face,8,0.01,li_V>face_C>ri_V,3,LR-P1-N2-rel,GP,main,0.03445267677307129,0.013109454969920087,0.007722007722007722,0.013947502319595342,0.011583011583011582
True,0.07531488141278116,0.010000000000001284,0.06972580409902915,0.0010266973930550722,0.009396487433249872,0.009712544867734443,0.0,0.01315435036365269,0.011583011583011582,1.1505791505791505,2.3745922001735957,fing_x_face,8,0.01,li_V>face_C>ri_V,3,LR-P2-N2,GP,main,0.022996187210083008,0.015414085181527043,0.007722007722007722,0.015279399000329232,0.011583011583011582
True,0.04635794587972671,0.010000000000003912,0.04494554726110325,0.0009558906762926535,0.008394380587249877,0.008837812565981963,0.0,0.011298674089371763,0.011583011583011582,1.1737451737451738,2.3803238454401243,fing_x_face,8,0.01,li_V>face_C>ri_V,3,LR-P2-N2-rel,GP,main,0.02459263801574707,0.013109454969920087,0.007722007722007722,0.013887641794618539,0.011583011583011582
True,0.07807134855466918,0.010000000000013007,0.07434309721965096,0.0010266973930550722,0.008355279635136933,0.008686996651886707,0.0,0.011478255664302175,0.011583011583011582,1.1583011583011582,2.377914459309808,fing_x_face,8,0.01,li_V>face_C>ri_V,3,LR-P1-N3,GP,main,0.040691375732421875,0.013393792463559906,0.007722007722007722,0.013962467450839544,0.011583011583011582
True,0.06607808727882858,0.010000000000000661,0.06333491449771068,0.0010266973930550722,0.008431394767691959,0.00877748620034386,0.0,0.011523151058034779,0.011583011583011582,1.1583011583011582,2.3778695639160756,fing_x_face,8,0.01,li_V>face_C>ri_V,3,NLS-N2,GP,main,0.022324085235595703,0.013498548382269313,0.007722007722007722,0.01406722336954895,0.011583011583011582
True,0.07692783563026044,0.01000000000001188,0.07325722141473924,0.0010266973930550722,0.008342593779711019,0.008671915060477181,0.0,0.011448325401813774,0.011583011583011582,1.1583011583011582,2.3779443895722965,fing_x_face,8,0.01,li_V>face_C>ri_V,3,DE-N2,GP,main,0.027189970016479492,0.013363862201071504,0.007722007722007722,0.013887641794618539,0.011583011583011582
True,0.08289381930701033,0.01000000000000511,0.07679121855073569,0.002023581431683863,0.009184764146058236,0.010134829427201158,0.0,0.01285504773876867,0.011583011583011582,1.1544401544401544,1.9949717159019484,fing_x_face,8,0.01,li_V>face_C>ri_V,3,MAXMONO-K3,GP,main,0.04631543159484863,0.01508485229415462,0.007722007722007722,0.01611744635000449,0.011583011583011582
True,,,,,,0.008626670286248604,0.007751937984496124,0.009083834665230014,0.015444015444015444,1.4054054054054055,2.3923109155667297,fing_x_face,8,0.01,li_V>face_C>ri_V,3,S1-Marcialis,rule,main,0.0037488937377929688,,,,
True,,,,,,0.008626670286248604,0.007751937984496124,0.009083834665230014,0.015444015444015444,1.4054054054054055,2.3923109155667297,fing_x_face,8,0.01,li_V>face_C>ri_V,3,S2-Symmetric,rule,main,0.031029701232910156,,,,
False,,,,,,,,,,,,fing_x_face,8,0.01,li_V>face_C>ri_V,3,S4-Direct,rule,main,3.814697265625e-06,,,,
False,,,,,,,,,,,,fing_x_face,8,0.01,li_V>face_G>face_C,3,HYP,GP,main,0.05804443359375,,,,
True,0.07524425612091219,0.010000000000009073,0.06926246445502425,0.017616897463954957,0.008247648932978257,0.008189304135372364,0.01937984496124031,0.01049055700218491,0.03088803088803089,1.1428571428571428,2.2580587231750022,fing_x_face,8,0.01,li_V>face_G>face_C,3,MONO,GP,main,0.06360340118408203,0.012181616832779624,0.023166023166023165,0.013199245757385292,0.023166023166023165
True,0.05895114726278691,0.010000000000003556,0.05644375493226979,0.0020962514830979244,0.009830914390508077,0.009818116007601123,0.003875968992248062,0.010580347789650115,0.011583011583011582,1.1814671814671815,2.5530513902606926,fing_x_face,8,0.01,li_V>face_G>face_C,3,MONO-rel,GP,main,0.022635698318481445,0.012241477357756428,0.007722007722007722,0.013543443776001916,0.011583011583011582
True,0.08259887371864201,0.010000000000038064,0.07623766215802838,0.0023645716729344584,0.009563099074608242,0.009531565770820137,0.003875968992248062,0.011508185926790577,0.011583011583011582,1.166023166023166,2.549938642961899,fing_x_face,8,0.01,li_V>face_G>face_C,3,LR-P1-N2,GP,main,0.04204368591308594,0.013064559576187483,0.007722007722007722,0.01405225823830475,0.011583011583011582
True,0.05794742506855585,0.009999999999999995,0.05549573426535439,0.002180101542421841,0.00976570102621246,0.009727626459143969,0.003875968992248062,0.010580347789650115,0.011583011583011582,1.1814671814671815,2.5530513902606926,fing_x_face,8,0.01,li_V>face_G>face_C,3,LR-P1-N2-rel,GP,main,0.019200801849365234,0.012226512226512226,0.007722007722007722,0.01348358325102511,0.011583011583011582
True,0.08054380060062231,0.010000000000006152,0.07188146961309007,0.017773417574692935,0.007804880207083093,0.0078122643501342265,0.01937984496124031,0.009891951752416868,0.03088803088803089,1.1428571428571428,2.2581485139624675,fing_x_face,8,0.01,li_V>face_G>face_C,3,LR-P2-N2,GP,main,0.029901504516601562,0.011583011583011582,0.023166023166023165,0.012376163538954236,0.023166023166023165
True,0.04957302095125366,0.010000000000003567,0.04726381928421532,0.0022024615582415526,0.009468885232080046,0.010617440352305975,0.003875968992248062,0.011642872107988388,0.007722007722007722,1.1814671814671815,2.3434647271856575,fing_x_face,8,0.01,li_V>face_G>face_C,3,LR-P2-N2-rel,GP,main,0.01880192756652832,0.013124420101164287,0.007722007722007722,0.014546107569363384,0.007722007722007722
True,0.08259953479438051,0.01000000000007867,0.076238273495006,0.0023645716729344584,0.009563099074608242,0.009531565770820137,0.003875968992248062,0.011508185926790577,0.011583011583011582,1.166023166023166,2.549938642961899,fing_x_face,8,0.01,li_V>face_G>face_C,3,LR-P1-N3,GP,main,0.02689671516418457,0.013064559576187483,0.007722007722007722,0.01405225823830475,0.011583011583011582
True,0.07044052559042067,0.010000000000005173,0.06546257284217499,0.0024148817085288088,0.009452649869831862,0.009425994630953458,0.003875968992248062,0.011433360270569574,0.011583011583011582,1.166023166023166,2.5499985034868757,fing_x_face,8,0.01,li_V>face_G>face_C,3,NLS-N2,GP,main,0.021995067596435547,0.012944838526233874,0.007722007722007722,0.013962467450839544,0.011583011583011582
True,0.08140320200172389,0.01000000000003578,0.07516038578963986,0.0023645716729344584,0.009528692485474463,0.00948632099659156,0.003875968992248062,0.011478255664302175,0.011583011583011582,1.166023166023166,2.549953608093143,fing_x_face,8,0.01,li_V>face_G>face_C,3,DE-N2,GP,main,0.02322864532470703,0.012959803657478076,0.007722007722007722,0.014007362844572147,0.011583011583011582
True,0.09538089199717455,0.010000000000007846,0.08441633360091917,0.005869504152674189,0.008212433979344213,0.014945857086839803,0.0,0.01656640028733052,0.015444015444015444,1.1583011583011582,1.9476220406452964,fing_x_face,8,0.01,li_V>face_G>face_C,3,MAXMONO-K3,GP,main,0.030935287475585938,0.018377181167878842,0.007722007722007722,0.019125437730088894,0.015444015444015444
True,,,,,,0.009999095104515429,0.015503875968992248,0.012046930651581814,0.019305019305019305,1.4131274131274132,2.5635419472628773,fing_x_face,8,0.01,li_V>face_G>face_C,3,S1-Marcialis,rule,main,0.0036363601684570312,,,,
True,,,,,,0.009999095104515429,0.015503875968992248,0.012046930651581814,0.019305019305019305,1.4131274131274132,2.5635419472628773,fing_x_face,8,0.01,li_V>face_G>face_C,3,S2-Symmetric,rule,main,0.04952836036682129,,,,
False,,,,,,,,,,,,fing_x_face,8,0.01,li_V>face_G>face_C,3,S4-Direct,rule,main,4.291534423828125e-06,,,,
False,,,,,,,,,,,,fing_x_face,8,0.01,li_V>face_G>ri_V,3,HYP,GP,main,0.015962600708007812,,,,
True,0.07416038941135507,0.01000000000005985,0.0687544405171923,0.0017888012655768953,0.007852844864499494,0.008159140952553313,0.0,0.009068869533985812,0.015444015444015444,1.166023166023166,2.5501331896680735,fing_x_face,8,0.01,li_V>face_G>ri_V,3,MONO,GP,main,0.030987024307250977,0.010610278052138516,0.011583011583011582,0.011029301726976146,0.019305019305019305
True,0.058523854970350626,0.010000000000000111,0.05616740341665894,0.0015931511271544227,0.00938899620949331,0.009863360781829698,0.0,0.009428032683846637,0.011583011583011582,1.1814671814671815,2.5529615994732273,fing_x_face,8,0.01,li_V>face_G>ri_V,3,MONO-rel,GP,main,0.019522905349731445,0.01107419712070875,0.007722007722007722,0.011732662895453593,0.011583011583011582
True,0.08146696328249661,0.010000000000004108,0.07574432216624691,0.0017888012655768953,0.008106773001068338,0.008430609597924773,0.0,0.009203555715183623,0.015444015444015444,1.166023166023166,2.5499985034868757,fing_x_face,8,0.01,li_V>face_G>ri_V,3,LR-P1-N2,GP,main,0.022495746612548828,0.010700068839603723,0.011583011583011582,0.011178953039418156,0.019305019305019305
True,0.057492544566311525,0.010000000000003416,0.05519712011622022,0.0015931511271544227,0.009376305394312143,0.009848279190420172,0.0,0.009428032683846637,0.011583011583011582,1.1814671814671815,2.5529615994732273,fing_x_face,8,0.01,li_V>face_G>ri_V,3,LR-P1-N2-rel,GP,main,0.020824670791625977,0.01107419712070875,0.007722007722007722,0.011732662895453593,0.011583011583011582
True,0.0783283565424057,0.01000000000000821,0.0710616908001942,0.0016211011469290616,0.009261853667004301,0.009561728953639189,0.0,0.011373499745592769,0.019305019305019305,1.166023166023166,2.545793301607255,fing_x_face,8,0.01,li_V>face_G>ri_V,3,LR-P2-N2,GP,main,0.02141880989074707,0.013378827332315704,0.011583011583011582,0.01360330430097872,0.019305019305019305
True,0.049036728800487935,0.010000000000006098,0.0468947186769607,0.002038488108897004,0.009249357280506633,0.009682381684915392,0.0,0.009248451108916225,0.011583011583011582,1.1814671814671815,2.5293765526323666,fing_x_face,8,0.01,li_V>face_G>ri_V,3,LR-P2-N2-rel,GP,main,0.020812034606933594,0.010909580677022537,0.007722007722007722,0.011597976714255784,0.011583011583011582
True,0.0814731501712984,0.010000000000004108,0.07574738646709085,0.0017888012655768953,0.008106773001068338,0.008430609597924773,0.0,0.009203555715183623,0.015444015444015444,1.166023166023166,2.5499985034868757,fing_x_face,8,0.01,li_V>face_G>ri_V,3,LR-P1-N3,GP,main,0.020092248916625977,0.010700068839603723,0.011583011583011582,0.011178953039418156,0.019305019305019305
True,0.06953639516039889,0.010000000000002554,0.06500164989114215,0.0017888012655768953,0.008068683780582973,0.008415528006515247,0.0,0.009203555715183623,0.015444015444015444,1.166023166023166,2.5499985034868757,fing_x_face,8,0.01,li_V>face_G>ri_V,3,NLS-N2,GP,main,0.01947498321533203,0.010700068839603723,0.011583011583011582,0.011178953039418156,0.019305019305019305
True,0.08027681327833602,0.010000000000003405,0.0746631599121142,0.0017888012655768953,0.008094076594239913,0.008415528006515247,0.0,0.009203555715183623,0.015444015444015444,1.166023166023166,2.5499985034868757,fing_x_face,8,0.01,li_V>face_G>ri_V,3,DE-N2,GP,main,0.020243167877197266,0.010700068839603723,0.011583011583011582,0.011178953039418156,0.019305019305019305
True,0.0943376162013233,0.010000000000000519,0.08367076508849669,0.004663926633061427,0.008182381282611142,0.008717159834705758,0.0,0.009547753733800245,0.011583011583011582,1.162162162162162,2.0053275867229354,fing_x_face,8,0.01,li_V>face_G>ri_V,3,MAXMONO-K3,GP,main,0.03324317932128906,0.011163987908173955,0.003861003861003861,0.01138846487683697,0.015444015444015444
True,,,,,,0.008159140952553313,0.01937984496124031,0.007722007722007722,0.019305019305019305,1.4131274131274132,2.5635419472628773,fing_x_face,8,0.01,li_V>face_G>ri_V,3,S1-Marcialis,rule,main,0.003545999526977539,,,,
True,,,,,,0.008159140952553313,0.01937984496124031,0.007722007722007722,0.019305019305019305,1.4131274131274132,2.5635419472628773,fing_x_face,8,0.01,li_V>face_G>ri_V,3,S2-Symmetric,rule,main,0.04296255111694336,,,,
False,,,,,,,,,,,,fing_x_face,8,0.01,li_V>face_G>ri_V,3,S4-Direct,rule,main,4.291534423828125e-06,,,,
False,,,,,,,,,,,,fing_x_face,8,0.01,li_V>ri_V>face_C,3,HYP,GP,main,0.025931835174560547,,,,
True,0.06959912290129533,0.010000000000583547,0.06662116176055775,0.0010434674049198556,0.00865638712145397,0.008852894157391489,0.0,0.011418395139325372,0.015444015444015444,1.1891891891891893,2.657687587920146,fing_x_face,8,0.01,li_V>ri_V>face_C,3,MONO,GP,main,0.021051645278930664,0.013573374038490318,0.007722007722007722,0.014216874681990961,0.015444015444015444
True,0.056874451229281336,0.010000000000001265,0.05516079010927362,0.0009204873179114441,0.008880895585812136,0.009154525985581998,0.0,0.011418395139325372,0.015444015444015444,1.2046332046332047,2.660830265481428,fing_x_face,8,0.01,li_V>ri_V>face_C,3,MONO-rel,GP,main,0.02057361602783203,0.013408757594804106,0.007722007722007722,0.014231839813235163,0.015444015444015444
True,0.07745239121102732,0.010000000000039422,0.07402411718889365,0.0010062007118870038,0.00872841368142279,0.008928302114439115,0.0,0.011612941845499986,0.015444015444015444,1.1891891891891893,2.657687587920146,fing_x_face,8,0.01,li_V>ri_V>face_C,3,LR-P1-N2,GP,main,0.024242639541625977,0.013812816138397533,0.007722007722007722,0.014516177306874982,0.015444015444015444
True,0.05589824785246821,0.010000000000000635,0.05419690377413788,0.0009204873179114441,0.008820838279453385,0.009094199619943897,0.0,0.011313639220615965,0.015444015444015444,1.2046332046332047,2.660830265481428,fing_x_face,8,0.01,li_V>ri_V>face_C,3,LR-P1-N2-rel,GP,main,0.020839691162109375,0.013348897069827302,0.007722007722007722,0.014142049025769956,0.015444015444015444
True,0.07110994779173645,0.010000000000006257,0.06777873103817245,0.0010807340979527077,0.008296254321609783,0.008445691189334298,0.0,0.011134057645685553,0.015444015444015444,1.1891891891891893,2.657687587920146,fing_x_face,8,0.01,li_V>ri_V>face_C,3,LR-P2-N2,GP,main,0.02098989486694336,0.013124420101164287,0.007722007722007722,0.013678129957199725,0.015444015444015444
True,0.04661096054706566,0.010000000000007484,0.045088814239893166,0.00121862086217426,0.008451650160230811,0.008928302114439115,0.003875968992248062,0.011298674089371763,0.015444015444015444,1.2007722007722008,2.416045613720032,fing_x_face,8,0.01,li_V>ri_V>face_C,3,LR-P2-N2-rel,GP,main,0.022080659866333008,0.013393792463559906,0.015444015444015444,0.014441351650653977,0.015444015444015444
True,0.07738149291930896,0.01000000000214714,0.0739988519972547,0.0010062007118870038,0.008752422534745702,0.008943383705848641,0.0,0.011642872107988388,0.015444015444015444,1.1891891891891893,2.657687587920146,fing_x_face,8,0.01,li_V>ri_V>face_C,3,LR-P1-N3,GP,main,0.03794384002685547,0.013827781269641735,0.007722007722007722,0.014561072700607584,0.015444015444015444
True,0.06582429895304072,0.010000000002129004,0.06315962683756848,0.0010062007118870038,0.008752422534745702,0.008943383705848641,0.0,0.011642872107988388,0.015444015444015444,1.1891891891891893,2.657687587920146,fing_x_face,8,0.01,li_V>ri_V>face_C,3,NLS-N2,GP,main,0.02520751953125,0.013827781269641735,0.007722007722007722,0.014561072700607584,0.015444015444015444
True,0.07624604230973918,0.01000000000000704,0.07291052280355821,0.0010062007118870038,0.00872841368142279,0.008928302114439115,0.0,0.011612941845499986,0.015444015444015444,1.1891891891891893,2.657687587920146,fing_x_face,8,0.01,li_V>ri_V>face_C,3,DE-N2,GP,main,0.024155378341674805,0.013812816138397533,0.007722007722007722,0.014516177306874982,0.015444015444015444
True,0.07833494365875678,0.010000000000000226,0.07342597035309496,0.0032757423175876895,0.007727995105452731,0.008822730974572437,0.01937984496124031,0.011448325401813774,0.023166023166023165,1.1776061776061777,1.951378288587591,fing_x_face,8,0.01,li_V>ri_V>face_C,3,MAXMONO-K3,GP,main,0.029960155487060547,0.013708060219688126,0.019305019305019305,0.014261770075723565,0.023166023166023165
True,,,,,,0.009999095104515429,0.007751937984496124,0.012061895782826015,0.015444015444015444,1.444015444015444,2.672922091526743,fing_x_face,8,0.01,li_V>ri_V>face_C,3,S1-Marcialis,rule,main,0.006010532379150391,,,,
True,,,,,,0.009999095104515429,0.007751937984496124,0.012061895782826015,0.015444015444015444,1.444015444015444,2.672922091526743,fing_x_face,8,0.01,li_V>ri_V>face_C,3,S2-Symmetric,rule,main,0.019495010375976562,,,,
False,,,,,,,,,,,,fing_x_face,8,0.01,li_V>ri_V>face_C,3,S4-Direct,rule,main,5.0067901611328125e-06,,,,
False,,,,,,,,,,,,fing_x_face,8,0.01,li_V>ri_V>face_G,3,HYP,GP,main,0.038300514221191406,,,,
True,0.0702909814491273,0.01000000000000028,0.06687247869640525,0.001628554485535632,0.009329773223071568,0.009682381684915392,0.0,0.01050552213342911,0.019305019305019305,1.1891891891891893,2.656849540570471,fing_x_face,8,0.01,li_V>ri_V>face_G,3,MONO,GP,main,0.023638010025024414,0.012301337882733231,0.011583011583011582,0.01257071024512885,0.019305019305019305
True,0.057723453973693585,0.010000000000008042,0.055623557554553164,0.001688181194388195,0.00876408571477844,0.009471239405182035,0.003875968992248062,0.009203555715183623,0.019305019305019305,1.2007722007722008,2.416045613720032,fing_x_face,8,0.01,li_V>ri_V>face_G,3,MONO-rel,GP,main,0.02020883560180664,0.011313639220615965,0.015444015444015444,0.012061895782826015,0.015444015444015444
True,0.07810435113897611,0.010000000000000191,0.07423958536507883,0.0016770011864783395,0.008836453521376065,0.00918468916840105,0.0,0.009847056358684266,0.019305019305019305,1.1891891891891893,2.657687587920146,fing_x_face,8,0.01,li_V>ri_V>face_G,3,LR-P1-N2,GP,main,0.022000789642333984,0.011508185926790577,0.011583011583011582,0.011867349076651401,0.019305019305019305
True,0.0567640310764827,0.010000000000000812,0.05467656541160226,0.001688181194388195,0.008780529691333552,0.009501402588001086,0.003875968992248062,0.009218520846427823,0.019305019305019305,1.2007722007722008,2.416045613720032,fing_x_face,8,0.01,li_V>ri_V>face_G,3,LR-P1-N2-rel,GP,main,0.01937580108642578,0.011358534614348569,0.015444015444015444,0.012076860914070217,0.015444015444015444
True,0.07161278536355453,0.01000000000167145,0.06795659853124508,0.0016639578439168413,0.009029926341599869,0.00935058667390583,0.0,0.010325940558498697,0.019305019305019305,1.1891891891891893,2.656849540570471,fing_x_face,8,0.01,li_V>ri_V>face_G,3,LR-P2-N2,GP,main,0.02150130271911621,0.01213672143904702,0.011583011583011582,0.01242105893268684,0.019305019305019305
True,0.047838086184430716,0.010000000000065543,0.045883751164240566,0.0022769949443072566,0.008320768095450376,0.009576810545048714,0.011627906976744186,0.009517823471311844,0.023166023166023165,1.196911196911197,2.1525994432971176,fing_x_face,8,0.01,li_V>ri_V>face_G,3,LR-P2-N2-rel,GP,main,0.0196840763092041,0.011583011583011582,0.019305019305019305,0.011927209601628207,0.023166023166023165
True,0.07803414806603742,0.010000000000969522,0.07421648216033763,0.0016770011864783395,0.008860462374698974,0.0092148523512201,0.0,0.009847056358684266,0.019305019305019305,1.1891891891891893,2.657687587920146,fing_x_face,8,0.01,li_V>ri_V>face_G,3,LR-P1-N3,GP,main,0.021888256072998047,0.011523151058034779,0.011583011583011582,0.011882314207895603,0.019305019305019305
True,0.06653234211494494,0.010000000000000484,0.06344596449180556,0.001628554485535632,0.009485693601436933,0.009848279190420172,0.0,0.010610278052138516,0.019305019305019305,1.1891891891891893,2.656849540570471,fing_x_face,8,0.01,li_V>ri_V>face_G,3,NLS-N2,GP,main,0.0211029052734375,0.01242105893268684,0.011583011583011582,0.012630570770105654,0.019305019305019305
True,0.07689732025086035,0.010000000001169016,0.07313136330280184,0.0016770011864783395,0.008836453521376065,0.00918468916840105,0.0,0.009847056358684266,0.019305019305019305,1.1891891891891893,2.657687587920146,fing_x_face,8,0.01,li_V>ri_V>face_G,3,DE-N2,GP,main,0.02112269401550293,0.011508185926790577,0.011583011583011582,0.011867349076651401,0.019305019305019305
True,0.0806466586300072,0.010000000000007846,0.07462266848505586,0.0036111425548833575,0.007975058499489138,0.008867975748801013,0.01937984496124031,0.01020621950854509,0.023166023166023165,1.1814671814671815,1.9954954954954955,fing_x_face,8,0.01,li_V>ri_V>face_G,3,MAXMONO-K3,GP,main,0.02917933464050293,0.012151686570291222,0.019305019305019305,0.012480919457663643,0.023166023166023165
True,,,,,,0.009999095104515429,0.007751937984496124,0.006689413666157852,0.019305019305019305,1.444015444015444,2.672922091526743,fing_x_face,8,0.01,li_V>ri_V>face_G,3,S1-Marcialis,rule,main,0.003484487533569336,,,,
True,,,,,,0.009999095104515429,0.007751937984496124,0.006689413666157852,0.019305019305019305,1.444015444015444,2.672922091526743,fing_x_face,8,0.01,li_V>ri_V>face_G,3,S2-Symmetric,rule,main,0.019611597061157227,,,,
False,,,,,,,,,,,,fing_x_face,8,0.01,li_V>ri_V>face_G,3,S4-Direct,rule,main,5.9604644775390625e-06,,,,
True,0.10159573256629646,0.010000000000002429,0.09688936006323992,0.02391403691918112,0.008052079784403554,0.012336741772991886,0.023255813953488372,0.011149022776929753,0.04247104247104247,1.0424710424710424,1.1257220675825328,fing_x_face,8,0.01,ri_V>face_C>face_G,3,HYP,GP,main,0.013633012771606445,0.013363862201071504,0.04247104247104247,0.013618269432222921,0.04247104247104247
True,0.03552839847999233,0.010000000000003903,0.033374611560094025,0.0014437932089836954,0.008670083959982729,0.009606973727867764,0.003875968992248062,0.008515159677950376,0.011583011583011582,1.0810810810810811,2.5231061626410463,fing_x_face,8,0.01,ri_V>face_C>face_G,3,MONO,GP,main,0.019510507583618164,0.009532788602556044,0.007722007722007722,0.010445661608452306,0.011583011583011582
True,0.02088848123057752,0.010000000000008087,0.01999322249210012,0.0016462561647262366,0.009168833998754225,0.011673151750972763,0.003875968992248062,0.010011672802370477,0.011583011583011582,1.0810810810810811,2.3576217413426717,fing_x_face,8,0.01,ri_V>face_C>face_G,3,MONO-rel,GP,main,0.020783185958862305,0.01095447607075514,0.007722007722007722,0.012316303013977433,0.011583011583011582
True,0.037803533514850655,0.010000000000007536,0.035452169966963716,0.005243773084969458,0.008068787423219726,0.009109281211353421,0.007751937984496124,0.008096136003112746,0.011583011583011582,1.0810810810810811,2.3180090389392713,fing_x_face,8,0.01,ri_V>face_C>face_G,3,LR-P1-N2,GP,main,0.020980358123779297,0.009248451108916225,0.011583011583011582,0.01005656819610308,0.011583011583011582
True,0.021113201584647842,0.01000000000003197,0.02021270101626215,0.0016462561647262366,0.00917827338950972,0.011703314933791814,0.003875968992248062,0.010011672802370477,0.011583011583011582,1.0810810810810811,2.358384963036126,fing_x_face,8,0.01,ri_V>face_C>face_G,3,LR-P1-N2-rel,GP,main,0.01839303970336914,0.011014336595731944,0.007722007722007722,0.012331268145221634,0.011583011583011582
True,0.03901929122244762,0.010000000000004899,0.0352601990530401,0.0014946273074488202,0.009291851906647997,0.010149911018610683,0.003875968992248062,0.008814462302834395,0.011583011583011582,1.0810810810810811,2.5217293705665798,fing_x_face,8,0.01,ri_V>face_C>face_G,3,LR-P2-N2,GP,main,0.020537614822387695,0.010131393852324085,0.007722007722007722,0.010385801083475503,0.011583011583011582
True,0.01933141355522418,0.010000000000000404,0.0184187788620056,0.0016329799053332833,0.009044268915800114,0.01357343226857298,0.0,0.01153811618927898,0.011583011583011582,1.0810810810810811,2.203166621771273,fing_x_face,8,0.01,ri_V>face_C>face_G,3,LR-P2-N2-rel,GP,main,0.017719030380249023,0.01258567537637305,0.007722007722007722,0.013737990482176528,0.011583011583011582
True,0.037239814142895136,0.01000000000000584,0.034917997579877964,0.0014437932089836954,0.008704786317146074,0.009697463276324918,0.003875968992248062,0.008470264284217772,0.011583011583011582,1.0810810810810811,2.523240848822244,fing_x_face,8,0.01,ri_V>face_C>face_G,3,LR-P1-N3,GP,main,0.018866300582885742,0.009502858340067642,0.007722007722007722,0.010445661608452306,0.011583011583011582
True,0.032761208065863016,0.010000000000000236,0.030946346536763328,0.0014437932089836954,0.00880381894491301,0.009803034416191597,0.003875968992248062,0.008604950465415581,0.011583011583011582,1.0810810810810811,2.5230911975098023,fing_x_face,8,0.01,ri_V>face_C>face_G,3,NLS-N2,GP,main,0.019788503646850586,0.00962257939002125,0.007722007722007722,0.010580347789650115,0.011583011583011582
True,0.03716362021665965,0.010000000000005529,0.03485181993136773,0.0014437932089836954,0.00871357405061493,0.009712544867734443,0.003875968992248062,0.008485229415461974,0.011583011583011582,1.0810810810810811,2.523240848822244,fing_x_face,8,0.01,ri_V>face_C>face_G,3,DE-N2,GP,main,0.027025222778320312,0.009502858340067642,0.007722007722007722,0.010445661608452306,0.011583011583011582
True,0.04873054102663165,0.010000000000004516,0.044418137748806784,0.005410425077875743,0.007841858395530013,0.010858745814858383,0.003875968992248062,0.01005656819610308,0.019305019305019305,1.0733590733590734,1.7877645086947413,fing_x_face,8,0.01,ri_V>face_C>face_G,3,MAXMONO-K3,GP,main,0.040376901626586914,0.011343569483104367,0.019305019305019305,0.012989733919966478,0.011583011583011582
True,,,,,,0.009999095104515429,0.01937984496124031,0.006375145910029631,0.015444015444015444,1.277992277992278,2.5328783933435095,fing_x_face,8,0.01,ri_V>face_C>face_G,3,S1-Marcialis,rule,main,0.00506901741027832,,,,
True,,,,,,0.009999095104515429,0.01937984496124031,0.006375145910029631,0.015444015444015444,1.277992277992278,2.5328783933435095,fing_x_face,8,0.01,ri_V>face_C>face_G,3,S2-Symmetric,rule,main,0.044416189193725586,,,,
False,,,,,,,,,,,,fing_x_face,8,0.01,ri_V>face_C>face_G,3,S4-Direct,rule,main,4.291534423828125e-06,,,,
True,0.12420845168850345,0.010000000000002118,0.11651289068168592,0.031691945130384515,0.0073606775791937255,0.009064036437124846,0.031007751937984496,0.009832091227440064,0.05019305019305019,1.0347490347490347,1.0841040375924096,fing_x_face,8,0.01,ri_V>face_C>li_V,3,HYP,GP,main,0.019927978515625,0.012211547095268026,0.04633204633204633,0.012361198407710036,0.04633204633204633
True,0.0350505243074799,0.010000000000007572,0.03311675821582903,0.0010942432741771163,0.009330861190315894,0.009637136910686815,0.0,0.01050552213342911,0.015444015444015444,1.0810810810810811,2.5210260093981023,fing_x_face,8,0.01,ri_V>face_C>li_V,3,MONO,GP,main,0.0206296443939209,0.012301337882733231,0.011583011583011582,0.012750291820059262,0.015444015444015444
True,0.020418678548886817,0.01000000000000218,0.019618186798989936,0.0010753770108292353,0.008365049225113833,0.008702078243296232,0.0,0.009802160964951663,0.015444015444015444,1.0810810810810811,2.522567417916255,fing_x_face,8,0.01,ri_V>face_C>li_V,3,MONO-rel,GP,main,0.021008014678955078,0.011373499745592769,0.011583011583011582,0.012211547095268026,0.015444015444015444
True,0.0373385561016814,0.010000000000255667,0.03520120613930237,0.0010942432741771163,0.009387450315636583,0.009697463276324918,0.0,0.010565382658405915,0.015444015444015444,1.0810810810810811,2.5209661488731254,fing_x_face,8,0.01,ri_V>face_C>li_V,3,LR-P1-N2,GP,main,0.03380703926086426,0.012361198407710036,0.011583011583011582,0.012884978001257071,0.015444015444015444
True,0.0206833932650971,0.010000000000006977,0.01986949990686765,0.0010753770108292353,0.008365049225113833,0.008702078243296232,0.0,0.009802160964951663,0.015444015444015444,1.0810810810810811,2.522567417916255,fing_x_face,8,0.01,ri_V>face_C>li_V,3,LR-P1-N2-rel,GP,main,0.03128314018249512,0.011373499745592769,0.011583011583011582,0.012211547095268026,0.015444015444015444
True,0.038135956698532085,0.01000000000006724,0.03487617494326673,0.0012074408542644042,0.00853861343582512,0.008822730974572437,0.0,0.009712370177486456,0.015444015444015444,1.0810810810810811,2.521819161354045,fing_x_face,8,0.01,ri_V>face_C>li_V,3,LR-P2-N2,GP,main,0.024367332458496094,0.011418395139325372,0.011583011583011582,0.011463290533057975,0.015444015444015444
True,0.01896719544411108,0.010000000000021774,0.018135121651235934,0.0009558906762926535,0.00895716941398711,0.009335505082496306,0.0,0.010759929364580527,0.015444015444015444,1.0810810810810811,2.5225374876537665,fing_x_face,8,0.01,ri_V>face_C>li_V,3,LR-P2-N2-rel,GP,main,0.020630359649658203,0.012495884588907845,0.011583011583011582,0.0133189668073389,0.015444015444015444
True,0.036772959468439066,0.010000000000050897,0.03466377105903645,0.0010942432741771163,0.00937330303430641,0.009682381684915392,0.0,0.010565382658405915,0.015444015444015444,1.0810810810810811,2.5209661488731254,fing_x_face,8,0.01,ri_V>face_C>li_V,3,LR-P1-N3,GP,main,0.021528959274291992,0.012361198407710036,0.011583011583011582,0.01287001287001287,0.015444015444015444
True,0.03232007422086739,0.010000000000001914,0.030683429758036077,0.0010942432741771163,0.009444039440957373,0.00975778964196302,0.0,0.01064020831462692,0.015444015444015444,1.0810810810810811,2.5208913232169046,fing_x_face,8,0.01,ri_V>face_C>li_V,3,NLS-N2,GP,main,0.019515275955200195,0.012436024063931041,0.011583011583011582,0.01300469905121068,0.015444015444015444
True,0.03670040239846717,0.010000000000002847,0.03459968755955741,0.0010942432741771163,0.00937330303430641,0.009682381684915392,0.0,0.010565382658405915,0.015444015444015444,1.0810810810810811,2.5209661488731254,fing_x_face,8,0.01,ri_V>face_C>li_V,3,DE-N2,GP,main,0.020404815673828125,0.012361198407710036,0.011583011583011582,0.01287001287001287,0.015444015444015444
True,0.04876008215728088,0.01000000000000108,0.04436896278062368,0.006162629985060715,0.009127244705174602,0.010044339878744006,0.003875968992248062,0.010744964233336327,0.015444015444015444,1.0810810810810811,1.8809673460836251,fing_x_face,8,0.01,ri_V>face_C>li_V,3,MAXMONO-K3,GP,main,0.0471646785736084,0.012795187213791866,0.015444015444015444,0.013543443776001916,0.011583011583011582
True,,,,,,0.008189304135372364,0.011627906976744186,0.012106791176558619,0.02702702702702703,1.277992277992278,2.5328783933435095,fing_x_face,8,0.01,ri_V>face_C>li_V,3,S1-Marcialis,rule,main,0.0035614967346191406,,,,
True,,,,,,0.008189304135372364,0.011627906976744186,0.012106791176558619,0.02702702702702703,1.277992277992278,2.5328783933435095,fing_x_face,8,0.01,ri_V>face_C>li_V,3,S2-Symmetric,rule,main,0.031720638275146484,,,,
False,,,,,,,,,,,,fing_x_face,8,0.01,ri_V>face_C>li_V,3,S4-Direct,rule,main,4.0531158447265625e-06,,,,
True,0.12164426246629947,0.010000000000003069,0.11618811608951503,0.03215253816458742,0.007554292225348365,0.010059421470153531,0.031007751937984496,0.008619915596659783,0.05019305019305019,1.0347490347490347,1.0932477327826164,fing_x_face,8,0.01,ri_V>face_G>face_C,3,HYP,GP,main,0.013569355010986328,0.010565382658405915,0.04633204633204633,0.010744964233336327,0.04633204633204633
True,0.037595566843385955,0.010000000000009987,0.03451808395347622,0.0014589910322361553,0.009571193024112858,0.009772871233372546,0.003875968992248062,0.008904253090299602,0.011583011583011582,1.084942084942085,2.7139115860046092,fing_x_face,8,0.01,ri_V>face_G>face_C,3,MONO,GP,main,0.021985769271850586,0.010236149771033492,0.007722007722007722,0.010984406333243543,0.011583011583011582
True,0.021763297829510746,0.010000000000009036,0.020709218382502736,0.00165953242411919,0.009169554634885778,0.00965221850209634,0.003875968992248062,0.008919218221543804,0.011583011583011582,1.0810810810810811,2.6326209930861095,fing_x_face,8,0.01,ri_V>face_G>face_C,3,MONO-rel,GP,main,0.018335580825805664,0.009862021489928466,0.007722007722007722,0.010909580677022537,0.011583011583011582
True,0.03950329747751728,0.01000000000002165,0.036355823157984746,0.0014589910322361553,0.009750978343417137,0.009953850330286852,0.003875968992248062,0.008994043877764807,0.011583011583011582,1.0810810810810811,2.7138367603483884,fing_x_face,8,0.01,ri_V>face_G>face_C,3,LR-P1-N2,GP,main,0.01958632469177246,0.010325940558498697,0.007722007722007722,0.011208883301906558,0.011583011583011582
True,0.02193813270222005,0.01000000000000521,0.020890056279953977,0.00165953242411919,0.009212875277485913,0.009637136910686815,0.003875968992248062,0.0088743228278112,0.011583011583011582,1.0810810810810811,2.645176738199994,fing_x_face,8,0.01,ri_V>face_G>face_C,3,LR-P1-N2-rel,GP,main,0.018857240676879883,0.009802160964951663,0.007722007722007722,0.010864685283289934,0.011583011583011582
True,0.04058551784821653,0.01000000000000409,0.03611827254710303,0.0015093010678305055,0.009001304602529408,0.009139444394172472,0.003875968992248062,0.008305647840531562,0.011583011583011582,1.084942084942085,2.7139564813983417,fing_x_face,8,0.01,ri_V>face_G>face_C,3,LR-P2-N2,GP,main,0.019092321395874023,0.009712370177486456,0.007722007722007722,0.009921882014905271,0.011583011583011582
True,0.020459725799177004,0.010000000000003291,0.019402847698694336,0.005904092302145304,0.00840208622530448,0.01060235876089645,0.007751937984496124,0.009921882014905271,0.007722007722007722,1.0810810810810811,2.1711562060399268,fing_x_face,8,0.01,ri_V>face_G>face_C,3,LR-P2-N2-rel,GP,main,0.018225431442260742,0.010834755020801532,0.011583011583011582,0.012076860914070217,0.007722007722007722
True,0.038942003488798886,0.01000000000000433,0.03583632839939416,0.0014589910322361553,0.009750978343417137,0.009953850330286852,0.003875968992248062,0.008994043877764807,0.011583011583011582,1.0810810810810811,2.7138367603483884,fing_x_face,8,0.01,ri_V>face_G>face_C,3,LR-P1-N3,GP,main,0.0196382999420166,0.010325940558498697,0.007722007722007722,0.011208883301906558,0.011583011583011582
True,0.03454104814213187,0.010000000000001728,0.032004967722865964,0.0014589910322361553,0.009759068278577778,0.009968931921696378,0.003875968992248062,0.009009009009009009,0.011583011583011582,1.0810810810810811,2.713866690610877,fing_x_face,8,0.01,ri_V>face_G>face_C,3,NLS-N2,GP,main,0.022409677505493164,0.010430696477208104,0.007722007722007722,0.011253778695639162,0.011583011583011582
True,0.03884022678543288,0.0100000000019014,0.03575895078171173,0.0014589910322361553,0.009765117925546688,0.009953850330286852,0.003875968992248062,0.008994043877764807,0.011583011583011582,1.0810810810810811,2.7138367603483884,fing_x_face,8,0.01,ri_V>face_G>face_C,3,DE-N2,GP,main,0.024688720703125,0.0103409056897429,0.007722007722007722,0.011208883301906558,0.011583011583011582
True,0.05387168431065545,0.01000000000000218,0.04759345464012592,0.0038109851962720266,0.008668452329099819,0.016046813259735167,0.0,0.014546107569363384,0.015444015444015444,1.0772200772200773,2.0219239172727543,fing_x_face,8,0.01,ri_V>face_G>face_C,3,MAXMONO-K3,GP,main,0.03653597831726074,0.015773248331387865,0.011583011583011582,0.01643171410613271,0.015444015444015444
True,,,,,,0.009999095104515429,0.015503875968992248,0.010894615545778337,0.015444015444015444,1.277992277992278,2.7240579449881777,fing_x_face,8,0.01,ri_V>face_G>face_C,3,S1-Marcialis,rule,main,0.003077983856201172,,,,
True,,,,,,0.009999095104515429,0.011627906976744186,0.006943820897309269,0.015444015444015444,1.223938223938224,2.4124090868276915,fing_x_face,8,0.01,ri_V>face_G>face_C,3,S2-Symmetric,rule,main,0.044509172439575195,,,,
False,,,,,,,,,,,,fing_x_face,8,0.01,ri_V>face_G>face_C,3,S4-Direct,rule,main,4.76837158203125e-06,,,,
True,0.17806701353455517,0.010000000000001879,0.16479494655757326,0.03616191027205152,0.0073319189041911054,0.008958465297258167,0.03488372093023256,0.008350543234264164,0.05791505791505792,1.0308880308880308,1.0586333842147795,fing_x_face,8,0.01,ri_V>face_G>li_V,3,HYP,GP,main,0.01363229751586914,0.01022118463978929,0.05405405405405406,0.01022118463978929,0.05405405405405406
True,0.037734411809235216,0.010000000000049379,0.034519385452250154,0.0018111612813966065,0.008825773091625116,0.008807649383162912,0.0,0.008215857053066355,0.015444015444015444,1.0810810810810811,2.7137320044296787,fing_x_face,8,0.01,ri_V>face_G>li_V,3,MONO,GP,main,0.023144006729125977,0.009802160964951663,0.011583011583011582,0.009981742539882075,0.019305019305019305
True,0.022004257845348724,0.010000000000032183,0.02082984247529876,0.0017922950180487254,0.008384309746692159,0.008430609597924773,0.0,0.007557391278321511,0.015444015444015444,1.0810810810810811,2.7154679596540063,fing_x_face,8,0.01,ri_V>face_G>li_V,3,MONO-rel,GP,main,0.030107736587524414,0.00872467151536919,0.011583011583011582,0.009009009009009009,0.015444015444015444
True,0.039604340669522176,0.010000000000001336,0.03633171784733672,0.0018111612813966065,0.009052307529991577,0.009033873254305795,0.0,0.008365508365508366,0.015444015444015444,1.0810810810810811,2.713582353117237,fing_x_face,8,0.01,ri_V>face_G>li_V,3,LR-P1-N2,GP,main,0.022852182388305664,0.009876986621172668,0.011583011583011582,0.010116428721079884,0.019305019305019305
True,0.02224561533985167,0.010000000000017146,0.02106167852961012,0.0017922950180487254,0.00842685512705673,0.00847585437215335,0.0,0.007572356409565712,0.015444015444015444,1.0810810810810811,2.715452994522762,fing_x_face,8,0.01,ri_V>face_G>li_V,3,LR-P1-N2-rel,GP,main,0.01686263084411621,0.008739636646613392,0.011583011583011582,0.00902397414025321,0.015444015444015444
True,0.0401503800337371,0.01000000000000036,0.035904082823715565,0.0018111612813966065,0.008330229007698541,0.008294875275239044,0.0,0.00797641495315914,0.019305019305019305,1.084942084942085,2.713971446529586,fing_x_face,8,0.01,ri_V>face_G>li_V,3,LR-P2-N2,GP,main,0.022121667861938477,0.009532788602556044,0.011583011583011582,0.009652509652509652,0.019305019305019305
True,0.02139063905174056,0.010000000000006665,0.020101259489509523,0.0018431873457217139,0.009054268277675701,0.009154525985581998,0.0,0.008485229415461974,0.015444015444015444,1.0810810810810811,2.5039058992547365,fing_x_face,8,0.01,ri_V>face_G>li_V,3,LR-P2-N2-rel,GP,main,0.018954992294311523,0.009697405046242256,0.011583011583011582,0.010131393852324085,0.015444015444015444
True,0.03904231268462723,0.010000000000000928,0.03581247526562019,0.0018111612813966065,0.009038149127593693,0.009018791662896269,0.0,0.008365508365508366,0.015444015444015444,1.0810810810810811,2.713582353117237,fing_x_face,8,0.01,ri_V>face_G>li_V,3,LR-P1-N3,GP,main,0.02132868766784668,0.009876986621172668,0.011583011583011582,0.010116428721079884,0.019305019305019305
True,0.034727338818802536,0.010000000000008273,0.03203858103383966,0.0018111612813966065,0.009009832322797924,0.008988628480077218,0.0,0.008365508365508366,0.015444015444015444,1.0810810810810811,2.713582353117237,fing_x_face,8,0.01,ri_V>face_G>li_V,3,NLS-N2,GP,main,0.02820730209350586,0.009876986621172668,0.011583011583011582,0.010116428721079884,0.019305019305019305
True,0.03894462970297599,0.01000000000003459,0.035739334046353925,0.0018111612813966065,0.009052307529991577,0.009033873254305795,0.0,0.008365508365508366,0.015444015444015444,1.0810810810810811,2.713582353117237,fing_x_face,8,0.01,ri_V>face_G>li_V,3,DE-N2,GP,main,0.025684833526611328,0.009876986621172668,0.011583011583011582,0.010116428721079884,0.019305019305019305
True,0.05622109824069465,0.010000000000002411,0.04896825156049897,0.0076009496485052105,0.007870789399948832,0.008717159834705758,0.003875968992248062,0.007662147197030918,0.023166023166023165,1.0656370656370657,1.704663134895693,fing_x_face,8,0.01,ri_V>face_G>li_V,3,MAXMONO-K3,GP,main,0.05241823196411133,0.009278381371404628,0.023166023166023165,0.00945796294633504,0.019305019305019305
True,,,,,,0.007209000693753205,0.011627906976744186,0.010325940558498697,0.04247104247104247,1.277992277992278,2.7240579449881777,fing_x_face,8,0.01,ri_V>face_G>li_V,3,S1-Marcialis,rule,main,0.004174947738647461,,,,
True,,,,,,0.009727626459143969,0.0,0.006734309059890455,0.019305019305019305,1.223938223938224,2.4124090868276915,fing_x_face,8,0.01,ri_V>face_G>li_V,3,S2-Symmetric,rule,main,0.06025052070617676,,,,
False,,,,,,,,,,,,fing_x_face,8,0.01,ri_V>face_G>li_V,3,S4-Direct,rule,main,5.4836273193359375e-06,,,,
True,0.18182056103179955,0.01000000000000164,0.17101411255497723,0.03617920434678708,0.0072560149615331585,0.009109281211353421,0.03875968992248062,0.010041603064858878,0.06177606177606178,1.0424710424710424,1.076681332495286,fing_x_face,8,0.01,ri_V>li_V>face_C,3,HYP,GP,main,0.019937992095947266,0.01258567537637305,0.05791505791505792,0.013064559576187483,0.05791505791505792
True,0.03722702982337978,0.01000000000000298,0.03422463746847655,0.0010942432741771165,0.008497499276225996,0.008445691189334298,0.0,0.009532788602556044,0.015444015444015444,1.1196911196911197,2.748810272066086,fing_x_face,8,0.01,ri_V>li_V>face_C,3,MONO,GP,main,0.028348684310913086,0.011373499745592769,0.011583011583011582,0.01168776750172099,0.015444015444015444
True,0.023558803882894077,0.010000000000140221,0.021795340750095416,0.0010942432741771165,0.00867763490916318,0.00864175187765813,0.0,0.009772230702463261,0.015444015444015444,1.1196911196911197,2.748810272066086,fing_x_face,8,0.01,ri_V>li_V>face_C,3,MONO-rel,GP,main,0.022518634796142578,0.01167280237047679,0.011583011583011582,0.012076860914070217,0.015444015444015444
True,0.03985863085017598,0.010000000001565916,0.036399908813013776,0.0010942432741771165,0.008473481191834407,0.008415528006515247,0.0,0.009532788602556044,0.015444015444015444,1.1196911196911197,2.748810272066086,fing_x_face,8,0.01,ri_V>li_V>face_C,3,LR-P1-N2,GP,main,0.0340576171875,0.011373499745592769,0.011583011583011582,0.01168776750172099,0.015444015444015444
True,0.023704896895410874,0.010000000000000448,0.021958848946448156,0.0010942432741771165,0.00870165299355477,0.008671915060477181,0.0,0.009787195833707461,0.015444015444015444,1.1196911196911197,2.748810272066086,fing_x_face,8,0.01,ri_V>li_V>face_C,3,LR-P1-N2-rel,GP,main,0.02324986457824707,0.011732662895453593,0.011583011583011582,0.012121756307802819,0.015444015444015444
True,0.03819329530728365,0.01000000000001863,0.034839374021905976,0.001169708327568642,0.008662008953560653,0.00864175187765813,0.0,0.009876986621172668,0.015444015444015444,1.1158301158301158,2.74807698063512,fing_x_face,8,0.01,ri_V>li_V>face_C,3,LR-P2-N2,GP,main,0.021503686904907227,0.011777558289186196,0.011583011583011582,0.011732662895453593,0.015444015444015444
True,0.02179455049844804,0.010000000000009562,0.020253819629525584,0.0024400367263259838,0.008777788464713407,0.008837812565981963,0.015503875968992248,0.010715033970847925,0.02702702702702703,1.1042471042471043,2.4453772709586663,fing_x_face,8,0.01,ri_V>li_V>face_C,3,LR-P2-N2-rel,GP,main,0.01844334602355957,0.012750291820059262,0.019305019305019305,0.013244141151117895,0.023166023166023165
True,0.03929588804884026,0.010000000000008193,0.035882182340829426,0.0010942432741771165,0.008461472149638612,0.008400446415105721,0.0,0.009532788602556044,0.015444015444015444,1.1196911196911197,2.748810272066086,fing_x_face,8,0.01,ri_V>li_V>face_C,3,LR-P1-N3,GP,main,0.019504070281982422,0.011373499745592769,0.011583011583011582,0.01168776750172099,0.015444015444015444
True,0.03463800449984195,0.010000000000007066,0.03194679512119066,0.0010942432741771165,0.008533526402813468,0.008490935963562875,0.0,0.009562718865044447,0.015444015444015444,1.1196911196911197,2.748810272066086,fing_x_face,8,0.01,ri_V>li_V>face_C,3,NLS-N2,GP,main,0.01927018165588379,0.011463290533057975,0.011583011583011582,0.011777558289186196,0.015444015444015444
True,0.03915218920861071,0.010000000001407456,0.03578726409818684,0.0010942432741771165,0.008473481191834407,0.008415528006515247,0.0,0.009532788602556044,0.015444015444015444,1.1196911196911197,2.748810272066086,fing_x_face,8,0.01,ri_V>li_V>face_C,3,DE-N2,GP,main,0.02227020263671875,0.011373499745592769,0.011583011583011582,0.01168776750172099,0.015444015444015444
True,0.049194046126978065,0.010000000000000066,0.044337318015502246,0.004895795338775203,0.00803896931364629,0.008415528006515247,0.027131782945736434,0.009891951752416868,0.04633204633204633,1.0810810810810811,2.0305139026069257,fing_x_face,8,0.01,ri_V>li_V>face_C,3,MAXMONO-K3,GP,main,0.027428627014160156,0.011882314207895603,0.04633204633204633,0.012346233276465834,0.04633204633204633
True,,,,,,0.009999095104515429,0.007751937984496124,0.012061895782826015,0.015444015444015444,1.332046332046332,2.7606177606177607,fing_x_face,8,0.01,ri_V>li_V>face_C,3,S1-Marcialis,rule,main,0.0032415390014648438,,,,
True,,,,,,0.009999095104515429,0.007751937984496124,0.012061895782826015,0.015444015444015444,1.332046332046332,2.7606177606177607,fing_x_face,8,0.01,ri_V>li_V>face_C,3,S2-Symmetric,rule,main,0.030825376510620117,,,,
False,,,,,,,,,,,,fing_x_face,8,0.01,ri_V>li_V>face_C,3,S4-Direct,rule,main,5.245208740234375e-06,,,,
True,0.21770036486025565,0.010000000000000066,0.2015751073107187,0.036466390799971486,0.007560126297376036,0.009953850330286852,0.03875968992248062,0.010475591870940708,0.06563706563706563,1.0347490347490347,1.0693334530543832,fing_x_face,8,0.01,ri_V>li_V>face_G,3,HYP,GP,main,0.022897720336914062,0.013423722726048307,0.06177606177606178,0.013663164825955523,0.06177606177606178
True,0.03793817857706358,0.010000000000056608,0.0344917134508106,0.0018111612813966067,0.008986068312030176,0.009033873254305795,0.0,0.008619915596659783,0.015444015444015444,1.1158301158301158,2.74807698063512,fing_x_face,8,0.01,ri_V>li_V>face_G,3,MONO,GP,main,0.04101824760437012,0.010325940558498697,0.011583011583011582,0.010520487264673311,0.015444015444015444
True,0.024480768130902126,0.010000000000007074,0.02237170955826247,0.0035940231677713914,0.00806872266097718,0.008264712092419992,0.015503875968992248,0.007751937984496124,0.03088803088803089,1.1003861003861004,2.3094340187363445,fing_x_face,8,0.01,ri_V>li_V>face_G,3,MONO-rel,GP,main,0.01876091957092285,0.009532788602556044,0.02702702702702703,0.009817126096195864,0.02702702702702703
True,0.04053348280549651,0.010000000000003619,0.03663323181250091,0.001773428754700844,0.008629598740379914,0.008671915060477181,0.0,0.007946484690670738,0.015444015444015444,1.1196911196911197,2.748810272066086,fing_x_face,8,0.01,ri_V>li_V>face_G,3,LR-P1-N2,GP,main,0.02143573760986328,0.009502858340067642,0.011583011583011582,0.009697405046242256,0.015444015444015444
True,0.024645087991931353,0.010000000000006266,0.022548706816440327,0.0029116933100230167,0.008833279170730866,0.009109281211353421,0.015503875968992248,0.008185926790577953,0.02702702702702703,1.1081081081081081,2.446110562389632,fing_x_face,8,0.01,ri_V>li_V>face_G,3,LR-P1-N2-rel,GP,main,0.031125307083129883,0.009996707671126277,0.019305019305019305,0.010385801083475503,0.023166023166023165
True,0.03871131558388621,0.010000000000000262,0.035029078782350814,0.0018111612813966067,0.008734022144331648,0.00877748620034386,0.0,0.008530124809194576,0.015444015444015444,1.1158301158301158,2.74807698063512,fing_x_face,8,0.01,ri_V>li_V>face_G,3,LR-P2-N2,GP,main,0.027947425842285156,0.010191254377300889,0.011583011583011582,0.010415731345963904,0.019305019305019305
True,0.023142505598253826,0.01000000000000536,0.02120551624179578,0.0037606751606776762,0.008725630871009311,0.009109281211353421,0.015503875968992248,0.009009009009009009,0.03088803088803089,1.0926640926640927,2.203391098739936,fing_x_face,8,0.01,ri_V>li_V>face_G,3,LR-P2-N2-rel,GP,main,0.02363872528076172,0.011014336595731944,0.03088803088803089,0.011223848433150758,0.03088803088803089
True,0.039972468566486986,0.010000000000026259,0.03611885754199949,0.001773428754700844,0.00861758969818412,0.008656833469067655,0.0,0.007946484690670738,0.015444015444015444,1.1196911196911197,2.748810272066086,fing_x_face,8,0.01,ri_V>li_V>face_G,3,LR-P1-N3,GP,main,0.02659893035888672,0.009502858340067642,0.011583011583011582,0.009682439914998054,0.015444015444015444
True,0.03537218165617932,0.010000000000005822,0.032255027093002826,0.001773428754700844,0.009082085899724807,0.009139444394172472,0.0,0.008679776121636586,0.015444015444015444,1.1158301158301158,2.74807698063512,fing_x_face,8,0.01,ri_V>li_V>face_G,3,NLS-N2,GP,main,0.028697967529296875,0.010355870820987101,0.011583011583011582,0.010580347789650115,0.015444015444015444
True,0.03982703063076013,0.010000000000009926,0.036026799643810226,0.001773428754700844,0.008629598740379914,0.008671915060477181,0.0,0.007946484690670738,0.015444015444015444,1.1196911196911197,2.748810272066086,fing_x_face,8,0.01,ri_V>li_V>face_G,3,DE-N2,GP,main,0.02930283546447754,0.009502858340067642,0.011583011583011582,0.009697405046242256,0.015444015444015444
True,0.05166710013250788,0.010000000000003824,0.0456293030232572,0.004238620498824003,0.007704331894982167,0.00793291708141043,0.015503875968992248,0.00844033402172937,0.04247104247104247,1.0810810810810811,2.07014157014157,fing_x_face,8,0.01,ri_V>li_V>face_G,3,MAXMONO-K3,GP,main,0.03645586967468262,0.010161324114812487,0.04247104247104247,0.010161324114812487,0.03861003861003861
True,,,,,,0.009999095104515429,0.007751937984496124,0.006689413666157852,0.019305019305019305,1.332046332046332,2.7606177606177607,fing_x_face,8,0.01,ri_V>li_V>face_G,3,S1-Marcialis,rule,main,0.003292083740234375,,,,
True,,,,,,0.009999095104515429,0.007751937984496124,0.006689413666157852,0.019305019305019305,1.332046332046332,2.7606177606177607,fing_x_face,8,0.01,ri_V>li_V>face_G,3,S2-Symmetric,rule,main,0.019234180450439453,,,,
False,,,,,,,,,,,,fing_x_face,8,0.01,ri_V>li_V>face_G,3,S4-Direct,rule,main,3.814697265625e-06,,,,
True,0.07314960589935152,0.010000000000002607,0.0694211901264019,0.02077741772085637,0.009154761062670057,0.019470334509697464,0.031007751937984496,0.018422076561611444,0.03088803088803089,1.1042471042471043,1.1671904462602136,fing_x_face,8,0.01,face_C>face_G>li_V>ri_V,4,HYP,GP,main,0.029822826385498047,0.02009817126096196,0.03088803088803089,0.021519858729161054,0.02702702702702703
True,0.04402937942479922,0.01000000000007781,0.04080928462571275,0.00022208349045740286,0.009819244333235087,0.010270563749886889,0.003875968992248062,0.010041603064858878,0.007722007722007722,1.1583011583011582,2.5811259764748136,fing_x_face,8,0.01,face_C>face_G>li_V>ri_V,4,MONO,GP,main,0.04588031768798828,0.010774894495824729,0.003861003861003861,0.012780222082547664,0.007722007722007722
True,0.020726943766012054,0.010000000000008398,0.019856073205707786,0.00017467746733430817,0.009741104806500613,0.010768256266401231,0.003875968992248062,0.009996707671126277,0.007722007722007722,1.162162162162162,2.583759839573793,fing_x_face,8,0.01,face_C>face_G>li_V>ri_V,4,MONO-rel,GP,main,0.036936283111572266,0.010565382658405915,0.003861003861003861,0.012241477357756428,0.007722007722007722
True,0.046433356461574204,0.01000000000000068,0.043065888227495006,0.000233187664980273,0.009868844254123498,0.01036105329834404,0.003875968992248062,0.010011672802370477,0.007722007722007722,1.1583011583011582,2.5813953488372094,fing_x_face,8,0.01,face_C>face_G>li_V>ri_V,4,LR-P1-N2,GP,main,0.04725480079650879,0.010744964233336327,0.003861003861003861,0.012825117476280267,0.007722007722007722
True,0.020784616331604226,0.010000000000003556,0.01992705238078587,0.00017467746733430817,0.009729621609837388,0.010768256266401231,0.003875968992248062,0.010026637933614678,0.007722007722007722,1.162162162162162,2.5837149441800604,fing_x_face,8,0.01,face_C>face_G>li_V>ri_V,4,LR-P1-N2-rel,GP,main,0.03889179229736328,0.010580347789650115,0.003861003861003861,0.01225644248900063,0.007722007722007722
True,0.07952280081471848,0.010000000000001017,0.0722230571933518,0.00021125014945948075,0.00985963487550477,0.01030072693270594,0.003875968992248062,0.010161324114812487,0.007722007722007722,1.1583011583011582,2.5810212205561043,fing_x_face,8,0.01,face_C>face_G>li_V>ri_V,4,LR-P2-N2,GP,main,0.04554390907287598,0.010939510939510939,0.003861003861003861,0.012914908263745473,0.007722007722007722
True,0.019312312999222595,0.010000000000000297,0.018510412469672086,0.0004479478169230805,0.009476043468870557,0.010647603535125026,0.0,0.010116428721079884,0.007722007722007722,1.162162162162162,2.4183801741941275,fing_x_face,8,0.01,face_C>face_G>li_V>ri_V,4,LR-P2-N2-rel,GP,main,0.04678845405578613,0.010999371464487744,0.007722007722007722,0.012450989195175241,0.007722007722007722
True,0.046433993401776806,0.010000000000005938,0.04306580960538267,0.000233187664980273,0.009883876407544364,0.010376134889753566,0.003875968992248062,0.010011672802370477,0.007722007722007722,1.1583011583011582,2.5813953488372094,fing_x_face,8,0.01,face_C>face_G>li_V>ri_V,4,LR-P1-N3,GP,main,0.043906450271606445,0.010744964233336327,0.003861003861003861,0.012840082607524467,0.007722007722007722
True,0.03797350241850812,0.010000000000003593,0.035496456981201616,0.0002218126569324548,0.009850197589081735,0.01033089011552499,0.003875968992248062,0.010131393852324085,0.007722007722007722,1.1583011583011582,2.5813953488372094,fing_x_face,8,0.01,face_C>face_G>li_V>ri_V,4,NLS-N2,GP,main,0.05233311653137207,0.010879650414534136,0.003861003861003861,0.012914908263745473,0.007722007722007722
True,0.046248997587848534,0.010000000000000378,0.04292295120820504,0.000233187664980273,0.009868844254123498,0.01036105329834404,0.003875968992248062,0.010011672802370477,0.007722007722007722,1.1583011583011582,2.5813953488372094,fing_x_face,8,0.01,face_C>face_G>li_V>ri_V,4,DE-N2,GP,main,0.04764580726623535,0.010744964233336327,0.003861003861003861,0.012825117476280267,0.007722007722007722
True,0.06301184447994283,0.010000000000001,0.05612495956870774,0.001255033075435901,0.00970551417023616,0.010798419449220283,0.003875968992248062,0.010475591870940708,0.007722007722007722,1.1583011583011582,2.161413905599952,fing_x_face,8,0.01,face_C>face_G>li_V>ri_V,4,MAXMONO-K3,GP,main,0.1047813892364502,0.011523151058034779,0.003861003861003861,0.013558408907246116,0.007722007722007722
True,,,,,,0.007751937984496124,0.003875968992248062,0.007707042590763521,0.011583011583011582,1.664092664092664,2.607180269970968,fing_x_face,8,0.01,face_C>face_G>li_V>ri_V,4,S1-Marcialis,rule,main,0.00877833366394043,,,,
True,,,,,,0.007751937984496124,0.003875968992248062,0.007707042590763521,0.011583011583011582,1.664092664092664,2.607180269970968,fing_x_face,8,0.01,face_C>face_G>li_V>ri_V,4,S2-Symmetric,rule,main,0.09205079078674316,,,,
False,,,,,,,,,,,,fing_x_face,8,0.01,face_C>face_G>li_V>ri_V,4,S4-Direct,rule,main,6.4373016357421875e-06,,,,
True,0.06480371084140427,0.010000000000000555,0.061540411734866976,0.016690386808448667,0.009019863048066594,0.018821826079087865,0.023255813953488372,0.017269761455807966,0.023166023166023165,1.1196911196911197,1.1834725090539044,fing_x_face,8,0.01,face_C>face_G>ri_V>li_V,4,HYP,GP,main,0.04123353958129883,0.01849690221783245,0.03088803088803089,0.020277752835892372,0.02702702702702703
True,0.043342284459994815,0.010000000000000724,0.04049257517766715,0.00022445328380069827,0.009869442242882406,0.010149911018610683,0.003875968992248062,0.010296010296010296,0.007722007722007722,1.162162162162162,2.6253928346951603,fing_x_face,8,0.01,face_C>face_G>ri_V>li_V,4,MONO,GP,main,0.059467315673828125,0.011134057645685553,0.003861003861003861,0.013064559576187483,0.007722007722007722
True,0.020101801123955237,0.01000000000000027,0.019448531198299385,0.00016840699414794838,0.00968799264205078,0.010391216481163092,0.0,0.010116428721079884,0.007722007722007722,1.1544401544401544,2.6278471162192094,fing_x_face,8,0.01,face_C>face_G>ri_V>li_V,4,MONO-rel,GP,main,0.038312673568725586,0.010744964233336327,0.003861003861003861,0.01273532668881506,0.007722007722007722
True,0.045637139253116306,0.010000000000008558,0.04270389797898642,0.00021125014945948075,0.009925933597431134,0.010210237384248786,0.003875968992248062,0.010310975427254497,0.007722007722007722,1.1583011583011582,2.6254077998264043,fing_x_face,8,0.01,face_C>face_G>ri_V>li_V,4,LR-P1-N2,GP,main,0.040932416915893555,0.011178953039418156,0.003861003861003861,0.013079524707431685,0.007722007722007722
True,0.02018666515671785,0.01000000000009781,0.01953464752532206,0.00016840699414794838,0.009670709332964265,0.010376134889753566,0.0,0.010086498458591482,0.007722007722007722,1.1544401544401544,2.6279369070066743,fing_x_face,8,0.01,face_C>face_G>ri_V>li_V,4,LR-P1-N2-rel,GP,main,0.049386024475097656,0.010715033970847925,0.003861003861003861,0.012705396426326659,0.007722007722007722
True,0.07849082101998688,0.010000000000007421,0.07186408041166702,0.00022885432858110415,0.009812965884635236,0.01002925828733448,0.003875968992248062,0.010296010296010296,0.007722007722007722,1.162162162162162,2.625362904432672,fing_x_face,8,0.01,face_C>face_G>ri_V>li_V,4,LR-P2-N2,GP,main,0.04756426811218262,0.011044266858220346,0.003861003861003861,0.01301966418245488,0.007722007722007722
True,0.018683393799353173,0.010000000000000618,0.018058523244431877,0.0002053757703033575,0.009734088711241857,0.01106988809459174,0.0,0.010475591870940708,0.007722007722007722,1.1583011583011582,2.389048516955494,fing_x_face,8,0.01,face_C>face_G>ri_V>li_V,4,LR-P2-N2-rel,GP,main,0.04975771903991699,0.01138846487683697,0.003861003861003861,0.01287001287001287,0.007722007722007722
True,0.04562545033752655,0.010000000000000502,0.04269900320034288,0.00021125014945948075,0.009916695421170726,0.010210237384248786,0.003875968992248062,0.010310975427254497,0.007722007722007722,1.1583011583011582,2.6254077998264043,fing_x_face,8,0.01,face_C>face_G>ri_V>li_V,4,LR-P1-N3,GP,main,0.04815316200256348,0.011178953039418156,0.003861003861003861,0.013079524707431685,0.007722007722007722
True,0.03734880507007967,0.010000000000002215,0.03518251144914601,0.00021125014945948075,0.009775529976881149,0.010089584652972581,0.003875968992248062,0.010191254377300889,0.007722007722007722,1.1583011583011582,2.6257819281075094,fing_x_face,8,0.01,face_C>face_G>ri_V>li_V,4,NLS-N2,GP,main,0.04947853088378906,0.010924545808266739,0.003861003861003861,0.012884978001257071,0.007722007722007722
True,0.045463270969196716,0.010000000000002882,0.042564417401623866,0.00021125014945948075,0.009910893235376157,0.01019515579283926,0.003875968992248062,0.010296010296010296,0.007722007722007722,1.1583011583011582,2.625452695220137,fing_x_face,8,0.01,face_C>face_G>ri_V>li_V,4,DE-N2,GP,main,0.04157662391662598,0.011178953039418156,0.003861003861003861,0.013079524707431685,0.007722007722007722
True,0.06124323185642099,0.010000000000002465,0.055169711242772576,0.0007220855108754989,0.009645907021755284,0.010572195578077398,0.0,0.010310975427254497,0.007722007722007722,1.1544401544401544,2.1499805453293823,fing_x_face,8,0.01,face_C>face_G>ri_V>li_V,4,MAXMONO-K3,GP,main,0.15047907829284668,0.011313639220615965,0.003861003861003861,0.013034629313699081,0.007722007722007722
True,,,,,,0.007254245467981781,0.003875968992248062,0.010325940558498697,0.019305019305019305,1.6525096525096525,2.6524198617221875,fing_x_face,8,0.01,face_C>face_G>ri_V>li_V,4,S1-Marcialis,rule,main,0.00617527961730957,,,,
True,,,,,,0.009772871233372546,0.003875968992248062,0.006898925503576667,0.023166023166023165,1.4594594594594594,2.2837837837837838,fing_x_face,8,0.01,face_C>face_G>ri_V>li_V,4,S2-Symmetric,rule,main,0.07114720344543457,,,,
False,,,,,,,,,,,,fing_x_face,8,0.01,face_C>face_G>ri_V>li_V,4,S4-Direct,rule,main,4.0531158447265625e-06,,,,
True,0.08943091467403061,0.010000000000002918,0.08492040595110523,0.02100847798849818,0.008799145649152754,0.01485536753838265,0.01937984496124031,0.015069887162910418,0.03088803088803089,1.0772200772200773,1.1475861243303105,fing_x_face,8,0.01,face_C>li_V>face_G>ri_V,4,HYP,GP,main,0.026504039764404297,0.01755409894944779,0.03088803088803089,0.01909550746760049,0.03088803088803089
True,0.04394552070624488,0.010000000000002687,0.0407206859724491,0.0002478126753274678,0.00968788321233675,0.010014176695924954,0.0,0.01064020831462692,0.007722007722007722,1.1081081081081081,2.5852713178294575,fing_x_face,8,0.01,face_C>li_V>face_G>ri_V,4,MONO,GP,main,0.04147648811340332,0.01168776750172099,0.003861003861003861,0.013573374038490318,0.007722007722007722
True,0.022788724875669818,0.010000000000006799,0.021445592453558898,0.0002528501788915016,0.009741981177252204,0.010210237384248786,0.0,0.010520487264673311,0.007722007722007722,1.1081081081081081,2.4426386519409777,fing_x_face,8,0.01,face_C>li_V>face_G>ri_V,4,MONO-rel,GP,main,0.05310773849487305,0.011298674089371763,0.003861003861003861,0.0133189668073389,0.007722007722007722
True,0.047172677934856015,0.010000000000013345,0.04346597438703739,0.0002478126753274678,0.009875699654476676,0.010210237384248786,0.0,0.010924545808266739,0.007722007722007722,1.1081081081081081,2.5844632007422703,fing_x_face,8,0.01,face_C>li_V>face_G>ri_V,4,LR-P1-N2,GP,main,0.04292440414428711,0.011897279339139805,0.003861003861003861,0.013887641794618539,0.007722007722007722
True,0.022799260765370186,0.010000000000000555,0.021477696683132493,0.00022488390910536572,0.009735084810507088,0.010255482158477363,0.0,0.01050552213342911,0.007722007722007722,1.1081081081081081,2.4579629463350394,fing_x_face,8,0.01,face_C>li_V>face_G>ri_V,4,LR-P1-N2-rel,GP,main,0.03793525695800781,0.011313639220615965,0.003861003861003861,0.013363862201071504,0.007722007722007722
True,0.07665888798067837,0.010000000000002144,0.07072734475296234,0.00026020330909384126,0.009657821614780026,0.01002925828733448,0.0,0.010819789889557332,0.007722007722007722,1.1081081081081081,2.585825027685493,fing_x_face,8,0.01,face_C>li_V>face_G>ri_V,4,LR-P2-N2,GP,main,0.04030179977416992,0.012017000389093412,0.003861003861003861,0.013737990482176528,0.007722007722007722
True,0.02091203966899331,0.010000000000002776,0.019800991163624333,0.0003187277254998658,0.009811450921690602,0.010617440352305975,0.0,0.010999371464487744,0.007722007722007722,1.1081081081081081,2.350139175720571,fing_x_face,8,0.01,face_C>li_V>face_G>ri_V,4,LR-P2-N2-rel,GP,main,0.029613733291625977,0.012046930651581814,0.003861003861003861,0.01391757205710694,0.007722007722007722
True,0.04717351730279186,0.010000000000015974,0.04346601814834211,0.0002478126753274678,0.009875699654476676,0.010210237384248786,0.0,0.010924545808266739,0.007722007722007722,1.1081081081081081,2.5844632007422703,fing_x_face,8,0.01,face_C>li_V>face_G>ri_V,4,LR-P1-N3,GP,main,0.04561662673950195,0.011897279339139805,0.003861003861003861,0.013887641794618539,0.007722007722007722
True,0.03840120729727364,0.010000000000035097,0.0357441838780239,0.00024375017245324704,0.009697517353126486,0.01002925828733448,0.0,0.010595312920894316,0.007722007722007722,1.1081081081081081,2.5854060040106552,fing_x_face,8,0.01,face_C>li_V>face_G>ri_V,4,NLS-N2,GP,main,0.0526735782623291,0.011642872107988388,0.003861003861003861,0.013498548382269313,0.007722007722007722
True,0.04693979877011518,0.010000000000000174,0.04329565904298075,0.0002478126753274678,0.009853424171721463,0.010180074201429735,0.0,0.010909580677022537,0.007722007722007722,1.1081081081081081,2.5844781658735148,fing_x_face,8,0.01,face_C>li_V>face_G>ri_V,4,DE-N2,GP,main,0.05278325080871582,0.011867349076651401,0.003861003861003861,0.013842746400885935,0.007722007722007722
True,0.06115394958451599,0.010000000000001515,0.05474067809300974,0.0037669239671820403,0.009555411151945413,0.01036105329834404,0.003875968992248062,0.011313639220615965,0.011583011583011582,1.1003861003861004,1.8349196372452186,fing_x_face,8,0.01,face_C>li_V>face_G>ri_V,4,MAXMONO-K3,GP,main,0.06935358047485352,0.012450989195175241,0.007722007722007722,0.014486247044386578,0.011583011583011582
True,,,,,,0.007751937984496124,0.003875968992248062,0.007707042590763521,0.011583011583011582,1.4903474903474903,2.6126724731375894,fing_x_face,8,0.01,face_C>li_V>face_G>ri_V,4,S1-Marcialis,rule,main,0.0075435638427734375,,,,
True,,,,,,0.007751937984496124,0.003875968992248062,0.007707042590763521,0.011583011583011582,1.4903474903474903,2.6126724731375894,fing_x_face,8,0.01,face_C>li_V>face_G>ri_V,4,S2-Symmetric,rule,main,0.08309173583984375,,,,
False,,,,,,,,,,,,fing_x_face,8,0.01,face_C>li_V>face_G>ri_V,4,S4-Direct,rule,main,6.67572021484375e-06,,,,
True,0.08760187432828952,0.01000000000000353,0.08320578324720378,0.021008063613205008,0.008552525568309282,0.013181310891925316,0.01937984496124031,0.013842746400885935,0.03088803088803089,1.0772200772200773,1.1435605040256203,fing_x_face,8,0.01,face_C>li_V>ri_V>face_G,4,HYP,GP,main,0.03228640556335449,0.016267097662446498,0.03088803088803089,0.017643889736912992,0.02702702702702703
True,0.04346292320430665,0.010000000000008868,0.04052144503185335,0.00024375017245324704,0.009733416861944077,0.010014176695924954,0.0,0.010610278052138516,0.007722007722007722,1.1042471042471043,2.639235581096046,fing_x_face,8,0.01,face_C>li_V>ri_V>face_G,4,MONO,GP,main,0.043387413024902344,0.011343569483104367,0.003861003861003861,0.013333931938583102,0.007722007722007722
True,0.022613722939777158,0.010000000000000698,0.021308116605540137,0.00036270025661043156,0.00975457787483505,0.010542032395258348,0.0,0.01064020831462692,0.007722007722007722,1.1042471042471043,2.232872407291012,fing_x_face,8,0.01,face_C>li_V>ri_V>face_G,4,MONO-rel,GP,main,0.0464777946472168,0.011612941845499986,0.003861003861003861,0.013678129957199725,0.007722007722007722
True,0.046752834723558935,0.01000000000000068,0.043303027740733684,0.0002759251952170756,0.009847147823204646,0.010149911018610683,0.0,0.010819789889557332,0.007722007722007722,1.1042471042471043,2.576546646314088,fing_x_face,8,0.01,face_C>li_V>ri_V>face_G,4,LR-P1-N2,GP,main,0.04601597785949707,0.011448325401813774,0.003861003861003861,0.01348358325102511,0.007722007722007722
True,0.022631992385176748,0.010000000000002243,0.021341537603174046,0.00036270025661043156,0.009696948611204743,0.010511869212439297,0.0,0.010595312920894316,0.007722007722007722,1.1042471042471043,2.233037023734698,fing_x_face,8,0.01,face_C>li_V>ri_V>face_G,4,LR-P1-N2-rel,GP,main,0.04771900177001953,0.011597976714255784,0.003861003861003861,0.01360330430097872,0.007722007722007722
True,0.07555648446828779,0.010000000000011222,0.07037235164900718,0.00024375017245324704,0.009829530643142095,0.010210237384248786,0.0,0.010789859627068929,0.007722007722007722,1.1042471042471043,2.639460058064709,fing_x_face,8,0.01,face_C>li_V>ri_V>face_G,4,LR-P2-N2,GP,main,0.05532360076904297,0.011927209601628207,0.003861003861003861,0.013633234563467121,0.007722007722007722
True,0.02063177575776072,0.010000000000005333,0.019568159767917603,0.0003549002510919277,0.00953944441478839,0.010557113986667874,0.0,0.010924545808266739,0.007722007722007722,1.1042471042471043,2.2049175421268443,fing_x_face,8,0.01,face_C>li_V>ri_V>face_G,4,LR-P2-N2-rel,GP,main,0.042472124099731445,0.012076860914070217,0.003861003861003861,0.013962467450839544,0.007722007722007722
True,0.046744116307661766,0.010000000000005307,0.04330096404036021,0.0002759251952170756,0.00983431701991288,0.010134829427201158,0.0,0.010789859627068929,0.007722007722007722,1.1042471042471043,2.576546646314088,fing_x_face,8,0.01,face_C>li_V>ri_V>face_G,4,LR-P1-N3,GP,main,0.04635167121887207,0.011448325401813774,0.003861003861003861,0.01348358325102511,0.007722007722007722
True,0.03803762189480995,0.010000000000007687,0.03557445473176852,0.0002525251786615639,0.009662287661326652,0.010014176695924954,0.0,0.010625243183382718,0.007722007722007722,1.1042471042471043,2.4891053844542217,fing_x_face,8,0.01,face_C>li_V>ri_V>face_G,4,NLS-N2,GP,main,0.04365968704223633,0.011283708958127563,0.003861003861003861,0.0133189668073389,0.007722007722007722
True,0.04651686771175793,0.01000000000002061,0.04313046476781802,0.0002759251952170756,0.009825679227002974,0.010119747835791632,0.0,0.010759929364580527,0.007722007722007722,1.1042471042471043,2.5766663673640418,fing_x_face,8,0.01,face_C>li_V>ri_V>face_G,4,DE-N2,GP,main,0.06089591979980469,0.011448325401813774,0.003861003861003861,0.01346861811978091,0.007722007722007722
True,0.057736947877891964,0.010000000000001062,0.05268860464518183,0.0016341336561495618,0.009330332134612635,0.010345971706934515,0.0,0.010864685283289934,0.007722007722007722,1.1042471042471043,2.0840441770674327,fing_x_face,8,0.01,face_C>li_V>ri_V>face_G,4,MAXMONO-K3,GP,main,0.06452608108520508,0.01197210499536081,0.003861003861003861,0.013827781269641735,0.007722007722007722
True,,,,,,0.009999095104515429,0.007751937984496124,0.006734309059890455,0.011583011583011582,1.4671814671814671,2.66707072521026,fing_x_face,8,0.01,face_C>li_V>ri_V>face_G,4,S1-Marcialis,rule,main,0.008063077926635742,,,,
True,,,,,,0.009999095104515429,0.007751937984496124,0.006734309059890455,0.011583011583011582,1.4671814671814671,2.66707072521026,fing_x_face,8,0.01,face_C>li_V>ri_V>face_G,4,S2-Symmetric,rule,main,0.05011320114135742,,,,
False,,,,,,,,,,,,fing_x_face,8,0.01,face_C>li_V>ri_V>face_G,4,S4-Direct,rule,main,4.0531158447265625e-06,,,,
True,0.06218008725200642,0.010000000000003345,0.05902881558144558,0.01691101321454185,0.008677915114702933,0.013980635236630169,0.015503875968992248,0.013588339169734518,0.019305019305019305,1.0888030888030888,1.1598575319505553,fing_x_face,8,0.01,face_C>ri_V>face_G>li_V,4,HYP,GP,main,0.02575850486755371,0.01581814372512047,0.023166023166023165,0.017703750261889795,0.023166023166023165
True,0.040193765355824106,0.010000000000000129,0.0384947482594411,0.0002047501448607275,0.009769021755522151,0.010134829427201158,0.0,0.010460626739696508,0.007722007722007722,1.0926640926640927,2.6845948938972195,fing_x_face,8,0.01,face_C>ri_V>face_G>li_V,4,MONO,GP,main,0.0451350212097168,0.011268743826883362,0.003861003861003861,0.013274071413606297,0.007722007722007722
True,0.01946529645785409,0.010000000000002136,0.018932878134029548,0.00016380011588858199,0.009472352712934078,0.010119747835791632,0.0,0.010116428721079884,0.007722007722007722,1.0965250965250966,2.687228756996199,fing_x_face,8,0.01,face_C>ri_V>face_G>li_V,4,MONO-rel,GP,main,0.0436406135559082,0.01096944120199934,0.003861003861003861,0.012705396426326659,0.007722007722007722
True,0.04281408281690715,0.01000000000000265,0.040949367245179905,0.00022181265693245475,0.009785991545603962,0.010164992610020209,0.003875968992248062,0.010430696477208104,0.007722007722007722,1.0926640926640927,2.684130974828649,fing_x_face,8,0.01,face_C>ri_V>face_G>li_V,4,LR-P1-N2,GP,main,0.0572352409362793,0.01138846487683697,0.003861003861003861,0.01315435036365269,0.007722007722007722
True,0.019597571221318964,0.010000000000001213,0.019057577556078484,0.00016380011588858199,0.009481094367549056,0.010134829427201158,0.0,0.010161324114812487,0.007722007722007722,1.0965250965250966,2.6871838616024664,fing_x_face,8,0.01,face_C>ri_V>face_G>li_V,4,LR-P1-N2-rel,GP,main,0.044767141342163086,0.010984406333243543,0.003861003861003861,0.012705396426326659,0.007722007722007722
True,0.07128195992749466,0.01000000000000082,0.06817231913112756,0.00019451263761769113,0.00967172914828586,0.010119747835791632,0.0,0.010535452395917513,0.007722007722007722,1.0926640926640927,2.6849540570470802,fing_x_face,8,0.01,face_C>ri_V>face_G>li_V,4,LR-P2-N2,GP,main,0.04618644714355469,0.011373499745592769,0.003861003861003861,0.013139385232408488,0.007722007722007722
True,0.01799293317450916,0.010000000000005848,0.017471167777654395,0.0002197272387903548,0.009647493642143486,0.010677766717944077,0.0,0.010729999102092125,0.007722007722007722,1.0965250965250966,2.4556732812546764,fing_x_face,8,0.01,face_C>ri_V>face_G>li_V,4,LR-P2-N2-rel,GP,main,0.03533029556274414,0.011762593157941995,0.007722007722007722,0.013049594444943281,0.007722007722007722
True,0.04275632459266532,0.010000000000196931,0.040917119550254274,0.00022181265693245475,0.009779688151363404,0.010164992610020209,0.003875968992248062,0.010430696477208104,0.007722007722007722,1.0926640926640927,2.684130974828649,fing_x_face,8,0.01,face_C>ri_V>face_G>li_V,4,LR-P1-N3,GP,main,0.03907608985900879,0.01138846487683697,0.003861003861003861,0.01315435036365269,0.007722007722007722
True,0.03497092487103169,0.010000000000004686,0.033591165370478994,0.00019792514003203658,0.009718629966378803,0.010104666244382107,0.0,0.010355870820987101,0.007722007722007722,1.0926640926640927,2.6849390919158362,fing_x_face,8,0.01,face_C>ri_V>face_G>li_V,4,NLS-N2,GP,main,0.03562736511230469,0.011208883301906558,0.003861003861003861,0.01316931549489689,0.007722007722007722
True,0.042633639288546396,0.01000000000004428,0.04080405922532101,0.00022181265693245475,0.009764655284526073,0.010149911018610683,0.003875968992248062,0.010400766214719703,0.007722007722007722,1.0926640926640927,2.6842207656161143,fing_x_face,8,0.01,face_C>ri_V>face_G>li_V,4,DE-N2,GP,main,0.040375709533691406,0.011373499745592769,0.003861003861003861,0.013124420101164287,0.007722007722007722
True,0.05395962199020929,0.010000000000001159,0.04995519367127656,0.002034505501912643,0.009420912922726083,0.01060235876089645,0.0,0.010700068839603723,0.007722007722007722,1.0926640926640927,1.7490048187722607,fing_x_face,8,0.01,face_C>ri_V>face_G>li_V,4,MAXMONO-K3,GP,main,0.06879401206970215,0.011942174732872407,0.003861003861003861,0.013633234563467121,0.007722007722007722
True,,,,,,0.007254245467981781,0.003875968992248062,0.010325940558498697,0.019305019305019305,1.4633204633204633,2.710783873574571,fing_x_face,8,0.01,face_C>ri_V>face_G>li_V,4,S1-Marcialis,rule,main,0.006356477737426758,,,,
True,,,,,,0.009984013513105903,0.0,0.007183262997216486,0.011583011583011582,1.4285714285714286,2.5316811828439736,fing_x_face,8,0.01,face_C>ri_V>face_G>li_V,4,S2-Symmetric,rule,main,0.07571625709533691,,,,
False,,,,,,,,,,,,fing_x_face,8,0.01,face_C>ri_V>face_G>li_V,4,S4-Direct,rule,main,3.814697265625e-06,,,,
True,0.06875260659715067,0.010000000000001239,0.06523976993600056,0.020723687057841927,0.00850643969235932,0.013181310891925316,0.01937984496124031,0.013558408907246116,0.02702702702702703,1.0810810810810811,1.1467031815869024,fing_x_face,8,0.01,face_C>ri_V>li_V>face_G,4,HYP,GP,main,0.027460098266601562,0.016072550956271886,0.02702702702702703,0.017209900930831162,0.023166023166023165
True,0.04021816112113218,0.010000000000000165,0.03848754421977729,0.00020702514647029111,0.009636964708322341,0.01002925828733448,0.003875968992248062,0.010296010296010296,0.007722007722007722,1.0965250965250966,2.6937086588249377,fing_x_face,8,0.01,face_C>ri_V>li_V>face_G,4,MONO,GP,main,0.04259538650512695,0.011134057645685553,0.003861003861003861,0.013094489838675885,0.007722007722007722
True,0.019726239080923455,0.010000000000002198,0.019058011717302835,0.00035894785812227634,0.009392478166684677,0.01019515579283926,0.003875968992248062,0.010415731345963904,0.007722007722007722,1.0965250965250966,2.3612732333662567,fing_x_face,8,0.01,face_C>ri_V>li_V>face_G,4,MONO-rel,GP,main,0.03737759590148926,0.011313639220615965,0.003861003861003861,0.01316931549489689,0.007722007722007722
True,0.04293016103233539,0.01000000000000226,0.040972866059233504,0.00020702514647029111,0.00974219346809547,0.010134829427201158,0.003875968992248062,0.010370835952231301,0.007722007722007722,1.0965250965250966,2.693499146987519,fing_x_face,8,0.01,face_C>ri_V>li_V>face_G,4,LR-P1-N2,GP,main,0.043958425521850586,0.011373499745592769,0.003861003861003861,0.013184280626141092,0.007722007722007722
True,0.01984633876495831,0.01000000000002276,0.019174639211791883,0.00035894785812227634,0.009417990635188212,0.010225318975658312,0.003875968992248062,0.010430696477208104,0.007722007722007722,1.0965250965250966,2.361228337972524,fing_x_face,8,0.01,face_C>ri_V>li_V>face_G,4,LR-P1-N2-rel,GP,main,0.03523874282836914,0.011358534614348569,0.003861003861003861,0.013244141151117895,0.007722007722007722
True,0.07104651870442366,0.010000000000053971,0.06807753912903916,0.00019110013520334565,0.009389362008772733,0.009787952824782072,0.0,0.01007153332734728,0.007722007722007722,1.0965250965250966,2.694756218012032,fing_x_face,8,0.01,face_C>ri_V>li_V>face_G,4,LR-P2-N2,GP,main,0.04512953758239746,0.010894615545778337,0.003861003861003861,0.01272036155757086,0.007722007722007722
True,0.01817373983486341,0.010000000000003593,0.017552257094786,0.00032310710359827584,0.008974773749925051,0.009863360781829698,0.0,0.010191254377300889,0.007722007722007722,1.1003861003861004,2.3148364311155007,fing_x_face,8,0.01,face_C>ri_V>li_V>face_G,4,LR-P2-N2-rel,GP,main,0.0324249267578125,0.01107419712070875,0.003861003861003861,0.012540779982640448,0.007722007722007722
True,0.0428725832370807,0.01000000000000893,0.040940982839881325,0.00020702514647029111,0.009734563210386724,0.010119747835791632,0.003875968992248062,0.010370835952231301,0.007722007722007722,1.0965250965250966,2.693499146987519,fing_x_face,8,0.01,face_C>ri_V>li_V>face_G,4,LR-P1-N3,GP,main,0.048407793045043945,0.011343569483104367,0.003861003861003861,0.01316931549489689,0.007722007722007722
True,0.03504796920367451,0.010000000000005555,0.0336067765281018,0.0001996313912392093,0.009568316947259752,0.0099236871474678,0.003875968992248062,0.01022118463978929,0.007722007722007722,1.0965250965250966,2.694187543024752,fing_x_face,8,0.01,face_C>ri_V>li_V>face_G,4,NLS-N2,GP,main,0.03984522819519043,0.011014336595731944,0.003861003861003861,0.012929873394989674,0.007722007722007722
True,0.04274383168139531,0.010000000000026347,0.040826208321238795,0.00020702514647029111,0.009734563210386724,0.010119747835791632,0.003875968992248062,0.010370835952231301,0.007722007722007722,1.0965250965250966,2.693499146987519,fing_x_face,8,0.01,face_C>ri_V>li_V>face_G,4,DE-N2,GP,main,0.04814028739929199,0.011343569483104367,0.003861003861003861,0.01316931549489689,0.007722007722007722
True,0.05298458461796725,0.010000000000007706,0.04936565777201229,0.0012531277615878914,0.009378615040115786,0.010436461255391669,0.0,0.011119092514441351,0.007722007722007722,1.0965250965250966,1.8634282122654215,fing_x_face,8,0.01,face_C>ri_V>li_V>face_G,4,MAXMONO-K3,GP,main,0.07766056060791016,0.012346233276465834,0.003861003861003861,0.01405225823830475,0.007722007722007722
True,,,,,,0.009999095104515429,0.007751937984496124,0.006734309059890455,0.011583011583011582,1.4517374517374517,2.719942533896022,fing_x_face,8,0.01,face_C>ri_V>li_V>face_G,4,S1-Marcialis,rule,main,0.007868051528930664,,,,
True,,,,,,0.009999095104515429,0.007751937984496124,0.006734309059890455,0.011583011583011582,1.4517374517374517,2.719942533896022,fing_x_face,8,0.01,face_C>ri_V>li_V>face_G,4,S2-Symmetric,rule,main,0.052877187728881836,,,,
False,,,,,,,,,,,,fing_x_face,8,0.01,face_C>ri_V>li_V>face_G,4,S4-Direct,rule,main,5.0067901611328125e-06,,,,
True,0.1260870029448629,0.010000000000001905,0.11878532091516456,0.04421861586800405,0.009588628979089771,0.01569993665731608,0.046511627906976744,0.013214210888629493,0.04247104247104247,1.1467181467181466,1.1437400856005506,fing_x_face,8,0.01,face_G>face_C>li_V>ri_V,4,HYP,GP,main,0.034748077392578125,0.01418694441950256,0.05019305019305019,0.015054922031666218,0.04633204633204633
True,0.06860323968283538,0.010000000000000803,0.06534167615865001,0.0002244532838006983,0.009817611607936799,0.009697463276324918,0.003875968992248062,0.00754242614707731,0.007722007722007722,1.2316602316602316,2.794738259854539,fing_x_face,8,0.01,face_G>face_C>li_V>ri_V,4,MONO,GP,main,0.05304455757141113,0.008096136003112746,0.003861003861003861,0.009113764927718416,0.007722007722007722
True,0.027241667046225836,0.010000000000003149,0.026333890232331344,0.00019297701153123562,0.00974747252811179,0.009863360781829698,0.003875968992248062,0.007946484690670738,0.007722007722007722,1.2277992277992278,2.795396725629284,fing_x_face,8,0.01,face_G>face_C>li_V>ri_V,4,MONO-rel,GP,main,0.03538107872009277,0.008500194546706174,0.003861003861003861,0.009817126096195864,0.007722007722007722
True,0.06678898561857599,0.010000000000005884,0.0633752901390581,0.00023596370861099055,0.009828729716939157,0.009667300093505866,0.003875968992248062,0.007422705097123701,0.007722007722007722,1.2355212355212355,2.7946484690670736,fing_x_face,8,0.01,face_G>face_C>li_V>ri_V,4,LR-P1-N2,GP,main,0.04422354698181152,0.007826763640717129,0.003861003861003861,0.008814462302834395,0.007722007722007722
True,0.026911687290553096,0.010000000000001896,0.02601749402372372,0.00019297701153123562,0.009741314489837524,0.009833197599010647,0.003875968992248062,0.007886624165693933,0.007722007722007722,1.2277992277992278,2.7955014815479933,fing_x_face,8,0.01,face_G>face_C>li_V>ri_V,4,LR-P1-N2-rel,GP,main,0.0486750602722168,0.008470264284217772,0.003861003861003861,0.009682439914998054,0.007722007722007722
True,0.09845838324147596,0.010000000000005315,0.09109921679806528,0.0002394168360540782,0.009832003499780624,0.00975778964196302,0.003875968992248062,0.007317949178414294,0.007722007722007722,1.2316602316602316,2.7947831552482714,fing_x_face,8,0.01,face_G>face_C>li_V>ri_V,4,LR-P2-N2,GP,main,0.04176497459411621,0.007901589296938134,0.003861003861003861,0.008709706384124988,0.007722007722007722
True,0.024988887057088828,0.010000000000000217,0.024141125595095934,0.000506122858081922,0.009514499102428752,0.009697463276324918,0.0,0.008096136003112746,0.007722007722007722,1.2316602316602316,2.6294932806560714,fing_x_face,8,0.01,face_G>face_C>li_V>ri_V,4,LR-P2-N2-rel,GP,main,0.045591115951538086,0.009083834665230014,0.003861003861003861,0.010325940558498697,0.007722007722007722
True,0.06678971541298911,0.010000000000008105,0.06337528055300742,0.00023596370861099055,0.009841534238595134,0.009682381684915392,0.003875968992248062,0.007422705097123701,0.007722007722007722,1.2355212355212355,2.7946484690670736,fing_x_face,8,0.01,face_G>face_C>li_V>ri_V,4,LR-P1-N3,GP,main,0.04713082313537598,0.007826763640717129,0.003861003861003861,0.008829427434078597,0.007722007722007722
True,0.05838141254826788,0.010000000000000644,0.055866789957239975,0.0002244532838006983,0.009900294626717637,0.009833197599010647,0.003875968992248062,0.007751937984496124,0.007722007722007722,1.2316602316602316,2.7946933644608065,fing_x_face,8,0.01,face_G>face_C>li_V>ri_V,4,NLS-N2,GP,main,0.03670239448547363,0.008335578103019964,0.003861003861003861,0.009293346502648828,0.007722007722007722
True,0.06627444983573803,0.010000000000033845,0.06290282702404044,0.00023596370861099055,0.009830963994598164,0.009682381684915392,0.003875968992248062,0.007377809703391099,0.007722007722007722,1.2355212355212355,2.794738259854539,fing_x_face,8,0.01,face_G>face_C>li_V>ri_V,4,DE-N2,GP,main,0.0574338436126709,0.007811798509472928,0.003861003861003861,0.008814462302834395,0.007722007722007722
True,0.10040769300308654,0.010000000000006915,0.09314775029114004,0.001228062118853949,0.009655713578415647,0.010134829427201158,0.003875968992248062,0.008859357696566999,0.007722007722007722,1.223938223938224,2.372182814043279,fing_x_face,8,0.01,face_G>face_C>li_V>ri_V,4,MAXMONO-K3,GP,main,0.06311845779418945,0.009727335308730658,0.003861003861003861,0.011268743826883362,0.007722007722007722
True,,,,,,0.007751937984496124,0.003875968992248062,0.007707042590763521,0.007722007722007722,1.6988416988416988,2.81166382329173,fing_x_face,8,0.01,face_G>face_C>li_V>ri_V,4,S1-Marcialis,rule,main,0.0050318241119384766,,,,
True,,,,,,0.007751937984496124,0.003875968992248062,0.007707042590763521,0.007722007722007722,1.6988416988416988,2.81166382329173,fing_x_face,8,0.01,face_G>face_C>li_V>ri_V,4,S2-Symmetric,rule,main,0.07386398315429688,,,,
False,,,,,,,,,,,,fing_x_face,8,0.01,face_G>face_C>li_V>ri_V,4,S4-Direct,rule,main,5.7220458984375e-06,,,,
True,0.11170129461725116,0.01000000000000036,0.10539263930147397,0.04034170437508918,0.009534171442214034,0.015202244140801737,0.04263565891472868,0.012316303013977433,0.03861003861003861,1.1505791505791505,1.1595582293256712,fing_x_face,8,0.01,face_G>face_C>ri_V>li_V,4,HYP,GP,main,0.027131080627441406,0.013438687857292509,0.04247104247104247,0.014471281913142378,0.04633204633204633
True,0.06787390988529822,0.010000000000005671,0.06499865914159125,0.0002394168360540782,0.009735986204111431,0.00962205531927729,0.003875968992248062,0.0072131932597048875,0.007722007722007722,1.2355212355212355,2.83994792134327,fing_x_face,8,0.01,face_G>face_C>ri_V>li_V,4,MONO,GP,main,0.06409931182861328,0.007677112328275119,0.003861003861003861,0.008679776121636586,0.007722007722007722
True,0.026535288233950665,0.010000000000034164,0.02586362162043441,0.00018564013134039295,0.009690476463612303,0.009742708050553495,0.0,0.007647182065786717,0.007722007722007722,1.2355212355212355,2.840456735805573,fing_x_face,8,0.01,face_G>face_C>ri_V>li_V,4,MONO-rel,GP,main,0.05703401565551758,0.00814103139684535,0.003861003861003861,0.009203555715183623,0.007722007722007722
True,0.06594127827762647,0.010000000000003974,0.06298007887877137,0.0002468986121807681,0.009854801988381727,0.009727626459143969,0.003875968992248062,0.007258088653437491,0.007722007722007722,1.2277992277992278,2.839633653587142,fing_x_face,8,0.01,face_G>face_C>ri_V>li_V,4,LR-P1-N2,GP,main,0.053321123123168945,0.007871659034449733,0.003861003861003861,0.008515159677950376,0.007722007722007722
True,0.026234623345807898,0.010000000000006355,0.025563582274045912,0.00018564013134039295,0.0096927110249096,0.009742708050553495,0.0,0.007677112328275119,0.007722007722007722,1.2355212355212355,2.8403519798868637,fing_x_face,8,0.01,face_G>face_C>ri_V>li_V,4,LR-P1-N2-rel,GP,main,0.05226278305053711,0.008185926790577953,0.003861003861003861,0.009218520846427823,0.007722007722007722
True,0.09737127861035268,0.01000000000000544,0.09070825857001277,0.00026758352264867564,0.009765243033934699,0.009682381684915392,0.003875968992248062,0.006943820897309269,0.007722007722007722,1.22007722007722,2.8401424680494447,fing_x_face,8,0.01,face_G>face_C>ri_V>li_V,4,LR-P2-N2,GP,main,0.04093027114868164,0.007332914309658495,0.003861003861003861,0.008200891921822155,0.007722007722007722
True,0.024264148912845455,0.010000000000007394,0.02361072190443477,0.00022961266245095864,0.009767085502678153,0.01036105329834404,0.0,0.008200891921822155,0.007722007722007722,1.2355212355212355,2.600371135254856,fing_x_face,8,0.01,face_G>face_C>ri_V>li_V,4,LR-P2-N2-rel,GP,main,0.03789973258972168,0.009353207027625631,0.003861003861003861,0.01020621950854509,0.007722007722007722
True,0.06592887414881003,0.010000000000000458,0.06297480155186128,0.0002468986121807681,0.009857053992077784,0.009727626459143969,0.003875968992248062,0.007258088653437491,0.007722007722007722,1.2277992277992278,2.839633653587142,fing_x_face,8,0.01,face_G>face_C>ri_V>li_V,4,LR-P1-N3,GP,main,0.12347698211669922,0.00785669390320553,0.003861003861003861,0.008515159677950376,0.007722007722007722
True,0.05771307168429978,0.010000000000001586,0.05552379421093611,0.0002394168360540782,0.009812723073988654,0.00975778964196302,0.003875968992248062,0.007452635359612104,0.007722007722007722,1.2355212355212355,2.8396935141121187,fing_x_face,8,0.01,face_G>face_C>ri_V>li_V,4,NLS-N2,GP,main,0.06357431411743164,0.007916554428182334,0.003861003861003861,0.008829427434078597,0.007722007722007722
True,0.0654375164746657,0.010000000000012145,0.06251116491182107,0.0002468986121807681,0.009842007643675958,0.009712544867734443,0.003875968992248062,0.007258088653437491,0.007722007722007722,1.2277992277992278,2.839633653587142,fing_x_face,8,0.01,face_G>face_C>ri_V>li_V,4,DE-N2,GP,main,0.06270313262939453,0.00785669390320553,0.003861003861003861,0.008500194546706174,0.007722007722007722
True,0.09839296028721815,0.010000000000008105,0.09205484472189114,0.000675236727729985,0.009712853146254008,0.010270563749886889,0.0,0.008694741252880788,0.007722007722007722,1.223938223938224,2.3610487563975937,fing_x_face,8,0.01,face_G>face_C>ri_V>li_V,4,MAXMONO-K3,GP,main,0.11120939254760742,0.009876986621172668,0.003861003861003861,0.01096944120199934,0.007722007722007722
True,,,,,,0.007254245467981781,0.003875968992248062,0.010325940558498697,0.015444015444015444,1.6872586872586872,2.8569034150429498,fing_x_face,8,0.01,face_G>face_C>ri_V>li_V,4,S1-Marcialis,rule,main,0.007222175598144531,,,,
True,,,,,,0.007254245467981781,0.003875968992248062,0.010325940558498697,0.015444015444015444,1.6872586872586872,2.8569034150429498,fing_x_face,8,0.01,face_G>face_C>ri_V>li_V,4,S2-Symmetric,rule,main,0.0861058235168457,,,,
False,,,,,,,,,,,,fing_x_face,8,0.01,face_G>face_C>ri_V>li_V,4,S4-Direct,rule,main,4.0531158447265625e-06,,,,
True,0.1870490245640524,0.010000000000006417,0.17532999139537933,0.05703056368245713,0.00924086976198666,0.012608210418363346,0.05813953488372093,0.010580347789650115,0.06177606177606178,1.0926640926640927,1.092843674239023,fing_x_face,8,0.01,face_G>li_V>face_C>ri_V,4,HYP,GP,main,0.035332441329956055,0.011777558289186196,0.05791505791505792,0.012286372751489031,0.06177606177606178
True,0.07240774982214009,0.010000000000000368,0.06753755356038955,0.00027706269602185746,0.009775967387545235,0.009727626459143969,0.0,0.0071084373409954806,0.003861003861003861,1.162162162162162,2.9720002394421,fing_x_face,8,0.01,face_G>li_V>face_C>ri_V,4,MONO,GP,main,0.060048818588256836,0.007527461015833109,0.003861003861003861,0.008485229415461974,0.003861003861003861
True,0.03150985829704897,0.010000000000000111,0.029767318109335635,0.0003706735955849022,0.009758191734036078,0.009878442373239224,0.003875968992248062,0.007123402472239681,0.003861003861003861,1.162162162162162,2.7916554428182336,fing_x_face,8,0.01,face_G>li_V>face_C>ri_V,4,MONO-rel,GP,main,0.03608274459838867,0.007811798509472928,0.003861003861003861,0.008530124809194576,0.003861003861003861
True,0.0711655284141608,0.010000000000003211,0.06593748368974642,0.0002970705226773948,0.009724044581532932,0.009712544867734443,0.0,0.006898925503576667,0.003861003861003861,1.162162162162162,2.972164855885786,fing_x_face,8,0.01,face_G>li_V>face_C>ri_V,4,LR-P1-N2,GP,main,0.039110422134399414,0.007258088653437491,0.003861003861003861,0.008245787315554757,0.003861003861003861
True,0.03105843744542742,0.01000000000000027,0.02936576653115959,0.0003706735955849022,0.009770287469366836,0.009908605556058275,0.003875968992248062,0.007123402472239681,0.003861003861003861,1.162162162162162,2.8079674358744127,fing_x_face,8,0.01,face_G>li_V>face_C>ri_V,4,LR-P1-N2-rel,GP,main,0.0383603572845459,0.007826763640717129,0.003861003861003861,0.00856005507168298,0.003861003861003861
True,0.09815416164959255,0.010000000000000378,0.09090558654891372,0.00031768772476406537,0.009694610868545525,0.009697463276324918,0.0,0.007243123522193289,0.003861003861003861,1.16988416988417,2.972538984166891,fing_x_face,8,0.01,face_G>li_V>face_C>ri_V,4,LR-P2-N2,GP,main,0.052110910415649414,0.008111101134356948,0.003861003861003861,0.008769566909101793,0.003861003861003861
True,0.02871374472197081,0.010000000000003903,0.02729608488394508,0.00041851904610222524,0.009890621165323339,0.010104666244382107,0.0,0.008066205740624345,0.003861003861003861,1.1776061776061777,2.71662027475981,fing_x_face,8,0.01,face_G>li_V>face_C>ri_V,4,LR-P2-N2-rel,GP,main,0.04973888397216797,0.008754601777857592,0.003861003861003861,0.009936847146149471,0.007722007722007722
True,0.0711664991296944,0.010000000000004658,0.06593753132369852,0.0002970705226773948,0.009734882116372532,0.009727626459143969,0.0,0.006898925503576667,0.003861003861003861,1.162162162162162,2.972164855885786,fing_x_face,8,0.01,face_G>li_V>face_C>ri_V,4,LR-P1-N3,GP,main,0.060044050216674805,0.007258088653437491,0.003861003861003861,0.008260752446798959,0.003861003861003861
True,0.06223244175470419,0.010000000000004587,0.05827179488967663,0.00027076581656681526,0.009793422250597327,0.00975778964196302,0.0,0.007168297865972285,0.003861003861003861,1.162162162162162,2.9719703091796115,fing_x_face,8,0.01,face_G>li_V>face_C>ri_V,4,NLS-N2,GP,main,0.05923271179199219,0.007557391278321511,0.003861003861003861,0.008500194546706174,0.003861003861003861
True,0.07051487821957668,0.010000000000063847,0.06539546908789408,0.0002970705226773948,0.009704757260083931,0.009697463276324918,0.0,0.006868995241088264,0.003861003861003861,1.162162162162162,2.972224716410763,fing_x_face,8,0.01,face_G>li_V>face_C>ri_V,4,DE-N2,GP,main,0.0614924430847168,0.0072131932597048875,0.003861003861003861,0.008260752446798959,0.003861003861003861
True,0.10404227106961002,0.010000000000001985,0.09451870114947022,0.0058454080939595605,0.00945333531183057,0.009772871233372546,0.007751937984496124,0.008694741252880788,0.015444015444015444,1.1583011583011582,2.0933824189638144,fing_x_face,8,0.01,face_G>li_V>face_C>ri_V,4,MAXMONO-K3,GP,main,0.08645415306091309,0.010101463589835684,0.011583011583011582,0.01096944120199934,0.015444015444015444
True,,,,,,0.007751937984496124,0.003875968992248062,0.007722007722007722,0.007722007722007722,1.5328185328185329,2.9883870581545002,fing_x_face,8,0.01,face_G>li_V>face_C>ri_V,4,S1-Marcialis,rule,main,0.005475044250488281,,,,
True,,,,,,0.007751937984496124,0.003875968992248062,0.007722007722007722,0.007722007722007722,1.5328185328185329,2.9883870581545002,fing_x_face,8,0.01,face_G>li_V>face_C>ri_V,4,S2-Symmetric,rule,main,0.07344913482666016,,,,
False,,,,,,,,,,,,fing_x_face,8,0.01,face_G>li_V>face_C>ri_V,4,S4-Direct,rule,main,4.5299530029296875e-06,,,,
True,0.19929183014256335,0.01000000000000219,0.18630075119224768,0.057066674819116876,0.009179625465173034,0.011703314933791814,0.05813953488372093,0.008829427434078597,0.05791505791505792,1.0926640926640927,1.0862590164915746,fing_x_face,8,0.01,face_G>li_V>ri_V>face_C,4,HYP,GP,main,0.023883342742919922,0.010146358983568285,0.06177606177606178,0.010580347789650115,0.06177606177606178
True,0.0723117705543202,0.01000000000022911,0.06748940372855111,0.0002924270818921604,0.00978182997092322,0.009697463276324918,0.0,0.007183262997216486,0.003861003861003861,1.162162162162162,3.1877076411960132,fing_x_face,8,0.01,face_G>li_V>ri_V>face_C,4,MONO,GP,main,0.04220771789550781,0.007587321540809913,0.003861003861003861,0.008545089940438778,0.003861003861003861
True,0.03152263864883853,0.010000000000010459,0.029746446104491175,0.0005047998363125509,0.009727933729235723,0.00975778964196302,0.003875968992248062,0.007497530753344707,0.003861003861003861,1.162162162162162,2.6968962317799527,fing_x_face,8,0.01,face_G>li_V>ri_V>face_C,4,MONO-rel,GP,main,0.04292011260986328,0.008200891921822155,0.003861003861003861,0.008949148484032205,0.003861003861003861
True,0.07106425272454917,0.010000000000008592,0.06588818661262336,0.004179218581797146,0.009718348564164054,0.009637136910686815,0.003875968992248062,0.0069138906348208675,0.003861003861003861,1.162162162162162,3.187902187902188,fing_x_face,8,0.01,face_G>li_V>ri_V>face_C,4,LR-P1-N2,GP,main,0.03753972053527832,0.007332914309658495,0.003861003861003861,0.008320612971775762,0.003861003861003861
True,0.03107582495639895,0.010000000000000236,0.029346526428599366,0.0005102571318402541,0.009677365477927491,0.009682381684915392,0.003875968992248062,0.007467600490856305,0.003861003861003861,1.162162162162162,2.6969111969111967,fing_x_face,8,0.01,face_G>li_V>ri_V>face_C,4,LR-P1-N2-rel,GP,main,0.0549314022064209,0.008155996528089552,0.003861003861003861,0.0088892879590554,0.003861003861003861
True,0.09723975949783845,0.010000000000003815,0.09060398399085112,0.00027950019774638986,0.009724536988441718,0.009667300093505866,0.0,0.006943820897309269,0.003861003861003861,1.166023166023166,3.1884708628894676,fing_x_face,8,0.01,face_G>li_V>ri_V>face_C,4,LR-P2-N2,GP,main,0.06383275985717773,0.007557391278321511,0.003861003861003861,0.008410403759240969,0.003861003861003861
True,0.02870131978082103,0.010000000000007997,0.027258881858240925,0.0005431078842488282,0.009780815542825306,0.009938768738877326,0.0,0.008006345215647541,0.0,1.1776061776061777,2.6441291790129,fing_x_face,8,0.01,face_G>li_V>ri_V>face_C,4,LR-P2-N2-rel,GP,main,0.04242563247680664,0.008934183352788004,0.003861003861003861,0.01007153332734728,0.003861003861003861
True,0.07105016154391443,0.010000000000006897,0.06588350757848012,0.0003137064719473289,0.009733430155573559,0.00965221850209634,0.0,0.0069138906348208675,0.003861003861003861,1.162162162162162,3.1879470832959207,fing_x_face,8,0.01,face_G>li_V>ri_V>face_C,4,LR-P1-N3,GP,main,0.045320749282836914,0.007332914309658495,0.003861003861003861,0.008320612971775762,0.003861003861003861
True,0.06220394218699484,0.010000000000004498,0.058246945643574605,0.004205031725059946,0.009751271973419478,0.009712544867734443,0.003875968992248062,0.007168297865972285,0.003861003861003861,1.162162162162162,3.1044865463470113,fing_x_face,8,0.01,face_G>li_V>ri_V>face_C,4,NLS-N2,GP,main,0.04025554656982422,0.007662147197030918,0.003861003861003861,0.00857502020292718,0.003861003861003861
True,0.07039964722268736,0.010000000000005848,0.06534084051824009,0.0003137064719473289,0.009713556017022939,0.009637136910686815,0.0,0.006883960372332465,0.003861003861003861,1.162162162162162,3.188006943820897,fing_x_face,8,0.01,face_G>li_V>ri_V>face_C,4,DE-N2,GP,main,0.0466766357421875,0.007288018915925893,0.003861003861003861,0.008320612971775762,0.003861003861003861
True,0.10203414489079161,0.010000000000046767,0.09342721524225547,0.0008420105957224965,0.009421124208804062,0.0099236871474678,0.0,0.007796833378228727,0.003861003861003861,1.1737451737451738,2.543024752327078,fing_x_face,8,0.01,face_G>li_V>ri_V>face_C,4,MAXMONO-K3,GP,main,0.07705330848693848,0.008754601777857592,0.003861003861003861,0.009592649127532849,0.003861003861003861
True,,,,,,0.009999095104515429,0.003875968992248062,0.011927209601628207,0.003861003861003861,1.5173745173745175,3.2042590763520997,fing_x_face,8,0.01,face_G>li_V>ri_V>face_C,4,S1-Marcialis,rule,main,0.00507807731628418,,,,
True,,,,,,0.009999095104515429,0.003875968992248062,0.011927209601628207,0.003861003861003861,1.5173745173745175,3.2042590763520997,fing_x_face,8,0.01,face_G>li_V>ri_V>face_C,4,S2-Symmetric,rule,main,0.06074213981628418,,,,
False,,,,,,,,,,,,fing_x_face,8,0.01,face_G>li_V>ri_V>face_C,4,S4-Direct,rule,main,5.245208740234375e-06,,,,
True,0.12832929891192724,0.010000000000000333,0.1209810019927119,0.04476195531491672,0.009288943331609852,0.012909842246553857,0.04263565891472868,0.009218520846427823,0.03474903474903475,1.1081081081081081,1.123881356439496,fing_x_face,8,0.01,face_G>ri_V>face_C>li_V,4,HYP,GP,main,0.0257260799407959,0.01049055700218491,0.03861003861003861,0.011343569483104367,0.03861003861003861
True,0.06693114495551952,0.01000000000002736,0.06441868515506341,0.00024365267238426577,0.009850700982795583,0.009803034416191597,0.0,0.0070186465535302745,0.003861003861003861,1.1583011583011582,3.0909431025710097,fing_x_face,8,0.01,face_G>ri_V>face_C>li_V,4,MONO,GP,main,0.04424738883972168,0.007467600490856305,0.003861003861003861,0.008589985334171381,0.003861003861003861
True,0.026558129131818334,0.010000000000000342,0.025877517493491087,0.00022095953132886842,0.00943182017715762,0.009395831448134407,0.0,0.0072131932597048875,0.003861003861003861,1.1583011583011582,3.0917661847894404,fing_x_face,8,0.01,face_G>ri_V>face_C>li_V,4,MONO-rel,GP,main,0.07591462135314941,0.0074077399658795005,0.003861003861003861,0.008634880727903983,0.003861003861003861
True,0.06494217807819803,0.010000000000075473,0.06235410265136975,0.00031423459732097766,0.009545188634544687,0.00948632099659156,0.003875968992248062,0.006554727484960043,0.003861003861003861,1.1544401544401544,3.091047858489719,fing_x_face,8,0.01,face_G>ri_V>face_C>li_V,4,LR-P1-N2,GP,main,0.09378981590270996,0.007273053784681692,0.003861003861003861,0.007961449821914938,0.003861003861003861
True,0.02627267239887653,0.010000000000004393,0.025589658128128093,0.0002146464018623294,0.009629997365730097,0.009682381684915392,0.0,0.00754242614707731,0.003861003861003861,1.1583011583011582,3.091646463739487,fing_x_face,8,0.01,face_G>ri_V>face_C>li_V,4,LR-P1-N2-rel,GP,main,0.07573819160461426,0.007946484690670738,0.003861003861003861,0.00903893927149741,0.003861003861003861
True,0.09144323969115084,0.010000000000000288,0.08767003515140313,0.00023757516808443143,0.009689082396140388,0.009742708050553495,0.0,0.006943820897309269,0.003861003861003861,1.1583011583011582,3.091272335458382,fing_x_face,8,0.01,face_G>ri_V>face_C>li_V,4,LR-P2-N2,GP,main,0.08648324012756348,0.007557391278321511,0.003861003861003861,0.008649845859148185,0.003861003861003861
True,0.024255290779362573,0.010000000000000564,0.02359528546189173,0.0002869752030349562,0.00972678454463004,0.009908605556058275,0.0,0.008051240609380145,0.003861003861003861,1.162162162162162,2.846637335009428,fing_x_face,8,0.01,face_G>ri_V>face_C>li_V,4,LR-P2-N2-rel,GP,main,0.040647268295288086,0.0088743228278112,0.003861003861003861,0.009772230702463261,0.003861003861003861
True,0.064856340607819,0.010000000000069531,0.06230561991773404,0.00031423459732097766,0.009542229535140985,0.00948632099659156,0.003875968992248062,0.006599622878692646,0.003861003861003861,1.1544401544401544,3.0910029630959865,fing_x_face,8,0.01,face_G>ri_V>face_C>li_V,4,LR-P1-N3,GP,main,0.054531097412109375,0.007288018915925893,0.003861003861003861,0.008006345215647541,0.003861003861003861
True,0.05717538605497589,0.01000000000000831,0.055162988755001564,0.00024365267238426577,0.009823844544466878,0.009787952824782072,0.0,0.0070186465535302745,0.003861003861003861,1.1583011583011582,3.090973032833498,fing_x_face,8,0.01,face_G>ri_V>face_C>li_V,4,NLS-N2,GP,main,0.06270861625671387,0.007482565622100506,0.003861003861003861,0.008619915596659783,0.003861003861003861
True,0.06437404754089829,0.010000000000331305,0.061845227871249825,0.00031423459732097766,0.009515083791324756,0.00945615781377251,0.003875968992248062,0.006554727484960043,0.003861003861003861,1.1544401544401544,3.091047858489719,fing_x_face,8,0.01,face_G>ri_V>face_C>li_V,4,DE-N2,GP,main,0.04474020004272461,0.007258088653437491,0.003861003861003861,0.007946484690670738,0.003861003861003861
True,0.09637025803631334,0.010000000000001905,0.09056544186023245,0.0032929858367319233,0.009467719725192355,0.010180074201429735,0.0,0.008200891921822155,0.0,1.1544401544401544,1.9907365837598396,fing_x_face,8,0.01,face_G>ri_V>face_C>li_V,4,MAXMONO-K3,GP,main,0.07008647918701172,0.009398102421358235,0.003861003861003861,0.010610278052138516,0.0
True,,,,,,0.007254245467981781,0.003875968992248062,0.010325940558498697,0.011583011583011582,1.498069498069498,3.106446978540002,fing_x_face,8,0.01,face_G>ri_V>face_C>li_V,4,S1-Marcialis,rule,main,0.0055086612701416016,,,,
True,,,,,,0.007254245467981781,0.003875968992248062,0.010325940558498697,0.011583011583011582,1.498069498069498,3.106446978540002,fing_x_face,8,0.01,face_G>ri_V>face_C>li_V,4,S2-Symmetric,rule,main,0.08988475799560547,,,,
False,,,,,,,,,,,,fing_x_face,8,0.01,face_G>ri_V>face_C>li_V,4,S4-Direct,rule,main,5.0067901611328125e-06,,,,
True,0.1552643481422683,0.010000000000000307,0.1458677496288281,0.04858906187676128,0.009468068977016828,0.012547884052725243,0.046511627906976744,0.008634880727903983,0.05019305019305019,1.0926640926640927,1.102810451647661,fing_x_face,8,0.01,face_G>ri_V>li_V>face_C,4,HYP,GP,main,0.037679433822631836,0.01007153332734728,0.04633204633204633,0.01123881356439496,0.04633204633204633
True,0.06737310577234545,0.010000000000007376,0.06458465041759238,0.00026395706174962125,0.009568956857547908,0.009531565770820137,0.003875968992248062,0.006854030109844063,0.003861003861003861,1.162162162162162,3.2620244829547156,fing_x_face,8,0.01,face_G>ri_V>li_V>face_C,4,MONO,GP,main,0.07404255867004395,0.007317949178414294,0.003861003861003861,0.008380473496752567,0.003861003861003861
True,0.027185978258025115,0.010000000000001142,0.026259480554191687,0.0005235753704295746,0.009358686946199764,0.009410913039543932,0.003875968992248062,0.007168297865972285,0.007722007722007722,1.1583011583011582,2.903220496243752,fing_x_face,8,0.01,face_G>ri_V>li_V>face_C,4,MONO-rel,GP,main,0.045046091079711914,0.008215857053066355,0.003861003861003861,0.00903893927149741,0.007722007722007722
True,0.06544302248924513,0.010000000000005121,0.06253401195786196,0.0002774933213265249,0.009591018218135574,0.009576810545048714,0.003875968992248062,0.006689413666157852,0.003861003861003861,1.162162162162162,3.2619346921672503,fing_x_face,8,0.01,face_G>ri_V>li_V>face_C,4,LR-P1-N2,GP,main,0.05212569236755371,0.007168297865972285,0.003861003861003861,0.00829068270928736,0.003861003861003861
True,0.026876330475038304,0.010000000000000564,0.025956804933437633,0.0005090316101398642,0.009391122219284589,0.009425994630953458,0.003875968992248062,0.007138367603483882,0.007722007722007722,1.1583011583011582,2.9031756008500196,fing_x_face,8,0.01,face_G>ri_V>li_V>face_C,4,LR-P1-N2-rel,GP,main,0.03743171691894531,0.008170961659333752,0.003861003861003861,0.009009009009009009,0.007722007722007722
True,0.0914614793063223,0.010000000000007803,0.08766532037645798,0.0002513876778567821,0.00968573768390406,0.009682381684915392,0.003875968992248062,0.00695878602855347,0.003861003861003861,1.162162162162162,3.2619496572984943,fing_x_face,8,0.01,face_G>ri_V>li_V>face_C,4,LR-P2-N2,GP,main,0.04383444786071777,0.007677112328275119,0.003861003861003861,0.008664810990392386,0.003861003861003861
True,0.024898053057275035,0.010000000000005378,0.0240343642490943,0.0005794754099788526,0.008854217939792621,0.008943383705848641,0.003875968992248062,0.007078507078507079,0.007722007722007722,1.1583011583011582,2.8172009218520846,fing_x_face,8,0.01,face_G>ri_V>li_V>face_C,4,LR-P2-N2-rel,GP,main,0.03449821472167969,0.00814103139684535,0.007722007722007722,0.00917362545269522,0.007722007722007722
True,0.0653579314746588,0.010000000000057008,0.062487566792361886,0.0002774933213265249,0.009560923554537436,0.009546647362229663,0.003875968992248062,0.006674448534913651,0.003861003861003861,1.162162162162162,3.2619795875609827,fing_x_face,8,0.01,face_G>ri_V>li_V>face_C,4,LR-P1-N3,GP,main,0.0525357723236084,0.007123402472239681,0.003861003861003861,0.008245787315554757,0.003861003861003861
True,0.05763971300458517,0.010000000000002403,0.055358616022196126,0.00026395706174962125,0.009519719327090937,0.00948632099659156,0.003875968992248062,0.006898925503576667,0.003861003861003861,1.162162162162162,3.262069378348448,fing_x_face,8,0.01,face_G>ri_V>li_V>face_C,4,NLS-N2,GP,main,0.051580190658569336,0.007317949178414294,0.003861003861003861,0.00845529915297357,0.003861003861003861
True,0.06486110200008162,0.010000000000009996,0.06202292464224229,0.0002774933213265249,0.009586225227944447,0.009576810545048714,0.003875968992248062,0.006689413666157852,0.003861003861003861,1.162162162162162,3.2619795875609827,fing_x_face,8,0.01,face_G>ri_V>li_V>face_C,4,DE-N2,GP,main,0.06839537620544434,0.007123402472239681,0.003861003861003861,0.008245787315554757,0.003861003861003861
True,0.09659345279264678,0.01000000000000392,0.09066364334585623,0.0013661222165314683,0.00942712811225546,0.009938768738877326,0.0,0.007467600490856305,0.007722007722007722,1.1583011583011582,2.379321181646763,fing_x_face,8,0.01,face_G>ri_V>li_V>face_C,4,MAXMONO-K3,GP,main,0.1081993579864502,0.008649845859148185,0.007722007722007722,0.009532788602556044,0.007722007722007722
True,,,,,,0.009999095104515429,0.003875968992248062,0.011927209601628207,0.003861003861003861,1.494208494208494,3.277079404986382,fing_x_face,8,0.01,face_G>ri_V>li_V>face_C,4,S1-Marcialis,rule,main,0.00613713264465332,,,,
True,,,,,,0.009999095104515429,0.003875968992248062,0.011927209601628207,0.003861003861003861,1.494208494208494,3.277079404986382,fing_x_face,8,0.01,face_G>ri_V>li_V>face_C,4,S2-Symmetric,rule,main,0.06820392608642578,,,,
False,,,,,,,,,,,,fing_x_face,8,0.01,face_G>ri_V>li_V>face_C,4,S4-Direct,rule,main,5.0067901611328125e-06,,,,
False,,,,,,,,,,,,fing_x_face,8,0.01,li_V>face_C>face_G>ri_V,4,HYP,GP,main,0.12325620651245117,,,,
True,0.07007360147447772,0.009999999999999969,0.06682950199140711,0.00030369465930841594,0.008014217570952666,0.00830995686664857,0.0,0.010520487264673311,0.007722007722007722,1.16988416988417,2.827347280835653,fing_x_face,8,0.01,li_V>face_C>face_G>ri_V,4,MONO,GP,main,0.043402671813964844,0.012346233276465834,0.003861003861003861,0.012929873394989674,0.007722007722007722
True,0.055898037209169936,0.010000000000025256,0.054586010402022885,0.00019413347068276385,0.009332393572084171,0.010104666244382107,0.0,0.011732662895453593,0.007722007722007722,1.166023166023166,2.826613989404687,fing_x_face,8,0.01,li_V>face_C>face_G>ri_V,4,MONO-rel,GP,main,0.04396319389343262,0.013723025350932328,0.003861003861003861,0.014561072700607584,0.007722007722007722
True,0.07795585613189773,0.010000000000001497,0.0742338679268959,0.00029322242967709126,0.008112157214371456,0.008370283232286672,0.0,0.010550417527161713,0.007722007722007722,1.16988416988417,2.82730238544192,fing_x_face,8,0.01,li_V>face_C>face_G>ri_V,4,LR-P1-N2,GP,main,0.04059028625488281,0.012361198407710036,0.003861003861003861,0.013049594444943281,0.007722007722007722
True,0.05489987461644266,0.010000000000000085,0.053605059835441025,0.00020106680892143398,0.009248538542761342,0.009999095104515429,0.0,0.011702732632965191,0.007722007722007722,1.166023166023166,2.826673849929664,fing_x_face,8,0.01,li_V>face_C>face_G>ri_V,4,LR-P1-N2-rel,GP,main,0.040086984634399414,0.01360330430097872,0.003861003861003861,0.014471281913142378,0.007722007722007722
True,0.07570935014795922,0.010000000000168173,0.06973355754353192,0.00029944031602069024,0.009210373108504116,0.00945615781377251,0.0,0.012286372751489031,0.007722007722007722,1.162162162162162,2.823201939481009,fing_x_face,8,0.01,li_V>face_C>face_G>ri_V,4,LR-P2-N2,GP,main,0.04082155227661133,0.014591002963095987,0.003861003861003861,0.014591002963095987,0.007722007722007722
True,0.04515994646850522,0.010000000000009135,0.04406597125607565,0.00029112798375082626,0.009613403592856654,0.010557113986667874,0.0,0.012181616832779624,0.007722007722007722,1.166023166023166,2.6894435964203405,fing_x_face,8,0.01,li_V>face_C>face_G>ri_V,4,LR-P2-N2-rel,GP,main,0.03817009925842285,0.014276735206967765,0.003861003861003861,0.01509981742539882,0.007722007722007722
True,0.07795737949910544,0.010000000000001515,0.07423470471942571,0.00029322242967709126,0.008112157214371456,0.008370283232286672,0.0,0.010550417527161713,0.007722007722007722,1.16988416988417,2.82730238544192,fing_x_face,8,0.01,li_V>face_C>face_G>ri_V,4,LR-P1-N3,GP,main,0.04185295104980469,0.012361198407710036,0.003861003861003861,0.013049594444943281,0.007722007722007722
True,0.06582416961462703,0.01000000000000544,0.06315448151927706,0.0002375101680384439,0.008297043729151451,0.008671915060477181,0.0,0.010939510939510939,0.007722007722007722,1.16988416988417,2.8272275597856993,fing_x_face,8,0.01,li_V>face_C>face_G>ri_V,4,NLS-N2,GP,main,0.03876090049743652,0.012675466163838257,0.003861003861003861,0.013378827332315704,0.007722007722007722
True,0.076804647181786,0.010000000000008495,0.07314469104788847,0.00029322242967709126,0.008074071650130544,0.00834012004946762,0.0,0.010535452395917513,0.007722007722007722,1.16988416988417,2.8273323157044086,fing_x_face,8,0.01,li_V>face_C>face_G>ri_V,4,DE-N2,GP,main,0.040361881256103516,0.012361198407710036,0.003861003861003861,0.01301966418245488,0.007722007722007722
True,0.082938873349776,0.010000000000009064,0.07631894510430057,0.0011825602811058433,0.009634261859204327,0.010511869212439297,0.003875968992248062,0.012675466163838257,0.007722007722007722,1.166023166023166,2.424590703660471,fing_x_face,8,0.01,li_V>face_C>face_G>ri_V,4,MAXMONO-K3,GP,main,0.07995271682739258,0.014576037831851785,0.003861003861003861,0.01568345754392266,0.007722007722007722
True,,,,,,0.007751937984496124,0.003875968992248062,0.007722007722007722,0.011583011583011582,1.4594594594594594,2.848897069827302,fing_x_face,8,0.01,li_V>face_C>face_G>ri_V,4,S1-Marcialis,rule,main,0.014811277389526367,,,,
True,,,,,,0.007751937984496124,0.003875968992248062,0.007722007722007722,0.011583011583011582,1.4594594594594594,2.848897069827302,fing_x_face,8,0.01,li_V>face_C>face_G>ri_V,4,S2-Symmetric,rule,main,0.062024593353271484,,,,
False,,,,,,,,,,,,fing_x_face,8,0.01,li_V>face_C>face_G>ri_V,4,S4-Direct,rule,main,4.0531158447265625e-06,,,,
False,,,,,,,,,,,,fing_x_face,8,0.01,li_V>face_C>ri_V>face_G,4,HYP,GP,main,0.09468722343444824,,,,
True,0.0695686573827534,0.010000000001183618,0.0666231364725411,0.0002739142562943364,0.009490893255178282,0.009803034416191597,0.0,0.012540779982640448,0.007722007722007722,1.1583011583011582,2.8763131902666785,fing_x_face,8,0.01,li_V>face_C>ri_V>face_G,4,MONO,GP,main,0.04213452339172363,0.014635898356828589,0.003861003861003861,0.0147855496692706,0.007722007722007722
True,0.05577865947970764,0.010000000000017564,0.054500468090135215,0.0002902902053803203,0.009122459008163025,0.010406298072572618,0.0,0.011807488551674598,0.007722007722007722,1.166023166023166,2.567582532698812,fing_x_face,8,0.01,li_V>face_C>ri_V>face_G,4,MONO-rel,GP,main,0.040467262268066406,0.01406722336954895,0.003861003861003861,0.014965131244201011,0.007722007722007722
True,0.07751708545401478,0.010000000000009793,0.07406840616085292,0.00025526059726353924,0.009629313624566982,0.009968931921696378,0.0,0.012780222082547664,0.007722007722007722,1.1583011583011582,2.875894166591841,fing_x_face,8,0.01,li_V>face_C>ri_V>face_G,4,LR-P1-N2,GP,main,0.047110795974731445,0.014860375325491604,0.003861003861003861,0.015174643081619825,0.007722007722007722
True,0.05478778117294461,0.010000000000020593,0.05352083079712188,0.00029783021071487406,0.00880042768813806,0.01002925828733448,0.0,0.011478255664302175,0.007722007722007722,1.166023166023166,2.5679267307174283,fing_x_face,8,0.01,li_V>face_C>ri_V>face_G,4,LR-P1-N2-rel,GP,main,0.04128289222717285,0.01360330430097872,0.003861003861003861,0.01450121217563078,0.007722007722007722
True,0.07455638386465499,0.010000000000007012,0.06935301778176584,0.00035114694982535594,0.008688952939253864,0.009094199619943897,0.0,0.011732662895453593,0.007722007722007722,1.1583011583011582,2.8775852264224357,fing_x_face,8,0.01,li_V>face_C>ri_V>face_G,4,LR-P2-N2,GP,main,0.05096793174743652,0.013528478644757714,0.003861003861003861,0.013678129957199725,0.007722007722007722
True,0.04493220706425412,0.010000000000002776,0.04388152756773234,0.00035815025339130425,0.00924406994420522,0.010873827406267909,0.0,0.012361198407710036,0.007722007722007722,1.166023166023166,2.5125108497201523,fing_x_face,8,0.01,li_V>face_C>ri_V>face_G,4,LR-P2-N2-rel,GP,main,0.04022717475891113,0.014591002963095987,0.003861003861003861,0.015458980575259644,0.007722007722007722
True,0.07750851083245679,0.01000000000001005,0.07406635288403882,0.00025526059726353924,0.009624072814127463,0.009968931921696378,0.0,0.012765256951303462,0.007722007722007722,1.1583011583011582,2.8759240968543294,fing_x_face,8,0.01,li_V>face_C>ri_V>face_G,4,LR-P1-N3,GP,main,0.04659008979797363,0.014845410194247403,0.003861003861003861,0.015129747687887224,0.007722007722007722
True,0.06544381459326365,0.010000000000011097,0.06298438815620812,0.00025526059726353924,0.009655943868283346,0.01002925828733448,0.0,0.012780222082547664,0.007722007722007722,1.1583011583011582,2.8759839573793062,fing_x_face,8,0.01,li_V>face_C>ri_V>face_G,4,NLS-N2,GP,main,0.04366660118103027,0.014950166112956811,0.003861003861003861,0.01509981742539882,0.007722007722007722
True,0.07636243264933136,0.010000000000032271,0.07297605231851624,0.00025526059726353924,0.00959132483397226,0.009938768738877326,0.0,0.012675466163838257,0.007722007722007722,1.1583011583011582,2.87610367842926,fing_x_face,8,0.01,li_V>face_C>ri_V>face_G,4,DE-N2,GP,main,0.05518007278442383,0.0147855496692706,0.003861003861003861,0.014980096375445213,0.007722007722007722
True,0.078967865028672,0.010000000000002517,0.07384828562359509,0.0004726803344213366,0.009039940680135007,0.009938768738877326,0.0,0.01225644248900063,0.007722007722007722,1.166023166023166,2.42301936487983,fing_x_face,8,0.01,li_V>face_C>ri_V>face_G,4,MAXMONO-K3,GP,main,0.07516598701477051,0.014142049025769956,0.003861003861003861,0.01509981742539882,0.007722007722007722
True,,,,,,0.009999095104515429,0.007751937984496124,0.006749274191134656,0.011583011583011582,1.4362934362934363,2.903295321899973,fing_x_face,8,0.01,li_V>face_C>ri_V>face_G,4,S1-Marcialis,rule,main,0.008003473281860352,,,,
True,,,,,,0.009999095104515429,0.007751937984496124,0.006749274191134656,0.011583011583011582,1.4362934362934363,2.903295321899973,fing_x_face,8,0.01,li_V>face_C>ri_V>face_G,4,S2-Symmetric,rule,main,0.038964271545410156,,,,
False,,,,,,,,,,,,fing_x_face,8,0.01,li_V>face_C>ri_V>face_G,4,S4-Direct,rule,main,4.291534423828125e-06,,,,
False,,,,,,,,,,,,fing_x_face,8,0.01,li_V>face_G>face_C>ri_V,4,HYP,GP,main,0.05436515808105469,,,,
True,0.07311597823824911,0.010000000000000262,0.06824742420444241,0.0003298752333867277,0.009014773400615963,0.0092148523512201,0.0,0.01123881356439496,0.007722007722007722,1.1776061776061777,2.9956451468079375,fing_x_face,8,0.01,li_V>face_G>face_C>ri_V,4,MONO,GP,main,0.04249382019042969,0.013184280626141092,0.003861003861003861,0.013438687857292509,0.007722007722007722
True,0.05680963639275544,0.010000000000003388,0.055119172553871595,0.0002172445981449976,0.00912620947657652,0.00945615781377251,0.0,0.010670138577115322,0.007722007722007722,1.1737451737451738,2.999790488162581,fing_x_face,8,0.01,li_V>face_G>face_C>ri_V,4,MONO-rel,GP,main,0.03734850883483887,0.012391128670198438,0.003861003861003861,0.012914908263745473,0.007722007722007722
True,0.0805460418163018,0.010000000000004242,0.07531985635876705,0.0003298752333867277,0.009327949027712444,0.009501402588001086,0.0,0.011343569483104367,0.007722007722007722,1.166023166023166,2.995450600101763,fing_x_face,8,0.01,li_V>face_G>face_C>ri_V,4,LR-P1-N2,GP,main,0.03778433799743652,0.013289036544850499,0.003861003861003861,0.013648199694711323,0.007722007722007722
True,0.055773174920645416,0.01000000000001322,0.054127503572045016,0.0002172445981449976,0.009093676298387997,0.009425994630953458,0.0,0.01065517344587112,0.007722007722007722,1.1737451737451738,2.9998054532938254,fing_x_face,8,0.01,li_V>face_G>face_C>ri_V,4,LR-P1-N2-rel,GP,main,0.035848140716552734,0.012301337882733231,0.003861003861003861,0.012810152345036066,0.007722007722007722
True,0.07806252675698028,0.010000000000000875,0.0708138672847832,0.0003455835778337147,0.008855773248071994,0.009033873254305795,0.0,0.01108916225195295,0.007722007722007722,1.1776061776061777,2.9957947981203796,fing_x_face,8,0.01,li_V>face_G>face_C>ri_V,4,LR-P2-N2,GP,main,0.035193681716918945,0.01301966418245488,0.003861003861003861,0.013304001676094699,0.007722007722007722
True,0.0461679484651489,0.010000000000000857,0.04479395335030403,0.0003686369274772928,0.009485396521227247,0.009833197599010647,0.0,0.011568046451767382,0.007722007722007722,1.1737451737451738,2.8508275717578044,fing_x_face,8,0.01,li_V>face_G>face_C>ri_V,4,LR-P2-N2-rel,GP,main,0.035291194915771484,0.01315435036365269,0.003861003861003861,0.013648199694711323,0.007722007722007722
True,0.08054770375724529,0.010000000000004356,0.07532073145555578,0.0003298752333867277,0.009327949027712444,0.009501402588001086,0.0,0.011343569483104367,0.007722007722007722,1.166023166023166,2.995450600101763,fing_x_face,8,0.01,li_V>face_G>face_C>ri_V,4,LR-P1-N3,GP,main,0.042240142822265625,0.013289036544850499,0.003861003861003861,0.013648199694711323,0.007722007722007722
True,0.0683574974992786,0.010000000000053738,0.0644018741973104,0.0003298752333867277,0.009215578042309998,0.009425994630953458,0.0,0.011328604351860165,0.007722007722007722,1.16988416988417,2.9955254257579838,fing_x_face,8,0.01,li_V>face_G>face_C>ri_V,4,NLS-N2,GP,main,0.03876829147338867,0.013214210888629493,0.003861003861003861,0.013573374038490318,0.007722007722007722
True,0.07934752241391853,0.010000000000012705,0.07422968621039283,0.0003298752333867277,0.00931527568386127,0.009501402588001086,0.0,0.011343569483104367,0.007722007722007722,1.166023166023166,2.995450600101763,fing_x_face,8,0.01,li_V>face_G>face_C>ri_V,4,DE-N2,GP,main,0.04153180122375488,0.013274071413606297,0.003861003861003861,0.013648199694711323,0.007722007722007722
True,0.09012043202070444,0.010000000000002243,0.08076713960003876,0.0010961607755337487,0.008294554577146134,0.00877748620034386,0.0,0.010146358983568285,0.007722007722007722,1.16988416988417,2.582263326449373,fing_x_face,8,0.01,li_V>face_G>face_C>ri_V,4,MAXMONO-K3,GP,main,0.06591367721557617,0.011523151058034779,0.003861003861003861,0.012226512226512226,0.007722007722007722
True,,,,,,0.007751937984496124,0.003875968992248062,0.007722007722007722,0.011583011583011582,1.4671814671814671,3.0201281015234502,fing_x_face,8,0.01,li_V>face_G>face_C>ri_V,4,S1-Marcialis,rule,main,0.00594019889831543,,,,
True,,,,,,0.007751937984496124,0.003875968992248062,0.007722007722007722,0.011583011583011582,1.4671814671814671,3.0201281015234502,fing_x_face,8,0.01,li_V>face_G>face_C>ri_V,4,S2-Symmetric,rule,main,0.059673309326171875,,,,
False,,,,,,,,,,,,fing_x_face,8,0.01,li_V>face_G>face_C>ri_V,4,S4-Direct,rule,main,4.291534423828125e-06,,,,
False,,,,,,,,,,,,fing_x_face,8,0.01,li_V>face_G>ri_V>face_C,4,HYP,GP,main,0.03266096115112305,,,,
True,0.07301466023902761,0.010000000000001577,0.06819997247559961,0.00032987523338672773,0.00900352335976882,0.009154525985581998,0.0,0.01123881356439496,0.007722007722007722,1.1814671814671815,3.209437011762593,fing_x_face,8,0.01,li_V>face_G>ri_V>face_C,4,MONO,GP,main,0.037171125411987305,0.013049594444943281,0.003861003861003861,0.013438687857292509,0.007722007722007722
True,0.0568611243992004,0.010000000000004125,0.055134708257179234,0.0002717579700465416,0.009180734821557918,0.009576810545048714,0.0,0.01095447607075514,0.007722007722007722,1.1776061776061777,2.8959773727215588,fing_x_face,8,0.01,li_V>face_G>ri_V>face_C,4,MONO-rel,GP,main,0.04722404479980469,0.012795187213791866,0.003861003861003861,0.013378827332315704,0.007722007722007722
True,0.08043737943364977,0.010000000000006887,0.07527204303709706,0.00032987523338672773,0.009290152209647056,0.00945615781377251,0.0,0.011433360270569574,0.007722007722007722,1.16988416988417,3.2092274999251744,fing_x_face,8,0.01,li_V>face_G>ri_V>face_C,4,LR-P1-N2,GP,main,0.05426669120788574,0.013244141151117895,0.003861003861003861,0.013633234563467121,0.007722007722007722
True,0.05582889955467622,0.010000000000021943,0.05414548660676195,0.00027840241919193385,0.00913941410400497,0.009516484179410612,0.0,0.010924545808266739,0.007722007722007722,1.1776061776061777,2.8959773727215588,fing_x_face,8,0.01,li_V>face_G>ri_V>face_C,4,LR-P1-N2-rel,GP,main,0.04570269584655762,0.012750291820059262,0.003861003861003861,0.013289036544850499,0.007722007722007722
True,0.07714572187877557,0.010000000000001176,0.07051429505527648,0.0003711096375600687,0.0085200948505352,0.008656833469067655,0.0,0.010924545808266739,0.007722007722007722,1.1853281853281854,3.2097812097812097,fing_x_face,8,0.01,li_V>face_G>ri_V>face_C,4,LR-P2-N2,GP,main,0.0492100715637207,0.012705396426326659,0.003861003861003861,0.013049594444943281,0.007722007722007722
True,0.04619493341641732,0.01000000000000472,0.04479276402871113,0.0005455092748367009,0.009032350190213015,0.009380749856724881,0.0,0.010984406333243543,0.003861003861003861,1.1776061776061777,2.7238484331507586,fing_x_face,8,0.01,li_V>face_G>ri_V>face_C,4,LR-P2-N2-rel,GP,main,0.04099631309509277,0.012690431295082457,0.003861003861003861,0.013513513513513514,0.007722007722007722
True,0.08042407386587562,0.010000000000000129,0.07526831143273773,0.00032987523338672773,0.009277480211040839,0.009441076222362984,0.0,0.011433360270569574,0.007722007722007722,1.1776061776061777,3.2092274999251744,fing_x_face,8,0.01,li_V>face_G>ri_V>face_C,4,LR-P1-N3,GP,main,0.04699110984802246,0.013244141151117895,0.003861003861003861,0.013633234563467121,0.007722007722007722
True,0.06832236080913384,0.010000000000004535,0.06437883804626815,0.00032987523338672773,0.00923764183579909,0.009395831448134407,0.0,0.011478255664302175,0.007722007722007722,1.1776061776061777,3.2093172907126397,fing_x_face,8,0.01,li_V>face_G>ri_V>face_C,4,NLS-N2,GP,main,0.05036568641662598,0.013214210888629493,0.003861003861003861,0.013678129957199725,0.007722007722007722
True,0.07922534104265144,0.010000000000000217,0.07417677216002459,0.00032987523338672773,0.009264808212434621,0.009425994630953458,0.0,0.01138846487683697,0.007722007722007722,1.1776061776061777,3.2093172907126397,fing_x_face,8,0.01,li_V>face_G>ri_V>face_C,4,DE-N2,GP,main,0.059715986251831055,0.013214210888629493,0.003861003861003861,0.013633234563467121,0.007722007722007722
True,0.08750125594289378,0.01000000000000027,0.07904918203128648,0.0009575806774883293,0.009549024083087762,0.010225318975658312,0.0,0.011837418814163,0.007722007722007722,1.166023166023166,2.566250636018078,fing_x_face,8,0.01,li_V>face_G>ri_V>face_C,4,MAXMONO-K3,GP,main,0.09934067726135254,0.013872676663374339,0.003861003861003861,0.01418694441950256,0.011583011583011582
True,,,,,,0.009999095104515429,0.003875968992248062,0.011927209601628207,0.007722007722007722,1.4517374517374517,3.23600011972105,fing_x_face,8,0.01,li_V>face_G>ri_V>face_C,4,S1-Marcialis,rule,main,0.00515294075012207,,,,
True,,,,,,0.009999095104515429,0.003875968992248062,0.011927209601628207,0.007722007722007722,1.4517374517374517,3.23600011972105,fing_x_face,8,0.01,li_V>face_G>ri_V>face_C,4,S2-Symmetric,rule,main,0.05920553207397461,,,,
False,,,,,,,,,,,,fing_x_face,8,0.01,li_V>face_G>ri_V>face_C,4,S4-Direct,rule,main,4.5299530029296875e-06,,,,
False,,,,,,,,,,,,fing_x_face,8,0.01,li_V>ri_V>face_C>face_G,4,HYP,GP,main,0.10533881187438965,,,,
True,0.06882770323933539,0.01000000000000712,0.06625921932316801,0.0002733840996692505,0.009292451558830595,0.009878442373239224,0.0,0.012181616832779624,0.011583011583011582,1.1891891891891893,3.155727155727156,fing_x_face,8,0.01,li_V>ri_V>face_C>face_G,4,MONO,GP,main,0.056177616119384766,0.014007362844572147,0.003861003861003861,0.014471281913142378,0.011583011583011582
True,0.055797319765578536,0.010000000000000208,0.05450738060000416,0.0002730001931476367,0.008679830206470604,0.011748559708020391,0.0,0.012450989195175241,0.011583011583011582,1.196911196911197,2.8684864266259615,fing_x_face,8,0.01,li_V>ri_V>face_C>face_G,4,MONO-rel,GP,main,0.052491188049316406,0.014396456256921373,0.003861003861003861,0.01536918978779444,0.011583011583011582
True,0.07671046671777217,0.010000000000008735,0.07371056863741635,0.0002680236271267162,0.009351916207793758,0.009938768738877326,0.0,0.01227140762024483,0.011583011583011582,1.1891891891891893,3.155727155727156,fing_x_face,8,0.01,li_V>ri_V>face_C>face_G,4,LR-P1-N2,GP,main,0.04475688934326172,0.01406722336954895,0.003861003861003861,0.014531142438119182,0.011583011583011582
True,0.05482065685902255,0.01000000000000759,0.05353522598469282,0.0002730001931476367,0.00862785791514814,0.011748559708020391,0.0,0.012436024063931041,0.011583011583011582,1.196911196911197,2.8619167340097573,fing_x_face,8,0.01,li_V>ri_V>face_C>face_G,4,LR-P1-N2-rel,GP,main,0.056841373443603516,0.01433659573194457,0.003861003861003861,0.015354224656550237,0.011583011583011582
True,0.07039667385385084,0.010000000000024855,0.06743305795530327,0.0002858918689351639,0.009507318889814115,0.010074503061563055,0.0,0.012226512226512226,0.011583011583011582,1.1891891891891893,3.155308132052318,fing_x_face,8,0.01,li_V>ri_V>face_C>face_G,4,LR-P2-N2,GP,main,0.06315827369689941,0.014321630600700368,0.003861003861003861,0.0147705845380264,0.011583011583011582
True,0.04490898020416308,0.010000000000000618,0.04386229128723234,0.0002210651564035982,0.009401172108039488,0.01387506409676349,0.0,0.01450121217563078,0.011583011583011582,1.196911196911197,2.7917901289994314,fing_x_face,8,0.01,li_V>ri_V>face_C>face_G,4,LR-P2-N2-rel,GP,main,0.04764986038208008,0.01668612133728413,0.003861003861003861,0.01701535422465655,0.011583011583011582
True,0.07663970570886952,0.010000000000000689,0.07368320189326534,0.0002795692602952517,0.009371205996805755,0.009953850330286852,0.0,0.012346233276465834,0.011583011583011582,1.1891891891891893,3.1555775044147136,fing_x_face,8,0.01,li_V>ri_V>face_C>face_G,4,LR-P1-N3,GP,main,0.04917454719543457,0.014157014157014158,0.003861003861003861,0.014591002963095987,0.011583011583011582
True,0.06501414922540039,0.010000000000204526,0.06275894933554084,0.000250705177373913,0.009453425374112671,0.009999095104515429,0.0,0.012436024063931041,0.011583011583011582,1.1891891891891893,3.1555775044147136,fing_x_face,8,0.01,li_V>ri_V>face_C>face_G,4,NLS-N2,GP,main,0.06003117561340332,0.014276735206967765,0.003861003861003861,0.014695758881805394,0.011583011583011582
True,0.0755013245796128,0.010000000000009836,0.07258997427247392,0.0002680236271267162,0.009351916207793758,0.009938768738877326,0.0,0.01227140762024483,0.011583011583011582,1.1891891891891893,3.155727155727156,fing_x_face,8,0.01,li_V>ri_V>face_C>face_G,4,DE-N2,GP,main,0.04345130920410156,0.01406722336954895,0.003861003861003861,0.014531142438119182,0.011583011583011582
True,0.07682187349254108,0.010000000000003069,0.07229321210257775,0.0029942487850976823,0.0073443555328376,0.008762404608934335,0.01937984496124031,0.010700068839603723,0.015444015444015444,1.1853281853281854,2.051569842267517,fing_x_face,8,0.01,li_V>ri_V>face_C>face_G,4,MAXMONO-K3,GP,main,0.06708025932312012,0.01287001287001287,0.011583011583011582,0.013573374038490318,0.015444015444015444
True,,,,,,0.009999095104515429,0.007751937984496124,0.006749274191134656,0.011583011583011582,1.4749034749034748,3.183906497859986,fing_x_face,8,0.01,li_V>ri_V>face_C>face_G,4,S1-Marcialis,rule,main,0.005677223205566406,,,,
True,,,,,,0.009999095104515429,0.007751937984496124,0.006749274191134656,0.011583011583011582,1.4749034749034748,3.183906497859986,fing_x_face,8,0.01,li_V>ri_V>face_C>face_G,4,S2-Symmetric,rule,main,0.04525446891784668,,,,
False,,,,,,,,,,,,fing_x_face,8,0.01,li_V>ri_V>face_C>face_G,4,S4-Direct,rule,main,5.9604644775390625e-06,,,,
False,,,,,,,,,,,,fing_x_face,8,0.01,li_V>ri_V>face_G>face_C,4,HYP,GP,main,0.14484405517578125,,,,
True,0.06914814842233571,0.010000000000001586,0.06636909971162781,0.0002984585444927536,0.009670540313212931,0.009938768738877326,0.0,0.01258567537637305,0.011583011583011582,1.196911196911197,3.315824129777618,fing_x_face,8,0.01,li_V>ri_V>face_G>face_C,4,MONO,GP,main,0.04304027557373047,0.014620933225584389,0.003861003861003861,0.014860375325491604,0.011583011583011582
True,0.05596567572631813,0.01000000000000053,0.054608263182541854,0.0003120435541041479,0.009557155796758877,0.011024643320363165,0.0,0.013244141151117895,0.011583011583011582,1.2046332046332047,3.011927209601628,fing_x_face,8,0.01,li_V>ri_V>face_G>face_C,4,MONO-rel,GP,main,0.05242156982421875,0.015279399000329232,0.003861003861003861,0.016027655562539284,0.011583011583011582
True,0.0769751285145387,0.010000000000000378,0.07379223214670941,0.0003206668935384939,0.00788516109574358,0.008174222543962838,0.0,0.010131393852324085,0.011583011583011582,1.2046332046332047,3.3228727065936368,fing_x_face,8,0.01,li_V>ri_V>face_G>face_C,4,LR-P1-N2,GP,main,0.06251287460327148,0.011642872107988388,0.003861003861003861,0.012061895782826015,0.011583011583011582
True,0.05498585944363506,0.010000000000062159,0.05363682465099049,0.0003284668990569978,0.00881113407708688,0.010285645341296414,0.0,0.012376163538954236,0.011583011583011582,1.2046332046332047,3.009053904402742,fing_x_face,8,0.01,li_V>ri_V>face_G>face_C,4,LR-P1-N2-rel,GP,main,0.03974604606628418,0.01420190955074676,0.007722007722007722,0.015129747687887224,0.011583011583011582
True,0.07063672116829477,0.010000000000005147,0.06751319030604701,0.00036400025753018225,0.007600835817567007,0.007887672307181855,0.0,0.009727335308730658,0.011583011583011582,1.2046332046332047,3.322902636856125,fing_x_face,8,0.01,li_V>ri_V>face_G>face_C,4,LR-P2-N2,GP,main,0.06377673149108887,0.011313639220615965,0.003861003861003861,0.011762593157941995,0.011583011583011582
True,0.04518261013414737,0.010000000000006514,0.04406057959494618,0.0003009285462402798,0.009616879890652694,0.012201007450306157,0.0,0.014246804944479363,0.011583011583011582,1.2007722007722008,2.8753554218670496,fing_x_face,8,0.01,li_V>ri_V>face_G>face_C,4,LR-P2-N2-rel,GP,main,0.05470538139343262,0.016356888449911705,0.007722007722007722,0.01734458711202897,0.011583011583011582
True,0.07690469253212213,0.010000000000005085,0.07376572692451487,0.0003099779970872107,0.007907424848041095,0.008189304135372364,0.0,0.010146358983568285,0.011583011583011582,1.2046332046332047,3.3228727065936368,fing_x_face,8,0.01,li_V>ri_V>face_G>face_C,4,LR-P1-N3,GP,main,0.06254720687866211,0.01167280237047679,0.003861003861003861,0.012121756307802819,0.011583011583011582
True,0.06529432299728966,0.01000000000010807,0.06286600393286446,0.0003099779970872107,0.007960515640674393,0.008264712092419992,0.0,0.010161324114812487,0.011583011583011582,1.2046332046332047,3.3228727065936368,fing_x_face,8,0.01,li_V>ri_V>face_G>face_C,4,NLS-N2,GP,main,0.05012965202331543,0.011717697764209393,0.003861003861003861,0.012151686570291222,0.011583011583011582
True,0.07576249746993018,0.01000000000000162,0.07267270386306747,0.0003206668935384939,0.00788516109574358,0.008174222543962838,0.0,0.010131393852324085,0.011583011583011582,1.2046332046332047,3.3228727065936368,fing_x_face,8,0.01,li_V>ri_V>face_G>face_C,4,DE-N2,GP,main,0.03982901573181152,0.011642872107988388,0.003861003861003861,0.012061895782826015,0.011583011583011582
True,0.07854662905063467,0.010000000000005956,0.07320195228422144,0.0018062212779015542,0.008104772305909908,0.011763641299429917,0.011627906976744186,0.013558408907246116,0.019305019305019305,1.1891891891891893,2.1871988267337104,fing_x_face,8,0.01,li_V>ri_V>face_G>face_C,4,MAXMONO-K3,GP,main,0.06528043746948242,0.015907934512585674,0.015444015444015444,0.01643171410613271,0.023166023166023165
True,,,,,,0.009999095104515429,0.003875968992248062,0.011927209601628207,0.011583011583011582,1.4826254826254825,3.3453802639849153,fing_x_face,8,0.01,li_V>ri_V>face_G>face_C,4,S1-Marcialis,rule,main,0.004791736602783203,,,,
True,,,,,,0.009999095104515429,0.003875968992248062,0.011927209601628207,0.011583011583011582,1.4826254826254825,3.3453802639849153,fing_x_face,8,0.01,li_V>ri_V>face_G>face_C,4,S2-Symmetric,rule,main,0.04947209358215332,,,,
False,,,,,,,,,,,,fing_x_face,8,0.01,li_V>ri_V>face_G>face_C,4,S4-Direct,rule,main,4.5299530029296875e-06,,,,
True,0.08657111048817898,0.010000000000001532,0.0820945008899909,0.023870053554729556,0.007530388691341908,0.010843664223448858,0.023255813953488372,0.010445661608452306,0.04247104247104247,1.0424710424710424,1.1355840890724611,fing_x_face,8,0.01,ri_V>face_C>face_G>li_V,4,HYP,GP,main,0.02199387550354004,0.012899943132501273,0.04247104247104247,0.013109454969920087,0.04247104247104247
True,0.03454852867726487,0.01000000000000599,0.03282289498835642,0.0002369251676245561,0.008731542763002314,0.00904895484571532,0.0,0.008934183352788004,0.011583011583011582,1.084942084942085,3.017045284487145,fing_x_face,8,0.01,ri_V>face_C>face_G>li_V,4,MONO,GP,main,0.03637528419494629,0.010281045164766096,0.007722007722007722,0.01080482475831313,0.011583011583011582
True,0.01945126727834314,0.010000000000016312,0.01890262714640194,0.00021060014899960543,0.009474992165150124,0.010149911018610683,0.0,0.009577683996288647,0.011583011583011582,1.084942084942085,3.0168357726497264,fing_x_face,8,0.01,ri_V>face_C>face_G>li_V,4,MONO-rel,GP,main,0.033011436462402344,0.011268743826883362,0.007722007722007722,0.01153811618927898,0.011583011583011582
True,0.036813711101421814,0.010000000000025388,0.034923535525117205,0.0002369251676245561,0.00873293965845459,0.00904895484571532,0.0,0.008904253090299602,0.011583011583011582,1.084942084942085,3.0171799706683426,fing_x_face,8,0.01,ri_V>face_C>face_G>li_V,4,LR-P1-N2,GP,main,0.033895015716552734,0.010266080033521894,0.007722007722007722,0.010700068839603723,0.011583011583011582
True,0.019713733621121447,0.010000000000032433,0.019158145582514906,0.00021060014899960543,0.009492530699316585,0.010180074201429735,0.0,0.009637544521265452,0.011583011583011582,1.084942084942085,3.0167759121247495,fing_x_face,8,0.01,ri_V>face_C>face_G>li_V,4,LR-P1-N2-rel,GP,main,0.03581404685974121,0.011298674089371763,0.007722007722007722,0.011583011583011582,0.011583011583011582
True,0.03780711999700486,0.010000000000005147,0.03464619875771199,0.00028080019866614055,0.008023487020005387,0.00834012004946762,0.0,0.008365508365508366,0.011583011583011582,1.084942084942085,3.0180778785429947,fing_x_face,8,0.01,ri_V>face_C>face_G>li_V,4,LR-P2-N2,GP,main,0.03272843360900879,0.009712370177486456,0.007722007722007722,0.009787195833707461,0.011583011583011582
True,0.01746177937809498,0.010000000000033817,0.016916033305797547,0.0003138960554147926,0.008642993422512239,0.009606973727867764,0.0,0.009383137290114035,0.011583011583011582,1.084942084942085,2.812097812097812,fing_x_face,8,0.01,ri_V>face_C>face_G>li_V,4,LR-P2-N2-rel,GP,main,0.030771255493164062,0.01064020831462692,0.007722007722007722,0.011328604351860165,0.011583011583011582
True,0.03624661526862691,0.010000000000005555,0.034381976211425636,0.0002369251676245561,0.008718786771408353,0.009033873254305795,0.0,0.008844392565322799,0.011583011583011582,1.084942084942085,3.0172847265870524,fing_x_face,8,0.01,ri_V>face_C>face_G>li_V,4,LR-P1-N3,GP,main,0.04368710517883301,0.01022118463978929,0.007722007722007722,0.010595312920894316,0.011583011583011582
True,0.03173304621128971,0.01000000000000187,0.03032992565754385,0.0002369251676245561,0.008805102057664594,0.009139444394172472,0.0,0.008994043877764807,0.011583011583011582,1.084942084942085,3.017030319355901,fing_x_face,8,0.01,ri_V>face_C>face_G>li_V,4,NLS-N2,GP,main,0.04075169563293457,0.010310975427254497,0.007722007722007722,0.010864685283289934,0.011583011583011582
True,0.03616941899240198,0.010000000000001053,0.03431471087840266,0.0002369251676245561,0.008718786771408353,0.009033873254305795,0.0,0.008844392565322799,0.011583011583011582,1.084942084942085,3.0172847265870524,fing_x_face,8,0.01,ri_V>face_C>face_G>li_V,4,DE-N2,GP,main,0.041977643966674805,0.01022118463978929,0.007722007722007722,0.010595312920894316,0.011583011583011582
True,0.04726627826526118,0.010000000000000245,0.042980874222889806,0.004783694634463953,0.008121525938434402,0.010074503061563055,0.003875968992248062,0.010161324114812487,0.011583011583011582,1.0810810810810811,2.1392655113585346,fing_x_face,8,0.01,ri_V>face_C>face_G>li_V,4,MAXMONO-K3,GP,main,0.09242105484008789,0.011418395139325372,0.011583011583011582,0.012406093801442638,0.011583011583011582
True,,,,,,0.007254245467981781,0.003875968992248062,0.010325940558498697,0.019305019305019305,1.3204633204633205,3.034704139355302,fing_x_face,8,0.01,ri_V>face_C>face_G>li_V,4,S1-Marcialis,rule,main,0.006886482238769531,,,,
True,,,,,,0.009984013513105903,0.0,0.007183262997216486,0.011583011583011582,1.2857142857142858,2.8556014486247046,fing_x_face,8,0.01,ri_V>face_C>face_G>li_V,4,S2-Symmetric,rule,main,0.09007120132446289,,,,
False,,,,,,,,,,,,fing_x_face,8,0.01,ri_V>face_C>face_G>li_V,4,S4-Direct,rule,main,5.7220458984375e-06,,,,
True,0.09572179398764954,0.010000000000001879,0.09072154055343983,0.023877571893382115,0.007685634520950304,0.011039724911772691,0.023255813953488372,0.011418395139325372,0.04247104247104247,1.0424710424710424,1.1348358325102512,fing_x_face,8,0.01,ri_V>face_C>li_V>face_G,4,HYP,GP,main,0.03570199012756348,0.013827781269641735,0.04247104247104247,0.014157014157014158,0.04247104247104247
True,0.034575175105805725,0.010000000000005387,0.03281695042639123,0.00022815016141623917,0.008823953791836295,0.00918468916840105,0.0,0.009098799796474216,0.011583011583011582,1.0888030888030888,3.0255604441650954,fing_x_face,8,0.01,ri_V>face_C>li_V>face_G,4,MONO,GP,main,0.038352012634277344,0.010355870820987101,0.007722007722007722,0.010939510939510939,0.011583011583011582
True,0.01976086423915677,0.010000000000009224,0.01906253642595757,0.0004696009572426772,0.009175581092527814,0.009848279190420172,0.003875968992248062,0.009398102421358235,0.011583011583011582,1.084942084942085,2.6899374457513994,fing_x_face,8,0.01,ri_V>face_C>li_V>face_G,4,MONO-rel,GP,main,0.034775733947753906,0.011044266858220346,0.007722007722007722,0.011882314207895603,0.011583011583011582
True,0.036938741440490974,0.01000000000000322,0.034952324649264455,0.00024716267486759246,0.00874308701677471,0.009109281211353421,0.003875968992248062,0.008994043877764807,0.011583011583011582,1.0888030888030888,3.025545479033851,fing_x_face,8,0.01,ri_V>face_C>li_V>face_G,4,LR-P1-N2,GP,main,0.041020870208740234,0.010266080033521894,0.007722007722007722,0.010939510939510939,0.011583011583011582
True,0.020009808485211653,0.01000000000000821,0.019309310498033555,0.0004551100094903317,0.009337700082614801,0.010014176695924954,0.0,0.00962257939002125,0.011583011583011582,1.084942084942085,2.6897129687827364,fing_x_face,8,0.01,ri_V>face_C>li_V>face_G,4,LR-P1-N2-rel,GP,main,0.03318977355957031,0.011253778695639162,0.007722007722007722,0.01213672143904702,0.011583011583011582
True,0.03755361582365717,0.01000000000043188,0.034538743388102644,0.0002702701912161603,0.00794655044952993,0.00834012004946762,0.0,0.008096136003112746,0.011583011583011582,1.0888030888030888,3.0271467480769805,fing_x_face,8,0.01,ri_V>face_C>li_V>face_G,4,LR-P2-N2,GP,main,0.04818129539489746,0.009353207027625631,0.007722007722007722,0.009592649127532849,0.011583011583011582
True,0.017688498921463996,0.010000000000005182,0.017028930394163016,0.000422711549068421,0.009638693452225292,0.010451542846801195,0.0,0.01020621950854509,0.011583011583011582,1.084942084942085,2.6414803507826763,fing_x_face,8,0.01,ri_V>face_C>li_V>face_G,4,LR-P2-N2-rel,GP,main,0.041437387466430664,0.012226512226512226,0.007722007722007722,0.012929873394989674,0.011583011583011582
True,0.036371936548042494,0.010000000000001603,0.03441111692460401,0.00024716267486759246,0.008728930583136663,0.009094199619943897,0.003875968992248062,0.0088743228278112,0.011583011583011582,1.0888030888030888,3.0257849211337584,fing_x_face,8,0.01,ri_V>face_C>li_V>face_G,4,LR-P1-N3,GP,main,0.05488443374633789,0.01022118463978929,0.007722007722007722,0.010744964233336327,0.011583011583011582
True,0.0318172050910223,0.010000000000000307,0.030349703010364545,0.00022815016141623917,0.008947481241945953,0.00935058667390583,0.0,0.009143695190206818,0.011583011583011582,1.0888030888030888,3.0255604441650954,fing_x_face,8,0.01,ri_V>face_C>li_V>face_G,4,NLS-N2,GP,main,0.06458187103271484,0.010535452395917513,0.007722007722007722,0.011059231989464548,0.011583011583011582
True,0.036288252491486254,0.010000000000006186,0.03434191027498331,0.00024716267486759246,0.008722212011817535,0.009094199619943897,0.003875968992248062,0.0088743228278112,0.011583011583011582,1.0888030888030888,3.0257849211337584,fing_x_face,8,0.01,ri_V>face_C>li_V>face_G,4,DE-N2,GP,main,0.06496834754943848,0.01022118463978929,0.007722007722007722,0.010759929364580527,0.011583011583011582
True,0.045928648013673634,0.010000000000001808,0.04201484718384134,0.000837999551218016,0.008278902349347859,0.008883057340210538,0.0,0.009712370177486456,0.011583011583011582,1.084942084942085,2.4628864745143817,fing_x_face,8,0.01,ri_V>face_C>li_V>face_G,4,MAXMONO-K3,GP,main,0.09543991088867188,0.011044266858220346,0.007722007722007722,0.01198707012660501,0.011583011583011582
True,,,,,,0.009999095104515429,0.007751937984496124,0.006734309059890455,0.011583011583011582,1.308880308880309,3.043862799676753,fing_x_face,8,0.01,ri_V>face_C>li_V>face_G,4,S1-Marcialis,rule,main,0.0071201324462890625,,,,
True,,,,,,0.009999095104515429,0.007751937984496124,0.006734309059890455,0.011583011583011582,1.308880308880309,3.043862799676753,fing_x_face,8,0.01,ri_V>face_C>li_V>face_G,4,S2-Symmetric,rule,main,0.061522483825683594,,,,
False,,,,,,,,,,,,fing_x_face,8,0.01,ri_V>face_C>li_V>face_G,4,S4-Direct,rule,main,5.9604644775390625e-06,,,,
True,0.10365473647579045,0.010000000000000883,0.09832433758824914,0.024207577126860814,0.007986536605330866,0.01131119355714415,0.023255813953488372,0.010310975427254497,0.04633204633204633,1.0424710424710424,1.1469875190805423,fing_x_face,8,0.01,ri_V>face_G>face_C>li_V,4,HYP,GP,main,0.05093073844909668,0.012795187213791866,0.04633204633204633,0.012974768788722278,0.04633204633204633
True,0.03635873236686081,0.010000000000005796,0.03383994733439408,0.0041776342056762,0.007615569849148115,0.007782101167315175,0.003875968992248062,0.007078507078507079,0.011583011583011582,1.0888030888030888,2.911990063152854,fing_x_face,8,0.01,ri_V>face_G>face_C>li_V,4,MONO,GP,main,0.07620573043823242,0.008425368890485169,0.011583011583011582,0.008754601777857592,0.011583011583011582
True,0.02008003063163876,0.010000000000004677,0.019395910217618988,0.00023868016886621947,0.009289852144499967,0.009516484179410612,0.0,0.008754601777857592,0.011583011583011582,1.084942084942085,3.209930861093652,fing_x_face,8,0.01,ri_V>face_G>face_C>li_V,4,MONO-rel,GP,main,0.08100080490112305,0.010146358983568285,0.007722007722007722,0.010535452395917513,0.011583011583011582
True,0.03831776344010402,0.010000000000005805,0.03572289498688455,0.0003071252172910913,0.008150561897659283,0.008234548909600941,0.0,0.007377809703391099,0.011583011583011582,1.0888030888030888,3.2111729669869207,fing_x_face,8,0.01,ri_V>face_G>face_C>li_V,4,LR-P1-N2,GP,main,0.10539126396179199,0.008589985334171381,0.007722007722007722,0.008964113615276405,0.011583011583011582
True,0.020307703968903648,0.010000000000006408,0.019621589439949128,0.00023868016886621947,0.009332296794032037,0.009546647362229663,0.0,0.008754601777857592,0.011583011583011582,1.084942084942085,3.209930861093652,fing_x_face,8,0.01,ri_V>face_G>face_C>li_V,4,LR-P1-N2-rel,GP,main,0.06669211387634277,0.010161324114812487,0.007722007722007722,0.010535452395917513,0.011583011583011582
True,0.039201811450866035,0.010000000000000892,0.035416964021632386,0.00030884771850976086,0.009737794094535053,0.009803034416191597,0.0,0.009009009009009009,0.011583011583011582,1.0888030888030888,3.2070276256322767,fing_x_face,8,0.01,ri_V>face_G>face_C>li_V,4,LR-P2-N2,GP,main,0.05860400199890137,0.010460626739696508,0.007722007722007722,0.011044266858220346,0.011583011583011582
True,0.01817601415848158,0.010000000000002375,0.017513275758659987,0.00030381021494572713,0.008520295718315338,0.008898138931620064,0.0,0.008589985334171381,0.011583011583011582,1.084942084942085,2.9957947981203796,fing_x_face,8,0.01,ri_V>face_G>face_C>li_V,4,LR-P2-N2-rel,GP,main,0.0524137020111084,0.009772230702463261,0.007722007722007722,0.010131393852324085,0.011583011583011582
True,0.03775219194963363,0.010000000000005555,0.03519470342408211,0.0003071252172910913,0.008150561897659283,0.008234548909600941,0.0,0.007377809703391099,0.011583011583011582,1.0888030888030888,3.2111729669869207,fing_x_face,8,0.01,ri_V>face_G>face_C>li_V,4,LR-P1-N3,GP,main,0.0530695915222168,0.008589985334171381,0.007722007722007722,0.008964113615276405,0.011583011583011582
True,0.033274011305435544,0.010000000000335088,0.031256144284912,0.00031326772163691303,0.008124167869171372,0.008234548909600941,0.0,0.007437670228367903,0.011583011583011582,1.0888030888030888,3.211217862380653,fing_x_face,8,0.01,ri_V>face_G>face_C>li_V,4,NLS-N2,GP,main,0.05100607872009277,0.008619915596659783,0.007722007722007722,0.00903893927149741,0.011583011583011582
True,0.03765261444685321,0.010000000000381992,0.03511715251933909,0.0003071252172910913,0.008150561897659283,0.008234548909600941,0.0,0.007377809703391099,0.011583011583011582,1.0888030888030888,3.2111729669869207,fing_x_face,8,0.01,ri_V>face_G>face_C>li_V,4,DE-N2,GP,main,0.05556654930114746,0.008589985334171381,0.007722007722007722,0.008964113615276405,0.011583011583011582
True,0.05161577227237908,0.0100000000000002,0.045787111153255365,0.001666178678821415,0.00879189059640764,0.010813501040629806,0.0,0.010236149771033492,0.015444015444015444,1.0810810810810811,2.307563377330819,fing_x_face,8,0.01,ri_V>face_G>face_C>li_V,4,MAXMONO-K3,GP,main,0.0970010757446289,0.011627906976744186,0.011583011583011582,0.012480919457663643,0.015444015444015444
True,,,,,,0.007254245467981781,0.003875968992248062,0.010325940558498697,0.019305019305019305,1.3204633204633205,3.22588369099997,fing_x_face,8,0.01,ri_V>face_G>face_C>li_V,4,S1-Marcialis,rule,main,0.006295204162597656,,,,
True,,,,,,0.00989352396464875,0.0,0.006794169584867259,0.011583011583011582,1.2316602316602316,2.735132142108886,fing_x_face,8,0.01,ri_V>face_G>face_C>li_V,4,S2-Symmetric,rule,main,0.08386087417602539,,,,
False,,,,,,,,,,,,fing_x_face,8,0.01,ri_V>face_G>face_C>li_V,4,S4-Direct,rule,main,6.67572021484375e-06,,,,
True,0.12541083935802871,0.010000000000001088,0.11871291481856804,0.03212177147615332,0.00743689694235523,0.00989352396464875,0.031007751937984496,0.008904253090299602,0.05019305019305019,1.0386100386100385,1.1036036036036037,fing_x_face,8,0.01,ri_V>face_G>li_V>face_C,4,HYP,GP,main,0.039972782135009766,0.01107419712070875,0.04633204633204633,0.011463290533057975,0.04633204633204633
True,0.03680866810788161,0.010000000000000769,0.03401022780211706,0.00031941022598273486,0.008281537552228853,0.008325038458058095,0.003875968992248062,0.0075124958845889074,0.011583011583011582,1.0965250965250966,3.381012241477358,fing_x_face,8,0.01,ri_V>face_G>li_V>face_C,4,MONO,GP,main,0.055176496505737305,0.008769566909101793,0.007722007722007722,0.009128730058962618,0.011583011583011582
True,0.0207330544581329,0.010000000000009073,0.0197973736673465,0.004456992215821993,0.008739232429835922,0.008898138931620064,0.007751937984496124,0.008096136003112746,0.015444015444015444,1.084942084942085,2.7550058364011853,fing_x_face,8,0.01,ri_V>face_G>li_V>face_C,4,MONO-rel,GP,main,0.05158257484436035,0.009862021489928466,0.011583011583011582,0.009921882014905271,0.015444015444015444
True,0.03882667590730136,0.010000000000013824,0.035906544491977,0.00033579023757159313,0.008372633680042301,0.008460772780743824,0.003875968992248062,0.007258088653437491,0.011583011583011582,1.0888030888030888,3.381116997396067,fing_x_face,8,0.01,ri_V>face_G>li_V>face_C,4,LR-P1-N2,GP,main,0.06399822235107422,0.00845529915297357,0.007722007722007722,0.00902397414025321,0.011583011583011582
True,0.020935922113576005,0.010000000000003628,0.020007932804140417,0.0006152010602547501,0.009278979447190246,0.009275178716858203,0.003875968992248062,0.008335578103019964,0.015444015444015444,1.084942084942085,3.02023285744216,fing_x_face,8,0.01,ri_V>face_G>li_V>face_C,4,LR-P1-N2-rel,GP,main,0.05739593505859375,0.009996707671126277,0.007722007722007722,0.010161324114812487,0.015444015444015444
True,0.03922087893027569,0.010000000000002509,0.035411809785109376,0.0004991841031727531,0.009643772682760092,0.009637136910686815,0.003875968992248062,0.008949148484032205,0.011583011583011582,1.0965250965250966,3.254467091676394,fing_x_face,8,0.01,ri_V>face_G>li_V>face_C,4,LR-P2-N2,GP,main,0.06071615219116211,0.01050552213342911,0.007722007722007722,0.010984406333243543,0.011583011583011582
True,0.018851956421005057,0.01000000000000743,0.01797773671551492,0.000688032709005364,0.008186527780855036,0.008189304135372364,0.0,0.007781868246984526,0.015444015444015444,1.0810810810810811,2.935724761306157,fing_x_face,8,0.01,ri_V>face_G>li_V>face_C,4,LR-P2-N2-rel,GP,main,0.033895015716552734,0.00902397414025321,0.011583011583011582,0.009727335308730658,0.015444015444015444
True,0.03826228825801524,0.010000000000013123,0.03538099375883441,0.00033579023757159313,0.008358469031515364,0.008445691189334298,0.003875968992248062,0.007258088653437491,0.011583011583011582,1.0888030888030888,3.381116997396067,fing_x_face,8,0.01,ri_V>face_G>li_V>face_C,4,LR-P1-N3,GP,main,0.044994354248046875,0.00845529915297357,0.007722007722007722,0.00902397414025321,0.011583011583011582
True,0.033747286137489195,0.010000000000006292,0.031456800317002695,0.00031941022598273486,0.008460365793096437,0.0085060175549724,0.003875968992248062,0.007617251803298315,0.011583011583011582,1.0888030888030888,3.3809224506898925,fing_x_face,8,0.01,ri_V>face_G>li_V>face_C,4,NLS-N2,GP,main,0.043770790100097656,0.008814462302834395,0.007722007722007722,0.009248451108916225,0.011583011583011582
True,0.03814792705873163,0.010000000000007917,0.03529906195800561,0.00033579023757159313,0.008358469031515364,0.008445691189334298,0.003875968992248062,0.007258088653437491,0.011583011583011582,1.0888030888030888,3.381116997396067,fing_x_face,8,0.01,ri_V>face_G>li_V>face_C,4,DE-N2,GP,main,0.05350756645202637,0.00845529915297357,0.007722007722007722,0.00902397414025321,0.011583011583011582
True,0.05117959713045992,0.010000000000004162,0.0453557737269846,0.0011091607847312553,0.008639766549962472,0.008898138931620064,0.0,0.008081170871868546,0.015444015444015444,1.0810810810810811,2.7523570081709616,fing_x_face,8,0.01,ri_V>face_G>li_V>face_C,4,MAXMONO-K3,GP,main,0.0793144702911377,0.00947292807757924,0.011583011583011582,0.01007153332734728,0.019305019305019305
True,,,,,,0.009999095104515429,0.003875968992248062,0.011927209601628207,0.011583011583011582,1.3166023166023166,3.39651611744635,fing_x_face,8,0.01,ri_V>face_G>li_V>face_C,4,S1-Marcialis,rule,main,0.0056688785552978516,,,,
True,,,,,,0.009999095104515429,0.003875968992248062,0.011927209601628207,0.011583011583011582,1.3166023166023166,3.39651611744635,fing_x_face,8,0.01,ri_V>face_G>li_V>face_C,4,S2-Symmetric,rule,main,0.06420159339904785,,,,
False,,,,,,,,,,,,fing_x_face,8,0.01,ri_V>face_G>li_V>face_C,4,S4-Direct,rule,main,4.5299530029296875e-06,,,,
True,0.1401208214836702,0.010000000000000165,0.13263848266098852,0.03239172479214529,0.0074884438257112815,0.010542032395258348,0.03488372093023256,0.011478255664302175,0.05791505791505792,1.05019305019305,1.1202897249408876,fing_x_face,8,0.01,ri_V>li_V>face_C>face_G,4,HYP,GP,main,0.02401447296142578,0.014486247044386578,0.05791505791505792,0.015144712819131424,0.05405405405405406
True,0.03640897705322699,0.010000000000008159,0.03382682530592849,0.00031326772163691314,0.009539902336834757,0.009818116007601123,0.0,0.009577683996288647,0.011583011583011582,1.1312741312741312,3.2502469246655292,fing_x_face,8,0.01,ri_V>li_V>face_C>face_G,4,MONO,GP,main,0.04660177230834961,0.011059231989464548,0.007722007722007722,0.011627906976744186,0.011583011583011582
True,0.022297811059666897,0.010000000000000316,0.02097036980016469,0.0003008364628417975,0.009604877523581155,0.012608210418363346,0.0,0.011149022776929753,0.011583011583011582,1.1312741312741312,2.8722576396995003,fing_x_face,8,0.01,ri_V>li_V>face_C>face_G,4,MONO-rel,GP,main,0.03765463829040527,0.01285504773876867,0.007722007722007722,0.013708060219688126,0.011583011583011582
True,0.03906785892213685,0.010000000000010672,0.03605149583473517,0.00031326772163691314,0.009518863713361917,0.009803034416191597,0.0,0.009547753733800245,0.011583011583011582,1.1312741312741312,3.250306785190506,fing_x_face,8,0.01,ri_V>li_V>face_C>face_G,4,LR-P1-N2,GP,main,0.07756257057189941,0.011029301726976146,0.007722007722007722,0.011568046451767382,0.011583011583011582
True,0.022457381060992883,0.010000000000004125,0.021138224052185482,0.004159109192569753,0.009330409182302003,0.012110517901849003,0.003875968992248062,0.010759929364580527,0.011583011583011582,1.1312741312741312,2.630121816168328,fing_x_face,8,0.01,ri_V>li_V>face_C>face_G,4,LR-P1-N2-rel,GP,main,0.038606882095336914,0.012675466163838257,0.011583011583011582,0.013363862201071504,0.011583011583011582
True,0.03743990458715321,0.010000000000006986,0.03446068520945171,0.00031326772163691314,0.009654967495888338,0.009908605556058275,0.0,0.009891951752416868,0.011583011583011582,1.1274131274131274,3.2495285983658078,fing_x_face,8,0.01,ri_V>li_V>face_C>face_G,4,LR-P2-N2,GP,main,0.04625844955444336,0.011747628026697795,0.007722007722007722,0.01213672143904702,0.011583011583011582
True,0.01986497819444647,0.010000000000000137,0.01878804018520192,0.00028913645456404163,0.008290502770517518,0.01232166018158236,0.0,0.011253778695639162,0.011583011583011582,1.1274131274131274,2.849675256652001,fing_x_face,8,0.01,ri_V>li_V>face_C>face_G,4,LR-P2-N2-rel,GP,main,0.04578852653503418,0.012914908263745473,0.007722007722007722,0.013393792463559906,0.011583011583011582
True,0.0385025166559744,0.010000000000082889,0.03552907710485812,0.00031326772163691314,0.009499454070841334,0.009787952824782072,0.0,0.009547753733800245,0.011583011583011582,1.1312741312741312,3.250306785190506,fing_x_face,8,0.01,ri_V>li_V>face_C>face_G,4,LR-P1-N3,GP,main,0.05318808555603027,0.011014336595731944,0.007722007722007722,0.01153811618927898,0.011583011583011582
True,0.03377266468200537,0.01000000000003316,0.03150165007116789,0.00033011898355918094,0.009610931149466205,0.009968931921696378,0.0,0.00974230043997486,0.011583011583011582,1.1312741312741312,3.2373469815330282,fing_x_face,8,0.01,ri_V>li_V>face_C>face_G,4,NLS-N2,GP,main,0.04882216453552246,0.011149022776929753,0.007722007722007722,0.011702732632965191,0.011583011583011582
True,0.03835800137469484,0.01000000000005501,0.035430497195958116,0.00031326772163691314,0.009518863713361917,0.009803034416191597,0.0,0.009547753733800245,0.011583011583011582,1.1312741312741312,3.250306785190506,fing_x_face,8,0.01,ri_V>li_V>face_C>face_G,4,DE-N2,GP,main,0.046544790267944336,0.011029301726976146,0.007722007722007722,0.011568046451767382,0.011583011583011582
True,0.047696234402711576,0.010000000000006675,0.04318990578401236,0.003616886933947506,0.00786798222914647,0.008490935963562875,0.015503875968992248,0.009442997815090838,0.04247104247104247,1.084942084942085,2.1254377300888927,fing_x_face,8,0.01,ri_V>li_V>face_C>face_G,4,MAXMONO-K3,GP,main,0.05890345573425293,0.011433360270569574,0.04247104247104247,0.011792523420430398,0.03861003861003861
True,,,,,,0.009999095104515429,0.007751937984496124,0.006749274191134656,0.011583011583011582,1.3629343629343629,3.2716021669510043,fing_x_face,8,0.01,ri_V>li_V>face_C>face_G,4,S1-Marcialis,rule,main,0.004703521728515625,,,,
True,,,,,,0.009999095104515429,0.007751937984496124,0.006749274191134656,0.011583011583011582,1.3629343629343629,3.2716021669510043,fing_x_face,8,0.01,ri_V>li_V>face_C>face_G,4,S2-Symmetric,rule,main,0.04632854461669922,,,,
False,,,,,,,,,,,,fing_x_face,8,0.01,ri_V>li_V>face_C>face_G,4,S4-Direct,rule,main,4.0531158447265625e-06,,,,
True,0.15332421734788135,0.010000000000002536,0.14485817140967644,0.032400188339799914,0.007668535528893513,0.010270563749886889,0.03488372093023256,0.01108916225195295,0.05791505791505792,1.05019305019305,1.1236269492083446,fing_x_face,8,0.01,ri_V>li_V>face_G>face_C,4,HYP,GP,main,0.02274346351623535,0.014127083894525754,0.05791505791505792,0.014800514800514801,0.05405405405405406
True,0.03673509701725799,0.01000000000000004,0.03394176959051105,0.00035387650036762405,0.009805552172459693,0.009848279190420172,0.0,0.01005656819610308,0.011583011583011582,1.1312741312741312,3.4102391427972822,fing_x_face,8,0.01,ri_V>li_V>face_G>face_C,4,MONO,GP,main,0.03593325614929199,0.0118224536829188,0.007722007722007722,0.012241477357756428,0.011583011583011582
True,0.022500169850860743,0.01000000000001131,0.021101949437696003,0.00037583839090566166,0.009768510920198,0.011326275148553675,0.0,0.011612941845499986,0.015444015444015444,1.1312741312741312,2.9601179252342043,fing_x_face,8,0.01,ri_V>li_V>face_G>face_C,4,MONO-rel,GP,main,0.03806710243225098,0.013363862201071504,0.011583011583011582,0.01405225823830475,0.015444015444015444
True,0.039336581394185575,0.010000000000000609,0.03613711527082153,0.0003480752462632368,0.009487962252052458,0.009561728953639189,0.0,0.009487893208823442,0.011583011583011582,1.135135135135135,3.411241806590644,fing_x_face,8,0.01,ri_V>li_V>face_G>face_C,4,LR-P1-N2,GP,main,0.03632044792175293,0.010999371464487744,0.007722007722007722,0.011418395139325372,0.011583011583011582
True,0.022655721516489334,0.01000000000000027,0.02126968433322431,0.00037583839090566166,0.009805432559947938,0.011356438331372726,0.0,0.011583011583011582,0.015444015444015444,1.1312741312741312,2.968333782287271,fing_x_face,8,0.01,ri_V>li_V>face_G>face_C,4,LR-P1-N2-rel,GP,main,0.04407668113708496,0.013304001676094699,0.011583011583011582,0.01406722336954895,0.015444015444015444
True,0.03768523530399954,0.010000000000008424,0.034545170001302326,0.00037469276509513133,0.007618500995244841,0.007676530027448497,0.0,0.00784172877196133,0.011583011583011582,1.1312741312741312,3.4156116249139505,fing_x_face,8,0.01,ri_V>li_V>face_G>face_C,4,LR-P2-N2,GP,main,0.04417920112609863,0.009487893208823442,0.007722007722007722,0.009637544521265452,0.011583011583011582
True,0.020184367756714935,0.010000000000346615,0.01902999329211132,0.00040847653899715134,0.008479462349037004,0.010813501040629806,0.0,0.011253778695639162,0.011583011583011582,1.1274131274131274,2.9132172039148783,fing_x_face,8,0.01,ri_V>li_V>face_G>face_C,4,LR-P2-N2-rel,GP,main,0.04487299919128418,0.01300469905121068,0.011583011583011582,0.01375295561342073,0.011583011583011582
True,0.03877180462302828,0.010000000000013354,0.0356159734836249,0.0003480752462632368,0.009487962252052458,0.009561728953639189,0.0,0.009487893208823442,0.011583011583011582,1.135135135135135,3.411241806590644,fing_x_face,8,0.01,ri_V>li_V>face_G>face_C,4,LR-P1-N3,GP,main,0.05740642547607422,0.010999371464487744,0.007722007722007722,0.011418395139325372,0.011583011583011582
True,0.03405899417857027,0.010000000000008238,0.031615108394186714,0.0003232127286730056,0.009906439676769645,0.009968931921696378,0.0,0.010236149771033492,0.011583011583011582,1.1312741312741312,3.4101643171410614,fing_x_face,8,0.01,ri_V>li_V>face_G>face_C,4,NLS-N2,GP,main,0.050837039947509766,0.011912244470384005,0.007722007722007722,0.012316303013977433,0.011583011583011582
True,0.038623559818157245,0.010000000000003425,0.035517584175683625,0.004203569224025226,0.009203142193965584,0.009335505082496306,0.003875968992248062,0.009293346502648828,0.011583011583011582,1.135135135135135,3.0985603543743077,fing_x_face,8,0.01,ri_V>li_V>face_G>face_C,4,DE-N2,GP,main,0.050890445709228516,0.010909580677022537,0.011583011583011582,0.011298674089371763,0.011583011583011582
True,0.049540756989045524,0.010000000000011621,0.04416698609161641,0.00326982325089995,0.007650912802230053,0.009229933942629626,0.015503875968992248,0.010355870820987101,0.03861003861003861,1.084942084942085,2.1562509353207027,fing_x_face,8,0.01,ri_V>li_V>face_G>face_C,4,MAXMONO-K3,GP,main,0.0530858039855957,0.012465954326419443,0.03861003861003861,0.012705396426326659,0.03474903474903475
True,,,,,,0.009999095104515429,0.003875968992248062,0.011927209601628207,0.011583011583011582,1.3706563706563706,3.433075933075933,fing_x_face,8,0.01,ri_V>li_V>face_G>face_C,4,S1-Marcialis,rule,main,0.0041201114654541016,,,,
True,,,,,,0.009999095104515429,0.003875968992248062,0.011927209601628207,0.011583011583011582,1.3706563706563706,3.433075933075933,fing_x_face,8,0.01,ri_V>li_V>face_G>face_C,4,S2-Symmetric,rule,main,0.04554390907287598,,,,
False,,,,,,,,,,,,fing_x_face,8,0.01,ri_V>li_V>face_G>face_C,4,S4-Direct,rule,main,3.814697265625e-06,,,,
True,,,,,,0.009999095104515429,0.0,0.01064020831462692,0.0,4.0,4.0,fing_x_face,8,0.01,parallel(face_C+face_G+li_V+ri_V),4,P0-Parallel,rule,main,0.0,,,,
False,,,,,,,,,,,,fing_x_face,8,0.001,face_C,1,HYP,GP,main,0.005133628845214844,,,,
True,0.1687386924474043,0.0010000000000000002,0.1687386924474043,0.16279069767441862,0.0009953850330286507,0.0009953850330286851,0.16279069767441862,0.0008530124809194577,0.1583011583011583,1.0,1.0,fing_x_face,8,0.001,face_C,1,MONO,GP,main,0.0022516250610351562,0.0009278381371404627,0.14671814671814673,0.001137349974559277,0.1583011583011583
True,0.19726649782997344,0.0010000000000000002,0.19726649782997344,0.16279069767441862,0.0009953850330286507,0.0009953850330286851,0.16279069767441862,0.0008530124809194577,0.1583011583011583,1.0,1.0,fing_x_face,8,0.001,face_C,1,MONO-rel,GP,main,0.0024487972259521484,0.0009278381371404627,0.14671814671814673,0.001137349974559277,0.1583011583011583
True,0.16849107677149916,0.0010000000000000037,0.16849107677149916,0.16279069767441862,0.0009953850330286507,0.0009953850330286851,0.16279069767441862,0.0008530124809194577,0.1583011583011583,1.0,1.0,fing_x_face,8,0.001,face_C,1,LR-P1-N2,GP,main,0.0028128623962402344,0.0009278381371404627,0.14671814671814673,0.001137349974559277,0.1583011583011583
True,0.19531228800792516,0.0010000000000000037,0.19531228800792516,0.16279069767441862,0.0009953850330286507,0.0009953850330286851,0.16279069767441862,0.0008530124809194577,0.1583011583011583,1.0,1.0,fing_x_face,8,0.001,face_C,1,LR-P1-N2-rel,GP,main,0.002811431884765625,0.0009278381371404627,0.14671814671814673,0.001137349974559277,0.1583011583011583
True,0.19801425353701235,0.0009999999999999994,0.19801425353701235,0.16279069767441862,0.0009953850330286507,0.0009953850330286851,0.16279069767441862,0.0008530124809194577,0.1583011583011583,1.0,1.0,fing_x_face,8,0.001,face_C,1,LR-P2-N2,GP,main,0.002526998519897461,0.0009278381371404627,0.14671814671814673,0.001137349974559277,0.1583011583011583
True,0.2384855354892726,0.0010000000000000135,0.2384855354892726,0.16279069767441862,0.0009953850330286507,0.0009953850330286851,0.16279069767441862,0.0008530124809194577,0.1583011583011583,1.0,1.0,fing_x_face,8,0.001,face_C,1,LR-P2-N2-rel,GP,main,0.0026445388793945312,0.0009278381371404627,0.14671814671814673,0.001137349974559277,0.1583011583011583
True,0.16849107677149913,0.001000000000000002,0.16849107677149913,0.16279069767441862,0.0009953850330286507,0.0009953850330286851,0.16279069767441862,0.0008530124809194577,0.1583011583011583,1.0,1.0,fing_x_face,8,0.001,face_C,1,LR-P1-N3,GP,main,0.002778768539428711,0.0009278381371404627,0.14671814671814673,0.001137349974559277,0.1583011583011583
True,0.16930965233668613,0.0010000000000000002,0.16930965233668613,0.16279069767441862,0.0009953850330286507,0.0009953850330286851,0.16279069767441862,0.0008530124809194577,0.1583011583011583,1.0,1.0,fing_x_face,8,0.001,face_C,1,NLS-N2,GP,main,0.002415180206298828,0.0009278381371404627,0.14671814671814673,0.001137349974559277,0.1583011583011583
True,0.1684946111481413,0.001000000000000002,0.1684946111481413,0.16279069767441862,0.0009953850330286507,0.0009953850330286851,0.16279069767441862,0.0008530124809194577,0.1583011583011583,1.0,1.0,fing_x_face,8,0.001,face_C,1,DE-N2,GP,main,0.002497434616088867,0.0009278381371404627,0.14671814671814673,0.001137349974559277,0.1583011583011583
True,0.6438502159699604,0.0009999999999999994,0.6438502159699604,0.16279069767441862,0.0009953850330286507,0.0009953850330286851,0.16279069767441862,0.0008530124809194577,0.1583011583011583,1.0,1.0,fing_x_face,8,0.001,face_C,1,MAXMONO-K3,GP,main,0.002962350845336914,0.0009278381371404627,0.14671814671814673,0.001137349974559277,0.1583011583011583
False,,,,,,,,,,,,fing_x_face,8,0.001,face_C,1,S1-Marcialis,rule,main,3.814697265625e-06,,,,
False,,,,,,,,,,,,fing_x_face,8,0.001,face_C,1,S2-Symmetric,rule,main,7.152557373046875e-07,,,,
False,,,,,,,,,,,,fing_x_face,8,0.001,face_C,1,S4-Direct,rule,main,9.5367431640625e-07,,,,
False,,,,,,,,,,,,fing_x_face,8,0.001,face_G,1,HYP,GP,main,0.010903358459472656,,,,
True,0.2357613709706653,0.0010000000000000002,0.2357613709706653,0.23255813953488372,0.0009953850330286507,0.0009953850330286851,0.23255813953488372,0.0003591631498608243,0.26640926640926643,1.0,1.0,fing_x_face,8,0.001,face_G,1,MONO,GP,main,0.0023746490478515625,0.0003741282811050253,0.2625482625482625,0.00047888419981443237,0.26640926640926643
True,0.3016127009287681,0.001000000000000002,0.3016127009287681,0.23255813953488372,0.0009953850330286507,0.0009953850330286851,0.23255813953488372,0.0003591631498608243,0.26640926640926643,1.0,1.0,fing_x_face,8,0.001,face_G,1,MONO-rel,GP,main,0.0024366378784179688,0.0003741282811050253,0.2625482625482625,0.00047888419981443237,0.26640926640926643
True,0.2358562189804713,0.0009999999999999976,0.2358562189804713,0.23255813953488372,0.0009953850330286507,0.0009953850330286851,0.23255813953488372,0.0003591631498608243,0.26640926640926643,1.0,1.0,fing_x_face,8,0.001,face_G,1,LR-P1-N2,GP,main,0.0026786327362060547,0.0003741282811050253,0.2625482625482625,0.00047888419981443237,0.26640926640926643
True,0.30318260980397166,0.000999999999999996,0.30318260980397166,0.23255813953488372,0.0009953850330286507,0.0009953850330286851,0.23255813953488372,0.0003591631498608243,0.26640926640926643,1.0,1.0,fing_x_face,8,0.001,face_G,1,LR-P1-N2-rel,GP,main,0.002549409866333008,0.0003741282811050253,0.2625482625482625,0.00047888419981443237,0.26640926640926643
True,0.24746484133748803,0.0009999999999999994,0.24746484133748803,0.23255813953488372,0.0009953850330286507,0.0009953850330286851,0.23255813953488372,0.0003591631498608243,0.26640926640926643,1.0,1.0,fing_x_face,8,0.001,face_G,1,LR-P2-N2,GP,main,0.0027930736541748047,0.0003741282811050253,0.2625482625482625,0.00047888419981443237,0.26640926640926643
True,0.3840391634735456,0.0009999999999999985,0.3840391634735456,0.23255813953488372,0.0009953850330286507,0.0009953850330286851,0.23255813953488372,0.0003591631498608243,0.26640926640926643,1.0,1.0,fing_x_face,8,0.001,face_G,1,LR-P2-N2-rel,GP,main,0.0025238990783691406,0.0003741282811050253,0.2625482625482625,0.00047888419981443237,0.26640926640926643
True,0.23585621896419492,0.0009999999999999994,0.23585621896419492,0.23255813953488372,0.0009953850330286507,0.0009953850330286851,0.23255813953488372,0.0003591631498608243,0.26640926640926643,1.0,1.0,fing_x_face,8,0.001,face_G,1,LR-P1-N3,GP,main,0.0028867721557617188,0.0003741282811050253,0.2625482625482625,0.00047888419981443237,0.26640926640926643
True,0.23973412620418133,0.0009999999999999994,0.23973412620418133,0.23255813953488372,0.0009953850330286507,0.0009953850330286851,0.23255813953488372,0.0003591631498608243,0.26640926640926643,1.0,1.0,fing_x_face,8,0.001,face_G,1,NLS-N2,GP,main,0.0024356842041015625,0.0003741282811050253,0.2625482625482625,0.00047888419981443237,0.26640926640926643
True,0.2358707642899148,0.0010000000000000002,0.2358707642899148,0.23255813953488372,0.0009953850330286507,0.0009953850330286851,0.23255813953488372,0.0003591631498608243,0.26640926640926643,1.0,1.0,fing_x_face,8,0.001,face_G,1,DE-N2,GP,main,0.0025968551635742188,0.0003741282811050253,0.2625482625482625,0.00047888419981443237,0.26640926640926643
True,0.5376863934098313,0.001000000000000001,0.5376863934098313,0.23255813953488372,0.0009953850330286507,0.0009953850330286851,0.23255813953488372,0.0003591631498608243,0.26640926640926643,1.0,1.0,fing_x_face,8,0.001,face_G,1,MAXMONO-K3,GP,main,0.002859830856323242,0.0003741282811050253,0.2625482625482625,0.00047888419981443237,0.26640926640926643
False,,,,,,,,,,,,fing_x_face,8,0.001,face_G,1,S1-Marcialis,rule,main,4.0531158447265625e-06,,,,
False,,,,,,,,,,,,fing_x_face,8,0.001,face_G,1,S2-Symmetric,rule,main,7.152557373046875e-07,,,,
False,,,,,,,,,,,,fing_x_face,8,0.001,face_G,1,S4-Direct,rule,main,4.76837158203125e-07,,,,
False,,,,,,,,,,,,fing_x_face,8,0.001,li_V,1,HYP,GP,main,0.0013871192932128906,,,,
True,0.16472888599021548,0.0010000000000000002,0.16472888599021548,0.13953488372093023,0.0007540795704762404,0.0007540795704762766,0.13953488372093023,0.001257071024512885,0.1969111969111969,1.0,1.0,fing_x_face,8,0.001,li_V,1,MONO,GP,main,0.002109050750732422,0.001466582861931699,0.1969111969111969,0.001466582861931699,0.19305019305019305
True,0.17771912235006807,0.001000000000000001,0.17771912235006807,0.13953488372093023,0.0007540795704762404,0.0007540795704762766,0.13953488372093023,0.001257071024512885,0.1969111969111969,1.0,1.0,fing_x_face,8,0.001,li_V,1,MONO-rel,GP,main,0.0023229122161865234,0.001466582861931699,0.1969111969111969,0.001466582861931699,0.19305019305019305
True,0.16086973247904923,0.001000000000000002,0.16086973247904923,0.13953488372093023,0.0007540795704762404,0.0007540795704762766,0.13953488372093023,0.001257071024512885,0.1969111969111969,1.0,1.0,fing_x_face,8,0.001,li_V,1,LR-P1-N2,GP,main,0.0026907920837402344,0.001466582861931699,0.1969111969111969,0.001466582861931699,0.19305019305019305
True,0.18199173320068587,0.0010000000000000002,0.18199173320068587,0.13953488372093023,0.0007540795704762404,0.0007540795704762766,0.13953488372093023,0.001257071024512885,0.1969111969111969,1.0,1.0,fing_x_face,8,0.001,li_V,1,LR-P1-N2-rel,GP,main,0.002548694610595703,0.001466582861931699,0.1969111969111969,0.001466582861931699,0.19305019305019305
True,0.16419120093026515,0.001000000000000001,0.16419120093026515,0.13953488372093023,0.0007540795704762404,0.0007540795704762766,0.13953488372093023,0.001257071024512885,0.1969111969111969,1.0,1.0,fing_x_face,8,0.001,li_V,1,LR-P2-N2,GP,main,0.002468585968017578,0.001466582861931699,0.1969111969111969,0.001466582861931699,0.19305019305019305
True,0.24047674380310044,0.0009999999999999994,0.24047674380310044,0.13953488372093023,0.0007540795704762404,0.0007540795704762766,0.13953488372093023,0.001257071024512885,0.1969111969111969,1.0,1.0,fing_x_face,8,0.001,li_V,1,LR-P2-N2-rel,GP,main,0.0024433135986328125,0.001466582861931699,0.1969111969111969,0.001466582861931699,0.19305019305019305
True,0.16086999391206364,0.0009999999999999994,0.16086999391206364,0.13953488372093023,0.0007540795704762404,0.0007540795704762766,0.13953488372093023,0.001257071024512885,0.1969111969111969,1.0,1.0,fing_x_face,8,0.001,li_V,1,LR-P1-N3,GP,main,0.002626180648803711,0.001466582861931699,0.1969111969111969,0.001466582861931699,0.19305019305019305
True,0.16668671726555326,0.001000000000000002,0.16668671726555326,0.13953488372093023,0.0007540795704762404,0.0007540795704762766,0.13953488372093023,0.001257071024512885,0.1969111969111969,1.0,1.0,fing_x_face,8,0.001,li_V,1,NLS-N2,GP,main,0.002640962600708008,0.001466582861931699,0.1969111969111969,0.001466582861931699,0.19305019305019305
True,0.16140976964912784,0.001000000000000002,0.16140976964912784,0.13953488372093023,0.0007540795704762404,0.0007540795704762766,0.13953488372093023,0.001257071024512885,0.1969111969111969,1.0,1.0,fing_x_face,8,0.001,li_V,1,DE-N2,GP,main,0.0024254322052001953,0.001466582861931699,0.1969111969111969,0.001466582861931699,0.19305019305019305
True,0.44369523969266966,0.001000000000000001,0.44369523969266966,0.13953488372093023,0.0007540795704762404,0.0007540795704762766,0.13953488372093023,0.001257071024512885,0.1969111969111969,1.0,1.0,fing_x_face,8,0.001,li_V,1,MAXMONO-K3,GP,main,0.0026993751525878906,0.001466582861931699,0.1969111969111969,0.001466582861931699,0.19305019305019305
False,,,,,,,,,,,,fing_x_face,8,0.001,li_V,1,S1-Marcialis,rule,main,3.337860107421875e-06,,,,
False,,,,,,,,,,,,fing_x_face,8,0.001,li_V,1,S2-Symmetric,rule,main,7.152557373046875e-07,,,,
False,,,,,,,,,,,,fing_x_face,8,0.001,li_V,1,S4-Direct,rule,main,7.152557373046875e-07,,,,
False,,,,,,,,,,,,fing_x_face,8,0.001,ri_V,1,HYP,GP,main,0.008442878723144531,,,,
True,0.1057661018603693,0.0010000000000000002,0.1057661018603693,0.09689922480620156,0.0009048954845715107,0.000904895484571532,0.09689922480620156,0.0008380473496752566,0.10424710424710425,1.0,1.0,fing_x_face,8,0.001,ri_V,1,MONO,GP,main,0.0022363662719726562,0.001047559187094071,0.10038610038610038,0.0010026637933614679,0.10424710424710425
True,0.1539903331164402,0.001000000000000001,0.1539903331164402,0.09689922480620156,0.0009048954845715107,0.000904895484571532,0.09689922480620156,0.0008380473496752566,0.10424710424710425,1.0,1.0,fing_x_face,8,0.001,ri_V,1,MONO-rel,GP,main,0.004083156585693359,0.001047559187094071,0.10038610038610038,0.0010026637933614679,0.10424710424710425
True,0.10239438910774873,0.0010000000000000002,0.10239438910774873,0.09689922480620156,0.0009048954845715107,0.000904895484571532,0.09689922480620156,0.0008380473496752566,0.10424710424710425,1.0,1.0,fing_x_face,8,0.001,ri_V,1,LR-P1-N2,GP,main,0.0029087066650390625,0.001047559187094071,0.10038610038610038,0.0010026637933614679,0.10424710424710425
True,0.15069732096496688,0.000999999999999996,0.15069732096496688,0.09689922480620156,0.0009048954845715107,0.000904895484571532,0.09689922480620156,0.0008380473496752566,0.10424710424710425,1.0,1.0,fing_x_face,8,0.001,ri_V,1,LR-P1-N2-rel,GP,main,0.003657817840576172,0.001047559187094071,0.10038610038610038,0.0010026637933614679,0.10424710424710425
True,0.1047383372225489,0.0010000000000000002,0.1047383372225489,0.09689922480620156,0.0009048954845715107,0.000904895484571532,0.09689922480620156,0.0008380473496752566,0.10424710424710425,1.0,1.0,fing_x_face,8,0.001,ri_V,1,LR-P2-N2,GP,main,0.0025413036346435547,0.001047559187094071,0.10038610038610038,0.0010026637933614679,0.10424710424710425
True,0.19246283985135965,0.001000000000000002,0.19246283985135965,0.09689922480620156,0.0009048954845715107,0.000904895484571532,0.09689922480620156,0.0008380473496752566,0.10424710424710425,1.0,1.0,fing_x_face,8,0.001,ri_V,1,LR-P2-N2-rel,GP,main,0.002706289291381836,0.001047559187094071,0.10038610038610038,0.0010026637933614679,0.10424710424710425
True,0.10262138931420482,0.0009999999999999985,0.10262138931420482,0.09689922480620156,0.0009048954845715107,0.000904895484571532,0.09689922480620156,0.0008380473496752566,0.10424710424710425,1.0,1.0,fing_x_face,8,0.001,ri_V,1,LR-P1-N3,GP,main,0.0025131702423095703,0.001047559187094071,0.10038610038610038,0.0010026637933614679,0.10424710424710425
True,0.11124640351227526,0.0009999999999999976,0.11124640351227526,0.09689922480620156,0.0009048954845715107,0.000904895484571532,0.09689922480620156,0.0008380473496752566,0.10424710424710425,1.0,1.0,fing_x_face,8,0.001,ri_V,1,NLS-N2,GP,main,0.0043795108795166016,0.001047559187094071,0.10038610038610038,0.0010026637933614679,0.10424710424710425
True,0.10265664379218988,0.0009999999999999985,0.10265664379218988,0.09689922480620156,0.0009048954845715107,0.000904895484571532,0.09689922480620156,0.0008380473496752566,0.10424710424710425,1.0,1.0,fing_x_face,8,0.001,ri_V,1,DE-N2,GP,main,0.002482891082763672,0.001047559187094071,0.10038610038610038,0.0010026637933614679,0.10424710424710425
True,0.32046410477825815,0.001000000000000001,0.32046410477825815,0.09689922480620156,0.0009048954845715107,0.000904895484571532,0.09689922480620156,0.0008380473496752566,0.10424710424710425,1.0,1.0,fing_x_face,8,0.001,ri_V,1,MAXMONO-K3,GP,main,0.002635478973388672,0.001047559187094071,0.10038610038610038,0.0010026637933614679,0.10424710424710425
False,,,,,,,,,,,,fing_x_face,8,0.001,ri_V,1,S1-Marcialis,rule,main,3.814697265625e-06,,,,
False,,,,,,,,,,,,fing_x_face,8,0.001,ri_V,1,S2-Symmetric,rule,main,9.5367431640625e-07,,,,
False,,,,,,,,,,,,fing_x_face,8,0.001,ri_V,1,S4-Direct,rule,main,4.76837158203125e-07,,,,
False,,,,,,,,,,,,fing_x_face,8,0.001,face_C>face_G,2,HYP,GP,main,0.01327061653137207,,,,
True,0.08486001701404994,0.0010000000000000694,0.07571152549617727,0.04741301604470886,0.000994425175463067,0.0014025880010858746,0.13953488372093023,0.0008829427434078596,0.14285714285714285,1.166023166023166,1.4722546466732513,fing_x_face,8,0.001,face_C>face_G,2,MONO,GP,main,0.013590097427368164,0.0009577683996288647,0.138996138996139,0.001227140762024483,0.13513513513513514
True,0.07589261917727856,0.001000000000000494,0.07028350394658235,0.04876509825130701,0.000993972313753724,0.0038910505836575876,0.10465116279069768,0.002319595342851157,0.10810810810810811,1.1467181467181466,1.0813205231809884,fing_x_face,8,0.001,face_C>face_G,2,MONO-rel,GP,main,0.008332014083862305,0.002454281524048966,0.10038610038610038,0.002888270330130795,0.09652509652509653
True,0.08694936501371271,0.001000000000000001,0.0772945958535674,0.04741301604470886,0.0009793601882246024,0.0014025880010858746,0.13953488372093023,0.0008829427434078596,0.14285714285714285,1.166023166023166,1.4667025829816527,fing_x_face,8,0.001,face_C>face_G,2,LR-P1-N2,GP,main,0.014958620071411133,0.0009577683996288647,0.138996138996139,0.001227140762024483,0.13513513513513514
True,0.07547130488776291,0.0010000000000005003,0.06987491342847717,0.04876509825130701,0.000980940768846402,0.0039362953578861645,0.10465116279069768,0.002319595342851157,0.10810810810810811,1.1505791505791505,1.0810511508185927,fing_x_face,8,0.001,face_C>face_G,2,LR-P1-N2-rel,GP,main,0.009982585906982422,0.002454281524048966,0.10038610038610038,0.002888270330130795,0.09652509652509653
True,0.1225040268304938,0.0010000000000000909,0.10565840601100748,0.0421549185746049,0.0009903648869785551,0.0011914457213525172,0.13953488372093023,0.0007931519559426536,0.14285714285714285,1.166023166023166,1.6202747598096436,fing_x_face,8,0.001,face_C>face_G,2,LR-P2-N2,GP,main,0.010489463806152344,0.0008979078746520607,0.138996138996139,0.0011523151058034779,0.13513513513513514
True,0.09002095886315964,0.0010000000000007702,0.08372995933889152,0.05723814674598882,0.0009818483119001871,0.004705456519771966,0.08914728682170543,0.0030079913800844034,0.09266409266409266,1.1428571428571428,1.0527670527670527,fing_x_face,8,0.001,face_C>face_G,2,LR-P2-N2-rel,GP,main,0.008284330368041992,0.0029630959863518004,0.0888030888030888,0.0031277124300380112,0.10038610038610038
True,0.08694936501150462,0.00100000000000001,0.0772945958492823,0.04741301604470886,0.0009793601882246024,0.0014025880010858746,0.13953488372093023,0.0008829427434078596,0.14285714285714285,1.166023166023166,1.4667025829816527,fing_x_face,8,0.001,face_C>face_G,2,LR-P1-N3,GP,main,0.015647411346435547,0.0009577683996288647,0.138996138996139,0.001227140762024483,0.13513513513513514
True,0.0811747754917825,0.0010000000000002934,0.07295616406937924,0.04521963824289406,0.000972141013040663,0.0017645461949144874,0.13178294573643412,0.0010774894495824729,0.138996138996139,1.166023166023166,1.3151058034778964,fing_x_face,8,0.001,face_C>face_G,2,NLS-N2,GP,main,0.012465238571166992,0.0010774894495824729,0.138996138996139,0.0015414085181527043,0.1274131274131274
True,0.08684516894604971,0.0010000000000000002,0.07721802499874561,0.04741301604470886,0.0009821944974961142,0.0014176695924954,0.13953488372093023,0.0008829427434078596,0.14285714285714285,1.166023166023166,1.4633204633204633,fing_x_face,8,0.001,face_C>face_G,2,DE-N2,GP,main,0.010328292846679688,0.0009577683996288647,0.138996138996139,0.001227140762024483,0.13513513513513514
True,0.21787843224767875,0.0010000000000008147,0.20231106367996737,0.06909140075716604,0.0009812669384552165,0.00310680783036226,0.09689922480620156,0.0020352578492113375,0.11583011583011583,1.0888030888030888,1.0194696357487054,fing_x_face,8,0.001,face_C>face_G,2,MAXMONO-K3,GP,main,0.0163271427154541,0.002184909161653348,0.11196911196911197,0.002484211786537368,0.11583011583011583
True,,,,,,0.0009953850330286851,0.2054263565891473,0.0003890934123492263,0.22007722007722008,1.3513513513513513,1.620768609140702,fing_x_face,8,0.001,face_C>face_G,2,S1-Marcialis,rule,main,0.0028362274169921875,,,,
True,,,,,,0.0009953850330286851,0.2054263565891473,0.0003890934123492263,0.22007722007722008,1.3513513513513513,1.620768609140702,fing_x_face,8,0.001,face_C>face_G,2,S2-Symmetric,rule,main,0.026859045028686523,,,,
True,,,,,,0.0009953850330286851,0.13178294573643412,0.0005836401185238395,0.14285714285714285,1.1158301158301158,1.006464936697495,fing_x_face,8,0.001,face_C>face_G,2,S4-Direct,rule,main,0.37738895416259766,,,,
False,,,,,,,,,,,,fing_x_face,8,0.001,face_C>li_V,2,HYP,GP,main,0.01874399185180664,,,,
True,0.06943526770827034,0.0010000000000000943,0.0630473912176825,0.02577970073913827,0.000908596167650538,0.0009501402588001085,0.015503875968992248,0.001167280237047679,0.023166023166023165,1.162162162162162,1.620229864415911,fing_x_face,8,0.001,face_C>li_V,2,MONO,GP,main,0.012584209442138672,0.001376792074466493,0.019305019305019305,0.0015563736493969052,0.02702702702702703
True,0.06249679733819062,0.0010000000000001015,0.05876989034898822,0.030466919055345234,0.0009708013066279547,0.0010557113986667873,0.01937984496124031,0.001137349974559277,0.023166023166023165,1.162162162162162,1.412214540121517,fing_x_face,8,0.001,face_C>li_V,2,MONO-rel,GP,main,0.01432180404663086,0.001346861811978091,0.023166023166023165,0.0015414085181527043,0.02702702702702703
True,0.0704774376367879,0.00100000000000005,0.06384048978130069,0.02577970073913827,0.0009387452482967821,0.0009803034416191597,0.015503875968992248,0.001167280237047679,0.023166023166023165,1.162162162162162,1.620229864415911,fing_x_face,8,0.001,face_C>li_V,2,LR-P1-N2,GP,main,0.012759923934936523,0.001376792074466493,0.019305019305019305,0.0015563736493969052,0.02702702702702703
True,0.06321142182617177,0.001000000000000233,0.059317084366463935,0.030466919055345234,0.0009427789246164706,0.0010255482158477362,0.01937984496124031,0.001122384843315076,0.023166023166023165,1.162162162162162,1.3760288527730389,fing_x_face,8,0.001,face_C>li_V,2,LR-P1-N2-rel,GP,main,0.013968706130981445,0.0013169315494896891,0.023166023166023165,0.0014815479931759002,0.02702702702702703
True,0.1030127842307742,0.001000000000000479,0.09177502602329579,0.026951505318190013,0.0008332234660348165,0.0008747323017524809,0.015503875968992248,0.001137349974559277,0.023166023166023165,1.166023166023166,1.6202597946783994,fing_x_face,8,0.001,face_C>li_V,2,LR-P2-N2,GP,main,0.012706995010375977,0.001287001287001287,0.023166023166023165,0.001466582861931699,0.02702702702702703
True,0.08295019846984968,0.0010000000000009045,0.07740899447697683,0.03473348957394387,0.0009922291032364344,0.0010858745814858383,0.023255813953488372,0.001376792074466493,0.03088803088803089,1.1505791505791505,1.1193469216725032,fing_x_face,8,0.001,face_C>li_V,2,LR-P2-N2-rel,GP,main,0.012937545776367188,0.0017359552243273173,0.03861003861003861,0.0019005716680135284,0.03861003861003861
True,0.0704769651550519,0.0010000000000000588,0.06383990478924575,0.02577970073913827,0.0009387452482967821,0.0009803034416191597,0.015503875968992248,0.001167280237047679,0.023166023166023165,1.162162162162162,1.620229864415911,fing_x_face,8,0.001,face_C>li_V,2,LR-P1-N3,GP,main,0.012781143188476562,0.001376792074466493,0.019305019305019305,0.0015563736493969052,0.02702702702702703
True,0.06570966300910303,0.0010000000000000002,0.06006048728275751,0.02577970073913827,0.00092367070797366,0.0009652218502096341,0.015503875968992248,0.001167280237047679,0.023166023166023165,1.162162162162162,1.620229864415911,fing_x_face,8,0.001,face_C>li_V,2,NLS-N2,GP,main,0.016181230545043945,0.001376792074466493,0.019305019305019305,0.0015563736493969052,0.02702702702702703
True,0.07052905644998035,0.001000000000000042,0.06389006823362578,0.02577970073913827,0.0009387452482967821,0.0009803034416191597,0.015503875968992248,0.001167280237047679,0.023166023166023165,1.162162162162162,1.620229864415911,fing_x_face,8,0.001,face_C>li_V,2,DE-N2,GP,main,0.012775659561157227,0.001376792074466493,0.019305019305019305,0.0015563736493969052,0.02702702702702703
True,0.20753779651698978,0.001000000000000796,0.19546819223778325,0.06859563728141338,0.0009184617747720017,0.001131119355714415,0.06589147286821706,0.0011972104995360809,0.08494208494208494,1.0888030888030888,1.0189608212864028,fing_x_face,8,0.001,face_C>li_V,2,MAXMONO-K3,GP,main,0.017187118530273438,0.001466582861931699,0.08494208494208494,0.0018257460117925234,0.08494208494208494
True,,,,,,0.0007842427532953277,0.01937984496124031,0.001212175630780282,0.05019305019305019,1.3513513513513513,1.620768609140702,fing_x_face,8,0.001,face_C>li_V,2,S1-Marcialis,rule,main,0.0037696361541748047,,,,
True,,,,,,0.0007842427532953277,0.01937984496124031,0.001212175630780282,0.05019305019305019,1.3513513513513513,1.620768609140702,fing_x_face,8,0.001,face_C>li_V,2,S2-Symmetric,rule,main,0.03769993782043457,,,,
True,,,,,,0.000904895484571532,0.011627906976744186,0.00133189668073389,0.03474903474903475,1.247104247104247,1.662371673999581,fing_x_face,8,0.001,face_C>li_V,2,S4-Direct,rule,main,0.45902085304260254,,,,
False,,,,,,,,,,,,fing_x_face,8,0.001,face_C>ri_V,2,HYP,GP,main,0.020016908645629883,,,,
True,0.057865374756688084,0.0010000000000007481,0.05378975955325464,0.016901027582477017,0.0009325725908046407,0.0010406298072572619,0.015503875968992248,0.0009727335308730657,0.015444015444015444,1.166023166023166,1.6202448295471552,fing_x_face,8,0.001,face_C>ri_V,2,MONO,GP,main,0.012071609497070312,0.001092454580826674,0.015444015444015444,0.001257071024512885,0.015444015444015444
True,0.05572532122897776,0.001000000000000946,0.052628117054453694,0.02454780361757106,0.0009235283215195292,0.001100956172895364,0.023255813953488372,0.0011523151058034779,0.019305019305019305,1.162162162162162,1.225210260093981,fing_x_face,8,0.001,face_C>ri_V,2,MONO-rel,GP,main,0.012205839157104492,0.0014516177306874982,0.019305019305019305,0.0016461644368621112,0.02702702702702703
True,0.059317785361743786,0.0010000000000000243,0.05512268205250569,0.016901027582477017,0.0009476450840381677,0.0010557113986667873,0.015503875968992248,0.0009727335308730657,0.015444015444015444,1.162162162162162,1.6202448295471552,fing_x_face,8,0.001,face_C>ri_V,2,LR-P1-N2,GP,main,0.008697271347045898,0.001092454580826674,0.015444015444015444,0.001287001287001287,0.015444015444015444
True,0.054947822843895974,0.0010000000000009728,0.051898837569462626,0.02454780361757106,0.000979024238076711,0.0011763641299429915,0.023255813953488372,0.001212175630780282,0.019305019305019305,1.162162162162162,1.2378408308640867,fing_x_face,8,0.001,face_C>ri_V,2,LR-P1-N2-rel,GP,main,0.009402275085449219,0.0015114782556643021,0.019305019305019305,0.0016910598305947143,0.023166023166023165
True,0.08962276084134571,0.0010000000000000846,0.08252542205806282,0.017652184363920437,0.0008572101246368943,0.0009652218502096341,0.015503875968992248,0.0009128730058962617,0.015444015444015444,1.1737451737451738,1.6203046900721318,fing_x_face,8,0.001,face_C>ri_V,2,LR-P2-N2,GP,main,0.00754237174987793,0.001047559187094071,0.015444015444015444,0.001167280237047679,0.015444015444015444
True,0.06691471339785386,0.0010000000000003279,0.06334442663240775,0.02749233820082928,0.000949920310395811,0.0011462009471239405,0.027131782945736434,0.0013618269432222922,0.02702702702702703,1.1544401544401544,1.120319655203376,fing_x_face,8,0.001,face_C>ri_V,2,LR-P2-N2-rel,GP,main,0.008117914199829102,0.0015713387806411063,0.03861003861003861,0.0017509203555715184,0.03088803088803089
True,0.05935304987647122,0.0010000000000000607,0.055146753285530745,0.016901027582477017,0.0009476450840381677,0.0010557113986667873,0.015503875968992248,0.0009727335308730657,0.015444015444015444,1.162162162162162,1.6202448295471552,fing_x_face,8,0.001,face_C>ri_V,2,LR-P1-N3,GP,main,0.007814645767211914,0.001092454580826674,0.015444015444015444,0.001287001287001287,0.015444015444015444
True,0.05476496432921186,0.00100000000000036,0.051023618464643455,0.016901027582477017,0.0009325725908046407,0.0010406298072572619,0.015503875968992248,0.0009727335308730657,0.015444015444015444,1.166023166023166,1.6202448295471552,fing_x_face,8,0.001,face_C>ri_V,2,NLS-N2,GP,main,0.014552116394042969,0.001092454580826674,0.015444015444015444,0.001257071024512885,0.015444015444015444
True,0.05924981388922117,0.0010000000000000553,0.05505392573731071,0.016901027582477017,0.0009476450840381677,0.0010557113986667873,0.015503875968992248,0.0009727335308730657,0.015444015444015444,1.162162162162162,1.6202448295471552,fing_x_face,8,0.001,face_C>ri_V,2,DE-N2,GP,main,0.008762359619140625,0.001092454580826674,0.015444015444015444,0.001287001287001287,0.015444015444015444
True,0.15728550363856508,0.0010000000000000234,0.15081631771724885,0.06354786371011358,0.0009005169873822277,0.0012517720869906193,0.06589147286821706,0.001287001287001287,0.08108108108108109,1.0888030888030888,1.018975786417647,fing_x_face,8,0.001,face_C>ri_V,2,MAXMONO-K3,GP,main,0.012101173400878906,0.0013917572057106941,0.08494208494208494,0.0018107808805483223,0.07722007722007722
True,,,,,,0.0006937532048381745,0.01937984496124031,0.0006435006435006435,0.02702702702702703,1.3513513513513513,1.620768609140702,fing_x_face,8,0.001,face_C>ri_V,2,S1-Marcialis,rule,main,0.003153562545776367,,,,
True,,,,,,0.0006937532048381745,0.01937984496124031,0.0006435006435006435,0.02702702702702703,1.3513513513513513,1.620768609140702,fing_x_face,8,0.001,face_C>ri_V,2,S2-Symmetric,rule,main,0.031846046447753906,,,,
True,,,,,,0.0008294875275239043,0.015503875968992248,0.0007033611684774476,0.019305019305019305,1.247104247104247,1.662371673999581,fing_x_face,8,0.001,face_C>ri_V,2,S4-Direct,rule,main,0.4180443286895752,,,,
False,,,,,,,,,,,,fing_x_face,8,0.001,face_G>face_C,2,HYP,GP,main,0.0068492889404296875,,,,
True,0.1129830666786805,0.0010000000000013405,0.1015172388091003,0.04882519079382248,0.0009959018094242477,0.001070792990076313,0.13565891472868216,0.0007332914309658496,0.138996138996139,1.2895752895752897,1.7880039507946486,fing_x_face,8,0.001,face_G>face_C,2,MONO,GP,main,0.014235496520996094,0.0008979078746520607,0.1274131274131274,0.001092454580826674,0.13127413127413126
True,0.0938420933233267,0.0010000000000000863,0.08823297813802938,0.06228592031728863,0.0009942784673753725,0.003393358067143245,0.09689922480620156,0.0030379216425728056,0.10424710424710425,1.2548262548262548,1.1157103947801623,fing_x_face,8,0.001,face_G>face_C,2,MONO-rel,GP,main,0.011860847473144531,0.0032324683487474186,0.11196911196911197,0.0036514920235850468,0.11583011583011583
True,0.11068519822443165,0.001000000000000002,0.09960278657814205,0.04561023976924463,0.0009842966310557766,0.0010255482158477362,0.13565891472868216,0.0007183262997216486,0.138996138996139,1.2895752895752897,1.8251174762802669,fing_x_face,8,0.001,face_G>face_C,2,LR-P1-N2,GP,main,0.013150930404663086,0.0008829427434078596,0.1274131274131274,0.001092454580826674,0.13127413127413126
True,0.09344121628384142,0.0010000000000000607,0.08790568178198621,0.06228592031728863,0.000988668532067485,0.0033481132929146684,0.09689922480620156,0.0030379216425728056,0.10424710424710425,1.2586872586872586,1.1164885816048606,fing_x_face,8,0.001,face_G>face_C,2,LR-P1-N2-rel,GP,main,0.012863636016845703,0.0031726078237706143,0.11196911196911197,0.003636526892340846,0.11583011583011583
True,0.14418536474674293,0.0010000000000004719,0.12602383544006301,0.04561023976924463,0.0009842966310557766,0.0010255482158477362,0.13565891472868216,0.0007183262997216486,0.138996138996139,1.2895752895752897,1.8251174762802669,fing_x_face,8,0.001,face_G>face_C,2,LR-P2-N2,GP,main,0.012824535369873047,0.0008829427434078596,0.1274131274131274,0.001092454580826674,0.13127413127413126
True,0.11356552599033584,0.0010000000000000126,0.10733190257845682,0.0712998016946097,0.0009889817367755216,0.004358579917352879,0.08914728682170543,0.003875968992248062,0.10424710424710425,1.2393822393822393,1.0691838017419413,fing_x_face,8,0.001,face_G>face_C,2,LR-P2-N2-rel,GP,main,0.01297903060913086,0.00384603872975966,0.10810810810810811,0.004429678848283499,0.10810810810810811
True,0.11068519856693641,0.0010000000000000037,0.09960278685396684,0.04561023976924463,0.0009842966310557766,0.0010255482158477362,0.13565891472868216,0.0007183262997216486,0.138996138996139,1.2895752895752897,1.8251174762802669,fing_x_face,8,0.001,face_G>face_C,2,LR-P1-N3,GP,main,0.014119386672973633,0.0008829427434078596,0.1274131274131274,0.001092454580826674,0.13127413127413126
True,0.10603222018670007,0.0010000000000001477,0.09623751000052051,0.05002704164413196,0.0009858201206233439,0.0013271800440382469,0.13178294573643412,0.0009128730058962617,0.13513513513513514,1.281853281853282,1.5408697734279129,fing_x_face,8,0.001,face_G>face_C,2,NLS-N2,GP,main,0.011366844177246094,0.0010774894495824729,0.11969111969111969,0.001287001287001287,0.13127413127413126
True,0.1102649940723174,0.0010000000000000065,0.09926419635984887,0.04561023976924463,0.0009842966310557766,0.0010255482158477362,0.13565891472868216,0.0007183262997216486,0.138996138996139,1.2895752895752897,1.8251174762802669,fing_x_face,8,0.001,face_G>face_C,2,DE-N2,GP,main,0.021116018295288086,0.0008829427434078596,0.1274131274131274,0.001092454580826674,0.13127413127413126
True,0.214582173495214,0.0010000000000000224,0.20078261629239053,0.0805840995132504,0.0009889094062764886,0.005278556993333937,0.09302325581395349,0.0034868755798988355,0.11969111969111969,1.1891891891891893,1.0178384364430877,fing_x_face,8,0.001,face_G>face_C,2,MAXMONO-K3,GP,main,0.013317584991455078,0.003636526892340846,0.11969111969111969,0.003816108467271258,0.11583011583011583
True,,,,,,0.0009953850330286851,0.14728682170542637,0.0008530124809194577,0.13127413127413126,1.386100386100386,1.8252521624614648,fing_x_face,8,0.001,face_G>face_C,2,S1-Marcialis,rule,main,0.002905607223510742,,,,
True,,,,,,0.0009953850330286851,0.14728682170542637,0.0008530124809194577,0.13127413127413126,1.386100386100386,1.8252521624614648,fing_x_face,8,0.001,face_G>face_C,2,S2-Symmetric,rule,main,0.049455881118774414,,,,
True,,,,,,0.0009953850330286851,0.12790697674418605,0.0007183262997216486,0.138996138996139,1.3166023166023166,1.63148364311155,fing_x_face,8,0.001,face_G>face_C,2,S4-Direct,rule,main,0.4865684509277344,,,,
False,,,,,,,,,,,,fing_x_face,8,0.001,face_G>li_V,2,HYP,GP,main,0.005907773971557617,,,,
True,0.10892810944313501,0.0010000000000000074,0.0977797735950695,0.03866955110870741,0.000988620311734815,0.0009953850330286851,0.011627906976744186,0.0008829427434078596,0.04633204633204633,1.2895752895752897,1.8251025111490227,fing_x_face,8,0.001,face_G>li_V,2,MONO,GP,main,0.013984918594360352,0.001092454580826674,0.04633204633204633,0.001167280237047679,0.04247104247104247
True,0.09555514013738588,0.0010000000000022092,0.08985684631051827,0.046872183162069585,0.0009708581702278156,0.0010104666244382108,0.023255813953488372,0.0007781868246984526,0.06177606177606178,1.2625482625482625,1.3764478764478765,fing_x_face,8,0.001,face_G>li_V,2,MONO-rel,GP,main,0.030401229858398438,0.0008829427434078596,0.06177606177606178,0.0009428032683846638,0.05405405405405406
True,0.10498559521914878,0.0010000000000002693,0.09451207609409845,0.039420707890150834,0.0008508495898108793,0.0008596507103429554,0.01937984496124031,0.0006584657747448446,0.05019305019305019,1.2895752895752897,1.8250875460177787,fing_x_face,8,0.001,face_G>li_V,2,LR-P1-N2,GP,main,0.012851238250732422,0.0007632216934542516,0.05405405405405406,0.0008979078746520607,0.04247104247104247
True,0.09722512812276428,0.0010000000000002375,0.09132222534583317,0.046872183162069585,0.0009333850579194391,0.0009501402588001085,0.023255813953488372,0.0007482565622100506,0.06177606177606178,1.2625482625482625,1.3283050492352817,fing_x_face,8,0.001,face_G>li_V,2,LR-P1-N2-rel,GP,main,0.013950109481811523,0.0008230822184310556,0.06177606177606178,0.0008829427434078596,0.05791505791505792
True,0.13295388184179802,0.0010000000000005812,0.11791997019277362,0.03925545339823328,0.0009283221504423269,0.000935058667390583,0.011627906976744186,0.0008679776121636587,0.04633204633204633,1.2895752895752897,1.8251174762802669,fing_x_face,8,0.001,face_G>li_V,2,LR-P2-N2,GP,main,0.013718843460083008,0.001092454580826674,0.04633204633204633,0.0011523151058034779,0.04247104247104247
True,0.1318980196297613,0.0010000000000006638,0.12324716651541742,0.06811489694128958,0.0009792480532057734,0.0010104666244382108,0.046511627906976744,0.0007183262997216486,0.07335907335907337,1.247104247104247,1.0945048038071294,fing_x_face,8,0.001,face_G>li_V,2,LR-P2-N2-rel,GP,main,0.012059926986694336,0.0009128730058962617,0.07335907335907337,0.0010325940558498698,0.07335907335907337
True,0.10498418645863654,0.0010000000000002552,0.0945104502394773,0.039420707890150834,0.0008508495898108793,0.0008596507103429554,0.01937984496124031,0.0006584657747448446,0.05019305019305019,1.2895752895752897,1.8250875460177787,fing_x_face,8,0.001,face_G>li_V,2,LR-P1-N3,GP,main,0.011164188385009766,0.0007632216934542516,0.05405405405405406,0.0008979078746520607,0.04247104247104247
True,0.10221352818886263,0.0010000000000000091,0.09250542984959674,0.04065260501171805,0.0008206945953501385,0.0008294875275239043,0.01937984496124031,0.0006435006435006435,0.05019305019305019,1.2895752895752897,1.8251025111490227,fing_x_face,8,0.001,face_G>li_V,2,NLS-N2,GP,main,0.012770652770996094,0.0007482565622100506,0.05405405405405406,0.0008979078746520607,0.04247104247104247
True,0.10480997698314791,0.001000000000000455,0.09437392803389355,0.039420707890150834,0.0008508495898108793,0.0008596507103429554,0.01937984496124031,0.0006584657747448446,0.05019305019305019,1.2895752895752897,1.8250875460177787,fing_x_face,8,0.001,face_G>li_V,2,DE-N2,GP,main,0.008753538131713867,0.0007632216934542516,0.05405405405405406,0.0008979078746520607,0.04247104247104247
True,0.2420583915818659,0.0010000000000000243,0.22540694950342555,0.12051559401478276,0.0008858097859142067,0.000904895484571532,0.10852713178294573,0.0005088144623028344,0.14285714285714285,1.166023166023166,1.0058513663164825,fing_x_face,8,0.001,face_G>li_V,2,MAXMONO-K3,GP,main,0.012692689895629883,0.0006285355122564425,0.138996138996139,0.0007033611684774476,0.14671814671814673
True,,,,,,0.0008898138931620064,0.027131782945736434,0.0015414085181527043,0.05791505791505792,1.386100386100386,1.8252521624614648,fing_x_face,8,0.001,face_G>li_V,2,S1-Marcialis,rule,main,0.002046346664428711,,,,
True,,,,,,0.0008898138931620064,0.027131782945736434,0.0015414085181527043,0.05791505791505792,1.386100386100386,1.8252521624614648,fing_x_face,8,0.001,face_G>li_V,2,S2-Symmetric,rule,main,0.04482769966125488,,,,
True,,,,,,0.0009953850330286851,0.011627906976744186,0.0010176289246056687,0.04633204633204633,1.2895752895752897,1.6314237825865734,fing_x_face,8,0.001,face_G>li_V,2,S4-Direct,rule,main,0.38294100761413574,,,,
False,,,,,,,,,,,,fing_x_face,8,0.001,face_G>ri_V,2,HYP,GP,main,0.01449131965637207,,,,
True,0.09262028662965555,0.0010000000000000332,0.08543290597344198,0.027176852352623043,0.0008098996095525312,0.0008445691189334298,0.015503875968992248,0.0005237795935470355,0.015444015444015444,1.2895752895752897,1.8251174762802669,fing_x_face,8,0.001,face_G>ri_V,2,MONO,GP,main,0.009064674377441406,0.0006435006435006435,0.019305019305019305,0.0007482565622100506,0.015444015444015444
True,0.08520182002968274,0.0010000000000009515,0.0804663169073471,0.045159545700378584,0.0009386667765290059,0.0011160377643048894,0.03488372093023256,0.0005387447247912364,0.03088803088803089,1.2702702702702702,1.1981682679357097,fing_x_face,8,0.001,face_G>ri_V,2,MONO-rel,GP,main,0.009935617446899414,0.0007033611684774476,0.03474903474903475,0.0007781868246984526,0.03088803088803089
True,0.08931234362527601,0.0010000000000000527,0.08259897648262177,0.027176852352623043,0.0008400523294692774,0.0008747323017524809,0.015503875968992248,0.0005237795935470355,0.015444015444015444,1.2895752895752897,1.8251174762802669,fing_x_face,8,0.001,face_G>ri_V,2,LR-P1-N2,GP,main,0.010260820388793945,0.0006435006435006435,0.019305019305019305,0.0007482565622100506,0.015444015444015444
True,0.08430690029897002,0.0010000000000008821,0.07969312652522814,0.045159545700378584,0.000967992699703683,0.0011462009471239405,0.03488372093023256,0.0005537098560354374,0.03088803088803089,1.2702702702702702,1.206294334201311,fing_x_face,8,0.001,face_G>ri_V,2,LR-P1-N2-rel,GP,main,0.008969783782958984,0.0007183262997216486,0.03474903474903475,0.0008380473496752566,0.03088803088803089
True,0.11594858136193219,0.0010000000000000126,0.10634149303246113,0.02591490895979809,0.0009842966310557766,0.0010255482158477362,0.011627906976744186,0.0006883960372332465,0.015444015444015444,1.2895752895752897,1.8251174762802669,fing_x_face,8,0.001,face_G>ri_V,2,LR-P2-N2,GP,main,0.008820295333862305,0.0007931519559426536,0.019305019305019305,0.0008979078746520607,0.015444015444015444
True,0.10605265447345125,0.0010000000000002294,0.10049864144175283,0.05862027522384472,0.0009511858666744066,0.0011462009471239405,0.050387596899224806,0.0006435006435006435,0.03861003861003861,1.2548262548262548,1.0960162820627937,fing_x_face,8,0.001,face_G>ri_V,2,LR-P2-N2-rel,GP,main,0.009427070617675781,0.0007931519559426536,0.04633204633204633,0.0008979078746520607,0.05019305019305019
True,0.0893485988581323,0.0010000000000000829,0.08261936956454505,0.027176852352623043,0.0008400523294692774,0.0008747323017524809,0.015503875968992248,0.0005237795935470355,0.015444015444015444,1.2895752895752897,1.8251174762802669,fing_x_face,8,0.001,face_G>ri_V,2,LR-P1-N3,GP,main,0.008523702621459961,0.0006435006435006435,0.019305019305019305,0.0007482565622100506,0.015444015444015444
True,0.08662914456466271,0.001000000000000041,0.08011320910082456,0.027176852352623043,0.0008249759695109597,0.0008596507103429554,0.015503875968992248,0.0005237795935470355,0.015444015444015444,1.2895752895752897,1.8251174762802669,fing_x_face,8,0.001,face_G>ri_V,2,NLS-N2,GP,main,0.008605241775512695,0.0006435006435006435,0.019305019305019305,0.0007482565622100506,0.015444015444015444
True,0.0889133056268948,0.0010000000000000544,0.08223168666383925,0.027176852352623043,0.0008400523294692774,0.0008747323017524809,0.015503875968992248,0.0005237795935470355,0.015444015444015444,1.2895752895752897,1.8251174762802669,fing_x_face,8,0.001,face_G>ri_V,2,DE-N2,GP,main,0.008321046829223633,0.0006435006435006435,0.019305019305019305,0.0007482565622100506,0.015444015444015444
True,0.2057845931434606,0.0010000000000000794,0.19527418261694848,0.08599242833964305,0.0008756189190014766,0.0010858745814858383,0.08139534883720931,0.0005686749872796385,0.10810810810810811,1.1853281853281854,1.0132591062823622,fing_x_face,8,0.001,face_G>ri_V,2,MAXMONO-K3,GP,main,0.016265869140625,0.0007033611684774476,0.11196911196911197,0.0007482565622100506,0.11583011583011583
True,,,,,,0.0008445691189334298,0.03488372093023256,0.0007332914309658496,0.02702702702702703,1.386100386100386,1.8252521624614648,fing_x_face,8,0.001,face_G>ri_V,2,S1-Marcialis,rule,main,0.002090930938720703,,,,
True,,,,,,0.0008445691189334298,0.03488372093023256,0.0007332914309658496,0.02702702702702703,1.386100386100386,1.8252521624614648,fing_x_face,8,0.001,face_G>ri_V,2,S2-Symmetric,rule,main,0.0372157096862793,,,,
True,,,,,,0.0008144059361143788,0.011627906976744186,0.0006584657747448446,0.019305019305019305,1.3166023166023166,1.921014037293107,fing_x_face,8,0.001,face_G>ri_V,2,S4-Direct,rule,main,0.4068610668182373,,,,
False,,,,,,,,,,,,fing_x_face,8,0.001,li_V>face_C,2,HYP,GP,main,0.010798454284667969,,,,
True,0.09839968833215665,0.0010000000000024516,0.08679272273696052,0.02648578811369509,0.0008978994421533845,0.0008898138931620064,0.01937984496124031,0.0011972104995360809,0.023166023166023165,1.2162162162162162,1.8564245308431355,fing_x_face,8,0.001,li_V>face_C,2,MONO,GP,main,0.014476537704467773,0.0014366525994432972,0.019305019305019305,0.0016162341743737093,0.023166023166023165
True,0.09517332402716323,0.0010000000000005935,0.08611074984505339,0.05615648098071029,0.0008587090491292123,0.0008747323017524809,0.050387596899224806,0.0016012690431295082,0.08108108108108109,1.1505791505791505,1.276570590524079,fing_x_face,8,0.001,li_V>face_C,2,MONO-rel,GP,main,0.010726451873779297,0.0019753973242345336,0.07722007722007722,0.0020202927179671366,0.0694980694980695
True,0.10431053638445532,0.0010000000000011592,0.09151256823958191,0.025869839552911486,0.0009234680461037284,0.000904895484571532,0.01937984496124031,0.0011972104995360809,0.023166023166023165,1.2162162162162162,1.8564245308431355,fing_x_face,8,0.001,li_V>face_C,2,LR-P1-N2,GP,main,0.011883258819580078,0.0014516177306874982,0.019305019305019305,0.0016311993056179102,0.023166023166023165
True,0.09507137878417182,0.00100000000000078,0.08613576239701323,0.05615648098071029,0.0008478342268374161,0.0008294875275239043,0.050387596899224806,0.0015713387806411063,0.08108108108108109,1.1505791505791505,1.276570590524079,fing_x_face,8,0.001,li_V>face_C,2,LR-P1-N2-rel,GP,main,0.010943412780761719,0.0019305019305019305,0.07722007722007722,0.0020202927179671366,0.0694980694980695
True,0.10423503352185669,0.0010000000000000783,0.09036576372658661,0.027101736674478696,0.0008211936303025413,0.0007993243447048532,0.01937984496124031,0.001122384843315076,0.023166023166023165,1.2162162162162162,1.8564245308431355,fing_x_face,8,0.001,li_V>face_C,2,LR-P2-N2,GP,main,0.009371519088745117,0.001376792074466493,0.019305019305019305,0.0015713387806411063,0.023166023166023165
True,0.10538242047980687,0.0010000000000000794,0.09694241277046556,0.06132443963704104,0.0007381518487007798,0.0008144059361143788,0.05813953488372093,0.001466582861931699,0.10810810810810811,1.1235521235521235,1.1373200442967886,fing_x_face,8,0.001,li_V>face_C,2,LR-P2-N2-rel,GP,main,0.008677482604980469,0.0018706414055251264,0.09652509652509653,0.0019454670617461314,0.09266409266409266
True,0.10430934928618041,0.001000000000000955,0.09151236661893732,0.025869839552911486,0.0009234680461037284,0.000904895484571532,0.01937984496124031,0.0011972104995360809,0.023166023166023165,1.2162162162162162,1.8564245308431355,fing_x_face,8,0.001,li_V>face_C,2,LR-P1-N3,GP,main,0.010598421096801758,0.0014516177306874982,0.019305019305019305,0.0016311993056179102,0.023166023166023165
True,0.09604938236470267,0.001000000000000899,0.08504700674393013,0.03884982873625383,0.0008030732481164701,0.0007993243447048532,0.03488372093023256,0.001122384843315076,0.04247104247104247,1.196911196911197,1.6959234982490796,fing_x_face,8,0.001,li_V>face_C,2,NLS-N2,GP,main,0.011049985885620117,0.0013917572057106941,0.03474903474903475,0.0015563736493969052,0.03474903474903475
True,0.10340079877967072,0.001000000000000099,0.09078016386267851,0.025869839552911486,0.0009106837441285094,0.000904895484571532,0.01937984496124031,0.0011972104995360809,0.023166023166023165,1.2162162162162162,1.8564245308431355,fing_x_face,8,0.001,li_V>face_C,2,DE-N2,GP,main,0.010073184967041016,0.0014366525994432972,0.019305019305019305,0.0016162341743737093,0.023166023166023165
True,0.16652582711342992,0.0010000000000008804,0.15672970176893258,0.08590228952586984,0.0008888708672218732,0.0011160377643048894,0.08527131782945736,0.0017808506180599204,0.11969111969111969,1.111969111969112,1.0489359791685373,fing_x_face,8,0.001,li_V>face_C,2,MAXMONO-K3,GP,main,0.014556646347045898,0.0021549788991649457,0.11583011583011583,0.002544072311514172,0.11196911196911197
True,,,,,,0.0009953850330286851,0.04263565891472868,0.00118224536829188,0.03088803088803089,1.3204633204633205,1.856993205830415,fing_x_face,8,0.001,li_V>face_C,2,S1-Marcialis,rule,main,0.0023925304412841797,,,,
True,,,,,,0.0009953850330286851,0.04263565891472868,0.00118224536829188,0.03088803088803089,1.3204633204633205,1.856993205830415,fing_x_face,8,0.001,li_V>face_C,2,S2-Symmetric,rule,main,0.011350393295288086,,,,
True,,,,,,0.0009953850330286851,0.011627906976744186,0.0015713387806411063,0.02702702702702703,1.193050193050193,1.8557510999371465,fing_x_face,8,0.001,li_V>face_C,2,S4-Direct,rule,main,0.3970048427581787,,,,
False,,,,,,,,,,,,fing_x_face,8,0.001,li_V>face_G,2,HYP,GP,main,0.011580228805541992,,,,
True,0.11136324960748226,0.0010000000000006592,0.09525808741967906,0.04941109308334836,0.0008132964135538605,0.000935058667390583,0.03488372093023256,0.0007033611684774476,0.06563706563706563,1.196911196911197,1.6959234982490796,fing_x_face,8,0.001,li_V>face_G,2,MONO,GP,main,0.015218973159790039,0.0009128730058962617,0.06177606177606178,0.0010625243183382718,0.05405405405405406
True,0.10909013376158579,0.0010000000000004558,0.09718341639937497,0.0676341566011658,0.0008502227254859729,0.0010104666244382108,0.05813953488372093,0.0009428032683846638,0.11583011583011583,1.1235521235521235,1.1373200442967886,fing_x_face,8,0.001,li_V>face_G,2,MONO-rel,GP,main,0.015495538711547852,0.001122384843315076,0.10424710424710425,0.0013618269432222922,0.10038610038610038
True,0.11697544687833646,0.001000000000000018,0.09942298003311528,0.05480439877411214,0.0007518960082415792,0.0008445691189334298,0.04263565891472868,0.0007033611684774476,0.0694980694980695,1.1891891891891893,1.531576426925264,fing_x_face,8,0.001,li_V>face_G,2,LR-P1-N2,GP,main,0.016725540161132812,0.0008829427434078596,0.06563706563706563,0.0010176289246056687,0.05791505791505792
True,0.10961338197456529,0.0010000000000001104,0.09781073345489578,0.0676341566011658,0.0008585862237535127,0.0010255482158477362,0.05813953488372093,0.0009428032683846638,0.11196911196911197,1.1235521235521235,1.1373200442967886,fing_x_face,8,0.001,li_V>face_G,2,LR-P1-N2-rel,GP,main,0.016269683837890625,0.001122384843315076,0.10424710424710425,0.0013618269432222922,0.10038610038610038
True,0.11372271775720759,0.0010000000000003884,0.0963863382242946,0.038188810768583624,0.0008084093283274164,0.0008294875275239043,0.01937984496124031,0.0007183262997216486,0.05405405405405406,1.2162162162162162,1.8564245308431355,fing_x_face,8,0.001,li_V>face_G,2,LR-P2-N2,GP,main,0.013718605041503906,0.0009278381371404627,0.05405405405405406,0.001047559187094071,0.04633204633204633
True,0.12538076048408267,0.0010000000000000863,0.1135285202307176,0.08698395529114837,0.0007171282385601817,0.0007842427532953277,0.08139534883720931,0.0010176289246056687,0.11583011583011583,1.1196911196911197,1.0687947083295921,fing_x_face,8,0.001,li_V>face_G,2,LR-P2-N2-rel,GP,main,0.013204813003540039,0.00118224536829188,0.11583011583011583,0.001301966418245488,0.11196911196911197
True,0.11697409082426531,0.0010000000000000206,0.0994224733913763,0.05480439877411214,0.0007518960082415792,0.0008445691189334298,0.04263565891472868,0.0007033611684774476,0.0694980694980695,1.1891891891891893,1.531576426925264,fing_x_face,8,0.001,li_V>face_G,2,LR-P1-N3,GP,main,0.015156745910644531,0.0008829427434078596,0.06563706563706563,0.0010176289246056687,0.05791505791505792
True,0.10962711233295926,0.0010000000000000028,0.09457539192256491,0.060843699296917256,0.0007031893780534519,0.0007389979790667511,0.04263565891472868,0.0007033611684774476,0.08494208494208494,1.1583011583011582,1.3875220735685851,fing_x_face,8,0.001,li_V>face_G,2,NLS-N2,GP,main,0.021465539932250977,0.0008679776121636587,0.07722007722007722,0.0009727335308730657,0.07722007722007722
True,0.1161436939723829,0.0010000000000007082,0.09883681345728354,0.05480439877411214,0.0007518960082415792,0.0008445691189334298,0.04263565891472868,0.0007033611684774476,0.0694980694980695,1.1891891891891893,1.531576426925264,fing_x_face,8,0.001,li_V>face_G,2,DE-N2,GP,main,0.014245986938476562,0.0008829427434078596,0.06563706563706563,0.0010176289246056687,0.05791505791505792
True,0.19135908961068668,0.0010000000000009773,0.17443807477413398,0.08950784207679827,0.0007786303159890745,0.0007993243447048532,0.08139534883720931,0.001212175630780282,0.11969111969111969,1.1081081081081081,1.048621711412409,fing_x_face,8,0.001,li_V>face_G,2,MAXMONO-K3,GP,main,0.012156248092651367,0.0014815479931759002,0.11583011583011583,0.0014366525994432972,0.11583011583011583
True,,,,,,0.0009953850330286851,0.050387596899224806,0.0002993026248840202,0.06563706563706563,1.3204633204633205,1.856993205830415,fing_x_face,8,0.001,li_V>face_G,2,S1-Marcialis,rule,main,0.002038717269897461,,,,
True,,,,,,0.0009953850330286851,0.050387596899224806,0.0002993026248840202,0.06563706563706563,1.3204633204633205,1.856993205830415,fing_x_face,8,0.001,li_V>face_G,2,S2-Symmetric,rule,main,0.009887933731079102,,,,
True,,,,,,0.0009953850330286851,0.011627906976744186,0.0010176289246056687,0.05019305019305019,1.2123552123552124,1.8561102630870072,fing_x_face,8,0.001,li_V>face_G,2,S4-Direct,rule,main,0.4219017028808594,,,,
False,,,,,,,,,,,,fing_x_face,8,0.001,li_V>ri_V,2,HYP,GP,main,0.018105268478393555,,,,
True,0.08515141501414493,0.0010000000000001956,0.07785299324324974,0.01539871401959017,0.0007828407243770727,0.0008596507103429554,0.046511627906976744,0.00118224536829188,0.07722007722007722,1.2162162162162162,1.8564245308431355,fing_x_face,8,0.001,li_V>ri_V,2,MONO,GP,main,0.008782148361206055,0.0014067223369548952,0.0694980694980695,0.0014366525994432972,0.07335907335907337
True,0.08840714915791432,0.0010000000000181964,0.07997656751313761,0.036401057628748276,0.0007218692980621804,0.0008596507103429554,0.05426356589147287,0.001227140762024483,0.08108108108108109,1.1891891891891893,1.531576426925264,fing_x_face,8,0.001,li_V>ri_V,2,MONO-rel,GP,main,0.01084136962890625,0.0016012690431295082,0.08108108108108109,0.0015414085181527043,0.07722007722007722
True,0.09112508658565899,0.0010000000000000215,0.0833167856632532,0.01539871401959017,0.0007828407243770727,0.0008596507103429554,0.046511627906976744,0.00118224536829188,0.07722007722007722,1.2162162162162162,1.8564245308431355,fing_x_face,8,0.001,li_V>ri_V,2,LR-P1-N2,GP,main,0.009272575378417969,0.0014067223369548952,0.0694980694980695,0.0014366525994432972,0.07335907335907337
True,0.087724033864033,0.0010000000000009897,0.0795125674007982,0.036401057628748276,0.0007218692980621804,0.0008596507103429554,0.05426356589147287,0.001227140762024483,0.08108108108108109,1.1891891891891893,1.531576426925264,fing_x_face,8,0.001,li_V>ri_V,2,LR-P1-N2-rel,GP,main,0.013548851013183594,0.0016012690431295082,0.08108108108108109,0.0015414085181527043,0.07722007722007722
True,0.08585081145705176,0.0010000000000001147,0.07851539396150398,0.01539871401959017,0.0007828407243770727,0.0008596507103429554,0.046511627906976744,0.00118224536829188,0.07722007722007722,1.2162162162162162,1.8564245308431355,fing_x_face,8,0.001,li_V>ri_V,2,LR-P2-N2,GP,main,0.008626222610473633,0.0014067223369548952,0.0694980694980695,0.0014366525994432972,0.07335907335907337
True,0.09925044483813608,0.00100000000000013,0.09140034205760375,0.05164954029204975,0.0005794419022184202,0.0008898138931620064,0.06976744186046512,0.001301966418245488,0.09652509652509653,1.1428571428571428,1.1959384633803238,fing_x_face,8,0.001,li_V>ri_V,2,LR-P2-N2-rel,GP,main,0.011944293975830078,0.0017060249618389154,0.09652509652509653,0.0018407111430367245,0.09652509652509653
True,0.09115828102021939,0.0010000000000000321,0.08333153764432005,0.01539871401959017,0.0007828407243770727,0.0008596507103429554,0.046511627906976744,0.00118224536829188,0.07722007722007722,1.2162162162162162,1.8564245308431355,fing_x_face,8,0.001,li_V>ri_V,2,LR-P1-N3,GP,main,0.013358592987060547,0.0014067223369548952,0.0694980694980695,0.0014366525994432972,0.07335907335907337
True,0.08341664859114946,0.0010000000000001228,0.0761166681265924,0.01539871401959017,0.0007828407243770727,0.0008596507103429554,0.046511627906976744,0.00118224536829188,0.07722007722007722,1.2162162162162162,1.8564245308431355,fing_x_face,8,0.001,li_V>ri_V,2,NLS-N2,GP,main,0.013454675674438477,0.0014067223369548952,0.0694980694980695,0.0014366525994432972,0.07335907335907337
True,0.09015943537474115,0.0010000000000000685,0.08243942260940165,0.01539871401959017,0.0007828407243770727,0.0008596507103429554,0.046511627906976744,0.00118224536829188,0.07722007722007722,1.2162162162162162,1.8564245308431355,fing_x_face,8,0.001,li_V>ri_V,2,DE-N2,GP,main,0.013618707656860352,0.0014067223369548952,0.0694980694980695,0.0014366525994432972,0.07335907335907337
True,0.1555868675280339,0.0010000000000000046,0.14621934671255632,0.08650321495102459,0.000633939976325179,0.0011914457213525172,0.09689922480620156,0.0015414085181527043,0.11969111969111969,1.111969111969112,1.0489359791685373,fing_x_face,8,0.001,li_V>ri_V,2,MAXMONO-K3,GP,main,0.019524812698364258,0.0021549788991649457,0.11969111969111969,0.002184909161653348,0.11583011583011583
True,,,,,,0.0008747323017524809,0.06976744186046512,0.0008380473496752566,0.08494208494208494,1.3204633204633205,1.856993205830415,fing_x_face,8,0.001,li_V>ri_V,2,S1-Marcialis,rule,main,0.002978086471557617,,,,
True,,,,,,0.0008747323017524809,0.06976744186046512,0.0008380473496752566,0.08494208494208494,1.3204633204633205,1.856993205830415,fing_x_face,8,0.001,li_V>ri_V,2,S2-Symmetric,rule,main,0.01607823371887207,,,,
True,,,,,,0.0009199770759810575,0.04263565891472868,0.0014516177306874982,0.07722007722007722,1.193050193050193,1.8557510999371465,fing_x_face,8,0.001,li_V>ri_V,2,S4-Direct,rule,main,0.3790779113769531,,,,
False,,,,,,,,,,,,fing_x_face,8,0.001,ri_V>face_C,2,HYP,GP,main,0.02579188346862793,,,,
True,0.05426871799015085,0.0010000000000006486,0.0484140540140503,0.02106243615167358,0.0008537246134198446,0.000904895484571532,0.01937984496124031,0.0009727335308730657,0.015444015444015444,1.111969111969112,1.816856723833468,fing_x_face,8,0.001,ri_V>face_C,2,MONO,GP,main,0.014481782913208008,0.0011972104995360809,0.015444015444015444,0.001346861811978091,0.015444015444015444
True,0.054870686201299784,0.00100000000000066,0.05109373440097411,0.032089417703263026,0.0008703083136832737,0.0008445691189334298,0.031007751937984496,0.0013169315494896891,0.04247104247104247,1.084942084942085,1.1640627338301757,fing_x_face,8,0.001,ri_V>face_C,2,MONO-rel,GP,main,0.019678592681884766,0.0017060249618389154,0.04247104247104247,0.0018107808805483223,0.03861003861003861
True,0.055350378528984966,0.0010000000000005961,0.04911769199644961,0.01784748512709573,0.0009171138800007774,0.0009501402588001085,0.015503875968992248,0.0010026637933614679,0.015444015444015444,1.111969111969112,1.9442548861153512,fing_x_face,8,0.001,ri_V>face_C,2,LR-P1-N2,GP,main,0.02323293685913086,0.001212175630780282,0.011583011583011582,0.001376792074466493,0.015444015444015444
True,0.054238203137617784,0.0010000000000011265,0.05046223083609865,0.032404903551469265,0.0008505561736355584,0.0007993243447048532,0.031007751937984496,0.001301966418245488,0.04247104247104247,1.084942084942085,1.1640627338301757,fing_x_face,8,0.001,ri_V>face_C,2,LR-P1-N2-rel,GP,main,0.028298139572143555,0.0016611295681063123,0.04247104247104247,0.0017359552243273173,0.03861003861003861
True,0.057490299483500595,0.0010000000000009008,0.050552778803251285,0.018658734451054627,0.0008315782883635244,0.0008596507103429554,0.015503875968992248,0.0009577683996288647,0.015444015444015444,1.111969111969112,1.9442548861153512,fing_x_face,8,0.001,ri_V>face_C,2,LR-P2-N2,GP,main,0.011619091033935547,0.001122384843315076,0.015444015444015444,0.001287001287001287,0.015444015444015444
True,0.06403463306626013,0.001000000000000455,0.06004691288191891,0.03728742263085151,0.0007582740570563848,0.0008445691189334298,0.03875968992248062,0.0011972104995360809,0.05405405405405406,1.0694980694980696,1.0798988357127892,fing_x_face,8,0.001,ri_V>face_C,2,LR-P2-N2-rel,GP,main,0.011912822723388672,0.0015114782556643021,0.05405405405405406,0.0017209900930831162,0.05405405405405406
True,0.05479261672416395,0.001000000000000018,0.048677093530500405,0.01784748512709573,0.0009171138800007774,0.0009501402588001085,0.015503875968992248,0.0010026637933614679,0.015444015444015444,1.111969111969112,1.9442548861153512,fing_x_face,8,0.001,ri_V>face_C,2,LR-P1-N3,GP,main,0.011753559112548828,0.001212175630780282,0.011583011583011582,0.001376792074466493,0.015444015444015444
True,0.05367858741518324,0.0010000000000017278,0.04830506936250746,0.02028123309897242,0.0009037450202191391,0.001070792990076313,0.01937984496124031,0.0009727335308730657,0.023166023166023165,1.1042471042471043,1.6456107270060758,fing_x_face,8,0.001,ri_V>face_C,2,NLS-N2,GP,main,0.016629695892333984,0.001242105893268684,0.023166023166023165,0.0013917572057106941,0.015444015444015444
True,0.05473273565920123,0.001000000000004704,0.048630560298564204,0.01784748512709573,0.0009171138800007774,0.0009501402588001085,0.015503875968992248,0.0010026637933614679,0.015444015444015444,1.111969111969112,1.9442548861153512,fing_x_face,8,0.001,ri_V>face_C,2,DE-N2,GP,main,0.015489578247070312,0.001212175630780282,0.011583011583011582,0.001376792074466493,0.015444015444015444
True,0.10439737910253641,0.0010000000000002542,0.09886151507113637,0.046241211465657114,0.0008201314182571492,0.0012970168612191958,0.04263565891472868,0.0013169315494896891,0.0694980694980695,1.05019305019305,1.0283140283140284,fing_x_face,8,0.001,ri_V>face_C,2,MAXMONO-K3,GP,main,0.011342287063598633,0.0016311993056179102,0.0694980694980695,0.0018107808805483223,0.0694980694980695
True,,,,,,0.0009953850330286851,0.04263565891472868,0.0008829427434078596,0.03474903474903475,1.2084942084942085,1.944688874921433,fing_x_face,8,0.001,ri_V>face_C,2,S1-Marcialis,rule,main,0.0018613338470458984,,,,
True,,,,,,0.0009953850330286851,0.04263565891472868,0.0008829427434078596,0.03474903474903475,1.2084942084942085,1.944688874921433,fing_x_face,8,0.001,ri_V>face_C,2,S2-Symmetric,rule,main,0.013720273971557617,,,,
True,,,,,,0.0009953850330286851,0.015503875968992248,0.0010026637933614679,0.015444015444015444,1.111969111969112,1.9442548861153512,fing_x_face,8,0.001,ri_V>face_C,2,S4-Direct,rule,main,0.40231847763061523,,,,
False,,,,,,,,,,,,fing_x_face,8,0.001,ri_V>face_G,2,HYP,GP,main,0.01216888427734375,,,,
True,0.06271789183202658,0.0010000000000000456,0.054612766843965904,0.02770266209963344,0.0007349065293295186,0.0007389979790667511,0.015503875968992248,0.0005686749872796385,0.03861003861003861,1.0965250965250966,1.4795875609829099,fing_x_face,8,0.001,ri_V>face_G,2,MONO,GP,main,0.009971380233764648,0.0007632216934542516,0.03088803088803089,0.0008081170871868546,0.03474903474903475
True,0.06662478781395229,0.0010000000000002134,0.06105636331415898,0.04128357670813052,0.0008028128128290955,0.0012065273127620426,0.03488372093023256,0.0006883960372332465,0.05405405405405406,1.0694980694980696,1.0798988357127892,fing_x_face,8,0.001,ri_V>face_G,2,MONO-rel,GP,main,0.008955717086791992,0.0008829427434078596,0.05019305019305019,0.0010325940558498698,0.05019305019305019
True,0.06366950422083174,0.001000000000002219,0.0551363400456963,0.027312060573282858,0.0007780209656528976,0.0008294875275239043,0.015503875968992248,0.0006285355122564425,0.03861003861003861,1.0965250965250966,1.4795875609829099,fing_x_face,8,0.001,ri_V>face_G,2,LR-P1-N2,GP,main,0.01165771484375,0.0007931519559426536,0.03088803088803089,0.0008081170871868546,0.03474903474903475
True,0.06594711518344029,0.001000000000000805,0.0603855728468959,0.04128357670813052,0.0008051569578697607,0.0012216089041715682,0.03488372093023256,0.0007033611684774476,0.05405405405405406,1.0694980694980696,1.0798988357127892,fing_x_face,8,0.001,ri_V>face_G,2,LR-P1-N2-rel,GP,main,0.009517431259155273,0.0008829427434078596,0.05019305019305019,0.0010325940558498698,0.05019305019305019
True,0.06374294128018274,0.0010000000000000109,0.05508988298888623,0.02758247701460249,0.0008173223564239996,0.0008294875275239043,0.015503875968992248,0.0005836401185238395,0.023166023166023165,1.111969111969112,1.9442548861153512,fing_x_face,8,0.001,ri_V>face_G,2,LR-P2-N2,GP,main,0.010326623916625977,0.0007183262997216486,0.023166023166023165,0.0008230822184310556,0.023166023166023165
True,0.07931108418079101,0.0010000000000000456,0.07322593986283614,0.042455381287182264,0.0008783112967277008,0.0013422616354477725,0.03488372093023256,0.0008679776121636587,0.05791505791505792,1.0656370656370657,1.0560444165095328,fing_x_face,8,0.001,ri_V>face_G,2,LR-P2-N2-rel,GP,main,0.013053655624389648,0.0009727335308730657,0.05405405405405406,0.001212175630780282,0.05405405405405406
True,0.06315907886201275,0.0010000000000005838,0.054751585815750264,0.027312060573282858,0.0007636494868784557,0.0007993243447048532,0.015503875968992248,0.0005836401185238395,0.03861003861003861,1.0965250965250966,1.4795875609829099,fing_x_face,8,0.001,ri_V>face_G,2,LR-P1-N3,GP,main,0.016880273818969727,0.0007931519559426536,0.03088803088803089,0.0008081170871868546,0.03474903474903475
True,0.06280314641028392,0.0010000000000000028,0.05521525199209229,0.031097890751757708,0.0007773003901154821,0.0009652218502096341,0.015503875968992248,0.0006135703810122415,0.04247104247104247,1.0926640926640927,1.3392595253060369,fing_x_face,8,0.001,ri_V>face_G,2,NLS-N2,GP,main,0.015247106552124023,0.0007183262997216486,0.03861003861003861,0.0008530124809194577,0.04247104247104247
True,0.06310887867119724,0.0010000000000005456,0.0547216691437861,0.027312060573282858,0.0007708352262656766,0.0008144059361143788,0.015503875968992248,0.0006285355122564425,0.03861003861003861,1.0965250965250966,1.4795875609829099,fing_x_face,8,0.001,ri_V>face_G,2,DE-N2,GP,main,0.019573211669921875,0.0007931519559426536,0.03088803088803089,0.0008081170871868546,0.03474903474903475
True,0.12434168713045114,0.0010000000000000295,0.11435414448469226,0.048945375878853434,0.0008374691298547392,0.001100956172895364,0.04263565891472868,0.0007931519559426536,0.07335907335907337,1.0463320463320462,1.0281344467390978,fing_x_face,8,0.001,ri_V>face_G,2,MAXMONO-K3,GP,main,0.014776945114135742,0.0008979078746520607,0.0694980694980695,0.001047559187094071,0.0694980694980695
True,,,,,,0.0009953850330286851,0.04263565891472868,0.0003591631498608243,0.05791505791505792,1.2084942084942085,1.944688874921433,fing_x_face,8,0.001,ri_V>face_G,2,S1-Marcialis,rule,main,0.0019817352294921875,,,,
True,,,,,,0.0009953850330286851,0.04263565891472868,0.0003591631498608243,0.05791505791505792,1.2084942084942085,1.944688874921433,fing_x_face,8,0.001,ri_V>face_G,2,S2-Symmetric,rule,main,0.01269078254699707,,,,
True,,,,,,0.0009953850330286851,0.011627906976744186,0.0006435006435006435,0.023166023166023165,1.111969111969112,1.9442548861153512,fing_x_face,8,0.001,ri_V>face_G,2,S4-Direct,rule,main,0.37358570098876953,,,,
False,,,,,,,,,,,,fing_x_face,8,0.001,ri_V>li_V,2,HYP,GP,main,0.014106035232543945,,,,
True,0.052337598357499154,0.00100000000000005,0.04668366063827541,0.016630611141157384,0.0006034833773308143,0.0006183452477905468,0.050387596899224806,0.0010026637933614679,0.07722007722007722,1.111969111969112,1.9442548861153512,fing_x_face,8,0.001,ri_V>li_V,2,MONO,GP,main,0.011066198348999023,0.001227140762024483,0.07722007722007722,0.001272036155757086,0.07722007722007722
True,0.05448883598104165,0.0010000000000000677,0.050637763733504725,0.017937623940868938,0.000825901708916632,0.0009803034416191597,0.046511627906976744,0.00118224536829188,0.08494208494208494,1.0926640926640927,1.4794079794079793,fing_x_face,8,0.001,ri_V>li_V,2,MONO-rel,GP,main,0.013411521911621094,0.001466582861931699,0.07722007722007722,0.0014815479931759002,0.08108108108108109
True,0.05288585928566099,0.0010000000000000037,0.04702824780681509,0.016630611141157384,0.0006034833773308143,0.0006183452477905468,0.050387596899224806,0.0010026637933614679,0.07722007722007722,1.111969111969112,1.9442548861153512,fing_x_face,8,0.001,ri_V>li_V,2,LR-P1-N2,GP,main,0.011040449142456055,0.001227140762024483,0.07722007722007722,0.001272036155757086,0.07722007722007722
True,0.054865213873997475,0.0010000000000001503,0.05083167138966095,0.017937623940868938,0.000825901708916632,0.0009803034416191597,0.046511627906976744,0.00118224536829188,0.08494208494208494,1.0926640926640927,1.4794079794079793,fing_x_face,8,0.001,ri_V>li_V,2,LR-P1-N2-rel,GP,main,0.012372016906738281,0.001466582861931699,0.07722007722007722,0.0014815479931759002,0.08108108108108109
True,0.05248552606720651,0.0010000000000003697,0.04676813406841643,0.016630611141157384,0.0006034833773308143,0.0006183452477905468,0.050387596899224806,0.0010026637933614679,0.07722007722007722,1.111969111969112,1.9442548861153512,fing_x_face,8,0.001,ri_V>li_V,2,LR-P2-N2,GP,main,0.010346651077270508,0.001227140762024483,0.07722007722007722,0.001272036155757086,0.07722007722007722
True,0.0727289274312086,0.0010000000000002355,0.06727551454315636,0.03461330448891293,0.0006131046984273267,0.0008596507103429554,0.046511627906976744,0.0013169315494896891,0.09266409266409266,1.0772200772200773,1.1133309389123343,fing_x_face,8,0.001,ri_V>li_V,2,LR-P2-N2-rel,GP,main,0.011414051055908203,0.0016311993056179102,0.09266409266409266,0.0018107808805483223,0.09266409266409266
True,0.0523401674323072,0.0010000000000000135,0.04658897461855265,0.016630611141157384,0.0006034833773308143,0.0006183452477905468,0.050387596899224806,0.0010026637933614679,0.07722007722007722,1.111969111969112,1.9442548861153512,fing_x_face,8,0.001,ri_V>li_V,2,LR-P1-N3,GP,main,0.010517120361328125,0.001227140762024483,0.07722007722007722,0.001272036155757086,0.07722007722007722
True,0.05175297077880629,0.0010000000000000206,0.04642229173657034,0.016630611141157384,0.0006034833773308143,0.0006183452477905468,0.050387596899224806,0.0010026637933614679,0.07722007722007722,1.111969111969112,1.9442548861153512,fing_x_face,8,0.001,ri_V>li_V,2,NLS-N2,GP,main,0.011759281158447266,0.001227140762024483,0.07722007722007722,0.001272036155757086,0.07722007722007722
True,0.05239298871630827,0.0010000000000007854,0.04663090474662478,0.016630611141157384,0.0006034833773308143,0.0006183452477905468,0.050387596899224806,0.0010026637933614679,0.07722007722007722,1.111969111969112,1.9442548861153512,fing_x_face,8,0.001,ri_V>li_V,2,DE-N2,GP,main,0.013787508010864258,0.001227140762024483,0.07722007722007722,0.001272036155757086,0.07722007722007722
True,0.12635703516226618,0.0010000000000000705,0.11712283161355219,0.04864491316627607,0.0006880986884679677,0.0011763641299429915,0.05813953488372093,0.0017060249618389154,0.10038610038610038,1.05019305019305,1.0283140283140284,fing_x_face,8,0.001,ri_V>li_V,2,MAXMONO-K3,GP,main,0.01721477508544922,0.002274699949118554,0.10038610038610038,0.0022597348178743527,0.10038610038610038
True,,,,,,0.000678671613428649,0.06201550387596899,0.001242105893268684,0.10424710424710425,1.2084942084942085,1.944688874921433,fing_x_face,8,0.001,ri_V>li_V,2,S1-Marcialis,rule,main,0.0018656253814697266,,,,
True,,,,,,0.000678671613428649,0.06201550387596899,0.001242105893268684,0.10424710424710425,1.2084942084942085,1.944688874921433,fing_x_face,8,0.001,ri_V>li_V,2,S2-Symmetric,rule,main,0.011435747146606445,,,,
True,,,,,,0.0009803034416191597,0.04263565891472868,0.001346861811978091,0.10038610038610038,1.138996138996139,1.2377809703391098,fing_x_face,8,0.001,ri_V>li_V,2,S4-Direct,rule,main,0.34662938117980957,,,,
False,,,,,,,,,,,,fing_x_face,8,0.001,face_C>face_G>li_V,3,HYP,GP,main,0.05171322822570801,,,,
True,0.05829379716295717,0.0010000000000000028,0.05225860657354928,0.007563275351017311,0.0009666574698882254,0.0011160377643048894,0.011627906976744186,0.001047559187094071,0.019305019305019305,1.2972972972972974,2.149411870342103,fing_x_face,8,0.001,face_C>face_G>li_V,3,MONO,GP,main,0.02877950668334961,0.00118224536829188,0.019305019305019305,0.0014516177306874982,0.019305019305019305
True,0.04271709939731255,0.0010000000000000998,0.03977233802236437,0.013993526775420193,0.0009857060085355289,0.0015684855065906554,0.015503875968992248,0.001257071024512885,0.023166023166023165,1.305019305019305,1.5890126006405076,fing_x_face,8,0.001,face_C>face_G>li_V,3,MONO-rel,GP,main,0.03235125541687012,0.0013917572057106941,0.02702702702702703,0.0016012690431295082,0.019305019305019305
True,0.05966058574720913,0.0010000000000009702,0.0536883531119154,0.007458229860030959,0.0009853791617708044,0.0011462009471239405,0.011627906976744186,0.0010625243183382718,0.019305019305019305,1.2972972972972974,2.1493969052108586,fing_x_face,8,0.001,face_C>face_G>li_V,3,LR-P1-N2,GP,main,0.03199577331542969,0.001242105893268684,0.019305019305019305,0.0014965131244201013,0.019305019305019305
True,0.04293165865153963,0.001000000000000099,0.03993763088801351,0.014575236561979867,0.0009514432831019546,0.0015684855065906554,0.015503875968992248,0.0011972104995360809,0.02702702702702703,1.305019305019305,1.5603244440453743,fing_x_face,8,0.001,face_C>face_G>li_V,3,LR-P1-N2-rel,GP,main,0.030815839767456055,0.00133189668073389,0.02702702702702703,0.0015414085181527043,0.019305019305019305
True,0.09556326334405639,0.0010000000000031106,0.08403480701790986,0.007563275351017311,0.0009479357780055775,0.0010858745814858383,0.011627906976744186,0.001047559187094071,0.019305019305019305,1.2972972972972974,2.149411870342103,fing_x_face,8,0.001,face_C>face_G>li_V,3,LR-P2-N2,GP,main,0.0342714786529541,0.00118224536829188,0.019305019305019305,0.0014516177306874982,0.019305019305019305
True,0.05304566344828455,0.0010000000000000252,0.04928230026029909,0.018458425976003043,0.0009787068883513105,0.002292401894247881,0.027131782945736434,0.0016910598305947143,0.03474903474903475,1.274131274131274,1.2580138277812696,fing_x_face,8,0.001,face_C>face_G>li_V,3,LR-P2-N2-rel,GP,main,0.02807903289794922,0.0019753973242345336,0.023166023166023165,0.0023495256053395587,0.02702702702702703
True,0.059659700639801014,0.0010000000000002312,0.05368739213119772,0.007458229860030959,0.0009853791617708044,0.0011462009471239405,0.011627906976744186,0.0010625243183382718,0.019305019305019305,1.2972972972972974,2.1493969052108586,fing_x_face,8,0.001,face_C>face_G>li_V,3,LR-P1-N3,GP,main,0.029746055603027344,0.001242105893268684,0.019305019305019305,0.0014965131244201013,0.019305019305019305
True,0.05279848295517613,0.00100000000000086,0.04767597908229491,0.007627735084122572,0.0009552352762892479,0.0011160377643048894,0.011627906976744186,0.001047559187094071,0.019305019305019305,1.305019305019305,2.149426835473347,fing_x_face,8,0.001,face_C>face_G>li_V,3,NLS-N2,GP,main,0.0296785831451416,0.001167280237047679,0.023166023166023165,0.001466582861931699,0.019305019305019305
True,0.059541202728444306,0.0010000000000002524,0.053591351376068276,0.007458229860030959,0.0009853791617708044,0.0011462009471239405,0.011627906976744186,0.0010625243183382718,0.019305019305019305,1.2972972972972974,2.1493969052108586,fing_x_face,8,0.001,face_C>face_G>li_V,3,DE-N2,GP,main,0.03062582015991211,0.001242105893268684,0.019305019305019305,0.0014965131244201013,0.019305019305019305
True,0.18639590768848632,0.0010000000000000694,0.16420204824772783,0.05955799838728386,0.000957075809332015,0.0029559919162670044,0.06201550387596899,0.002050222980455539,0.08494208494208494,1.1274131274131274,1.0356469426236867,fing_x_face,8,0.001,face_C>face_G>li_V,3,MAXMONO-K3,GP,main,0.048210859298706055,0.0021250486366765436,0.08494208494208494,0.002618897967735177,0.08108108108108109
True,,,,,,0.0009652218502096341,0.011627906976744186,0.0015114782556643021,0.03088803088803089,1.61003861003861,2.150594115710395,fing_x_face,8,0.001,face_C>face_G>li_V,3,S1-Marcialis,rule,main,0.005347251892089844,,,,
True,,,,,,0.0009652218502096341,0.011627906976744186,0.0015114782556643021,0.03088803088803089,1.61003861003861,2.150594115710395,fing_x_face,8,0.001,face_C>face_G>li_V,3,S2-Symmetric,rule,main,0.06987190246582031,,,,
False,,,,,,,,,,,,fing_x_face,8,0.001,face_C>face_G>li_V,3,S4-Direct,rule,main,5.4836273193359375e-06,,,,
False,,,,,,,,,,,,fing_x_face,8,0.001,face_C>face_G>ri_V,3,HYP,GP,main,0.04684638977050781,,,,
True,0.0547966487851787,0.0010000000000007694,0.050019251310064225,0.0054239342541001516,0.0009593607003164984,0.001100956172895364,0.011627906976744186,0.0007931519559426536,0.011583011583011582,1.2972972972972974,2.1494418006045914,fing_x_face,8,0.001,face_C>face_G>ri_V,3,MONO,GP,main,0.027045011520385742,0.0009577683996288647,0.007722007722007722,0.001167280237047679,0.011583011583011582
True,0.040336588481342944,0.0010000000000006575,0.03771919962762183,0.015366571496849332,0.0009705290281310674,0.0015684855065906554,0.031007751937984496,0.001137349974559277,0.019305019305019305,1.305019305019305,1.548531920624944,fing_x_face,8,0.001,face_C>face_G>ri_V,3,MONO-rel,GP,main,0.027148723602294922,0.001301966418245488,0.019305019305019305,0.001466582861931699,0.015444015444015444
True,0.05638082466976792,0.0010000000000009045,0.05162659524874318,0.0054239342541001516,0.0009536480117683299,0.001100956172895364,0.011627906976744186,0.0008230822184310556,0.011583011583011582,1.2972972972972974,2.149411870342103,fing_x_face,8,0.001,face_C>face_G>ri_V,3,LR-P1-N2,GP,main,0.0277559757232666,0.0009577683996288647,0.007722007722007722,0.001167280237047679,0.011583011583011582
True,0.0400007995124705,0.0010000000000002986,0.03742880549815755,0.015366571496849332,0.0009683846166315796,0.001583567098000181,0.031007751937984496,0.0011523151058034779,0.019305019305019305,1.308880308880309,1.560144862470444,fing_x_face,8,0.001,face_C>face_G>ri_V,3,LR-P1-N2-rel,GP,main,0.02688765525817871,0.001272036155757086,0.019305019305019305,0.0014815479931759002,0.015444015444015444
True,0.09149799204822263,0.001000000000000868,0.08197068106254941,0.005119046121725131,0.000980750736098559,0.001131119355714415,0.007751937984496124,0.0009128730058962617,0.011583011583011582,1.2972972972972974,2.1494418006045914,fing_x_face,8,0.001,face_C>face_G>ri_V,3,LR-P2-N2,GP,main,0.022009849548339844,0.0011074197120708748,0.007722007722007722,0.00133189668073389,0.011583011583011582
True,0.04761863405179912,0.0010000000000006948,0.04471609595013841,0.01854297478582133,0.0009648535743066163,0.0020510964316954724,0.031007751937984496,0.0014516177306874982,0.023166023166023165,1.2934362934362935,1.3101373799048217,fing_x_face,8,0.001,face_C>face_G>ri_V,3,LR-P2-N2-rel,GP,main,0.020561933517456055,0.0015863039118853071,0.023166023166023165,0.0019155367992577295,0.02702702702702703
True,0.05638064738579692,0.0010000000000019809,0.05162257158626184,0.0054239342541001516,0.0009536480117683299,0.001100956172895364,0.011627906976744186,0.0008230822184310556,0.011583011583011582,1.2972972972972974,2.149411870342103,fing_x_face,8,0.001,face_C>face_G>ri_V,3,LR-P1-N3,GP,main,0.030934810638427734,0.0009577683996288647,0.007722007722007722,0.001167280237047679,0.011583011583011582
True,0.04942553898768675,0.0010000000000003626,0.045360382765067625,0.005093891103927956,0.0009729738426687568,0.0011462009471239405,0.007751937984496124,0.0009278381371404627,0.011583011583011582,1.2972972972972974,2.1494418006045914,fing_x_face,8,0.001,face_C>face_G>ri_V,3,NLS-N2,GP,main,0.021301984786987305,0.0010176289246056687,0.011583011583011582,0.00133189668073389,0.011583011583011582
True,0.05619122672376911,0.0010000000000000456,0.05146848011944842,0.0054239342541001516,0.0009536480117683299,0.001100956172895364,0.011627906976744186,0.0008230822184310556,0.011583011583011582,1.2972972972972974,2.149411870342103,fing_x_face,8,0.001,face_C>face_G>ri_V,3,DE-N2,GP,main,0.02762150764465332,0.0009577683996288647,0.007722007722007722,0.001167280237047679,0.011583011583011582
True,0.17548007891234713,0.001000000000000446,0.15838923279171196,0.05919604563120228,0.0009526591717248214,0.002744849636533647,0.06201550387596899,0.0017359552243273173,0.08108108108108109,1.138996138996139,1.041752716171321,fing_x_face,8,0.001,face_C>face_G>ri_V,3,MAXMONO-K3,GP,main,0.047090768814086914,0.0019005716680135284,0.08108108108108109,0.002319595342851157,0.08108108108108109
True,,,,,,0.0009803034416191597,0.011627906976744186,0.0008829427434078596,0.015444015444015444,1.61003861003861,2.150594115710395,fing_x_face,8,0.001,face_C>face_G>ri_V,3,S1-Marcialis,rule,main,0.004642963409423828,,,,
True,,,,,,0.0009803034416191597,0.011627906976744186,0.0008829427434078596,0.015444015444015444,1.61003861003861,2.150594115710395,fing_x_face,8,0.001,face_C>face_G>ri_V,3,S2-Symmetric,rule,main,0.07829070091247559,,,,
False,,,,,,,,,,,,fing_x_face,8,0.001,face_C>face_G>ri_V,3,S4-Direct,rule,main,4.76837158203125e-06,,,,
False,,,,,,,,,,,,fing_x_face,8,0.001,face_C>li_V>face_G,3,HYP,GP,main,0.03363299369812012,,,,
True,0.05861691570162035,0.0010000000000004248,0.05165812645365738,0.011419213495760215,0.0008946225134745755,0.0009652218502096341,0.011627906976744186,0.0009428032683846638,0.019305019305019305,1.1737451737451738,1.8670647391577624,fing_x_face,8,0.001,face_C>li_V>face_G,3,MONO,GP,main,0.026238679885864258,0.001092454580826674,0.019305019305019305,0.0013618269432222922,0.023166023166023165
True,0.04520048095508912,0.0010000000000002249,0.04026220974923047,0.01574145113707668,0.0009366368833523658,0.0010557113986667873,0.015503875968992248,0.0010774894495824729,0.019305019305019305,1.16988416988417,1.6657088982670378,fing_x_face,8,0.001,face_C>li_V>face_G,3,MONO-rel,GP,main,0.0331578254699707,0.001242105893268684,0.019305019305019305,0.001466582861931699,0.023166023166023165
True,0.06172928796936779,0.0010000000000012846,0.054128533022860074,0.011329540515649914,0.0009607353377643309,0.0010557113986667873,0.011627906976744186,0.0009727335308730657,0.019305019305019305,1.1737451737451738,1.8670647391577624,fing_x_face,8,0.001,face_C>li_V>face_G,3,LR-P1-N2,GP,main,0.032648563385009766,0.001122384843315076,0.019305019305019305,0.0013618269432222922,0.023166023166023165
True,0.04527210464946855,0.0010000000000001202,0.04035696751203213,0.01574145113707668,0.0009390944282287015,0.0010557113986667873,0.015503875968992248,0.0010774894495824729,0.019305019305019305,1.16988416988417,1.6657088982670378,fing_x_face,8,0.001,face_C>li_V>face_G,3,LR-P1-N2-rel,GP,main,0.04845547676086426,0.001242105893268684,0.019305019305019305,0.001466582861931699,0.023166023166023165
True,0.09137108360471355,0.0010000000000001629,0.08078096268729246,0.007412869307105034,0.0009567556685717275,0.0011462009471239405,0.011627906976744186,0.001047559187094071,0.019305019305019305,1.1814671814671815,2.1546646314088176,fing_x_face,8,0.001,face_C>li_V>face_G,3,LR-P2-N2,GP,main,0.029978275299072266,0.00118224536829188,0.023166023166023165,0.0015114782556643021,0.019305019305019305
True,0.055365490348809755,0.0010000000000005944,0.04988122739551793,0.023674714874860774,0.0009485939493261691,0.0014478327753144511,0.01937984496124031,0.001257071024512885,0.019305019305019305,1.16988416988417,1.335622998413696,fing_x_face,8,0.001,face_C>li_V>face_G,3,LR-P2-N2-rel,GP,main,0.033515214920043945,0.0016162341743737093,0.019305019305019305,0.0018407111430367245,0.023166023166023165
True,0.06172790911649498,0.001000000000000043,0.054127565784393504,0.011329540515649914,0.0009607353377643309,0.0010557113986667873,0.011627906976744186,0.0009727335308730657,0.019305019305019305,1.1737451737451738,1.8670647391577624,fing_x_face,8,0.001,face_C>li_V>face_G,3,LR-P1-N3,GP,main,0.030455827713012695,0.001122384843315076,0.019305019305019305,0.0013618269432222922,0.023166023166023165
True,0.05392135697068602,0.0010000000000001486,0.0476063682884425,0.011836833374559614,0.0009210284894070831,0.0010557113986667873,0.011627906976744186,0.0009428032683846638,0.019305019305019305,1.16988416988417,1.7973272275597858,fing_x_face,8,0.001,face_C>li_V>face_G,3,NLS-N2,GP,main,0.028182506561279297,0.0010774894495824729,0.019305019305019305,0.0013169315494896891,0.023166023166023165
True,0.06149121518631618,0.0010000000000004372,0.05397030604564794,0.011329540515649914,0.0009607353377643309,0.0010557113986667873,0.011627906976744186,0.0009727335308730657,0.019305019305019305,1.1737451737451738,1.8670647391577624,fing_x_face,8,0.001,face_C>li_V>face_G,3,DE-N2,GP,main,0.026570558547973633,0.001122384843315076,0.019305019305019305,0.0013618269432222922,0.023166023166023165
True,0.1697390486946273,0.0010000000000008342,0.15212775332261047,0.06178840996530005,0.000978644596811842,0.002232075528609779,0.06201550387596899,0.0017359552243273173,0.07722007722007722,1.1003861003861004,1.0400915866032145,fing_x_face,8,0.001,face_C>li_V>face_G,3,MAXMONO-K3,GP,main,0.04127001762390137,0.0020053275867229358,0.0694980694980695,0.0023944209990721618,0.07722007722007722
True,,,,,,0.0009953850330286851,0.046511627906976744,0.0002993026248840202,0.05019305019305019,1.4362934362934363,2.1560863188770165,fing_x_face,8,0.001,face_C>li_V>face_G,3,S1-Marcialis,rule,main,0.0073812007904052734,,,,
True,,,,,,0.0009953850330286851,0.046511627906976744,0.0002993026248840202,0.05019305019305019,1.4362934362934363,2.1560863188770165,fing_x_face,8,0.001,face_C>li_V>face_G,3,S2-Symmetric,rule,main,0.03739595413208008,,,,
False,,,,,,,,,,,,fing_x_face,8,0.001,face_C>li_V>face_G,3,S4-Direct,rule,main,5.4836273193359375e-06,,,,
False,,,,,,,,,,,,fing_x_face,8,0.001,face_C>li_V>ri_V,3,HYP,GP,main,0.042296648025512695,,,,
True,0.052705475039498725,0.0010000000000006718,0.04818640371014108,0.003194920177072692,0.0009546702033244047,0.0010557113986667873,0.007751937984496124,0.0011074197120708748,0.015444015444015444,1.1776061776061777,2.154559875490108,fing_x_face,8,0.001,face_C>li_V>ri_V,3,MONO,GP,main,0.026455402374267578,0.001242105893268684,0.011583011583011582,0.0014067223369548952,0.015444015444015444
True,0.03987699029306762,0.001000000000000288,0.03616516609632857,0.009384917889829408,0.0009016500856086922,0.001100956172895364,0.011627906976744186,0.001212175630780282,0.019305019305019305,1.16988416988417,1.7972972972972974,fing_x_face,8,0.001,face_C>li_V>ri_V,3,MONO-rel,GP,main,0.018585205078125,0.0014965131244201013,0.015444015444015444,0.0016461644368621112,0.023166023166023165
True,0.05588579825519162,0.001000000000000074,0.050865770234411536,0.0033401438214850873,0.0009754628681931314,0.001070792990076313,0.007751937984496124,0.0010176289246056687,0.015444015444015444,1.1853281853281854,2.154649666277573,fing_x_face,8,0.001,face_C>li_V>ri_V,3,LR-P1-N2,GP,main,0.0317997932434082,0.00118224536829188,0.011583011583011582,0.0013169315494896891,0.015444015444015444
True,0.03967420515205701,0.0010000000000007214,0.03603242658960425,0.009384917889829408,0.0009016500856086922,0.001100956172895364,0.011627906976744186,0.001212175630780282,0.019305019305019305,1.16988416988417,1.7972972972972974,fing_x_face,8,0.001,face_C>li_V>ri_V,3,LR-P1-N2-rel,GP,main,0.02968144416809082,0.0014965131244201013,0.015444015444015444,0.0016461644368621112,0.023166023166023165
True,0.08451382652062821,0.0010000000000007906,0.07741333428291096,0.003043757153458186,0.0009491290619127809,0.0010557113986667873,0.007751937984496124,0.001167280237047679,0.015444015444015444,1.1776061776061777,2.1546795965400616,fing_x_face,8,0.001,face_C>li_V>ri_V,3,LR-P2-N2,GP,main,0.03225970268249512,0.001346861811978091,0.011583011583011582,0.0015414085181527043,0.015444015444015444
True,0.04788867895865285,0.001000000000000757,0.04383656183437397,0.016160002683201898,0.0008589972416266017,0.001100956172895364,0.01937984496124031,0.001272036155757086,0.019305019305019305,1.16988416988417,1.5075723564095658,fing_x_face,8,0.001,face_C>li_V>ri_V,3,LR-P2-N2-rel,GP,main,0.029875516891479492,0.0016012690431295082,0.019305019305019305,0.0018706414055251264,0.023166023166023165
True,0.0558822035454901,0.001000000000000129,0.05085904851485511,0.0033401438214850873,0.0009754628681931314,0.001070792990076313,0.007751937984496124,0.0010176289246056687,0.015444015444015444,1.1853281853281854,2.154649666277573,fing_x_face,8,0.001,face_C>li_V>ri_V,3,LR-P1-N3,GP,main,0.04074549674987793,0.00118224536829188,0.011583011583011582,0.0013169315494896891,0.015444015444015444
True,0.048008670914389096,0.0010000000000000794,0.04389148347939339,0.003194920177072692,0.0009395945848826601,0.0010406298072572619,0.007751937984496124,0.0011074197120708748,0.015444015444015444,1.1776061776061777,2.154559875490108,fing_x_face,8,0.001,face_C>li_V>ri_V,3,NLS-N2,GP,main,0.03230404853820801,0.001227140762024483,0.011583011583011582,0.0013917572057106941,0.015444015444015444
True,0.055609036434213284,0.0010000000000009498,0.05065409635607558,0.003194920177072692,0.0009848214402078939,0.0010858745814858383,0.007751937984496124,0.0011074197120708748,0.015444015444015444,1.1776061776061777,2.154559875490108,fing_x_face,8,0.001,face_C>li_V>ri_V,3,DE-N2,GP,main,0.03812432289123535,0.001257071024512885,0.011583011583011582,0.001421687468199096,0.015444015444015444
True,0.1570608393448206,0.0010000000000002455,0.14469440307393622,0.04918819167564561,0.0009388924971006446,0.0011914457213525172,0.050387596899224806,0.0014516177306874982,0.05019305019305019,1.135135135135135,1.0590524078896173,fing_x_face,8,0.001,face_C>li_V>ri_V,3,MAXMONO-K3,GP,main,0.05721473693847656,0.0017060249618389154,0.05405405405405406,0.0020352578492113375,0.05791505791505792
True,,,,,,0.0006635900220191234,0.015503875968992248,0.0006285355122564425,0.023166023166023165,1.4362934362934363,2.1560863188770165,fing_x_face,8,0.001,face_C>li_V>ri_V,3,S1-Marcialis,rule,main,0.005624532699584961,,,,
True,,,,,,0.0006635900220191234,0.015503875968992248,0.0006285355122564425,0.023166023166023165,1.4362934362934363,2.1560863188770165,fing_x_face,8,0.001,face_C>li_V>ri_V,3,S2-Symmetric,rule,main,0.04555010795593262,,,,
False,,,,,,,,,,,,fing_x_face,8,0.001,face_C>li_V>ri_V,3,S4-Direct,rule,main,6.9141387939453125e-06,,,,
False,,,,,,,,,,,,fing_x_face,8,0.001,face_C>ri_V>face_G,3,HYP,GP,main,0.02903890609741211,,,,
True,0.048982649972370444,0.0010000000000005519,0.04520574804060772,0.006183941875138876,0.0008984040126185076,0.0010557113986667873,0.011627906976744186,0.0007931519559426536,0.011583011583011582,1.1737451737451738,1.8364760108946157,fing_x_face,8,0.001,face_C>ri_V>face_G,3,MONO,GP,main,0.030574560165405273,0.0009278381371404627,0.011583011583011582,0.0011523151058034779,0.011583011583011582
True,0.03541085644107033,0.0010000000000009311,0.03272896349724428,0.008148129514801632,0.0008818637307742548,0.001387506409676349,0.011627906976744186,0.0008081170871868546,0.011583011583011582,1.1737451737451738,1.6573433899015295,fing_x_face,8,0.001,face_C>ri_V>face_G,3,MONO-rel,GP,main,0.025452613830566406,0.0009577683996288647,0.011583011583011582,0.001242105893268684,0.011583011583011582
True,0.05139508185477231,0.0010000000000000332,0.047396425461988446,0.0061158137019381945,0.0009357518268104271,0.0011462009471239405,0.011627906976744186,0.0008230822184310556,0.011583011583011582,1.16988416988417,1.8364760108946157,fing_x_face,8,0.001,face_C>ri_V>face_G,3,LR-P1-N2,GP,main,0.03612399101257324,0.0009428032683846638,0.011583011583011582,0.00118224536829188,0.011583011583011582
True,0.035114467670044766,0.0010000000000006362,0.03245834909115301,0.008148129514801632,0.0009130399270868331,0.0014327511839049257,0.011627906976744186,0.0008380473496752566,0.011583011583011582,1.1737451737451738,1.6573284247702853,fing_x_face,8,0.001,face_C>ri_V>face_G,3,LR-P1-N2-rel,GP,main,0.024433374404907227,0.0009577683996288647,0.011583011583011582,0.001257071024512885,0.011583011583011582
True,0.08010739619198676,0.001000000000000121,0.07437378958376599,0.005758169907238543,0.0009052663444520037,0.001100956172895364,0.007751937984496124,0.0008679776121636587,0.011583011583011582,1.1814671814671815,2.129762653018467,fing_x_face,8,0.001,face_C>ri_V>face_G,3,LR-P2-N2,GP,main,0.03179669380187988,0.0010325940558498698,0.011583011583011582,0.001257071024512885,0.011583011583011582
True,0.04175987016088178,0.0010000000000007108,0.03877176479178416,0.014848913838939876,0.0009085712044597674,0.0017042198292763853,0.015503875968992248,0.001122384843315076,0.011583011583011582,1.1737451737451738,1.378123971147227,fing_x_face,8,0.001,face_C>ri_V>face_G,3,LR-P2-N2-rel,GP,main,0.03125929832458496,0.001301966418245488,0.015444015444015444,0.0015713387806411063,0.011583011583011582
True,0.05129923490229573,0.0010000000000035245,0.0473396361095606,0.0061158137019381945,0.0009262056163907258,0.0011160377643048894,0.011627906976744186,0.0008081170871868546,0.011583011583011582,1.16988416988417,1.8364760108946157,fing_x_face,8,0.001,face_C>ri_V>face_G,3,LR-P1-N3,GP,main,0.02606678009033203,0.0009428032683846638,0.011583011583011582,0.00118224536829188,0.011583011583011582
True,0.044534881758091095,0.001000000000000313,0.04107553689591268,0.006776132919114041,0.0009122061693469464,0.0011914457213525172,0.007751937984496124,0.0008230822184310556,0.011583011583011582,1.1737451737451738,1.7727245517943193,fing_x_face,8,0.001,face_C>ri_V>face_G,3,NLS-N2,GP,main,0.02237844467163086,0.0008979078746520607,0.011583011583011582,0.0011523151058034779,0.011583011583011582
True,0.05117956675911117,0.001000000000000874,0.04723139645735407,0.0061158137019381945,0.0009293876865306262,0.001131119355714415,0.011627906976744186,0.0008230822184310556,0.011583011583011582,1.16988416988417,1.8364760108946157,fing_x_face,8,0.001,face_C>ri_V>face_G,3,DE-N2,GP,main,0.027365684509277344,0.0009428032683846638,0.011583011583011582,0.00118224536829188,0.011583011583011582
True,0.131810953840242,0.0010000000000003494,0.12113806357650737,0.04582196116903753,0.0009561064293971993,0.0022773203028383553,0.04263565891472868,0.0015563736493969052,0.04247104247104247,1.138996138996139,1.0639160755439825,fing_x_face,8,0.001,face_C>ri_V>face_G,3,MAXMONO-K3,GP,main,0.043135643005371094,0.0018107808805483223,0.04633204633204633,0.0020651881116997397,0.04633204633204633
True,,,,,,0.0009953850330286851,0.04263565891472868,0.0003741282811050253,0.04633204633204633,1.420849420849421,2.2089581275627785,fing_x_face,8,0.001,face_C>ri_V>face_G,3,S1-Marcialis,rule,main,0.005467653274536133,,,,
True,,,,,,0.0009953850330286851,0.04263565891472868,0.0003741282811050253,0.04633204633204633,1.420849420849421,2.2089581275627785,fing_x_face,8,0.001,face_C>ri_V>face_G,3,S2-Symmetric,rule,main,0.056313276290893555,,,,
False,,,,,,,,,,,,fing_x_face,8,0.001,face_C>ri_V>face_G,3,S4-Direct,rule,main,5.4836273193359375e-06,,,,
False,,,,,,,,,,,,fing_x_face,8,0.001,face_C>ri_V>li_V,3,HYP,GP,main,0.012253284454345703,,,,
True,0.046640422695740376,0.001000000000000843,0.04369079305901766,0.0030463192386041946,0.0009461970148176677,0.001070792990076313,0.007751937984496124,0.001092454580826674,0.015444015444015444,1.16988416988417,2.207730986800754,fing_x_face,8,0.001,face_C>ri_V>li_V,3,MONO,GP,main,0.02615666389465332,0.001287001287001287,0.011583011583011582,0.0015114782556643021,0.015444015444015444
True,0.032079530587641354,0.0010000000000004096,0.030065859496055832,0.004580309490568965,0.0008267900529200315,0.0010104666244382108,0.007751937984496124,0.0010774894495824729,0.015444015444015444,1.1737451737451738,1.8363862201071504,fing_x_face,8,0.001,face_C>ri_V>li_V,3,MONO-rel,GP,main,0.0201570987701416,0.001301966418245488,0.015444015444015444,0.0014965131244201013,0.015444015444015444
True,0.04892772909469682,0.0010000000000002748,0.0458274642224552,0.0032692206463069405,0.0009143898997453954,0.0009953850330286851,0.007751937984496124,0.0010176289246056687,0.015444015444015444,1.16988416988417,2.207730986800754,fing_x_face,8,0.001,face_C>ri_V>li_V,3,LR-P1-N2,GP,main,0.019041776657104492,0.0011972104995360809,0.011583011583011582,0.001376792074466493,0.015444015444015444
True,0.032111595476379505,0.0010000000000003537,0.030051341836201766,0.004580309490568965,0.0008569379815094761,0.0010406298072572619,0.007751937984496124,0.001092454580826674,0.015444015444015444,1.1737451737451738,1.8363712549759061,fing_x_face,8,0.001,face_C>ri_V>li_V,3,LR-P1-N2-rel,GP,main,0.017682552337646484,0.001301966418245488,0.015444015444015444,0.0015114782556643021,0.015444015444015444
True,0.07734916094886114,0.0010000000000136764,0.07283995138937528,0.002900687989736753,0.000932709010918404,0.001070792990076313,0.007751937984496124,0.0011972104995360809,0.015444015444015444,1.1737451737451738,2.207641196013289,fing_x_face,8,0.001,face_C>ri_V>li_V,3,LR-P2-N2,GP,main,0.019189834594726562,0.001346861811978091,0.015444015444015444,0.0016162341743737093,0.015444015444015444
True,0.03987917049232887,0.0010000000000002366,0.03711565681105528,0.013470512030387263,0.0008974853139050766,0.0012065273127620426,0.015503875968992248,0.00133189668073389,0.015444015444015444,1.1737451737451738,1.4648319415761277,fing_x_face,8,0.001,face_C>ri_V>li_V,3,LR-P2-N2-rel,GP,main,0.019952058792114258,0.0016162341743737093,0.019305019305019305,0.0017658854868157193,0.015444015444015444
True,0.04882058033045175,0.0010000000000000597,0.04575952203468373,0.0032692206463069405,0.0009143898997453954,0.0009953850330286851,0.007751937984496124,0.0010176289246056687,0.015444015444015444,1.16988416988417,2.207730986800754,fing_x_face,8,0.001,face_C>ri_V>li_V,3,LR-P1-N3,GP,main,0.02634882926940918,0.0011972104995360809,0.011583011583011582,0.001376792074466493,0.015444015444015444
True,0.04204377357407641,0.0010000000000902987,0.0393762165099606,0.002836228256631492,0.0009779264806777605,0.0011160377643048894,0.007751937984496124,0.001212175630780282,0.015444015444015444,1.16988416988417,2.2076112657508005,fing_x_face,8,0.001,face_C>ri_V>li_V,3,NLS-N2,GP,main,0.028977394104003906,0.0014366525994432972,0.011583011583011582,0.0016611295681063123,0.015444015444015444
True,0.04873031556353527,0.00100000000000005,0.045669223260487966,0.0032692206463069405,0.0009143898997453954,0.0009953850330286851,0.007751937984496124,0.0010176289246056687,0.015444015444015444,1.16988416988417,2.207730986800754,fing_x_face,8,0.001,face_C>ri_V>li_V,3,DE-N2,GP,main,0.026209592819213867,0.0011972104995360809,0.011583011583011582,0.001376792074466493,0.015444015444015444
True,0.1303826920702556,0.0010000000000000057,0.12104303101316292,0.04457626372520658,0.0009285306192841085,0.0012517720869906193,0.046511627906976744,0.0013917572057106941,0.03861003861003861,1.1428571428571428,1.0714585016910598,fing_x_face,8,0.001,face_C>ri_V>li_V,3,MAXMONO-K3,GP,main,0.04100799560546875,0.0017658854868157193,0.03861003861003861,0.0019305019305019305,0.03474903474903475
True,,,,,,0.0007389979790667511,0.011627906976744186,0.0011972104995360809,0.02702702702702703,1.420849420849421,2.2089581275627785,fing_x_face,8,0.001,face_C>ri_V>li_V,3,S1-Marcialis,rule,main,0.004857778549194336,,,,
True,,,,,,0.0007389979790667511,0.011627906976744186,0.0011972104995360809,0.02702702702702703,1.420849420849421,2.2089581275627785,fing_x_face,8,0.001,face_C>ri_V>li_V,3,S2-Symmetric,rule,main,0.05970954895019531,,,,
False,,,,,,,,,,,,fing_x_face,8,0.001,face_C>ri_V>li_V,3,S4-Direct,rule,main,4.291534423828125e-06,,,,
False,,,,,,,,,,,,fing_x_face,8,0.001,face_G>face_C>li_V,3,HYP,GP,main,0.023817062377929688,,,,
True,0.08193523405644124,0.0010000000000000508,0.07578996690235913,0.008279494607742436,0.0009370913676492546,0.0010255482158477362,0.011627906976744186,0.0008380473496752566,0.019305019305019305,1.4401544401544402,2.354508994043878,fing_x_face,8,0.001,face_G>face_C>li_V,3,MONO,GP,main,0.021776914596557617,0.0009577683996288647,0.019305019305019305,0.0011074197120708748,0.023166023166023165
True,0.05282018293214577,0.0010000000000003112,0.049574179993552195,0.011928369689321556,0.0009897194964232027,0.0012819352698096704,0.015503875968992248,0.001092454580826674,0.015444015444015444,1.4285714285714286,1.8120080213103469,fing_x_face,8,0.001,face_G>face_C>li_V,3,MONO-rel,GP,main,0.022952795028686523,0.001242105893268684,0.02702702702702703,0.001466582861931699,0.023166023166023165
True,0.0797920281572152,0.0010000000000009567,0.07369782472153785,0.008157737334099165,0.0009693973710734749,0.0010557113986667873,0.011627906976744186,0.0008380473496752566,0.019305019305019305,1.4401544401544402,2.354508994043878,fing_x_face,8,0.001,face_G>face_C>li_V,3,LR-P1-N2,GP,main,0.02229905128479004,0.0009428032683846638,0.019305019305019305,0.001092454580826674,0.023166023166023165
True,0.052966480067078256,0.0010000000000007375,0.04965531743867858,0.012794470927088183,0.0009666752104669386,0.0012216089041715682,0.015503875968992248,0.0010625243183382718,0.015444015444015444,1.4285714285714286,1.7788452904731975,fing_x_face,8,0.001,face_G>face_C>li_V,3,LR-P1-N2-rel,GP,main,0.021004915237426758,0.001212175630780282,0.02702702702702703,0.0014366525994432972,0.023166023166023165
True,0.11443514815106852,0.001000000000114849,0.10274799310385514,0.008637604236104999,0.0009328130349065338,0.0010104666244382108,0.015503875968992248,0.0007781868246984526,0.019305019305019305,1.4478764478764479,2.354568854568855,fing_x_face,8,0.001,face_G>face_C>li_V,3,LR-P2-N2,GP,main,0.025147438049316406,0.0008829427434078596,0.019305019305019305,0.0010176289246056687,0.023166023166023165
True,0.06664393842339618,0.0010000000000006948,0.06239316853629627,0.030555660368129713,0.000986072269529275,0.0018550357433716406,0.03488372093023256,0.0014516177306874982,0.03861003861003861,1.3822393822393821,1.3433001107419713,fing_x_face,8,0.001,face_G>face_C>li_V,3,LR-P2-N2-rel,GP,main,0.021210908889770508,0.0018107808805483223,0.03474903474903475,0.0020801532429439405,0.04247104247104247
True,0.07979123306483364,0.0010000000000009968,0.07369697703283104,0.008157737334099165,0.0009693973710734749,0.0010557113986667873,0.011627906976744186,0.0008380473496752566,0.019305019305019305,1.4401544401544402,2.354508994043878,fing_x_face,8,0.001,face_G>face_C>li_V,3,LR-P1-N3,GP,main,0.019719362258911133,0.0009428032683846638,0.019305019305019305,0.001092454580826674,0.023166023166023165
True,0.07275235151774836,0.0010000000000002134,0.06751321241800312,0.008117151576218075,0.0009500068155377373,0.0010255482158477362,0.011627906976744186,0.0008530124809194577,0.019305019305019305,1.4401544401544402,2.3544940289126335,fing_x_face,8,0.001,face_G>face_C>li_V,3,NLS-N2,GP,main,0.018136024475097656,0.0009727335308730657,0.019305019305019305,0.001122384843315076,0.019305019305019305
True,0.07938644296044348,0.00100000000000059,0.07331414087588028,0.008157737334099165,0.0009693973710734749,0.0010557113986667873,0.011627906976744186,0.0008380473496752566,0.019305019305019305,1.4401544401544402,2.354508994043878,fing_x_face,8,0.001,face_G>face_C>li_V,3,DE-N2,GP,main,0.02494049072265625,0.0009428032683846638,0.019305019305019305,0.001092454580826674,0.023166023166023165
True,0.19258914358105608,0.0010000000000007269,0.17729933863782993,0.06557913139723547,0.0009679069651679198,0.004328416734533828,0.06976744186046512,0.0034120499236778307,0.07722007722007722,1.2586872586872586,1.0560893119032655,fing_x_face,8,0.001,face_G>face_C>li_V,3,MAXMONO-K3,GP,main,0.04700899124145508,0.0035168058423872377,0.07335907335907337,0.004025620304690072,0.08108108108108109
True,,,,,,0.0009652218502096341,0.011627906976744186,0.0015114782556643021,0.02702702702702703,1.6447876447876448,2.3550776690311572,fing_x_face,8,0.001,face_G>face_C>li_V,3,S1-Marcialis,rule,main,0.004243373870849609,,,,
True,,,,,,0.0009652218502096341,0.011627906976744186,0.0015114782556643021,0.02702702702702703,1.6447876447876448,2.3550776690311572,fing_x_face,8,0.001,face_G>face_C>li_V,3,S2-Symmetric,rule,main,0.05669569969177246,,,,
False,,,,,,,,,,,,fing_x_face,8,0.001,face_G>face_C>li_V,3,S4-Direct,rule,main,4.291534423828125e-06,,,,
False,,,,,,,,,,,,fing_x_face,8,0.001,face_G>face_C>ri_V,3,HYP,GP,main,0.055635690689086914,,,,
True,0.0782408913887883,0.0010000000000002054,0.07339733595615337,0.005477505125334877,0.000968613278416404,0.0010858745814858383,0.007751937984496124,0.0007332914309658496,0.011583011583011582,1.4401544401544402,2.354508994043878,fing_x_face,8,0.001,face_G>face_C>ri_V,3,MONO,GP,main,0.017195463180541992,0.0008081170871868546,0.007722007722007722,0.0009727335308730657,0.011583011583011582
True,0.049876653904498934,0.0009999999999999994,0.046994147371852715,0.010562894764914713,0.0009688955127069205,0.0012819352698096704,0.01937984496124031,0.0009428032683846638,0.023166023166023165,1.4285714285714286,1.8058723175002245,fing_x_face,8,0.001,face_G>face_C>ri_V,3,MONO-rel,GP,main,0.022474288940429688,0.0011074197120708748,0.019305019305019305,0.001272036155757086,0.02702702702702703
True,0.07629833367583805,0.0010000000000000002,0.07146860700580962,0.005688178399386219,0.0009729332810413346,0.0010858745814858383,0.011627906976744186,0.0006734309059890455,0.011583011583011582,1.4478764478764479,2.354568854568855,fing_x_face,8,0.001,face_G>face_C>ri_V,3,LR-P1-N2,GP,main,0.022824525833129883,0.0007781868246984526,0.007722007722007722,0.0008979078746520607,0.011583011583011582
True,0.04936019362024478,0.0010000000000000065,0.046522941136155196,0.010562894764914713,0.0009826133033685582,0.0013120984526287214,0.01937984496124031,0.0009577683996288647,0.023166023166023165,1.4285714285714286,1.818637574451528,fing_x_face,8,0.001,face_G>face_C>ri_V,3,LR-P1-N2-rel,GP,main,0.017482280731201172,0.001122384843315076,0.019305019305019305,0.001287001287001287,0.02702702702702703
True,0.11016916703073373,0.0010000000000001228,0.10054407122473846,0.006122102456387488,0.000951428883783305,0.0010557113986667873,0.011627906976744186,0.0006734309059890455,0.011583011583011582,1.4517374517374517,2.3545538894376103,fing_x_face,8,0.001,face_G>face_C>ri_V,3,LR-P2-N2,GP,main,0.030748605728149414,0.0007332914309658496,0.007722007722007722,0.0008380473496752566,0.011583011583011582
True,0.059795807317675226,0.0010000000000003316,0.05654925211072065,0.021220586680231742,0.0009734889720833,0.0017796277863240128,0.031007751937984496,0.0014067223369548952,0.03861003861003861,1.38996138996139,1.4172577893508127,fing_x_face,8,0.001,face_G>face_C>ri_V,3,LR-P2-N2-rel,GP,main,0.02821946144104004,0.0015114782556643021,0.03474903474903475,0.0017060249618389154,0.03861003861003861
True,0.07629990494228742,0.0010000000000000803,0.07146605574124125,0.005688178399386219,0.0009729332810413346,0.0010858745814858383,0.011627906976744186,0.0006734309059890455,0.011583011583011582,1.4478764478764479,2.354568854568855,fing_x_face,8,0.001,face_G>face_C>ri_V,3,LR-P1-N3,GP,main,0.029253244400024414,0.0007781868246984526,0.007722007722007722,0.0008979078746520607,0.011583011583011582
True,0.06914251300291478,0.0010000000000002524,0.06500250018743975,0.005559258933175696,0.0009535397129096123,0.001070792990076313,0.007751937984496124,0.0007332914309658496,0.011583011583011582,1.4401544401544402,2.354508994043878,fing_x_face,8,0.001,face_G>face_C>ri_V,3,NLS-N2,GP,main,0.018337011337280273,0.0008081170871868546,0.007722007722007722,0.0009727335308730657,0.011583011583011582
True,0.0758211167842048,0.0010000000000000163,0.07102224745275824,0.005688178399386219,0.0009729332810413346,0.0010858745814858383,0.011627906976744186,0.0006734309059890455,0.011583011583011582,1.4478764478764479,2.354568854568855,fing_x_face,8,0.001,face_G>face_C>ri_V,3,DE-N2,GP,main,0.018674135208129883,0.0007781868246984526,0.007722007722007722,0.0008979078746520607,0.011583011583011582
True,0.18255239249865826,0.0010000000000000163,0.16964531864794988,0.05784256592361539,0.0009409710821490888,0.003710071486743281,0.06589147286821706,0.002843374936398192,0.06177606177606178,1.277992277992278,1.0838496303612584,fing_x_face,8,0.001,face_G>face_C>ri_V,3,MAXMONO-K3,GP,main,0.03528237342834473,0.0030528867738170064,0.06177606177606178,0.0033970847924336294,0.06177606177606178
True,,,,,,0.0009803034416191597,0.011627906976744186,0.0008829427434078596,0.011583011583011582,1.6447876447876448,2.3550776690311572,fing_x_face,8,0.001,face_G>face_C>ri_V,3,S1-Marcialis,rule,main,0.005310773849487305,,,,
True,,,,,,0.0009803034416191597,0.011627906976744186,0.0008829427434078596,0.011583011583011582,1.6447876447876448,2.3550776690311572,fing_x_face,8,0.001,face_G>face_C>ri_V,3,S2-Symmetric,rule,main,0.07189559936523438,,,,
False,,,,,,,,,,,,fing_x_face,8,0.001,face_G>face_C>ri_V,3,S4-Direct,rule,main,5.0067901611328125e-06,,,,
False,,,,,,,,,,,,fing_x_face,8,0.001,face_G>li_V>face_C,3,HYP,GP,main,0.05494570732116699,,,,
True,0.08963562337755995,0.0010000000000008884,0.08033655926294395,0.012374871255221413,0.0009810751504944937,0.0010406298072572619,0.011627906976744186,0.0010026637933614679,0.02702702702702703,1.3281853281853282,2.2656759749783006,fing_x_face,8,0.001,face_G>li_V>face_C,3,MONO,GP,main,0.025208234786987305,0.00118224536829188,0.02702702702702703,0.00133189668073389,0.023166023166023165
True,0.06285375156615798,0.0010000000000007071,0.05669458918758888,0.019516800058136042,0.0008760386147061664,0.0010104666244382108,0.023255813953488372,0.0006734309059890455,0.04247104247104247,1.308880308880309,1.9049564514680795,fing_x_face,8,0.001,face_G>li_V>face_C,3,MONO-rel,GP,main,0.02362966537475586,0.0008380473496752566,0.04247104247104247,0.0009428032683846638,0.04247104247104247
True,0.08870181611149115,0.0010000000000007561,0.07896315953305093,0.012797382387481373,0.000940340661212116,0.0009803034416191597,0.015503875968992248,0.0007632216934542516,0.03474903474903475,1.335907335907336,2.265885486815719,fing_x_face,8,0.001,face_G>li_V>face_C,3,LR-P1-N2,GP,main,0.023190021514892578,0.0009876986621172668,0.03474903474903475,0.001092454580826674,0.03088803088803089
True,0.06300363282245645,0.0010000000000008023,0.05687511180757305,0.019083574751629136,0.0009246021500198386,0.0010406298072572619,0.015503875968992248,0.0007931519559426536,0.04247104247104247,1.308880308880309,1.9048367304181257,fing_x_face,8,0.001,face_G>li_V>face_C,3,LR-P1-N2-rel,GP,main,0.01785874366760254,0.0009727335308730657,0.04247104247104247,0.001122384843315076,0.04247104247104247
True,0.1148534669976092,0.001000000000001575,0.10244322374000436,0.008754644943911297,0.0009259727404287985,0.000935058667390583,0.011627906976744186,0.0008829427434078596,0.019305019305019305,1.3397683397683398,2.5311873335129147,fing_x_face,8,0.001,face_G>li_V>face_C,3,LR-P2-N2,GP,main,0.02578568458557129,0.0009577683996288647,0.019305019305019305,0.0011074197120708748,0.023166023166023165
True,0.07873084498533363,0.0010000000000000794,0.07195165148534921,0.029765373559001794,0.0008856589477725353,0.0012517720869906193,0.027131782945736434,0.0011972104995360809,0.05405405405405406,1.2895752895752897,1.3794708329592051,fing_x_face,8,0.001,face_G>li_V>face_C,3,LR-P2-N2-rel,GP,main,0.02295541763305664,0.0014516177306874982,0.05405405405405406,0.0016611295681063123,0.04633204633204633
True,0.08869849278828176,0.0010000000000008448,0.07896070177910529,0.012797382387481373,0.000940340661212116,0.0009803034416191597,0.015503875968992248,0.0007632216934542516,0.03474903474903475,1.335907335907336,2.265885486815719,fing_x_face,8,0.001,face_G>li_V>face_C,3,LR-P1-N3,GP,main,0.024831295013427734,0.0009876986621172668,0.03474903474903475,0.001092454580826674,0.03088803088803089
True,0.08090075378095568,0.0010000000000003023,0.07262755603557677,0.01457314031049677,0.0009648311372092792,0.0009953850330286851,0.015503875968992248,0.0009428032683846638,0.03861003861003861,1.3127413127413128,2.146284157912065,fing_x_face,8,0.001,face_G>li_V>face_C,3,NLS-N2,GP,main,0.020032882690429688,0.00118224536829188,0.03474903474903475,0.00133189668073389,0.02702702702702703
True,0.08806042712359427,0.0010000000000000117,0.07845587195279488,0.012625955599530253,0.0009661612300803711,0.0010104666244382108,0.011627906976744186,0.0009128730058962617,0.03474903474903475,1.335907335907336,2.2657358355032775,fing_x_face,8,0.001,face_G>li_V>face_C,3,DE-N2,GP,main,0.022001981735229492,0.001092454580826674,0.03088803088803089,0.001167280237047679,0.03088803088803089
True,0.19778234649199697,0.0010000000000003032,0.17836509967391798,0.05479601376817974,0.0009494534189633339,0.0016589750550478086,0.046511627906976744,0.001421687468199096,0.06177606177606178,1.2625482625482625,1.120454341384574,fing_x_face,8,0.001,face_G>li_V>face_C,3,MAXMONO-K3,GP,main,0.035860300064086914,0.0016162341743737093,0.06563706563706563,0.0017808506180599204,0.06177606177606178
True,,,,,,0.0009953850330286851,0.03488372093023256,0.0011523151058034779,0.023166023166023165,1.4787644787644787,2.5318009038939273,fing_x_face,8,0.001,face_G>li_V>face_C,3,S1-Marcialis,rule,main,0.0036745071411132812,,,,
True,,,,,,0.0009953850330286851,0.03488372093023256,0.0011523151058034779,0.023166023166023165,1.4787644787644787,2.5318009038939273,fing_x_face,8,0.001,face_G>li_V>face_C,3,S2-Symmetric,rule,main,0.05594182014465332,,,,
False,,,,,,,,,,,,fing_x_face,8,0.001,face_G>li_V>face_C,3,S4-Direct,rule,main,5.0067901611328125e-06,,,,
False,,,,,,,,,,,,fing_x_face,8,0.001,face_G>li_V>ri_V,3,HYP,GP,main,0.022860050201416016,,,,
True,0.08474656353423066,0.0010000000000008466,0.07740286502732027,0.009033446391163321,0.0009261153869360465,0.0009652218502096341,0.011627906976744186,0.0007781868246984526,0.015444015444015444,1.332046332046332,2.531052647331717,fing_x_face,8,0.001,face_G>li_V>ri_V,3,MONO,GP,main,0.027373075485229492,0.0008530124809194577,0.015444015444015444,0.0009876986621172668,0.015444015444015444
True,0.06003240920390711,0.0010000000000009027,0.054306334528141494,0.013494968297690072,0.0008936393241630103,0.0010557113986667873,0.011627906976744186,0.0007033611684774476,0.03088803088803089,1.308880308880309,1.9875041154110922,fing_x_face,8,0.001,face_G>li_V>ri_V,3,MONO-rel,GP,main,0.024611949920654297,0.0010176289246056687,0.03088803088803089,0.001092454580826674,0.02702702702702703
True,0.08372763485573846,0.0010000000000004274,0.07609537514924708,0.005509123585204936,0.0009326107133502649,0.0009652218502096341,0.011627906976744186,0.0005986052497680404,0.015444015444015444,1.3397683397683398,2.531217263775403,fing_x_face,8,0.001,face_G>li_V>ri_V,3,LR-P1-N2,GP,main,0.01891183853149414,0.0007033611684774476,0.015444015444015444,0.0008530124809194577,0.015444015444015444
True,0.05989982561577586,0.0010000000000006744,0.054258445160287945,0.013494968297690072,0.0008936393241630103,0.0010557113986667873,0.011627906976744186,0.0007033611684774476,0.03088803088803089,1.308880308880309,1.9875041154110922,fing_x_face,8,0.001,face_G>li_V>ri_V,3,LR-P1-N2-rel,GP,main,0.017497777938842773,0.0010176289246056687,0.03088803088803089,0.001092454580826674,0.02702702702702703
True,0.10865589199205945,0.0010000000000003164,0.09934864282024486,0.004606629092523417,0.0009726197323695944,0.0010406298072572619,0.007751937984496124,0.0008380473496752566,0.015444015444015444,1.335907335907336,2.5310825775942054,fing_x_face,8,0.001,face_G>li_V>ri_V,3,LR-P2-N2,GP,main,0.03138327598571777,0.0009577683996288647,0.015444015444015444,0.0010625243183382718,0.015444015444015444
True,0.07583356055183216,0.0010000000000006904,0.06944873448357435,0.027515396967143353,0.0008470861127284068,0.001070792990076313,0.027131782945736434,0.0007482565622100506,0.04633204633204633,1.2895752895752897,1.4378049145491005,fing_x_face,8,0.001,face_G>li_V>ri_V,3,LR-P2-N2-rel,GP,main,0.019157886505126953,0.0009428032683846638,0.04633204633204633,0.0010774894495824729,0.03861003861003861
True,0.08371660788702519,0.0010000000000003316,0.07608157310264754,0.005509123585204936,0.0009326107133502649,0.0009652218502096341,0.011627906976744186,0.0005986052497680404,0.015444015444015444,1.3397683397683398,2.531217263775403,fing_x_face,8,0.001,face_G>li_V>ri_V,3,LR-P1-N3,GP,main,0.019114971160888672,0.0007033611684774476,0.015444015444015444,0.0008530124809194577,0.015444015444015444
True,0.07617719950131091,0.001000000000017691,0.06954789945550016,0.005242026208733543,0.0009110430418192217,0.0009501402588001085,0.007751937984496124,0.0007781868246984526,0.015444015444015444,1.335907335907336,2.5310825775942054,fing_x_face,8,0.001,face_G>li_V>ri_V,3,NLS-N2,GP,main,0.020833730697631836,0.0008530124809194577,0.015444015444015444,0.0009727335308730657,0.015444015444015444
True,0.08304248988397485,0.0010000000000001548,0.07553186548301363,0.005509123585204936,0.0009326107133502649,0.0009652218502096341,0.011627906976744186,0.0005986052497680404,0.015444015444015444,1.3397683397683398,2.531217263775403,fing_x_face,8,0.001,face_G>li_V>ri_V,3,DE-N2,GP,main,0.017017602920532227,0.0007033611684774476,0.015444015444015444,0.0008530124809194577,0.015444015444015444
True,0.19420300248345332,0.0010000000000002728,0.17635312197704894,0.05538401230918871,0.00090220139790834,0.0012216089041715682,0.046511627906976744,0.0007632216934542516,0.05791505791505792,1.2664092664092663,1.1321271437550506,fing_x_face,8,0.001,face_G>li_V>ri_V,3,MAXMONO-K3,GP,main,0.02904343605041504,0.0009577683996288647,0.05405405405405406,0.00118224536829188,0.05405405405405406
True,,,,,,0.0008144059361143788,0.027131782945736434,0.0007332914309658496,0.023166023166023165,1.4787644787644787,2.5318009038939273,fing_x_face,8,0.001,face_G>li_V>ri_V,3,S1-Marcialis,rule,main,0.0035109519958496094,,,,
True,,,,,,0.0008144059361143788,0.027131782945736434,0.0007332914309658496,0.023166023166023165,1.4787644787644787,2.5318009038939273,fing_x_face,8,0.001,face_G>li_V>ri_V,3,S2-Symmetric,rule,main,0.0417783260345459,,,,
False,,,,,,,,,,,,fing_x_face,8,0.001,face_G>li_V>ri_V,3,S4-Direct,rule,main,4.291534423828125e-06,,,,
False,,,,,,,,,,,,fing_x_face,8,0.001,face_G>ri_V>face_C,3,HYP,GP,main,0.0416254997253418,,,,
True,0.07726121376607004,0.0010000000000007444,0.07222506497910874,0.006499660640176571,0.0009073333039001953,0.0010255482158477362,0.011627906976744186,0.0006285355122564425,0.003861003861003861,1.305019305019305,2.220167010864685,fing_x_face,8,0.001,face_G>ri_V>face_C,3,MONO,GP,main,0.02938222885131836,0.0008679776121636587,0.003861003861003861,0.0010176289246056687,0.003861003861003861
True,0.04869333212580105,0.0010000000000000748,0.04548887015003768,0.01078335054588718,0.0008832895812546271,0.000935058667390583,0.007751937984496124,0.0007781868246984526,0.011583011583011582,1.2972972972972974,1.8905749603424022,fing_x_face,8,0.001,face_G>ri_V>face_C,3,MONO-rel,GP,main,0.02452564239501953,0.0010774894495824729,0.007722007722007722,0.0011074197120708748,0.007722007722007722
True,0.0752644358764655,0.0010000000000001264,0.07018835701987956,0.0067493474834966795,0.0009066963970448105,0.0010104666244382108,0.011627906976744186,0.0005986052497680404,0.003861003861003861,1.305019305019305,2.220167010864685,fing_x_face,8,0.001,face_G>ri_V>face_C,3,LR-P1-N2,GP,main,0.03673124313354492,0.0007931519559426536,0.007722007722007722,0.0009727335308730657,0.003861003861003861
True,0.0481756284556117,0.0010000000000002338,0.04500138712476784,0.010880884469059096,0.0008903147587405273,0.000935058667390583,0.007751937984496124,0.0007632216934542516,0.011583011583011582,1.2972972972972974,1.8905749603424022,fing_x_face,8,0.001,face_G>ri_V>face_C,3,LR-P1-N2-rel,GP,main,0.027523517608642578,0.0010325940558498698,0.007722007722007722,0.0010625243183382718,0.007722007722007722
True,0.10150449911698725,0.001000000000000844,0.09478266560649859,0.006058865536647367,0.0009565451142509972,0.0010255482158477362,0.011627906976744186,0.0006883960372332465,0.007722007722007722,1.305019305019305,2.604142348328395,fing_x_face,8,0.001,face_G>ri_V>face_C,3,LR-P2-N2,GP,main,0.021759748458862305,0.0007632216934542516,0.007722007722007722,0.0008979078746520607,0.007722007722007722
True,0.058745836731499884,0.0010000000000001531,0.055183809505513284,0.024608944285828084,0.0008583898149655258,0.0012216089041715682,0.023255813953488372,0.0010026637933614679,0.019305019305019305,1.281853281853282,1.4387177875549968,fing_x_face,8,0.001,face_G>ri_V>face_C,3,LR-P2-N2-rel,GP,main,0.018254995346069336,0.001287001287001287,0.023166023166023165,0.0015414085181527043,0.019305019305019305
True,0.07511569909523004,0.0010000000000004354,0.07009509525876077,0.0067493474834966795,0.000894381918738133,0.0009953850330286851,0.011627906976744186,0.0005836401185238395,0.003861003861003861,1.305019305019305,2.220167010864685,fing_x_face,8,0.001,face_G>ri_V>face_C,3,LR-P1-N3,GP,main,0.0256040096282959,0.0007931519559426536,0.007722007722007722,0.0009577683996288647,0.003861003861003861
True,0.06866751179283544,0.001000000000000327,0.06416158076072848,0.011692890772720222,0.0009202610471284137,0.0009953850330286851,0.015503875968992248,0.0006435006435006435,0.003861003861003861,1.305019305019305,2.104591302265721,fing_x_face,8,0.001,face_G>ri_V>face_C,3,NLS-N2,GP,main,0.019645214080810547,0.0008829427434078596,0.003861003861003861,0.0010026637933614679,0.003861003861003861
True,0.07464790647993738,0.0010000000000005935,0.06965623457685914,0.0067493474834966795,0.000894381918738133,0.0009953850330286851,0.011627906976744186,0.0005836401185238395,0.003861003861003861,1.305019305019305,2.220167010864685,fing_x_face,8,0.001,face_G>ri_V>face_C,3,DE-N2,GP,main,0.02408289909362793,0.0007931519559426536,0.007722007722007722,0.0009577683996288647,0.003861003861003861
True,0.16306922229371104,0.0010000000000003981,0.15093832413115785,0.036893327352029104,0.0009551025296295503,0.0016740566464573342,0.031007751937984496,0.0009278381371404627,0.023166023166023165,1.274131274131274,1.2113824788243392,fing_x_face,8,0.001,face_G>ri_V>face_C,3,MAXMONO-K3,GP,main,0.04628300666809082,0.001047559187094071,0.023166023166023165,0.0011972104995360809,0.023166023166023165
True,,,,,,0.0009953850330286851,0.031007751937984496,0.0008829427434078596,0.023166023166023165,1.4555984555984556,2.6046212325282094,fing_x_face,8,0.001,face_G>ri_V>face_C,3,S1-Marcialis,rule,main,0.004203081130981445,,,,
True,,,,,,0.0009953850330286851,0.031007751937984496,0.0008829427434078596,0.023166023166023165,1.4555984555984556,2.6046212325282094,fing_x_face,8,0.001,face_G>ri_V>face_C,3,S2-Symmetric,rule,main,0.05205273628234863,,,,
False,,,,,,,,,,,,fing_x_face,8,0.001,face_G>ri_V>face_C,3,S4-Direct,rule,main,5.4836273193359375e-06,,,,
False,,,,,,,,,,,,fing_x_face,8,0.001,face_G>ri_V>li_V,3,HYP,GP,main,0.010019779205322266,,,,
True,0.07628540139321528,0.0010000000000004753,0.07149867780423454,0.004903830969460411,0.000924867098386591,0.0009652218502096341,0.007751937984496124,0.0007632216934542516,0.015444015444015444,1.305019305019305,2.6041124180659065,fing_x_face,8,0.001,face_G>ri_V>li_V,3,MONO,GP,main,0.026044368743896484,0.0009128730058962617,0.015444015444015444,0.0010026637933614679,0.015444015444015444
True,0.04851570328402245,0.0010000000000003058,0.04528967978237061,0.008684420519227517,0.0008548994239929438,0.000935058667390583,0.003875968992248062,0.0006584657747448446,0.015444015444015444,1.305019305019305,2.0211008350543236,fing_x_face,8,0.001,face_G>ri_V>li_V,3,MONO-rel,GP,main,0.02310943603515625,0.0008679776121636587,0.015444015444015444,0.0009278381371404627,0.015444015444015444
True,0.07398244222290093,0.0010000000000009665,0.06925700926271212,0.005411123828370109,0.0008947642714085756,0.0009199770759810575,0.007751937984496124,0.0007183262997216486,0.015444015444015444,1.305019305019305,2.604142348328395,fing_x_face,8,0.001,face_G>ri_V>li_V,3,LR-P1-N2,GP,main,0.02693653106689453,0.0008230822184310556,0.015444015444015444,0.0009128730058962617,0.015444015444015444
True,0.048468876421981714,0.0010000000000006041,0.045164069223739195,0.008684420519227517,0.0008699752570835006,0.0009501402588001085,0.003875968992248062,0.0006584657747448446,0.015444015444015444,1.305019305019305,2.0211008350543236,fing_x_face,8,0.001,face_G>ri_V>li_V,3,LR-P1-N2-rel,GP,main,0.026412248611450195,0.0008679776121636587,0.015444015444015444,0.0009278381371404627,0.015444015444015444
True,0.09969657902076988,0.00100000000000005,0.09373249182080574,0.004978131438694661,0.0008947168343503972,0.000935058667390583,0.007751937984496124,0.0007482565622100506,0.015444015444015444,1.305019305019305,2.604142348328395,fing_x_face,8,0.001,face_G>ri_V>li_V,3,LR-P2-N2,GP,main,0.026755571365356445,0.0009128730058962617,0.015444015444015444,0.0009876986621172668,0.015444015444015444
True,0.0629011118061348,0.001000000000000001,0.05856177074455482,0.023691834261972744,0.0008957917506876201,0.0011612825385334661,0.01937984496124031,0.0009128730058962617,0.03088803088803089,1.281853281853282,1.4001825746011793,fing_x_face,8,0.001,face_G>ri_V>li_V,3,LR-P2-N2-rel,GP,main,0.02515411376953125,0.0011074197120708748,0.03088803088803089,0.001242105893268684,0.02702702702702703
True,0.0738271422866194,0.0010000000000047662,0.06916040344632667,0.005411123828370109,0.0008947642714085756,0.0009199770759810575,0.007751937984496124,0.0007183262997216486,0.015444015444015444,1.305019305019305,2.604142348328395,fing_x_face,8,0.001,face_G>ri_V>li_V,3,LR-P1-N3,GP,main,0.02836751937866211,0.0008230822184310556,0.015444015444015444,0.0009128730058962617,0.015444015444015444
True,0.06774078836064977,0.001000000000004759,0.06343115407837494,0.004903830969460411,0.000924867098386591,0.0009652218502096341,0.007751937984496124,0.0007632216934542516,0.015444015444015444,1.305019305019305,2.6041124180659065,fing_x_face,8,0.001,face_G>ri_V>li_V,3,NLS-N2,GP,main,0.0344691276550293,0.0009128730058962617,0.015444015444015444,0.0010026637933614679,0.015444015444015444
True,0.07340845781603265,0.0010000000000161616,0.06875344554268217,0.005411123828370109,0.0008796875474737104,0.000904895484571532,0.007751937984496124,0.0007183262997216486,0.015444015444015444,1.305019305019305,2.604142348328395,fing_x_face,8,0.001,face_G>ri_V>li_V,3,DE-N2,GP,main,0.034238576889038086,0.0008230822184310556,0.015444015444015444,0.0009128730058962617,0.015444015444015444
True,0.17131495738837532,0.0010000000000003155,0.15799546214313243,0.048438083019943734,0.0008991880464823906,0.0012216089041715682,0.04263565891472868,0.0008081170871868546,0.04247104247104247,1.2664092664092663,1.126410463619766,fing_x_face,8,0.001,face_G>ri_V>li_V,3,MAXMONO-K3,GP,main,0.034424781799316406,0.0009876986621172668,0.04247104247104247,0.001212175630780282,0.04633204633204633
True,,,,,,0.0008144059361143788,0.011627906976744186,0.0015264433869085032,0.03474903474903475,1.4555984555984556,2.6046212325282094,fing_x_face,8,0.001,face_G>ri_V>li_V,3,S1-Marcialis,rule,main,0.0033102035522460938,,,,
True,,,,,,0.0008144059361143788,0.011627906976744186,0.0015264433869085032,0.03474903474903475,1.4555984555984556,2.6046212325282094,fing_x_face,8,0.001,face_G>ri_V>li_V,3,S2-Symmetric,rule,main,0.04584980010986328,,,,
False,,,,,,,,,,,,fing_x_face,8,0.001,face_G>ri_V>li_V,3,S4-Direct,rule,main,4.5299530029296875e-06,,,,
False,,,,,,,,,,,,fing_x_face,8,0.001,li_V>face_C>face_G,3,HYP,GP,main,0.05522942543029785,,,,
True,0.08134518770398359,0.0010000000000001778,0.0742771444267604,0.008107601986128405,0.0008889442994885349,0.0013120984526287214,0.011627906976744186,0.00118224536829188,0.023166023166023165,1.2355212355212355,2.1638382568615127,fing_x_face,8,0.001,li_V>face_C>face_G,3,MONO,GP,main,0.01939988136291504,0.001421687468199096,0.019305019305019305,0.0016162341743737093,0.019305019305019305
True,0.07080587713691108,0.001000000000000637,0.06543620813067554,0.009597338040116664,0.0009407252920284273,0.0034386028413718214,0.015503875968992248,0.002409386130316363,0.015444015444015444,1.2316602316602316,1.9150279847954266,fing_x_face,8,0.001,li_V>face_C>face_G,3,MONO-rel,GP,main,0.02034926414489746,0.0028134446739097904,0.011583011583011582,0.0031277124300380112,0.011583011583011582
True,0.08849137862868031,0.0010000000000009,0.08074753821728496,0.00796435813478338,0.0009229977883212991,0.001357343226857298,0.011627906976744186,0.001242105893268684,0.023166023166023165,1.2355212355212355,2.1710364849899735,fing_x_face,8,0.001,li_V>face_C>face_G,3,LR-P1-N2,GP,main,0.019717693328857422,0.0014516177306874982,0.019305019305019305,0.0016461644368621112,0.019305019305019305
True,0.07022847596348762,0.0010000000000009355,0.06490359186751139,0.009597338040116664,0.0009243904377522669,0.0034386028413718214,0.015503875968992248,0.002379455867827961,0.015444015444015444,1.2355212355212355,1.9139804256083326,fing_x_face,8,0.001,li_V>face_C>face_G,3,LR-P1-N2-rel,GP,main,0.017619848251342773,0.0027685492801771874,0.011583011583011582,0.0030528867738170064,0.011583011583011582
True,0.08920713152171063,0.0010000000000009533,0.07851695184527065,0.008279494607742436,0.0008147563623321435,0.000935058667390583,0.011627906976744186,0.0010026637933614679,0.023166023166023165,1.2393822393822393,2.3910538445422165,fing_x_face,8,0.001,li_V>face_C>face_G,3,LR-P2-N2,GP,main,0.020842552185058594,0.00118224536829188,0.019305019305019305,0.0013618269432222922,0.023166023166023165
True,0.07285015016700262,0.0010000000000005243,0.06716924220784828,0.031020678822130266,0.0007733027077391957,0.002940910324857479,0.03488372093023256,0.002319595342851157,0.04247104247104247,1.2007722007722008,1.5627936907006674,fing_x_face,8,0.001,li_V>face_C>face_G,3,LR-P2-N2-rel,GP,main,0.019480228424072266,0.002738619017688785,0.03861003861003861,0.0028583400676423934,0.03088803088803089
True,0.08849104604839962,0.0010000000000000518,0.08074775741749983,0.00796435813478338,0.0009231528056468507,0.001357343226857298,0.011627906976744186,0.001242105893268684,0.023166023166023165,1.2355212355212355,2.171171171171171,fing_x_face,8,0.001,li_V>face_C>face_G,3,LR-P1-N3,GP,main,0.01968526840209961,0.0014516177306874982,0.019305019305019305,0.0016461644368621112,0.019305019305019305
True,0.07761875242647238,0.0010000000000006345,0.0711294583733451,0.007682645227138166,0.0008959825488068437,0.0017042198292763853,0.011627906976744186,0.0013917572057106941,0.023166023166023165,1.2316602316602316,2.0633025051629703,fing_x_face,8,0.001,li_V>face_C>face_G,3,NLS-N2,GP,main,0.019932031631469727,0.0015414085181527043,0.019305019305019305,0.0019454670617461314,0.015444015444015444
True,0.08746114648460611,0.0010000000000001058,0.07979792164120256,0.008107601986128405,0.0009098562138284816,0.0013724248182668236,0.011627906976744186,0.0011972104995360809,0.023166023166023165,1.2355212355212355,2.166636736404178,fing_x_face,8,0.001,li_V>face_C>face_G,3,DE-N2,GP,main,0.019043684005737305,0.001421687468199096,0.019305019305019305,0.0016311993056179102,0.019305019305019305
True,0.14037875683041898,0.0010000000000000384,0.12924512011343142,0.08253361339253147,0.0008624645827100769,0.0010255482158477362,0.08139534883720931,0.0016910598305947143,0.11196911196911197,1.1158301158301158,1.0712340247223968,fing_x_face,8,0.001,li_V>face_C>face_G,3,MAXMONO-K3,GP,main,0.02626800537109375,0.0020352578492113375,0.10810810810810811,0.0021250486366765436,0.10810810810810811
True,,,,,,0.0009953850330286851,0.046511627906976744,0.00031426775612822125,0.05019305019305019,1.4054054054054055,2.3923109155667297,fing_x_face,8,0.001,li_V>face_C>face_G,3,S1-Marcialis,rule,main,0.004173994064331055,,,,
True,,,,,,0.0009953850330286851,0.046511627906976744,0.00031426775612822125,0.05019305019305019,1.4054054054054055,2.3923109155667297,fing_x_face,8,0.001,li_V>face_C>face_G,3,S2-Symmetric,rule,main,0.032019615173339844,,,,
False,,,,,,,,,,,,fing_x_face,8,0.001,li_V>face_C>face_G,3,S4-Direct,rule,main,4.291534423828125e-06,,,,
False,,,,,,,,,,,,fing_x_face,8,0.001,li_V>face_C>ri_V,3,HYP,GP,main,0.03626251220703125,,,,
True,0.0755519179773392,0.001000000000000494,0.07104361864469433,0.00328744638836832,0.0007609121354629459,0.0008294875275239043,0.007751937984496124,0.001167280237047679,0.019305019305019305,1.2393822393822393,2.3910538445422165,fing_x_face,8,0.001,li_V>face_C>ri_V,3,MONO,GP,main,0.018403291702270508,0.001376792074466493,0.011583011583011582,0.0014815479931759002,0.015444015444015444
True,0.06602089260860126,0.0010000000000009745,0.06226177357812285,0.004044251402974534,0.0009080361099065332,0.001070792990076313,0.007751937984496124,0.001466582861931699,0.023166023166023165,1.2316602316602316,2.0132441411511177,fing_x_face,8,0.001,li_V>face_C>ri_V,3,MONO-rel,GP,main,0.01693129539489746,0.0018407111430367245,0.019305019305019305,0.0020053275867229358,0.015444015444015444
True,0.08282801313574381,0.0010000000000000074,0.0778387703329508,0.0032229866552630593,0.0007736920028629314,0.0008445691189334298,0.007751937984496124,0.00118224536829188,0.019305019305019305,1.2393822393822393,2.3910388794109725,fing_x_face,8,0.001,li_V>face_C>ri_V,3,LR-P1-N2,GP,main,0.02109217643737793,0.0013917572057106941,0.011583011583011582,0.0014965131244201013,0.015444015444015444
True,0.06520634907427744,0.001000000000000487,0.06152238216239987,0.004044251402974534,0.0009210265232262207,0.001070792990076313,0.007751937984496124,0.001466582861931699,0.023166023166023165,1.2316602316602316,2.0204274041483345,fing_x_face,8,0.001,li_V>face_C>ri_V,3,LR-P1-N2-rel,GP,main,0.015634775161743164,0.0018706414055251264,0.019305019305019305,0.0020202927179671366,0.015444015444015444
True,0.08218652759750762,0.001000000000002719,0.07505400272286523,0.0034336599293144,0.000867421238778281,0.0009501402588001085,0.007751937984496124,0.0014067223369548952,0.015444015444015444,1.2355212355212355,2.3906048906048905,fing_x_face,8,0.001,li_V>face_C>ri_V,3,LR-P2-N2,GP,main,0.017181396484375,0.0016611295681063123,0.011583011583011582,0.0016611295681063123,0.015444015444015444
True,0.06513812360391814,0.0010000000000005252,0.06087462033113183,0.005120967685584638,0.0008622317679356592,0.0010858745814858383,0.011627906976744186,0.0015863039118853071,0.023166023166023165,1.2355212355212355,1.9357247613061566,fing_x_face,8,0.001,li_V>face_C>ri_V,3,LR-P2-N2-rel,GP,main,0.016057252883911133,0.0018856065367693275,0.019305019305019305,0.0019903624554787345,0.019305019305019305
True,0.08283201022688208,0.0010000000000000057,0.07783894347693261,0.0032229866552630593,0.0007736920028629314,0.0008445691189334298,0.007751937984496124,0.00118224536829188,0.019305019305019305,1.2393822393822393,2.3910388794109725,fing_x_face,8,0.001,li_V>face_C>ri_V,3,LR-P1-N3,GP,main,0.01719045639038086,0.0013917572057106941,0.011583011583011582,0.0014965131244201013,0.015444015444015444
True,0.0718891916576203,0.0010000000000016487,0.06778790596983077,0.0032229866552630593,0.0007864718702628228,0.0008596507103429554,0.007751937984496124,0.0011972104995360809,0.019305019305019305,1.2355212355212355,2.391023914279728,fing_x_face,8,0.001,li_V>face_C>ri_V,3,NLS-N2,GP,main,0.022357463836669922,0.0014366525994432972,0.011583011583011582,0.0015713387806411063,0.015444015444015444
True,0.08175869015802878,0.001000000000000082,0.07682938946780314,0.0032229866552630593,0.0007736920028629314,0.0008445691189334298,0.007751937984496124,0.00118224536829188,0.019305019305019305,1.2393822393822393,2.3910388794109725,fing_x_face,8,0.001,li_V>face_C>ri_V,3,DE-N2,GP,main,0.016476869583129883,0.0013917572057106941,0.011583011583011582,0.0014965131244201013,0.015444015444015444
True,0.1341660378576239,0.0010000000000002604,0.12549890188278026,0.08227472633436889,0.0008127585753941733,0.001100956172895364,0.08527131782945736,0.0017509203555715184,0.11196911196911197,1.1158301158301158,1.0732842477028524,fing_x_face,8,0.001,li_V>face_C>ri_V,3,MAXMONO-K3,GP,main,0.027808666229248047,0.0021250486366765436,0.10810810810810811,0.0023046302116069557,0.10810810810810811
True,,,,,,0.0006635900220191234,0.015503875968992248,0.0006435006435006435,0.023166023166023165,1.4054054054054055,2.3923109155667297,fing_x_face,8,0.001,li_V>face_C>ri_V,3,S1-Marcialis,rule,main,0.0035736560821533203,,,,
True,,,,,,0.0006635900220191234,0.015503875968992248,0.0006435006435006435,0.023166023166023165,1.4054054054054055,2.3923109155667297,fing_x_face,8,0.001,li_V>face_C>ri_V,3,S2-Symmetric,rule,main,0.027934789657592773,,,,
False,,,,,,,,,,,,fing_x_face,8,0.001,li_V>face_C>ri_V,3,S4-Direct,rule,main,3.5762786865234375e-06,,,,
False,,,,,,,,,,,,fing_x_face,8,0.001,li_V>face_G>face_C,3,HYP,GP,main,0.01012110710144043,,,,
True,0.08676346935076695,0.001000000000000543,0.07746256624004015,0.008690126981598172,0.0008467379404928678,0.0010858745814858383,0.011627906976744186,0.001167280237047679,0.019305019305019305,1.2702702702702702,2.3188919816826794,fing_x_face,8,0.001,li_V>face_G>face_C,3,MONO,GP,main,0.015926361083984375,0.0014366525994432972,0.015444015444015444,0.0016910598305947143,0.015444015444015444
True,0.07506465073664663,0.0010000000000000046,0.06866351940002409,0.01119450698261369,0.0009407490073655433,0.00297107350767653,0.007751937984496124,0.0031426775612822125,0.023166023166023165,1.2548262548262548,1.9361737152434826,fing_x_face,8,0.001,li_V>face_G>face_C,3,MONO-rel,GP,main,0.015050172805786133,0.0034569453174104338,0.019305019305019305,0.003935829517224866,0.019305019305019305
True,0.09295229246139881,0.0010000000000000935,0.08323583429463476,0.008074178420814565,0.0008920718318737608,0.0010557113986667873,0.011627906976744186,0.001167280237047679,0.019305019305019305,1.2702702702702702,2.392355810960462,fing_x_face,8,0.001,li_V>face_G>face_C,3,LR-P1-N2,GP,main,0.020560264587402344,0.001421687468199096,0.015444015444015444,0.0017060249618389154,0.015444015444015444
True,0.07465466781579067,0.0010000000000004985,0.06832477412405075,0.01119450698261369,0.0009337003464358022,0.0029258287334479535,0.007751937984496124,0.0031426775612822125,0.023166023166023165,1.2548262548262548,1.9357696566998892,fing_x_face,8,0.001,li_V>face_G>face_C,3,LR-P1-N2-rel,GP,main,0.015544652938842773,0.0033821196611894286,0.019305019305019305,0.003920864385980665,0.019305019305019305
True,0.09325020892370348,0.0010000000000186262,0.08087807527280319,0.008570524188645862,0.0009732003337128265,0.0010255482158477362,0.007751937984496124,0.001272036155757086,0.019305019305019305,1.2625482625482625,2.5619107479572594,fing_x_face,8,0.001,li_V>face_G>face_C,3,LR-P2-N2,GP,main,0.018845081329345703,0.0015414085181527043,0.015444015444015444,0.0016162341743737093,0.023166023166023165
True,0.07946045571334633,0.0010000000000003866,0.07332841475331514,0.04212836605581898,0.0007831517250147593,0.0020209332488764216,0.03875968992248062,0.002753584148932986,0.07335907335907337,1.1737451737451738,1.4307563377330819,fing_x_face,8,0.001,li_V>face_G>face_C,3,LR-P2-N2-rel,GP,main,0.017723560333251953,0.0033372242674568255,0.06563706563706563,0.00354673610487564,0.05791505791505792
True,0.09295190420817055,0.0010000000000000714,0.0832360147688036,0.008074178420814565,0.0008921846243307851,0.0010557113986667873,0.011627906976744186,0.001167280237047679,0.019305019305019305,1.2702702702702702,2.392475532010416,fing_x_face,8,0.001,li_V>face_G>face_C,3,LR-P1-N3,GP,main,0.021784305572509766,0.001421687468199096,0.015444015444015444,0.0017060249618389154,0.015444015444015444
True,0.08256879028681445,0.0010000000000002622,0.07423556960979918,0.009382472263099129,0.0008607265188553268,0.0013271800440382469,0.011627906976744186,0.0013169315494896891,0.023166023166023165,1.2664092664092663,2.1781299571997246,fing_x_face,8,0.001,li_V>face_G>face_C,3,NLS-N2,GP,main,0.018073558807373047,0.0016012690431295082,0.019305019305019305,0.0018407111430367245,0.019305019305019305
True,0.09189083155953544,0.0010000000000000198,0.08230797108100545,0.008074178420814565,0.0008885827852031401,0.0010557113986667873,0.011627906976744186,0.001167280237047679,0.019305019305019305,1.2702702702702702,2.386175211756607,fing_x_face,8,0.001,li_V>face_G>face_C,3,DE-N2,GP,main,0.018624544143676758,0.001421687468199096,0.015444015444015444,0.0017060249618389154,0.015444015444015444
True,0.16433314506231272,0.0010000000000000037,0.14794604011252258,0.08388569559912964,0.0007573168907532282,0.001100956172895364,0.08139534883720931,0.0018107808805483223,0.11196911196911197,1.1235521235521235,1.0611475262638053,fing_x_face,8,0.001,li_V>face_G>face_C,3,MAXMONO-K3,GP,main,0.028018951416015625,0.002229804555385951,0.10810810810810811,0.002334560474095358,0.10810810810810811
True,,,,,,0.0009953850330286851,0.03488372093023256,0.0011523151058034779,0.02702702702702703,1.4131274131274132,2.5635419472628773,fing_x_face,8,0.001,li_V>face_G>face_C,3,S1-Marcialis,rule,main,0.003490447998046875,,,,
True,,,,,,0.0009953850330286851,0.03488372093023256,0.0011523151058034779,0.02702702702702703,1.4131274131274132,2.5635419472628773,fing_x_face,8,0.001,li_V>face_G>face_C,3,S2-Symmetric,rule,main,0.03955650329589844,,,,
False,,,,,,,,,,,,fing_x_face,8,0.001,li_V>face_G>face_C,3,S4-Direct,rule,main,4.76837158203125e-06,,,,
False,,,,,,,,,,,,fing_x_face,8,0.001,li_V>face_G>ri_V,3,HYP,GP,main,0.01971435546875,,,,
True,0.0821745370390569,0.0010000000000102774,0.07488039765075248,0.004807578088861498,0.0009330497234482212,0.0010406298072572619,0.003875968992248062,0.001167280237047679,0.019305019305019305,1.2625482625482625,2.5619107479572594,fing_x_face,8,0.001,li_V>face_G>ri_V,3,MONO,GP,main,0.015872716903686523,0.001466582861931699,0.019305019305019305,0.0014815479931759002,0.019305019305019305
True,0.07301462032918211,0.0010000000000003838,0.06726707546820324,0.0084561620244013,0.0009080843118112446,0.001131119355714415,0.003875968992248062,0.0010176289246056687,0.023166023166023165,1.2586872586872586,1.989958396935141,fing_x_face,8,0.001,li_V>face_G>ri_V,3,MONO-rel,GP,main,0.01509857177734375,0.0013169315494896891,0.019305019305019305,0.0014366525994432972,0.019305019305019305
True,0.08839608865698423,0.001000000000008471,0.08084037744919426,0.004984886026806865,0.0007626583940668315,0.0008747323017524809,0.007751937984496124,0.0008679776121636587,0.019305019305019305,1.2702702702702702,2.5624494926820507,fing_x_face,8,0.001,li_V>face_G>ri_V,3,LR-P1-N2,GP,main,0.017110347747802734,0.0010774894495824729,0.015444015444015444,0.0011972104995360809,0.019305019305019305
True,0.07241671775894755,0.0010000000000007817,0.06677732146693913,0.007887961414066034,0.0009149771841849563,0.001131119355714415,0.003875968992248062,0.0010176289246056687,0.023166023166023165,1.2586872586872586,1.9936996797461914,fing_x_face,8,0.001,li_V>face_G>ri_V,3,LR-P1-N2-rel,GP,main,0.014456748962402344,0.00133189668073389,0.019305019305019305,0.0014366525994432972,0.019305019305019305
True,0.08715225163177014,0.001000000000000844,0.07787215063058753,0.005136864259331463,0.0008691603467806247,0.0009652218502096341,0.007751937984496124,0.001167280237047679,0.019305019305019305,1.2625482625482625,2.5619107479572594,fing_x_face,8,0.001,li_V>face_G>ri_V,3,LR-P2-N2,GP,main,0.016203880310058594,0.0014067223369548952,0.019305019305019305,0.0014516177306874982,0.019305019305019305
True,0.0774501654717131,0.0010000000000001308,0.07164593461885418,0.04149669560891214,0.0007170835312086714,0.0009501402588001085,0.03875968992248062,0.0011074197120708748,0.0694980694980695,1.1776061776061777,1.4413067552602437,fing_x_face,8,0.001,li_V>face_G>ri_V,3,LR-P2-N2-rel,GP,main,0.015655994415283203,0.0013618269432222922,0.05791505791505792,0.0014067223369548952,0.05791505791505792
True,0.08839669447295637,0.001000000000000511,0.08083688014369178,0.004984886026806865,0.0007626583940668315,0.0008747323017524809,0.007751937984496124,0.0008679776121636587,0.019305019305019305,1.2702702702702702,2.5624494926820507,fing_x_face,8,0.001,li_V>face_G>ri_V,3,LR-P1-N3,GP,main,0.017148256301879883,0.0010774894495824729,0.015444015444015444,0.0011972104995360809,0.019305019305019305
True,0.07823448278037111,0.0010000000000000748,0.07166557375972189,0.004641100783578805,0.0008174225060855015,0.000935058667390583,0.007751937984496124,0.0010325940558498698,0.019305019305019305,1.2702702702702702,2.5624494926820507,fing_x_face,8,0.001,li_V>face_G>ri_V,3,NLS-N2,GP,main,0.016326189041137695,0.001242105893268684,0.015444015444015444,0.0014067223369548952,0.019305019305019305
True,0.08729627618409294,0.0010000000000009125,0.07985640996569753,0.004984886026806865,0.0007626583940668315,0.0008747323017524809,0.007751937984496124,0.0008679776121636587,0.019305019305019305,1.2702702702702702,2.5624494926820507,fing_x_face,8,0.001,li_V>face_G>ri_V,3,DE-N2,GP,main,0.04196310043334961,0.0010774894495824729,0.015444015444015444,0.0011972104995360809,0.019305019305019305
True,0.16153405995879813,0.0010000000000001256,0.14504242758057329,0.08264890722410186,0.0007687108086171715,0.0011160377643048894,0.08527131782945736,0.0014067223369548952,0.10810810810810811,1.1235521235521235,1.0737631319026668,fing_x_face,8,0.001,li_V>face_G>ri_V,3,MAXMONO-K3,GP,main,0.026883602142333984,0.0017658854868157193,0.10424710424710425,0.0017958157493041214,0.10424710424710425
True,,,,,,0.0008144059361143788,0.027131782945736434,0.0007332914309658496,0.02702702702702703,1.4131274131274132,2.5635419472628773,fing_x_face,8,0.001,li_V>face_G>ri_V,3,S1-Marcialis,rule,main,0.0032150745391845703,,,,
True,,,,,,0.0008144059361143788,0.027131782945736434,0.0007332914309658496,0.02702702702702703,1.4131274131274132,2.5635419472628773,fing_x_face,8,0.001,li_V>face_G>ri_V,3,S2-Symmetric,rule,main,0.039102792739868164,,,,
False,,,,,,,,,,,,fing_x_face,8,0.001,li_V>face_G>ri_V,3,S4-Direct,rule,main,4.5299530029296875e-06,,,,
False,,,,,,,,,,,,fing_x_face,8,0.001,li_V>ri_V>face_C,3,HYP,GP,main,0.011680126190185547,,,,
True,0.07489720165865178,0.0010000000000009266,0.07039058833058824,0.00355722230840145,0.0007513639165625434,0.0008898138931620064,0.011627906976744186,0.001137349974559277,0.023166023166023165,1.277992277992278,2.282990631827841,fing_x_face,8,0.001,li_V>ri_V>face_C,3,MONO,GP,main,0.018735170364379883,0.0015114782556643021,0.015444015444015444,0.0016162341743737093,0.019305019305019305
True,0.06562375380650115,0.001000000000000177,0.06178913520614411,0.0052331753691382404,0.0008084771966092056,0.0008445691189334298,0.023255813953488372,0.001466582861931699,0.03474903474903475,1.2664092664092663,1.960551914040286,fing_x_face,8,0.001,li_V>ri_V>face_C,3,MONO-rel,GP,main,0.017033100128173828,0.0019005716680135284,0.03088803088803089,0.0018706414055251264,0.03474903474903475
True,0.08214984436195162,0.0010000000000000057,0.07721519634294284,0.003690916569656807,0.000799753808702191,0.000935058667390583,0.011627906976744186,0.00118224536829188,0.019305019305019305,1.281853281853282,2.4259076352099607,fing_x_face,8,0.001,li_V>ri_V>face_C,3,LR-P1-N2,GP,main,0.019239425659179688,0.0015414085181527043,0.019305019305019305,0.0016760946993505132,0.015444015444015444
True,0.06481112390400322,0.0010000000000000057,0.061030996698564786,0.005288085512153833,0.0007968963997908889,0.0008294875275239043,0.023255813953488372,0.0014516177306874982,0.03474903474903475,1.2664092664092663,1.960551914040286,fing_x_face,8,0.001,li_V>ri_V>face_C,3,LR-P1-N2-rel,GP,main,0.016614675521850586,0.0018706414055251264,0.03088803088803089,0.0018257460117925234,0.03474903474903475
True,0.0764556791740149,0.0010000000003309462,0.07155620105441424,0.0035309609356548623,0.0007674643167741775,0.0007993243447048532,0.007751937984496124,0.0011523151058034779,0.019305019305019305,1.2857142857142858,2.6715452994522764,fing_x_face,8,0.001,li_V>ri_V>face_C,3,LR-P2-N2,GP,main,0.02211618423461914,0.00133189668073389,0.011583011583011582,0.001421687468199096,0.019305019305019305
True,0.0637303654225565,0.0010000000000006334,0.05949109885736455,0.006593991956915977,0.0007486015618073317,0.0008747323017524809,0.027131782945736434,0.0013618269432222922,0.03861003861003861,1.2586872586872586,1.9086378737541527,fing_x_face,8,0.001,li_V>ri_V>face_C,3,LR-P2-N2-rel,GP,main,0.017180919647216797,0.0016611295681063123,0.03861003861003861,0.0018856065367693275,0.04247104247104247
True,0.08205005942347558,0.001000000000000058,0.0771693335211974,0.003690916569656807,0.0007831889349366958,0.0009199770759810575,0.011627906976744186,0.001167280237047679,0.019305019305019305,1.281853281853282,2.4259076352099607,fing_x_face,8,0.001,li_V>ri_V>face_C,3,LR-P1-N3,GP,main,0.019565343856811523,0.0015414085181527043,0.019305019305019305,0.0016611295681063123,0.015444015444015444
True,0.07162939571465715,0.0010000000000004363,0.06735936695432594,0.019524136938326882,0.0006535135460217884,0.0007540795704762766,0.031007751937984496,0.0011074197120708748,0.03861003861003861,1.247104247104247,1.9535183023555116,fing_x_face,8,0.001,li_V>ri_V>face_C,3,NLS-N2,GP,main,0.02655816078186035,0.001466582861931699,0.03088803088803089,0.0015114782556643021,0.03474903474903475
True,0.08098123397711206,0.0010000000000001175,0.07615139514667046,0.003690916569656807,0.0007831889349366958,0.0009199770759810575,0.011627906976744186,0.001167280237047679,0.019305019305019305,1.281853281853282,2.4259076352099607,fing_x_face,8,0.001,li_V>ri_V>face_C,3,DE-N2,GP,main,0.0202486515045166,0.0015414085181527043,0.019305019305019305,0.0016611295681063123,0.015444015444015444
True,0.12306609055053218,0.0010000000000000401,0.11446392815875293,0.04671496430083724,0.0008364788283414202,0.0014930775495430278,0.05426356589147287,0.0019903624554787345,0.09652509652509653,1.1428571428571428,1.213447666936039,fing_x_face,8,0.001,li_V>ri_V>face_C,3,MAXMONO-K3,GP,main,0.02884078025817871,0.0026787584927119813,0.09652509652509653,0.0028134446739097904,0.09266409266409266
True,,,,,,0.0009953850330286851,0.023255813953488372,0.00118224536829188,0.023166023166023165,1.444015444015444,2.672922091526743,fing_x_face,8,0.001,li_V>ri_V>face_C,3,S1-Marcialis,rule,main,0.003220796585083008,,,,
True,,,,,,0.0009953850330286851,0.023255813953488372,0.00118224536829188,0.023166023166023165,1.444015444015444,2.672922091526743,fing_x_face,8,0.001,li_V>ri_V>face_C,3,S2-Symmetric,rule,main,0.01732921600341797,,,,
False,,,,,,,,,,,,fing_x_face,8,0.001,li_V>ri_V>face_C,3,S4-Direct,rule,main,3.337860107421875e-06,,,,
False,,,,,,,,,,,,fing_x_face,8,0.001,li_V>ri_V>face_G,3,HYP,GP,main,0.033087968826293945,,,,
True,0.07657961005964138,0.0010000000000004834,0.07119713853294178,0.00563425815290431,0.0007361909209975111,0.0008144059361143788,0.01937984496124031,0.0008829427434078596,0.03088803088803089,1.277992277992278,2.161234324025022,fing_x_face,8,0.001,li_V>ri_V>face_G,3,MONO,GP,main,0.021012306213378906,0.001167280237047679,0.02702702702702703,0.001227140762024483,0.03088803088803089
True,0.06837094958348153,0.001000000000000979,0.06354204854565589,0.0072624632631927595,0.0007753439785411501,0.0011914457213525172,0.027131782945736434,0.0010026637933614679,0.03861003861003861,1.2586872586872586,1.9086378737541527,fing_x_face,8,0.001,li_V>ri_V>face_G,3,MONO-rel,GP,main,0.017609596252441406,0.001257071024512885,0.03474903474903475,0.0014067223369548952,0.03861003861003861
True,0.08373555264875855,0.0010000000000003476,0.07790841806189469,0.020532433901696984,0.0006674102423570049,0.0008144059361143788,0.031007751937984496,0.0008829427434078596,0.04247104247104247,1.247104247104247,1.9535183023555116,fing_x_face,8,0.001,li_V>ri_V>face_G,3,LR-P1-N2,GP,main,0.021671772003173828,0.0011523151058034779,0.03474903474903475,0.00118224536829188,0.04247104247104247
True,0.06762846716337252,0.0010000000000004274,0.06285402285315814,0.0072624632631927595,0.0007767514741587173,0.0012065273127620426,0.027131782945736434,0.0010176289246056687,0.03861003861003861,1.2586872586872586,1.9086378737541527,fing_x_face,8,0.001,li_V>ri_V>face_G,3,LR-P1-N2-rel,GP,main,0.01772618293762207,0.001257071024512885,0.03474903474903475,0.0014067223369548952,0.03861003861003861
True,0.07773764809755337,0.0010000000000016283,0.07217404850073895,0.005023084387165538,0.0007891073576047896,0.000904895484571532,0.011627906976744186,0.001092454580826674,0.02702702702702703,1.281853281853282,2.4257280536350305,fing_x_face,8,0.001,li_V>ri_V>face_G,3,LR-P2-N2,GP,main,0.02943706512451172,0.0013618269432222922,0.023166023166023165,0.0014815479931759002,0.023166023166023165
True,0.0690420635543733,0.0010000000000002578,0.0634474102736743,0.007978682519917882,0.0007263957155373282,0.001100956172895364,0.027131782945736434,0.0010325940558498698,0.05019305019305019,1.247104247104247,1.8831821855077668,fing_x_face,8,0.001,li_V>ri_V>face_G,3,LR-P2-N2-rel,GP,main,0.01918816566467285,0.001272036155757086,0.04247104247104247,0.0014366525994432972,0.04633204633204633
True,0.08364609135665521,0.0010000000000072167,0.07787026366929259,0.005572185817321466,0.0007535690572992647,0.0008596507103429554,0.01937984496124031,0.0008979078746520607,0.03088803088803089,1.277992277992278,2.161234324025022,fing_x_face,8,0.001,li_V>ri_V>face_G,3,LR-P1-N3,GP,main,0.025927066802978516,0.00118224536829188,0.02702702702702703,0.001227140762024483,0.03088803088803089
True,0.07349769005873456,0.0010000000000005083,0.06832081121023437,0.006173809992970571,0.0007550347808177266,0.0009199770759810575,0.023255813953488372,0.0009577683996288647,0.03474903474903475,1.274131274131274,2.0713387806411063,fing_x_face,8,0.001,li_V>ri_V>face_G,3,NLS-N2,GP,main,0.023706912994384766,0.0011523151058034779,0.02702702702702703,0.001227140762024483,0.03088803088803089
True,0.0825885592757118,0.0010000000000007952,0.07686774342709203,0.005572185817321466,0.0007579135913746951,0.0008596507103429554,0.01937984496124031,0.0009128730058962617,0.03088803088803089,1.277992277992278,2.161234324025022,fing_x_face,8,0.001,li_V>ri_V>face_G,3,DE-N2,GP,main,0.02453470230102539,0.00118224536829188,0.02702702702702703,0.001227140762024483,0.03088803088803089
True,0.13005240188250128,0.0010000000000007152,0.11975869964280852,0.06837413337469937,0.0007815924253650817,0.001100956172895364,0.07364341085271318,0.0016461644368621112,0.10810810810810811,1.1235521235521235,1.120005387447248,fing_x_face,8,0.001,li_V>ri_V>face_G,3,MAXMONO-K3,GP,main,0.03301239013671875,0.0021699440304091466,0.10424710424710425,0.002095118374188142,0.10038610038610038
True,,,,,,0.0009953850330286851,0.023255813953488372,0.0002993026248840202,0.03474903474903475,1.444015444015444,2.672922091526743,fing_x_face,8,0.001,li_V>ri_V>face_G,3,S1-Marcialis,rule,main,0.0034716129302978516,,,,
True,,,,,,0.0009953850330286851,0.023255813953488372,0.0002993026248840202,0.03474903474903475,1.444015444015444,2.672922091526743,fing_x_face,8,0.001,li_V>ri_V>face_G,3,S2-Symmetric,rule,main,0.020803451538085938,,,,
False,,,,,,,,,,,,fing_x_face,8,0.001,li_V>ri_V>face_G,3,S4-Direct,rule,main,1.5735626220703125e-05,,,,
False,,,,,,,,,,,,fing_x_face,8,0.001,ri_V>face_C>face_G,3,HYP,GP,main,0.08408975601196289,,,,
True,0.042609292974636226,0.0010000000000006965,0.03870488685254199,0.005839108506169268,0.0009041436608625239,0.0014629143667239768,0.007751937984496124,0.0010774894495824729,0.015444015444015444,1.1235521235521235,2.220660860195744,fing_x_face,8,0.001,ri_V>face_C>face_G,3,MONO,GP,main,0.021098613739013672,0.0011523151058034779,0.011583011583011582,0.00133189668073389,0.015444015444015444
True,0.03545626161250497,0.0010000000000008173,0.03279781272936822,0.009907583259615157,0.0008735714092267953,0.0028956655506289022,0.007751937984496124,0.0019005716680135284,0.019305019305019305,1.1158301158301158,1.6911645865134237,fing_x_face,8,0.001,ri_V>face_C>face_G,3,MONO-rel,GP,main,0.017766952514648438,0.002289665080362755,0.019305019305019305,0.002559037442758373,0.011583011583011582
True,0.044514867775501996,0.0010000000000003164,0.04037322754345331,0.005839108506169268,0.0009134377733995723,0.0014930775495430278,0.007751937984496124,0.001092454580826674,0.015444015444015444,1.1235521235521235,2.217862380653078,fing_x_face,8,0.001,ri_V>face_C>face_G,3,LR-P1-N2,GP,main,0.020313024520874023,0.0011523151058034779,0.011583011583011582,0.001346861811978091,0.015444015444015444
True,0.03521654812709241,0.0010000000000000074,0.03255655054657639,0.009962085798175703,0.0008433267796615556,0.002910747142038428,0.007751937984496124,0.0018706414055251264,0.019305019305019305,1.1158301158301158,1.68954835233905,fing_x_face,8,0.001,ri_V>face_C>face_G,3,LR-P1-N2-rel,GP,main,0.019794225692749023,0.0022597348178743527,0.019305019305019305,0.002499176917781569,0.011583011583011582
True,0.04742352098159583,0.0010000000000006007,0.04153235118638166,0.006433395801627529,0.0008367305996626371,0.0009803034416191597,0.011627906976744186,0.0008380473496752566,0.015444015444015444,1.1235521235521235,2.5182574601179253,fing_x_face,8,0.001,ri_V>face_C>face_G,3,LR-P2-N2,GP,main,0.0317385196685791,0.0009428032683846638,0.011583011583011582,0.001092454580826674,0.015444015444015444
True,0.04060019206338518,0.0010000000000009647,0.03778193280370279,0.0229039930795751,0.0007134561781403484,0.002216993937200253,0.01937984496124031,0.0015863039118853071,0.03474903474903475,1.0965250965250966,1.259300829068271,fing_x_face,8,0.001,ri_V>face_C>face_G,3,LR-P2-N2-rel,GP,main,0.024749755859375,0.0019753973242345336,0.03088803088803089,0.0021699440304091466,0.03088803088803089
True,0.043949695073344994,0.0010000000000003405,0.0398609162244074,0.005839108506169268,0.0009150799597500419,0.0015081591409525533,0.007751937984496124,0.001092454580826674,0.015444015444015444,1.1235521235521235,2.2192840681212775,fing_x_face,8,0.001,ri_V>face_C>face_G,3,LR-P1-N3,GP,main,0.02461075782775879,0.0011523151058034779,0.011583011583011582,0.001346861811978091,0.015444015444015444
True,0.04061311785785315,0.0010000000000000126,0.037008758215343746,0.005222810570138479,0.0009073142974310357,0.001839954151962115,0.003875968992248062,0.001272036155757086,0.015444015444015444,1.1235521235521235,2.125347939301428,fing_x_face,8,0.001,ri_V>face_C>face_G,3,NLS-N2,GP,main,0.019873857498168945,0.001257071024512885,0.011583011583011582,0.0016012690431295082,0.015444015444015444
True,0.043874236370369996,0.0010000000000002231,0.0397974132540249,0.005839108506169268,0.0009171186100479388,0.0015081591409525533,0.007751937984496124,0.001092454580826674,0.015444015444015444,1.1235521235521235,2.217533147765706,fing_x_face,8,0.001,ri_V>face_C>face_G,3,DE-N2,GP,main,0.030386686325073242,0.0011523151058034779,0.011583011583011582,0.001346861811978091,0.015444015444015444
True,0.08758818719189462,0.0010000000000002685,0.08063674741718155,0.04340707946050872,0.0006833813536885822,0.0010858745814858383,0.04263565891472868,0.0009428032683846638,0.0694980694980695,1.05019305019305,1.0435036365268924,fing_x_face,8,0.001,ri_V>face_C>face_G,3,MAXMONO-K3,GP,main,0.02575397491455078,0.001122384843315076,0.06563706563706563,0.001421687468199096,0.06563706563706563
True,,,,,,0.0009953850330286851,0.04263565891472868,0.0003741282811050253,0.04633204633204633,1.277992277992278,2.5328783933435095,fing_x_face,8,0.001,ri_V>face_C>face_G,3,S1-Marcialis,rule,main,0.0041065216064453125,,,,
True,,,,,,0.0009953850330286851,0.04263565891472868,0.0003741282811050253,0.04633204633204633,1.277992277992278,2.5328783933435095,fing_x_face,8,0.001,ri_V>face_C>face_G,3,S2-Symmetric,rule,main,0.03882312774658203,,,,
False,,,,,,,,,,,,fing_x_face,8,0.001,ri_V>face_C>face_G,3,S4-Direct,rule,main,5.245208740234375e-06,,,,
False,,,,,,,,,,,,fing_x_face,8,0.001,ri_V>face_C>li_V,3,HYP,GP,main,0.03864789009094238,,,,
True,0.04022054964897151,0.001000000000000138,0.03720260314369817,0.00328744638836832,0.0008341389638589364,0.0009199770759810575,0.007751937984496124,0.001137349974559277,0.019305019305019305,1.1235521235521235,2.531875729550148,fing_x_face,8,0.001,ri_V>face_C>li_V,3,MONO,GP,main,0.022512435913085938,0.001287001287001287,0.015444015444015444,0.001421687468199096,0.019305019305019305
True,0.032444172467550006,0.0010000000000001859,0.030317968489682136,0.00755489034508492,0.0008366589371947376,0.000935058667390583,0.007751937984496124,0.0011972104995360809,0.019305019305019305,1.1235521235521235,2.0313818802190897,fing_x_face,8,0.001,ri_V>face_C>li_V,3,MONO-rel,GP,main,0.020277738571166992,0.0014067223369548952,0.019305019305019305,0.0015264433869085032,0.019305019305019305
True,0.04200889262048086,0.0010000000000000998,0.038839747007665806,0.00328744638836832,0.0008341389638589364,0.0009199770759810575,0.007751937984496124,0.001137349974559277,0.019305019305019305,1.1235521235521235,2.531875729550148,fing_x_face,8,0.001,ri_V>face_C>li_V,3,LR-P1-N2,GP,main,0.022857666015625,0.001287001287001287,0.015444015444015444,0.001421687468199096,0.019305019305019305
True,0.032492217637291564,0.0010000000000001024,0.030311582981442577,0.007609392883645465,0.0008067527071539219,0.0008747323017524809,0.007751937984496124,0.001122384843315076,0.019305019305019305,1.1235521235521235,2.008784532040346,fing_x_face,8,0.001,ri_V>face_C>li_V,3,LR-P1-N2-rel,GP,main,0.019910335540771484,0.00133189668073389,0.019305019305019305,0.001421687468199096,0.019305019305019305
True,0.0444473003874956,0.001000000000000233,0.03983495743998827,0.003803124253210409,0.0007343745305518834,0.0008144059361143788,0.011627906976744186,0.0010625243183382718,0.019305019305019305,1.1235521235521235,2.531950555206369,fing_x_face,8,0.001,ri_V>face_C>li_V,3,LR-P2-N2,GP,main,0.02434253692626953,0.0011972104995360809,0.015444015444015444,0.001287001287001287,0.019305019305019305
True,0.03907602812944333,0.0010000000000009346,0.03646926976674571,0.014453653975960188,0.000824498596171706,0.001100956172895364,0.015503875968992248,0.0014815479931759002,0.03474903474903475,1.1003861003861004,1.4016192272006225,fing_x_face,8,0.001,ri_V>face_C>li_V,3,LR-P2-N2-rel,GP,main,0.02519965171813965,0.0020053275867229358,0.03088803088803089,0.0020801532429439405,0.03474903474903475
True,0.04144464548083712,0.0010000000000001282,0.038317628621285675,0.00328744638836832,0.0008341389638589364,0.0009199770759810575,0.007751937984496124,0.001137349974559277,0.019305019305019305,1.1235521235521235,2.531875729550148,fing_x_face,8,0.001,ri_V>face_C>li_V,3,LR-P1-N3,GP,main,0.028534889221191406,0.001287001287001287,0.015444015444015444,0.001421687468199096,0.019305019305019305
True,0.03810607735879516,0.0010000000000006167,0.03536584645039824,0.00328744638836832,0.0008483910257599289,0.000935058667390583,0.007751937984496124,0.001137349974559277,0.019305019305019305,1.1235521235521235,2.531875729550148,fing_x_face,8,0.001,ri_V>face_C>li_V,3,NLS-N2,GP,main,0.025881052017211914,0.001301966418245488,0.015444015444015444,0.0014516177306874982,0.019305019305019305
True,0.041399498217508594,0.0010000000000000917,0.038273009805800125,0.00328744638836832,0.0008341389638589364,0.0009199770759810575,0.007751937984496124,0.001137349974559277,0.019305019305019305,1.1235521235521235,2.531875729550148,fing_x_face,8,0.001,ri_V>face_C>li_V,3,DE-N2,GP,main,0.047426700592041016,0.001287001287001287,0.015444015444015444,0.001421687468199096,0.019305019305019305
True,0.08825788680182721,0.0010000000000008902,0.08124123572414042,0.043612046272189404,0.0006411021897799877,0.0010104666244382108,0.04263565891472868,0.001272036155757086,0.0694980694980695,1.05019305019305,1.0400017958157493,fing_x_face,8,0.001,ri_V>face_C>li_V,3,MAXMONO-K3,GP,main,0.08995723724365234,0.0015863039118853071,0.0694980694980695,0.0017209900930831162,0.0694980694980695
True,,,,,,0.0007389979790667511,0.011627906976744186,0.0011972104995360809,0.02702702702702703,1.277992277992278,2.5328783933435095,fing_x_face,8,0.001,ri_V>face_C>li_V,3,S1-Marcialis,rule,main,0.0054683685302734375,,,,
True,,,,,,0.0007389979790667511,0.011627906976744186,0.0011972104995360809,0.02702702702702703,1.277992277992278,2.5328783933435095,fing_x_face,8,0.001,ri_V>face_C>li_V,3,S2-Symmetric,rule,main,0.05117321014404297,,,,
False,,,,,,,,,,,,fing_x_face,8,0.001,ri_V>face_C>li_V,3,S4-Direct,rule,main,6.67572021484375e-06,,,,
False,,,,,,,,,,,,fing_x_face,8,0.001,ri_V>face_G>face_C,3,HYP,GP,main,0.13534975051879883,,,,
True,0.046181599189514956,0.0010000000000002587,0.0411050165378974,0.0067415447696429235,0.0008608934002401994,0.0012216089041715682,0.011627906976744186,0.0010625243183382718,0.011583011583011582,1.1312741312741312,2.3483583251025113,fing_x_face,8,0.001,ri_V>face_G>face_C,3,MONO,GP,main,0.04739236831665039,0.001227140762024483,0.011583011583011582,0.0014815479931759002,0.015444015444015444
True,0.039069753114411444,0.0010000000000007783,0.03620177466471289,0.010111967779217204,0.0008675414327618585,0.0022773203028383553,0.007751937984496124,0.002274699949118554,0.03088803088803089,1.1081081081081081,1.544596091107719,fing_x_face,8,0.001,ri_V>face_G>face_C,3,MONO-rel,GP,main,0.043863773345947266,0.00266379336146778,0.023166023166023165,0.0028733051988865943,0.02702702702702703
True,0.04748141590254548,0.0010000000000004888,0.04235080271028436,0.006128391210836782,0.0008856414366446012,0.0011612825385334661,0.007751937984496124,0.001047559187094071,0.011583011583011582,1.1312741312741312,2.3967256292837686,fing_x_face,8,0.001,ri_V>face_G>face_C,3,LR-P1-N2,GP,main,0.04576683044433594,0.001242105893268684,0.007722007722007722,0.001466582861931699,0.011583011583011582
True,0.038797360290259986,0.0010000000000006868,0.03595050234586225,0.010111967779217204,0.0008611394424659364,0.002232075528609779,0.007751937984496124,0.002274699949118554,0.03088803088803089,1.1081081081081081,1.5439376253329742,fing_x_face,8,0.001,ri_V>face_G>face_C,3,LR-P1-N2-rel,GP,main,0.04470229148864746,0.002603932836490976,0.023166023166023165,0.0028583400676423934,0.02702702702702703
True,0.05006001448668541,0.0010000000000000811,0.04329453466747692,0.006622058435106343,0.0008050225139603711,0.0008445691189334298,0.015503875968992248,0.0007931519559426536,0.015444015444015444,1.1312741312741312,2.7231750022447696,fing_x_face,8,0.001,ri_V>face_G>face_C,3,LR-P2-N2,GP,main,0.053735971450805664,0.0008380473496752566,0.011583011583011582,0.0009876986621172668,0.015444015444015444
True,0.04512668429086422,0.0010000000000003804,0.04211813058677329,0.023672618623377675,0.0008529693544516439,0.0019606068832383194,0.023255813953488372,0.0020202927179671366,0.03474903474903475,1.1003861003861004,1.2771841609050911,fing_x_face,8,0.001,ri_V>face_G>face_C,3,LR-P2-N2-rel,GP,main,0.04004335403442383,0.002529107180269971,0.03474903474903475,0.00266379336146778,0.03088803088803089
True,0.04692051203916892,0.0010000000000001264,0.041857323734541936,0.006128391210836782,0.0008874526146776407,0.0011612825385334661,0.007751937984496124,0.001047559187094071,0.011583011583011582,1.1312741312741312,2.3997635509263415,fing_x_face,8,0.001,ri_V>face_G>face_C,3,LR-P1-N3,GP,main,0.05678391456604004,0.001242105893268684,0.007722007722007722,0.001466582861931699,0.011583011583011582
True,0.04404205624749999,0.0010000000000006202,0.03948353734192886,0.006650357830128165,0.0008729059998439539,0.0014478327753144511,0.007751937984496124,0.001212175630780282,0.015444015444015444,1.1274131274131274,2.222381850288827,fing_x_face,8,0.001,ri_V>face_G>face_C,3,NLS-N2,GP,main,0.046460866928100586,0.001376792074466493,0.011583011583011582,0.0016311993056179102,0.015444015444015444
True,0.04681151703361725,0.0010000000000001574,0.041777581249686876,0.006128391210836782,0.0008871255964216752,0.0011612825385334661,0.007751937984496124,0.001047559187094071,0.011583011583011582,1.1312741312741312,2.399269701595283,fing_x_face,8,0.001,ri_V>face_G>face_C,3,DE-N2,GP,main,0.03502345085144043,0.001242105893268684,0.007722007722007722,0.001466582861931699,0.011583011583011582
True,0.10517009255949422,0.0010000000000000508,0.09501788748970166,0.04437449951995841,0.0008425163907497922,0.001613730280819232,0.04263565891472868,0.001212175630780282,0.0694980694980695,1.054054054054054,1.035961210379815,fing_x_face,8,0.001,ri_V>face_G>face_C,3,MAXMONO-K3,GP,main,0.04342985153198242,0.0014965131244201013,0.06563706563706563,0.0014965131244201013,0.06563706563706563
True,,,,,,0.0009953850330286851,0.031007751937984496,0.0008829427434078596,0.03088803088803089,1.277992277992278,2.7240579449881777,fing_x_face,8,0.001,ri_V>face_G>face_C,3,S1-Marcialis,rule,main,0.0040624141693115234,,,,
True,,,,,,0.0009953850330286851,0.031007751937984496,0.0008829427434078596,0.03088803088803089,1.277992277992278,2.7240579449881777,fing_x_face,8,0.001,ri_V>face_G>face_C,3,S2-Symmetric,rule,main,0.0557711124420166,,,,
False,,,,,,,,,,,,fing_x_face,8,0.001,ri_V>face_G>face_C,3,S4-Direct,rule,main,5.9604644775390625e-06,,,,
False,,,,,,,,,,,,fing_x_face,8,0.001,ri_V>face_G>li_V,3,HYP,GP,main,0.044533729553222656,,,,
True,0.04524793979157135,0.001000000000000828,0.04043273082467318,0.005119046121725131,0.0007520986620227083,0.0007691611618858022,0.007751937984496124,0.0009128730058962617,0.023166023166023165,1.1312741312741312,2.7231750022447696,fing_x_face,8,0.001,ri_V>face_G>li_V,3,MONO,GP,main,0.02795577049255371,0.0010774894495824729,0.023166023166023165,0.001167280237047679,0.023166023166023165
True,0.03939418760901895,0.001000000000000002,0.036489539723317456,0.008545019795601506,0.0008796575738234822,0.0010104666244382108,0.003875968992248062,0.0009876986621172668,0.03861003861003861,1.111969111969112,1.6905360510011673,fing_x_face,8,0.001,ri_V>face_G>li_V,3,MONO-rel,GP,main,0.029233694076538086,0.001301966418245488,0.03088803088803089,0.0013169315494896891,0.03474903474903475
True,0.046288357646914156,0.0010000000000010775,0.041530600740561675,0.005049869822782899,0.000780605795854663,0.0007993243447048532,0.007751937984496124,0.0009128730058962617,0.023166023166023165,1.1312741312741312,2.7231750022447696,fing_x_face,8,0.001,ri_V>face_G>li_V,3,LR-P1-N2,GP,main,0.023981571197509766,0.0010774894495824729,0.023166023166023165,0.001167280237047679,0.023166023166023165
True,0.03949771002008596,0.0010000000000000438,0.03654299057322971,0.01593780002599352,0.0007142404950272162,0.0008445691189334298,0.011627906976744186,0.0008230822184310556,0.04247104247104247,1.1042471042471043,1.4720301697045883,fing_x_face,8,0.001,ri_V>face_G>li_V,3,LR-P1-N2-rel,GP,main,0.01909017562866211,0.0010625243183382718,0.03861003861003861,0.0011074197120708748,0.04247104247104247
True,0.048192049380810544,0.0010000000000009418,0.04219532616675918,0.005395751317494057,0.0006950843943586942,0.0007088347962477,0.011627906976744186,0.0009128730058962617,0.023166023166023165,1.1312741312741312,2.7231750022447696,fing_x_face,8,0.001,ri_V>face_G>li_V,3,LR-P2-N2,GP,main,0.018526077270507812,0.0010176289246056687,0.023166023166023165,0.001122384843315076,0.02702702702702703
True,0.048362934631832444,0.0010000000000007481,0.04478019371165021,0.026909580288528055,0.0007642652294426637,0.0009953850330286851,0.023255813953488372,0.0010774894495824729,0.05019305019305019,1.0965250965250966,1.2093322558438837,fing_x_face,8,0.001,ri_V>face_G>li_V,3,LR-P2-N2-rel,GP,main,0.0169680118560791,0.0013169315494896891,0.05019305019305019,0.0014516177306874982,0.04633204633204633
True,0.04572935935066751,0.0010000000000006744,0.04103329300099473,0.005049869822782899,0.000780605795854663,0.0007993243447048532,0.007751937984496124,0.0009128730058962617,0.023166023166023165,1.1312741312741312,2.7231750022447696,fing_x_face,8,0.001,ri_V>face_G>li_V,3,LR-P1-N3,GP,main,0.027198076248168945,0.0010774894495824729,0.023166023166023165,0.001167280237047679,0.023166023166023165
True,0.0432056964043229,0.001000000000000438,0.038864407453083304,0.005049869822782899,0.000780605795854663,0.0007993243447048532,0.007751937984496124,0.0009128730058962617,0.023166023166023165,1.1312741312741312,2.7231750022447696,fing_x_face,8,0.001,ri_V>face_G>li_V,3,NLS-N2,GP,main,0.02588486671447754,0.0010774894495824729,0.023166023166023165,0.001167280237047679,0.023166023166023165
True,0.04567050019248446,0.0010000000000005961,0.040986602803658116,0.005049869822782899,0.000780605795854663,0.0007993243447048532,0.007751937984496124,0.0009128730058962617,0.023166023166023165,1.1312741312741312,2.7231750022447696,fing_x_face,8,0.001,ri_V>face_G>li_V,3,DE-N2,GP,main,0.027305126190185547,0.0010774894495824729,0.023166023166023165,0.001167280237047679,0.023166023166023165
True,0.10966669376309238,0.0010000000000005794,0.09655326836106265,0.04425303339235446,0.0008429261865794082,0.0012366904955810937,0.04263565891472868,0.001137349974559277,0.07335907335907337,1.05019305019305,1.0388195504474573,fing_x_face,8,0.001,ri_V>face_G>li_V,3,MAXMONO-K3,GP,main,0.04340839385986328,0.0014366525994432972,0.0694980694980695,0.0015414085181527043,0.0694980694980695
True,,,,,,0.0008144059361143788,0.011627906976744186,0.0015264433869085032,0.04247104247104247,1.277992277992278,2.7240579449881777,fing_x_face,8,0.001,ri_V>face_G>li_V,3,S1-Marcialis,rule,main,0.0035247802734375,,,,
True,,,,,,0.0008144059361143788,0.011627906976744186,0.0015264433869085032,0.04247104247104247,1.277992277992278,2.7240579449881777,fing_x_face,8,0.001,ri_V>face_G>li_V,3,S2-Symmetric,rule,main,0.051970481872558594,,,,
False,,,,,,,,,,,,fing_x_face,8,0.001,ri_V>face_G>li_V,3,S4-Direct,rule,main,5.4836273193359375e-06,,,,
False,,,,,,,,,,,,fing_x_face,8,0.001,ri_V>li_V>face_C,3,HYP,GP,main,0.030789613723754883,,,,
True,0.043659196254467035,0.0010000000000000145,0.0391408210079998,0.006071792420793138,0.0006978400767956836,0.0007389979790667511,0.023255813953488372,0.001242105893268684,0.04247104247104247,1.1544401544401544,2.318353236957888,fing_x_face,8,0.001,ri_V>li_V>face_C,3,MONO,GP,main,0.02241969108581543,0.0014965131244201013,0.03474903474903475,0.0015563736493969052,0.03861003861003861
True,0.03730483349367314,0.0010000000000000508,0.03362819458631142,0.007694989819205298,0.0008945533776487071,0.0010255482158477362,0.031007751937984496,0.001227140762024483,0.05791505791505792,1.135135135135135,2.038355631378887,fing_x_face,8,0.001,ri_V>li_V>face_C,3,MONO-rel,GP,main,0.017792463302612305,0.0014965131244201013,0.05405405405405406,0.0015114782556643021,0.05405405405405406
True,0.04585739995861353,0.0010000000000000766,0.04089970606637167,0.005398895694718705,0.000702251490717983,0.0007389979790667511,0.023255813953488372,0.0010325940558498698,0.03474903474903475,1.166023166023166,2.455852862829607,fing_x_face,8,0.001,ri_V>li_V>face_C,3,LR-P1-N2,GP,main,0.023073434829711914,0.00133189668073389,0.03088803088803089,0.0013618269432222922,0.03088803088803089
True,0.03720691391447152,0.0010000000000008698,0.0335614669793679,0.011263159218685148,0.0008530007738159736,0.0009953850330286851,0.03488372093023256,0.00118224536829188,0.05791505791505792,1.135135135135135,1.9026518212564725,fing_x_face,8,0.001,ri_V>li_V>face_C,3,LR-P1-N2-rel,GP,main,0.018813371658325195,0.0014965131244201013,0.05405405405405406,0.0014815479931759002,0.05405405405405406
True,0.044633944392955816,0.001000000000000113,0.039692103952296026,0.0037355201428805017,0.0007333242450947467,0.0007389979790667511,0.011627906976744186,0.001167280237047679,0.019305019305019305,1.1814671814671815,2.759300829068271,fing_x_face,8,0.001,ri_V>li_V>face_C,3,LR-P2-N2,GP,main,0.022666215896606445,0.00133189668073389,0.015444015444015444,0.001346861811978091,0.019305019305019305
True,0.04469666824307476,0.0010000000000006807,0.040689539738203696,0.010055951281252197,0.0006985746871196105,0.0010104666244382108,0.023255813953488372,0.0015114782556643021,0.06563706563706563,1.1196911196911197,1.5609529795576307,fing_x_face,8,0.001,ri_V>li_V>face_C,3,LR-P2-N2-rel,GP,main,0.03212165832519531,0.0019454670617461314,0.05791505791505792,0.0020801532429439405,0.06177606177606178
True,0.04530101673035534,0.001000000000000058,0.04040144013338915,0.005398895694718705,0.000702251490717983,0.0007389979790667511,0.023255813953488372,0.0010325940558498698,0.03474903474903475,1.166023166023166,2.455852862829607,fing_x_face,8,0.001,ri_V>li_V>face_C,3,LR-P1-N3,GP,main,0.023956298828125,0.00133189668073389,0.03088803088803089,0.0013618269432222922,0.03088803088803089
True,0.04186136741340591,0.0010000000000016888,0.037600710314393,0.006093803061365666,0.000748311399314714,0.0007691611618858022,0.023255813953488372,0.001167280237047679,0.04247104247104247,1.1583011583011582,2.3184579928765974,fing_x_face,8,0.001,ri_V>li_V>face_C,3,NLS-N2,GP,main,0.019393444061279297,0.0014815479931759002,0.03474903474903475,0.0015114782556643021,0.03861003861003861
True,0.0451552083025684,0.0010000000000001058,0.040306183442858724,0.005326575018551826,0.0007307487344515714,0.0007691611618858022,0.023255813953488372,0.0011972104995360809,0.03474903474903475,1.166023166023166,2.455688246385921,fing_x_face,8,0.001,ri_V>li_V>face_C,3,DE-N2,GP,main,0.03194999694824219,0.0014516177306874982,0.03088803088803089,0.0014516177306874982,0.03088803088803089
True,0.09471158558431778,0.0010000000000002728,0.08645505842949328,0.03832995836844555,0.0008350030408867716,0.0013120984526287214,0.03875968992248062,0.0017509203555715184,0.0888030888030888,1.0733590733590734,1.0693783484481159,fing_x_face,8,0.001,ri_V>li_V>face_C,3,MAXMONO-K3,GP,main,0.041307926177978516,0.0020801532429439405,0.08108108108108109,0.0023495256053395587,0.08108108108108109
True,,,,,,0.0009953850330286851,0.023255813953488372,0.00118224536829188,0.023166023166023165,1.332046332046332,2.7606177606177607,fing_x_face,8,0.001,ri_V>li_V>face_C,3,S1-Marcialis,rule,main,0.0029268264770507812,,,,
True,,,,,,0.0009953850330286851,0.023255813953488372,0.00118224536829188,0.023166023166023165,1.332046332046332,2.7606177606177607,fing_x_face,8,0.001,ri_V>li_V>face_C,3,S2-Symmetric,rule,main,0.016994953155517578,,,,
False,,,,,,,,,,,,fing_x_face,8,0.001,ri_V>li_V>face_C,3,S4-Direct,rule,main,4.0531158447265625e-06,,,,
False,,,,,,,,,,,,fing_x_face,8,0.001,ri_V>li_V>face_G,3,HYP,GP,main,0.030467510223388672,,,,
True,0.04536413861685623,0.0010000000000007525,0.03999011180237065,0.007626686958381024,0.0006853755426922498,0.0007239163876572256,0.023255813953488372,0.0009428032683846638,0.03861003861003861,1.1505791505791505,2.212415072880189,fing_x_face,8,0.001,ri_V>li_V>face_G,3,MONO,GP,main,0.018787622451782227,0.0011074197120708748,0.03861003861003861,0.001137349974559277,0.03861003861003861
True,0.04024619569893857,0.001000000000000224,0.03574196714983035,0.012937365403186024,0.0008575468300503203,0.0008747323017524809,0.03875968992248062,0.0009278381371404627,0.05791505791505792,1.1312741312741312,1.8609140702163958,fing_x_face,8,0.001,ri_V>li_V>face_G,3,MONO-rel,GP,main,0.024923086166381836,0.0011972104995360809,0.05019305019305019,0.001212175630780282,0.05405405405405406
True,0.04745112684884714,0.0010000000000001308,0.041656869902218875,0.007763467367653164,0.0007088413063297328,0.0007691611618858022,0.023255813953488372,0.0008380473496752566,0.03861003861003861,1.1544401544401544,2.2125198287988987,fing_x_face,8,0.001,ri_V>li_V>face_G,3,LR-P1-N2,GP,main,0.030032873153686523,0.0010026637933614679,0.03861003861003861,0.0010026637933614679,0.03861003861003861
True,0.04022708636767722,0.001000000000000972,0.03574355899133249,0.009438954594727045,0.0008991033085217188,0.0008898138931620064,0.03488372093023256,0.0009727335308730657,0.05791505791505792,1.1312741312741312,1.9922330968842596,fing_x_face,8,0.001,ri_V>li_V>face_G,3,LR-P1-N2-rel,GP,main,0.026135921478271484,0.0011972104995360809,0.05019305019305019,0.001242105893268684,0.05405405405405406
True,0.045945025983093656,0.001000000000000416,0.04034719304961897,0.006675512847925339,0.0006882195910090931,0.0007993243447048532,0.023255813953488372,0.0009278381371404627,0.03861003861003861,1.162162162162162,2.4555834904672116,fing_x_face,8,0.001,ri_V>li_V>face_G,3,LR-P2-N2,GP,main,0.028078317642211914,0.001092454580826674,0.03088803088803089,0.0011972104995360809,0.03474903474903475
True,0.049522740830860466,0.0010000000000003769,0.044470742641353034,0.01971943770150217,0.0005905267239507984,0.0007540795704762766,0.03875968992248062,0.001047559187094071,0.06563706563706563,1.1158301158301158,1.3716889647122206,fing_x_face,8,0.001,ri_V>li_V>face_G,3,LR-P2-N2-rel,GP,main,0.019114255905151367,0.001257071024512885,0.06177606177606178,0.0013169315494896891,0.06563706563706563
True,0.04689692799300236,0.001000000000000088,0.04116585093931108,0.007763467367653164,0.0007088413063297328,0.0007691611618858022,0.023255813953488372,0.0008380473496752566,0.03861003861003861,1.1544401544401544,2.2125198287988987,fing_x_face,8,0.001,ri_V>li_V>face_G,3,LR-P1-N3,GP,main,0.019521474838256836,0.0010026637933614679,0.03861003861003861,0.0010026637933614679,0.03861003861003861
True,0.04376274330518216,0.0010000000000007863,0.03863029653838987,0.007263511388934309,0.0006947853263809894,0.0007691611618858022,0.01937984496124031,0.0009278381371404627,0.04633204633204633,1.1428571428571428,2.1348657627727397,fing_x_face,8,0.001,ri_V>li_V>face_G,3,NLS-N2,GP,main,0.018483877182006836,0.0011074197120708748,0.04633204633204633,0.0011523151058034779,0.04247104247104247
True,0.04676524227255081,0.0010000000000000508,0.04108506037367886,0.00757480473417435,0.0007230834781322543,0.0007842427532953277,0.023255813953488372,0.0009428032683846638,0.03861003861003861,1.1505791505791505,2.212415072880189,fing_x_face,8,0.001,ri_V>li_V>face_G,3,DE-N2,GP,main,0.038266658782958984,0.001122384843315076,0.03861003861003861,0.001137349974559277,0.03861003861003861
True,0.09983988239905194,0.0010000000000009851,0.08941997022232026,0.045091068151930716,0.000806242672843486,0.001131119355714415,0.046511627906976744,0.00133189668073389,0.08494208494208494,1.0656370656370657,1.0440573463829277,fing_x_face,8,0.001,ri_V>li_V>face_G,3,MAXMONO-K3,GP,main,0.0653688907623291,0.0017060249618389154,0.08108108108108109,0.0017359552243273173,0.08108108108108109
True,,,,,,0.0009953850330286851,0.023255813953488372,0.0002993026248840202,0.03474903474903475,1.332046332046332,2.7606177606177607,fing_x_face,8,0.001,ri_V>li_V>face_G,3,S1-Marcialis,rule,main,0.0041162967681884766,,,,
True,,,,,,0.0009953850330286851,0.023255813953488372,0.0002993026248840202,0.03474903474903475,1.332046332046332,2.7606177606177607,fing_x_face,8,0.001,ri_V>li_V>face_G,3,S2-Symmetric,rule,main,0.023006677627563477,,,,
False,,,,,,,,,,,,fing_x_face,8,0.001,ri_V>li_V>face_G,3,S4-Direct,rule,main,5.245208740234375e-06,,,,
False,,,,,,,,,,,,fing_x_face,8,0.001,face_C>face_G>li_V>ri_V,4,HYP,GP,main,0.09466719627380371,,,,
True,0.05270463999670406,0.0010000000000008173,0.04820020817989316,0.0012645928217827546,0.0009606799096577632,0.0010557113986667873,0.003875968992248062,0.0007781868246984526,0.015444015444015444,1.3166023166023166,2.605219837777977,fing_x_face,8,0.001,face_C>face_G>li_V>ri_V,4,MONO,GP,main,0.05895352363586426,0.0009278381371404627,0.011583011583011582,0.001122384843315076,0.015444015444015444
True,0.03375445722788889,0.0010000000000003003,0.031131738647753034,0.002727713839579764,0.0009362713259940558,0.0012065273127620426,0.007751937984496124,0.0008829427434078596,0.015444015444015444,1.3243243243243243,2.2581634790937115,fing_x_face,8,0.001,face_C>face_G>li_V>ri_V,4,MONO-rel,GP,main,0.048967838287353516,0.001227140762024483,0.015444015444015444,0.00133189668073389,0.015444015444015444
True,0.05480800478601545,0.0010000000000005011,0.05012845683921752,0.0012645928217827546,0.0009643260440795856,0.001070792990076313,0.003875968992248062,0.0007632216934542516,0.015444015444015444,1.3166023166023166,2.6053096285654425,fing_x_face,8,0.001,face_C>face_G>li_V>ri_V,4,LR-P1-N2,GP,main,0.06296825408935547,0.0009278381371404627,0.011583011583011582,0.001137349974559277,0.015444015444015444
True,0.03368580173754412,0.0010000000000000677,0.031099695760412396,0.002727713839579764,0.0009362713259940558,0.0012065273127620426,0.007751937984496124,0.0008829427434078596,0.015444015444015444,1.3243243243243243,2.2581634790937115,fing_x_face,8,0.001,face_C>face_G>li_V>ri_V,4,LR-P1-N2-rel,GP,main,0.04849576950073242,0.001227140762024483,0.015444015444015444,0.00133189668073389,0.015444015444015444
True,0.08928279091237167,0.0010000000000000935,0.08032592058925268,0.0012452898393758946,0.0009706367190699261,0.001070792990076313,0.003875968992248062,0.0007931519559426536,0.011583011583011582,1.3166023166023166,2.605219837777977,fing_x_face,8,0.001,face_C>face_G>li_V>ri_V,4,LR-P2-N2,GP,main,0.046839237213134766,0.0009577683996288647,0.007722007722007722,0.001122384843315076,0.011583011583011582
True,0.040335611443228385,0.001000000000000765,0.037498193419494945,0.010488094607826935,0.0009089236810158788,0.00155340391518113,0.01937984496124031,0.001287001287001287,0.015444015444015444,1.3166023166023166,1.6036185687348479,fing_x_face,8,0.001,face_C>face_G>li_V>ri_V,4,LR-P2-N2-rel,GP,main,0.032703399658203125,0.0015713387806411063,0.023166023166023165,0.0017808506180599204,0.019305019305019305
True,0.05479950434256888,0.001000000000000249,0.050120846632571055,0.0012645928217827546,0.000979400695391275,0.0010858745814858383,0.003875968992248062,0.0008081170871868546,0.015444015444015444,1.3166023166023166,2.6051749423842447,fing_x_face,8,0.001,face_C>face_G>li_V>ri_V,4,LR-P1-N3,GP,main,0.038982391357421875,0.0009278381371404627,0.011583011583011582,0.001137349974559277,0.015444015444015444
True,0.04674307417604721,0.001000000000000438,0.042982952064795556,0.0012570304726823927,0.0009628534606137759,0.0010858745814858383,0.003875968992248062,0.0007632216934542516,0.011583011583011582,1.3166023166023166,2.6053545239591753,fing_x_face,8,0.001,face_C>face_G>li_V>ri_V,4,NLS-N2,GP,main,0.03641700744628906,0.0009428032683846638,0.007722007722007722,0.001122384843315076,0.011583011583011582
True,0.05456693975798524,0.001000000000000104,0.049943574577122556,0.0012645928217827546,0.0009643260440795856,0.001070792990076313,0.003875968992248062,0.0007632216934542516,0.015444015444015444,1.3166023166023166,2.6053096285654425,fing_x_face,8,0.001,face_C>face_G>li_V>ri_V,4,DE-N2,GP,main,0.05638742446899414,0.0009278381371404627,0.011583011583011582,0.001137349974559277,0.015444015444015444
True,0.1672348097842995,0.0010000000000002969,0.1500938329382003,0.044241489113353544,0.0009683849192741113,0.0026996048623050706,0.046511627906976744,0.0017509203555715184,0.06563706563706563,1.1737451737451738,1.0770255305139027,fing_x_face,8,0.001,face_C>face_G>li_V>ri_V,4,MAXMONO-K3,GP,main,0.08109450340270996,0.0019155367992577295,0.05405405405405406,0.0021250486366765436,0.05405405405405406
True,,,,,,0.000935058667390583,0.011627906976744186,0.0008679776121636587,0.015444015444015444,1.664092664092664,2.607180269970968,fing_x_face,8,0.001,face_C>face_G>li_V>ri_V,4,S1-Marcialis,rule,main,0.00830531120300293,,,,
True,,,,,,0.000935058667390583,0.011627906976744186,0.0008679776121636587,0.015444015444015444,1.664092664092664,2.607180269970968,fing_x_face,8,0.001,face_C>face_G>li_V>ri_V,4,S2-Symmetric,rule,main,0.08842945098876953,,,,
False,,,,,,,,,,,,fing_x_face,8,0.001,face_C>face_G>li_V>ri_V,4,S4-Direct,rule,main,5.9604644775390625e-06,,,,
False,,,,,,,,,,,,fing_x_face,8,0.001,face_C>face_G>ri_V>li_V,4,HYP,GP,main,0.17964434623718262,,,,
True,0.05088798885555256,0.001000000000000257,0.047118966733111056,0.0013512087684802035,0.0009451066583171539,0.0010406298072572619,0.003875968992248062,0.0007781868246984526,0.015444015444015444,1.305019305019305,2.6503995690042204,fing_x_face,8,0.001,face_C>face_G>ri_V>li_V,4,MONO,GP,main,0.05102372169494629,0.0008829427434078596,0.011583011583011582,0.0011074197120708748,0.015444015444015444
True,0.03063825763826336,0.0010000000000000766,0.028882080115393706,0.0023353582147659364,0.0009436110395236334,0.0012216089041715682,0.007751937984496124,0.0010325940558498698,0.011583011583011582,1.3166023166023166,2.2249259226003413,fing_x_face,8,0.001,face_C>face_G>ri_V>li_V,4,MONO-rel,GP,main,0.04379582405090332,0.001257071024512885,0.011583011583011582,0.0014366525994432972,0.011583011583011582
True,0.052718830310124844,0.0010000000000001362,0.048897946679194976,0.0012992392004617342,0.0009544667042102372,0.0010406298072572619,0.003875968992248062,0.0007781868246984526,0.015444015444015444,1.305019305019305,2.6503995690042204,fing_x_face,8,0.001,face_C>face_G>ri_V>li_V,4,LR-P1-N2,GP,main,0.05142951011657715,0.0008829427434078596,0.011583011583011582,0.0011074197120708748,0.015444015444015444
True,0.030602381301137314,0.0010000000000001913,0.028832159507884078,0.006138528509675586,0.0009388188526905287,0.0012216089041715682,0.011627906976744186,0.0010325940558498698,0.011583011583011582,1.3204633204633205,2.2277244021430067,fing_x_face,8,0.001,face_C>face_G>ri_V>li_V,4,LR-P1-N2-rel,GP,main,0.04369306564331055,0.001227140762024483,0.011583011583011582,0.0014366525994432972,0.011583011583011582
True,0.08713654286339247,0.0010000000000003066,0.07931046561606153,0.0013126028036664834,0.0009575049150676505,0.001070792990076313,0.003875968992248062,0.0007931519559426536,0.011583011583011582,1.3011583011583012,2.650384603872976,fing_x_face,8,0.001,face_C>face_G>ri_V>li_V,4,LR-P2-N2,GP,main,0.05241870880126953,0.0009278381371404627,0.007722007722007722,0.0011074197120708748,0.011583011583011582
True,0.03677086239731068,0.0010000000000004283,0.03453820788552494,0.011770890827905263,0.0009356094233814776,0.0015232407323620789,0.023255813953488372,0.0013169315494896891,0.019305019305019305,1.3127413127413128,1.6593786477507408,fing_x_face,8,0.001,face_C>face_G>ri_V>li_V,4,LR-P2-N2-rel,GP,main,0.044132232666015625,0.001466582861931699,0.019305019305019305,0.0017658854868157193,0.015444015444015444
True,0.05267889423489286,0.0010000000000002934,0.04887419636393425,0.0012992392004617342,0.0009544667042102372,0.0010406298072572619,0.003875968992248062,0.0007781868246984526,0.015444015444015444,1.305019305019305,2.6503995690042204,fing_x_face,8,0.001,face_C>face_G>ri_V>li_V,4,LR-P1-N3,GP,main,0.05353498458862305,0.0008829427434078596,0.011583011583011582,0.0011074197120708748,0.015444015444015444
True,0.04490023652156721,0.0010000000000000766,0.04182472128930081,0.0011476200480522952,0.0009800543254001562,0.0010557113986667873,0.003875968992248062,0.0008081170871868546,0.011583011583011582,1.3011583011583012,2.6505192900541736,fing_x_face,8,0.001,face_C>face_G>ri_V>li_V,4,NLS-N2,GP,main,0.04306912422180176,0.001047559187094071,0.007722007722007722,0.001242105893268684,0.011583011583011582
True,0.05250155801512375,0.0010000000000001885,0.048722301846268475,0.0012992392004617342,0.0009544667042102372,0.0010406298072572619,0.003875968992248062,0.0007781868246984526,0.015444015444015444,1.305019305019305,2.6503995690042204,fing_x_face,8,0.001,face_C>face_G>ri_V>li_V,4,DE-N2,GP,main,0.04661726951599121,0.0008829427434078596,0.011583011583011582,0.0011074197120708748,0.015444015444015444
True,0.16020977851638174,0.0010000000000003626,0.1457352417896242,0.043657180679122,0.0009627179500211447,0.002488462582571713,0.04263565891472868,0.0015863039118853071,0.04633204633204633,1.2123552123552124,1.0924246505641855,fing_x_face,8,0.001,face_C>face_G>ri_V>li_V,4,MAXMONO-K3,GP,main,0.06490015983581543,0.0018556762742809253,0.04633204633204633,0.0019903624554787345,0.05019305019305019
True,,,,,,0.000904895484571532,0.003875968992248062,0.0014815479931759002,0.019305019305019305,1.6525096525096525,2.6524198617221875,fing_x_face,8,0.001,face_C>face_G>ri_V>li_V,4,S1-Marcialis,rule,main,0.006410121917724609,,,,
True,,,,,,0.000904895484571532,0.003875968992248062,0.0014815479931759002,0.019305019305019305,1.6525096525096525,2.6524198617221875,fing_x_face,8,0.001,face_C>face_G>ri_V>li_V,4,S2-Symmetric,rule,main,0.07902765274047852,,,,
False,,,,,,,,,,,,fing_x_face,8,0.001,face_C>face_G>ri_V>li_V,4,S4-Direct,rule,main,4.76837158203125e-06,,,,
False,,,,,,,,,,,,fing_x_face,8,0.001,face_C>li_V>face_G>ri_V,4,HYP,GP,main,0.08674335479736328,,,,
True,0.0519264214364022,0.0010000000000022428,0.04752952507963368,0.001190515564511984,0.0009746040859973533,0.0010858745814858383,0.003875968992248062,0.0010325940558498698,0.011583011583011582,1.1891891891891893,2.6102331567447847,fing_x_face,8,0.001,face_C>li_V>face_G>ri_V,4,MONO,GP,main,0.04417252540588379,0.00118224536829188,0.007722007722007722,0.0013618269432222922,0.011583011583011582
True,0.03582501018230009,0.0010000000000003652,0.03292702669182,0.0055125347334516565,0.0009246096550125179,0.0011160377643048894,0.007751937984496124,0.001122384843315076,0.011583011583011582,1.1853281853281854,2.0054772380353776,fing_x_face,8,0.001,face_C>li_V>face_G>ri_V,4,MONO-rel,GP,main,0.03528857231140137,0.001287001287001287,0.011583011583011582,0.0015563736493969052,0.011583011583011582
True,0.05519289749689479,0.0010000000000003715,0.05033651558387341,0.0012156850267638233,0.0009803214263191587,0.0010858745814858383,0.003875968992248062,0.0009428032683846638,0.011583011583011582,1.2046332046332047,2.610397773188471,fing_x_face,8,0.001,face_C>li_V>face_G>ri_V,4,LR-P1-N2,GP,main,0.04349970817565918,0.0011074197120708748,0.007722007722007722,0.001257071024512885,0.011583011583011582
True,0.03568239780674456,0.001000000000000057,0.03283807697847261,0.005415175497903331,0.0009334267396392408,0.0011462009471239405,0.003875968992248062,0.001137349974559277,0.011583011583011582,1.1853281853281854,2.008500194546706,fing_x_face,8,0.001,face_C>li_V>face_G>ri_V,4,LR-P1-N2-rel,GP,main,0.04700183868408203,0.001287001287001287,0.011583011583011582,0.0015563736493969052,0.011583011583011582
True,0.08462454629155802,0.0010000000000009762,0.07714857439142214,0.001155500400849867,0.0009350438710382251,0.0010406298072572619,0.003875968992248062,0.0010625243183382718,0.011583011583011582,1.1891891891891893,2.6102481218760287,fing_x_face,8,0.001,face_C>li_V>face_G>ri_V,4,LR-P2-N2,GP,main,0.07689046859741211,0.0011523151058034779,0.007722007722007722,0.0013618269432222922,0.011583011583011582
True,0.0410555084646603,0.0010000000000002054,0.03788987282213851,0.012118517167600895,0.0009001859411151876,0.0012970168612191958,0.011627906976744186,0.001227140762024483,0.015444015444015444,1.1737451737451738,1.8003202538086258,fing_x_face,8,0.001,face_C>li_V>face_G>ri_V,4,LR-P2-N2-rel,GP,main,0.033597707748413086,0.0014366525994432972,0.015444015444015444,0.0016760946993505132,0.019305019305019305
True,0.055186116061586056,0.00100000000000005,0.050330147168111856,0.0012156850267638233,0.0009803214263191587,0.0010858745814858383,0.003875968992248062,0.0009428032683846638,0.011583011583011582,1.2046332046332047,2.610397773188471,fing_x_face,8,0.001,face_C>li_V>face_G>ri_V,4,LR-P1-N3,GP,main,0.04002833366394043,0.0011074197120708748,0.007722007722007722,0.001257071024512885,0.011583011583011582
True,0.04677565346120162,0.0010000000000023788,0.04294899723972712,0.0011414089325468197,0.0009739253429391367,0.001100956172895364,0.003875968992248062,0.0010774894495824729,0.011583011583011582,1.1891891891891893,2.6102331567447847,fing_x_face,8,0.001,face_C>li_V>face_G>ri_V,4,NLS-N2,GP,main,0.04022097587585449,0.00118224536829188,0.007722007722007722,0.0013917572057106941,0.011583011583011582
True,0.05489459571673148,0.0010000000000014088,0.05011064372765266,0.0012156850267638233,0.0009803214263191587,0.0010858745814858383,0.003875968992248062,0.0009428032683846638,0.011583011583011582,1.2046332046332047,2.610397773188471,fing_x_face,8,0.001,face_C>li_V>face_G>ri_V,4,DE-N2,GP,main,0.05027341842651367,0.0011074197120708748,0.007722007722007722,0.001257071024512885,0.011583011583011582
True,0.15889789472656657,0.0010000000000003112,0.1428378208453812,0.05108656406041074,0.0009631165910129037,0.0020510964316954724,0.050387596899224806,0.0015563736493969052,0.0694980694980695,1.111969111969112,1.0798689054503008,fing_x_face,8,0.001,face_C>li_V>face_G>ri_V,4,MAXMONO-K3,GP,main,0.09797072410583496,0.0018856065367693275,0.05019305019305019,0.0021699440304091466,0.05791505791505792
True,,,,,,0.000935058667390583,0.011627906976744186,0.0008679776121636587,0.015444015444015444,1.4903474903474903,2.6126724731375894,fing_x_face,8,0.001,face_C>li_V>face_G>ri_V,4,S1-Marcialis,rule,main,0.008057594299316406,,,,
True,,,,,,0.000935058667390583,0.011627906976744186,0.0008679776121636587,0.015444015444015444,1.4903474903474903,2.6126724731375894,fing_x_face,8,0.001,face_C>li_V>face_G>ri_V,4,S2-Symmetric,rule,main,0.08789467811584473,,,,
False,,,,,,,,,,,,fing_x_face,8,0.001,face_C>li_V>face_G>ri_V,4,S4-Direct,rule,main,6.67572021484375e-06,,,,
False,,,,,,,,,,,,fing_x_face,8,0.001,face_C>li_V>ri_V>face_G,4,HYP,GP,main,0.20000171661376953,,,,
True,0.05063874379628552,0.0010000000000001468,0.04673160955599063,0.00144635123162683,0.0009669151217539645,0.0010557113986667873,0.003875968992248062,0.0009278381371404627,0.015444015444015444,1.196911196911197,2.2225614318637574,fing_x_face,8,0.001,face_C>li_V>ri_V>face_G,4,MONO,GP,main,0.05987071990966797,0.001122384843315076,0.011583011583011582,0.001257071024512885,0.015444015444015444
True,0.0341065800552184,0.001000000000000763,0.03147457802462257,0.0016365901162208407,0.0009589972234978466,0.0012819352698096704,0.007751937984496124,0.0009577683996288647,0.015444015444015444,1.1891891891891893,2.173101673101673,fing_x_face,8,0.001,face_C>li_V>ri_V>face_G,4,MONO-rel,GP,main,0.059040069580078125,0.001137349974559277,0.007722007722007722,0.001376792074466493,0.011583011583011582
True,0.05409489200309082,0.0010000000000000668,0.04967052149543867,0.001464873536398027,0.0009687943107946989,0.0010557113986667873,0.003875968992248062,0.0008081170871868546,0.015444015444015444,1.196911196911197,2.222741013438688,fing_x_face,8,0.001,face_C>li_V>ri_V>face_G,4,LR-P1-N2,GP,main,0.045195817947387695,0.0010774894495824729,0.011583011583011582,0.0011972104995360809,0.015444015444015444
True,0.03392022838884796,0.0010000000000006833,0.031330916926312666,0.0015654340242112386,0.0009537183401922642,0.0012819352698096704,0.007751937984496124,0.001047559187094071,0.015444015444015444,1.1814671814671815,2.1729819520517193,fing_x_face,8,0.001,face_C>li_V>ri_V>face_G,4,LR-P1-N2-rel,GP,main,0.03932690620422363,0.0011972104995360809,0.007722007722007722,0.001466582861931699,0.011583011583011582
True,0.08237147186746849,0.0010000000000000464,0.07608201137269999,0.0014300705256637858,0.0009489206566691477,0.0010557113986667873,0.003875968992248062,0.0010176289246056687,0.011583011583011582,1.1853281853281854,2.2930621651551886,fing_x_face,8,0.001,face_C>li_V>ri_V>face_G,4,LR-P2-N2,GP,main,0.047733306884765625,0.0011972104995360809,0.007722007722007722,0.0013169315494896891,0.011583011583011582
True,0.038258138065242656,0.0010000000000004478,0.03526791963567839,0.005227249531612376,0.0008872080905497534,0.0012970168612191958,0.003875968992248062,0.00118224536829188,0.015444015444015444,1.1814671814671815,1.9699500164616444,fing_x_face,8,0.001,face_C>li_V>ri_V>face_G,4,LR-P2-N2-rel,GP,main,0.028288602828979492,0.001346861811978091,0.007722007722007722,0.0016311993056179102,0.011583011583011582
True,0.054074869941611606,0.0010000000000006876,0.04966080377184446,0.001464873536398027,0.000966093859096467,0.0010406298072572619,0.003875968992248062,0.0008081170871868546,0.015444015444015444,1.196911196911197,2.222741013438688,fing_x_face,8,0.001,face_C>li_V>ri_V>face_G,4,LR-P1-N3,GP,main,0.04132819175720215,0.0010774894495824729,0.011583011583011582,0.0011972104995360809,0.015444015444015444
True,0.045567857913511464,0.001000000000000996,0.04211597479508027,0.0015357398365359342,0.0009552099866463348,0.0011160377643048894,0.007751937984496124,0.0009128730058962617,0.015444015444015444,1.196911196911197,2.203301307952471,fing_x_face,8,0.001,face_C>li_V>ri_V>face_G,4,NLS-N2,GP,main,0.0464324951171875,0.0010774894495824729,0.011583011583011582,0.001242105893268684,0.015444015444015444
True,0.053790444151131024,0.001000000000000352,0.04943680875812495,0.001464873536398027,0.0009669940096625443,0.0010406298072572619,0.003875968992248062,0.0008081170871868546,0.015444015444015444,1.196911196911197,2.222741013438688,fing_x_face,8,0.001,face_C>li_V>ri_V>face_G,4,DE-N2,GP,main,0.045777320861816406,0.0010774894495824729,0.011583011583011582,0.0011972104995360809,0.015444015444015444
True,0.14451807178990625,0.0010000000000008609,0.1320194100451515,0.04331118814266561,0.0009591518069111793,0.0015081591409525533,0.046511627906976744,0.001257071024512885,0.03861003861003861,1.1544401544401544,1.1135853461434857,fing_x_face,8,0.001,face_C>li_V>ri_V>face_G,4,MAXMONO-K3,GP,main,0.06908082962036133,0.001466582861931699,0.04633204633204633,0.0017958157493041214,0.04633204633204633
True,,,,,,0.0009953850330286851,0.01937984496124031,0.0003292328873724223,0.023166023166023165,1.4671814671814671,2.66707072521026,fing_x_face,8,0.001,face_C>li_V>ri_V>face_G,4,S1-Marcialis,rule,main,0.006403684616088867,,,,
True,,,,,,0.0009953850330286851,0.01937984496124031,0.0003292328873724223,0.023166023166023165,1.4671814671814671,2.66707072521026,fing_x_face,8,0.001,face_C>li_V>ri_V>face_G,4,S2-Symmetric,rule,main,0.04915428161621094,,,,
False,,,,,,,,,,,,fing_x_face,8,0.001,face_C>li_V>ri_V>face_G,4,S4-Direct,rule,main,5.7220458984375e-06,,,,
False,,,,,,,,,,,,fing_x_face,8,0.001,face_C>ri_V>face_G>li_V,4,HYP,GP,main,0.08388900756835938,,,,
True,0.045120736175111954,0.0010000000000003075,0.04255284840467484,0.004947415531546488,0.000959950855910216,0.001070792990076313,0.007751937984496124,0.0008530124809194577,0.011583011583011582,1.1737451737451738,2.7086139295441622,fing_x_face,8,0.001,face_C>ri_V>face_G>li_V,4,MONO,GP,main,0.04837441444396973,0.0010774894495824729,0.007722007722007722,0.001257071024512885,0.011583011583011582
True,0.027936040809287063,0.0010000000000006816,0.026449424397777248,0.0029056591390871746,0.0009172905609948073,0.0012065273127620426,0.0,0.001047559187094071,0.011583011583011582,1.1776061776061777,1.9438208973092694,fing_x_face,8,0.001,face_C>ri_V>face_G>li_V,4,MONO-rel,GP,main,0.03314948081970215,0.001257071024512885,0.011583011583011582,0.001466582861931699,0.011583011583011582
True,0.047557829413065356,0.0010000000000003964,0.044870881563916255,0.0012167819025398626,0.0009334700627523449,0.0010104666244382108,0.003875968992248062,0.0008530124809194577,0.011583011583011582,1.1737451737451738,2.7088533716440693,fing_x_face,8,0.001,face_C>ri_V>face_G>li_V,4,LR-P1-N2,GP,main,0.0444486141204834,0.0010176289246056687,0.007722007722007722,0.001227140762024483,0.011583011583011582
True,0.02794717374511729,0.0010000000000002604,0.026451125105028332,0.0029056591390871746,0.000939642427568395,0.0012366904955810937,0.0,0.0010325940558498698,0.011583011583011582,1.1776061776061777,1.933450061357038,fing_x_face,8,0.001,face_C>ri_V>face_G>li_V,4,LR-P1-N2-rel,GP,main,0.0472867488861084,0.001227140762024483,0.011583011583011582,0.0014516177306874982,0.011583011583011582
True,0.07628294238413497,0.0010000000000001316,0.07200013505748759,0.0010113682155430128,0.0009678932719045064,0.001100956172895364,0.003875968992248062,0.0011074197120708748,0.011583011583011582,1.1737451737451738,2.708598964412918,fing_x_face,8,0.001,face_C>ri_V>face_G>li_V,4,LR-P2-N2,GP,main,0.056540727615356445,0.001301966418245488,0.007722007722007722,0.001466582861931699,0.011583011583011582
True,0.03210445756937458,0.0010000000000001095,0.030097412581421762,0.004797832144466243,0.0009072947803102379,0.0013120984526287214,0.003875968992248062,0.001167280237047679,0.011583011583011582,1.1776061776061777,1.718206578671695,fing_x_face,8,0.001,face_C>ri_V>face_G>li_V,4,LR-P2-N2-rel,GP,main,0.0536801815032959,0.0013917572057106941,0.011583011583011582,0.0016162341743737093,0.011583011583011582
True,0.04744889125905032,0.0010000000000009639,0.04479514804351664,0.0012167819025398626,0.0009334700627523449,0.0010104666244382108,0.003875968992248062,0.0008530124809194577,0.011583011583011582,1.1737451737451738,2.7088533716440693,fing_x_face,8,0.001,face_C>ri_V>face_G>li_V,4,LR-P1-N3,GP,main,0.05493474006652832,0.0010176289246056687,0.007722007722007722,0.001227140762024483,0.011583011583011582
True,0.040207597575908326,0.0010000000000001228,0.03796503413206947,0.0010465422682064327,0.0009627127514641843,0.001100956172895364,0.003875968992248062,0.0010176289246056687,0.011583011583011582,1.1737451737451738,2.708808476250337,fing_x_face,8,0.001,face_C>ri_V>face_G>li_V,4,NLS-N2,GP,main,0.05136442184448242,0.001167280237047679,0.007722007722007722,0.001346861811978091,0.011583011583011582
True,0.047332493462449374,0.0010000000000005083,0.04468687185043218,0.0012167819025398626,0.000918395028035844,0.0009953850330286851,0.003875968992248062,0.0008380473496752566,0.011583011583011582,1.1737451737451738,2.708898267037802,fing_x_face,8,0.001,face_C>ri_V>face_G>li_V,4,DE-N2,GP,main,0.05382585525512695,0.0010026637933614679,0.007722007722007722,0.001227140762024483,0.011583011583011582
True,0.12651133740123174,0.0010000000000002054,0.11550714131309509,0.04199385320023447,0.0009194980090457862,0.0017343830120954363,0.04263565891472868,0.0015414085181527043,0.03861003861003861,1.1467181467181466,1.0811409416060578,fing_x_face,8,0.001,face_C>ri_V>face_G>li_V,4,MAXMONO-K3,GP,main,0.09402322769165039,0.0018107808805483223,0.04247104247104247,0.0021549788991649457,0.04247104247104247
True,,,,,,0.000904895484571532,0.003875968992248062,0.0014815479931759002,0.019305019305019305,1.4633204633204633,2.710783873574571,fing_x_face,8,0.001,face_C>ri_V>face_G>li_V,4,S1-Marcialis,rule,main,0.006652116775512695,,,,
True,,,,,,0.000904895484571532,0.003875968992248062,0.0014815479931759002,0.019305019305019305,1.4633204633204633,2.710783873574571,fing_x_face,8,0.001,face_C>ri_V>face_G>li_V,4,S2-Symmetric,rule,main,0.0696108341217041,,,,
False,,,,,,,,,,,,fing_x_face,8,0.001,face_C>ri_V>face_G>li_V,4,S4-Direct,rule,main,4.76837158203125e-06,,,,
False,,,,,,,,,,,,fing_x_face,8,0.001,face_C>ri_V>li_V>face_G,4,HYP,GP,main,0.1314101219177246,,,,
True,0.045075028124562384,0.001000000000000718,0.04240030624330539,0.0015199917698386217,0.0009442405405528606,0.0010858745814858383,0.003875968992248062,0.0007781868246984526,0.011583011583011582,1.1737451737451738,2.3316273083714942,fing_x_face,8,0.001,face_C>ri_V>li_V>face_G,4,MONO,GP,main,0.06037116050720215,0.0009727335308730657,0.007722007722007722,0.001137349974559277,0.011583011583011582
True,0.028086045366033364,0.0010000000000009142,0.02615856970831068,0.0020460023850466876,0.0008715446700411861,0.0009803034416191597,0.007751937984496124,0.0009278381371404627,0.011583011583011582,1.1776061776061777,2.2304630211606957,fing_x_face,8,0.001,face_C>ri_V>li_V>face_G,4,MONO-rel,GP,main,0.05129551887512207,0.001137349974559277,0.011583011583011582,0.001287001287001287,0.011583011583011582
True,0.04771976737216547,0.0010000000000005083,0.044812503866372755,0.0015856395593399882,0.0009445457697320738,0.0010858745814858383,0.003875968992248062,0.0007931519559426536,0.011583011583011582,1.1737451737451738,2.2955164466792373,fing_x_face,8,0.001,face_C>ri_V>li_V>face_G,4,LR-P1-N2,GP,main,0.05919623374938965,0.0009876986621172668,0.007722007722007722,0.001137349974559277,0.011583011583011582
True,0.0280712790450328,0.0010000000000006807,0.026159085257234406,0.0020460023850466876,0.0008726693531749181,0.0009803034416191597,0.007751937984496124,0.0009278381371404627,0.011583011583011582,1.1776061776061777,2.2304630211606957,fing_x_face,8,0.001,face_C>ri_V>li_V>face_G,4,LR-P1-N2-rel,GP,main,0.052969932556152344,0.001137349974559277,0.011583011583011582,0.001287001287001287,0.011583011583011582
True,0.07573625062391474,0.0010000000000016682,0.07165540595885116,0.00134598845228683,0.0009697871020697343,0.0010858745814858383,0.003875968992248062,0.0009278381371404627,0.011583011583011582,1.1776061776061777,2.446634341983179,fing_x_face,8,0.001,face_C>ri_V>li_V>face_G,4,LR-P2-N2,GP,main,0.06287574768066406,0.0011972104995360809,0.007722007722007722,0.001421687468199096,0.011583011583011582
True,0.032507490216403374,0.001000000000000749,0.02999529277811209,0.004777774213608589,0.0008332164894822938,0.001070792990076313,0.003875968992248062,0.00118224536829188,0.011583011583011582,1.1776061776061777,1.7891113705067194,fing_x_face,8,0.001,face_C>ri_V>li_V>face_G,4,LR-P2-N2-rel,GP,main,0.030870437622070312,0.0013618269432222922,0.011583011583011582,0.0016012690431295082,0.011583011583011582
True,0.04761206400735249,0.0010000000000056988,0.04473807645400282,0.0015856395593399882,0.0009445457697320738,0.0010858745814858383,0.003875968992248062,0.0007931519559426536,0.011583011583011582,1.1737451737451738,2.2955164466792373,fing_x_face,8,0.001,face_C>ri_V>li_V>face_G,4,LR-P1-N3,GP,main,0.039145469665527344,0.0009876986621172668,0.007722007722007722,0.001137349974559277,0.011583011583011582
True,0.04021548430303217,0.0010000000000009452,0.03780790717985542,0.0015568540181408845,0.0009330818476534135,0.0010557113986667873,0.003875968992248062,0.0007632216934542516,0.011583011583011582,1.1737451737451738,2.295576307204214,fing_x_face,8,0.001,face_C>ri_V>li_V>face_G,4,NLS-N2,GP,main,0.036722421646118164,0.0009577683996288647,0.007722007722007722,0.001122384843315076,0.011583011583011582
True,0.04748003162379958,0.0010000000000000518,0.04462316528780378,0.0015856395593399882,0.0009445457697320738,0.0010858745814858383,0.003875968992248062,0.0007931519559426536,0.011583011583011582,1.1737451737451738,2.2955164466792373,fing_x_face,8,0.001,face_C>ri_V>li_V>face_G,4,DE-N2,GP,main,0.03771400451660156,0.0009876986621172668,0.007722007722007722,0.001137349974559277,0.011583011583011582
True,0.12184691098476842,0.001000000000000057,0.11183284503782659,0.04072889069069016,0.0009440508154063521,0.0014930775495430278,0.03875968992248062,0.001466582861931699,0.03861003861003861,1.1467181467181466,1.1017179970668343,fing_x_face,8,0.001,face_C>ri_V>li_V>face_G,4,MAXMONO-K3,GP,main,0.06146717071533203,0.0018856065367693275,0.03861003861003861,0.0019454670617461314,0.03474903474903475
True,,,,,,0.0009953850330286851,0.01937984496124031,0.0003292328873724223,0.023166023166023165,1.4517374517374517,2.719942533896022,fing_x_face,8,0.001,face_C>ri_V>li_V>face_G,4,S1-Marcialis,rule,main,0.006476402282714844,,,,
True,,,,,,0.0009953850330286851,0.01937984496124031,0.0003292328873724223,0.023166023166023165,1.4517374517374517,2.719942533896022,fing_x_face,8,0.001,face_C>ri_V>li_V>face_G,4,S2-Symmetric,rule,main,0.048479557037353516,,,,
False,,,,,,,,,,,,fing_x_face,8,0.001,face_C>ri_V>li_V>face_G,4,S4-Direct,rule,main,4.76837158203125e-06,,,,
False,,,,,,,,,,,,fing_x_face,8,0.001,face_G>face_C>li_V>ri_V,4,HYP,GP,main,0.07696390151977539,,,,
True,0.07613473033301266,0.0010000000000009524,0.07155312593568314,0.0013024275881341853,0.0009678399790041861,0.0010406298072572619,0.003875968992248062,0.0005686749872796385,0.011583011583011582,1.4633204633204633,2.8106162641046364,fing_x_face,8,0.001,face_G>face_C>li_V>ri_V,4,MONO,GP,main,0.05423283576965332,0.0006435006435006435,0.007722007722007722,0.0007632216934542516,0.011583011583011582
True,0.04196208262328044,0.0010000000000005883,0.03912995455494732,0.00294513402812677,0.0009314986100048332,0.0010858745814858383,0.007751937984496124,0.0007332914309658496,0.015444015444015444,1.4517374517374517,2.463170812008021,fing_x_face,8,0.001,face_G>face_C>li_V>ri_V,4,MONO-rel,GP,main,0.04602932929992676,0.0010325940558498698,0.011583011583011582,0.0010625243183382718,0.015444015444015444
True,0.07469285574607663,0.0010000000000000057,0.0699198264417905,0.0013923009850529467,0.0009563950617108654,0.0010104666244382108,0.007751937984496124,0.0004938493310586334,0.015444015444015444,1.471042471042471,2.8107359851545897,fing_x_face,8,0.001,face_G>face_C>li_V>ri_V,4,LR-P1-N2,GP,main,0.055252790451049805,0.0005836401185238395,0.011583011583011582,0.0007033611684774476,0.015444015444015444
True,0.04168669874700029,0.001000000000000129,0.03888972195009909,0.002901823233595493,0.0009465725635797078,0.001100956172895364,0.007751937984496124,0.0007332914309658496,0.015444015444015444,1.4517374517374517,2.463170812008021,fing_x_face,8,0.001,face_G>face_C>li_V>ri_V,4,LR-P1-N2-rel,GP,main,0.04605674743652344,0.0010325940558498698,0.011583011583011582,0.0010625243183382718,0.015444015444015444
True,0.10789460051434609,0.0010000000000002542,0.09883384277009667,0.0014315745545056642,0.0009506569066723214,0.0010104666244382108,0.007751937984496124,0.0005387447247912364,0.011583011583011582,1.4671814671814671,2.810661159498369,fing_x_face,8,0.001,face_G>face_C>li_V>ri_V,4,LR-P2-N2,GP,main,0.059305667877197266,0.0005836401185238395,0.007722007722007722,0.0006734309059890455,0.011583011583011582
True,0.050505123428433836,0.001000000000000224,0.047219553910603285,0.01193710407050113,0.0009198932548585634,0.001357343226857298,0.023255813953488372,0.001122384843315076,0.023166023166023165,1.4131274131274132,1.7875699619885665,fing_x_face,8,0.001,face_G>face_C>li_V>ri_V,4,LR-P2-N2-rel,GP,main,0.032741546630859375,0.0013917572057106941,0.02702702702702703,0.0016910598305947143,0.019305019305019305
True,0.07468503630329812,0.0010000000000006796,0.06991276210184286,0.0013487915792700423,0.0009714707003863211,0.0010255482158477362,0.007751937984496124,0.0005387447247912364,0.015444015444015444,1.4671814671814671,2.8106312292358804,fing_x_face,8,0.001,face_G>face_C>li_V>ri_V,4,LR-P1-N3,GP,main,0.035608768463134766,0.0005986052497680404,0.011583011583011582,0.0007482565622100506,0.015444015444015444
True,0.06637410172709371,0.001000000000000208,0.0625305206005308,0.0013036246723144556,0.000951295470898403,0.0010255482158477362,0.003875968992248062,0.0005986052497680404,0.011583011583011582,1.4633204633204633,2.810646194367125,fing_x_face,8,0.001,face_G>face_C>li_V>ri_V,4,NLS-N2,GP,main,0.03352761268615723,0.0006435006435006435,0.007722007722007722,0.0008081170871868546,0.011583011583011582
True,0.07415665837003331,0.001000000000000043,0.0694404556624191,0.0013487915792700423,0.0009714707003863211,0.0010255482158477362,0.007751937984496124,0.0005387447247912364,0.015444015444015444,1.4671814671814671,2.8106312292358804,fing_x_face,8,0.001,face_G>face_C>li_V>ri_V,4,DE-N2,GP,main,0.03810620307922363,0.0005986052497680404,0.011583011583011582,0.0007482565622100506,0.015444015444015444
True,0.1757340865477979,0.0010000000000003155,0.16275262534181745,0.055971734600002224,0.0009597454783576142,0.003800561035200434,0.05426356589147287,0.0030229565113286043,0.05791505791505792,1.2934362934362935,1.1232528209272394,fing_x_face,8,0.001,face_G>face_C>li_V>ri_V,4,MAXMONO-K3,GP,main,0.06494450569152832,0.0031576426925264134,0.05791505791505792,0.003771213073538655,0.06177606177606178
True,,,,,,0.000935058667390583,0.011627906976744186,0.0008679776121636587,0.011583011583011582,1.6988416988416988,2.81166382329173,fing_x_face,8,0.001,face_G>face_C>li_V>ri_V,4,S1-Marcialis,rule,main,0.0060138702392578125,,,,
True,,,,,,0.000935058667390583,0.011627906976744186,0.0008679776121636587,0.011583011583011582,1.6988416988416988,2.81166382329173,fing_x_face,8,0.001,face_G>face_C>li_V>ri_V,4,S2-Symmetric,rule,main,0.06861424446105957,,,,
False,,,,,,,,,,,,fing_x_face,8,0.001,face_G>face_C>li_V>ri_V,4,S4-Direct,rule,main,4.76837158203125e-06,,,,
False,,,,,,,,,,,,fing_x_face,8,0.001,face_G>face_C>ri_V>li_V,4,HYP,GP,main,0.11897110939025879,,,,
True,0.07421129025836123,0.0010000000000002854,0.07039546848402269,0.001292605358962736,0.0009708355369470803,0.0010104666244382108,0.007751937984496124,0.0005537098560354374,0.011583011583011582,1.4555984555984556,2.855915716380833,fing_x_face,8,0.001,face_G>face_C>ri_V>li_V,4,MONO,GP,main,0.053495168685913086,0.0006883960372332465,0.007722007722007722,0.0007931519559426536,0.011583011583011582
True,0.03844093846061702,0.001000000000000202,0.03656575940706576,0.002832209087121263,0.0009397933305218581,0.001131119355714415,0.007751937984496124,0.0007781868246984526,0.011583011583011582,1.4555984555984556,2.4270000897907873,fing_x_face,8,0.001,face_G>face_C>ri_V>li_V,4,MONO-rel,GP,main,0.04463839530944824,0.0009727335308730657,0.011583011583011582,0.0010625243183382718,0.011583011583011582
True,0.07247285639815268,0.0010000000000004825,0.06859431370072064,0.0014315745545056642,0.0009728049258881579,0.0010255482158477362,0.007751937984496124,0.0005387447247912364,0.011583011583011582,1.4517374517374517,2.855795995330879,fing_x_face,8,0.001,face_G>face_C>ri_V>li_V,4,LR-P1-N2,GP,main,0.03753376007080078,0.0005986052497680404,0.007722007722007722,0.0006883960372332465,0.011583011583011582
True,0.038204918230180226,0.0010000000000003465,0.03630705339442319,0.002832209087121263,0.0009450513899316103,0.001131119355714415,0.007751937984496124,0.0007931519559426536,0.011583011583011582,1.4555984555984556,2.4429529196971056,fing_x_face,8,0.001,face_G>face_C>ri_V>li_V,4,LR-P1-N2-rel,GP,main,0.0303800106048584,0.0009727335308730657,0.011583011583011582,0.0010625243183382718,0.011583011583011582
True,0.10563706926452351,0.0010000000000011816,0.09774557834273563,0.0013420157758650504,0.0009816497380854374,0.0010104666244382108,0.007751937984496124,0.0005836401185238395,0.011583011583011582,1.4555984555984556,2.855795995330879,fing_x_face,8,0.001,face_G>face_C>ri_V>li_V,4,LR-P2-N2,GP,main,0.04045987129211426,0.0006883960372332465,0.007722007722007722,0.0007931519559426536,0.011583011583011582
True,0.04604827990937161,0.0010000000000001431,0.04348377038026909,0.008481929125964856,0.0009444248724819643,0.0012668536784001447,0.015503875968992248,0.0011074197120708748,0.011583011583011582,1.4478764478764479,1.890111041273832,fing_x_face,8,0.001,face_G>face_C>ri_V>li_V,4,LR-P2-N2-rel,GP,main,0.03506278991699219,0.0013169315494896891,0.019305019305019305,0.0014366525994432972,0.019305019305019305
True,0.07243171822638282,0.0010000000000007943,0.06857007048281592,0.0014315745545056642,0.0009598911902323272,0.0010104666244382108,0.007751937984496124,0.0005387447247912364,0.011583011583011582,1.4517374517374517,2.855795995330879,fing_x_face,8,0.001,face_G>face_C>ri_V>li_V,4,LR-P1-N3,GP,main,0.03797101974487305,0.0005836401185238395,0.007722007722007722,0.0006734309059890455,0.011583011583011582
True,0.06440368403991611,0.0010000000000009676,0.06127622005920336,0.0012545875542873614,0.0009718059637804729,0.0010104666244382108,0.007751937984496124,0.0005986052497680404,0.011583011583011582,1.4555984555984556,2.8558708209871,fing_x_face,8,0.001,face_G>face_C>ri_V>li_V,4,NLS-N2,GP,main,0.03725266456604004,0.0007033611684774476,0.007722007722007722,0.0008380473496752566,0.011583011583011582
True,0.07196090460183549,0.001000000000000877,0.06812442764830892,0.0014315745545056642,0.0009598911902323272,0.0010104666244382108,0.007751937984496124,0.0005387447247912364,0.011583011583011582,1.4517374517374517,2.855795995330879,fing_x_face,8,0.001,face_G>face_C>ri_V>li_V,4,DE-N2,GP,main,0.04093146324157715,0.0005836401185238395,0.007722007722007722,0.0006734309059890455,0.011583011583011582
True,0.16911382411873785,0.0010000000000000172,0.15761841455533976,0.05148863403237525,0.0009371064243805901,0.0032877869272765663,0.050387596899224806,0.0026787584927119813,0.05019305019305019,1.3011583011583012,1.1496064170482776,fing_x_face,8,0.001,face_G>face_C>ri_V>li_V,4,MAXMONO-K3,GP,main,0.1014106273651123,0.0029780611175960012,0.05405405405405406,0.0033821196611894286,0.04633204633204633
True,,,,,,0.000904895484571532,0.003875968992248062,0.0014815479931759002,0.015444015444015444,1.6872586872586872,2.8569034150429498,fing_x_face,8,0.001,face_G>face_C>ri_V>li_V,4,S1-Marcialis,rule,main,0.0074155330657958984,,,,
True,,,,,,0.000904895484571532,0.003875968992248062,0.0014815479931759002,0.015444015444015444,1.6872586872586872,2.8569034150429498,fing_x_face,8,0.001,face_G>face_C>ri_V>li_V,4,S2-Symmetric,rule,main,0.08996462821960449,,,,
False,,,,,,,,,,,,fing_x_face,8,0.001,face_G>face_C>ri_V>li_V,4,S4-Direct,rule,main,7.3909759521484375e-06,,,,
False,,,,,,,,,,,,fing_x_face,8,0.001,face_G>li_V>face_C>ri_V,4,HYP,GP,main,0.13103294372558594,,,,
True,0.08142460631198183,0.001000000000000535,0.07538975368864274,0.0013860162931065272,0.0009760689578604633,0.0010104666244382108,0.007751937984496124,0.0005986052497680404,0.011583011583011582,1.3629343629343629,2.9874741851486037,fing_x_face,8,0.001,face_G>li_V>face_C>ri_V,4,MONO,GP,main,0.06091117858886719,0.0007781868246984526,0.007722007722007722,0.0008829427434078596,0.011583011583011582
True,0.049620283890026644,0.0010000000000006842,0.04599457690689526,0.0025691268176572233,0.0009264148186171095,0.0010557113986667873,0.011627906976744186,0.0007781868246984526,0.015444015444015444,1.359073359073359,2.5874562269911108,fing_x_face,8,0.001,face_G>li_V>face_C>ri_V,4,MONO-rel,GP,main,0.05120849609375,0.0008530124809194577,0.015444015444015444,0.0010176289246056687,0.015444015444015444
True,0.08080380138333611,0.0010000000000006638,0.07439622911987133,0.0015278477476189482,0.0009436255484158019,0.0009803034416191597,0.007751937984496124,0.00044895393732603036,0.011583011583011582,1.359073359073359,2.9876986621172668,fing_x_face,8,0.001,face_G>li_V>face_C>ri_V,4,LR-P1-N2,GP,main,0.061968088150024414,0.0005986052497680404,0.007722007722007722,0.0007033611684774476,0.011583011583011582
True,0.04928432459437567,0.0010000000000008422,0.045728263284026696,0.0023676266750958727,0.0009835355001035233,0.001100956172895364,0.007751937984496124,0.0008979078746520607,0.015444015444015444,1.359073359073359,2.5901050552213345,fing_x_face,8,0.001,face_G>li_V>face_C>ri_V,4,LR-P1-N2-rel,GP,main,0.052365779876708984,0.0010176289246056687,0.015444015444015444,0.001212175630780282,0.015444015444015444
True,0.10705786242561541,0.0010000000000000074,0.09821673415838049,0.001299364460967023,0.0009763646744591376,0.0010255482158477362,0.007751937984496124,0.0008081170871868546,0.011583011583011582,1.3513513513513513,2.987129987129987,fing_x_face,8,0.001,face_G>li_V>face_C>ri_V,4,LR-P2-N2,GP,main,0.061174631118774414,0.0008829427434078596,0.007722007722007722,0.001047559187094071,0.011583011583011582
True,0.058254820825743556,0.0010000000000004523,0.054237334363306654,0.013708895636543662,0.0008995535704055455,0.0011160377643048894,0.015503875968992248,0.0011523151058034779,0.03861003861003861,1.3166023166023166,1.9940887731585406,fing_x_face,8,0.001,face_G>li_V>face_C>ri_V,4,LR-P2-N2-rel,GP,main,0.0531620979309082,0.001376792074466493,0.03088803088803089,0.0014516177306874982,0.03474903474903475
True,0.08079427329039333,0.0010000000000002552,0.07438713168867847,0.0015727844460783288,0.0009450964566852666,0.0009652218502096341,0.007751937984496124,0.00043398880608182933,0.015444015444015444,1.359073359073359,2.9876986621172668,fing_x_face,8,0.001,face_G>li_V>face_C>ri_V,4,LR-P1-N3,GP,main,0.062114715576171875,0.0005686749872796385,0.011583011583011582,0.0007033611684774476,0.015444015444015444
True,0.07209210229359159,0.0010000000000003901,0.06692466801544268,0.0014481346703886125,0.0009743459742762743,0.0009953850330286851,0.007751937984496124,0.0006883960372332465,0.011583011583011582,1.3629343629343629,2.92330370237347,fing_x_face,8,0.001,face_G>li_V>face_C>ri_V,4,NLS-N2,GP,main,0.041452884674072266,0.0007931519559426536,0.011583011583011582,0.0009128730058962617,0.011583011583011582
True,0.08009476926132758,0.0010000000000008147,0.07380263439531458,0.0015727844460783288,0.0009300179638736324,0.0009501402588001085,0.007751937984496124,0.00043398880608182933,0.015444015444015444,1.359073359073359,2.9876986621172668,fing_x_face,8,0.001,face_G>li_V>face_C>ri_V,4,DE-N2,GP,main,0.04008316993713379,0.0005686749872796385,0.011583011583011582,0.0007033611684774476,0.015444015444015444
True,0.18561572471552162,0.0010000000000002969,0.16804594831609415,0.04712682264778258,0.0008950057886057148,0.0013271800440382469,0.04263565891472868,0.0011972104995360809,0.04633204633204633,1.281853281853282,1.2014007362844572,fing_x_face,8,0.001,face_G>li_V>face_C>ri_V,4,MAXMONO-K3,GP,main,0.07609391212463379,0.0013169315494896891,0.04633204633204633,0.0015414085181527043,0.04247104247104247
True,,,,,,0.000935058667390583,0.011627906976744186,0.0008829427434078596,0.011583011583011582,1.5328185328185329,2.9883870581545002,fing_x_face,8,0.001,face_G>li_V>face_C>ri_V,4,S1-Marcialis,rule,main,0.0054094791412353516,,,,
True,,,,,,0.000935058667390583,0.011627906976744186,0.0008829427434078596,0.011583011583011582,1.5328185328185329,2.9883870581545002,fing_x_face,8,0.001,face_G>li_V>face_C>ri_V,4,S2-Symmetric,rule,main,0.06493616104125977,,,,
False,,,,,,,,,,,,fing_x_face,8,0.001,face_G>li_V>face_C>ri_V,4,S4-Direct,rule,main,4.76837158203125e-06,,,,
False,,,,,,,,,,,,fing_x_face,8,0.001,face_G>li_V>ri_V>face_C,4,HYP,GP,main,0.11891651153564453,,,,
True,0.08108273321335664,0.0010000000000001236,0.07506455487243102,0.001827315598381341,0.000985763133086173,0.0010104666244382108,0.003875968992248062,0.0007033611684774476,0.007722007722007722,1.3513513513513513,2.6551734458711205,fing_x_face,8,0.001,face_G>li_V>ri_V>face_C,4,MONO,GP,main,0.03818488121032715,0.0009278381371404627,0.007722007722007722,0.001092454580826674,0.007722007722007722
True,0.04887800445848897,0.00100000000000009,0.045301146151022514,0.002464497056131667,0.0009280480910047156,0.000935058667390583,0.003875968992248062,0.0007033611684774476,0.015444015444015444,1.3513513513513513,2.5614617940199333,fing_x_face,8,0.001,face_G>li_V>ri_V>face_C,4,MONO-rel,GP,main,0.034743309020996094,0.0008829427434078596,0.015444015444015444,0.0009876986621172668,0.015444015444015444
True,0.08047079962081134,0.0010000000000030236,0.07408586044734053,0.0020031937610095855,0.0009461434272963474,0.0009803034416191597,0.003875968992248062,0.0005537098560354374,0.007722007722007722,1.3552123552123552,2.655308132052318,fing_x_face,8,0.001,face_G>li_V>ri_V>face_C,4,LR-P1-N2,GP,main,0.054804086685180664,0.0007632216934542516,0.011583011583011582,0.0009128730058962617,0.007722007722007722
True,0.04851316129097991,0.0010000000000000926,0.0449972191080924,0.0022867327636967635,0.0009762685991296211,0.0009803034416191597,0.003875968992248062,0.0008081170871868546,0.015444015444015444,1.3513513513513513,2.56134207296998,fing_x_face,8,0.001,face_G>li_V>ri_V>face_C,4,LR-P1-N2-rel,GP,main,0.03412055969238281,0.0010176289246056687,0.015444015444015444,0.0011523151058034779,0.015444015444015444
True,0.10529769418281214,0.0010000000000000234,0.09736496350247807,0.0016189602079143468,0.0009595479393498244,0.0009953850330286851,0.007751937984496124,0.0006734309059890455,0.011583011583011582,1.359073359073359,2.7824369219718057,fing_x_face,8,0.001,face_G>li_V>ri_V>face_C,4,LR-P2-N2,GP,main,0.04298543930053711,0.0007931519559426536,0.011583011583011582,0.0008979078746520607,0.011583011583011582
True,0.05720270681323119,0.0010000000000001833,0.05309086137408562,0.01134963365486581,0.0008837194434290656,0.0010557113986667873,0.007751937984496124,0.0010026637933614679,0.019305019305019305,1.332046332046332,2.130301397743258,fing_x_face,8,0.001,face_G>li_V>ri_V>face_C,4,LR-P2-N2-rel,GP,main,0.03410768508911133,0.001122384843315076,0.023166023166023165,0.0013169315494896891,0.019305019305019305
True,0.08043805284398639,0.001000000000000885,0.07406938699434676,0.002023555702498993,0.0009407561392372963,0.0009501402588001085,0.003875968992248062,0.0005537098560354374,0.007722007722007722,1.3552123552123552,2.655308132052318,fing_x_face,8,0.001,face_G>li_V>ri_V>face_C,4,LR-P1-N3,GP,main,0.03840065002441406,0.0007632216934542516,0.011583011583011582,0.0008979078746520607,0.007722007722007722
True,0.0717605812125082,0.0010000000000003981,0.06656595231239552,0.001789785745440081,0.0009678623926402452,0.0010255482158477362,0.003875968992248062,0.0006584657747448446,0.007722007722007722,1.3513513513513513,2.617416419742001,fing_x_face,8,0.001,face_G>li_V>ri_V>face_C,4,NLS-N2,GP,main,0.038759469985961914,0.0008979078746520607,0.007722007722007722,0.001047559187094071,0.007722007722007722
True,0.0797391297720021,0.0010000000000016931,0.07348188005568,0.002023555702498993,0.0009407561392372963,0.0009501402588001085,0.003875968992248062,0.0005537098560354374,0.007722007722007722,1.3552123552123552,2.655308132052318,fing_x_face,8,0.001,face_G>li_V>ri_V>face_C,4,DE-N2,GP,main,0.045253753662109375,0.0007632216934542516,0.011583011583011582,0.0008979078746520607,0.007722007722007722
True,0.1785050212418369,0.0010000000000006273,0.16219937066067625,0.03698421366633117,0.0009296589107267284,0.0014779959581335022,0.03488372093023256,0.001047559187094071,0.04633204633204633,1.277992277992278,1.2464757115919907,fing_x_face,8,0.001,face_G>li_V>ri_V>face_C,4,MAXMONO-K3,GP,main,0.09276008605957031,0.0013169315494896891,0.04247104247104247,0.0014516177306874982,0.03861003861003861
True,,,,,,0.0009953850330286851,0.015503875968992248,0.001257071024512885,0.011583011583011582,1.5173745173745175,3.2042590763520997,fing_x_face,8,0.001,face_G>li_V>ri_V>face_C,4,S1-Marcialis,rule,main,0.006177186965942383,,,,
True,,,,,,0.0009953850330286851,0.015503875968992248,0.001257071024512885,0.011583011583011582,1.5173745173745175,3.2042590763520997,fing_x_face,8,0.001,face_G>li_V>ri_V>face_C,4,S2-Symmetric,rule,main,0.05164146423339844,,,,
False,,,,,,,,,,,,fing_x_face,8,0.001,face_G>li_V>ri_V>face_C,4,S4-Direct,rule,main,4.5299530029296875e-06,,,,
False,,,,,,,,,,,,fing_x_face,8,0.001,face_G>ri_V>face_C>li_V,4,HYP,GP,main,0.12420868873596191,,,,
True,0.0724396372778028,0.0010000000000008555,0.06903369084626375,0.001337527612967453,0.0009584242283867258,0.0009953850330286851,0.007751937984496124,0.0007332914309658496,0.007722007722007722,1.3127413127413128,3.10554907066535,fing_x_face,8,0.001,face_G>ri_V>face_C>li_V,4,MONO,GP,main,0.03932547569274902,0.0008081170871868546,0.007722007722007722,0.0008979078746520607,0.007722007722007722
True,0.03826098077932715,0.00100000000000055,0.0364129967499547,0.00412201041632237,0.0008439428789471978,0.0009501402588001085,0.0,0.0007183262997216486,0.007722007722007722,1.3127413127413128,2.1883212115770254,fing_x_face,8,0.001,face_G>ri_V>face_C>li_V,4,MONO-rel,GP,main,0.03891897201538086,0.0008979078746520607,0.007722007722007722,0.0010176289246056687,0.007722007722007722
True,0.07055234712108875,0.0010000000000006922,0.06709992759590883,0.005178513715881787,0.0009611858613995804,0.0009803034416191597,0.011627906976744186,0.0005986052497680404,0.007722007722007722,1.308880308880309,3.10544431474664,fing_x_face,8,0.001,face_G>ri_V>face_C>li_V,4,LR-P1-N2,GP,main,0.03934288024902344,0.0007183262997216486,0.007722007722007722,0.0008230822184310556,0.007722007722007722
True,0.03802161132115851,0.001000000000000368,0.03615576077313596,0.004138341677876738,0.0008483954529332011,0.000935058667390583,0.0,0.0006883960372332465,0.007722007722007722,1.3127413127413128,2.1799706683427615,fing_x_face,8,0.001,face_G>ri_V>face_C>li_V,4,LR-P1-N2-rel,GP,main,0.03400588035583496,0.0008530124809194577,0.007722007722007722,0.0009876986621172668,0.007722007722007722
True,0.0970132546204121,0.0010000000000069183,0.09200555243610661,0.0014245491328685115,0.0008887756245321797,0.000935058667390583,0.007751937984496124,0.0006285355122564425,0.007722007722007722,1.3127413127413128,3.1056837568465476,fing_x_face,8,0.001,face_G>ri_V>face_C>li_V,4,LR-P2-N2,GP,main,0.03870987892150879,0.0007332914309658496,0.007722007722007722,0.0008530124809194577,0.007722007722007722
True,0.045063555936463516,0.0010000000000000616,0.0425139299580642,0.01063835440163574,0.0008457000948305679,0.000935058667390583,0.007751937984496124,0.0009278381371404627,0.003861003861003861,1.308880308880309,1.9262368680973332,fing_x_face,8,0.001,face_G>ri_V>face_C>li_V,4,LR-P2-N2-rel,GP,main,0.034598588943481445,0.001242105893268684,0.003861003861003861,0.001376792074466493,0.003861003861003861
True,0.07039758613587835,0.00100000000000001,0.06699133867486702,0.0013238979158244422,0.0009611913676410974,0.0009803034416191597,0.007751937984496124,0.0005986052497680404,0.007722007722007722,1.308880308880309,3.105489210140373,fing_x_face,8,0.001,face_G>ri_V>face_C>li_V,4,LR-P1-N3,GP,main,0.0387873649597168,0.0007183262997216486,0.007722007722007722,0.0008230822184310556,0.007722007722007722
True,0.06324980009963518,0.001000000000000049,0.06032280009896835,0.0014245491328685118,0.00093627546206235,0.0009953850330286851,0.007751937984496124,0.0007781868246984526,0.007722007722007722,1.3127413127413128,3.0392834695160276,fing_x_face,8,0.001,face_G>ri_V>face_C>li_V,4,NLS-N2,GP,main,0.03760790824890137,0.0008829427434078596,0.007722007722007722,0.0009727335308730657,0.007722007722007722
True,0.06993725028376095,0.0010000000000000215,0.06654998531510245,0.0013238979158244422,0.0009611913676410974,0.0009803034416191597,0.007751937984496124,0.0005986052497680404,0.007722007722007722,1.308880308880309,3.105489210140373,fing_x_face,8,0.001,face_G>ri_V>face_C>li_V,4,DE-N2,GP,main,0.057447195053100586,0.0007183262997216486,0.007722007722007722,0.0008230822184310556,0.007722007722007722
True,0.15604645782320617,0.0010000000000005855,0.14393439960048246,0.028983057380513096,0.0009344239795747531,0.0015081591409525533,0.023255813953488372,0.001047559187094071,0.023166023166023165,1.274131274131274,1.2884379396007304,fing_x_face,8,0.001,face_G>ri_V>face_C>li_V,4,MAXMONO-K3,GP,main,0.10509037971496582,0.0011972104995360809,0.023166023166023165,0.0013618269432222922,0.023166023166023165
True,,,,,,0.000904895484571532,0.003875968992248062,0.0014815479931759002,0.011583011583011582,1.498069498069498,3.106446978540002,fing_x_face,8,0.001,face_G>ri_V>face_C>li_V,4,S1-Marcialis,rule,main,0.00626683235168457,,,,
True,,,,,,0.000904895484571532,0.003875968992248062,0.0014815479931759002,0.011583011583011582,1.498069498069498,3.106446978540002,fing_x_face,8,0.001,face_G>ri_V>face_C>li_V,4,S2-Symmetric,rule,main,0.08118581771850586,,,,
False,,,,,,,,,,,,fing_x_face,8,0.001,face_G>ri_V>face_C>li_V,4,S4-Direct,rule,main,5.4836273193359375e-06,,,,
False,,,,,,,,,,,,fing_x_face,8,0.001,face_G>ri_V>li_V>face_C,4,HYP,GP,main,0.16531038284301758,,,,
True,0.07338920139048065,0.0010000000000014702,0.06941208194870632,0.002123223793847501,0.0009022625800281765,0.0009803034416191597,0.003875968992248062,0.0006135703810122415,0.015444015444015444,1.3011583011583012,2.7621741342671577,fing_x_face,8,0.001,face_G>ri_V>li_V>face_C,4,MONO,GP,main,0.06432557106018066,0.0007482565622100506,0.015444015444015444,0.0008829427434078596,0.015444015444015444
True,0.04018406079369496,0.0010000000000007553,0.03749909205625624,0.0026706149102933827,0.0009283776473098404,0.0010557113986667873,0.003875968992248062,0.0007183262997216486,0.015444015444015444,1.305019305019305,2.6600820089192183,fing_x_face,8,0.001,face_G>ri_V>li_V>face_C,4,MONO-rel,GP,main,0.04848146438598633,0.0009577683996288647,0.015444015444015444,0.0010325940558498698,0.015444015444015444
True,0.07163966737522694,0.0010000000000005172,0.06753212611402956,0.002181406960012091,0.0009102236720699194,0.0009652218502096341,0.003875968992248062,0.0005537098560354374,0.015444015444015444,1.2972972972972974,2.76221902966089,fing_x_face,8,0.001,face_G>ri_V>li_V>face_C,4,LR-P1-N2,GP,main,0.03601574897766113,0.0006734309059890455,0.015444015444015444,0.0008081170871868546,0.015444015444015444
True,0.03990517072730708,0.001000000000000916,0.037236383971388065,0.0026706149102933827,0.0009264504561830423,0.0010557113986667873,0.003875968992248062,0.0007183262997216486,0.015444015444015444,1.305019305019305,2.6600820089192183,fing_x_face,8,0.001,face_G>ri_V>li_V>face_C,4,LR-P1-N2-rel,GP,main,0.057871341705322266,0.0009577683996288647,0.015444015444015444,0.0010325940558498698,0.015444015444015444
True,0.09706744578528963,0.0010000000000004782,0.09195322830546672,0.0022975647505270613,0.0008516433277404534,0.0009199770759810575,0.007751937984496124,0.0005537098560354374,0.015444015444015444,1.308880308880309,2.9145939959893448,fing_x_face,8,0.001,face_G>ri_V>li_V>face_C,4,LR-P2-N2,GP,main,0.08143353462219238,0.0006435006435006435,0.011583011583011582,0.0007332914309658496,0.015444015444015444
True,0.04843503272937176,0.0010000000000001316,0.04504953283715021,0.008309865879230108,0.0009338737432127318,0.0012366904955810937,0.007751937984496124,0.001257071024512885,0.015444015444015444,1.305019305019305,1.9094459908413397,fing_x_face,8,0.001,face_G>ri_V>li_V>face_C,4,LR-P2-N2-rel,GP,main,0.06419992446899414,0.0016461644368621112,0.019305019305019305,0.0018107808805483223,0.019305019305019305
True,0.07148454496223483,0.0010000000000002542,0.06742634946234971,0.006022191969034151,0.000910219328857683,0.0009652218502096341,0.007751937984496124,0.0005537098560354374,0.015444015444015444,1.2972972972972974,2.7621890993984017,fing_x_face,8,0.001,face_G>ri_V>li_V>face_C,4,LR-P1-N3,GP,main,0.03836965560913086,0.0006734309059890455,0.015444015444015444,0.0008081170871868546,0.015444015444015444
True,0.06428379496246736,0.0010000000000014667,0.060772791582108215,0.0023595016693474316,0.0008798447632586886,0.000935058667390583,0.003875968992248062,0.0005686749872796385,0.015444015444015444,1.305019305019305,2.7151237616353896,fing_x_face,8,0.001,face_G>ri_V>li_V>face_C,4,NLS-N2,GP,main,0.04137420654296875,0.0007332914309658496,0.015444015444015444,0.0007781868246984526,0.015444015444015444
True,0.07099455242516504,0.0010000000000001735,0.06697315348530772,0.002160165486650415,0.0009224288594821273,0.0009803034416191597,0.003875968992248062,0.0005986052497680404,0.015444015444015444,1.2972972972972974,2.7621741342671577,fing_x_face,8,0.001,face_G>ri_V>li_V>face_C,4,DE-N2,GP,main,0.0369722843170166,0.0007482565622100506,0.015444015444015444,0.0008530124809194577,0.015444015444015444
True,0.15977243689443593,0.0010000000000000145,0.14693748123522124,0.03319107707643704,0.0009084311205110145,0.0015383223237716043,0.031007751937984496,0.001047559187094071,0.03088803088803089,1.277992277992278,1.2348328394840022,fing_x_face,8,0.001,face_G>ri_V>li_V>face_C,4,MAXMONO-K3,GP,main,0.06071615219116211,0.001227140762024483,0.03088803088803089,0.001466582861931699,0.03088803088803089
True,,,,,,0.0009953850330286851,0.015503875968992248,0.001257071024512885,0.011583011583011582,1.494208494208494,3.277079404986382,fing_x_face,8,0.001,face_G>ri_V>li_V>face_C,4,S1-Marcialis,rule,main,0.007853507995605469,,,,
True,,,,,,0.0009953850330286851,0.015503875968992248,0.001257071024512885,0.011583011583011582,1.494208494208494,3.277079404986382,fing_x_face,8,0.001,face_G>ri_V>li_V>face_C,4,S2-Symmetric,rule,main,0.04645109176635742,,,,
False,,,,,,,,,,,,fing_x_face,8,0.001,face_G>ri_V>li_V>face_C,4,S4-Direct,rule,main,5.7220458984375e-06,,,,
False,,,,,,,,,,,,fing_x_face,8,0.001,li_V>face_C>face_G>ri_V,4,HYP,GP,main,0.04293632507324219,,,,
True,0.07482067974471726,0.0010000000000006282,0.07042717255408108,0.0011702994217368408,0.0009523015084947916,0.0010557113986667873,0.003875968992248062,0.0013618269432222922,0.011583011583011582,1.250965250965251,2.8462332764658345,fing_x_face,8,0.001,li_V>face_C>face_G>ri_V,4,MONO,GP,main,0.033386945724487305,0.0015713387806411063,0.007722007722007722,0.0016461644368621112,0.011583011583011582
True,0.06236969212073771,0.0010000000000007444,0.0595811537000715,0.0025226463681056388,0.0009245641443838575,0.0014930775495430278,0.003875968992248062,0.0014067223369548952,0.015444015444015444,1.250965250965251,2.2478824339289454,fing_x_face,8,0.001,li_V>face_C>face_G>ri_V,4,MONO-rel,GP,main,0.03106236457824707,0.0017509203555715184,0.011583011583011582,0.0018856065367693275,0.015444015444015444
True,0.08217817408860503,0.0010000000000003413,0.07734530082353501,0.0012147411719293792,0.0007642916633758255,0.0008747323017524809,0.003875968992248062,0.001047559187094071,0.015444015444015444,1.2548262548262548,2.846936637634312,fing_x_face,8,0.001,li_V>face_C>face_G>ri_V,4,LR-P1-N2,GP,main,0.03421306610107422,0.00118224536829188,0.007722007722007722,0.001376792074466493,0.011583011583011582
True,0.061548764626977774,0.0010000000000007206,0.05880061409757856,0.0025226463681056388,0.0009159075941338277,0.0014779959581335022,0.003875968992248062,0.0013917572057106941,0.015444015444015444,1.2548262548262548,2.2507258088653437,fing_x_face,8,0.001,li_V>face_C>face_G>ri_V,4,LR-P1-N2-rel,GP,main,0.053670406341552734,0.0017060249618389154,0.011583011583011582,0.0018107808805483223,0.015444015444015444
True,0.08235401124036275,0.001000000000000828,0.07481753145517363,0.0012861965349840487,0.0008646029350116312,0.0009501402588001085,0.003875968992248062,0.001272036155757086,0.011583011583011582,1.250965250965251,2.8463829277782766,fing_x_face,8,0.001,li_V>face_C>face_G>ri_V,4,LR-P2-N2,GP,main,0.060719966888427734,0.0014965131244201013,0.007722007722007722,0.0014965131244201013,0.011583011583011582
True,0.05831163383227403,0.0010000000000000998,0.055166716121674744,0.003046652363839881,0.000877501793328487,0.0018550357433716406,0.003875968992248062,0.0016311993056179102,0.019305019305019305,1.247104247104247,2.059052407889617,fing_x_face,8,0.001,li_V>face_C>face_G>ri_V,4,LR-P2-N2-rel,GP,main,0.03342390060424805,0.0018856065367693275,0.015444015444015444,0.0021549788991649457,0.015444015444015444
True,0.08217638861627427,0.0010000000000005252,0.07734337184150676,0.0012147411719293792,0.00077223035669953,0.0008747323017524809,0.003875968992248062,0.001047559187094071,0.015444015444015444,1.2548262548262548,2.846936637634312,fing_x_face,8,0.001,li_V>face_C>face_G>ri_V,4,LR-P1-N3,GP,main,0.0411679744720459,0.00118224536829188,0.007722007722007722,0.001376792074466493,0.011583011583011582
True,0.0706743053195398,0.0010000000000009808,0.06686596692466429,0.0012147411719293792,0.0007801690500232344,0.0008898138931620064,0.003875968992248062,0.001047559187094071,0.015444015444015444,1.2548262548262548,2.846936637634312,fing_x_face,8,0.001,li_V>face_C>face_G>ri_V,4,NLS-N2,GP,main,0.03762054443359375,0.00118224536829188,0.007722007722007722,0.001376792074466493,0.011583011583011582
True,0.08108110598610677,0.001000000000000836,0.07631667918239071,0.0011554855050059946,0.0009681752228292245,0.001070792990076313,0.003875968992248062,0.0013618269432222922,0.011583011583011582,1.250965250965251,2.8462332764658345,fing_x_face,8,0.001,li_V>face_C>face_G>ri_V,4,DE-N2,GP,main,0.04337263107299805,0.0015713387806411063,0.007722007722007722,0.0016910598305947143,0.011583011583011582
True,0.13374640263236337,0.0010000000000006575,0.12375134890272739,0.08165000682987984,0.0007981686528058608,0.0009803034416191597,0.08527131782945736,0.0016611295681063123,0.10810810810810811,1.1196911196911197,1.0872167848912035,fing_x_face,8,0.001,li_V>face_C>face_G>ri_V,4,MAXMONO-K3,GP,main,0.0915372371673584,0.0019903624554787345,0.10424710424710425,0.0021250486366765436,0.10424710424710425
True,,,,,,0.000935058667390583,0.011627906976744186,0.0008829427434078596,0.015444015444015444,1.4594594594594594,2.848897069827302,fing_x_face,8,0.001,li_V>face_C>face_G>ri_V,4,S1-Marcialis,rule,main,0.0056459903717041016,,,,
True,,,,,,0.000935058667390583,0.011627906976744186,0.0008829427434078596,0.015444015444015444,1.4594594594594594,2.848897069827302,fing_x_face,8,0.001,li_V>face_C>face_G>ri_V,4,S2-Symmetric,rule,main,0.0750739574432373,,,,
False,,,,,,,,,,,,fing_x_face,8,0.001,li_V>face_C>face_G>ri_V,4,S4-Direct,rule,main,6.9141387939453125e-06,,,,
False,,,,,,,,,,,,fing_x_face,8,0.001,li_V>face_C>ri_V>face_G,4,HYP,GP,main,0.12038707733154297,,,,
True,0.07356420611461142,0.001000000000000073,0.0696860961549881,0.0013722105541723005,0.0009244856430395156,0.0010406298072572619,0.003875968992248062,0.0013618269432222922,0.011583011583011582,1.247104247104247,2.528972494088773,fing_x_face,8,0.001,li_V>face_C>ri_V>face_G,4,MONO,GP,main,0.03785967826843262,0.0016012690431295082,0.007722007722007722,0.0016311993056179102,0.011583011583011582
True,0.06118926450142575,0.0010000000000001655,0.05866325928505813,0.001967104516726446,0.0009206928440731092,0.0014629143667239768,0.007751937984496124,0.001242105893268684,0.015444015444015444,1.2432432432432432,2.388030888030888,fing_x_face,8,0.001,li_V>face_C>ri_V>face_G,4,MONO-rel,GP,main,0.05170154571533203,0.0015414085181527043,0.011583011583011582,0.0017808506180599204,0.007722007722007722
True,0.08114112799222949,0.0010000000000000028,0.07676152730224138,0.0014221360061612244,0.0009154079645197708,0.0009953850330286851,0.003875968992248062,0.0013618269432222922,0.011583011583011582,1.247104247104247,2.4876088713298015,fing_x_face,8,0.001,li_V>face_C>ri_V>face_G,4,LR-P1-N2,GP,main,0.06257438659667969,0.0016012690431295082,0.007722007722007722,0.0016162341743737093,0.011583011583011582
True,0.06033077871743885,0.0010000000000005952,0.05783210855231879,0.0022282747015043513,0.0008322618237885273,0.0011462009471239405,0.007751937984496124,0.00118224536829188,0.015444015444015444,1.2432432432432432,2.4013947502319595,fing_x_face,8,0.001,li_V>face_C>ri_V>face_G,4,LR-P1-N2-rel,GP,main,0.041312217712402344,0.001421687468199096,0.007722007722007722,0.0016311993056179102,0.007722007722007722
True,0.08002255219893833,0.0010000000000005855,0.07371470507026025,0.00153367608507583,0.0008066863551094593,0.0009199770759810575,0.003875968992248062,0.001257071024512885,0.011583011583011582,1.250965250965251,2.5851815270419922,fing_x_face,8,0.001,li_V>face_C>ri_V>face_G,4,LR-P2-N2,GP,main,0.04366588592529297,0.0014815479931759002,0.007722007722007722,0.0014516177306874982,0.011583011583011582
True,0.0562390243583104,0.00100000000000055,0.053345402010086536,0.00305255608329454,0.0008366963536305375,0.0015232407323620789,0.003875968992248062,0.0013618269432222922,0.015444015444015444,1.247104247104247,2.1013588339169735,fing_x_face,8,0.001,li_V>face_C>ri_V>face_G,4,LR-P2-N2-rel,GP,main,0.035518646240234375,0.0016611295681063123,0.011583011583011582,0.0019155367992577295,0.015444015444015444
True,0.08112258483662085,0.0010000000000034215,0.07675434799113301,0.0013332525057761476,0.0009447601379904601,0.0010557113986667873,0.003875968992248062,0.001376792074466493,0.011583011583011582,1.247104247104247,2.528972494088773,fing_x_face,8,0.001,li_V>face_C>ri_V>face_G,4,LR-P1-N3,GP,main,0.050702810287475586,0.0016162341743737093,0.007722007722007722,0.0016311993056179102,0.011583011583011582
True,0.06955081155809688,0.0010000000000003947,0.06613489721824146,0.001349413142209798,0.0009453324288082901,0.0010858745814858383,0.003875968992248062,0.0013917572057106941,0.011583011583011582,1.247104247104247,2.4876088713298015,fing_x_face,8,0.001,li_V>face_C>ri_V>face_G,4,NLS-N2,GP,main,0.04168367385864258,0.0016012690431295082,0.007722007722007722,0.0016760946993505132,0.011583011583011582
True,0.08003264854672545,0.0010000000000002951,0.0757210077727501,0.0013332525057761476,0.0009466345700080175,0.0010557113986667873,0.003875968992248062,0.001376792074466493,0.011583011583011582,1.247104247104247,2.528972494088773,fing_x_face,8,0.001,li_V>face_C>ri_V>face_G,4,DE-N2,GP,main,0.05852913856506348,0.0016162341743737093,0.007722007722007722,0.0016311993056179102,0.011583011583011582
True,0.12581776226440683,0.0010000000000002863,0.1174165775907963,0.06620440475628304,0.0008907413811522057,0.0012517720869906193,0.06589147286821706,0.0018556762742809253,0.10038610038610038,1.1274131274131274,1.167444853491365,fing_x_face,8,0.001,li_V>face_C>ri_V>face_G,4,MAXMONO-K3,GP,main,0.08891701698303223,0.0023046302116069557,0.09652509652509653,0.002499176917781569,0.09652509652509653
True,,,,,,0.0009953850330286851,0.01937984496124031,0.00034419801861662326,0.023166023166023165,1.4362934362934363,2.903295321899973,fing_x_face,8,0.001,li_V>face_C>ri_V>face_G,4,S1-Marcialis,rule,main,0.009517669677734375,,,,
True,,,,,,0.0009953850330286851,0.01937984496124031,0.00034419801861662326,0.023166023166023165,1.4362934362934363,2.903295321899973,fing_x_face,8,0.001,li_V>face_C>ri_V>face_G,4,S2-Symmetric,rule,main,0.07690882682800293,,,,
False,,,,,,,,,,,,fing_x_face,8,0.001,li_V>face_C>ri_V>face_G,4,S4-Direct,rule,main,7.3909759521484375e-06,,,,
False,,,,,,,,,,,,fing_x_face,8,0.001,li_V>face_G>face_C>ri_V,4,HYP,GP,main,0.16182541847229004,,,,
True,0.07897947792395794,0.0010000000000008813,0.07299075482343165,0.0013820512903012878,0.0008673421759364502,0.0009199770759810575,0.003875968992248062,0.001257071024512885,0.011583011583011582,1.277992277992278,3.017718715393134,fing_x_face,8,0.001,li_V>face_G>face_C>ri_V,4,MONO,GP,main,0.03738713264465332,0.001421687468199096,0.007722007722007722,0.001466582861931699,0.011583011583011582
True,0.06463321128755452,0.0010000000000001804,0.06124878714061901,0.0023262690416686804,0.000923503179931633,0.0013271800440382469,0.003875968992248062,0.0013618269432222922,0.019305019305019305,1.277992277992278,2.417661847894406,fing_x_face,8,0.001,li_V>face_G>face_C>ri_V,4,MONO-rel,GP,main,0.03765249252319336,0.0016461644368621112,0.015444015444015444,0.0018107808805483223,0.015444015444015444
True,0.0856408159874375,0.0010000000000001778,0.07929958105166816,0.0013111768651576322,0.0009056758979435322,0.0009652218502096341,0.003875968992248062,0.001257071024512885,0.011583011583011582,1.277992277992278,3.017718715393134,fing_x_face,8,0.001,li_V>face_G>face_C>ri_V,4,LR-P1-N2,GP,main,0.03762507438659668,0.0014815479931759002,0.007722007722007722,0.0014965131244201013,0.011583011583011582
True,0.06385440970988429,0.0010000000000009604,0.060526998061457,0.0023262690416686804,0.0009296135247766147,0.001357343226857298,0.003875968992248062,0.0013618269432222922,0.019305019305019305,1.277992277992278,2.4211187932118166,fing_x_face,8,0.001,li_V>face_G>face_C>ri_V,4,LR-P1-N2-rel,GP,main,0.03783607482910156,0.0016461644368621112,0.015444015444015444,0.0018107808805483223,0.015444015444015444
True,0.08561926508550025,0.001000000000000152,0.07679598891711997,0.0014500210258898759,0.0008107642112972181,0.0008747323017524809,0.003875968992248062,0.001122384843315076,0.011583011583011582,1.281853281853282,3.0178534015743317,fing_x_face,8,0.001,li_V>face_G>face_C>ri_V,4,LR-P2-N2,GP,main,0.040537357330322266,0.001301966418245488,0.007722007722007722,0.001421687468199096,0.011583011583011582
True,0.06267468396889866,0.0010000000000005972,0.05884609711458641,0.005234304293548066,0.0008758203889749183,0.0015986486894097064,0.003875968992248062,0.0016012690431295082,0.019305019305019305,1.274131274131274,2.1277423603004997,fing_x_face,8,0.001,li_V>face_G>face_C>ri_V,4,LR-P2-N2-rel,GP,main,0.043404340744018555,0.0019155367992577295,0.015444015444015444,0.002184909161653348,0.015444015444015444
True,0.0856385711349085,0.0010000000000001778,0.0792970776695961,0.0013111768651576322,0.0009056758979435322,0.0009652218502096341,0.003875968992248062,0.001257071024512885,0.011583011583011582,1.277992277992278,3.017718715393134,fing_x_face,8,0.001,li_V>face_G>face_C>ri_V,4,LR-P1-N3,GP,main,0.052899837493896484,0.0014815479931759002,0.007722007722007722,0.0014965131244201013,0.011583011583011582
True,0.07431360688969597,0.001000000000000034,0.06921827103132487,0.0013111768651576322,0.0009147968628732494,0.0009803034416191597,0.003875968992248062,0.001257071024512885,0.011583011583011582,1.277992277992278,3.017718715393134,fing_x_face,8,0.001,li_V>face_G>face_C>ri_V,4,NLS-N2,GP,main,0.05351424217224121,0.001466582861931699,0.007722007722007722,0.0015114782556643021,0.011583011583011582
True,0.08450972974527879,0.001000000000002011,0.07828012391870753,0.0013111768651576322,0.0009056758979435322,0.0009652218502096341,0.003875968992248062,0.001257071024512885,0.011583011583011582,1.277992277992278,3.017718715393134,fing_x_face,8,0.001,li_V>face_G>face_C>ri_V,4,DE-N2,GP,main,0.08009767532348633,0.0014815479931759002,0.007722007722007722,0.0014965131244201013,0.011583011583011582
True,0.1528776203743324,0.0010000000000008448,0.13820292139625326,0.07806818335823973,0.0007894213633069951,0.0010406298072572619,0.07751937984496124,0.0015114782556643021,0.10424710424710425,1.1312741312741312,1.129627966837269,fing_x_face,8,0.001,li_V>face_G>face_C>ri_V,4,MAXMONO-K3,GP,main,0.09712719917297363,0.0019305019305019305,0.10424710424710425,0.0020352578492113375,0.10424710424710425
True,,,,,,0.000935058667390583,0.011627906976744186,0.0008829427434078596,0.015444015444015444,1.4671814671814671,3.0201281015234502,fing_x_face,8,0.001,li_V>face_G>face_C>ri_V,4,S1-Marcialis,rule,main,0.006586313247680664,,,,
True,,,,,,0.000935058667390583,0.011627906976744186,0.0008829427434078596,0.015444015444015444,1.4671814671814671,3.0201281015234502,fing_x_face,8,0.001,li_V>face_G>face_C>ri_V,4,S2-Symmetric,rule,main,0.06878232955932617,,,,
False,,,,,,,,,,,,fing_x_face,8,0.001,li_V>face_G>face_C>ri_V,4,S4-Direct,rule,main,4.291534423828125e-06,,,,
False,,,,,,,,,,,,fing_x_face,8,0.001,li_V>face_G>ri_V>face_C,4,HYP,GP,main,0.10507965087890625,,,,
True,0.07870692400302773,0.0010000000000004016,0.07274315616319413,0.0017919293927900451,0.0008547401774743639,0.0009501402588001085,0.003875968992248062,0.001212175630780282,0.011583011583011582,1.281853281853282,2.739127832151088,fing_x_face,8,0.001,li_V>face_G>ri_V>face_C,4,MONO,GP,main,0.0485992431640625,0.0015713387806411063,0.007722007722007722,0.0016760946993505132,0.011583011583011582
True,0.0643443742945346,0.0010000000000005519,0.06096266689408954,0.002380735017703358,0.0008978207524225317,0.0010557113986667873,0.003875968992248062,0.001287001287001287,0.015444015444015444,1.274131274131274,2.5368142228607344,fing_x_face,8,0.001,li_V>face_G>ri_V>face_C,4,MONO-rel,GP,main,0.055863142013549805,0.0017359552243273173,0.007722007722007722,0.0017509203555715184,0.011583011583011582
True,0.08539223482694157,0.0010000000000005961,0.07908598760935287,0.001739116855425175,0.0008801425827400039,0.0009501402588001085,0.003875968992248062,0.0011972104995360809,0.011583011583011582,1.281853281853282,2.739127832151088,fing_x_face,8,0.001,li_V>face_G>ri_V>face_C,4,LR-P1-N2,GP,main,0.06453251838684082,0.0016012690431295082,0.011583011583011582,0.0016611295681063123,0.011583011583011582
True,0.06355170569839612,0.0010000000000002366,0.06021895180144427,0.002396697268579984,0.0008958793350029835,0.0010406298072572619,0.003875968992248062,0.001272036155757086,0.015444015444015444,1.274131274131274,2.547648977881536,fing_x_face,8,0.001,li_V>face_G>ri_V>face_C,4,LR-P1-N2-rel,GP,main,0.04928946495056152,0.0017060249618389154,0.007722007722007722,0.0017209900930831162,0.011583011583011582
True,0.08387030947917878,0.0010000000000003413,0.07596588228297081,0.017065238011155892,0.0007080511393397823,0.0007691611618858022,0.01937984496124031,0.0011074197120708748,0.03474903474903475,1.2586872586872586,2.4821465984256683,fing_x_face,8,0.001,li_V>face_G>ri_V>face_C,4,LR-P2-N2,GP,main,0.0536046028137207,0.0013618269432222922,0.02702702702702703,0.001272036155757086,0.02702702702702703
True,0.06230231403520999,0.0010000000000002418,0.05842647273661816,0.0045955736680350365,0.0008105269792005441,0.0012366904955810937,0.003875968992248062,0.0013917572057106941,0.011583011583011582,1.2702702702702702,2.133279458860854,fing_x_face,8,0.001,li_V>face_G>ri_V>face_C,4,LR-P2-N2-rel,GP,main,0.03203153610229492,0.0017209900930831162,0.007722007722007722,0.0019903624554787345,0.011583011583011582
True,0.08536305200672208,0.0010000000000044936,0.07907382886760624,0.001739116855425175,0.0008749697898696177,0.000935058667390583,0.003875968992248062,0.0011972104995360809,0.011583011583011582,1.281853281853282,2.739127832151088,fing_x_face,8,0.001,li_V>face_G>ri_V>face_C,4,LR-P1-N3,GP,main,0.04928112030029297,0.0016012690431295082,0.011583011583011582,0.0016461644368621112,0.011583011583011582
True,0.07410322358010374,0.0010000000000003298,0.06897605579517042,0.0018016468996651814,0.0008765946526471307,0.0009501402588001085,0.003875968992248062,0.001272036155757086,0.011583011583011582,1.281853281853282,2.6856424530843137,fing_x_face,8,0.001,li_V>face_G>ri_V>face_C,4,NLS-N2,GP,main,0.04469919204711914,0.0016162341743737093,0.007722007722007722,0.0016760946993505132,0.011583011583011582
True,0.08423352214488095,0.0010000000000001752,0.07805253572384203,0.001739116855425175,0.0008749697898696177,0.000935058667390583,0.003875968992248062,0.0011972104995360809,0.011583011583011582,1.281853281853282,2.739127832151088,fing_x_face,8,0.001,li_V>face_G>ri_V>face_C,4,DE-N2,GP,main,0.054187774658203125,0.0016012690431295082,0.011583011583011582,0.0016461644368621112,0.011583011583011582
True,0.1472617156344248,0.0010000000000003476,0.13352046503648995,0.06661791338217372,0.000747121430337066,0.0010255482158477362,0.06589147286821706,0.001376792074466493,0.10038610038610038,1.1312741312741312,1.1795815749304122,fing_x_face,8,0.001,li_V>face_G>ri_V>face_C,4,MAXMONO-K3,GP,main,0.055222272872924805,0.0017509203555715184,0.09652509652509653,0.0018856065367693275,0.09652509652509653
True,,,,,,0.0009953850330286851,0.015503875968992248,0.001257071024512885,0.015444015444015444,1.4517374517374517,3.23600011972105,fing_x_face,8,0.001,li_V>face_G>ri_V>face_C,4,S1-Marcialis,rule,main,0.0049016475677490234,,,,
True,,,,,,0.0009953850330286851,0.015503875968992248,0.001257071024512885,0.015444015444015444,1.4517374517374517,3.23600011972105,fing_x_face,8,0.001,li_V>face_G>ri_V>face_C,4,S2-Symmetric,rule,main,0.049672842025756836,,,,
False,,,,,,,,,,,,fing_x_face,8,0.001,li_V>face_G>ri_V>face_C,4,S4-Direct,rule,main,5.245208740234375e-06,,,,
False,,,,,,,,,,,,fing_x_face,8,0.001,li_V>ri_V>face_C>face_G,4,HYP,GP,main,0.08488178253173828,,,,
True,0.0723570667221868,0.0010000000000000135,0.06889510543344111,0.001235654936725868,0.0008803002841566344,0.0014327511839049257,0.003875968992248062,0.0015264433869085032,0.015444015444015444,1.2934362934362935,2.8126365568226035,fing_x_face,8,0.001,li_V>ri_V>face_C>face_G,4,MONO,GP,main,0.03736567497253418,0.0017958157493041214,0.007722007722007722,0.0017658854868157193,0.015444015444015444
True,0.06108616965071687,0.001000000000001122,0.058569988392216395,0.0016481926244296151,0.0008300225278535284,0.0022773203028383553,0.007751937984496124,0.0017509203555715184,0.019305019305019305,1.2895752895752897,2.3145221633593724,fing_x_face,8,0.001,li_V>ri_V>face_C>face_G,4,MONO-rel,GP,main,0.03702831268310547,0.0023944209990721618,0.011583011583011582,0.002618897967735177,0.015444015444015444
True,0.07988559716566984,0.0010000000000006228,0.07600712195643594,0.001235654936725868,0.000887042797666125,0.0014779959581335022,0.003875968992248062,0.0015414085181527043,0.015444015444015444,1.2934362934362935,2.8133698482535694,fing_x_face,8,0.001,li_V>ri_V>face_C>face_G,4,LR-P1-N2,GP,main,0.036164045333862305,0.0017958157493041214,0.007722007722007722,0.0017808506180599204,0.015444015444015444
True,0.06023427732896295,0.0010000000000000783,0.057741591279009484,0.0016575201310288262,0.000811322813374428,0.00226223871142883,0.007751937984496124,0.0017359552243273173,0.019305019305019305,1.2895752895752897,2.313579360090988,fing_x_face,8,0.001,li_V>ri_V>face_C>face_G,4,LR-P1-N2-rel,GP,main,0.03735542297363281,0.00236449073658376,0.011583011583011582,0.0025889677052467752,0.015444015444015444
True,0.07429251682092204,0.001000000000000073,0.070212623095545,0.001201001110124952,0.0009334110267665523,0.0011914457213525172,0.003875968992248062,0.0014366525994432972,0.015444015444015444,1.2934362934362935,2.9672413277064438,fing_x_face,8,0.001,li_V>ri_V>face_C>face_G,4,LR-P2-N2,GP,main,0.03737068176269531,0.0017359552243273173,0.007722007722007722,0.0017658854868157193,0.015444015444015444
True,0.05558218066525722,0.001000000000000041,0.05280730208412718,0.004281186726856276,0.0007173009749397362,0.0017494646035049618,0.01937984496124031,0.0016311993056179102,0.02702702702702703,1.277992277992278,2.0207416719044624,fing_x_face,8,0.001,li_V>ri_V>face_C>face_G,4,LR-P2-N2-rel,GP,main,0.028445720672607422,0.0020352578492113375,0.023166023166023165,0.0021549788991649457,0.023166023166023165
True,0.07978364393860907,0.0010000000000003235,0.07595437113942011,0.001235654936725868,0.0008884103631815797,0.0014779959581335022,0.003875968992248062,0.0015414085181527043,0.015444015444015444,1.2934362934362935,2.81476160545928,fing_x_face,8,0.001,li_V>ri_V>face_C>face_G,4,LR-P1-N3,GP,main,0.031507253646850586,0.0017958157493041214,0.007722007722007722,0.0017958157493041214,0.015444015444015444
True,0.06877111329218565,0.0010000000000011159,0.06558773159329233,0.0012205505510395147,0.0009006041852862513,0.0017947093777335385,0.003875968992248062,0.0016910598305947143,0.015444015444015444,1.2934362934362935,2.770330130795247,fing_x_face,8,0.001,li_V>ri_V>face_C>face_G,4,NLS-N2,GP,main,0.03558015823364258,0.0018556762742809253,0.007722007722007722,0.0020352578492113375,0.015444015444015444
True,0.07869448845388483,0.0010000000000001167,0.07491010792129793,0.001235654936725868,0.0008881739915833047,0.0014930775495430278,0.003875968992248062,0.0015414085181527043,0.015444015444015444,1.2934362934362935,2.8125916614288706,fing_x_face,8,0.001,li_V>ri_V>face_C>face_G,4,DE-N2,GP,main,0.035001277923583984,0.0017958157493041214,0.007722007722007722,0.0017808506180599204,0.015444015444015444
True,0.11803612029368254,0.001000000000000431,0.10944810436676164,0.04731055972222101,0.0007509518171683176,0.0012366904955810937,0.05813953488372093,0.0016611295681063123,0.0888030888030888,1.16988416988417,1.3051539912005028,fing_x_face,8,0.001,li_V>ri_V>face_C>face_G,4,MAXMONO-K3,GP,main,0.0593869686126709,0.002050222980455539,0.08108108108108109,0.002229804555385951,0.08108108108108109
True,,,,,,0.0009953850330286851,0.01937984496124031,0.00034419801861662326,0.023166023166023165,1.4749034749034748,3.183906497859986,fing_x_face,8,0.001,li_V>ri_V>face_C>face_G,4,S1-Marcialis,rule,main,0.005160808563232422,,,,
True,,,,,,0.0009953850330286851,0.01937984496124031,0.00034419801861662326,0.023166023166023165,1.4749034749034748,3.183906497859986,fing_x_face,8,0.001,li_V>ri_V>face_C>face_G,4,S2-Symmetric,rule,main,0.03877830505371094,,,,
False,,,,,,,,,,,,fing_x_face,8,0.001,li_V>ri_V>face_C>face_G,4,S4-Direct,rule,main,4.76837158203125e-06,,,,
False,,,,,,,,,,,,fing_x_face,8,0.001,li_V>ri_V>face_G>face_C,4,HYP,GP,main,0.04103875160217285,,,,
True,0.07309374980321053,0.0010000000000002685,0.06923807307906858,0.0013033606096276313,0.0009630779077241907,0.0013724248182668236,0.003875968992248062,0.0016461644368621112,0.015444015444015444,1.3011583011583012,2.8765227021040976,fing_x_face,8,0.001,li_V>ri_V>face_G>face_C,4,MONO,GP,main,0.03506350517272949,0.0020202927179671366,0.007722007722007722,0.0021250486366765436,0.015444015444015444
True,0.06193072323051053,0.001000000000000988,0.059168911717310875,0.002838837737644366,0.0008163826488770374,0.0017645461949144874,0.015503875968992248,0.0021998742928975488,0.023166023166023165,1.2895752895752897,2.2031067612462962,fing_x_face,8,0.001,li_V>ri_V>face_G>face_C,4,MONO-rel,GP,main,0.03362011909484863,0.0026787584927119813,0.019305019305019305,0.002933165723863398,0.023166023166023165
True,0.08048439200776548,0.0010000000000010803,0.07626878515340156,0.0011828776077192407,0.0009771285116597014,0.0013271800440382469,0.003875968992248062,0.0016461644368621112,0.015444015444015444,1.3011583011583012,2.9058393942114873,fing_x_face,8,0.001,li_V>ri_V>face_G>face_C,4,LR-P1-N2,GP,main,0.038587331771850586,0.0019903624554787345,0.007722007722007722,0.002095118374188142,0.015444015444015444
True,0.061095856586731265,0.00100000000000013,0.05836507522939821,0.002838837737644366,0.0008125278953978337,0.0017193014206859107,0.015503875968992248,0.0021998742928975488,0.023166023166023165,1.2895752895752897,2.20265780730897,fing_x_face,8,0.001,li_V>ri_V>face_G>face_C,4,LR-P1-N2-rel,GP,main,0.04675626754760742,0.002648828230223579,0.019305019305019305,0.002933165723863398,0.023166023166023165
True,0.0748374640423471,0.0010000000000004096,0.0704652272817783,0.0012548610961475588,0.0009274719651699608,0.0010858745814858383,0.003875968992248062,0.001421687468199096,0.015444015444015444,1.305019305019305,3.102286672054114,fing_x_face,8,0.001,li_V>ri_V>face_G>face_C,4,LR-P2-N2,GP,main,0.060605525970458984,0.0016910598305947143,0.007722007722007722,0.0017060249618389154,0.015444015444015444
True,0.05715603210326585,0.0010000000000000952,0.05410898179469635,0.004408884733869282,0.0007993979384232605,0.0015986486894097064,0.023255813953488372,0.0019005716680135284,0.02702702702702703,1.281853281853282,2.031441740744066,fing_x_face,8,0.001,li_V>ri_V>face_G>face_C,4,LR-P2-N2-rel,GP,main,0.048285722732543945,0.0023495256053395587,0.02702702702702703,0.002529107180269971,0.023166023166023165
True,0.08038245224384673,0.0010000000000004558,0.07621738412568717,0.0011828776077192407,0.0009785711831944402,0.0013271800440382469,0.003875968992248062,0.0016461644368621112,0.015444015444015444,1.3011583011583012,2.9079644428481637,fing_x_face,8,0.001,li_V>ri_V>face_G>face_C,4,LR-P1-N3,GP,main,0.05986166000366211,0.0019903624554787345,0.007722007722007722,0.0021100835054323427,0.015444015444015444
True,0.06950608492660283,0.0010000000000009105,0.06596913443313532,0.0013879107736135391,0.0007734940630184772,0.001357343226857298,0.003875968992248062,0.0013917572057106941,0.015444015444015444,1.305019305019305,2.8212564724192633,fing_x_face,8,0.001,li_V>ri_V>face_G>face_C,4,NLS-N2,GP,main,0.0545201301574707,0.0016910598305947143,0.007722007722007722,0.0018856065367693275,0.015444015444015444
True,0.07929152185494717,0.0010000000000004576,0.07517680515827259,0.0011828776077192407,0.0009771214049033726,0.0013271800440382469,0.003875968992248062,0.0016461644368621112,0.015444015444015444,1.3011583011583012,2.905809463948999,fing_x_face,8,0.001,li_V>ri_V>face_G>face_C,4,DE-N2,GP,main,0.05863070487976074,0.0019903624554787345,0.007722007722007722,0.002095118374188142,0.015444015444015444
True,0.12440161537937316,0.0010000000000005332,0.11461824954721705,0.05294882891962979,0.0007823096273388965,0.0015081591409525533,0.05813953488372093,0.0020801532429439405,0.10424710424710425,1.1274131274131274,1.1776959683936428,fing_x_face,8,0.001,li_V>ri_V>face_G>face_C,4,MAXMONO-K3,GP,main,0.06657838821411133,0.002708688755200383,0.09266409266409266,0.002798479542665589,0.09266409266409266
True,,,,,,0.0009953850330286851,0.015503875968992248,0.001257071024512885,0.019305019305019305,1.4826254826254825,3.3453802639849153,fing_x_face,8,0.001,li_V>ri_V>face_G>face_C,4,S1-Marcialis,rule,main,0.006472110748291016,,,,
True,,,,,,0.0009953850330286851,0.015503875968992248,0.001257071024512885,0.019305019305019305,1.4826254826254825,3.3453802639849153,fing_x_face,8,0.001,li_V>ri_V>face_G>face_C,4,S2-Symmetric,rule,main,0.06607460975646973,,,,
False,,,,,,,,,,,,fing_x_face,8,0.001,li_V>ri_V>face_G>face_C,4,S4-Direct,rule,main,4.76837158203125e-06,,,,
False,,,,,,,,,,,,fing_x_face,8,0.001,ri_V>face_C>face_G>li_V,4,HYP,GP,main,0.06676745414733887,,,,
True,0.03859279200432922,0.0010000000000001512,0.035969098490737414,0.001129343299010384,0.0008394260130496138,0.0009501402588001085,0.007751937984496124,0.0010774894495824729,0.015444015444015444,1.1312741312741312,3.033192661099638,fing_x_face,8,0.001,ri_V>face_C>face_G>li_V,4,MONO,GP,main,0.030260562896728516,0.00118224536829188,0.011583011583011582,0.00133189668073389,0.015444015444015444
True,0.027624036760746453,0.00100000000000009,0.026060545044420416,0.0019571554471874792,0.0008825700012908531,0.0014930775495430278,0.0,0.001242105893268684,0.015444015444015444,1.1312741312741312,2.279563616772919,fing_x_face,8,0.001,ri_V>face_C>face_G>li_V,4,MONO-rel,GP,main,0.026364564895629883,0.0014067223369548952,0.011583011583011582,0.0014516177306874982,0.015444015444015444
True,0.040535412281244285,0.001000000000000487,0.03779772725180176,0.0011806770853290379,0.0008175874163913182,0.0009199770759810575,0.007751937984496124,0.0010026637933614679,0.015444015444015444,1.1312741312741312,3.033192661099638,fing_x_face,8,0.001,ri_V>face_C>face_G>li_V,4,LR-P1-N2,GP,main,0.0518794059753418,0.001092454580826674,0.011583011583011582,0.001227140762024483,0.015444015444015444
True,0.027674398606341695,0.0010000000000007845,0.02610388872820893,0.0020420170697270767,0.0008589386513224044,0.0014930775495430278,0.0,0.001227140762024483,0.015444015444015444,1.1312741312741312,2.2655861841908354,fing_x_face,8,0.001,ri_V>face_C>face_G>li_V,4,LR-P1-N2-rel,GP,main,0.03466796875,0.0013917572057106941,0.011583011583011582,0.0014366525994432972,0.015444015444015444
True,0.04329691699010698,0.0010000000000000109,0.03890391247009557,0.001255697068961232,0.0009814491362650877,0.0010557113986667873,0.003875968992248062,0.001137349974559277,0.015444015444015444,1.1274131274131274,3.032788602556044,fing_x_face,8,0.001,ri_V>face_C>face_G>li_V,4,LR-P2-N2,GP,main,0.057657480239868164,0.001227140762024483,0.011583011583011582,0.001242105893268684,0.015444015444015444
True,0.03170266785713791,0.0010000000000005172,0.029742642139739563,0.0061580104679035165,0.0008624219362582503,0.002005851657466896,0.003875968992248062,0.0015563736493969052,0.023166023166023165,1.1235521235521235,1.7903684415312322,fing_x_face,8,0.001,ri_V>face_C>face_G>li_V,4,LR-P2-N2-rel,GP,main,0.03258514404296875,0.0019753973242345336,0.019305019305019305,0.002289665080362755,0.015444015444015444
True,0.03997005666571718,0.0010000000000009541,0.037267306792089255,0.005012917296638988,0.0007750926364211749,0.0008747323017524809,0.011627906976744186,0.0009428032683846638,0.015444015444015444,1.1312741312741312,2.7611415402113075,fing_x_face,8,0.001,ri_V>face_C>face_G>li_V,4,LR-P1-N3,GP,main,0.04506373405456543,0.001092454580826674,0.015444015444015444,0.001242105893268684,0.015444015444015444
True,0.03610831133093139,0.0010000000000002366,0.03380916210954548,0.001129343299010384,0.0008571328013775035,0.0009652218502096341,0.007751937984496124,0.0010774894495824729,0.015444015444015444,1.1312741312741312,3.033192661099638,fing_x_face,8,0.001,ri_V>face_C>face_G>li_V,4,NLS-N2,GP,main,0.03689408302307129,0.00118224536829188,0.011583011583011582,0.00133189668073389,0.015444015444015444
True,0.03989801484420246,0.001000000000000654,0.037204103307536394,0.0011806770853290379,0.0008264411590704062,0.0009199770759810575,0.007751937984496124,0.0010026637933614679,0.015444015444015444,1.1312741312741312,3.033192661099638,fing_x_face,8,0.001,ri_V>face_C>face_G>li_V,4,DE-N2,GP,main,0.041765451431274414,0.001092454580826674,0.011583011583011582,0.001227140762024483,0.015444015444015444
True,0.08454923487900942,0.0010000000000005972,0.0777406954206938,0.04288879798271346,0.0006493289033348401,0.001100956172895364,0.04263565891472868,0.0010625243183382718,0.0694980694980695,1.05019305019305,1.0503127712430038,fing_x_face,8,0.001,ri_V>face_C>face_G>li_V,4,MAXMONO-K3,GP,main,0.06394481658935547,0.0013169315494896891,0.06563706563706563,0.0014965131244201013,0.06563706563706563
True,,,,,,0.000904895484571532,0.003875968992248062,0.0014815479931759002,0.019305019305019305,1.3204633204633205,3.034704139355302,fing_x_face,8,0.001,ri_V>face_C>face_G>li_V,4,S1-Marcialis,rule,main,0.0054590702056884766,,,,
True,,,,,,0.000904895484571532,0.003875968992248062,0.0014815479931759002,0.019305019305019305,1.3204633204633205,3.034704139355302,fing_x_face,8,0.001,ri_V>face_C>face_G>li_V,4,S2-Symmetric,rule,main,0.059551239013671875,,,,
False,,,,,,,,,,,,fing_x_face,8,0.001,ri_V>face_C>face_G>li_V,4,S4-Direct,rule,main,3.5762786865234375e-06,,,,
False,,,,,,,,,,,,fing_x_face,8,0.001,ri_V>face_C>li_V>face_G,4,HYP,GP,main,0.11611413955688477,,,,
True,0.038575275588858204,0.0010000000000000837,0.03583822553739033,0.001595149878568539,0.0007938251704114146,0.0008898138931620064,0.003875968992248062,0.0008679776121636587,0.015444015444015444,1.1274131274131274,2.655772051120888,fing_x_face,8,0.001,ri_V>face_C>li_V>face_G,4,MONO,GP,main,0.0504763126373291,0.0010176289246056687,0.011583011583011582,0.00118224536829188,0.015444015444015444
True,0.028151923174598907,0.001000000000000382,0.026076161469637656,0.0023906773164042014,0.0008357070524289529,0.000904895484571532,0.007751937984496124,0.0009278381371404627,0.015444015444015444,1.1274131274131274,2.5051629702792493,fing_x_face,8,0.001,ri_V>face_C>li_V>face_G,4,MONO-rel,GP,main,0.040402889251708984,0.001122384843315076,0.011583011583011582,0.0011972104995360809,0.015444015444015444
True,0.040745668477084225,0.00100000000000036,0.03777446073999269,0.0016597924243031401,0.000772918874164016,0.0009199770759810575,0.003875968992248062,0.0008081170871868546,0.015444015444015444,1.1274131274131274,2.655831911645865,fing_x_face,8,0.001,ri_V>face_C>li_V>face_G,4,LR-P1-N2,GP,main,0.0570523738861084,0.0009278381371404627,0.011583011583011582,0.001047559187094071,0.015444015444015444
True,0.02817394281300394,0.0010000000000003574,0.026123233209195202,0.0023906773164042014,0.0008290679823580105,0.000904895484571532,0.007751937984496124,0.0009278381371404627,0.015444015444015444,1.1274131274131274,2.4712370177486456,fing_x_face,8,0.001,ri_V>face_C>li_V>face_G,4,LR-P1-N2-rel,GP,main,0.06053948402404785,0.001122384843315076,0.011583011583011582,0.0011972104995360809,0.015444015444015444
True,0.04270716018227246,0.001000000000000454,0.038521315270822865,0.005507470146535129,0.000907410286574348,0.0009803034416191597,0.007751937984496124,0.0009428032683846638,0.015444015444015444,1.1274131274131274,2.5408997036904015,fing_x_face,8,0.001,ri_V>face_C>li_V>face_G,4,LR-P2-N2,GP,main,0.04983782768249512,0.001092454580826674,0.015444015444015444,0.0011523151058034779,0.015444015444015444
True,0.03234381864710519,0.0010000000000004693,0.029928841617428602,0.006321013430450336,0.0007262382965149492,0.0012517720869906193,0.007751937984496124,0.0011972104995360809,0.02702702702702703,1.1081081081081081,1.6277573254317441,fing_x_face,8,0.001,ri_V>face_C>li_V>face_G,4,LR-P2-N2-rel,GP,main,0.03761553764343262,0.0015563736493969052,0.023166023166023165,0.0018257460117925234,0.023166023166023165
True,0.04018090776424683,0.0010000000000000794,0.037244734096593776,0.0016597924243031401,0.0007743672727095441,0.0009199770759810575,0.003875968992248062,0.0008081170871868546,0.015444015444015444,1.1274131274131274,2.655831911645865,fing_x_face,8,0.001,ri_V>face_C>li_V>face_G,4,LR-P1-N3,GP,main,0.040238380432128906,0.0009278381371404627,0.011583011583011582,0.001047559187094071,0.015444015444015444
True,0.036167318981073227,0.0010000000000008494,0.03369072304624776,0.0016129558286662488,0.0008119797940607053,0.0008898138931620064,0.003875968992248062,0.0008679776121636587,0.015444015444015444,1.1274131274131274,2.619706084822364,fing_x_face,8,0.001,ri_V>face_C>li_V>face_G,4,NLS-N2,GP,main,0.03117060661315918,0.0010176289246056687,0.011583011583011582,0.001167280237047679,0.015444015444015444
True,0.04009258720771232,0.001000000000000058,0.037174791865431135,0.0016597924243031401,0.0007743672727095441,0.0009199770759810575,0.003875968992248062,0.0008081170871868546,0.015444015444015444,1.1274131274131274,2.655831911645865,fing_x_face,8,0.001,ri_V>face_C>li_V>face_G,4,DE-N2,GP,main,0.03203296661376953,0.0009278381371404627,0.011583011583011582,0.001047559187094071,0.015444015444015444
True,0.08236209926071235,0.0010000000000001592,0.07605372035129726,0.04294232913169786,0.000692636977445275,0.0010406298072572619,0.04263565891472868,0.001346861811978091,0.06563706563706563,1.0617760617760619,1.0721319325970489,fing_x_face,8,0.001,ri_V>face_C>li_V>face_G,4,MAXMONO-K3,GP,main,0.05193972587585449,0.0016461644368621112,0.06563706563706563,0.0019005716680135284,0.05791505791505792
True,,,,,,0.0009953850330286851,0.01937984496124031,0.0003292328873724223,0.023166023166023165,1.308880308880309,3.043862799676753,fing_x_face,8,0.001,ri_V>face_C>li_V>face_G,4,S1-Marcialis,rule,main,0.004746913909912109,,,,
True,,,,,,0.0009953850330286851,0.01937984496124031,0.0003292328873724223,0.023166023166023165,1.308880308880309,3.043862799676753,fing_x_face,8,0.001,ri_V>face_C>li_V>face_G,4,S2-Symmetric,rule,main,0.03833365440368652,,,,
False,,,,,,,,,,,,fing_x_face,8,0.001,ri_V>face_C>li_V>face_G,4,S4-Direct,rule,main,4.0531158447265625e-06,,,,
False,,,,,,,,,,,,fing_x_face,8,0.001,ri_V>face_G>face_C>li_V,4,HYP,GP,main,0.04795074462890625,,,,
True,0.041344902753505504,0.001000000000000082,0.0379291384278656,0.0012757396525858043,0.0007643117537718099,0.0008144059361143788,0.007751937984496124,0.0010176289246056687,0.015444015444015444,1.1428571428571428,3.2244919337942592,fing_x_face,8,0.001,ri_V>face_G>face_C>li_V,4,MONO,GP,main,0.03465461730957031,0.0011074197120708748,0.011583011583011582,0.001212175630780282,0.015444015444015444
True,0.030091889430358995,0.0010000000000004265,0.028246766518150647,0.0025029242708189217,0.0008847405646660673,0.0013120984526287214,0.0,0.001301966418245488,0.015444015444015444,1.1312741312741312,2.3913381820358564,fing_x_face,8,0.001,ri_V>face_G>face_C>li_V,4,MONO-rel,GP,main,0.03149914741516113,0.001466582861931699,0.015444015444015444,0.0016611295681063123,0.015444015444015444
True,0.04281843253763803,0.0010000000000008316,0.03935948508169501,0.005188219712332113,0.0007014749934493122,0.0007239163876572256,0.011627906976744186,0.0007632216934542516,0.015444015444015444,1.138996138996139,2.924964831941576,fing_x_face,8,0.001,ri_V>face_G>face_C>li_V,4,LR-P1-N2,GP,main,0.0402531623840332,0.0009278381371404627,0.015444015444015444,0.0010325940558498698,0.015444015444015444
True,0.030097721702203387,0.0010000000000001256,0.028239937414890996,0.0025976212128170084,0.0008749358722075281,0.0012668536784001447,0.0,0.001287001287001287,0.015444015444015444,1.1312741312741312,2.3775403310287033,fing_x_face,8,0.001,ri_V>face_G>face_C>li_V,4,LR-P1-N2-rel,GP,main,0.03346705436706543,0.001466582861931699,0.015444015444015444,0.0016461644368621112,0.015444015444015444
True,0.04544271789127208,0.0010000000000000473,0.04040438100468611,0.0013122787062149624,0.0009499076163709825,0.0009803034416191597,0.003875968992248062,0.0009876986621172668,0.015444015444015444,1.138996138996139,3.224147735775643,fing_x_face,8,0.001,ri_V>face_G>face_C>li_V,4,LR-P2-N2,GP,main,0.05065584182739258,0.0010774894495824729,0.011583011583011582,0.00118224536829188,0.015444015444015444
True,0.035260629848553084,0.001000000000000368,0.03309361795544676,0.006552754844407386,0.0008727156322141595,0.0015684855065906554,0.003875968992248062,0.0014067223369548952,0.03088803088803089,1.111969111969112,1.6685822034659243,fing_x_face,8,0.001,ri_V>face_G>face_C>li_V,4,LR-P2-N2-rel,GP,main,0.03121781349182129,0.0019005716680135284,0.023166023166023165,0.0020202927179671366,0.02702702702702703
True,0.04225772671220411,0.0010000000000110146,0.0388457971085115,0.0013627219016257453,0.0007557967267283908,0.0007691611618858022,0.007751937984496124,0.0008081170871868546,0.015444015444015444,1.138996138996139,3.2244919337942592,fing_x_face,8,0.001,ri_V>face_G>face_C>li_V,4,LR-P1-N3,GP,main,0.03192472457885742,0.0009278381371404627,0.011583011583011582,0.0010325940558498698,0.015444015444015444
True,0.03863773520009856,0.0010000000000020767,0.03570608041891087,0.0013774565995505442,0.0007990793552410528,0.0008445691189334298,0.007751937984496124,0.0010026637933614679,0.015444015444015444,1.138996138996139,3.2034359941336685,fing_x_face,8,0.001,ri_V>face_G>face_C>li_V,4,NLS-N2,GP,main,0.039647579193115234,0.0011074197120708748,0.011583011583011582,0.001227140762024483,0.015444015444015444
True,0.04215854230278227,0.0010000000000002188,0.03876612093792238,0.0013337278186124318,0.0007709748098208568,0.0007993243447048532,0.007751937984496124,0.0009428032683846638,0.015444015444015444,1.138996138996139,3.2244919337942592,fing_x_face,8,0.001,ri_V>face_G>face_C>li_V,4,DE-N2,GP,main,0.03141522407531738,0.0010176289246056687,0.011583011583011582,0.0011074197120708748,0.015444015444015444
True,0.09913206344891379,0.0010000000000004567,0.08939760439465207,0.04305928317277617,0.0008255313237073718,0.001100956172895364,0.04263565891472868,0.001047559187094071,0.07335907335907337,1.057915057915058,1.0530214599982042,fing_x_face,8,0.001,ri_V>face_G>face_C>li_V,4,MAXMONO-K3,GP,main,0.056403398513793945,0.001346861811978091,0.0694980694980695,0.00133189668073389,0.0694980694980695
True,,,,,,0.000904895484571532,0.003875968992248062,0.0014815479931759002,0.019305019305019305,1.3204633204633205,3.22588369099997,fing_x_face,8,0.001,ri_V>face_G>face_C>li_V,4,S1-Marcialis,rule,main,0.005078792572021484,,,,
True,,,,,,0.000904895484571532,0.003875968992248062,0.0014815479931759002,0.019305019305019305,1.3204633204633205,3.22588369099997,fing_x_face,8,0.001,ri_V>face_G>face_C>li_V,4,S2-Symmetric,rule,main,0.0563654899597168,,,,
False,,,,,,,,,,,,fing_x_face,8,0.001,ri_V>face_G>face_C>li_V,4,S4-Direct,rule,main,4.5299530029296875e-06,,,,
False,,,,,,,,,,,,fing_x_face,8,0.001,ri_V>face_G>li_V>face_C,4,HYP,GP,main,0.05219149589538574,,,,
True,0.042327735097750036,0.0010000000000004025,0.03833217878796353,0.005899569382278672,0.0006669746765875839,0.0007540795704762766,0.007751937984496124,0.0007332914309658496,0.023166023166023165,1.1312741312741312,2.6332495285983657,fing_x_face,8,0.001,ri_V>face_G>li_V>face_C,4,MONO,GP,main,0.03718161582946777,0.0009278381371404627,0.02702702702702703,0.0010325940558498698,0.023166023166023165
True,0.032456294261223866,0.0010000000000001353,0.029784165150834797,0.0067681243717813274,0.0008000927867330828,0.0009652218502096341,0.007751937984496124,0.0008829427434078596,0.023166023166023165,1.1312741312741312,2.4671365717877345,fing_x_face,8,0.001,ri_V>face_G>li_V>face_C,4,MONO-rel,GP,main,0.03749847412109375,0.0011523151058034779,0.023166023166023165,0.001242105893268684,0.023166023166023165
True,0.04394758501282016,0.0010000000000004949,0.03982307844277894,0.0021094871174621357,0.0007665027150090281,0.0007993243447048532,0.003875968992248062,0.0008230822184310556,0.023166023166023165,1.1312741312741312,2.9458262248959923,fing_x_face,8,0.001,ri_V>face_G>li_V>face_C,4,LR-P1-N2,GP,main,0.055829763412475586,0.0010774894495824729,0.023166023166023165,0.00118224536829188,0.023166023166023165
True,0.03244377534070831,0.0010000000000003368,0.029787530088875,0.006487161673000218,0.0008198930249655554,0.0010406298072572619,0.007751937984496124,0.0009727335308730657,0.023166023166023165,1.1312741312741312,2.416090509113765,fing_x_face,8,0.001,ri_V>face_G>li_V>face_C,4,LR-P1-N2-rel,GP,main,0.04764246940612793,0.001272036155757086,0.023166023166023165,0.00133189668073389,0.023166023166023165
True,0.0454942958606454,0.0010000000000003812,0.040344876481834,0.0020834207448535104,0.0009099101691523787,0.0009803034416191597,0.003875968992248062,0.0009428032683846638,0.02702702702702703,1.135135135135135,3.0330130795247072,fing_x_face,8,0.001,ri_V>face_G>li_V>face_C,4,LR-P2-N2,GP,main,0.05088162422180176,0.0010325940558498698,0.019305019305019305,0.0010625243183382718,0.02702702702702703
True,0.03808828979186847,0.0010000000000002366,0.0352877661263879,0.01430833553981406,0.0007584696364660946,0.001070792990076313,0.015503875968992248,0.001257071024512885,0.04247104247104247,1.1081081081081081,1.5303343210319955,fing_x_face,8,0.001,ri_V>face_G>li_V>face_C,4,LR-P2-N2-rel,GP,main,0.033301591873168945,0.0016760946993505132,0.03861003861003861,0.0017509203555715184,0.04247104247104247
True,0.043387002436125255,0.001000000000000161,0.03931304028327259,0.0021094871174621357,0.0007665027150090281,0.0007993243447048532,0.003875968992248062,0.0008230822184310556,0.023166023166023165,1.1312741312741312,2.9458262248959923,fing_x_face,8,0.001,ri_V>face_G>li_V>face_C,4,LR-P1-N3,GP,main,0.03563833236694336,0.0010774894495824729,0.023166023166023165,0.00118224536829188,0.023166023166023165
True,0.03972108222352603,0.0010000000000006948,0.03619069689642115,0.0020373370664159745,0.0007562391764319668,0.0008144059361143788,0.003875968992248062,0.0007781868246984526,0.023166023166023165,1.1312741312741312,2.881251683577265,fing_x_face,8,0.001,ri_V>face_G>li_V>face_C,4,NLS-N2,GP,main,0.03365969657897949,0.0010325940558498698,0.023166023166023165,0.001122384843315076,0.023166023166023165
True,0.04325820434350919,0.001000000000000137,0.03922192983348502,0.0021094871174621357,0.0007665027150090281,0.0007993243447048532,0.003875968992248062,0.0008230822184310556,0.023166023166023165,1.1312741312741312,2.9458262248959923,fing_x_face,8,0.001,ri_V>face_G>li_V>face_C,4,DE-N2,GP,main,0.039370059967041016,0.0010774894495824729,0.023166023166023165,0.00118224536829188,0.023166023166023165
True,0.09898469821236172,0.0010000000000002756,0.08860856819100629,0.04333522190966951,0.0008479968497123091,0.0012517720869906193,0.04263565891472868,0.001167280237047679,0.07335907335907337,1.057915057915058,1.0751698542396217,fing_x_face,8,0.001,ri_V>face_G>li_V>face_C,4,MAXMONO-K3,GP,main,0.062469482421875,0.0014366525994432972,0.0694980694980695,0.0014965131244201013,0.06177606177606178
True,,,,,,0.0009953850330286851,0.015503875968992248,0.001257071024512885,0.019305019305019305,1.3166023166023166,3.39651611744635,fing_x_face,8,0.001,ri_V>face_G>li_V>face_C,4,S1-Marcialis,rule,main,0.0063097476959228516,,,,
True,,,,,,0.0009953850330286851,0.015503875968992248,0.001257071024512885,0.019305019305019305,1.3166023166023166,3.39651611744635,fing_x_face,8,0.001,ri_V>face_G>li_V>face_C,4,S2-Symmetric,rule,main,0.06319665908813477,,,,
False,,,,,,,,,,,,fing_x_face,8,0.001,ri_V>face_G>li_V>face_C,4,S4-Direct,rule,main,5.245208740234375e-06,,,,
False,,,,,,,,,,,,fing_x_face,8,0.001,ri_V>li_V>face_C>face_G,4,HYP,GP,main,0.09620070457458496,,,,
True,0.04101122774944677,0.0010000000000001228,0.03750441779947819,0.0011806310436297965,0.0009434536464205865,0.0015081591409525533,0.003875968992248062,0.001212175630780282,0.015444015444015444,1.193050193050193,2.8778097033910988,fing_x_face,8,0.001,ri_V>li_V>face_C>face_G,4,MONO,GP,main,0.035407066345214844,0.0014366525994432972,0.011583011583011582,0.0014815479931759002,0.015444015444015444
True,0.031986801353711534,0.0010000000000001893,0.029370337307529897,0.003318083076710444,0.0009206076711849513,0.0023225650770669322,0.01937984496124031,0.0015414085181527043,0.03088803088803089,1.1737451737451738,2.4770285235401515,fing_x_face,8,0.001,ri_V>li_V>face_C>face_G,4,MONO-rel,GP,main,0.03525090217590332,0.0019155367992577295,0.023166023166023165,0.002095118374188142,0.03088803088803089
True,0.04348814391051587,0.0010000000000000616,0.03955499260569316,0.0011806310436297965,0.0009302277501755395,0.0015383223237716043,0.003875968992248062,0.00118224536829188,0.015444015444015444,1.193050193050193,2.8716141390559997,fing_x_face,8,0.001,ri_V>li_V>face_C>face_G,4,LR-P1-N2,GP,main,0.035657405853271484,0.001421687468199096,0.011583011583011582,0.0014516177306874982,0.015444015444015444
True,0.03188661363336629,0.0010000000000001486,0.029300846397524487,0.003318083076710444,0.0009209081779391704,0.0023225650770669322,0.01937984496124031,0.0015414085181527043,0.03088803088803089,1.1737451737451738,2.476998593277663,fing_x_face,8,0.001,ri_V>li_V>face_C>face_G,4,LR-P1-N2-rel,GP,main,0.03526759147644043,0.0019305019305019305,0.023166023166023165,0.002095118374188142,0.03088803088803089
True,0.042384433573140125,0.001000000000003998,0.03825789539543012,0.0012497613008727872,0.0009532000327832784,0.0012065273127620426,0.003875968992248062,0.001257071024512885,0.015444015444015444,1.1891891891891893,3.010789859627069,fing_x_face,8,0.001,ri_V>li_V>face_C>face_G,4,LR-P2-N2,GP,main,0.03632164001464844,0.0014965131244201013,0.011583011583011582,0.0015863039118853071,0.015444015444015444
True,0.03594708310045285,0.0010000000000003689,0.033064650772534745,0.008955091544060602,0.0006692347159922197,0.0017796277863240128,0.01937984496124031,0.0016162341743737093,0.03861003861003861,1.1583011583011582,2.073927748346353,fing_x_face,8,0.001,ri_V>li_V>face_C>face_G,4,LR-P2-N2-rel,GP,main,0.03773045539855957,0.0019305019305019305,0.03861003861003861,0.0019454670617461314,0.03861003861003861
True,0.04293089328551977,0.0010000000000000154,0.03904739152364985,0.0011806310436297965,0.0009308870768484701,0.0015383223237716043,0.003875968992248062,0.00118224536829188,0.015444015444015444,1.193050193050193,2.872167848912035,fing_x_face,8,0.001,ri_V>li_V>face_C>face_G,4,LR-P1-N3,GP,main,0.03705644607543945,0.001421687468199096,0.011583011583011582,0.0014516177306874982,0.015444015444015444
True,0.03885695394608131,0.0010000000000004452,0.03562221892736908,0.0011143332536685548,0.0009478761283715718,0.0017343830120954363,0.003875968992248062,0.0013618269432222922,0.015444015444015444,1.193050193050193,2.8418185627487955,fing_x_face,8,0.001,ri_V>li_V>face_C>face_G,4,NLS-N2,GP,main,0.03640866279602051,0.0014965131244201013,0.011583011583011582,0.0017209900930831162,0.015444015444015444
True,0.04276703831974791,0.0010000000000006469,0.038931238629278414,0.005009374794132666,0.0008887102221334988,0.0014779959581335022,0.007751937984496124,0.001122384843315076,0.015444015444015444,1.193050193050193,2.630061955643351,fing_x_face,8,0.001,ri_V>li_V>face_C>face_G,4,DE-N2,GP,main,0.03986859321594238,0.0014067223369548952,0.015444015444015444,0.001421687468199096,0.015444015444015444
True,0.09059716813889336,0.0010000000000002587,0.0825482758427016,0.037625834536944604,0.0007709066341623088,0.0010858745814858383,0.03875968992248062,0.001287001287001287,0.08108108108108109,1.0810810810810811,1.0812756277872557,fing_x_face,8,0.001,ri_V>li_V>face_C>face_G,4,MAXMONO-K3,GP,main,0.08817601203918457,0.0016611295681063123,0.07722007722007722,0.0018556762742809253,0.07335907335907337
True,,,,,,0.0009953850330286851,0.01937984496124031,0.00034419801861662326,0.023166023166023165,1.3629343629343629,3.2716021669510043,fing_x_face,8,0.001,ri_V>li_V>face_C>face_G,4,S1-Marcialis,rule,main,0.006907463073730469,,,,
True,,,,,,0.0009953850330286851,0.01937984496124031,0.00034419801861662326,0.023166023166023165,1.3629343629343629,3.2716021669510043,fing_x_face,8,0.001,ri_V>li_V>face_C>face_G,4,S2-Symmetric,rule,main,0.05308842658996582,,,,
False,,,,,,,,,,,,fing_x_face,8,0.001,ri_V>li_V>face_C>face_G,4,S4-Direct,rule,main,4.0531158447265625e-06,,,,
False,,,,,,,,,,,,fing_x_face,8,0.001,ri_V>li_V>face_G>face_C,4,HYP,GP,main,0.11973977088928223,,,,
True,0.041762807661829764,0.0010000000000000714,0.03786182641988852,0.0013252561459520568,0.000964008935088507,0.0013422616354477725,0.003875968992248062,0.0014366525994432972,0.015444015444015444,1.2007722007722008,2.9311005357516984,fing_x_face,8,0.001,ri_V>li_V>face_G>face_C,4,MONO,GP,main,0.04818153381347656,0.0016461644368621112,0.011583011583011582,0.0017808506180599204,0.015444015444015444
True,0.03303176783961301,0.001000000000000049,0.030214829073248604,0.004496208910234471,0.0009283848584764813,0.0017796277863240128,0.01937984496124031,0.0021699440304091466,0.03861003861003861,1.1544401544401544,2.3485379066774414,fing_x_face,8,0.001,ri_V>li_V>face_G>face_C,4,MONO-rel,GP,main,0.042162179946899414,0.002753584148932986,0.03474903474903475,0.002708688755200383,0.03474903474903475
True,0.04410488150416982,0.0010000000000001531,0.03983358899455182,0.0013540660621684055,0.0009301984103207565,0.0012366904955810937,0.003875968992248062,0.001287001287001287,0.015444015444015444,1.2007722007722008,2.94521265451498,fing_x_face,8,0.001,ri_V>li_V>face_G>face_C,4,LR-P1-N2,GP,main,0.04797959327697754,0.0015264433869085032,0.011583011583011582,0.0017060249618389154,0.015444015444015444
True,0.032951842595281035,0.0010000000000001139,0.030171714950139716,0.004446680229359596,0.0009355947577741934,0.0017645461949144874,0.01937984496124031,0.0021998742928975488,0.03861003861003861,1.1544401544401544,2.3497949777019547,fing_x_face,8,0.001,ri_V>li_V>face_G>face_C,4,LR-P1-N2-rel,GP,main,0.028904438018798828,0.0027236538864445843,0.03474903474903475,0.002708688755200383,0.03474903474903475
True,0.04294405897141865,0.0010000000000002995,0.03852378151294992,0.0013212613514590726,0.0009594846222867047,0.001100956172895364,0.003875968992248062,0.001346861811978091,0.015444015444015444,1.2007722007722008,3.122384843315076,fing_x_face,8,0.001,ri_V>li_V>face_G>face_C,4,LR-P2-N2,GP,main,0.03223419189453125,0.0014965131244201013,0.011583011583011582,0.0015414085181527043,0.015444015444015444
True,0.03783741555068036,0.0010000000000003927,0.034752282458535615,0.00892548131477803,0.0006095643192012726,0.0012819352698096704,0.023255813953488372,0.0018407111430367245,0.05405405405405406,1.1312741312741312,1.8073389003621563,fing_x_face,8,0.001,ri_V>li_V>face_G>face_C,4,LR-P2-N2-rel,GP,main,0.03001260757446289,0.0021998742928975488,0.05405405405405406,0.0022597348178743527,0.04247104247104247
True,0.04354818780087072,0.0010000000000002622,0.03932820758878683,0.005175872411929731,0.0008874523822059294,0.0012065273127620426,0.007751937984496124,0.001212175630780282,0.015444015444015444,1.2007722007722008,2.695130346293137,fing_x_face,8,0.001,ri_V>li_V>face_G>face_C,4,LR-P1-N3,GP,main,0.03586578369140625,0.0015114782556643021,0.015444015444015444,0.0016461644368621112,0.015444015444015444
True,0.03961227776054123,0.0010000000000003689,0.036023841082370264,0.0013984489060692678,0.0009669078282782753,0.0015383223237716043,0.003875968992248062,0.0015264433869085032,0.015444015444015444,1.2007722007722008,2.8804136362275896,fing_x_face,8,0.001,ri_V>li_V>face_G>face_C,4,NLS-N2,GP,main,0.03391313552856445,0.0017808506180599204,0.011583011583011582,0.0019155367992577295,0.015444015444015444
True,0.04338257146967057,0.0010000000000003235,0.03921558612504487,0.0013540660621684055,0.0009316127371058905,0.0012366904955810937,0.003875968992248062,0.001287001287001287,0.015444015444015444,1.2007722007722008,2.947592110382808,fing_x_face,8,0.001,ri_V>li_V>face_G>face_C,4,DE-N2,GP,main,0.03811311721801758,0.0015563736493969052,0.011583011583011582,0.0017060249618389154,0.015444015444015444
True,0.09483329414865592,0.001000000000000446,0.08534066941882491,0.04300329917483416,0.0008941909877074059,0.0019153621090097427,0.04263565891472868,0.0019604321929903327,0.0694980694980695,1.0888030888030888,1.0786567298195204,fing_x_face,8,0.001,ri_V>li_V>face_G>face_C,4,MAXMONO-K3,GP,main,0.05939221382141113,0.002544072311514172,0.0694980694980695,0.002454281524048966,0.06177606177606178
True,,,,,,0.0009953850330286851,0.015503875968992248,0.001257071024512885,0.019305019305019305,1.3706563706563706,3.433075933075933,fing_x_face,8,0.001,ri_V>li_V>face_G>face_C,4,S1-Marcialis,rule,main,0.0046498775482177734,,,,
True,,,,,,0.0009953850330286851,0.015503875968992248,0.001257071024512885,0.019305019305019305,1.3706563706563706,3.433075933075933,fing_x_face,8,0.001,ri_V>li_V>face_G>face_C,4,S2-Symmetric,rule,main,0.05196714401245117,,,,
False,,,,,,,,,,,,fing_x_face,8,0.001,ri_V>li_V>face_G>face_C,4,S4-Direct,rule,main,4.5299530029296875e-06,,,,
True,,,,,,0.0009953850330286851,0.011627906976744186,0.001287001287001287,0.011583011583011582,4.0,4.0,fing_x_face,8,0.001,parallel(face_C+face_G+li_V+ri_V),4,P0-Parallel,rule,main,0.0,,,,
