dataset,seed,alpha,order,n_stages,method,kind,calib,B,frr_pred_gp,frr_pred_cal,feasible,far_train,frr_train,far_test,frr_test,stages_gen,stages_imp,thr,time,gp_feasible
fing_x_face,0,0.01,face_C,1,HYP,GP,boot,300,0.3875968992248058,0.5109343936381697,True,0.0075860404789913,0.0930232558139534,0.0082906827092873,0.0849420849420849,1.0,1.0,[0.6154500246047974],0.0447773933410644,
fing_x_face,0,0.01,face_C,1,MONO,GP,boot,300,0.1015584409404619,0.1091219415976281,True,0.0075860404789913,0.0930232558139534,0.0082906827092873,0.0849420849420849,1.0,1.0,[0.6154500246047974],0.0250031948089599,
fing_x_face,0,0.01,face_C,1,MONO-rel,GP,boot,300,0.1047198040040743,0.1189109500764903,True,0.0075860404789913,0.0930232558139534,0.0082906827092873,0.0849420849420849,1.0,1.0,[0.6154500246047974],0.0236241817474365,
fing_x_face,0,0.01,face_C,1,NLS-N2,GP,boot,300,0.0974120718734697,0.1053330050213558,True,0.0075860404789913,0.0930232558139534,0.0082906827092873,0.0849420849420849,1.0,1.0,[0.6154500246047974],0.023083209991455,
fing_x_face,0,0.01,face_C,1,DE-N2,GP,boot,300,0.1038684302197305,0.111222490595271,True,0.0075860404789913,0.0930232558139534,0.0082906827092873,0.0849420849420849,1.0,1.0,[0.6154500246047974],0.026047945022583,
fing_x_face,0,0.01,face_C,1,MAXMONO-K3,GP,boot,300,0.1464870501693807,0.182720430181378,True,0.0075860404789913,0.0930232558139534,0.0082906827092873,0.0849420849420849,1.0,1.0,[0.6154500246047974],0.0236377716064453,
fing_x_face,0,0.01,face_C,1,MONO-cont,GP,boot,300,0.1038721708001066,0.1112262910194782,True,0.0075860404789913,0.0930232558139534,0.0082906827092873,0.0849420849420849,1.0,1.0,[0.6154500246047974],0.0261769294738769,
fing_x_face,0,0.01,face_G,1,HYP,GP,boot,300,0.7655369034850635,1.0,True,0.0074653877477151,0.1162790697674418,0.0101164287210798,0.1158301158301158,1.0,1.0,[73.87599182128906],0.023730993270874,
fing_x_face,0,0.01,face_G,1,MONO,GP,boot,300,0.1445082758882186,0.1541065855805532,True,0.0074653877477151,0.1162790697674418,0.0101164287210798,0.1158301158301158,1.0,1.0,[73.87599182128906],0.0288755893707275,
fing_x_face,0,0.01,face_G,1,MONO-rel,GP,boot,300,0.1260376128266459,0.1416704329462846,True,0.0074653877477151,0.1162790697674418,0.0101164287210798,0.1158301158301158,1.0,1.0,[73.87599182128906],0.0291554927825927,
fing_x_face,0,0.01,face_G,1,NLS-N2,GP,boot,300,0.1392678080907337,0.149178831712111,True,0.0074653877477151,0.1162790697674418,0.0101164287210798,0.1158301158301158,1.0,1.0,[73.87599182128906],0.0241854190826416,
fing_x_face,0,0.01,face_G,1,DE-N2,GP,boot,300,0.1458397647139082,0.155361569481008,True,0.0074653877477151,0.1162790697674418,0.0101164287210798,0.1158301158301158,1.0,1.0,[73.87599182128906],0.0258491039276123,
fing_x_face,0,0.01,face_G,1,MAXMONO-K3,GP,boot,300,0.1970127965448772,0.2375422791999443,True,0.0074653877477151,0.1162790697674418,0.0101164287210798,0.1158301158301158,1.0,1.0,[73.87599182128906],0.0269882678985595,
fing_x_face,0,0.01,face_G,1,MONO-cont,GP,boot,300,0.1458286705647763,0.1553511182738988,True,0.0074653877477151,0.1162790697674418,0.0101164287210798,0.1158301158301158,1.0,1.0,[73.87599182128906],0.0313525199890136,
fing_x_face,0,0.01,li_V,1,HYP,GP,boot,300,,,False,,,,,,,,,
fing_x_face,0,0.01,li_V,1,MONO,GP,boot,300,0.1522709017907881,0.1589767229112267,True,0.0069827768226103,0.1472868217054263,0.0080063452156475,0.1042471042471042,1.0,1.0,[19.0],0.0239908695220947,
fing_x_face,0,0.01,li_V,1,MONO-rel,GP,boot,300,0.1590684254622134,0.1696910406838958,True,0.0069827768226103,0.1472868217054263,0.0080063452156475,0.1042471042471042,1.0,1.0,[19.0],0.0227367877960205,
fing_x_face,0,0.01,li_V,1,NLS-N2,GP,boot,300,0.1531570986847762,0.1603604322964694,True,0.0069827768226103,0.1472868217054263,0.0080063452156475,0.1042471042471042,1.0,1.0,[19.0],0.0230448246002197,
fing_x_face,0,0.01,li_V,1,DE-N2,GP,boot,300,0.1524438224191132,0.1589147286822113,True,0.0069827768226103,0.1472868217054263,0.0080063452156475,0.1042471042471042,1.0,1.0,[19.0],0.0228476524353027,
fing_x_face,0,0.01,li_V,1,MAXMONO-K3,GP,boot,300,0.2047803675195033,0.2280761480276084,True,0.0069827768226103,0.1472868217054263,0.0080063452156475,0.1042471042471042,1.0,1.0,[19.0],0.0232303142547607,
fing_x_face,0,0.01,li_V,1,MONO-cont,GP,boot,300,0.1524412888239076,0.1589147286821705,True,0.0069827768226103,0.1472868217054263,0.0080063452156475,0.1042471042471042,1.0,1.0,[19.0],0.022806167602539,
fing_x_face,0,0.01,ri_V,1,HYP,GP,boot,300,,,False,,,,,,,,,
fing_x_face,0,0.01,ri_V,1,MONO,GP,boot,300,0.0761042558146076,0.0834418613049471,True,0.005625433595753,0.0736434108527131,0.0047589117356559,0.0772200772200772,1.0,1.0,[20.0],0.0288472175598144,
fing_x_face,0,0.01,ri_V,1,MONO-rel,GP,boot,300,0.0772030105227244,0.0886332747026026,True,0.005625433595753,0.0736434108527131,0.0047589117356559,0.0772200772200772,1.0,1.0,[20.0],0.0201280117034912,
fing_x_face,0,0.01,ri_V,1,NLS-N2,GP,boot,300,0.0759603307196496,0.0833080007428588,True,0.005625433595753,0.0736434108527131,0.0047589117356559,0.0772200772200772,1.0,1.0,[20.0],0.0206286907196044,
fing_x_face,0,0.01,ri_V,1,DE-N2,GP,boot,300,0.0742433384425353,0.08170808148498,True,0.005625433595753,0.0736434108527131,0.0047589117356559,0.0772200772200772,1.0,1.0,[20.0],0.0194737911224365,
fing_x_face,0,0.01,ri_V,1,MAXMONO-K3,GP,boot,300,0.1034396073374732,0.1160968791101712,True,0.005625433595753,0.0736434108527131,0.0047589117356559,0.0772200772200772,1.0,1.0,[20.0],0.0202200412750244,
fing_x_face,0,0.01,ri_V,1,MONO-cont,GP,boot,300,0.0742529039935828,0.0817170102614847,True,0.005625433595753,0.0736434108527131,0.0047589117356559,0.0772200772200772,1.0,1.0,[20.0],0.0189340114593505,
fing_x_face,0,0.01,face_C>face_G,2,HYP,GP,boot,300,0.1356511097187548,0.6664149127776966,True,0.007721774801677,0.065891472868217,0.0092634162401604,0.0656370656370656,1.061776061776062,1.0562539283469516,"[[0.6233900785446167, 0.5832600593566895], 73.71050262451172]",0.0387885570526123,
fing_x_face,0,0.01,face_C>face_G,2,MONO,GP,boot,300,0.0511053393615903,0.0472602673042672,True,0.0079630802642294,0.065891472868217,0.010206219508545,0.0694980694980695,1.1003861003861004,1.994717308670797,"[[0.6218100786209106, -Infinity], 74.24978637695312]",0.0276660919189453,
fing_x_face,0,0.01,face_C>face_G,2,MONO-rel,GP,boot,300,0.0353959359253925,0.040311770555418,True,0.0079479986728199,0.065891472868217,0.0102361497710334,0.0733590733590733,1.0926640926640927,1.5715931878722575,"[[0.6219900846481323, 0.5252600312232971], 74.22075653076172]",0.0391736030578613,
fing_x_face,0,0.01,face_C>face_G,2,NLS-N2,GP,boot,300,0.0458514183777245,0.0428719945904767,True,0.0079932434470485,0.0620155038759689,0.0102361497710334,0.0656370656370656,1.0965250965250966,1.9946873784083088,"[[0.621660053730011, -Infinity], 74.24987030029297]",0.038470983505249,
fing_x_face,0,0.01,face_C>face_G,2,DE-N2,GP,boot,300,0.0540825509923825,0.0497904087235719,True,0.0079178354900009,0.065891472868217,0.0101463589835682,0.0694980694980695,1.1003861003861004,1.9948370297207507,"[[0.6220600605010986, -Infinity], 74.24305725097656]",0.0571334362030029,
fing_x_face,0,0.01,face_C>face_G,2,MAXMONO-K3,GP,boot,300,0.0761551185669665,0.1264245423542312,True,0.008008325038458,0.065891472868217,0.009607614258777,0.0733590733590733,1.0733590733590734,1.2490796444284815,"[[0.6178200840950012, 0.5524800419807434], 74.46160888671875]",0.0451183319091796,
fing_x_face,0,0.01,face_C>face_G,2,MONO-cont,GP,boot,300,0.0540843230479554,0.0497921794466826,True,0.0079178354900009,0.065891472868217,0.0101463589835682,0.0694980694980695,1.1003861003861004,1.9948370297207507,"[[0.6220600605010986, -Infinity], 74.24305725097656]",0.0296447277069091,
fing_x_face,0,0.01,face_C>face_G,2,S1-Marcialis,rule,boot,300,,,True,0.0074653877477151,0.1124031007751938,0.0101164287210798,0.1042471042471042,1.4864864864864864,2.0,"[[0.7145800590515137, -1.0], 73.87599182128906]",0.0210521221160888,
fing_x_face,0,0.01,face_C>face_G,2,S2-Symmetric,rule,boot,300,,,True,0.0074653877477151,0.1124031007751938,0.0101164287210798,0.1042471042471042,1.4864864864864864,2.0,"[[0.7145800590515137, -1.0], 73.87599182128906]",0.0411584377288818,
fing_x_face,0,0.01,face_C>face_G,2,S3-SPRT,rule,boot,300,,,True,0.0078424275329532,0.0620155038759689,0.009757265571219,0.0772200772200772,1.1891891891891893,1.1227889018586692,"[[4.538013541398019, -1.6074511795969422], 1.4021538329970769]",0.1625399589538574,
fing_x_face,0,0.01,face_C>face_G,2,S4-Direct,rule,boot,300,,,True,0.0078725907157723,0.0581395348837209,0.0097722307024632,0.0617760617760617,1.0772200772200773,1.1179401993355482,"[[0.6264200806617737, 0.5697400569915771], 73.79686737060547]",0.4840540885925293,
fing_x_face,0,0.01,face_C>li_V,2,HYP,GP,boot,300,0.2662693546532064,0.3905910001351331,True,0.0071335927367055,0.0697674418604651,0.0072730537846816,0.0656370656370656,1.0386100386100383,1.0256053395588278,"[[0.6233900785446167, 0.5953500866889954], 12.0]",0.0378868579864501,
fing_x_face,0,0.01,face_C>li_V,2,MONO,GP,boot,300,0.0502701507367462,0.0471479191332603,True,0.0074653877477151,0.0155038759689922,0.0080662057406243,0.0038610038610038,1.0888030888030888,1.9932357606776208,"[[0.6184300780296326, -Infinity], 24.0]",0.0284168720245361,
fing_x_face,0,0.01,face_C>li_V,2,MONO-rel,GP,boot,300,0.0369541873204488,0.0407620389774439,True,0.0074653877477151,0.0155038759689922,0.0082308221843105,0.0038610038610038,1.084942084942085,1.992711981084074,"[[0.6172900795936584, -Infinity], 25.0]",0.0275616645812988,
fing_x_face,0,0.01,face_C>li_V,2,NLS-N2,GP,boot,300,0.045716003461312,0.0434182879262001,True,0.0075106325219437,0.0155038759689922,0.0080961360031127,0.0038610038610038,1.0888030888030888,1.9932058304151328,"[[0.6182700395584106, -Infinity], 24.0]",0.0363118648529052,
fing_x_face,0,0.01,face_C>li_V,2,DE-N2,GP,boot,300,0.0530868494852279,0.0494675645755691,True,0.007435224564896,0.0155038759689922,0.0080512406093801,0.0038610038610038,1.0888030888030888,1.9932507258088652,"[[0.6184900403022766, -Infinity], 24.0]",0.0310676097869873,
fing_x_face,0,0.01,face_C>li_V,2,MAXMONO-K3,GP,boot,300,0.0801185323701281,0.0907752023668177,True,0.007435224564896,0.0193798449612403,0.0082906827092873,0.0193050193050193,1.0694980694980696,1.2502020292717968,"[[0.6170700788497925, 0.5523000359535217], 22.0]",0.0479817390441894,
fing_x_face,0,0.01,face_C>li_V,2,MONO-cont,GP,boot,300,0.0530904525167862,0.0494714271237349,True,0.007435224564896,0.0155038759689922,0.0080512406093801,0.0038610038610038,1.0888030888030888,1.9932507258088652,"[[0.6184900403022766, -Infinity], 24.0]",0.0314807891845703,
fing_x_face,0,0.01,face_C>li_V,2,S1-Marcialis,rule,boot,300,,,True,0.0069827768226103,0.065891472868217,0.0080063452156475,0.0308880308880308,1.4864864864864864,2.0,"[[0.7145800590515137, -1.0], 19.0]",0.0204463005065917,
fing_x_face,0,0.01,face_C>li_V,2,S2-Symmetric,rule,boot,300,,,True,0.0069827768226103,0.065891472868217,0.0080063452156475,0.0308880308880308,1.4864864864864864,2.0,"[[0.7145800590515137, -1.0], 19.0]",0.0418562889099121,
fing_x_face,0,0.01,face_C>li_V,2,S3-SPRT,rule,boot,300,,,True,0.0076162036618103,0.0155038759689922,0.0086348807279039,0.0193050193050193,1.2277992277992278,1.2476579569602826,"[[5.5574187453405175, -2.436578042085005], -0.6396006174288312]",0.1648235321044922,
fing_x_face,0,0.01,face_C>li_V,2,S4-Direct,rule,boot,300,,,True,0.0069375320483817,0.0232558139534883,0.0080662057406243,0.0193050193050193,1.1583011583011582,1.3073389003621565,"[[0.6496200561523438, 0.547260046005249], 16.0]",0.4366633892059326,
fing_x_face,0,0.01,face_C>ri_V,2,HYP,GP,boot,300,0.1746219743863111,0.3177401396678444,True,0.006801797725696,0.0348837209302325,0.007153332734728,0.0501930501930501,1.054054054054054,1.0427104845709496,"[[0.6233900785446167, 0.5879300832748413], 14.0]",0.0394566059112548,
fing_x_face,0,0.01,face_C>ri_V,2,MONO,GP,boot,300,0.0408874884346103,0.0390894633663581,True,0.0078725907157723,0.0077519379844961,0.0077669031157403,0.0,1.0926640926640927,1.9939540869773429,"[[0.619860053062439, -Infinity], 23.0]",0.0341343879699707,
fing_x_face,0,0.01,face_C>ri_V,2,MONO-rel,GP,boot,300,0.0252698890302777,0.0270344356026243,True,0.0075709588875818,0.0077519379844961,0.0077220077220077,0.0,1.0888030888030888,1.9936098889587264,"[[0.6190700531005859, -Infinity], 24.0]",0.0293855667114257,
fing_x_face,0,0.01,face_C>ri_V,2,NLS-N2,GP,boot,300,0.0363569050138498,0.0353709096301274,True,0.0073899797906675,0.0077519379844961,0.0075124958845889,0.0,1.0926640926640927,1.993819400796145,"[[0.619610071182251, -Infinity], 24.0]",0.0326030254364013,
fing_x_face,0,0.01,face_C>ri_V,2,DE-N2,GP,boot,300,0.0434040216268765,0.0415446502460078,True,0.0076614484360389,0.0077519379844961,0.0075723564095657,0.0,1.0926640926640927,1.9941486336835172,"[[0.6204800605773926, -Infinity], 23.0]",0.0395228862762451,
fing_x_face,0,0.01,face_C>ri_V,2,MAXMONO-K3,GP,boot,300,0.0570922827027225,0.0668232454179737,True,0.0073296534250294,0.0155038759689922,0.0078866241656939,0.0,1.084942084942085,1.7929125138427464,"[[0.6174200773239136, 0.5060500502586365], 25.0]",0.0527126789093017,
fing_x_face,0,0.01,face_C>ri_V,2,MONO-cont,GP,boot,300,0.0434075676446577,0.0415476718096869,True,0.0076614484360389,0.0077519379844961,0.0075723564095657,0.0,1.0926640926640927,1.9941486336835172,"[[0.6204800605773926, -Infinity], 23.0]",0.030353307723999,
fing_x_face,0,0.01,face_C>ri_V,2,S1-Marcialis,rule,boot,300,,,True,0.005625433595753,0.0387596899224806,0.0047589117356559,0.0231660231660231,1.4864864864864864,2.0,"[[0.7145800590515137, -1.0], 20.0]",0.0159873962402343,
fing_x_face,0,0.01,face_C>ri_V,2,S2-Symmetric,rule,boot,300,,,True,0.005625433595753,0.0387596899224806,0.0047589117356559,0.0231660231660231,1.4864864864864864,2.0,"[[0.7145800590515137, -1.0], 20.0]",0.0408205986022949,
fing_x_face,0,0.01,face_C>ri_V,2,S3-SPRT,rule,boot,300,,,True,0.0074503061563056,0.0077519379844961,0.0080063452156475,0.0154440154440154,1.2277992277992278,1.2405046242255544,"[[5.5574187453405175, -2.4032492766735447], -1.165738974354242]",0.1480400562286377,
fing_x_face,0,0.01,face_C>ri_V,2,S4-Direct,rule,boot,300,,,True,0.0063945947576388,0.0155038759689922,0.0065247972224716,0.0193050193050193,1.0965250965250966,1.3054083984316542,"[[0.6322800517082214, 0.547260046005249], 18.0]",0.4733729362487793,
fing_x_face,0,0.01,face_G>face_C,2,HYP,GP,boot,300,0.2249914217535289,1.0,True,0.0077368563930865,0.0891472868217054,0.010206219508545,0.0888030888030888,1.061776061776062,1.0669539971865554,"[[73.90361785888672, 72.43214416503906], 0.6424199938774109]",0.0502107143402099,
fing_x_face,0,0.01,face_G>face_C,2,MONO,GP,boot,300,0.0739226129607506,0.0695196789893743,True,0.0079630802642294,0.0620155038759689,0.0099667774086378,0.0694980694980695,1.138996138996139,1.8194307264074705,"[[74.19097137451172, 64.8189697265625], 0.6237199902534485]",0.039137840270996,
fing_x_face,0,0.01,face_G>face_C,2,MONO-rel,GP,boot,300,0.0433265078744004,0.0465170117872365,True,0.0080535698126866,0.0620155038759689,0.0100266379336146,0.0694980694980695,1.138996138996139,1.6592589267007871,"[[74.18684387207031, 65.59516906738281], 0.6233900189399719]",0.0421185493469238,
fing_x_face,0,0.01,face_G>face_C,2,NLS-N2,GP,boot,300,0.0674601171457749,0.0639272060379821,True,0.0079932434470485,0.0620155038759689,0.009981742539882,0.0694980694980695,1.138996138996139,1.8194307264074705,"[[74.19268035888672, 64.8189697265625], 0.623520016670227]",0.043461799621582,
fing_x_face,0,0.01,face_G>face_C,2,DE-N2,GP,boot,300,0.0757738597581917,0.0710103860581392,True,0.0079932434470485,0.0620155038759689,0.0100416030648588,0.0694980694980695,1.138996138996139,1.8193409356200052,"[[74.18476104736328, 64.8189697265625], 0.6238200068473816]",0.042212963104248,
fing_x_face,0,0.01,face_G>face_C,2,MAXMONO-K3,GP,boot,300,0.1314165984927946,0.1614441746053849,True,0.0079329170814104,0.0736434108527131,0.0098021609649516,0.0849420849420849,1.1158301158301158,1.2318098829726736,"[[74.15972137451172, 67.20661926269531], 0.620930016040802]",0.0442864894866943,
fing_x_face,0,0.01,face_G>face_C,2,MONO-cont,GP,boot,300,0.0757617571061483,0.0709995223597406,True,0.0079932434470485,0.0620155038759689,0.0100416030648588,0.0694980694980695,1.138996138996139,1.8193409356200052,"[[74.18476104736328, 64.8189697265625], 0.6238200068473816]",0.0371434688568115,
fing_x_face,0,0.01,face_G>face_C,2,S1-Marcialis,rule,boot,300,,,True,0.0075558772961722,0.0775193798449612,0.0081859267905779,0.0772200772200772,1.359073359073359,1.8273772110981412,"[[76.3500747680664, 64.80564880371094], 0.61531001329422]",0.0189700126647949,
fing_x_face,0,0.01,face_G>face_C,2,S2-Symmetric,rule,boot,300,,,True,0.0078876723071818,0.0775193798449612,0.0104456616084523,0.0656370656370656,1.108108108108108,1.5088144623028343,"[[73.92266082763672, 66.08772277832031], 0.6406599879264832]",0.0526480674743652,
fing_x_face,0,0.01,face_G>face_C,2,S3-SPRT,rule,boot,300,,,True,0.0077971827587247,0.0697674418604651,0.0097273353087306,0.0694980694980695,1.2895752895752897,1.8994343180389688,"[[6.057992520457576, -3.750223409229389], 1.4854819018016299]",0.1895976066589355,
fing_x_face,0,0.01,face_G>face_C,2,S4-Direct,rule,boot,300,,,True,0.0078273459415437,0.0581395348837209,0.0103858010834755,0.0694980694980695,1.135135135135135,1.562763760438179,"[[74.0810775756836, 65.92501068115234], 0.6260600090026855]",0.4753870964050293,
fing_x_face,0,0.01,face_G>li_V,2,HYP,GP,boot,300,0.6206642249539391,1.0,True,0.0075709588875818,0.0813953488372093,0.0100266379336146,0.0849420849420849,1.0308880308880308,1.0196043219299034,"[[73.90361785888672, 73.19524383544922], 17.0]",0.032135009765625,
fing_x_face,0,0.01,face_G>li_V,2,MONO,GP,boot,300,0.0812303956233146,0.0745071951820492,True,0.0074503061563056,0.0271317829457364,0.009757265571219,0.0077220077220077,1.1235521235521235,1.8172607823770612,"[[74.00114440917969, 64.8189697265625], 23.0]",0.0406150817871093,
fing_x_face,0,0.01,face_G>li_V,2,MONO-rel,GP,boot,300,0.0491810765414344,0.0515468565871808,True,0.0073748981992579,0.0271317829457364,0.0098470563586842,0.0077220077220077,1.1235521235521235,1.8167669330460028,"[[73.96866607666016, 64.8189697265625], 24.0]",0.0393109321594238,
fing_x_face,0,0.01,face_G>li_V,2,NLS-N2,GP,boot,300,0.0753758202264469,0.0696421702932418,True,0.0074653877477151,0.0271317829457364,0.0097871958337074,0.0077220077220077,1.1235521235521235,1.817230852114573,"[[73.99998474121094, 64.8189697265625], 23.0]",0.043790578842163,
fing_x_face,0,0.01,face_G>li_V,2,DE-N2,GP,boot,300,0.0827566702382317,0.0756867946618123,True,0.0074955509305341,0.0271317829457364,0.0098919517524168,0.0077220077220077,1.1235521235521235,1.817126096195864,"[[73.99578094482422, 64.8189697265625], 23.0]",0.042396068572998,
fing_x_face,0,0.01,face_G>li_V,2,MAXMONO-K3,GP,boot,300,0.153272270731013,0.146043580389827,True,0.0075257141133532,0.0348837209302325,0.0099518122773936,0.0231660231660231,1.1042471042471045,1.3349645326389512,"[[73.97615051269531, 66.65763092041016], 21.0]",0.0596392154693603,
fing_x_face,0,0.01,face_G>li_V,2,MONO-cont,GP,boot,300,0.0827439393222614,0.075676697776836,True,0.0074955509305341,0.0271317829457364,0.0098919517524168,0.0077220077220077,1.1235521235521235,1.817126096195864,"[[73.99578094482422, 64.8189697265625], 23.0]",0.0486581325531005,
fing_x_face,0,0.01,face_G>li_V,2,S1-Marcialis,rule,boot,300,,,True,0.0060477181552197,0.0581395348837209,0.0066445182724252,0.0193050193050193,1.359073359073359,1.8273772110981412,"[[76.3500747680664, 64.80564880371094], 19.0]",0.0226497650146484,
fing_x_face,0,0.01,face_G>li_V,2,S2-Symmetric,rule,boot,300,,,True,0.0075709588875818,0.0310077519379844,0.0102211846397892,0.0154440154440154,1.108108108108108,1.5088144623028343,"[[73.92266082763672, 66.08772277832031], 24.0]",0.0873279571533203,
fing_x_face,0,0.01,face_G>li_V,2,S3-SPRT,rule,boot,300,,,True,0.0078273459415437,0.0193798449612403,0.0101164287210798,0.0154440154440154,1.1312741312741312,1.893178893178893,"[[2.258064660076078, -3.750223409229389], 0.1576883652740504]",0.2004058361053466,
fing_x_face,0,0.01,face_G>li_V,2,S4-Direct,rule,boot,300,,,True,0.0069827768226103,0.0193798449612403,0.0092185208464278,0.0077220077220077,1.1428571428571428,1.9084732573104664,"[[74.24298095703125, 63.75760269165039], 21.0]",0.4325208663940429,
fing_x_face,0,0.01,face_G>ri_V,2,HYP,GP,boot,300,0.4070374998037329,1.0,True,0.0074955509305341,0.065891472868217,0.0099518122773936,0.0656370656370656,1.05019305019305,1.0338361617431384,"[[73.90361785888672, 72.91168975830078], 19.0]",0.0354812145233154,
fing_x_face,0,0.01,face_G>ri_V,2,MONO,GP,boot,300,0.0681924034364212,0.065155046878332,True,0.0072693270593913,0.0116279069767441,0.0088743228278112,0.0038610038610038,1.135135135135135,1.818009038939272,"[[74.05944061279297, 64.8189697265625], 23.0]",0.0402157306671142,
fing_x_face,0,0.01,face_G>ri_V,2,MONO-rel,GP,boot,300,0.0355755783568376,0.0363533887303762,True,0.0077066932102675,0.0116279069767441,0.0094729280775792,0.0038610038610038,1.1235521235521235,1.8174104336895036,"[[74.01390075683594, 64.8189697265625], 23.0]",0.0652034282684326,
fing_x_face,0,0.01,face_G>ri_V,2,NLS-N2,GP,boot,300,0.0623885017683104,0.0597388593912357,True,0.0074201429734865,0.0116279069767441,0.0091736254526952,0.0038610038610038,1.1312741312741312,1.8177097363143877,"[[74.04029083251953, 64.8189697265625], 23.0]",0.039011001586914,
fing_x_face,0,0.01,face_G>ri_V,2,DE-N2,GP,boot,300,0.0694043546605853,0.0658143646597166,True,0.007978161855639,0.0116279069767441,0.0093232767651372,0.0038610038610038,1.135135135135135,1.8181586902517133,"[[74.07051849365234, 64.8189697265625], 22.0]",0.0451006889343261,
fing_x_face,0,0.01,face_G>ri_V,2,MAXMONO-K3,GP,boot,300,0.1202188974421895,0.1189627991062824,True,0.0075257141133532,0.0077519379844961,0.0096225793900212,0.0038610038610038,1.1235521235521235,1.8169764448834216,"[[73.98460388183594, 64.8189697265625], 24.0]",0.0630245208740234,
fing_x_face,0,0.01,face_G>ri_V,2,MONO-cont,GP,boot,300,0.0693933020853921,0.065803779943461,True,0.007978161855639,0.0116279069767441,0.0093232767651372,0.0038610038610038,1.135135135135135,1.8181586902517133,"[[74.07051849365234, 64.8189697265625], 22.0]",0.0513436794281005,
fing_x_face,0,0.01,face_G>ri_V,2,S1-Marcialis,rule,boot,300,,,True,0.0070280215968388,0.0193798449612403,0.0053724821166681,0.0193050193050193,1.359073359073359,1.8273772110981412,"[[76.3500747680664, 64.80564880371094], 19.0]",0.0180616378784179,
fing_x_face,0,0.01,face_G>ri_V,2,S2-Symmetric,rule,boot,300,,,True,0.0074955509305341,0.0116279069767441,0.009981742539882,0.0115830115830115,1.108108108108108,1.5088144623028343,"[[73.92266082763672, 66.08772277832031], 25.0]",0.0745928287506103,
fing_x_face,0,0.01,face_G>ri_V,2,S3-SPRT,rule,boot,300,,,True,0.0077670195759056,0.0077519379844961,0.0087246715153691,0.0115830115830115,1.2895752895752897,1.8994343180389688,"[[6.057992520457576, -3.750223409229389], -0.8201758815274585]",0.1841161251068115,
fing_x_face,0,0.01,face_G>ri_V,2,S4-Direct,rule,boot,300,,,True,0.0075860404789913,0.003875968992248,0.0099667774086378,0.0038610038610038,1.1158301158301158,1.9043877764808,"[[73.9012680053711, 63.75760269165039], 27.0]",0.417964220046997,
fing_x_face,0,0.01,li_V>face_C,2,HYP,GP,boot,300,,,False,,,,,,,,,
fing_x_face,0,0.01,li_V>face_C,2,MONO,GP,boot,300,0.1081781280756366,0.1014600186496443,True,0.0078273459415437,0.0348837209302325,0.0080961360031127,0.0231660231660231,1.1235521235521235,1.693424321331298,"[[21.000001907348633, 5.000000476837158], 0.6168599724769592]",0.0402357578277587,
fing_x_face,0,0.01,li_V>face_C,2,MONO-rel,GP,boot,300,0.0941235792496457,0.0911127085979751,True,0.0077670195759056,0.0348837209302325,0.0079913800844033,0.0231660231660231,1.1274131274131274,1.6944419502559038,"[[22.000001907348633, 5.000000476837158], 0.6149500608444214]",0.0435411930084228,
fing_x_face,0,0.01,li_V>face_C,2,NLS-N2,GP,boot,300,0.1051674407970808,0.0992153796108087,True,0.0078273459415437,0.0348837209302325,0.0080961360031127,0.0231660231660231,1.1235521235521235,1.693424321331298,"[[21.000001907348633, 5.000000476837158], 0.6168599724769592]",0.0376613140106201,
fing_x_face,0,0.01,li_V>face_C,2,DE-N2,GP,boot,300,0.1102866848361559,0.1031082876417388,True,0.0078273459415437,0.0348837209302325,0.0080961360031127,0.0231660231660231,1.1235521235521235,1.693424321331298,"[[21.000001907348633, 5.000000476837158], 0.6168599724769592]",0.0377273559570312,
fing_x_face,0,0.01,li_V>face_C,2,MAXMONO-K3,GP,boot,300,0.1559560613595348,0.1512729248421466,True,0.0075407957047627,0.0775193798449612,0.0081260662656011,0.0463320463320463,1.1003861003861004,1.2622639250546228,"[[21.000001907348633, 8.000000953674316], 0.6035199761390686]",0.0459506511688232,
fing_x_face,0,0.01,li_V>face_C,2,MONO-cont,GP,boot,300,0.1102677958635087,0.1030919298234686,True,0.0078273459415437,0.0348837209302325,0.0080961360031127,0.0231660231660231,1.1235521235521235,1.693424321331298,"[[21.000001907348633, 5.000000476837158], 0.6168599724769592]",0.0386524200439453,
fing_x_face,0,0.01,li_V>face_C,2,S1-Marcialis,rule,boot,300,,,True,0.0076162036618103,0.0232558139534883,0.0079464846906707,0.027027027027027,1.2625482625482625,1.8590284636796264,"[[35.000003814697266, 5.0], 0.6141999959945679]",0.0181591510772705,
fing_x_face,0,0.01,li_V>face_C,2,S2-Symmetric,rule,boot,300,,,True,0.0076162036618103,0.0232558139534883,0.0079464846906707,0.027027027027027,1.2625482625482625,1.8590284636796264,"[[35.000003814697266, 5.0], 0.6141999959945679]",0.0269460678100585,
fing_x_face,0,0.01,li_V>face_C,2,S3-SPRT,rule,boot,300,,,True,0.0075709588875818,0.0193798449612403,0.0082158570530663,0.0038610038610038,1.196911196911197,1.9998204184250696,"[[4.64736944250726, -3.476318212001615], -0.4198665527419247]",0.2120890617370605,
fing_x_face,0,0.01,li_V>face_C,2,S4-Direct,rule,boot,300,,,True,0.0076614484360389,0.0193798449612403,0.0081410313968453,0.0115830115830115,1.193050193050193,1.8587441261859867,"[[28.000001907348633, 4.000000476837158], 0.6144000291824341]",0.4747974872589111,
fing_x_face,0,0.01,li_V>face_G,2,HYP,GP,boot,300,,,False,,,,,,,,,
fing_x_face,0,0.01,li_V>face_G,2,MONO,GP,boot,300,0.1158583853297356,0.1052705923883506,True,0.0079630802642294,0.0387596899224806,0.009981742539882,0.027027027027027,1.1235521235521235,1.693424321331298,"[[21.000001907348633, 5.000000476837158], 73.91620635986328]",0.0482785701751709,
fing_x_face,0,0.01,li_V>face_G,2,MONO-rel,GP,boot,300,0.0984190556595993,0.0928489927346975,True,0.0079630802642294,0.0387596899224806,0.009981742539882,0.027027027027027,1.1235521235521235,1.693424321331298,"[[21.000001907348633, 5.000000476837158], 73.91620635986328]",0.0420374870300293,
fing_x_face,0,0.01,li_V>face_G,2,NLS-N2,GP,boot,300,0.1127615122747969,0.1031548726084266,True,0.0079630802642294,0.0387596899224806,0.009981742539882,0.027027027027027,1.1235521235521235,1.693424321331298,"[[21.000001907348633, 5.000000476837158], 73.91620635986328]",0.0387959480285644,
fing_x_face,0,0.01,li_V>face_G,2,DE-N2,GP,boot,300,0.1177921147384719,0.106741490558782,True,0.0079630802642294,0.0387596899224806,0.009981742539882,0.027027027027027,1.1235521235521235,1.693424321331298,"[[21.000001907348633, 5.000000476837158], 73.91620635986328]",0.0395975112915039,
fing_x_face,0,0.01,li_V>face_G,2,MAXMONO-K3,GP,boot,300,0.1735710684587826,0.1570422463903708,True,0.0080234066298675,0.0736434108527131,0.0099667774086378,0.0424710424710424,1.0694980694980696,1.2595103409056898,"[[19.000001907348633, 8.000000953674316], 73.63739013671875]",0.0472979545593261,
fing_x_face,0,0.01,li_V>face_G,2,MONO-cont,GP,boot,300,0.1177709149879048,0.1067251499045232,True,0.0079630802642294,0.0387596899224806,0.009981742539882,0.027027027027027,1.1235521235521235,1.693424321331298,"[[21.000001907348633, 5.000000476837158], 73.91620635986328]",0.042731761932373,
fing_x_face,0,0.01,li_V>face_G,2,S1-Marcialis,rule,boot,300,,,True,0.0075558772961722,0.0310077519379844,0.0099967076711262,0.0231660231660231,1.2625482625482625,1.8590284636796264,"[[35.000003814697266, 5.0], 73.80156707763672]",0.0187973976135253,
fing_x_face,0,0.01,li_V>face_G,2,S2-Symmetric,rule,boot,300,,,True,0.0075558772961722,0.0310077519379844,0.0099967076711262,0.0231660231660231,1.2625482625482625,1.8590284636796264,"[[35.000003814697266, 5.0], 73.80156707763672]",0.0311112403869628,
fing_x_face,0,0.01,li_V>face_G,2,S3-SPRT,rule,boot,300,,,True,0.0079479986728199,0.0155038759689922,0.0099368471461494,0.0077220077220077,1.196911196911197,1.9998204184250696,"[[4.64736944250726, -3.476318212001615], -0.3066013390565279]",0.2107269763946533,
fing_x_face,0,0.01,li_V>face_G,2,S4-Direct,rule,boot,300,,,True,0.0075558772961722,0.0310077519379844,0.0099967076711262,0.0231660231660231,1.2625482625482625,1.8590284636796264,"[[35.000003814697266, 4.000000476837158], 73.80156707763672]",0.4627807140350342,
fing_x_face,0,0.01,li_V>ri_V,2,HYP,GP,boot,300,,,False,,,,,,,,,
fing_x_face,0,0.01,li_V>ri_V,2,MONO,GP,boot,300,0.1030780848206365,0.0988214417826557,True,0.0071486743281151,0.0542635658914728,0.0067642393223788,0.0501930501930501,1.108108108108108,1.6923169016192272,"[[20.000001907348633, 5.000000476837158], 21.0]",0.0428647994995117,
fing_x_face,0,0.01,li_V>ri_V,2,MONO-rel,GP,boot,300,0.0872946891709702,0.0855273215408319,True,0.0071486743281151,0.0542635658914728,0.0067642393223788,0.0501930501930501,1.108108108108108,1.6923169016192272,"[[20.000001907348633, 5.000000476837158], 21.0]",0.0392036437988281,
fing_x_face,0,0.01,li_V>ri_V,2,NLS-N2,GP,boot,300,0.1006206906407486,0.0967227691106368,True,0.0071486743281151,0.0542635658914728,0.0067642393223788,0.0501930501930501,1.108108108108108,1.6923169016192272,"[[20.000001907348633, 5.000000476837158], 21.0]",0.0399620532989501,
fing_x_face,0,0.01,li_V>ri_V,2,DE-N2,GP,boot,300,0.1045464366771212,0.100255142656369,True,0.0071486743281151,0.0542635658914728,0.0067642393223788,0.0501930501930501,1.108108108108108,1.6923169016192272,"[[20.000001907348633, 5.000000476837158], 21.0]",0.0423848628997802,
fing_x_face,0,0.01,li_V>ri_V,2,MAXMONO-K3,GP,boot,300,0.1518223558495585,0.1445825817653559,True,0.0071486743281151,0.0542635658914728,0.0067642393223788,0.0501930501930501,1.108108108108108,1.6923169016192272,"[[20.000001907348633, 5.000000476837158], 21.0]",0.0445005893707275,
fing_x_face,0,0.01,li_V>ri_V,2,MONO-cont,GP,boot,300,0.104528078242947,0.100238141634326,True,0.0071486743281151,0.0542635658914728,0.0067642393223788,0.0501930501930501,1.108108108108108,1.6923169016192272,"[[20.000001907348633, 5.000000476837158], 21.0]",0.0404243469238281,
fing_x_face,0,0.01,li_V>ri_V,2,S1-Marcialis,rule,boot,300,,,True,0.0074955509305341,0.0581395348837209,0.0064350064350064,0.0617760617760617,1.2625482625482625,1.8590284636796264,"[[35.000003814697266, 5.0], 19.0]",0.0190486907958984,
fing_x_face,0,0.01,li_V>ri_V,2,S2-Symmetric,rule,boot,300,,,True,0.0074955509305341,0.0581395348837209,0.0064350064350064,0.0617760617760617,1.2625482625482625,1.8590284636796264,"[[35.000003814697266, 5.0], 19.0]",0.0286700725555419,
fing_x_face,0,0.01,li_V>ri_V,2,S3-SPRT,rule,boot,300,,,True,0.0081138961783247,0.0426356589147286,0.0090239741402532,0.0424710424710424,1.1042471042471045,1.9919936547843524,"[[1.2586414963082446, -3.476318212001615], 0.6566925841479296]",0.2189111709594726,
fing_x_face,0,0.01,li_V>ri_V,2,S4-Direct,rule,boot,300,,,True,0.0069526136397912,0.0426356589147286,0.006330250516297,0.0463320463320463,1.1428571428571428,1.8572476130615665,"[[22.000001907348633, 4.000000476837158], 20.0]",0.4132661819458008,
fing_x_face,0,0.01,ri_V>face_C,2,HYP,GP,boot,300,,,False,,,,,,,,,
fing_x_face,0,0.01,ri_V>face_C,2,MONO,GP,boot,300,0.0466554458044245,0.0434330500916773,True,0.0079027538985913,0.0155038759689922,0.0073478794409026,0.0038610038610038,1.0772200772200773,1.9380892520427404,"[[21.000001907348633, 3.000000238418579], 0.6222400069236755]",0.0310847759246826,
fing_x_face,0,0.01,ri_V>face_C,2,MONO-rel,GP,boot,300,0.0382453258664087,0.0373177581974285,True,0.0078575091243628,0.0116279069767441,0.0076920774595193,0.0038610038610038,1.084942084942085,1.938807578342462,"[[22.000001907348633, 3.000000238418579], 0.6197100281715393]",0.0304527282714843,
fing_x_face,0,0.01,ri_V>face_C,2,NLS-N2,GP,boot,300,0.0461764575306554,0.043120028788336,True,0.0079027538985913,0.0155038759689922,0.0073478794409026,0.0038610038610038,1.0772200772200773,1.9380892520427404,"[[21.000001907348633, 3.000000238418579], 0.6222400069236755]",0.0329582691192626,
fing_x_face,0,0.01,ri_V>face_C,2,DE-N2,GP,boot,300,0.044688193405174,0.0416218516640254,True,0.0079027538985913,0.0155038759689922,0.0073478794409026,0.0038610038610038,1.0772200772200773,1.9380892520427404,"[[21.000001907348633, 3.000000238418579], 0.6222400069236755]",0.0316870212554931,
fing_x_face,0,0.01,ri_V>face_C,2,MAXMONO-K3,GP,boot,300,0.089527166847928,0.0869044620673282,True,0.007691611618858,0.0348837209302325,0.0077070425907635,0.0193050193050193,1.0694980694980696,1.2292957409236478,"[[22.000001907348633, 8.000000953674316], 0.6019799709320068]",0.0480217933654785,
fing_x_face,0,0.01,ri_V>face_C,2,MONO-cont,GP,boot,300,0.0446993672241588,0.0416317120386389,True,0.0079027538985913,0.0155038759689922,0.0073478794409026,0.0038610038610038,1.0772200772200773,1.9380892520427404,"[[21.000001907348633, 3.000000238418579], 0.6222400069236755]",0.0456478595733642,
fing_x_face,0,0.01,ri_V>face_C,2,S1-Marcialis,rule,boot,300,,,True,0.0075860404789913,0.0193798449612403,0.0082757175780431,0.0154440154440154,1.1891891891891893,1.9914998054532935,"[[38.000003814697266, 3.0], 0.6154500246047974]",0.0183534622192382,
fing_x_face,0,0.01,ri_V>face_C,2,S2-Symmetric,rule,boot,300,,,True,0.0075860404789913,0.0193798449612403,0.0082757175780431,0.0154440154440154,1.1891891891891893,1.9914998054532935,"[[38.000003814697266, 3.0], 0.6154500246047974]",0.0261263847351074,
fing_x_face,0,0.01,ri_V>face_C,2,S3-SPRT,rule,boot,300,,,True,0.0074503061563056,0.003875968992248,0.0074975307533447,0.0,1.135135135135135,1.9998952440812905,"[[5.003402553535524, -4.230800395741762], -0.9905222872723762]",0.1820523738861084,
fing_x_face,0,0.01,ri_V>face_C,2,S4-Direct,rule,boot,300,,,True,0.0075860404789913,0.0155038759689922,0.0079165544281823,0.0038610038610038,1.1235521235521235,1.9403190565981263,"[[27.000001907348633, 3.000000238418579], 0.6159399747848511]",0.4440114498138428,
fing_x_face,0,0.01,ri_V>face_G,2,HYP,GP,boot,300,,,False,,,,,,,,,
fing_x_face,0,0.01,ri_V>face_G,2,MONO,GP,boot,300,0.0506801083528267,0.0459074689418906,True,0.0080384882212771,0.0116279069767441,0.0095028583400676,0.0077220077220077,1.0772200772200773,1.9380892520427404,"[[21.000001907348633, 3.000000238418579], 74.08439636230469]",0.0460648536682128,
fing_x_face,0,0.01,ri_V>face_G,2,MONO-rel,GP,boot,300,0.04042495815432,0.038438070908813,True,0.0080384882212771,0.0116279069767441,0.0095028583400676,0.0077220077220077,1.0772200772200773,1.9380892520427404,"[[21.000001907348633, 3.000000238418579], 74.08439636230469]",0.0342848300933837,
fing_x_face,0,0.01,ri_V>face_G,2,NLS-N2,GP,boot,300,0.0501021835674103,0.0455211042550556,True,0.0080384882212771,0.0116279069767441,0.0095028583400676,0.0077220077220077,1.0772200772200773,1.9380892520427404,"[[21.000001907348633, 3.000000238418579], 74.08439636230469]",0.0348145961761474,
fing_x_face,0,0.01,ri_V>face_G,2,DE-N2,GP,boot,300,0.0485652472059021,0.0440842277316843,True,0.0080384882212771,0.0116279069767441,0.0095028583400676,0.0077220077220077,1.0772200772200773,1.9380892520427404,"[[21.000001907348633, 3.000000238418579], 74.08439636230469]",0.0321066379547119,
fing_x_face,0,0.01,ri_V>face_G,2,MAXMONO-K3,GP,boot,300,0.0975922727052307,0.0881905883313844,True,0.0079630802642294,0.0271317829457364,0.0079614498219149,0.0193050193050193,1.0656370656370655,1.329666876178504,"[[20.000001907348633, 7.000000476837158], 73.77523803710938]",0.0606944561004638,
fing_x_face,0,0.01,ri_V>face_G,2,MONO-cont,GP,boot,300,0.0485756760332969,0.0440932835492965,True,0.0080384882212771,0.0116279069767441,0.0095028583400676,0.0077220077220077,1.0772200772200773,1.9380892520427404,"[[21.000001907348633, 3.000000238418579], 74.08439636230469]",0.0490307807922363,
fing_x_face,0,0.01,ri_V>face_G,2,S1-Marcialis,rule,boot,300,,,True,0.0074653877477151,0.0116279069767441,0.0100715333273472,0.0193050193050193,1.1891891891891893,1.9914998054532935,"[[38.000003814697266, 3.0], 73.87590789794922]",0.0276544094085693,
fing_x_face,0,0.01,ri_V>face_G,2,S2-Symmetric,rule,boot,300,,,True,0.0074653877477151,0.0116279069767441,0.0100715333273472,0.0193050193050193,1.1891891891891893,1.9914998054532935,"[[38.000003814697266, 3.0], 73.87590789794922]",0.0310735702514648,
fing_x_face,0,0.01,ri_V>face_G,2,S3-SPRT,rule,boot,300,,,True,0.0077519379844961,0.003875968992248,0.0087695669091017,0.0038610038610038,1.135135135135135,1.9998952440812905,"[[5.003402553535524, -4.230800395741762], -0.8110111759986625]",0.1905291080474853,
fing_x_face,0,0.01,ri_V>face_G,2,S4-Direct,rule,boot,300,,,True,0.0076011220704008,0.0155038759689922,0.0104007662147197,0.0154440154440154,1.1891891891891893,1.940543533566789,"[[38.000003814697266, 3.000000238418579], 73.83688354492188]",0.4156732559204101,
fing_x_face,0,0.01,ri_V>li_V,2,HYP,GP,boot,300,,,False,,,,,,,,,
fing_x_face,0,0.01,ri_V>li_V,2,MONO,GP,boot,300,0.0504722619686837,0.0454200297649182,True,0.0078273459415437,0.0426356589147286,0.0072131932597048,0.0463320463320463,1.0772200772200773,1.937176379036844,"[[20.000001907348633, 3.000000238418579], 21.0]",0.0383317470550537,
fing_x_face,0,0.01,ri_V>li_V,2,MONO-rel,GP,boot,300,0.0419367205738249,0.0390363009730283,True,0.0078273459415437,0.0426356589147286,0.0072131932597048,0.0463320463320463,1.0772200772200773,1.937176379036844,"[[20.000001907348633, 3.000000238418579], 21.0]",0.0398495197296142,
fing_x_face,0,0.01,ri_V>li_V,2,NLS-N2,GP,boot,300,0.0504718002510733,0.0453931670838802,True,0.0078273459415437,0.0426356589147286,0.0072131932597048,0.0463320463320463,1.0772200772200773,1.937176379036844,"[[20.000001907348633, 3.000000238418579], 21.0]",0.0468077659606933,
fing_x_face,0,0.01,ri_V>li_V,2,DE-N2,GP,boot,300,0.0481988423569409,0.0434937493663801,True,0.0078273459415437,0.0426356589147286,0.0072131932597048,0.0463320463320463,1.0772200772200773,1.937176379036844,"[[20.000001907348633, 3.000000238418579], 21.0]",0.0361127853393554,
fing_x_face,0,0.01,ri_V>li_V,2,MAXMONO-K3,GP,boot,300,0.0999714225169386,0.089855638477543,True,0.0078424275329532,0.0542635658914728,0.0075573912783215,0.0501930501930501,1.061776061776062,1.22766454161803,"[[20.000001907348633, 8.000000953674316], 18.0]",0.0529570579528808,
fing_x_face,0,0.01,ri_V>li_V,2,MONO-cont,GP,boot,300,0.0482105409091241,0.0435036552835532,True,0.0078273459415437,0.0426356589147286,0.0072131932597048,0.0463320463320463,1.0772200772200773,1.937176379036844,"[[20.000001907348633, 3.000000238418579], 21.0]",0.0359394550323486,
fing_x_face,0,0.01,ri_V>li_V,2,S1-Marcialis,rule,boot,300,,,True,0.0069827768226103,0.0697674418604651,0.0080063452156475,0.0617760617760617,1.1891891891891893,1.9914998054532935,"[[38.000003814697266, 3.0], 19.0]",0.0202391147613525,
fing_x_face,0,0.01,ri_V>li_V,2,S2-Symmetric,rule,boot,300,,,True,0.0069827768226103,0.0697674418604651,0.0080063452156475,0.0617760617760617,1.1891891891891893,1.9914998054532935,"[[38.000003814697266, 3.0], 19.0]",0.0276262760162353,
fing_x_face,0,0.01,ri_V>li_V,2,S3-SPRT,rule,boot,300,,,True,0.0078575091243628,0.0465116279069767,0.0071682978659722,0.0424710424710424,1.0772200772200773,1.995241088264344,"[[1.0293819709970593, -4.230800395741762], -0.06772674020304192]",0.1625328063964843,
fing_x_face,0,0.01,ri_V>li_V,2,S4-Direct,rule,boot,300,,,True,0.0063041052091816,0.0465116279069767,0.0068091347161114,0.0463320463320463,1.0888030888030888,1.9392116368860557,"[[23.000001907348633, 3.000000238418579], 20.0]",0.3913595676422119,
fing_x_face,0,0.01,face_C>face_G>li_V,3,HYP,GP,boot,300,,,False,,,,,,,,,True
fing_x_face,0,0.01,face_C>face_G>li_V,3,MONO,GP,boot,300,0.0412097272977668,0.0382079880542949,True,0.0079479986728199,0.0155038759689922,0.0094429978150908,0.0038610038610038,1.1544401544401544,2.810421717398462,"[[0.6192700862884521, -Infinity], [74.54005432128906, 64.8189697265625], 27.0]",0.0575406551361084,
fing_x_face,0,0.01,face_C>face_G>li_V,3,MONO-rel,GP,boot,300,0.0216364508837617,0.0215882960123238,True,0.0079932434470485,0.0155038759689922,0.010206219508545,0.0,1.1737451737451738,2.8109454969920087,"[[0.6218100786209106, -Infinity], [74.34276580810547, 64.8189697265625], 25.0]",0.0458366870880126,
fing_x_face,0,0.01,face_C>face_G>li_V,3,NLS-N2,GP,boot,300,0.0361103345043906,0.0337617891924138,True,0.0079178354900009,0.0155038759689922,0.0094429978150908,0.0038610038610038,1.1544401544401544,2.8104965430546827,"[[0.6194400787353516, -Infinity], [74.53109741210938, 64.8189697265625], 27.0]",0.0558264255523681,
fing_x_face,0,0.01,face_C>face_G>li_V,3,DE-N2,GP,boot,300,0.0440781225840009,0.04075407100545,True,0.0079479986728199,0.0155038759689922,0.0094429978150908,0.0038610038610038,1.1544401544401544,2.81045164766095,"[[0.6193000674247742, -Infinity], [74.53226470947266, 64.8189697265625], 27.0]",0.0580594539642334,
fing_x_face,0,0.01,face_C>face_G>li_V,3,MAXMONO-K3,GP,boot,300,,,False,,,,,,,,,True
fing_x_face,0,0.01,face_C>face_G>li_V,3,MONO-cont,GP,boot,300,0.0440795278850397,0.0407559104690975,True,0.0079479986728199,0.0155038759689922,0.0094429978150908,0.0038610038610038,1.1544401544401544,2.81045164766095,"[[0.6193000674247742, -Infinity], [74.53226470947266, 64.8189697265625], 27.0]",0.0537071228027343,
fing_x_face,0,0.01,face_C>face_G>li_V,3,S1-Marcialis,rule,boot,300,,,True,0.0060477181552197,0.0426356589147286,0.0066445182724252,0.0115830115830115,1.8146718146718144,2.827377211098141,"[[0.7145800590515137, -1.0], [76.3500747680664, 64.80564880371094], 19.0]",0.0213410854339599,
fing_x_face,0,0.01,face_C>face_G>li_V,3,S2-Symmetric,rule,boot,300,,,True,0.0075709588875818,0.0271317829457364,0.0102211846397892,0.0077220077220077,1.583011583011583,2.5088144623028343,"[[0.7145800590515137, -1.0], [73.92266082763672, 66.08772277832031], 24.0]",0.0778126716613769,
fing_x_face,0,0.01,face_C>face_G>li_V,3,S3-SPRT,rule,boot,300,,,True,0.0077368563930865,0.0271317829457364,0.0099967076711262,0.0347490347490347,1.3243243243243243,1.3108108108108107,"[[5.5574187453405175, -2.436578042085005], [5.5574187453405175, -2.436578042085005], -0.9893558992389866]",0.1654982566833496,
fing_x_face,0,0.01,face_C>face_G>li_V,3,S4-Direct,rule,boot,300,,,True,0.0074503061563056,0.0155038759689922,0.0097123701774864,0.0115830115830115,1.2972972972972974,1.7048427164706237,"[[0.6518500447273254, 0.5420100688934326], [74.44487762451172, 63.75760269165039], 17.0]",0.6486899852752686,
fing_x_face,0,0.01,face_C>face_G>ri_V,3,HYP,GP,boot,300,,,False,,,,,,,,,True
fing_x_face,0,0.01,face_C>face_G>ri_V,3,MONO,GP,boot,300,0.0391666046027451,0.0370903376430305,True,0.0079027538985913,0.0077519379844961,0.0089042530902996,0.0,1.1583011583011582,2.810017658854868,"[[0.6178200840950012, -Infinity], [74.69400024414062, 64.8189697265625], 29.0]",0.0557632446289062,
fing_x_face,0,0.01,face_C>face_G>ri_V,3,MONO-rel,GP,boot,300,0.0188052293250636,0.0188819089590394,True,0.0080384882212771,0.0077519379844961,0.0095178234713118,0.0,1.162162162162162,2.811274729879381,"[[0.6210500597953796, -Infinity], [74.45762634277344, 64.8189697265625], 25.0]",0.0484192371368408,
fing_x_face,0,0.01,face_C>face_G>ri_V,3,NLS-N2,GP,boot,300,0.0340745862488702,0.0325146602775111,True,0.0079329170814104,0.0077519379844961,0.009009009009009,0.0,1.1583011583011582,2.809912902936159,"[[0.6178600788116455, -Infinity], [74.67293548583984, 64.8189697265625], 29.0]",0.0502321720123291,
fing_x_face,0,0.01,face_C>face_G>ri_V,3,DE-N2,GP,boot,300,0.0419957524530527,0.0397107318943431,True,0.0078424275329532,0.0077519379844961,0.0088892879590554,0.0,1.1583011583011582,2.810032623986112,"[[0.617870032787323, -Infinity], [74.70021057128906, 64.8189697265625], 29.0]",0.0606825351715087,
fing_x_face,0,0.01,face_C>face_G>ri_V,3,MAXMONO-K3,GP,boot,300,,,False,,,,,,,,,True
fing_x_face,0,0.01,face_C>face_G>ri_V,3,MONO-cont,GP,boot,300,0.0419970399462605,0.0397122018414452,True,0.0078424275329532,0.0077519379844961,0.0088892879590554,0.0,1.1583011583011582,2.810032623986112,"[[0.617870032787323, -Infinity], [74.70021057128906, 64.8189697265625], 29.0]",0.0516233444213867,
fing_x_face,0,0.01,face_C>face_G>ri_V,3,S1-Marcialis,rule,boot,300,,,True,0.0070280215968388,0.0155038759689922,0.0053724821166681,0.0154440154440154,1.8146718146718144,2.827377211098141,"[[0.7145800590515137, -1.0], [76.3500747680664, 64.80564880371094], 19.0]",0.0197787284851074,
fing_x_face,0,0.01,face_C>face_G>ri_V,3,S2-Symmetric,rule,boot,300,,,True,0.0074955509305341,0.0116279069767441,0.009981742539882,0.0077220077220077,1.583011583011583,2.5088144623028343,"[[0.7145800590515137, -1.0], [73.92266082763672, 66.08772277832031], 25.0]",0.0824737548828125,
fing_x_face,0,0.01,face_C>face_G>ri_V,3,S3-SPRT,rule,boot,300,,,True,0.0077066932102675,0.0193798449612403,0.009233485977672,0.0347490347490347,1.3243243243243243,1.3108108108108107,"[[5.5574187453405175, -2.436578042085005], [5.5574187453405175, -2.436578042085005], -1.5214704371149177]",0.2057540416717529,
fing_x_face,0,0.01,face_C>face_G>ri_V,3,S4-Direct,rule,boot,300,,,True,0.0065755738545531,0.003875968992248,0.0062853551225644,0.0154440154440154,1.3436293436293436,1.7082098710005686,"[[0.6518500447273254, 0.5420100688934326], [76.3500747680664, 63.75760269165039], 17.0]",0.7355179786682129,
fing_x_face,0,0.01,face_C>li_V>face_G,3,HYP,GP,boot,300,0.1575225429400024,0.6350777728591137,True,0.0076463668446294,0.0426356589147286,0.008934183352788,0.0463320463320463,1.057915057915058,1.0712639549848852,"[[0.6233900785446167, 0.5860700607299805], [13.000000953674316, 6.000000476837158], 74.04920196533203]",0.0742123126983642,
fing_x_face,0,0.01,face_C>li_V>face_G,3,MONO,GP,boot,300,0.0450681291461792,0.0406185292477651,True,0.0078273459415437,0.0193798449612403,0.0086049504654155,0.0,1.0926640926640927,2.683592230103858,"[[0.6176900863647461, -0.9999999403953552], [25.000001907348633, 5.000000476837158], 74.84239196777344]",0.0569655895233154,
fing_x_face,0,0.01,face_C>li_V>face_G,3,MONO-rel,GP,boot,300,0.0276121520240136,0.0276628141533407,True,0.007721774801677,0.0155038759689922,0.0086348807279039,0.0,1.0888030888030888,2.254975906138697,"[[0.6172900795936584, -Infinity], [25.000001907348633, 8.000000953674316], 74.59744262695312]",0.0595865249633789,
fing_x_face,0,0.01,face_C>li_V>face_G,3,NLS-N2,GP,boot,300,0.040148092129724,0.0364202024230926,True,0.0078122643501342,0.0155038759689922,0.0086049504654155,0.0,1.0926640926640927,2.683592230103858,"[[0.6177100539207458, -Infinity], [25.000001907348633, 5.000000476837158], 74.84239196777344]",0.0506632328033447,
fing_x_face,0,0.01,face_C>li_V>face_G,3,DE-N2,GP,boot,300,0.0480551331308262,0.0431415756293217,True,0.0078122643501342,0.0155038759689922,0.0086049504654155,0.0,1.0926640926640927,2.683592230103858,"[[0.6177100539207458, -Infinity], [25.000001907348633, 5.000000476837158], 74.84239196777344]",0.0601720809936523,
fing_x_face,0,0.01,face_C>li_V>face_G,3,MAXMONO-K3,GP,boot,300,,,False,,,,,,,,,True
fing_x_face,0,0.01,face_C>li_V>face_G,3,MONO-cont,GP,boot,300,0.0480558254052894,0.0431431697498842,True,0.0078122643501342,0.0155038759689922,0.0086049504654155,0.0,1.0926640926640927,2.683592230103858,"[[0.6177100539207458, -Infinity], [25.000001907348633, 5.000000476837158], 74.84239196777344]",0.0500802993774414,
fing_x_face,0,0.01,face_C>li_V>face_G,3,S1-Marcialis,rule,boot,300,,,True,0.0075558772961722,0.0271317829457364,0.0099967076711262,0.0115830115830115,1.5675675675675675,2.8590284636796266,"[[0.7145800590515137, -1.0], [35.000003814697266, 5.0], 73.80156707763672]",0.0197184085845947,
fing_x_face,0,0.01,face_C>li_V>face_G,3,S2-Symmetric,rule,boot,300,,,True,0.0075558772961722,0.0271317829457364,0.0099967076711262,0.0115830115830115,1.5675675675675675,2.8590284636796266,"[[0.7145800590515137, -1.0], [35.000003814697266, 5.0], 73.80156707763672]",0.0452408790588378,
fing_x_face,0,0.01,face_C>li_V>face_G,3,S3-SPRT,rule,boot,300,,,True,0.0075709588875818,0.0116279069767441,0.0083355781030199,0.0193050193050193,1.0694980694980696,1.2656460447158122,"[[1.4361951795901493, -2.436578042085005], [1.4361951795901493, -2.436578042085005], 2.1633980461663826]",0.1661679744720459,
fing_x_face,0,0.01,face_C>li_V>face_G,3,S4-Direct,rule,boot,300,,,True,0.0081591409525533,0.0155038759689922,0.0086348807279039,0.0115830115830115,1.1158301158301158,1.543249229295741,"[[0.6272900700569153, 0.5294500589370728], [35.000003814697266, 13.000000953674316], 71.64559173583984]",0.6429171562194824,
fing_x_face,0,0.01,face_C>li_V>ri_V,3,HYP,GP,boot,300,0.1787230164810291,0.3420374839362218,True,0.0075106325219437,0.0348837209302325,0.0079165544281823,0.054054054054054,1.05019305019305,1.062239980844632,"[[0.6233900785446167, 0.5883100628852844], [13.000000953674316, 6.000000476837158], 15.0]",0.0675976276397705,
fing_x_face,0,0.01,face_C>li_V>ri_V,3,MONO,GP,boot,300,,,False,,,,,,,,,True
fing_x_face,0,0.01,face_C>li_V>ri_V,3,MONO-rel,GP,boot,300,,,False,,,,,,,,,True
fing_x_face,0,0.01,face_C>li_V>ri_V,3,NLS-N2,GP,boot,300,,,False,,,,,,,,,True
fing_x_face,0,0.01,face_C>li_V>ri_V,3,DE-N2,GP,boot,300,,,False,,,,,,,,,True
fing_x_face,0,0.01,face_C>li_V>ri_V,3,MAXMONO-K3,GP,boot,300,,,False,,,,,,,,,True
fing_x_face,0,0.01,face_C>li_V>ri_V,3,MONO-cont,GP,boot,300,,,False,,,,,,,,,True
fing_x_face,0,0.01,face_C>li_V>ri_V,3,S1-Marcialis,rule,boot,300,,,True,0.0074955509305341,0.0310077519379844,0.0064350064350064,0.0193050193050193,1.5675675675675675,2.8590284636796266,"[[0.7145800590515137, -1.0], [35.000003814697266, 5.0], 19.0]",0.0230231285095214,
fing_x_face,0,0.01,face_C>li_V>ri_V,3,S2-Symmetric,rule,boot,300,,,True,0.0074955509305341,0.0310077519379844,0.0064350064350064,0.0193050193050193,1.5675675675675675,2.8590284636796266,"[[0.7145800590515137, -1.0], [35.000003814697266, 5.0], 19.0]",0.0452039241790771,
fing_x_face,0,0.01,face_C>li_V>ri_V,3,S3-SPRT,rule,boot,300,,,True,0.0072240822851627,0.0116279069767441,0.0081859267905779,0.0193050193050193,1.2393822393822391,1.2804615246475712,"[[5.5574187453405175, -2.436578042085005], [5.5574187453405175, -2.436578042085005], -3.4997734389585053]",0.1671144962310791,
fing_x_face,0,0.01,face_C>li_V>ri_V,3,S4-Direct,rule,boot,300,,,True,0.0075257141133532,0.0155038759689922,0.0076771123282751,0.0077220077220077,1.1158301158301158,1.7937355960611774,"[[0.6272900700569153, 0.5294500589370728], [35.000003814697266, 6.000000476837158], 18.0]",0.7264623641967773,
fing_x_face,0,0.01,face_C>ri_V>face_G,3,HYP,GP,boot,300,,,False,,,,,,,,,True
fing_x_face,0,0.01,face_C>ri_V>face_G,3,MONO,GP,boot,300,0.037219689014078,0.0352323815548009,True,0.007978161855639,0.003875968992248,0.0087695669091017,0.0,1.0888030888030888,2.927284427284427,"[[0.6192300319671631, -Infinity], [24.000001907348633, 3.000000238418579], 74.74112701416016]",0.0498018264770507,
fing_x_face,0,0.01,face_C>ri_V>face_G,3,MONO-rel,GP,boot,300,0.019228565671819,0.0189842732059934,True,0.0080384882212771,0.003875968992248,0.0090239741402532,0.0,1.0888030888030888,2.323052288168568,"[[0.6190700531005859, -Infinity], [24.000001907348633, 7.000000476837158], 74.30506896972656]",0.055192232131958,
fing_x_face,0,0.01,face_C>ri_V>face_G,3,NLS-N2,GP,boot,300,0.0327604821211713,0.0310739444522026,True,0.0079329170814104,0.003875968992248,0.0087246715153691,0.0,1.0888030888030888,2.926880368740834,"[[0.6189300417900085, -Infinity], [24.000001907348633, 3.000000238418579], 74.8154525756836]",0.0467944145202636,
fing_x_face,0,0.01,face_C>ri_V>face_G,3,DE-N2,GP,boot,300,0.0396245209282982,0.0375983512628966,True,0.0079630802642294,0.003875968992248,0.0088294274340785,0.0,1.0926640926640927,2.927568764778067,"[[0.619670033454895, -Infinity], [24.000001907348633, 3.000000238418579], 74.6830825805664]",0.0459187030792236,
fing_x_face,0,0.01,face_C>ri_V>face_G,3,MAXMONO-K3,GP,boot,300,,,False,,,,,,,,,True
fing_x_face,0,0.01,face_C>ri_V>face_G,3,MONO-cont,GP,boot,300,0.0396281840625143,0.0376013855734704,True,0.0079630802642294,0.003875968992248,0.0088294274340785,0.0,1.0926640926640927,2.927568764778067,"[[0.619670033454895, -Infinity], [24.000001907348633, 3.000000238418579], 74.6830825805664]",0.0572030544281005,
fing_x_face,0,0.01,face_C>ri_V>face_G,3,S1-Marcialis,rule,boot,300,,,True,0.0074653877477151,0.0077519379844961,0.0100715333273472,0.0115830115830115,1.5675675675675675,2.991499805453294,"[[0.7145800590515137, -1.0], [38.000003814697266, 3.0], 73.87590789794922]",0.0261108875274658,
fing_x_face,0,0.01,face_C>ri_V>face_G,3,S2-Symmetric,rule,boot,300,,,True,0.0074653877477151,0.0077519379844961,0.0100715333273472,0.0115830115830115,1.5675675675675675,2.991499805453294,"[[0.7145800590515137, -1.0], [38.000003814697266, 3.0], 73.87590789794922]",0.0490784645080566,
fing_x_face,0,0.01,face_C>ri_V>face_G,3,S3-SPRT,rule,boot,300,,,True,0.007435224564896,0.003875968992248,0.0080362754781359,0.0154440154440154,1.2316602316602316,1.2686390709646524,"[[5.5574187453405175, -2.436578042085005], [5.5574187453405175, -2.436578042085005], -1.9983324330451044]",0.1699440479278564,
fing_x_face,0,0.01,face_C>ri_V>face_G,3,S4-Direct,rule,boot,300,,,True,0.0075257141133532,0.0077519379844961,0.0079913800844033,0.0077220077220077,1.108108108108108,1.54064529645925,"[[0.6272900700569153, 0.5294500589370728], [38.000003814697266, 13.000000953674316], 72.0541763305664]",0.6915547847747803,
fing_x_face,0,0.01,face_C>ri_V>li_V,3,HYP,GP,boot,300,0.1447335918613175,0.3067908905229225,True,0.0074503061563056,0.0348837209302325,0.0078716590344497,0.0463320463320463,1.057915057915058,1.0636467031815868,"[[0.6233900785446167, 0.5844700336456299], [13.000000953674316, 8.000000953674316], 19.0]",0.0560553073883056,
fing_x_face,0,0.01,face_C>ri_V>li_V,3,MONO,GP,boot,300,0.0369172969867144,0.0354528037376159,True,0.0076765300274484,0.0077519379844961,0.0083206129717757,0.0,1.084942084942085,2.925234204303972,"[[0.6171600818634033, -Infinity], [24.000001907348633, 3.000000238418579], 31.0]",0.0610029697418212,
fing_x_face,0,0.01,face_C>ri_V>li_V,3,MONO-rel,GP,boot,300,0.0190887951267731,0.0192194688444197,True,0.0076614484360389,0.0116279069767441,0.0080512406093801,0.0,1.0888030888030888,2.9264763101972404,"[[0.6184800863265991, -0.9999999403953552], [24.000001907348633, 3.000000238418579], 27.0]",0.0479302406311035,
fing_x_face,0,0.01,face_C>ri_V>li_V,3,NLS-N2,GP,boot,300,0.0325327945209703,0.0314487570347373,True,0.0077066932102675,0.0077519379844961,0.0082906827092873,0.0,1.084942084942085,2.9251444135165063,"[[0.6170700788497925, -Infinity], [24.000001907348633, 3.000000238418579], 33.0]",0.056347370147705,
fing_x_face,0,0.01,face_C>ri_V>li_V,3,DE-N2,GP,boot,300,0.0393071331526221,0.0375446530474284,True,0.007691611618858,0.0077519379844961,0.0081260662656011,0.0,1.0888030888030888,2.925982460866182,"[[0.6177100539207458, -Infinity], [24.000001907348633, 3.000000238418579], 29.0]",0.0462067127227783,
fing_x_face,0,0.01,face_C>ri_V>li_V,3,MAXMONO-K3,GP,boot,300,,,False,,,,,,,,,True
fing_x_face,0,0.01,face_C>ri_V>li_V,3,MONO-cont,GP,boot,300,0.0393109988380362,0.0375479211434527,True,0.007691611618858,0.0077519379844961,0.0081260662656011,0.0,1.0888030888030888,2.925982460866182,"[[0.6177100539207458, -Infinity], [24.000001907348633, 3.000000238418579], 29.0]",0.050938606262207,
fing_x_face,0,0.01,face_C>ri_V>li_V,3,S1-Marcialis,rule,boot,300,,,True,0.0069827768226103,0.0348837209302325,0.0080063452156475,0.0154440154440154,1.5675675675675675,2.991499805453294,"[[0.7145800590515137, -1.0], [38.000003814697266, 3.0], 19.0]",0.0202078819274902,
fing_x_face,0,0.01,face_C>ri_V>li_V,3,S2-Symmetric,rule,boot,300,,,True,0.0069827768226103,0.0348837209302325,0.0080063452156475,0.0154440154440154,1.5675675675675675,2.991499805453294,"[[0.7145800590515137, -1.0], [38.000003814697266, 3.0], 19.0]",0.0534813404083251,
fing_x_face,0,0.01,face_C>ri_V>li_V,3,S3-SPRT,rule,boot,300,,,True,0.0074804693391246,0.003875968992248,0.0083505432342641,0.0154440154440154,1.2316602316602316,1.2686390709646524,"[[5.5574187453405175, -2.436578042085005], [5.5574187453405175, -2.436578042085005], -3.6527341558559594]",0.1548047065734863,
fing_x_face,0,0.01,face_C>ri_V>li_V,3,S4-Direct,rule,boot,300,,,True,0.0069676952312007,0.0155038759689922,0.0073628445721468,0.0077220077220077,1.108108108108108,1.5269821316332943,"[[0.6272900700569153, 0.5294500589370728], [38.000003814697266, 16.000001907348633], 9.0]",0.7354295253753662,
fing_x_face,0,0.01,face_G>face_C>li_V,3,HYP,GP,boot,300,,,False,,,,,,,,,True
fing_x_face,0,0.01,face_G>face_C>li_V,3,MONO,GP,boot,300,0.0634775136150167,0.0605967509013676,True,0.0079027538985913,0.0193798449612403,0.0105055221334291,0.0038610038610038,1.204633204633205,2.6335937266169824,"[[74.07190704345703, 64.8189697265625], [0.6283500790596008, -Infinity], 28.0]",0.057037353515625,
fing_x_face,0,0.01,face_G>face_C>li_V,3,MONO-rel,GP,boot,300,0.0290501859788188,0.0296840798875349,True,0.008008325038458,0.0193798449612403,0.0101463589835682,0.0038610038610038,1.2084942084942083,2.611744635000449,"[[74.18684387207031, 64.8189697265625], [0.6248700618743896, 0.4768800437450409], 27.0]",0.0586555004119873,
fing_x_face,0,0.01,face_G>face_C>li_V,3,NLS-N2,GP,boot,300,0.0571711398995376,0.0549616475138103,True,0.0078725907157723,0.0193798449612403,0.0105204872646733,0.0038610038610038,1.204633204633205,2.6337583430606686,"[[74.08596801757812, 64.8189697265625], [0.627530038356781, -Infinity], 28.0]",0.0554418563842773,
fing_x_face,0,0.01,face_G>face_C>li_V,3,DE-N2,GP,boot,300,0.0653650387653127,0.0623052382271174,True,0.0078273459415437,0.0232558139534883,0.0105204872646733,0.0038610038610038,1.204633204633205,2.6333692496483194,"[[74.06050109863281, 64.8189697265625], [0.6291000843048096, -Infinity], 29.0]",0.0599493980407714,
fing_x_face,0,0.01,face_G>face_C>li_V,3,MAXMONO-K3,GP,boot,300,,,False,,,,,,,,,True
fing_x_face,0,0.01,face_G>face_C>li_V,3,MONO-cont,GP,boot,300,0.0653535428692405,0.0622944361806739,True,0.0078273459415437,0.0232558139534883,0.0105204872646733,0.0038610038610038,1.204633204633205,2.6333692496483194,"[[74.06050109863281, 64.8189697265625], [0.6291000843048096, -Infinity], 29.0]",0.0701134204864502,
fing_x_face,0,0.01,face_G>face_C>li_V,3,S1-Marcialis,rule,boot,300,,,True,0.0060477181552197,0.0426356589147286,0.0066445182724252,0.0115830115830115,1.6872586872586872,2.654754422196283,"[[76.3500747680664, 64.80564880371094], [0.7145800590515137, -1.0], 19.0]",0.0280523300170898,
fing_x_face,0,0.01,face_G>face_C>li_V,3,S2-Symmetric,rule,boot,300,,,True,0.0075709588875818,0.0271317829457364,0.0102211846397892,0.0077220077220077,1.204633204633205,2.0176289246056687,"[[73.92266082763672, 66.08772277832031], [0.7145800590515137, -1.0], 24.0]",0.092620849609375,
fing_x_face,0,0.01,face_G>face_C>li_V,3,S3-SPRT,rule,boot,300,,,True,0.0077368563930865,0.0232558139534883,0.0102211846397892,0.0115830115830115,1.4247104247104247,2.0277303881955047,"[[6.057992520457576, -3.750223409229389], [6.057992520457576, -3.750223409229389], -0.9553260990516477]",0.2109248638153076,
fing_x_face,0,0.01,face_G>face_C>li_V,3,S4-Direct,rule,boot,300,,,True,0.0073598166078484,0.0116279069767441,0.0098021609649516,0.0077220077220077,1.2895752895752897,2.248959923378528,"[[74.44487762451172, 63.75760269165039], [0.6723300814628601, 0.5420100688934326], 17.0]",0.5799920558929443,
fing_x_face,0,0.01,face_G>face_C>ri_V,3,HYP,GP,boot,300,,,False,,,,,,,,,True
fing_x_face,0,0.01,face_G>face_C>ri_V,3,MONO,GP,boot,300,0.0615296932313415,0.0594378298804826,True,0.0077670195759056,0.0116279069767441,0.0101762892460566,0.0,1.193050193050193,2.632965191104726,"[[74.015380859375, 64.8189697265625], [0.633120059967041, -Infinity], 29.0]",0.0803489685058593,
fing_x_face,0,0.01,face_G>face_C>ri_V,3,MONO-rel,GP,boot,300,0.0264261591083995,0.0267316230090551,True,0.0079932434470485,0.0116279069767441,0.0099967076711262,0.0,1.2084942084942083,2.635194995660112,"[[74.15283966064453, 64.8189697265625], [0.6265500783920288, -Infinity], 26.0]",0.061711311340332,
fing_x_face,0,0.01,face_G>face_C>ri_V,3,NLS-N2,GP,boot,300,0.0552437267313993,0.0536653407024776,True,0.0078122643501342,0.0116279069767441,0.0103259405584986,0.0,1.1891891891891893,2.6329202957109934,"[[74.0293960571289, 64.8189697265625], [0.6318200826644897, -Infinity], 29.0]",0.0677568912506103,
fing_x_face,0,0.01,face_G>face_C>ri_V,3,DE-N2,GP,boot,300,0.0633696649979991,0.0609506611812221,True,0.0078273459415437,0.0116279069767441,0.010131393852324,0.0,1.193050193050193,2.6329352608422374,"[[74.00608825683594, 64.8189697265625], [0.6340200304985046, -Infinity], 28.0]",0.0551140308380126,
fing_x_face,0,0.01,face_G>face_C>ri_V,3,MAXMONO-K3,GP,boot,300,0.1096343882367733,0.1151014043466998,True,0.0078725907157723,0.0155038759689922,0.0103409056897429,0.0077220077220077,1.196911196911197,2.019050612073868,"[[74.07518005371094, 64.8189697265625], [0.6276300549507141, 0.5546800494194031], 28.0]",0.0807743072509765,
fing_x_face,0,0.01,face_G>face_C>ri_V,3,MONO-cont,GP,boot,300,0.0633580712905137,0.0609393466367195,True,0.0078273459415437,0.0116279069767441,0.010131393852324,0.0,1.193050193050193,2.6329352608422374,"[[74.00608825683594, 64.8189697265625], [0.6340200304985046, -Infinity], 28.0]",0.0575993061065673,
fing_x_face,0,0.01,face_G>face_C>ri_V,3,S1-Marcialis,rule,boot,300,,,True,0.0070280215968388,0.0155038759689922,0.0053724821166681,0.0154440154440154,1.6872586872586872,2.654754422196283,"[[76.3500747680664, 64.80564880371094], [0.7145800590515137, -1.0], 19.0]",0.0212385654449462,
fing_x_face,0,0.01,face_G>face_C>ri_V,3,S2-Symmetric,rule,boot,300,,,True,0.0074955509305341,0.0116279069767441,0.009981742539882,0.0077220077220077,1.204633204633205,2.0176289246056687,"[[73.92266082763672, 66.08772277832031], [0.7145800590515137, -1.0], 25.0]",0.0814847946166992,
fing_x_face,0,0.01,face_G>face_C>ri_V,3,S3-SPRT,rule,boot,300,,,True,0.007691611618858,0.0116279069767441,0.0092783813714046,0.0115830115830115,1.4247104247104247,2.0277303881955047,"[[6.057992520457576, -3.750223409229389], [6.057992520457576, -3.750223409229389], -1.431025986014785]",0.2238161563873291,
fing_x_face,0,0.01,face_G>face_C>ri_V,3,S4-Direct,rule,boot,300,,,True,0.0071486743281151,0.0116279069767441,0.0071832629972164,0.0154440154440154,1.4324324324324325,1.885860944000479,"[[76.3500747680664, 65.9737548828125], [0.6272900700569153, 0.5294500589370728], 18.0]",0.6912763118743896,
fing_x_face,0,0.01,face_G>li_V>face_C,3,HYP,GP,boot,300,,,False,,,,,,,,,True
fing_x_face,0,0.01,face_G>li_V>face_C,3,MONO,GP,boot,300,0.0726415911921021,0.0660419213083221,True,0.0078122643501342,0.0155038759689922,0.0104007662147197,0.0,1.1274131274131274,2.3814312651521954,"[[73.95158386230469, 64.8189697265625], [24.000001907348633, 5.000000476837158], 0.6437600255012512]",0.0800924301147461,
fing_x_face,0,0.01,face_G>li_V>face_C,3,MONO-rel,GP,boot,300,0.0377058645487889,0.036542539868319,True,0.0078122643501342,0.0193798449612403,0.0101762892460566,0.0077220077220077,1.1235521235521235,2.1221154709526804,"[[73.96866607666016, 64.8189697265625], [25.000001907348633, 7.000000476837158], 0.631820023059845]",0.065908670425415,
fing_x_face,0,0.01,face_G>li_V>face_C,3,NLS-N2,GP,boot,300,0.0663352838903341,0.0605393906110434,True,0.0078725907157723,0.0155038759689922,0.0104755918709407,0.0,1.1274131274131274,2.381565951333393,"[[73.95951080322266, 64.8189697265625], [24.000001907348633, 5.000000476837158], 0.6410499811172485]",0.0686967372894287,
fing_x_face,0,0.01,face_G>li_V>face_C,3,DE-N2,GP,boot,300,0.0744548460744879,0.0675474626131391,True,0.0077821011673151,0.0155038759689922,0.0104157313459639,0.0,1.1235521235521235,2.381326509233486,"[[73.93901062011719, 64.8189697265625], [25.000001907348633, 5.000000476837158], 0.6426699757575989]",0.0629093647003173,
fing_x_face,0,0.01,face_G>li_V>face_C,3,MAXMONO-K3,GP,boot,300,,,False,,,,,,,,,True
fing_x_face,0,0.01,face_G>li_V>face_C,3,MONO-cont,GP,boot,300,0.0744392480832772,0.0675347100965685,True,0.0077821011673151,0.0155038759689922,0.0104157313459639,0.0,1.1235521235521235,2.381326509233486,"[[73.93901062011719, 64.8189697265625], [25.000001907348633, 5.000000476837158], 0.6426699757575989]",0.0726416110992431,
fing_x_face,0,0.01,face_G>li_V>face_C,3,S1-Marcialis,rule,boot,300,,,True,0.0075860404789913,0.0193798449612403,0.0078566939032055,0.0193050193050193,1.416988416988417,2.537053664960642,"[[76.3500747680664, 64.80564880371094], [35.000003814697266, 5.0], 0.6139699816703796]",0.021768569946289,
fing_x_face,0,0.01,face_G>li_V>face_C,3,S2-Symmetric,rule,boot,300,,,True,0.0075860404789913,0.0193798449612403,0.0078566939032055,0.0193050193050193,1.416988416988417,2.537053664960642,"[[76.3500747680664, 64.80564880371094], [35.000003814697266, 5.0], 0.6139699816703796]",0.0799505710601806,
fing_x_face,0,0.01,face_G>li_V>face_C,3,S3-SPRT,rule,boot,300,,,True,0.007721774801677,0.0155038759689922,0.010206219508545,0.0154440154440154,1.3127413127413128,2.019065577205112,"[[6.057992520457576, -3.750223409229389], [6.057992520457576, -3.750223409229389], -0.9407552692023287]",0.2704098224639892,
fing_x_face,0,0.01,face_G>li_V>face_C,3,S4-Direct,rule,boot,300,,,True,0.0079479986728199,0.0116279069767441,0.0098769866211726,0.0,1.1428571428571428,2.3801891592589266,"[[74.10282897949219, 63.75760269165039], [24.000001907348633, 6.000000476837158], 0.6241599917411804]",0.6035170555114746,
fing_x_face,0,0.01,face_G>li_V>ri_V,3,HYP,GP,boot,300,,,False,,,,,,,,,True
fing_x_face,0,0.01,face_G>li_V>ri_V,3,MONO,GP,boot,300,,,False,,,,,,,,,True
fing_x_face,0,0.01,face_G>li_V>ri_V,3,MONO-rel,GP,boot,300,,,False,,,,,,,,,True
fing_x_face,0,0.01,face_G>li_V>ri_V,3,NLS-N2,GP,boot,300,,,False,,,,,,,,,True
fing_x_face,0,0.01,face_G>li_V>ri_V,3,DE-N2,GP,boot,300,,,False,,,,,,,,,True
fing_x_face,0,0.01,face_G>li_V>ri_V,3,MAXMONO-K3,GP,boot,300,,,False,,,,,,,,,True
fing_x_face,0,0.01,face_G>li_V>ri_V,3,MONO-cont,GP,boot,300,,,False,,,,,,,,,True
fing_x_face,0,0.01,face_G>li_V>ri_V,3,S1-Marcialis,rule,boot,300,,,True,0.006545410671734,0.0193798449612403,0.0051779354104935,0.0193050193050193,1.416988416988417,2.537053664960642,"[[76.3500747680664, 64.80564880371094], [35.000003814697266, 5.0], 19.0]",0.0268094539642334,
fing_x_face,0,0.01,face_G>li_V>ri_V,3,S2-Symmetric,rule,boot,300,,,True,0.006545410671734,0.0193798449612403,0.0051779354104935,0.0193050193050193,1.416988416988417,2.537053664960642,"[[76.3500747680664, 64.80564880371094], [35.000003814697266, 5.0], 19.0]",0.0691683292388916,
fing_x_face,0,0.01,face_G>li_V>ri_V,3,S3-SPRT,rule,boot,300,,,True,0.0078575091243628,0.0116279069767441,0.0086797761216365,0.0115830115830115,1.3127413127413128,2.019065577205112,"[[6.057992520457576, -3.750223409229389], [6.057992520457576, -3.750223409229389], -2.826316262052878]",0.2020995616912841,
fing_x_face,0,0.01,face_G>li_V>ri_V,3,S4-Direct,rule,boot,300,,,True,0.0077670195759056,0.003875968992248,0.0093681721588698,0.0038610038610038,1.1428571428571428,2.3801891592589266,"[[74.10282897949219, 63.75760269165039], [24.000001907348633, 6.000000476837158], 22.0]",0.5429487228393555,
fing_x_face,0,0.01,face_G>ri_V>face_C,3,HYP,GP,boot,300,,,False,,,,,,,,,True
fing_x_face,0,0.01,face_G>ri_V>face_C,3,MONO,GP,boot,300,0.0624505947389471,0.0596592676208461,True,0.007721774801677,0.0116279069767441,0.0099368471461494,0.0,1.1274131274131274,2.5843135494298286,"[[74.001220703125, 64.8189697265625], [24.000001907348633, 3.000000238418579], 0.641319990158081]",0.0578222274780273,
fing_x_face,0,0.01,face_G>ri_V>face_C,3,MONO-rel,GP,boot,300,0.0283503750406289,0.0282359197078176,True,0.0077368563930865,0.0116279069767441,0.0100266379336146,0.0,1.1274131274131274,2.08663314477268,"[[74.01390075683594, 64.8189697265625], [24.000001907348633, 7.000000476837158], 0.6279699802398682]",0.0653386116027832,
fing_x_face,0,0.01,face_G>ri_V>face_C,3,NLS-N2,GP,boot,300,0.0567686480027823,0.0542891462696369,True,0.0077519379844961,0.0116279069767441,0.0099667774086378,0.0,1.1274131274131274,2.584253688904852,"[[73.99998474121094, 64.8189697265625], [24.000001907348633, 3.000000238418579], 0.641319990158081]",0.0570902824401855,
fing_x_face,0,0.01,face_G>ri_V>face_C,3,DE-N2,GP,boot,300,0.0635755970337094,0.0608194751324598,True,0.0078122643501342,0.0116279069767441,0.009981742539882,0.0,1.1274131274131274,2.584403340217294,"[[74.00521087646484, 64.8189697265625], [24.000001907348633, 3.000000238418579], 0.640030026435852]",0.0590720176696777,
fing_x_face,0,0.01,face_G>ri_V>face_C,3,MAXMONO-K3,GP,boot,300,,,False,,,,,,,,,True
fing_x_face,0,0.01,face_G>ri_V>face_C,3,MONO-cont,GP,boot,300,0.063565213369978,0.0608088819618072,True,0.0078122643501342,0.0116279069767441,0.009981742539882,0.0,1.1274131274131274,2.584403340217294,"[[74.00521087646484, 64.8189697265625], [24.000001907348633, 3.000000238418579], 0.640030026435852]",0.0601119995117187,
fing_x_face,0,0.01,face_G>ri_V>face_C,3,S1-Marcialis,rule,boot,300,,,True,0.0075558772961722,0.0155038759689922,0.0081709616593337,0.0077220077220077,1.416988416988417,2.64712220526174,"[[76.3500747680664, 64.80564880371094], [38.000003814697266, 3.0], 0.61531001329422]",0.021655797958374,
fing_x_face,0,0.01,face_G>ri_V>face_C,3,S2-Symmetric,rule,boot,300,,,True,0.0078876723071818,0.0116279069767441,0.0104456616084523,0.0154440154440154,1.1235521235521235,2.012780222082548,"[[73.92266082763672, 66.08772277832031], [38.000003814697266, 3.0], 0.6406599879264832]",0.0682785511016845,
fing_x_face,0,0.01,face_G>ri_V>face_C,3,S3-SPRT,rule,boot,300,,,True,0.0076312852532199,0.003875968992248,0.0093532070276256,0.0115830115830115,1.308880308880309,1.9717757624734369,"[[6.057992520457576, -3.750223409229389], [6.057992520457576, -3.750223409229389], -1.4725410937490353]",0.2216997146606445,
fing_x_face,0,0.01,face_G>ri_V>face_C,3,S4-Direct,rule,boot,300,,,True,0.0077519379844961,0.003875968992248,0.0068091347161114,0.0,1.3783783783783785,2.339334350962258,"[[76.3500747680664, 63.75760269165039], [21.000001907348633, 6.000000476837158], 0.6146900057792664]",0.6533098220825195,
fing_x_face,0,0.01,face_G>ri_V>li_V,3,HYP,GP,boot,300,,,False,,,,,,,,,True
fing_x_face,0,0.01,face_G>ri_V>li_V,3,MONO,GP,boot,300,,,False,,,,,,,,,True
fing_x_face,0,0.01,face_G>ri_V>li_V,3,MONO-rel,GP,boot,300,0.0286549002853911,0.0287757679934971,True,0.0076162036618103,0.0077519379844961,0.0098620214899284,0.0038610038610038,1.1274131274131274,2.583400676423932,"[[73.9861068725586, 64.8189697265625], [23.000001907348633, 3.000000238418579], 29.0]",0.0523455142974853,
fing_x_face,0,0.01,face_G>ri_V>li_V,3,NLS-N2,GP,boot,300,,,False,,,,,,,,,True
fing_x_face,0,0.01,face_G>ri_V>li_V,3,DE-N2,GP,boot,300,0.0640273962820958,0.0616487938778391,True,0.0077519379844961,0.0077519379844961,0.0098470563586842,0.0038610038610038,1.1274131274131274,2.582996617880339,"[[73.97010040283203, 64.8189697265625], [23.000001907348633, 3.000000238418579], 35.0]",0.0763206481933593,
fing_x_face,0,0.01,face_G>ri_V>li_V,3,MAXMONO-K3,GP,boot,300,,,False,,,,,,,,,True
fing_x_face,0,0.01,face_G>ri_V>li_V,3,MONO-cont,GP,boot,300,0.0640171413113514,0.0616387595971438,True,0.0077519379844961,0.0077519379844961,0.0098470563586842,0.0038610038610038,1.1274131274131274,2.582996617880339,"[[73.97010040283203, 64.8189697265625], [23.000001907348633, 3.000000238418579], 35.0]",0.0639238357543945,
fing_x_face,0,0.01,face_G>ri_V>li_V,3,S1-Marcialis,rule,boot,300,,,True,0.0060477181552197,0.0348837209302325,0.0066445182724252,0.0115830115830115,1.416988416988417,2.64712220526174,"[[76.3500747680664, 64.80564880371094], [38.000003814697266, 3.0], 19.0]",0.0244438648223876,
fing_x_face,0,0.01,face_G>ri_V>li_V,3,S2-Symmetric,rule,boot,300,,,True,0.0075709588875818,0.0155038759689922,0.0102211846397892,0.0115830115830115,1.1235521235521235,2.012780222082548,"[[73.92266082763672, 66.08772277832031], [38.000003814697266, 3.0], 24.0]",0.0703129768371582,
fing_x_face,0,0.01,face_G>ri_V>li_V,3,S3-SPRT,rule,boot,300,,,True,0.0077066932102675,0.0077519379844961,0.0077669031157403,0.0115830115830115,1.308880308880309,1.9717757624734369,"[[6.057992520457576, -3.750223409229389], [6.057992520457576, -3.750223409229389], -2.7885690091968725]",0.1990160942077636,
fing_x_face,0,0.01,face_G>ri_V>li_V,3,S4-Direct,rule,boot,300,,,True,0.0079479986728199,0.0077519379844961,0.0092484511089162,0.0038610038610038,1.138996138996139,2.328634282122654,"[[74.10282897949219, 63.75760269165039], [21.000001907348633, 6.000000476837158], 30.0]",0.5509200096130371,
fing_x_face,0,0.01,li_V>face_C>face_G,3,HYP,GP,boot,300,,,False,,,,,,,,,
fing_x_face,0,0.01,li_V>face_C>face_G,3,MONO,GP,boot,300,0.0987194889337142,0.0960990217079013,True,0.0075407957047627,0.0310077519379844,0.0089790787465206,0.0193050193050193,1.1274131274131274,2.384080093382419,"[[21.000001907348633, 5.000000476837158], [0.6261200308799744, -Infinity], 74.30878448486328]",0.071169376373291,
fing_x_face,0,0.01,li_V>face_C>face_G,3,MONO-rel,GP,boot,300,0.0792043677887238,0.0803036956362536,True,0.008008325038458,0.0310077519379844,0.0096225793900212,0.0193050193050193,1.1312741312741312,2.038056328754003,"[[22.000001907348633, 5.000000476837158], [0.6244900822639465, 0.5316500663757324], 74.0718994140625]",0.0657496452331543,
fing_x_face,0,0.01,li_V>face_C>face_G,3,NLS-N2,GP,boot,300,0.0953430163203095,0.0934372561340682,True,0.0076614484360389,0.0310077519379844,0.0090539044027416,0.0193050193050193,1.1274131274131274,2.3840202328574422,"[[21.000001907348633, 5.000000476837158], [0.6257700324058533, -Infinity], 74.30635070800781]",0.0504961013793945,
fing_x_face,0,0.01,li_V>face_C>face_G,3,DE-N2,GP,boot,300,0.1009959046150669,0.0979515891729461,True,0.007435224564896,0.0310077519379844,0.0089641136152764,0.0193050193050193,1.1274131274131274,2.3841100236449075,"[[21.000001907348633, 5.000000476837158], [0.6264300346374512, -Infinity], 74.30757904052734]",0.0571105480194091,
fing_x_face,0,0.01,li_V>face_C>face_G,3,MAXMONO-K3,GP,boot,300,0.146959905384067,0.1465653936012409,True,0.0079027538985913,0.0387596899224806,0.0089491484840322,0.0231660231660231,1.1235521235521235,1.659318787225764,"[[21.000001907348633, 6.000000476837158], [0.6170900464057922, 0.551270067691803], 74.27366638183594]",0.0896713733673095,
fing_x_face,0,0.01,li_V>face_C>face_G,3,MONO-cont,GP,boot,300,0.1009762677288923,0.0979333630758648,True,0.007435224564896,0.0310077519379844,0.0089641136152764,0.0193050193050193,1.1274131274131274,2.3841100236449075,"[[21.000001907348633, 5.000000476837158], [0.6264300346374512, -Infinity], 74.30757904052734]",0.0626802444458007,
fing_x_face,0,0.01,li_V>face_C>face_G,3,S1-Marcialis,rule,boot,300,,,True,0.0075558772961722,0.0271317829457364,0.0099967076711262,0.0154440154440154,1.3436293436293436,2.7180569273592528,"[[35.000003814697266, 5.0], [0.7145800590515137, -1.0], 73.80156707763672]",0.0289556980133056,
fing_x_face,0,0.01,li_V>face_C>face_G,3,S2-Symmetric,rule,boot,300,,,True,0.0075558772961722,0.0271317829457364,0.0099967076711262,0.0154440154440154,1.3436293436293436,2.7180569273592528,"[[35.000003814697266, 5.0], [0.7145800590515137, -1.0], 73.80156707763672]",0.0571959018707275,
fing_x_face,0,0.01,li_V>face_C>face_G,3,S3-SPRT,rule,boot,300,,,True,0.007721774801677,0.0155038759689922,0.0095477537338002,0.0038610038610038,1.2162162162162162,2.0844332704797823,"[[4.64736944250726, -3.476318212001615], [4.64736944250726, -3.476318212001615], -0.9820015134498798]",0.2023630142211914,
fing_x_face,0,0.01,li_V>face_C>face_G,3,S4-Direct,rule,boot,300,,,False,,,,,,,,,
fing_x_face,0,0.01,li_V>face_C>ri_V,3,HYP,GP,boot,300,,,False,,,,,,,,,
fing_x_face,0,0.01,li_V>face_C>ri_V,3,MONO,GP,boot,300,0.0966048424541486,0.0951537076554989,True,0.007435224564896,0.0271317829457364,0.0076471820657867,0.0193050193050193,1.111969111969112,2.382059800664452,"[[20.000001907348633, 5.000000476837158], [0.627530038356781, -0.9999999403953552], 23.000001907348633]",0.0562305450439453,
fing_x_face,0,0.01,li_V>face_C>ri_V,3,MONO-rel,GP,boot,300,0.0769259808972803,0.0781339520548611,True,0.0077670195759056,0.0271317829457364,0.0075124958845889,0.0193050193050193,1.1274131274131274,2.3833019065577203,"[[21.000001907348633, 5.000000476837158], [0.6221800446510315, -Infinity], 24.0]",0.0606524944305419,
fing_x_face,0,0.01,li_V>face_C>ri_V,3,NLS-N2,GP,boot,300,0.093333883617021,0.0924727505823177,True,0.0076312852532199,0.0271317829457364,0.0078117985094729,0.0193050193050193,1.111969111969112,2.3818951842207654,"[[20.000001907348633, 5.000000476837158], [0.6264300346374512, -Infinity], 24.0]",0.051309585571289,
fing_x_face,0,0.01,li_V>face_C>ri_V,3,DE-N2,GP,boot,300,0.0988040094640644,0.0970093442561813,True,0.0073145718336198,0.0271317829457364,0.0075274610158331,0.0193050193050193,1.111969111969112,2.3821795217144053,"[[20.000001907348633, 5.000000476837158], [0.6281800866127014, -Infinity], 23.000001907348633]",0.0503644943237304,
fing_x_face,0,0.01,li_V>face_C>ri_V,3,MAXMONO-K3,GP,boot,300,0.1412881541020745,0.1379321523606089,True,0.0074201429734865,0.0271317829457364,0.007228158390949,0.0193050193050193,1.1274131274131274,2.012840082607525,"[[21.000001907348633, 5.000000476837158], [0.6221300363540649, 0.5343400835990906], 23.0]",0.0710136890411377,
fing_x_face,0,0.01,li_V>face_C>ri_V,3,MONO-cont,GP,boot,300,0.0987844784342004,0.0969908749096498,True,0.0073145718336198,0.0271317829457364,0.0075274610158331,0.0193050193050193,1.111969111969112,2.3821795217144053,"[[20.000001907348633, 5.000000476837158], [0.6281800866127014, -Infinity], 23.000001907348633]",0.0520246028900146,
fing_x_face,0,0.01,li_V>face_C>ri_V,3,S1-Marcialis,rule,boot,300,,,True,0.0074955509305341,0.0310077519379844,0.0064350064350064,0.0231660231660231,1.3436293436293436,2.7180569273592528,"[[35.000003814697266, 5.0], [0.7145800590515137, -1.0], 19.0]",0.0196514129638671,
fing_x_face,0,0.01,li_V>face_C>ri_V,3,S2-Symmetric,rule,boot,300,,,True,0.0074955509305341,0.0310077519379844,0.0064350064350064,0.0231660231660231,1.3436293436293436,2.7180569273592528,"[[35.000003814697266, 5.0], [0.7145800590515137, -1.0], 19.0]",0.0432307720184326,
fing_x_face,0,0.01,li_V>face_C>ri_V,3,S3-SPRT,rule,boot,300,,,True,0.0074955509305341,0.003875968992248,0.0081859267905779,0.0,1.2162162162162162,2.0844332704797823,"[[4.64736944250726, -3.476318212001615], [4.64736944250726, -3.476318212001615], -2.9741883504545217]",0.1819047927856445,
fing_x_face,0,0.01,li_V>face_C>ri_V,3,S4-Direct,rule,boot,300,,,True,0.0071486743281151,0.003875968992248,0.0078267636407171,0.0077220077220077,1.16988416988417,1.901589296938134,"[[24.000001907348633, 4.000000476837158], [0.7011200785636902, 0.586840033531189], 11.0]",0.612809419631958,
fing_x_face,0,0.01,li_V>face_G>face_C,3,HYP,GP,boot,300,,,False,,,,,,,,,
fing_x_face,0,0.01,li_V>face_G>face_C,3,MONO,GP,boot,300,0.1025619423330637,0.0976600327417715,True,0.0080988145869152,0.0310077519379844,0.0096974050462422,0.0193050193050193,1.1158301158301158,2.258103618568734,"[[20.000001907348633, 5.000000476837158], [74.38662719726562, 64.8189697265625], 0.6262900233268738]",0.06573486328125,
fing_x_face,0,0.01,li_V>face_G>face_C,3,MONO-rel,GP,boot,300,0.0808106156943352,0.0810399930484812,True,0.0079329170814104,0.0310077519379844,0.0094130675526024,0.0193050193050193,1.1312741312741312,2.063212714375505,"[[21.000001907348633, 5.000000476837158], [74.26345825195312, 66.01189422607422], 0.6246100068092346]",0.0755248069763183,
fing_x_face,0,0.01,li_V>face_G>face_C,3,NLS-N2,GP,boot,300,0.0990424865202408,0.0950354954976275,True,0.0080837329955056,0.0310077519379844,0.0097273353087306,0.0193050193050193,1.1158301158301158,2.258028792912514,"[[20.000001907348633, 5.000000476837158], [74.36631774902344, 64.8189697265625], 0.6263899803161621]",0.0639562606811523,
fing_x_face,0,0.01,li_V>face_G>face_C,3,DE-N2,GP,boot,300,0.104634927158171,0.0993690021268213,True,0.0080837329955056,0.0310077519379844,0.0097273353087306,0.0193050193050193,1.1158301158301158,2.258028792912514,"[[20.000001907348633, 5.000000476837158], [74.36320495605469, 64.8189697265625], 0.6263899803161621]",0.0691664218902587,
fing_x_face,0,0.01,li_V>face_G>face_C,3,MAXMONO-K3,GP,boot,300,0.1609386144648813,0.1564619691375673,True,0.0081138961783247,0.0310077519379844,0.0095776839962886,0.0231660231660231,1.111969111969112,1.789605219837778,"[[20.000001907348633, 5.000000476837158], [74.33998107910156, 71.67391967773438], 0.6227999925613403]",0.0776507854461669,
fing_x_face,0,0.01,li_V>face_G>face_C,3,MONO-cont,GP,boot,300,0.104612962295313,0.0993502294546817,True,0.0080837329955056,0.0310077519379844,0.0097273353087306,0.0193050193050193,1.1158301158301158,2.258028792912514,"[[20.000001907348633, 5.000000476837158], [74.36320495605469, 64.8189697265625], 0.6263899803161621]",0.0607869625091552,
fing_x_face,0,0.01,li_V>face_G>face_C,3,S1-Marcialis,rule,boot,300,,,True,0.0075860404789913,0.0193798449612403,0.0078566939032055,0.0231660231660231,1.3204633204633205,2.568704917542127,"[[35.000003814697266, 5.0], [76.3500747680664, 64.80564880371094], 0.6139699816703796]",0.0248606204986572,
fing_x_face,0,0.01,li_V>face_G>face_C,3,S2-Symmetric,rule,boot,300,,,True,0.0075860404789913,0.0193798449612403,0.0078566939032055,0.0231660231660231,1.3204633204633205,2.568704917542127,"[[35.000003814697266, 5.0], [76.3500747680664, 64.80564880371094], 0.6139699816703796]",0.0649209022521972,
fing_x_face,0,0.01,li_V>face_G>face_C,3,S3-SPRT,rule,boot,300,,,True,0.0077971827587247,0.0116279069767441,0.0103558708209871,0.0077220077220077,1.2162162162162162,2.0980066445182723,"[[4.64736944250726, -3.476318212001615], [4.64736944250726, -3.476318212001615], -0.9796613375090075]",0.1966493129730224,
fing_x_face,0,0.01,li_V>face_G>face_C,3,S4-Direct,rule,boot,300,,,True,0.0078876723071818,0.0077519379844961,0.009607614258777,0.0077220077220077,1.1544401544401544,1.974289904522463,"[[24.000001907348633, 4.000000476837158], [74.44487762451172, 71.73239135742188], 0.6127899885177612]",0.6001155376434326,
fing_x_face,0,0.01,li_V>face_G>ri_V,3,HYP,GP,boot,300,,,False,,,,,,,,,
fing_x_face,0,0.01,li_V>face_G>ri_V,3,MONO,GP,boot,300,0.1011920539930435,0.0969171610494976,True,0.0080837329955056,0.0232558139534883,0.0098919517524168,0.0231660231660231,1.1003861003861004,2.255035766663674,"[[19.000001907348633, 5.000000476837158], [74.37593841552734, 64.8189697265625], 24.0]",0.0675351619720459,
fing_x_face,0,0.01,li_V>face_G>ri_V,3,MONO-rel,GP,boot,300,0.0789139213210693,0.079394677476967,True,0.007435224564896,0.0232558139534883,0.0085301248091945,0.0231660231660231,1.1312741312741312,2.2588818053934334,"[[21.000001907348633, 5.000000476837158], [74.19231414794922, 64.8189697265625], 23.0]",0.0639290809631347,
fing_x_face,0,0.01,li_V>face_G>ri_V,3,NLS-N2,GP,boot,300,0.0977630542363928,0.094281450784587,True,0.0081440593611437,0.0232558139534883,0.0099967076711262,0.0231660231660231,1.1003861003861004,2.254931010744964,"[[19.000001907348633, 5.000000476837158], [74.35324096679688, 64.8189697265625], 24.0]",0.0637543201446533,
fing_x_face,0,0.01,li_V>face_G>ri_V,3,DE-N2,GP,boot,300,0.1031748935339293,0.0986274528613185,True,0.0080535698126866,0.0232558139534883,0.00983209122744,0.0231660231660231,1.1003861003861004,2.25509562718865,"[[19.000001907348633, 5.000000476837158], [74.38858032226562, 64.8189697265625], 24.0]",0.0626890659332275,
fing_x_face,0,0.01,li_V>face_G>ri_V,3,MAXMONO-K3,GP,boot,300,0.1583496161656175,0.1464480344014933,True,0.0076162036618103,0.0348837209302325,0.0087097063841249,0.027027027027027,1.111969111969112,1.9416958486725928,"[[20.000001907348633, 6.000000476837158], [74.10525512695312, 64.8189697265625], 23.0]",0.0797216892242431,
fing_x_face,0,0.01,li_V>face_G>ri_V,3,MONO-cont,GP,boot,300,0.103152997068645,0.0986084793987435,True,0.0080535698126866,0.0232558139534883,0.00983209122744,0.0231660231660231,1.1003861003861004,2.25509562718865,"[[19.000001907348633, 5.000000476837158], [74.38858032226562, 64.8189697265625], 24.0]",0.0621504783630371,
fing_x_face,0,0.01,li_V>face_G>ri_V,3,S1-Marcialis,rule,boot,300,,,True,0.006545410671734,0.0193798449612403,0.0051779354104935,0.0231660231660231,1.3204633204633205,2.568704917542127,"[[35.000003814697266, 5.0], [76.3500747680664, 64.80564880371094], 19.0]",0.0219874382019042,
fing_x_face,0,0.01,li_V>face_G>ri_V,3,S2-Symmetric,rule,boot,300,,,True,0.006545410671734,0.0193798449612403,0.0051779354104935,0.0231660231660231,1.3204633204633205,2.568704917542127,"[[35.000003814697266, 5.0], [76.3500747680664, 64.80564880371094], 19.0]",0.0638322830200195,
fing_x_face,0,0.01,li_V>face_G>ri_V,3,S3-SPRT,rule,boot,300,,,True,0.0078122643501342,0.0077519379844961,0.0085600550716829,0.0038610038610038,1.2162162162162162,2.0980066445182723,"[[4.64736944250726, -3.476318212001615], [4.64736944250726, -3.476318212001615], -2.82717857839856]",0.231896162033081,
fing_x_face,0,0.01,li_V>face_G>ri_V,3,S4-Direct,rule,boot,300,,,True,0.0072542454679817,0.0,0.0082308221843105,0.0077220077220077,1.1544401544401544,1.974289904522463,"[[24.000001907348633, 4.000000476837158], [74.44487762451172, 71.73239135742188], 15.0]",0.6233921051025391,
fing_x_face,0,0.01,li_V>ri_V>face_C,3,HYP,GP,boot,300,,,False,,,,,,,,,
fing_x_face,0,0.01,li_V>ri_V>face_C,3,MONO,GP,boot,300,0.0975570370950209,0.0954998435964001,True,0.0072844086508008,0.0310077519379844,0.0075124958845889,0.0193050193050193,1.138996138996139,2.350558199395409,"[[20.000001907348633, 5.000000476837158], [23.000001907348633, 3.000000238418579], 0.6281800866127014]",0.1088805198669433,
fing_x_face,0,0.01,li_V>ri_V>face_C,3,MONO-rel,GP,boot,300,0.079365796652509,0.079316132654348,True,0.0079479986728199,0.0310077519379844,0.0078716590344497,0.0231660231660231,1.135135135135135,2.157388285295262,"[[20.000001907348633, 5.000000476837158], [23.000001907348633, 5.000000476837158], 0.6210899949073792]",0.0707526206970214,
fing_x_face,0,0.01,li_V>ri_V>face_C,3,NLS-N2,GP,boot,300,0.0949758261699645,0.0931800437632521,True,0.0073296534250294,0.0310077519379844,0.0075124958845889,0.0193050193050193,1.138996138996139,2.350558199395409,"[[20.000001907348633, 5.000000476837158], [23.000001907348633, 3.000000238418579], 0.6281300783157349]",0.0766379833221435,
fing_x_face,0,0.01,li_V>ri_V>face_C,3,DE-N2,GP,boot,300,0.0990154430878552,0.0970213064300938,True,0.0072693270593913,0.0310077519379844,0.0074526353596121,0.0193050193050193,1.138996138996139,2.350558199395409,"[[20.000001907348633, 5.000000476837158], [23.000001907348633, 3.000000238418579], 0.6285200715065002]",0.0563714504241943,
fing_x_face,0,0.01,li_V>ri_V>face_C,3,MAXMONO-K3,GP,boot,300,0.1459349699344098,0.1377425336317776,True,0.0074503061563056,0.0426356589147286,0.0082906827092873,0.0308880308880308,1.1158301158301158,1.750755739127832,"[[19.000001907348633, 5.000000476837158], [24.000001907348633, 11.000000953674316], 0.6011200547218323]",0.0746667385101318,
fing_x_face,0,0.01,li_V>ri_V>face_C,3,MONO-cont,GP,boot,300,0.0989971675165512,0.0970033545563784,True,0.0072693270593913,0.0310077519379844,0.0074526353596121,0.0193050193050193,1.138996138996139,2.350558199395409,"[[20.000001907348633, 5.000000476837158], [23.000001907348633, 3.000000238418579], 0.6285200715065002]",0.0613391399383544,
fing_x_face,0,0.01,li_V>ri_V>face_C,3,S1-Marcialis,rule,boot,300,,,True,0.0076162036618103,0.0116279069767441,0.0079315195594265,0.0077220077220077,1.3629343629343629,2.712684445242585,"[[35.000003814697266, 5.0], [38.000003814697266, 3.0], 0.6141999959945679]",0.0204997062683105,
fing_x_face,0,0.01,li_V>ri_V>face_C,3,S2-Symmetric,rule,boot,300,,,True,0.0076162036618103,0.0116279069767441,0.0079315195594265,0.0077220077220077,1.3629343629343629,2.712684445242585,"[[35.000003814697266, 5.0], [38.000003814697266, 3.0], 0.6141999959945679]",0.0438098907470703,
fing_x_face,0,0.01,li_V>ri_V>face_C,3,S3-SPRT,rule,boot,300,,,True,0.0077066932102675,0.0271317829457364,0.0081559965280895,0.0231660231660231,1.2277992277992278,2.047858489718955,"[[4.64736944250726, -3.476318212001615], [4.64736944250726, -3.476318212001615], -3.155248804011452]",0.1999003887176513,
fing_x_face,0,0.01,li_V>ri_V>face_C,3,S4-Direct,rule,boot,300,,,True,0.0075106325219437,0.0116279069767441,0.0076920774595193,0.0038610038610038,1.335907335907336,2.6733560803328245,"[[35.000003814697266, 4.000000476837158], [28.000001907348633, 3.000000238418579], 0.6144400238990784]",0.6464574337005615,
fing_x_face,0,0.01,li_V>ri_V>face_G,3,HYP,GP,boot,300,,,False,,,,,,,,,
fing_x_face,0,0.01,li_V>ri_V>face_G,3,MONO,GP,boot,300,0.098327915785366,0.0957632049192084,True,0.0071788375109341,0.0271317829457364,0.0087994971715901,0.0231660231660231,1.138996138996139,2.350558199395409,"[[20.000001907348633, 5.000000476837158], [23.000001907348633, 3.000000238418579], 74.30677795410156]",0.0577802658081054,
fing_x_face,0,0.01,li_V>ri_V>face_G,3,MONO-rel,GP,boot,300,0.0798106233013174,0.0795266408772837,True,0.0078725907157723,0.0310077519379844,0.009457962946335,0.027027027027027,1.135135135135135,2.157388285295262,"[[20.000001907348633, 5.000000476837158], [23.000001907348633, 5.000000476837158], 74.04029083251953]",0.0624339580535888,
fing_x_face,0,0.01,li_V>ri_V>face_G,3,NLS-N2,GP,boot,300,0.0957356294667489,0.0934531771544226,True,0.0071939191023436,0.0271317829457364,0.0088294274340785,0.0231660231660231,1.138996138996139,2.350558199395409,"[[20.000001907348633, 5.000000476837158], [23.000001907348633, 3.000000238418579], 74.3050765991211]",0.0803413391113281,
fing_x_face,0,0.01,li_V>ri_V>face_G,3,DE-N2,GP,boot,300,0.0997623865525428,0.0971867511718968,True,0.0076765300274484,0.0271317829457364,0.0091287300589626,0.0231660231660231,1.138996138996139,2.3502289665080363,"[[20.000001907348633, 5.000000476837158], [22.000001907348633, 3.000000238418579], 74.30635070800781]",0.064267873764038,
fing_x_face,0,0.01,li_V>ri_V>face_G,3,MAXMONO-K3,GP,boot,300,0.1485968899734155,0.1382519021615285,True,0.0076463668446294,0.0348837209302325,0.0087695669091017,0.0308880308880308,1.1158301158301158,1.7752985543683215,"[[19.000001907348633, 5.000000476837158], [23.000001907348633, 10.000000953674316], 73.61847686767578]",0.0767779350280761,
fing_x_face,0,0.01,li_V>ri_V>face_G,3,MONO-cont,GP,boot,300,0.0997440408299602,0.0971687953292142,True,0.0076765300274484,0.0271317829457364,0.0091287300589626,0.0231660231660231,1.138996138996139,2.3502289665080363,"[[20.000001907348633, 5.000000476837158], [22.000001907348633, 3.000000238418579], 74.30635070800781]",0.0621008872985839,
fing_x_face,0,0.01,li_V>ri_V>face_G,3,S1-Marcialis,rule,boot,300,,,True,0.0075407957047627,0.0077519379844961,0.0099667774086378,0.0077220077220077,1.3629343629343629,2.712684445242585,"[[35.000003814697266, 5.0], [38.000003814697266, 3.0], 73.80156707763672]",0.0250763893127441,
fing_x_face,0,0.01,li_V>ri_V>face_G,3,S2-Symmetric,rule,boot,300,,,True,0.0075407957047627,0.0077519379844961,0.0099667774086378,0.0077220077220077,1.3629343629343629,2.712684445242585,"[[35.000003814697266, 5.0], [38.000003814697266, 3.0], 73.80156707763672]",0.0412900447845459,
fing_x_face,0,0.01,li_V>ri_V>face_G,3,S3-SPRT,rule,boot,300,,,True,0.0078725907157723,0.0310077519379844,0.0075124958845889,0.0231660231660231,1.2277992277992278,2.047858489718955,"[[4.64736944250726, -3.476318212001615], [4.64736944250726, -3.476318212001615], -3.1329717616292223]",0.2096192836761474,
fing_x_face,0,0.01,li_V>ri_V>face_G,3,S4-Direct,rule,boot,300,,,True,0.0075709588875818,0.0116279069767441,0.0099667774086378,0.0077220077220077,1.3629343629343629,2.673535661907755,"[[35.000003814697266, 4.000000476837158], [38.000003814697266, 3.000000238418579], 73.78678894042969]",0.706324577331543,
fing_x_face,0,0.01,ri_V>face_C>face_G,3,HYP,GP,boot,300,,,False,,,,,,,,,
fing_x_face,0,0.01,ri_V>face_C>face_G,3,MONO,GP,boot,300,0.0414464808611571,0.0396092072462999,True,0.0079178354900009,0.0116279069767441,0.0087994971715901,0.0038610038610038,1.0810810810810811,2.8731705127053964,"[[21.000001907348633, 3.000000238418579], [0.6304300427436829, -Infinity], 74.45762634277344]",0.0501084327697753,
fing_x_face,0,0.01,ri_V>face_C>face_G,3,MONO-rel,GP,boot,300,0.0298663580464238,0.0301189464132325,True,0.0079479986728199,0.0116279069767441,0.0096225793900212,0.0038610038610038,1.084942084942085,2.3013977432582085,"[[22.000001907348633, 3.000000238418579], [0.6281800866127014, 0.5402900576591492], 74.2364273071289]",0.0666682720184326,
fing_x_face,0,0.01,ri_V>face_C>face_G,3,NLS-N2,GP,boot,300,0.0408426028254102,0.0392094737434153,True,0.0080988145869152,0.0116279069767441,0.0090688695339858,0.0038610038610038,1.0772200772200773,2.872901140343001,"[[21.000001907348633, 3.000000238418579], [0.6291900873184204, -Infinity], 74.4576187133789]",0.056121826171875,
fing_x_face,0,0.01,ri_V>face_C>face_G,3,DE-N2,GP,boot,300,0.0396518214636779,0.0378379626206926,True,0.007721774801677,0.0116279069767441,0.0086049504654155,0.0038610038610038,1.0810810810810811,2.87339498967406,"[[21.000001907348633, 3.000000238418579], [0.6314900517463684, -Infinity], 74.46099853515625]",0.0441250801086425,
fing_x_face,0,0.01,ri_V>face_C>face_G,3,MAXMONO-K3,GP,boot,300,0.0842417403125073,0.0832265673283346,True,0.0080234066298675,0.0155038759689922,0.0082308221843105,0.0077220077220077,1.0733590733590734,1.755813953488372,"[[21.000001907348633, 5.000000476837158], [0.6214800477027893, 0.5610800385475159], 74.3866195678711]",0.0766520500183105,
fing_x_face,0,0.01,ri_V>face_C>face_G,3,MONO-cont,GP,boot,300,0.0396623578916758,0.0378478339451957,True,0.007721774801677,0.0116279069767441,0.0086049504654155,0.0038610038610038,1.0810810810810811,2.87339498967406,"[[21.000001907348633, 3.000000238418579], [0.6314900517463684, -Infinity], 74.46099853515625]",0.0454001426696777,
fing_x_face,0,0.01,ri_V>face_C>face_G,3,S1-Marcialis,rule,boot,300,,,True,0.0074653877477151,0.0077519379844961,0.0100715333273472,0.0154440154440154,1.2702702702702702,2.9829996109065875,"[[38.000003814697266, 3.0], [0.7145800590515137, -1.0], 73.87590789794922]",0.0206904411315917,
fing_x_face,0,0.01,ri_V>face_C>face_G,3,S2-Symmetric,rule,boot,300,,,True,0.0074653877477151,0.0077519379844961,0.0100715333273472,0.0154440154440154,1.2702702702702702,2.9829996109065875,"[[38.000003814697266, 3.0], [0.7145800590515137, -1.0], 73.87590789794922]",0.0468900203704834,
fing_x_face,0,0.01,ri_V>face_C>face_G,3,S3-SPRT,rule,boot,300,,,True,0.0075558772961722,0.0,0.0087546017778575,0.0,1.1467181467181466,2.0907784861273235,"[[5.003402553535524, -4.230800395741762], [5.003402553535524, -4.230800395741762], -1.4185295760671097]",0.1743795871734619,
fing_x_face,0,0.01,ri_V>face_C>face_G,3,S4-Direct,rule,boot,300,,,True,0.0078122643501342,0.0155038759689922,0.0105055221334291,0.0077220077220077,1.2007722007722008,2.430861093651792,"[[38.000003814697266, 3.000000238418579], [0.6272900700569153, 0.5294500589370728], 74.01213073730469]",0.6315164566040039,
fing_x_face,0,0.01,ri_V>face_C>li_V,3,HYP,GP,boot,300,,,False,,,,,,,,,
fing_x_face,0,0.01,ri_V>face_C>li_V,3,MONO,GP,boot,300,0.041220930538682,0.0394203066305028,True,0.0079178354900009,0.0155038759689922,0.0074676004908563,0.0038610038610038,1.0772200772200773,2.870895812756278,"[[20.000001907348633, 3.000000238418579], [0.6281800866127014, -Infinity], 26.0]",0.0459175109863281,
fing_x_face,0,0.01,ri_V>face_C>li_V,3,MONO-rel,GP,boot,300,0.0300186381932437,0.0297696624173629,True,0.0075407957047627,0.0116279069767441,0.0073478794409026,0.0038610038610038,1.084942084942085,2.873305198886594,"[[22.000001907348633, 3.000000238418579], [0.6241100430488586, -Infinity], 24.0]",0.0446844100952148,
fing_x_face,0,0.01,ri_V>face_C>li_V,3,NLS-N2,GP,boot,300,0.0407028903047399,0.0391844762957936,True,0.0076765300274484,0.0116279069767441,0.0075274610158331,0.0038610038610038,1.0772200772200773,2.872407291011942,"[[21.000001907348633, 3.000000238418579], [0.6268300414085388, -Infinity], 24.0]",0.0438361167907714,
fing_x_face,0,0.01,ri_V>face_C>li_V,3,DE-N2,GP,boot,300,0.0393985565323277,0.037577499045276,True,0.0079479986728199,0.0116279069767441,0.0075873215408099,0.0038610038610038,1.0772200772200773,2.8710753943312084,"[[20.000001907348633, 3.000000238418579], [0.6292100548744202, -Infinity], 25.0]",0.0557050704956054,
fing_x_face,0,0.01,ri_V>face_C>li_V,3,MAXMONO-K3,GP,boot,300,0.0848497310635758,0.0812224962017672,True,0.0076765300274484,0.0155038759689922,0.0069438208973092,0.0077220077220077,1.0733590733590734,1.756637035706803,"[[21.000001907348633, 5.000000476837158], [0.6202200651168823, 0.5608800649642944], 23.0]",0.085123062133789,
fing_x_face,0,0.01,ri_V>face_C>li_V,3,MONO-cont,GP,boot,300,0.0394093143952997,0.0375875312515611,True,0.0079479986728199,0.0116279069767441,0.0075873215408099,0.0038610038610038,1.0772200772200773,2.8710753943312084,"[[20.000001907348633, 3.000000238418579], [0.6292100548744202, -Infinity], 25.0]",0.0531051158905029,
fing_x_face,0,0.01,ri_V>face_C>li_V,3,S1-Marcialis,rule,boot,300,,,True,0.0069827768226103,0.0348837209302325,0.0080063452156475,0.0193050193050193,1.2702702702702702,2.9829996109065875,"[[38.000003814697266, 3.0], [0.7145800590515137, -1.0], 19.0]",0.0197992324829101,
fing_x_face,0,0.01,ri_V>face_C>li_V,3,S2-Symmetric,rule,boot,300,,,True,0.0069827768226103,0.0348837209302325,0.0080063452156475,0.0193050193050193,1.2702702702702702,2.9829996109065875,"[[38.000003814697266, 3.0], [0.7145800590515137, -1.0], 19.0]",0.0444037914276123,
fing_x_face,0,0.01,ri_V>face_C>li_V,3,S3-SPRT,rule,boot,300,,,True,0.0075106325219437,0.0,0.0080213103468917,0.0,1.1467181467181466,2.0907784861273235,"[[5.003402553535524, -4.230800395741762], [5.003402553535524, -4.230800395741762], -2.952131001365942]",0.1687734127044677,
fing_x_face,0,0.01,ri_V>face_C>li_V,3,S4-Direct,rule,boot,300,,,True,0.0072693270593913,0.0077519379844961,0.0080213103468917,0.0038610038610038,1.138996138996139,1.9877285923797552,"[[28.000001907348633, 3.000000238418579], [0.6518500447273254, 0.586840033531189], 11.0]",0.491361141204834,
fing_x_face,0,0.01,ri_V>face_G>face_C,3,HYP,GP,boot,300,,,False,,,,,,,,,
fing_x_face,0,0.01,ri_V>face_G>face_C,3,MONO,GP,boot,300,0.0433883992843163,0.0406413734876216,True,0.0080234066298675,0.0116279069767441,0.0083505432342641,0.0038610038610038,1.0810810810810811,2.707192242075963,"[[20.000001907348633, 3.000000238418579], [74.53226470947266, 64.8189697265625], 0.6345800161361694]",0.0487139225006103,
fing_x_face,0,0.01,ri_V>face_G>face_C,3,MONO-rel,GP,boot,300,0.0306884346998695,0.0305912372878877,True,0.0080686514040961,0.0116279069767441,0.0093382418963814,0.0077220077220077,1.0772200772200773,2.3264194426985125,"[[21.000001907348633, 3.000000238418579], [74.39929962158203, 66.40886688232422], 0.6288999915122986]",0.0607161521911621,
fing_x_face,0,0.01,ri_V>face_G>face_C,3,NLS-N2,GP,boot,300,0.0426954701613069,0.0402284427112552,True,0.0080384882212771,0.0116279069767441,0.0085001945467061,0.0038610038610038,1.0810810810810811,2.7069976953697883,"[[20.000001907348633, 3.000000238418579], [74.51630401611328, 64.8189697265625], 0.635129988193512]",0.0542225837707519,
fing_x_face,0,0.01,ri_V>face_G>face_C,3,DE-N2,GP,boot,300,0.0414472524901614,0.0387924641241475,True,0.008008325038458,0.0116279069767441,0.0083056478405315,0.0038610038610038,1.0810810810810811,2.707237137469696,"[[20.000001907348633, 3.000000238418579], [74.54214477539062, 64.8189697265625], 0.6345800161361694]",0.0529351234436035,
fing_x_face,0,0.01,ri_V>face_G>face_C,3,MAXMONO-K3,GP,boot,300,0.0905183706015179,0.0884123372847493,True,0.0079932434470485,0.0116279069767441,0.0085001945467061,0.0077220077220077,1.0772200772200773,2.036170722217234,"[[20.000001907348633, 3.000000238418579], [74.47122955322266, 72.06182098388672], 0.6330000162124634]",0.0877721309661865,
fing_x_face,0,0.01,ri_V>face_G>face_C,3,MONO-cont,GP,boot,300,0.0414568594198954,0.038801711553221,True,0.008008325038458,0.0116279069767441,0.0083056478405315,0.0038610038610038,1.0810810810810811,2.707237137469696,"[[20.000001907348633, 3.000000238418579], [74.54214477539062, 64.8189697265625], 0.6345800161361694]",0.0662062168121337,
fing_x_face,0,0.01,ri_V>face_G>face_C,3,S1-Marcialis,rule,boot,300,,,True,0.0075558772961722,0.0155038759689922,0.0081709616593337,0.0115830115830115,1.247104247104247,2.811244799616893,"[[38.000003814697266, 3.0], [76.3500747680664, 64.80564880371094], 0.61531001329422]",0.0227408409118652,
fing_x_face,0,0.01,ri_V>face_G>face_C,3,S2-Symmetric,rule,boot,300,,,True,0.0078876723071818,0.003875968992248,0.0104157313459639,0.0115830115830115,1.204633204633205,2.495465565233007,"[[38.000003814697266, 3.0], [73.92266082763672, 66.08772277832031], 0.6406599879264832]",0.0656976699829101,
fing_x_face,0,0.01,ri_V>face_G>face_C,3,S3-SPRT,rule,boot,300,,,True,0.0076463668446294,0.0,0.0091885905839394,0.0038610038610038,1.1467181467181466,2.105534105534105,"[[5.003402553535524, -4.230800395741762], [5.003402553535524, -4.230800395741762], -1.4022811084093438]",0.1971030235290527,
fing_x_face,0,0.01,ri_V>face_G>face_C,3,S4-Direct,rule,boot,300,,,True,0.0077066932102675,0.0077519379844961,0.0095028583400676,0.0154440154440154,1.2084942084942083,2.0680763820298704,"[[38.000003814697266, 3.000000238418579], [74.44487762451172, 71.73239135742188], 0.612779974937439]",0.5907456874847412,
fing_x_face,0,0.01,ri_V>face_G>li_V,3,HYP,GP,boot,300,,,False,,,,,,,,,
fing_x_face,0,0.01,ri_V>face_G>li_V,3,MONO,GP,boot,300,0.0439503786144796,0.040870044246392,True,0.0077368563930865,0.0077519379844961,0.0085750202029271,0.0077220077220077,1.0810810810810811,2.7060848223638923,"[[20.000001907348633, 3.000000238418579], [74.39458465576172, 64.8189697265625], 24.0]",0.0547156333923339,
fing_x_face,0,0.01,ri_V>face_G>li_V,3,MONO-rel,GP,boot,300,0.0312367046827082,0.0303976827900602,True,0.0078424275329532,0.0077519379844961,0.009009009009009,0.0077220077220077,1.0810810810810811,2.706399090120021,"[[21.000001907348633, 3.000000238418579], [74.2328109741211, 64.8189697265625], 24.0]",0.0783634185791015,
fing_x_face,0,0.01,ri_V>face_G>li_V,3,NLS-N2,GP,boot,300,0.0433329553944799,0.0405314757555602,True,0.0075860404789913,0.0077519379844961,0.0086348807279039,0.0077220077220077,1.0810810810810811,2.7057555894765195,"[[20.000001907348633, 3.000000238418579], [74.35324096679688, 64.8189697265625], 25.0]",0.0556364059448242,
fing_x_face,0,0.01,ri_V>face_G>li_V,3,DE-N2,GP,boot,300,0.0419609940304657,0.0390143588581649,True,0.0076463668446294,0.0077519379844961,0.0084403340217293,0.0077220077220077,1.0810810810810811,2.70621950854509,"[[20.000001907348633, 3.000000238418579], [74.40522766113281, 64.8189697265625], 24.0]",0.0610544681549072,
fing_x_face,0,0.01,ri_V>face_G>li_V,3,MAXMONO-K3,GP,boot,300,0.0941207485308217,0.0841952955556759,True,0.0079329170814104,0.0232558139534883,0.0082158570530663,0.0115830115830115,1.0733590733590734,1.628340965550268,"[[20.000001907348633, 6.000000476837158], [73.97245788574219, 66.64183044433594], 24.0]",0.1213960647583007,
fing_x_face,0,0.01,ri_V>face_G>li_V,3,MONO-cont,GP,boot,300,0.0419707698486978,0.039023686050462,True,0.0076463668446294,0.0077519379844961,0.0084403340217293,0.0077220077220077,1.0810810810810811,2.70621950854509,"[[20.000001907348633, 3.000000238418579], [74.40522766113281, 64.8189697265625], 24.0]",0.0699269771575927,
fing_x_face,0,0.01,ri_V>face_G>li_V,3,S1-Marcialis,rule,boot,300,,,True,0.0060477181552197,0.0348837209302325,0.0066445182724252,0.0154440154440154,1.247104247104247,2.811244799616893,"[[38.000003814697266, 3.0], [76.3500747680664, 64.80564880371094], 19.0]",0.0197322368621826,
fing_x_face,0,0.01,ri_V>face_G>li_V,3,S2-Symmetric,rule,boot,300,,,True,0.0075709588875818,0.0077519379844961,0.0101912543773008,0.0077220077220077,1.204633204633205,2.495465565233007,"[[38.000003814697266, 3.0], [73.92266082763672, 66.08772277832031], 24.0]",0.062434434890747,
fing_x_face,0,0.01,ri_V>face_G>li_V,3,S3-SPRT,rule,boot,300,,,True,0.0076765300274484,0.003875968992248,0.0078866241656939,0.0038610038610038,1.1467181467181466,2.105534105534105,"[[5.003402553535524, -4.230800395741762], [5.003402553535524, -4.230800395741762], -2.7443542981630387]",0.2160747051239013,
fing_x_face,0,0.01,ri_V>face_G>li_V,3,S4-Direct,rule,boot,300,,,True,0.0070431031882484,0.0077519379844961,0.0091137649277184,0.0077220077220077,1.162162162162162,2.390844332704798,"[[31.000001907348633, 3.000000238418579], [74.27352905273438, 66.1951904296875], 19.0]",0.6598138809204102,
fing_x_face,0,0.01,ri_V>li_V>face_C,3,HYP,GP,boot,300,,,False,,,,,,,,,
fing_x_face,0,0.01,ri_V>li_V>face_C,3,MONO,GP,boot,300,0.0460144722352653,0.0418294585933265,True,0.0079479986728199,0.0193798449612403,0.0071832629972164,0.0154440154440154,1.1042471042471045,2.5939959893448266,"[[19.000001907348633, 3.000000238418579], [24.000001907348633, 5.000000476837158], 0.634880006313324]",0.0540709495544433,
fing_x_face,0,0.01,ri_V>li_V>face_C,3,MONO-rel,GP,boot,300,0.0352172423635596,0.0331798585226355,True,0.0073447350164389,0.0271317829457364,0.0066445182724252,0.0193050193050193,1.1042471042471045,2.296459249947622,"[[20.000001907348633, 3.000000238418579], [24.000001907348633, 7.000000476837158], 0.6202500462532043]",0.057058572769165,
fing_x_face,0,0.01,ri_V>li_V>face_C,3,NLS-N2,GP,boot,300,0.0456528189191217,0.0416117450428353,True,0.0079479986728199,0.0193798449612403,0.0071832629972164,0.0154440154440154,1.1042471042471045,2.5939959893448266,"[[19.000001907348633, 3.000000238418579], [24.000001907348633, 5.000000476837158], 0.634880006313324]",0.0619857311248779,
fing_x_face,0,0.01,ri_V>li_V>face_C,3,DE-N2,GP,boot,300,0.0440034120798272,0.0399632919371755,True,0.0079479986728199,0.0193798449612403,0.0071832629972164,0.0154440154440154,1.1042471042471045,2.5939959893448266,"[[19.000001907348633, 3.000000238418579], [24.000001907348633, 5.000000476837158], 0.634880006313324]",0.0531408786773681,
fing_x_face,0,0.01,ri_V>li_V>face_C,3,MAXMONO-K3,GP,boot,300,0.0909272062941209,0.0796684307555619,True,0.0079932434470485,0.0387596899224806,0.0072880189159258,0.0347490347490347,1.084942084942085,1.9953308790518092,"[[19.000001907348633, 3.000000238418579], [24.000001907348633, 12.000000953674316], 0.6017100214958191]",0.063718557357788,
fing_x_face,0,0.01,ri_V>li_V>face_C,3,MONO-cont,GP,boot,300,0.0440129907674956,0.039972430514982,True,0.0079479986728199,0.0193798449612403,0.0071832629972164,0.0154440154440154,1.1042471042471045,2.5939959893448266,"[[19.000001907348633, 3.000000238418579], [24.000001907348633, 5.000000476837158], 0.634880006313324]",0.0586776733398437,
fing_x_face,0,0.01,ri_V>li_V>face_C,3,S1-Marcialis,rule,boot,300,,,True,0.0076162036618103,0.0116279069767441,0.0079315195594265,0.0077220077220077,1.2895752895752897,2.8451557870162523,"[[38.000003814697266, 3.0], [35.000003814697266, 5.0], 0.6141999959945679]",0.024909496307373,
fing_x_face,0,0.01,ri_V>li_V>face_C,3,S2-Symmetric,rule,boot,300,,,True,0.0076162036618103,0.0116279069767441,0.0079315195594265,0.0077220077220077,1.2895752895752897,2.8451557870162523,"[[38.000003814697266, 3.0], [35.000003814697266, 5.0], 0.6141999959945679]",0.0419979095458984,
fing_x_face,0,0.01,ri_V>li_V>face_C,3,S3-SPRT,rule,boot,300,,,True,0.0076312852532199,0.0232558139534883,0.0080512406093801,0.0154440154440154,1.1853281853281854,2.091107719014696,"[[5.003402553535524, -4.230800395741762], [5.003402553535524, -4.230800395741762], -3.019741978941548]",0.1904671192169189,
fing_x_face,0,0.01,ri_V>li_V>face_C,3,S4-Direct,rule,boot,300,,,True,0.0078876723071818,0.0116279069767441,0.00730298404717,0.0038610038610038,1.1196911196911197,2.747538235910329,"[[20.000001907348633, 3.000000238418579], [24.000001907348633, 4.000000476837158], 0.6281300187110901]",0.5864162445068359,
fing_x_face,0,0.01,ri_V>li_V>face_G,3,HYP,GP,boot,300,,,False,,,,,,,,,
fing_x_face,0,0.01,ri_V>li_V>face_G,3,MONO,GP,boot,300,0.046808604783745,0.0420739654979665,True,0.0080988145869152,0.0155038759689922,0.0084852294154619,0.0193050193050193,1.1042471042471045,2.5939959893448266,"[[19.000001907348633, 3.000000238418579], [24.000001907348633, 5.000000476837158], 74.457763671875]",0.0570824146270751,
fing_x_face,0,0.01,ri_V>li_V>face_G,3,MONO-rel,GP,boot,300,0.0356681177014089,0.0334424750754218,True,0.0071939191023436,0.0271317829457364,0.0073478794409026,0.0193050193050193,1.1042471042471045,2.296459249947622,"[[20.000001907348633, 3.000000238418579], [24.000001907348633, 7.000000476837158], 74.03971099853516]",0.0589396953582763,
fing_x_face,0,0.01,ri_V>li_V>face_G,3,NLS-N2,GP,boot,300,0.0464335151097185,0.0422450073047304,True,0.0070431031882484,0.0155038759689922,0.0077369728532519,0.0193050193050193,1.108108108108108,2.596614887312562,"[[20.000001907348633, 3.000000238418579], [24.000001907348633, 5.000000476837158], 74.36152648925781]",0.0557079315185546,
fing_x_face,0,0.01,ri_V>li_V>face_G,3,DE-N2,GP,boot,300,0.0447782835450942,0.0402025276442998,True,0.0080988145869152,0.0155038759689922,0.0084852294154619,0.0193050193050193,1.1042471042471045,2.5939959893448266,"[[19.000001907348633, 3.000000238418579], [24.000001907348633, 5.000000476837158], 74.457763671875]",0.0746588706970214,
fing_x_face,0,0.01,ri_V>li_V>face_G,3,MAXMONO-K3,GP,boot,300,0.0937545600044752,0.0804107991613801,True,0.0079630802642294,0.0348837209302325,0.0076172518032983,0.0347490347490347,1.084942084942085,2.02098111400437,"[[19.000001907348633, 3.000000238418579], [23.000001907348633, 11.000000953674316], 73.6729507446289]",0.097893476486206,
fing_x_face,0,0.01,ri_V>li_V>face_G,3,MONO-cont,GP,boot,300,0.0447877922489088,0.0402116952065631,True,0.0080988145869152,0.0155038759689922,0.0084852294154619,0.0193050193050193,1.1042471042471045,2.5939959893448266,"[[19.000001907348633, 3.000000238418579], [24.000001907348633, 5.000000476837158], 74.457763671875]",0.0715231895446777,
fing_x_face,0,0.01,ri_V>li_V>face_G,3,S1-Marcialis,rule,boot,300,,,True,0.0075407957047627,0.0077519379844961,0.0099667774086378,0.0077220077220077,1.2895752895752897,2.8451557870162523,"[[38.000003814697266, 3.0], [35.000003814697266, 5.0], 73.80156707763672]",0.0197219848632812,
fing_x_face,0,0.01,ri_V>li_V>face_G,3,S2-Symmetric,rule,boot,300,,,True,0.0075407957047627,0.0077519379844961,0.0099667774086378,0.0077220077220077,1.2895752895752897,2.8451557870162523,"[[38.000003814697266, 3.0], [35.000003814697266, 5.0], 73.80156707763672]",0.0326743125915527,
fing_x_face,0,0.01,ri_V>li_V>face_G,3,S3-SPRT,rule,boot,300,,,True,0.0077821011673151,0.0271317829457364,0.0076022866720541,0.0154440154440154,1.1853281853281854,2.091107719014696,"[[5.003402553535524, -4.230800395741762], [5.003402553535524, -4.230800395741762], -2.908671778855732]",0.1638767719268798,
fing_x_face,0,0.01,ri_V>li_V>face_G,3,S4-Direct,rule,boot,300,,,True,0.008008325038458,0.0116279069767441,0.0087994971715901,0.0077220077220077,1.135135135135135,2.7484810391787136,"[[20.000001907348633, 3.000000238418579], [35.000003814697266, 4.000000476837158], 74.16896057128906]",0.5343260765075684,
fing_x_face,0,0.01,face_C>face_G>li_V>ri_V,4,HYP,GP,boot,300,,,False,,,,,,,,,True
fing_x_face,0,0.01,face_C>face_G>li_V>ri_V,4,MONO,GP,boot,300,,,False,,,,,,,,,True
fing_x_face,0,0.01,face_C>face_G>li_V>ri_V,4,MONO-rel,GP,boot,300,0.0183817293991291,0.0190878797971413,True,0.007978161855639,0.0077519379844961,0.00983209122744,0.0,1.166023166023166,3.375624794229445,"[[0.619860053062439, -Infinity], [74.42889404296875, 64.8189697265625], [27.000001907348633, 5.000000476837158], 38.000003814697266]",0.0825362205505371,
fing_x_face,0,0.01,face_C>face_G>li_V>ri_V,4,NLS-N2,GP,boot,300,,,False,,,,,,,,,True
fing_x_face,0,0.01,face_C>face_G>li_V>ri_V,4,DE-N2,GP,boot,300,,,False,,,,,,,,,True
fing_x_face,0,0.01,face_C>face_G>li_V>ri_V,4,MAXMONO-K3,GP,boot,300,,,False,,,,,,,,,True
fing_x_face,0,0.01,face_C>face_G>li_V>ri_V,4,MONO-cont,GP,boot,300,,,False,,,,,,,,,True
fing_x_face,0,0.01,face_C>face_G>li_V>ri_V,4,S1-Marcialis,rule,boot,300,,,True,0.006545410671734,0.0155038759689922,0.0051779354104935,0.0154440154440154,1.864864864864865,3.537053664960642,"[[0.7145800590515137, -1.0], [76.3500747680664, 64.80564880371094], [35.000003814697266, 5.0], 19.0]",0.0226607322692871,
fing_x_face,0,0.01,face_C>face_G>li_V>ri_V,4,S2-Symmetric,rule,boot,300,,,True,0.006545410671734,0.0155038759689922,0.0051779354104935,0.0154440154440154,1.864864864864865,3.537053664960642,"[[0.7145800590515137, -1.0], [76.3500747680664, 64.80564880371094], [35.000003814697266, 5.0], 19.0]",0.0798316001892089,
fing_x_face,0,0.01,face_C>face_G>li_V>ri_V,4,S3-SPRT,rule,boot,300,,,True,0.0075106325219437,0.0271317829457364,0.009308311633893,0.0347490347490347,1.3281853281853282,1.3293226781598877,"[[5.5574187453405175, -2.436578042085005], [5.5574187453405175, -2.436578042085005], [5.5574187453405175, -2.436578042085005], -4.038867833428091]",0.1789388656616211,
fing_x_face,0,0.01,face_C>face_G>li_V>ri_V,4,S4-Direct,rule,boot,300,,,True,0.0077670195759056,0.0116279069767441,0.0092185208464278,0.0077220077220077,1.1776061776061777,2.181751518960821,"[[0.6324400305747986, 0.5294500589370728], [74.44487762451172, 63.75760269165039], [22.000001907348633, 7.000000476837158], 19.0]",1.343435287475586,
fing_x_face,0,0.01,face_C>face_G>ri_V>li_V,4,HYP,GP,boot,300,,,False,,,,,,,,,True
fing_x_face,0,0.01,face_C>face_G>ri_V>li_V,4,MONO,GP,boot,300,,,False,,,,,,,,,True
fing_x_face,0,0.01,face_C>face_G>ri_V>li_V,4,MONO-rel,GP,boot,300,,,False,,,,,,,,,True
fing_x_face,0,0.01,face_C>face_G>ri_V>li_V,4,NLS-N2,GP,boot,300,,,False,,,,,,,,,True
fing_x_face,0,0.01,face_C>face_G>ri_V>li_V,4,DE-N2,GP,boot,300,,,False,,,,,,,,,True
fing_x_face,0,0.01,face_C>face_G>ri_V>li_V,4,MAXMONO-K3,GP,boot,300,,,False,,,,,,,,,True
fing_x_face,0,0.01,face_C>face_G>ri_V>li_V,4,MONO-cont,GP,boot,300,,,False,,,,,,,,,True
fing_x_face,0,0.01,face_C>face_G>ri_V>li_V,4,S1-Marcialis,rule,boot,300,,,True,0.0060477181552197,0.0193798449612403,0.0066445182724252,0.0077220077220077,1.861003861003861,3.64712220526174,"[[0.7145800590515137, -1.0], [76.3500747680664, 64.80564880371094], [38.000003814697266, 3.0], 19.0]",0.0249304771423339,
fing_x_face,0,0.01,face_C>face_G>ri_V>li_V,4,S2-Symmetric,rule,boot,300,,,True,0.0075709588875818,0.0116279069767441,0.0102211846397892,0.0077220077220077,1.5945945945945943,3.012780222082548,"[[0.7145800590515137, -1.0], [73.92266082763672, 66.08772277832031], [38.000003814697266, 3.0], 24.0]",0.0908458232879638,
fing_x_face,0,0.01,face_C>face_G>ri_V>li_V,4,S3-SPRT,rule,boot,300,,,True,0.0075709588875818,0.0193798449612403,0.0092634162401604,0.0347490347490347,1.3243243243243243,1.3245488012929874,"[[5.5574187453405175, -2.436578042085005], [5.5574187453405175, -2.436578042085005], [5.5574187453405175, -2.436578042085005], -4.2684383686559]",0.1763138771057129,
fing_x_face,0,0.01,face_C>face_G>ri_V>li_V,4,S4-Direct,rule,boot,300,,,True,0.0068470424999245,0.0077519379844961,0.0069138906348208,0.0115830115830115,1.2007722007722008,2.009218520846428,"[[0.6324400305747986, 0.5294500589370728], [76.3500747680664, 63.75760269165039], [38.000003814697266, 16.000001907348633], 8.0]",1.3327603340148926,
fing_x_face,0,0.01,face_C>li_V>face_G>ri_V,4,HYP,GP,boot,300,,,False,,,,,,,,,True
fing_x_face,0,0.01,face_C>li_V>face_G>ri_V,4,MONO,GP,boot,300,,,False,,,,,,,,,True
fing_x_face,0,0.01,face_C>li_V>face_G>ri_V,4,MONO-rel,GP,boot,300,,,False,,,,,,,,,True
fing_x_face,0,0.01,face_C>li_V>face_G>ri_V,4,NLS-N2,GP,boot,300,,,False,,,,,,,,,True
fing_x_face,0,0.01,face_C>li_V>face_G>ri_V,4,DE-N2,GP,boot,300,,,False,,,,,,,,,True
fing_x_face,0,0.01,face_C>li_V>face_G>ri_V,4,MAXMONO-K3,GP,boot,300,,,False,,,,,,,,,True
fing_x_face,0,0.01,face_C>li_V>face_G>ri_V,4,MONO-cont,GP,boot,300,,,False,,,,,,,,,True
fing_x_face,0,0.01,face_C>li_V>face_G>ri_V,4,S1-Marcialis,rule,boot,300,,,True,0.006545410671734,0.0155038759689922,0.0051779354104935,0.0154440154440154,1.617760617760618,3.568704917542127,"[[0.7145800590515137, -1.0], [35.000003814697266, 5.0], [76.3500747680664, 64.80564880371094], 19.0]",0.0233876705169677,
fing_x_face,0,0.01,face_C>li_V>face_G>ri_V,4,S2-Symmetric,rule,boot,300,,,True,0.006545410671734,0.0155038759689922,0.0051779354104935,0.0154440154440154,1.617760617760618,3.568704917542127,"[[0.7145800590515137, -1.0], [35.000003814697266, 5.0], [76.3500747680664, 64.80564880371094], 19.0]",0.0827977657318115,
fing_x_face,0,0.01,face_C>li_V>face_G>ri_V,4,S3-SPRT,rule,boot,300,,,False,,,,,,,,,
fing_x_face,0,0.01,face_C>li_V>face_G>ri_V,4,S4-Direct,rule,boot,300,,,True,0.0073598166078484,0.003875968992248,0.0077968333782287,0.0077220077220077,1.138996138996139,1.949687228756996,"[[0.6324400305747986, 0.5294500589370728], [35.000003814697266, 6.000000476837158], [74.42152404785156, 66.1951904296875], 17.0]",1.31337308883667,
fing_x_face,0,0.01,face_C>li_V>ri_V>face_G,4,HYP,GP,boot,300,,,False,,,,,,,,,True
fing_x_face,0,0.01,face_C>li_V>ri_V>face_G,4,MONO,GP,boot,300,,,False,,,,,,,,,True
fing_x_face,0,0.01,face_C>li_V>ri_V>face_G,4,MONO-rel,GP,boot,300,,,False,,,,,,,,,True
fing_x_face,0,0.01,face_C>li_V>ri_V>face_G,4,NLS-N2,GP,boot,300,,,False,,,,,,,,,True
fing_x_face,0,0.01,face_C>li_V>ri_V>face_G,4,DE-N2,GP,boot,300,,,False,,,,,,,,,True
fing_x_face,0,0.01,face_C>li_V>ri_V>face_G,4,MAXMONO-K3,GP,boot,300,,,False,,,,,,,,,True
fing_x_face,0,0.01,face_C>li_V>ri_V>face_G,4,MONO-cont,GP,boot,300,,,False,,,,,,,,,True
fing_x_face,0,0.01,face_C>li_V>ri_V>face_G,4,S1-Marcialis,rule,boot,300,,,True,0.0075407957047627,0.003875968992248,0.0099667774086378,0.0,1.6023166023166022,3.712684445242585,"[[0.7145800590515137, -1.0], [35.000003814697266, 5.0], [38.000003814697266, 3.0], 73.80156707763672]",0.0242717266082763,
fing_x_face,0,0.01,face_C>li_V>ri_V>face_G,4,S2-Symmetric,rule,boot,300,,,True,0.0075407957047627,0.003875968992248,0.0099667774086378,0.0,1.6023166023166022,3.712684445242585,"[[0.7145800590515137, -1.0], [35.000003814697266, 5.0], [38.000003814697266, 3.0], 73.80156707763672]",0.0558948516845703,
fing_x_face,0,0.01,face_C>li_V>ri_V>face_G,4,S3-SPRT,rule,boot,300,,,True,0.0039212137664766,0.0116279069767441,0.0046990512106791,0.0193050193050193,1.2393822393822391,1.2849660291520757,"[[5.5574187453405175, -2.436578042085005], [5.5574187453405175, -2.436578042085005], [5.5574187453405175, -2.436578042085005], -Infinity]",0.1872370243072509,
fing_x_face,0,0.01,face_C>li_V>ri_V>face_G,4,S4-Direct,rule,boot,300,,,True,0.0075709588875818,0.003875968992248,0.0069587860285534,0.0115830115830115,1.1312741312741312,1.8107060548921012,"[[0.6324400305747986, 0.5294500589370728], [35.000003814697266, 6.000000476837158], [38.000003814697266, 13.000000953674316], 67.65367889404297]",1.1900980472564695,
fing_x_face,0,0.01,face_C>ri_V>face_G>li_V,4,HYP,GP,boot,300,,,False,,,,,,,,,True
fing_x_face,0,0.01,face_C>ri_V>face_G>li_V,4,MONO,GP,boot,300,,,False,,,,,,,,,True
fing_x_face,0,0.01,face_C>ri_V>face_G>li_V,4,MONO-rel,GP,boot,300,,,False,,,,,,,,,True
fing_x_face,0,0.01,face_C>ri_V>face_G>li_V,4,NLS-N2,GP,boot,300,,,False,,,,,,,,,True
fing_x_face,0,0.01,face_C>ri_V>face_G>li_V,4,DE-N2,GP,boot,300,,,False,,,,,,,,,True
fing_x_face,0,0.01,face_C>ri_V>face_G>li_V,4,MAXMONO-K3,GP,boot,300,,,False,,,,,,,,,True
fing_x_face,0,0.01,face_C>ri_V>face_G>li_V,4,MONO-cont,GP,boot,300,,,False,,,,,,,,,True
fing_x_face,0,0.01,face_C>ri_V>face_G>li_V,4,S1-Marcialis,rule,boot,300,,,True,0.0060477181552197,0.0193798449612403,0.0066445182724252,0.0077220077220077,1.613899613899614,3.811244799616893,"[[0.7145800590515137, -1.0], [38.000003814697266, 3.0], [76.3500747680664, 64.80564880371094], 19.0]",0.0240778923034667,
fing_x_face,0,0.01,face_C>ri_V>face_G>li_V,4,S2-Symmetric,rule,boot,300,,,True,0.0075709588875818,0.003875968992248,0.0101912543773008,0.0,1.579150579150579,3.495465565233007,"[[0.7145800590515137, -1.0], [38.000003814697266, 3.0], [73.92266082763672, 66.08772277832031], 24.0]",0.0883083343505859,
fing_x_face,0,0.01,face_C>ri_V>face_G>li_V,4,S3-SPRT,rule,boot,300,,,True,0.0074201429734865,0.003875968992248,0.0080063452156475,0.0154440154440154,1.2355212355212355,1.2777977312861033,"[[5.5574187453405175, -2.436578042085005], [5.5574187453405175, -2.436578042085005], [5.5574187453405175, -2.436578042085005], -5.056346164725673]",0.1724154949188232,
fing_x_face,0,0.01,face_C>ri_V>face_G>li_V,4,S4-Direct,rule,boot,300,,,True,0.0078876723071818,0.0077519379844961,0.0087097063841249,0.0077220077220077,1.108108108108108,1.911032294753225,"[[0.6324400305747986, 0.5294500589370728], [22.000001907348633, 6.000000476837158], [74.42152404785156, 66.1951904296875], 17.0]",1.3306679725646973,
fing_x_face,0,0.01,face_C>ri_V>li_V>face_G,4,HYP,GP,boot,300,,,False,,,,,,,,,True
fing_x_face,0,0.01,face_C>ri_V>li_V>face_G,4,MONO,GP,boot,300,,,False,,,,,,,,,True
fing_x_face,0,0.01,face_C>ri_V>li_V>face_G,4,MONO-rel,GP,boot,300,,,False,,,,,,,,,True
fing_x_face,0,0.01,face_C>ri_V>li_V>face_G,4,NLS-N2,GP,boot,300,,,False,,,,,,,,,True
fing_x_face,0,0.01,face_C>ri_V>li_V>face_G,4,DE-N2,GP,boot,300,,,False,,,,,,,,,True
fing_x_face,0,0.01,face_C>ri_V>li_V>face_G,4,MAXMONO-K3,GP,boot,300,,,False,,,,,,,,,True
fing_x_face,0,0.01,face_C>ri_V>li_V>face_G,4,MONO-cont,GP,boot,300,,,False,,,,,,,,,True
fing_x_face,0,0.01,face_C>ri_V>li_V>face_G,4,S1-Marcialis,rule,boot,300,,,True,0.0075407957047627,0.003875968992248,0.0099667774086378,0.0,1.6023166023166022,3.845155787016252,"[[0.7145800590515137, -1.0], [38.000003814697266, 3.0], [35.000003814697266, 5.0], 73.80156707763672]",0.0226132869720459,
fing_x_face,0,0.01,face_C>ri_V>li_V>face_G,4,S2-Symmetric,rule,boot,300,,,True,0.0075407957047627,0.003875968992248,0.0099667774086378,0.0,1.6023166023166022,3.845155787016252,"[[0.7145800590515137, -1.0], [38.000003814697266, 3.0], [35.000003814697266, 5.0], 73.80156707763672]",0.0521326065063476,
fing_x_face,0,0.01,face_C>ri_V>li_V>face_G,4,S3-SPRT,rule,boot,300,,,True,0.003875968992248,0.003875968992248,0.0045493998982371,0.0154440154440154,1.2316602316602316,1.2730388195504474,"[[5.5574187453405175, -2.436578042085005], [5.5574187453405175, -2.436578042085005], [5.5574187453405175, -2.436578042085005], -Infinity]",0.1749401092529297,
fing_x_face,0,0.01,face_C>ri_V>li_V>face_G,4,S4-Direct,rule,boot,300,,,True,0.0076011220704008,0.003875968992248,0.007377809703391,0.0115830115830115,1.1042471042471045,1.5539492981353449,"[[0.6324400305747986, 0.5294500589370728], [28.000001907348633, 13.000000953674316], [22.000001907348633, 7.000000476837158], 66.96308135986328]",1.0592248439788818,
fing_x_face,0,0.01,face_G>face_C>li_V>ri_V,4,HYP,GP,boot,300,,,False,,,,,,,,,True
fing_x_face,0,0.01,face_G>face_C>li_V>ri_V,4,MONO,GP,boot,300,,,False,,,,,,,,,True
fing_x_face,0,0.01,face_G>face_C>li_V>ri_V,4,MONO-rel,GP,boot,300,,,False,,,,,,,,,True
fing_x_face,0,0.01,face_G>face_C>li_V>ri_V,4,NLS-N2,GP,boot,300,,,False,,,,,,,,,True
fing_x_face,0,0.01,face_G>face_C>li_V>ri_V,4,DE-N2,GP,boot,300,,,False,,,,,,,,,True
fing_x_face,0,0.01,face_G>face_C>li_V>ri_V,4,MAXMONO-K3,GP,boot,300,,,False,,,,,,,,,True
fing_x_face,0,0.01,face_G>face_C>li_V>ri_V,4,MONO-cont,GP,boot,300,,,False,,,,,,,,,True
fing_x_face,0,0.01,face_G>face_C>li_V>ri_V,4,S1-Marcialis,rule,boot,300,,,True,0.006545410671734,0.0155038759689922,0.0051779354104935,0.0154440154440154,1.7374517374517375,3.364430876058783,"[[76.3500747680664, 64.80564880371094], [0.7145800590515137, -1.0], [35.000003814697266, 5.0], 19.0]",0.0226960182189941,
fing_x_face,0,0.01,face_G>face_C>li_V>ri_V,4,S2-Symmetric,rule,boot,300,,,True,0.006545410671734,0.0155038759689922,0.0051779354104935,0.0154440154440154,1.7374517374517375,3.364430876058783,"[[76.3500747680664, 64.80564880371094], [0.7145800590515137, -1.0], [35.000003814697266, 5.0], 19.0]",0.0782430171966552,
fing_x_face,0,0.01,face_G>face_C>li_V>ri_V,4,S3-SPRT,rule,boot,300,,,True,0.0076463668446294,0.0155038759689922,0.0094429978150908,0.0115830115830115,1.4324324324324325,2.065442518930891,"[[6.057992520457576, -3.750223409229389], [6.057992520457576, -3.750223409229389], [6.057992520457576, -3.750223409229389], -3.845895958624486]",0.2371497154235839,
fing_x_face,0,0.01,face_G>face_C>li_V>ri_V,4,S4-Direct,rule,boot,300,,,True,0.0078876723071818,0.0077519379844961,0.0093382418963814,0.0038610038610038,1.2393822393822391,2.57192242075963,"[[74.44487762451172, 63.75760269165039], [0.6324400305747986, 0.5294500589370728], [22.000001907348633, 7.000000476837158], 19.0]",1.096705436706543,
fing_x_face,0,0.01,face_G>face_C>ri_V>li_V,4,HYP,GP,boot,300,,,False,,,,,,,,,True
fing_x_face,0,0.01,face_G>face_C>ri_V>li_V,4,MONO,GP,boot,300,,,False,,,,,,,,,True
fing_x_face,0,0.01,face_G>face_C>ri_V>li_V,4,MONO-rel,GP,boot,300,,,False,,,,,,,,,True
fing_x_face,0,0.01,face_G>face_C>ri_V>li_V,4,NLS-N2,GP,boot,300,,,False,,,,,,,,,True
fing_x_face,0,0.01,face_G>face_C>ri_V>li_V,4,DE-N2,GP,boot,300,,,False,,,,,,,,,True
fing_x_face,0,0.01,face_G>face_C>ri_V>li_V,4,MAXMONO-K3,GP,boot,300,,,False,,,,,,,,,True
fing_x_face,0,0.01,face_G>face_C>ri_V>li_V,4,MONO-cont,GP,boot,300,,,False,,,,,,,,,True
fing_x_face,0,0.01,face_G>face_C>ri_V>li_V,4,S1-Marcialis,rule,boot,300,,,True,0.0060477181552197,0.0193798449612403,0.0066445182724252,0.0077220077220077,1.7335907335907337,3.474499416359881,"[[76.3500747680664, 64.80564880371094], [0.7145800590515137, -1.0], [38.000003814697266, 3.0], 19.0]",0.0233688354492187,
fing_x_face,0,0.01,face_G>face_C>ri_V>li_V,4,S2-Symmetric,rule,boot,300,,,True,0.0075709588875818,0.0116279069767441,0.0102211846397892,0.0077220077220077,1.2162162162162162,2.521594684385382,"[[73.92266082763672, 66.08772277832031], [0.7145800590515137, -1.0], [38.000003814697266, 3.0], 24.0]",0.0827805995941162,
fing_x_face,0,0.01,face_G>face_C>ri_V>li_V,4,S3-SPRT,rule,boot,300,,,True,0.0076312852532199,0.0116279069767441,0.0092484511089162,0.0115830115830115,1.4285714285714286,2.055326090209811,"[[6.057992520457576, -3.750223409229389], [6.057992520457576, -3.750223409229389], [6.057992520457576, -3.750223409229389], -3.884275336649172]",0.2243416309356689,
fing_x_face,0,0.01,face_G>face_C>ri_V>li_V,4,S4-Direct,rule,boot,300,,,True,0.0068168793171055,0.003875968992248,0.0068989255035766,0.0115830115830115,1.4555984555984556,2.4033551824249497,"[[76.3500747680664, 63.75760269165039], [0.6324400305747986, 0.5294500589370728], [38.000003814697266, 16.000001907348633], 8.0]",1.1055901050567627,
fing_x_face,0,0.01,face_G>li_V>face_C>ri_V,4,HYP,GP,boot,300,,,False,,,,,,,,,True
fing_x_face,0,0.01,face_G>li_V>face_C>ri_V,4,MONO,GP,boot,300,,,False,,,,,,,,,True
fing_x_face,0,0.01,face_G>li_V>face_C>ri_V,4,MONO-rel,GP,boot,300,,,False,,,,,,,,,True
fing_x_face,0,0.01,face_G>li_V>face_C>ri_V,4,NLS-N2,GP,boot,300,,,False,,,,,,,,,True
fing_x_face,0,0.01,face_G>li_V>face_C>ri_V,4,DE-N2,GP,boot,300,,,False,,,,,,,,,True
fing_x_face,0,0.01,face_G>li_V>face_C>ri_V,4,MAXMONO-K3,GP,boot,300,,,False,,,,,,,,,True
fing_x_face,0,0.01,face_G>li_V>face_C>ri_V,4,MONO-cont,GP,boot,300,,,False,,,,,,,,,True
fing_x_face,0,0.01,face_G>li_V>face_C>ri_V,4,S1-Marcialis,rule,boot,300,,,True,0.006545410671734,0.0155038759689922,0.0051779354104935,0.0154440154440154,1.4671814671814671,3.246730118823142,"[[76.3500747680664, 64.80564880371094], [35.000003814697266, 5.0], [0.7145800590515137, -1.0], 19.0]",0.0227649211883544,
fing_x_face,0,0.01,face_G>li_V>face_C>ri_V,4,S2-Symmetric,rule,boot,300,,,True,0.006545410671734,0.0155038759689922,0.0051779354104935,0.0154440154440154,1.4671814671814671,3.246730118823142,"[[76.3500747680664, 64.80564880371094], [35.000003814697266, 5.0], [0.7145800590515137, -1.0], 19.0]",0.0853416919708252,
fing_x_face,0,0.01,face_G>li_V>face_C>ri_V,4,S3-SPRT,rule,boot,300,,,True,0.0076312852532199,0.0116279069767441,0.009383137290114,0.0115830115830115,1.3204633204633205,2.0563736493969054,"[[6.057992520457576, -3.750223409229389], [6.057992520457576, -3.750223409229389], [6.057992520457576, -3.750223409229389], -3.809277097926696]",0.2153592109680175,
fing_x_face,0,0.01,face_G>li_V>face_C>ri_V,4,S4-Direct,rule,boot,300,,,True,0.0077368563930865,0.0116279069767441,0.0087097063841249,0.0038610038610038,1.2007722007722008,2.639594744245907,"[[74.44487762451172, 63.75760269165039], [35.000003814697266, 6.000000476837158], [0.6324400305747986, 0.5294500589370728], 18.0]",1.191087245941162,
fing_x_face,0,0.01,face_G>li_V>ri_V>face_C,4,HYP,GP,boot,300,,,False,,,,,,,,,True
fing_x_face,0,0.01,face_G>li_V>ri_V>face_C,4,MONO,GP,boot,300,,,False,,,,,,,,,True
fing_x_face,0,0.01,face_G>li_V>ri_V>face_C,4,MONO-rel,GP,boot,300,,,False,,,,,,,,,True
fing_x_face,0,0.01,face_G>li_V>ri_V>face_C,4,NLS-N2,GP,boot,300,,,False,,,,,,,,,True
fing_x_face,0,0.01,face_G>li_V>ri_V>face_C,4,DE-N2,GP,boot,300,,,False,,,,,,,,,True
fing_x_face,0,0.01,face_G>li_V>ri_V>face_C,4,MAXMONO-K3,GP,boot,300,,,False,,,,,,,,,True
fing_x_face,0,0.01,face_G>li_V>ri_V>face_C,4,MONO-cont,GP,boot,300,,,False,,,,,,,,,True
fing_x_face,0,0.01,face_G>li_V>ri_V>face_C,4,S1-Marcialis,rule,boot,300,,,True,0.0075860404789913,0.0077519379844961,0.0078417287719613,0.0,1.4401544401544402,3.2419562419562418,"[[76.3500747680664, 64.80564880371094], [35.000003814697266, 5.0], [38.000003814697266, 3.0], 0.6139699816703796]",0.0244863033294677,
fing_x_face,0,0.01,face_G>li_V>ri_V>face_C,4,S2-Symmetric,rule,boot,300,,,True,0.0075860404789913,0.0077519379844961,0.0078417287719613,0.0,1.4401544401544402,3.2419562419562418,"[[76.3500747680664, 64.80564880371094], [35.000003814697266, 5.0], [38.000003814697266, 3.0], 0.6139699816703796]",0.0702013969421386,
fing_x_face,0,0.01,face_G>li_V>ri_V>face_C,4,S3-SPRT,rule,boot,300,,,True,0.0076614484360389,0.0116279069767441,0.0087845320403459,0.0115830115830115,1.3204633204633205,2.034180359761755,"[[6.057992520457576, -3.750223409229389], [6.057992520457576, -3.750223409229389], [6.057992520457576, -3.750223409229389], -4.699797827574509]",0.2017624378204345,
fing_x_face,0,0.01,face_G>li_V>ri_V>face_C,4,S4-Direct,rule,boot,300,,,True,0.0079329170814104,0.0077519379844961,0.009532788602556,0.0,1.162162162162162,2.6254227649576487,"[[74.10282897949219, 63.75760269165039], [35.000003814697266, 6.000000476837158], [22.000001907348633, 6.000000476837158], 0.6219199895858765]",1.0348896980285645,
fing_x_face,0,0.01,face_G>ri_V>face_C>li_V,4,HYP,GP,boot,300,,,False,,,,,,,,,True
fing_x_face,0,0.01,face_G>ri_V>face_C>li_V,4,MONO,GP,boot,300,,,False,,,,,,,,,True
fing_x_face,0,0.01,face_G>ri_V>face_C>li_V,4,MONO-rel,GP,boot,300,,,False,,,,,,,,,True
fing_x_face,0,0.01,face_G>ri_V>face_C>li_V,4,NLS-N2,GP,boot,300,,,False,,,,,,,,,True
fing_x_face,0,0.01,face_G>ri_V>face_C>li_V,4,DE-N2,GP,boot,300,,,False,,,,,,,,,True
fing_x_face,0,0.01,face_G>ri_V>face_C>li_V,4,MAXMONO-K3,GP,boot,300,,,False,,,,,,,,,True
fing_x_face,0,0.01,face_G>ri_V>face_C>li_V,4,MONO-cont,GP,boot,300,,,False,,,,,,,,,True
fing_x_face,0,0.01,face_G>ri_V>face_C>li_V,4,S1-Marcialis,rule,boot,300,,,True,0.0060477181552197,0.0193798449612403,0.0066445182724252,0.0077220077220077,1.4633204633204633,3.466867199425339,"[[76.3500747680664, 64.80564880371094], [38.000003814697266, 3.0], [0.7145800590515137, -1.0], 19.0]",0.0249924659729003,
fing_x_face,0,0.01,face_G>ri_V>face_C>li_V,4,S2-Symmetric,rule,boot,300,,,True,0.0075709588875818,0.0116279069767441,0.0102211846397892,0.0077220077220077,1.135135135135135,2.516745981862261,"[[73.92266082763672, 66.08772277832031], [38.000003814697266, 3.0], [0.7145800590515137, -1.0], 24.0]",0.0878188610076904,
fing_x_face,0,0.01,face_G>ri_V>face_C>li_V,4,S3-SPRT,rule,boot,300,,,True,0.0076162036618103,0.003875968992248,0.0089641136152764,0.0115830115830115,1.3127413127413128,1.9971266948011133,"[[6.057992520457576, -3.750223409229389], [6.057992520457576, -3.750223409229389], [6.057992520457576, -3.750223409229389], -3.9081079768683598]",0.210698127746582,
fing_x_face,0,0.01,face_G>ri_V>face_C>li_V,4,S4-Direct,rule,boot,300,,,True,0.0072994902422103,0.0,0.0066145880099368,0.0,1.393822393822394,2.3456496363473107,"[[76.3500747680664, 63.75760269165039], [22.000001907348633, 6.000000476837158], [0.7145800590515137, 0.6120600700378418], 5.0]",0.994670867919922,
fing_x_face,0,0.01,face_G>ri_V>li_V>face_C,4,HYP,GP,boot,300,,,False,,,,,,,,,True
fing_x_face,0,0.01,face_G>ri_V>li_V>face_C,4,MONO,GP,boot,300,,,False,,,,,,,,,True
fing_x_face,0,0.01,face_G>ri_V>li_V>face_C,4,MONO-rel,GP,boot,300,,,False,,,,,,,,,True
fing_x_face,0,0.01,face_G>ri_V>li_V>face_C,4,NLS-N2,GP,boot,300,,,False,,,,,,,,,True
fing_x_face,0,0.01,face_G>ri_V>li_V>face_C,4,DE-N2,GP,boot,300,,,False,,,,,,,,,True
fing_x_face,0,0.01,face_G>ri_V>li_V>face_C,4,MAXMONO-K3,GP,boot,300,,,False,,,,,,,,,True
fing_x_face,0,0.01,face_G>ri_V>li_V>face_C,4,MONO-cont,GP,boot,300,,,False,,,,,,,,,True
fing_x_face,0,0.01,face_G>ri_V>li_V>face_C,4,S1-Marcialis,rule,boot,300,,,True,0.0075860404789913,0.0077519379844961,0.0078417287719613,0.0,1.4401544401544402,3.3520247822573404,"[[76.3500747680664, 64.80564880371094], [38.000003814697266, 3.0], [35.000003814697266, 5.0], 0.6139699816703796]",0.0256104469299316,
fing_x_face,0,0.01,face_G>ri_V>li_V>face_C,4,S2-Symmetric,rule,boot,300,,,True,0.0075860404789913,0.0077519379844961,0.0078417287719613,0.0,1.4401544401544402,3.3520247822573404,"[[76.3500747680664, 64.80564880371094], [38.000003814697266, 3.0], [35.000003814697266, 5.0], 0.6139699816703796]",0.0821855068206787,
fing_x_face,0,0.01,face_G>ri_V>li_V>face_C,4,S3-SPRT,rule,boot,300,,,True,0.0076312852532199,0.0077519379844961,0.0083206129717757,0.0115830115830115,1.3166023166023166,1.9856484391368112,"[[6.057992520457576, -3.750223409229389], [6.057992520457576, -3.750223409229389], [6.057992520457576, -3.750223409229389], -4.702458604146825]",0.2095019817352295,
fing_x_face,0,0.01,face_G>ri_V>li_V>face_C,4,S4-Direct,rule,boot,300,,,False,,,,,,,,,
fing_x_face,0,0.01,li_V>face_C>face_G>ri_V,4,HYP,GP,boot,300,,,False,,,,,,,,,
fing_x_face,0,0.01,li_V>face_C>face_G>ri_V,4,MONO,GP,boot,300,0.0962033953225054,0.0947418939674074,True,0.0080234066298675,0.0232558139534883,0.0090389392714974,0.0193050193050193,1.0965250965250966,2.9433120828469668,"[[19.000001907348633, 5.000000476837158], [0.6279700398445129, -Infinity], [74.94097137451172, 64.8189697265625], 29.0]",0.0783255100250244,
fing_x_face,0,0.01,li_V>face_C>face_G>ri_V,4,MONO-rel,GP,boot,300,0.0754830087292642,0.0770833568096077,True,0.0075407957047627,0.0232558139534883,0.0081111011343569,0.0193050193050193,1.1274131274131274,2.949357995869624,"[[21.000001907348633, 5.000000476837158], [0.6257700324058533, -Infinity], [74.58307647705078, 64.8189697265625], 24.000001907348633]",0.0745882987976074,
fing_x_face,0,0.01,li_V>face_C>face_G>ri_V,4,NLS-N2,GP,boot,300,0.0928246343680451,0.0922284704270355,True,0.007088347962477,0.0232558139534883,0.0076172518032983,0.0193050193050193,1.111969111969112,2.9477716919577386,"[[20.000001907348633, 5.000000476837158], [0.6272900700569153, -Infinity], [74.90845489501953, 64.8189697265625], 26.000001907348633]",0.0861568450927734,
fing_x_face,0,0.01,li_V>face_C>face_G>ri_V,4,DE-N2,GP,boot,300,0.0984555626433832,0.0966161739865541,True,0.0079329170814104,0.0232558139534883,0.0089641136152764,0.0193050193050193,1.0965250965250966,2.9434617341594085,"[[19.000001907348633, 5.000000476837158], [0.6283500790596008, -Infinity], [74.94414520263672, 64.8189697265625], 29.0]",0.0922133922576904,
fing_x_face,0,0.01,li_V>face_C>face_G>ri_V,4,MAXMONO-K3,GP,boot,300,,,False,,,,,,,,,True
fing_x_face,0,0.01,li_V>face_C>face_G>ri_V,4,MONO-cont,GP,boot,300,0.0984355803196083,0.0965974072250879,True,0.0079329170814104,0.0232558139534883,0.0089641136152764,0.0193050193050193,1.0965250965250966,2.9434617341594085,"[[19.000001907348633, 5.000000476837158], [0.6283500790596008, -Infinity], [74.94414520263672, 64.8189697265625], 29.0]",0.0855963230133056,
fing_x_face,0,0.01,li_V>face_C>face_G>ri_V,4,S1-Marcialis,rule,boot,300,,,True,0.006545410671734,0.0155038759689922,0.0051779354104935,0.0193050193050193,1.393822393822394,3.427733381221753,"[[35.000003814697266, 5.0], [0.7145800590515137, -1.0], [76.3500747680664, 64.80564880371094], 19.0]",0.0229451656341552,
fing_x_face,0,0.01,li_V>face_C>face_G>ri_V,4,S2-Symmetric,rule,boot,300,,,True,0.006545410671734,0.0155038759689922,0.0051779354104935,0.0193050193050193,1.393822393822394,3.427733381221753,"[[35.000003814697266, 5.0], [0.7145800590515137, -1.0], [76.3500747680664, 64.80564880371094], 19.0]",0.0869410037994384,
fing_x_face,0,0.01,li_V>face_C>face_G>ri_V,4,S3-SPRT,rule,boot,300,,,True,0.0075407957047627,0.0077519379844961,0.009233485977672,0.0,1.22007722007722,2.111475262638053,"[[4.64736944250726, -3.476318212001615], [4.64736944250726, -3.476318212001615], [4.64736944250726, -3.476318212001615], -3.9121427700910525]",0.2198123931884765,
fing_x_face,0,0.01,li_V>face_C>face_G>ri_V,4,S4-Direct,rule,boot,300,,,True,0.0074201429734865,0.0077519379844961,0.0085301248091945,0.0077220077220077,1.2972972972972974,2.5610128400826078,"[[35.000003814697266, 4.000000476837158], [0.6324400305747986, 0.5294500589370728], [74.42152404785156, 66.1951904296875], 18.0]",1.2916858196258545,
fing_x_face,0,0.01,li_V>face_C>ri_V>face_G,4,HYP,GP,boot,300,,,False,,,,,,,,,
fing_x_face,0,0.01,li_V>face_C>ri_V>face_G,4,MONO,GP,boot,300,0.0958256911754355,0.0945777029135102,True,0.008008325038458,0.0232558139534883,0.0089790787465206,0.0193050193050193,1.0965250965250966,3.0345694531741043,"[[19.000001907348633, 5.000000476837158], [0.63031005859375, -Infinity], [26.000001907348633, 3.000000238418579], 74.8942642211914]",0.0834646224975586,
fing_x_face,0,0.01,li_V>face_C>ri_V>face_G,4,MONO-rel,GP,boot,300,0.0755297462860164,0.0770472216666234,True,0.0076765300274484,0.0232558139534883,0.0081559965280895,0.0193050193050193,1.1274131274131274,2.559172128939571,"[[21.000001907348633, 5.000000476837158], [0.6241100430488586, -Infinity], [25.000001907348633, 8.000000953674316], 74.04029083251953]",0.0884780883789062,
fing_x_face,0,0.01,li_V>face_C>ri_V>face_G,4,NLS-N2,GP,boot,300,0.092564977870868,0.0919132065750837,True,0.007978161855639,0.0232558139534883,0.008934183352788,0.0193050193050193,1.0965250965250966,2.955164466792374,"[[19.000001907348633, 5.000000476837158], [0.6288400888442993, -Infinity], [26.000001907348633, 4.000000476837158], 75.01026916503906]",0.0789203643798828,
fing_x_face,0,0.01,li_V>face_C>ri_V>face_G,4,DE-N2,GP,boot,300,0.0979974544458883,0.0964381954362581,True,0.0078876723071818,0.0232558139534883,0.0087994971715901,0.0193050193050193,1.0965250965250966,3.034958546586453,"[[19.000001907348633, 5.000000476837158], [0.6314900517463684, -Infinity], [26.000001907348633, 3.000000238418579], 74.8942642211914]",0.0726180076599121,
fing_x_face,0,0.01,li_V>face_C>ri_V>face_G,4,MAXMONO-K3,GP,boot,300,0.1389000192815203,0.1349418858742109,True,0.0077821011673151,0.0232558139534883,0.0077070425907635,0.0193050193050193,1.1274131274131274,2.4043578462183115,"[[21.000001907348633, 5.000000476837158], [0.6202200651168823, -Infinity], [26.000001907348633, 14.000000953674316], 73.67664337158203]",0.0986709594726562,
fing_x_face,0,0.01,li_V>face_C>ri_V>face_G,4,MONO-cont,GP,boot,300,0.0979779157405425,0.0964195113838055,True,0.0078876723071818,0.0232558139534883,0.0087994971715901,0.0193050193050193,1.0965250965250966,3.034958546586453,"[[19.000001907348633, 5.000000476837158], [0.6314900517463684, -Infinity], [26.000001907348633, 3.000000238418579], 74.8942642211914]",0.0842528343200683,
fing_x_face,0,0.01,li_V>face_C>ri_V>face_G,4,S1-Marcialis,rule,boot,300,,,True,0.0075407957047627,0.003875968992248,0.0099667774086378,0.0038610038610038,1.3783783783783785,3.571712908922211,"[[35.000003814697266, 5.0], [0.7145800590515137, -1.0], [38.000003814697266, 3.0], 73.80156707763672]",0.0246486663818359,
fing_x_face,0,0.01,li_V>face_C>ri_V>face_G,4,S2-Symmetric,rule,boot,300,,,True,0.0075407957047627,0.003875968992248,0.0099667774086378,0.0038610038610038,1.3783783783783785,3.571712908922211,"[[35.000003814697266, 5.0], [0.7145800590515137, -1.0], [38.000003814697266, 3.0], 73.80156707763672]",0.0628650188446044,
fing_x_face,0,0.01,li_V>face_C>ri_V>face_G,4,S3-SPRT,rule,boot,300,,,True,0.0074503061563056,0.003875968992248,0.0082158570530663,0.0,1.223938223938224,2.0950585136631648,"[[4.64736944250726, -3.476318212001615], [4.64736944250726, -3.476318212001615], [4.64736944250726, -3.476318212001615], -5.9917913806027165]",0.2104511260986328,
fing_x_face,0,0.01,li_V>face_C>ri_V>face_G,4,S4-Direct,rule,boot,300,,,False,,,,,,,,,
fing_x_face,0,0.01,li_V>face_G>face_C>ri_V,4,HYP,GP,boot,300,,,False,,,,,,,,,
fing_x_face,0,0.01,li_V>face_G>face_C>ri_V,4,MONO,GP,boot,300,0.0997334481063939,0.0964180667472922,True,0.0073748981992579,0.0232558139534883,0.0088294274340785,0.0193050193050193,1.1003861003861004,2.820807518481937,"[[19.000001907348633, 5.000000476837158], [74.54005432128906, 64.8189697265625], [0.64423006772995, -Infinity], 26.000001907348633]",0.0854244232177734,
fing_x_face,0,0.01,li_V>face_G>face_C>ri_V,4,MONO-rel,GP,boot,300,0.0768486588912843,0.0778359309940017,True,0.0079329170814104,0.0232558139534883,0.0092933465026488,0.0193050193050193,1.1158301158301158,2.8223788572625783,"[[20.000001907348633, 5.000000476837158], [74.36320495605469, 64.8189697265625], [0.6334100365638733, -0.9999999403953552], 25.0]",0.0793454647064209,
fing_x_face,0,0.01,li_V>face_G>face_C>ri_V,4,NLS-N2,GP,boot,300,0.09619837652307,0.0937174447419815,True,0.007405061382077,0.0232558139534883,0.0088593576965669,0.0193050193050193,1.1003861003861004,2.820822483613181,"[[19.000001907348633, 5.000000476837158], [74.54695129394531, 64.8189697265625], [0.6428600549697876, -0.9999999403953552], 26.000001907348633]",0.1244893074035644,
fing_x_face,0,0.01,li_V>face_G>face_C>ri_V,4,DE-N2,GP,boot,300,0.1018335615816031,0.0981718991815755,True,0.0073748981992579,0.0232558139534883,0.0088443925653227,0.0193050193050193,1.1003861003861004,2.820732692825716,"[[19.000001907348633, 5.000000476837158], [74.53109741210938, 64.8189697265625], [0.6447800397872925, -Infinity], 26.000001907348633]",0.0883631706237793,
fing_x_face,0,0.01,li_V>face_G>face_C>ri_V,4,MAXMONO-K3,GP,boot,300,0.1548558772215832,0.1456438554230207,True,0.0081289777697342,0.0232558139534883,0.0098919517524168,0.0231660231660231,1.111969111969112,2.0878004250097275,"[[20.000001907348633, 5.000000476837158], [74.33998107910156, 66.4080810546875], [0.6260300874710083, 0.5489800572395325], 26.0]",0.1276462078094482,
fing_x_face,0,0.01,li_V>face_G>face_C>ri_V,4,MONO-cont,GP,boot,300,0.1018115348766409,0.0981527357426445,True,0.0073748981992579,0.0232558139534883,0.0088443925653227,0.0193050193050193,1.1003861003861004,2.820732692825716,"[[19.000001907348633, 5.000000476837158], [74.53109741210938, 64.8189697265625], [0.6447800397872925, -Infinity], 26.000001907348633]",0.0822765827178955,
fing_x_face,0,0.01,li_V>face_G>face_C>ri_V,4,S1-Marcialis,rule,boot,300,,,True,0.006545410671734,0.0155038759689922,0.0051779354104935,0.0193050193050193,1.3706563706563706,3.278381371404627,"[[35.000003814697266, 5.0], [76.3500747680664, 64.80564880371094], [0.7145800590515137, -1.0], 19.0]",0.0244150161743164,
fing_x_face,0,0.01,li_V>face_G>face_C>ri_V,4,S2-Symmetric,rule,boot,300,,,True,0.006545410671734,0.0155038759689922,0.0051779354104935,0.0193050193050193,1.3706563706563706,3.278381371404627,"[[35.000003814697266, 5.0], [76.3500747680664, 64.80564880371094], [0.7145800590515137, -1.0], 19.0]",0.1012880802154541,
fing_x_face,0,0.01,li_V>face_G>face_C>ri_V,4,S3-SPRT,rule,boot,300,,,True,0.0076614484360389,0.0077519379844961,0.0095028583400676,0.0038610038610038,1.22007722007722,2.129448385262339,"[[4.64736944250726, -3.476318212001615], [4.64736944250726, -3.476318212001615], [4.64736944250726, -3.476318212001615], -3.8381104155459087]",0.224755048751831,
fing_x_face,0,0.01,li_V>face_G>face_C>ri_V,4,S4-Direct,rule,boot,300,,,True,0.007405061382077,0.0077519379844961,0.0086049504654155,0.0077220077220077,1.2972972972972974,2.5216844751728478,"[[35.000003814697266, 4.000000476837158], [74.42152404785156, 66.1951904296875], [0.6324400305747986, 0.5294500589370728], 18.0]",1.179786205291748,
fing_x_face,0,0.01,li_V>face_G>ri_V>face_C,4,HYP,GP,boot,300,,,False,,,,,,,,,
fing_x_face,0,0.01,li_V>face_G>ri_V>face_C,4,MONO,GP,boot,300,0.0999165993821496,0.0964418225707562,True,0.007435224564896,0.0232558139534883,0.0089940438777648,0.0193050193050193,1.1042471042471045,2.793331537517584,"[[19.000001907348633, 5.000000476837158], [74.51202392578125, 64.8189697265625], [26.000001907348633, 3.000000238418579], 0.6446800827980042]",0.0898795127868652,
fing_x_face,0,0.01,li_V>face_G>ri_V>face_C,4,MONO-rel,GP,boot,300,0.0772009880472534,0.0779904823533303,True,0.0079630802642294,0.0193798449612403,0.0097423004399748,0.0193050193050193,1.1196911196911197,2.399404387776481,"[[20.000001907348633, 5.000000476837158], [74.25242614746094, 64.8189697265625], [25.000001907348633, 8.000000953674316], 0.6202100515365601]",0.1006186008453369,
fing_x_face,0,0.01,li_V>face_G>ri_V>face_C,4,NLS-N2,GP,boot,300,0.0965078015214481,0.0937768815943371,True,0.0075257141133532,0.0232558139534883,0.0090987997964742,0.0193050193050193,1.1042471042471045,2.793181886205142,"[[19.000001907348633, 5.000000476837158], [74.48580932617188, 64.8189697265625], [26.000001907348633, 3.000000238418579], 0.6440900564193726]",0.083728551864624,
fing_x_face,0,0.01,li_V>face_G>ri_V>face_C,4,DE-N2,GP,boot,300,0.1018742110448536,0.0981604798681929,True,0.007405061382077,0.0232558139534883,0.0089491484840322,0.0193050193050193,1.1042471042471045,2.793391398042561,"[[19.000001907348633, 5.000000476837158], [74.5172348022461, 64.8189697265625], [26.000001907348633, 3.000000238418579], 0.6447800397872925]",0.0877790451049804,
fing_x_face,0,0.01,li_V>face_G>ri_V>face_C,4,MAXMONO-K3,GP,boot,300,0.1537547377331967,0.145098835377273,True,0.0081440593611437,0.0232558139534883,0.0102660800335218,0.0231660231660231,1.1003861003861004,2.2664691269342434,"[[19.000001907348633, 5.000000476837158], [74.21150970458984, 64.8189697265625], [28.000001907348633, 15.000000953674316], 0.6406400203704834]",0.1020684242248535,
fing_x_face,0,0.01,li_V>face_G>ri_V>face_C,4,MONO-cont,GP,boot,300,0.1018524257414051,0.0981413775771639,True,0.007405061382077,0.0232558139534883,0.0089491484840322,0.0193050193050193,1.1042471042471045,2.793391398042561,"[[19.000001907348633, 5.000000476837158], [74.5172348022461, 64.8189697265625], [26.000001907348633, 3.000000238418579], 0.6447800397872925]",0.0881633758544921,
fing_x_face,0,0.01,li_V>face_G>ri_V>face_C,4,S1-Marcialis,rule,boot,300,,,True,0.0075860404789913,0.0077519379844961,0.0078417287719613,0.0038610038610038,1.3436293436293436,3.273607494537727,"[[35.000003814697266, 5.0], [76.3500747680664, 64.80564880371094], [38.000003814697266, 3.0], 0.6139699816703796]",0.0278308391571044,
fing_x_face,0,0.01,li_V>face_G>ri_V>face_C,4,S2-Symmetric,rule,boot,300,,,True,0.0075860404789913,0.0077519379844961,0.0078417287719613,0.0038610038610038,1.3436293436293436,3.273607494537727,"[[35.000003814697266, 5.0], [76.3500747680664, 64.80564880371094], [38.000003814697266, 3.0], 0.6139699816703796]",0.0733044147491455,
fing_x_face,0,0.01,li_V>face_G>ri_V>face_C,4,S3-SPRT,rule,boot,300,,,True,0.0077971827587247,0.0077519379844961,0.0089641136152764,0.0038610038610038,1.223938223938224,2.11050252910718,"[[4.64736944250726, -3.476318212001615], [4.64736944250726, -3.476318212001615], [4.64736944250726, -3.476318212001615], -5.1197530389284385]",0.206611156463623,
fing_x_face,0,0.01,li_V>face_G>ri_V>face_C,4,S4-Direct,rule,boot,300,,,True,0.0078273459415437,0.003875968992248,0.0086348807279039,0.0038610038610038,1.2895752895752897,2.4696507138367605,"[[35.000003814697266, 4.000000476837158], [74.42152404785156, 66.1951904296875], [22.000001907348633, 6.000000476837158], 0.6126499772071838]",1.1894450187683103,
fing_x_face,0,0.01,li_V>ri_V>face_C>face_G,4,HYP,GP,boot,300,,,False,,,,,,,,,
fing_x_face,0,0.01,li_V>ri_V>face_C>face_G,4,MONO,GP,boot,300,0.0964113894839365,0.0949112972747682,True,0.0073447350164389,0.0271317829457364,0.0083206129717757,0.0193050193050193,1.1274131274131274,2.932222920595013,"[[19.000001907348633, 5.000000476837158], [24.000001907348633, 3.000000238418579], [0.6424200534820557, 0.49539002776145935], 74.80696105957031]",0.0940439701080322,
fing_x_face,0,0.01,li_V>ri_V>face_C>face_G,4,MONO-rel,GP,boot,300,0.0772965161689903,0.0781150455420862,True,0.0081440593611437,0.0271317829457364,0.0097722307024632,0.0193050193050193,1.1274131274131274,2.488821046960582,"[[19.000001907348633, 5.000000476837158], [24.000001907348633, 3.000000238418579], [0.6392900347709656, 0.5574700832366943], 74.39639282226562]",0.085641860961914,
fing_x_face,0,0.01,li_V>ri_V>face_C>face_G,4,NLS-N2,GP,boot,300,0.093770968529119,0.0925463906986943,True,0.0075106325219437,0.0271317829457364,0.0086348807279039,0.0193050193050193,1.1274131274131274,2.8135943252222324,"[[19.000001907348633, 5.000000476837158], [24.000001907348633, 3.000000238418579], [0.6424200534820557, 0.5147700309753418], 74.69171142578125]",0.0878636837005615,
fing_x_face,0,0.01,li_V>ri_V>face_C>face_G,4,DE-N2,GP,boot,300,0.0979231029100649,0.0964635628248788,True,0.0072391638765722,0.0271317829457364,0.0082158570530663,0.0193050193050193,1.1274131274131274,2.9920984107030617,"[[19.000001907348633, 5.000000476837158], [24.000001907348633, 3.000000238418579], [0.6424600481987, 0.4706200361251831], 74.84239959716797]",0.0829956531524658,
fing_x_face,0,0.01,li_V>ri_V>face_C>face_G,4,MAXMONO-K3,GP,boot,300,0.1446101577262983,0.1369388200465278,True,0.0080234066298675,0.0310077519379844,0.0096525096525096,0.0231660231660231,1.1235521235521235,1.8526084223758643,"[[19.000001907348633, 5.000000476837158], [24.000001907348633, 9.000000953674316], [0.6162700653076172, 0.5488300323486328], 73.63107299804688]",0.1239869594573974,
fing_x_face,0,0.01,li_V>ri_V>face_C>face_G,4,MONO-cont,GP,boot,300,0.097904605415849,0.0964453740942414,True,0.0072391638765722,0.0271317829457364,0.0082158570530663,0.0193050193050193,1.1274131274131274,2.9918440034719103,"[[19.000001907348633, 5.000000476837158], [24.000001907348633, 3.000000238418579], [0.6424600481987, 0.4708700180053711], 74.84239959716797]",0.0811634063720703,
fing_x_face,0,0.01,li_V>ri_V>face_C>face_G,4,S1-Marcialis,rule,boot,300,,,True,0.0075407957047627,0.003875968992248,0.0099667774086378,0.0038610038610038,1.3976833976833978,3.566340426805543,"[[35.000003814697266, 5.0], [38.000003814697266, 3.0], [0.7145800590515137, -1.0], 73.80156707763672]",0.0226552486419677,
fing_x_face,0,0.01,li_V>ri_V>face_C>face_G,4,S2-Symmetric,rule,boot,300,,,True,0.0075407957047627,0.003875968992248,0.0099667774086378,0.0038610038610038,1.3976833976833978,3.566340426805543,"[[35.000003814697266, 5.0], [38.000003814697266, 3.0], [0.7145800590515137, -1.0], 73.80156707763672]",0.0567116737365722,
fing_x_face,0,0.01,li_V>ri_V>face_C>face_G,4,S3-SPRT,rule,boot,300,,,True,0.0076162036618103,0.0271317829457364,0.0080063452156475,0.0231660231660231,1.2316602316602316,2.0573314177965343,"[[4.64736944250726, -3.476318212001615], [4.64736944250726, -3.476318212001615], [4.64736944250726, -3.476318212001615], -6.604761921348722]",0.1903071403503418,
fing_x_face,0,0.01,li_V>ri_V>face_C>face_G,4,S4-Direct,rule,boot,300,,,False,,,,,,,,,
fing_x_face,0,0.01,li_V>ri_V>face_G>face_C,4,HYP,GP,boot,300,,,False,,,,,,,,,
fing_x_face,0,0.01,li_V>ri_V>face_G>face_C,4,MONO,GP,boot,300,0.0967675360982733,0.0949795343736882,True,0.0077519379844961,0.0271317829457364,0.0086648109903923,0.0193050193050193,1.1274131274131274,2.8855466762443505,"[[19.000001907348633, 5.000000476837158], [23.000001907348633, 3.000000238418579], [74.8942642211914, 64.8189697265625], 0.6415300369262695]",0.1031396389007568,
fing_x_face,0,0.01,li_V>ri_V>face_G>face_C,4,MONO-rel,GP,boot,300,0.0774707958693715,0.078210790587649,True,0.0081591409525533,0.0271317829457364,0.0090389392714974,0.0231660231660231,1.1235521235521235,2.4932656909401096,"[[19.000001907348633, 5.000000476837158], [23.000001907348633, 3.000000238418579], [74.74443817138672, 67.40853118896484], 0.6383900046348572]",0.0988621711730957,
fing_x_face,0,0.01,li_V>ri_V>face_G>face_C,4,NLS-N2,GP,boot,300,0.0941175436364601,0.0926646044100327,True,0.0073145718336198,0.0271317829457364,0.0082607524467989,0.0193050193050193,1.1312741312741312,2.886339828200293,"[[19.000001907348633, 5.000000476837158], [24.000001907348633, 3.000000238418579], [74.88140106201172, 64.8189697265625], 0.6409600377082825]",0.0906476974487304,
fing_x_face,0,0.01,li_V>ri_V>face_G>face_C,4,DE-N2,GP,boot,300,0.098252294243067,0.0965240241230579,True,0.0077519379844961,0.0271317829457364,0.0086648109903923,0.0193050193050193,1.1274131274131274,2.8855466762443505,"[[19.000001907348633, 5.000000476837158], [23.000001907348633, 3.000000238418579], [74.88380432128906, 64.8189697265625], 0.6416400671005249]",0.1144428253173828,
fing_x_face,0,0.01,li_V>ri_V>face_G>face_C,4,MAXMONO-K3,GP,boot,300,0.146733025766738,0.137605654072514,True,0.0080686514040961,0.0310077519379844,0.0095926491275328,0.027027027027027,1.1196911196911197,1.8928496602915208,"[[19.000001907348633, 5.000000476837158], [23.000001907348633, 8.000000953674316], [74.32635498046875, 71.61225128173828], 0.6127600073814392]",0.1414520740509033,
fing_x_face,0,0.01,li_V>ri_V>face_G>face_C,4,MONO-cont,GP,boot,300,0.0982336247770204,0.0965057815144505,True,0.0077519379844961,0.0271317829457364,0.0086648109903923,0.0193050193050193,1.1274131274131274,2.8855466762443505,"[[19.000001907348633, 5.000000476837158], [23.000001907348633, 3.000000238418579], [74.88380432128906, 64.8189697265625], 0.6416400671005249]",0.0912051200866699,
fing_x_face,0,0.01,li_V>ri_V>face_G>face_C,4,S1-Marcialis,rule,boot,300,,,True,0.0075860404789913,0.0077519379844961,0.0078417287719613,0.0038610038610038,1.386100386100386,3.417587022238185,"[[35.000003814697266, 5.0], [38.000003814697266, 3.0], [76.3500747680664, 64.80564880371094], 0.6139699816703796]",0.0248746871948242,
fing_x_face,0,0.01,li_V>ri_V>face_G>face_C,4,S2-Symmetric,rule,boot,300,,,True,0.0075860404789913,0.0077519379844961,0.0078417287719613,0.0038610038610038,1.386100386100386,3.417587022238185,"[[35.000003814697266, 5.0], [38.000003814697266, 3.0], [76.3500747680664, 64.80564880371094], 0.6139699816703796]",0.0766942501068115,
fing_x_face,0,0.01,li_V>ri_V>face_G>face_C,4,S3-SPRT,rule,boot,300,,,True,0.0077971827587247,0.0310077519379844,0.0075873215408099,0.0231660231660231,1.2316602316602316,2.056628056628057,"[[4.64736944250726, -3.476318212001615], [4.64736944250726, -3.476318212001615], [4.64736944250726, -3.476318212001615], -6.189623063935883]",0.1976854801177978,
fing_x_face,0,0.01,li_V>ri_V>face_G>face_C,4,S4-Direct,rule,boot,300,,,True,0.0079630802642294,0.0077519379844961,0.0095178234713118,0.0038610038610038,1.3667953667953667,3.062314806500853,"[[35.000003814697266, 4.000000476837158], [38.000003814697266, 3.000000238418579], [74.42152404785156, 66.1951904296875], 0.6149700284004211]",1.282182216644287,
fing_x_face,0,0.01,ri_V>face_C>face_G>li_V,4,HYP,GP,boot,300,,,False,,,,,,,,,
fing_x_face,0,0.01,ri_V>face_C>face_G>li_V,4,MONO,GP,boot,300,0.0402401529498608,0.0388471917199173,True,0.0078273459415437,0.0116279069767441,0.0076022866720541,0.0038610038610038,1.0810810810810811,3.641076292239083,"[[20.000001907348633, 3.000000238418579], [0.6324400305747986, -Infinity], [74.8942642211914, 64.8189697265625], 27.0]",0.0710084438323974,
fing_x_face,0,0.01,ri_V>face_C>face_G>li_V,4,MONO-rel,GP,boot,300,0.0281348571860045,0.0280508614740124,True,0.0076162036618103,0.0077519379844961,0.0083804734967525,0.0038610038610038,1.084942084942085,3.4471581215767264,"[[22.000001907348633, 3.000000238418579], [0.6285400390625, -Infinity], [74.58414459228516, 65.77220916748047], 23.000001907348633]",0.0754146575927734,
fing_x_face,0,0.01,ri_V>face_C>face_G>li_V,4,NLS-N2,GP,boot,300,0.0396612277437833,0.0384712905482744,True,0.0079630802642294,0.0116279069767441,0.0077669031157403,0.0038610038610038,1.0810810810810811,3.640642303433001,"[[20.000001907348633, 3.000000238418579], [0.6313000321388245, -Infinity], [74.86454772949219, 64.8189697265625], 28.0]",0.0742137432098388,
fing_x_face,0,0.01,ri_V>face_C>face_G>li_V,4,DE-N2,GP,boot,300,0.03844424947859,0.0370504806532472,True,0.0076463668446294,0.0116279069767441,0.00730298404717,0.0038610038610038,1.0810810810810811,3.6416449672263616,"[[20.000001907348633, 3.000000238418579], [0.6335400342941284, -Infinity], [74.90845489501953, 64.8189697265625], 26.000001907348633]",0.0734634399414062,
fing_x_face,0,0.01,ri_V>face_C>face_G>li_V,4,MAXMONO-K3,GP,boot,300,,,False,,,,,,,,,True
fing_x_face,0,0.01,ri_V>face_C>face_G>li_V,4,MONO-cont,GP,boot,300,0.0384546602295775,0.0370603879919013,True,0.0076463668446294,0.0116279069767441,0.00730298404717,0.0038610038610038,1.0810810810810811,3.6416449672263616,"[[20.000001907348633, 3.000000238418579], [0.6335400342941284, -Infinity], [74.90845489501953, 64.8189697265625], 26.000001907348633]",0.0716433525085449,
fing_x_face,0,0.01,ri_V>face_C>face_G>li_V,4,S1-Marcialis,rule,boot,300,,,True,0.0060477181552197,0.0193798449612403,0.0066445182724252,0.0115830115830115,1.3166023166023166,3.8027446050701865,"[[38.000003814697266, 3.0], [0.7145800590515137, -1.0], [76.3500747680664, 64.80564880371094], 19.0]",0.0219824314117431,
fing_x_face,0,0.01,ri_V>face_C>face_G>li_V,4,S2-Symmetric,rule,boot,300,,,True,0.0075709588875818,0.003875968992248,0.0101912543773008,0.0038610038610038,1.281853281853282,3.486965370686301,"[[38.000003814697266, 3.0], [0.7145800590515137, -1.0], [73.92266082763672, 66.08772277832031], 24.0]",0.0828032493591308,
fing_x_face,0,0.01,ri_V>face_C>face_G>li_V,4,S3-SPRT,rule,boot,300,,,True,0.0075709588875818,0.0,0.0091137649277184,0.0,1.1505791505791505,2.1200353177097364,"[[5.003402553535524, -4.230800395741762], [5.003402553535524, -4.230800395741762], [5.003402553535524, -4.230800395741762], -3.884869975264418]",0.2388916015625,
fing_x_face,0,0.01,ri_V>face_C>face_G>li_V,4,S4-Direct,rule,boot,300,,,True,0.0075106325219437,0.0077519379844961,0.0094130675526024,0.0038610038610038,1.2123552123552124,2.7101254077998265,"[[38.000003814697266, 3.000000238418579], [0.6324400305747986, 0.5294500589370728], [74.42152404785156, 66.1951904296875], 18.0]",1.1112821102142334,
fing_x_face,0,0.01,ri_V>face_C>li_V>face_G,4,HYP,GP,boot,300,,,False,,,,,,,,,
fing_x_face,0,0.01,ri_V>face_C>li_V>face_G,4,MONO,GP,boot,300,0.0406380047264787,0.0389888595659453,True,0.0079178354900009,0.0116279069767441,0.0077369728532519,0.0038610038610038,1.0772200772200773,3.528942563826285,"[[20.000001907348633, 3.000000238418579], [0.6296300888061523, -Infinity], [27.000001907348633, 5.000000476837158], 74.96248626708984]",0.0721213817596435,
fing_x_face,0,0.01,ri_V>face_C>li_V>face_G,4,MONO-rel,GP,boot,300,0.0287957591790917,0.0283846690573213,True,0.0079027538985913,0.0116279069767441,0.0076621471970309,0.0038610038610038,1.0772200772200773,3.0498638173056776,"[[21.000001907348633, 3.000000238418579], [0.6248700618743896, -Infinity], [27.000001907348633, 9.000000953674316], 74.43785858154297]",0.0677626132965087,
fing_x_face,0,0.01,ri_V>face_C>li_V>face_G,4,NLS-N2,GP,boot,300,0.0400800562078497,0.0386460928657711,True,0.0079479986728199,0.0116279069767441,0.0077070425907635,0.0038610038610038,1.0772200772200773,3.528523540151447,"[[20.000001907348633, 3.000000238418579], [0.6283500790596008, -Infinity], [27.000001907348633, 5.000000476837158], 75.11920928955078]",0.0735549926757812,
fing_x_face,0,0.01,ri_V>face_C>li_V>face_G,4,DE-N2,GP,boot,300,0.0388447391276888,0.037181511525537,True,0.0078575091243628,0.0116279069767441,0.0075274610158331,0.0038610038610038,1.0810810810810811,3.5294962736823203,"[[20.000001907348633, 3.000000238418579], [0.6310000419616699, -Infinity], [27.000001907348633, 5.000000476837158], 74.875244140625]",0.0724322795867919,
fing_x_face,0,0.01,ri_V>face_C>li_V>face_G,4,MAXMONO-K3,GP,boot,300,0.0830716258786154,0.0798064731419961,True,0.0075407957047627,0.0116279069767441,0.0072730537846816,0.0077220077220077,1.0810810810810811,2.300260393283649,"[[22.000001907348633, 5.000000476837158], [0.6182700395584106, -Infinity], [26.000001907348633, 14.000000953674316], 73.61847686767578]",0.1115853786468505,
fing_x_face,0,0.01,ri_V>face_C>li_V>face_G,4,MONO-cont,GP,boot,300,0.0388551157395693,0.037191399789454,True,0.0078575091243628,0.0116279069767441,0.0075274610158331,0.0038610038610038,1.0810810810810811,3.5294962736823203,"[[20.000001907348633, 3.000000238418579], [0.6310000419616699, -Infinity], [27.000001907348633, 5.000000476837158], 74.875244140625]",0.0779857635498046,
fing_x_face,0,0.01,ri_V>face_C>li_V>face_G,4,S1-Marcialis,rule,boot,300,,,True,0.0075407957047627,0.003875968992248,0.0099667774086378,0.0038610038610038,1.305019305019305,3.836655592469546,"[[38.000003814697266, 3.0], [0.7145800590515137, -1.0], [35.000003814697266, 5.0], 73.80156707763672]",0.0223865509033203,
fing_x_face,0,0.01,ri_V>face_C>li_V>face_G,4,S2-Symmetric,rule,boot,300,,,True,0.0075407957047627,0.003875968992248,0.0099667774086378,0.0038610038610038,1.305019305019305,3.836655592469546,"[[38.000003814697266, 3.0], [0.7145800590515137, -1.0], [35.000003814697266, 5.0], 73.80156707763672]",0.0544610023498535,
fing_x_face,0,0.01,ri_V>face_C>li_V>face_G,4,S3-SPRT,rule,boot,300,,,True,0.0074503061563056,0.0,0.0081260662656011,0.0,1.1505791505791505,2.1078237706144685,"[[5.003402553535524, -4.230800395741762], [5.003402553535524, -4.230800395741762], [5.003402553535524, -4.230800395741762], -4.59689531800804]",0.1820900440216064,
fing_x_face,0,0.01,ri_V>face_C>li_V>face_G,4,S4-Direct,rule,boot,300,,,True,0.0074804693391246,0.0077519379844961,0.0089192182215438,0.0038610038610038,1.138996138996139,2.0073329143096585,"[[28.000001907348633, 3.000000238418579], [0.6518500447273254, 0.586840033531189], [22.000001907348633, 7.000000476837158], 72.29286193847656]",0.8116979598999023,
fing_x_face,0,0.01,ri_V>face_G>face_C>li_V,4,HYP,GP,boot,300,,,False,,,,,,,,,
fing_x_face,0,0.01,ri_V>face_G>face_C>li_V,4,MONO,GP,boot,300,0.0420230989226633,0.0398863676709044,True,0.0080988145869152,0.0116279069767441,0.0080362754781359,0.0038610038610038,1.0772200772200773,3.474304869653707,"[[19.000001907348633, 3.000000238418579], [74.65919494628906, 64.8189697265625], [0.6428200602531433, -Infinity], 35.0]",0.0732488632202148,
fing_x_face,0,0.01,ri_V>face_G>face_C>li_V,4,MONO-rel,GP,boot,300,0.0287881801661861,0.0284847748040301,True,0.0078424275329532,0.0077519379844961,0.0085301248091945,0.0038610038610038,1.0810810810810811,3.164975606836072,"[[21.000001907348633, 3.000000238418579], [74.4576644897461, 64.8189697265625], [0.6339700818061829, 0.525610089302063], 25.0]",0.0857503414154052,
fing_x_face,0,0.01,ri_V>face_G>face_C>li_V,4,NLS-N2,GP,boot,300,,,False,,,,,,,,,True
fing_x_face,0,0.01,ri_V>face_G>face_C>li_V,4,DE-N2,GP,boot,300,0.0401063616175115,0.0379333320714828,True,0.0081138961783247,0.0116279069767441,0.0081260662656011,0.0038610038610038,1.0772200772200773,3.474484451228637,"[[19.000001907348633, 3.000000238418579], [74.67250061035156, 64.8189697265625], [0.6441100835800171, -Infinity], 29.0]",0.0690920352935791,
fing_x_face,0,0.01,ri_V>face_G>face_C>li_V,4,MAXMONO-K3,GP,boot,300,,,False,,,,,,,,,True
fing_x_face,0,0.01,ri_V>face_G>face_C>li_V,4,MONO-cont,GP,boot,300,0.0401160117901485,0.0379426777864094,True,0.0081138961783247,0.0116279069767441,0.0081260662656011,0.0038610038610038,1.0772200772200773,3.474484451228637,"[[19.000001907348633, 3.000000238418579], [74.67250061035156, 64.8189697265625], [0.6441100835800171, -Infinity], 29.0]",0.0677545070648193,
fing_x_face,0,0.01,ri_V>face_G>face_C>li_V,4,S1-Marcialis,rule,boot,300,,,True,0.0060477181552197,0.0193798449612403,0.0066445182724252,0.0115830115830115,1.2934362934362935,3.630989793780492,"[[38.000003814697266, 3.0], [76.3500747680664, 64.80564880371094], [0.7145800590515137, -1.0], 19.0]",0.0219724178314209,
fing_x_face,0,0.01,ri_V>face_G>face_C>li_V,4,S2-Symmetric,rule,boot,300,,,True,0.0075709588875818,0.003875968992248,0.0101912543773008,0.0038610038610038,1.2162162162162162,2.9994313250127203,"[[38.000003814697266, 3.0], [73.92266082763672, 66.08772277832031], [0.7145800590515137, -1.0], 24.0]",0.0853486061096191,
fing_x_face,0,0.01,ri_V>face_G>face_C>li_V,4,S3-SPRT,rule,boot,300,,,True,0.0077821011673151,0.0,0.0092933465026488,0.0038610038610038,1.1505791505791505,2.139011104127383,"[[5.003402553535524, -4.230800395741762], [5.003402553535524, -4.230800395741762], [5.003402553535524, -4.230800395741762], -3.8362297674919694]",0.1926615238189697,
fing_x_face,0,0.01,ri_V>face_G>face_C>li_V,4,S4-Direct,rule,boot,300,,,True,0.0072844086508008,0.0077519379844961,0.0086947412528807,0.0115830115830115,1.223938223938224,2.4005866331447727,"[[38.000003814697266, 3.000000238418579], [74.42152404785156, 66.1951904296875], [0.7145800590515137, 0.6120600700378418], 7.0]",0.994703769683838,
fing_x_face,0,0.01,ri_V>face_G>li_V>face_C,4,HYP,GP,boot,300,,,False,,,,,,,,,
fing_x_face,0,0.01,ri_V>face_G>li_V>face_C,4,MONO,GP,boot,300,0.0429640557789764,0.0403438835580737,True,0.0073145718336198,0.0116279069767441,0.0079764149531591,0.0038610038610038,1.084942084942085,3.2460866181796413,"[[20.000001907348633, 3.000000238418579], [74.46099853515625, 64.8189697265625], [27.000001907348633, 5.000000476837158], 0.6440900564193726]",0.0825929641723632,
fing_x_face,0,0.01,ri_V>face_G>li_V>face_C,4,MONO-rel,GP,boot,300,0.0297462499588243,0.0290883239453687,True,0.0078122643501342,0.0116279069767441,0.0092185208464278,0.0077220077220077,1.0810810810810811,2.8514411421388166,"[[21.000001907348633, 3.000000238418579], [74.25396728515625, 64.8189697265625], [27.000001907348633, 9.000000953674316], 0.6202500462532043]",0.077195405960083,
fing_x_face,0,0.01,ri_V>face_G>li_V>face_C,4,NLS-N2,GP,boot,300,0.0423011430184548,0.0399119719070191,True,0.0075106325219437,0.0116279069767441,0.0082008919218221,0.0038610038610038,1.084942084942085,3.245817245817246,"[[20.000001907348633, 3.000000238418579], [74.44293975830078, 64.8189697265625], [27.000001907348633, 5.000000476837158], 0.6427000761032104]",0.0824894905090332,
fing_x_face,0,0.01,ri_V>face_G>li_V>face_C,4,DE-N2,GP,boot,300,0.041020659866967,0.0382830276197413,True,0.0081138961783247,0.0116279069767441,0.0086348807279039,0.0038610038610038,1.0810810810810811,3.242928975487115,"[[19.000001907348633, 3.000000238418579], [74.48580932617188, 64.8189697265625], [27.000001907348633, 5.000000476837158], 0.6632699966430664]",0.082944631576538,
fing_x_face,0,0.01,ri_V>face_G>li_V>face_C,4,MAXMONO-K3,GP,boot,300,,,False,,,,,,,,,True
fing_x_face,0,0.01,ri_V>face_G>li_V>face_C,4,MONO-cont,GP,boot,300,0.0410299974626926,0.0382922690806614,True,0.0081138961783247,0.0116279069767441,0.0086348807279039,0.0038610038610038,1.0810810810810811,3.242928975487115,"[[19.000001907348633, 3.000000238418579], [74.48580932617188, 64.8189697265625], [27.000001907348633, 5.000000476837158], 0.6632699966430664]",0.0859439373016357,
fing_x_face,0,0.01,ri_V>face_G>li_V>face_C,4,S1-Marcialis,rule,boot,300,,,True,0.0075860404789913,0.0077519379844961,0.0078417287719613,0.0038610038610038,1.2702702702702702,3.516147376612493,"[[38.000003814697266, 3.0], [76.3500747680664, 64.80564880371094], [35.000003814697266, 5.0], 0.6139699816703796]",0.0243265628814697,
fing_x_face,0,0.01,ri_V>face_G>li_V>face_C,4,S2-Symmetric,rule,boot,300,,,True,0.0075860404789913,0.0077519379844961,0.0078417287719613,0.0038610038610038,1.2702702702702702,3.516147376612493,"[[38.000003814697266, 3.0], [76.3500747680664, 64.80564880371094], [35.000003814697266, 5.0], 0.6139699816703796]",0.073333740234375,
fing_x_face,0,0.01,ri_V>face_G>li_V>face_C,4,S3-SPRT,rule,boot,300,,,True,0.0076463668446294,0.0,0.0087246715153691,0.0038610038610038,1.1505791505791505,2.1253778695639163,"[[5.003402553535524, -4.230800395741762], [5.003402553535524, -4.230800395741762], [5.003402553535524, -4.230800395741762], -4.335204014531142]",0.1955475807189941,
fing_x_face,0,0.01,ri_V>face_G>li_V>face_C,4,S4-Direct,rule,boot,300,,,True,0.008008325038458,0.0077519379844961,0.0086348807279039,0.0077220077220077,1.0810810810810811,2.5581096046212326,"[[20.000001907348633, 3.000000238418579], [74.42152404785156, 66.1951904296875], [22.000001907348633, 7.000000476837158], 0.6428200006484985]",1.0774383544921875,
fing_x_face,0,0.01,ri_V>li_V>face_C>face_G,4,HYP,GP,boot,300,,,False,,,,,,,,,
fing_x_face,0,0.01,ri_V>li_V>face_C>face_G,4,MONO,GP,boot,300,0.0447950946685103,0.0414515020061864,True,0.0075257141133532,0.0193798449612403,0.0070485768160186,0.0154440154440154,1.1042471042471045,3.0598754901080483,"[[19.000001907348633, 3.000000238418579], [26.000001907348633, 5.000000476837158], [0.6451200842857361, 0.5150100588798523], 74.80696105957031]",0.0733697414398193,
fing_x_face,0,0.01,ri_V>li_V>face_C>face_G,4,MONO-rel,GP,boot,300,0.0329851011681004,0.0316607287450622,True,0.007978161855639,0.0193798449612403,0.0076621471970309,0.0154440154440154,1.1042471042471045,2.705695728951543,"[[19.000001907348633, 3.000000238418579], [25.000001907348633, 5.000000476837158], [0.6421900391578674, 0.5629400610923767], 74.6300277709961]",0.0706751346588134,
fing_x_face,0,0.01,ri_V>li_V>face_C>face_G,4,NLS-N2,GP,boot,300,0.044376624090443,0.0411846053192257,True,0.0077066932102675,0.0193798449612403,0.0074676004908563,0.0154440154440154,1.1042471042471045,2.983867588518751,"[[19.000001907348633, 3.000000238418579], [26.000001907348633, 5.000000476837158], [0.6446800827980042, 0.5244000554084778], 74.69171142578125]",0.0858983993530273,
fing_x_face,0,0.01,ri_V>li_V>face_C>face_G,4,DE-N2,GP,boot,300,0.0428308158571789,0.0396114134881512,True,0.0073748981992579,0.0193798449612403,0.006928855766065,0.0154440154440154,1.1042471042471045,3.080108347550208,"[[19.000001907348633, 3.000000238418579], [26.000001907348633, 5.000000476837158], [0.646090030670166, 0.5123600363731384], 74.84239959716797]",0.0878090858459472,
fing_x_face,0,0.01,ri_V>li_V>face_C>face_G,4,MAXMONO-K3,GP,boot,300,0.0897330785879254,0.0792489612997007,True,0.0079932434470485,0.0348837209302325,0.0074376702283679,0.0347490347490347,1.084942084942085,2.0612373170512703,"[[19.000001907348633, 3.000000238418579], [25.000001907348633, 11.000000953674316], [0.6121500730514526, 0.5353900790214539], 73.77523803710938]",0.1325461864471435,
fing_x_face,0,0.01,ri_V>li_V>face_C>face_G,4,MONO-cont,GP,boot,300,0.0428402464581407,0.0396204341542145,True,0.0073748981992579,0.0193798449612403,0.006928855766065,0.0154440154440154,1.1042471042471045,3.080108347550208,"[[19.000001907348633, 3.000000238418579], [26.000001907348633, 5.000000476837158], [0.646090030670166, 0.5123600363731384], 74.84239959716797]",0.083827257156372,
fing_x_face,0,0.01,ri_V>li_V>face_C>face_G,4,S1-Marcialis,rule,boot,300,,,True,0.0075407957047627,0.003875968992248,0.0099667774086378,0.0038610038610038,1.3243243243243243,3.6988117685792106,"[[38.000003814697266, 3.0], [35.000003814697266, 5.0], [0.7145800590515137, -1.0], 73.80156707763672]",0.021536111831665,
fing_x_face,0,0.01,ri_V>li_V>face_C>face_G,4,S2-Symmetric,rule,boot,300,,,True,0.0075407957047627,0.003875968992248,0.0099667774086378,0.0038610038610038,1.3243243243243243,3.6988117685792106,"[[38.000003814697266, 3.0], [35.000003814697266, 5.0], [0.7145800590515137, -1.0], 73.80156707763672]",0.0526149272918701,
fing_x_face,0,0.01,ri_V>li_V>face_C>face_G,4,S3-SPRT,rule,boot,300,,,True,0.0078122643501342,0.0232558139534883,0.0083804734967525,0.0154440154440154,1.1891891891891893,2.107075514052258,"[[5.003402553535524, -4.230800395741762], [5.003402553535524, -4.230800395741762], [5.003402553535524, -4.230800395741762], -5.588364026866314]",0.1989960670471191,
fing_x_face,0,0.01,ri_V>li_V>face_C>face_G,4,S4-Direct,rule,boot,300,,,True,0.007978161855639,0.0077519379844961,0.0076471820657867,0.0038610038610038,1.1196911196911197,3.172024183652091,"[[20.000001907348633, 3.000000238418579], [24.000001907348633, 4.000000476837158], [0.6324400305747986, 0.5294500589370728], 74.89425659179688]",1.0875799655914309,
fing_x_face,0,0.01,ri_V>li_V>face_G>face_C,4,HYP,GP,boot,300,,,False,,,,,,,,,
fing_x_face,0,0.01,ri_V>li_V>face_G>face_C,4,MONO,GP,boot,300,0.045155981835914,0.0415349653915914,True,0.0075257141133532,0.0193798449612403,0.0070934722097512,0.0154440154440154,1.108108108108108,3.1343719134416808,"[[19.000001907348633, 3.000000238418579], [25.000001907348633, 5.000000476837158], [74.96720123291016, 64.8189697265625], 0.6440900564193726]",0.0820479393005371,
fing_x_face,0,0.01,ri_V>li_V>face_G>face_C,4,MONO-rel,GP,boot,300,0.0331600280502221,0.0317861495983633,True,0.0079932434470485,0.0193798449612403,0.007377809703391,0.0193050193050193,1.1042471042471045,2.7180120319655203,"[[19.000001907348633, 3.000000238418579], [25.000001907348633, 5.000000476837158], [74.875244140625, 70.98056030273438], 0.6386600136756897]",0.0803725719451904,
fing_x_face,0,0.01,ri_V>li_V>face_G>face_C,4,NLS-N2,GP,boot,300,0.0447311214381367,0.0412674936967594,True,0.0076463668446294,0.0193798449612403,0.0071982281284606,0.0154440154440154,1.108108108108108,3.1306904911556077,"[[19.000001907348633, 3.000000238418579], [25.000001907348633, 5.000000476837158], [74.94414520263672, 64.8541488647461], 0.6426700353622437]",0.0820925235748291,
fing_x_face,0,0.01,ri_V>li_V>face_G>face_C,4,DE-N2,GP,boot,300,0.0431628043224064,0.0396853852116767,True,0.0074653877477151,0.0193798449612403,0.0070485768160186,0.0154440154440154,1.108108108108108,3.134386878572925,"[[19.000001907348633, 3.000000238418579], [25.000001907348633, 5.000000476837158], [74.97111511230469, 64.8189697265625], 0.6446800827980042]",0.106499433517456,
fing_x_face,0,0.01,ri_V>li_V>face_G>face_C,4,MAXMONO-K3,GP,boot,300,0.0919978913938896,0.0798901390003462,True,0.0081138961783247,0.0310077519379844,0.0077070425907635,0.027027027027027,1.0926640926640927,2.0908084163898115,"[[19.000001907348633, 3.000000238418579], [23.000001907348633, 10.000000953674316], [74.1268539428711, 67.0555648803711], 0.6196799874305725]",0.177584171295166,
fing_x_face,0,0.01,ri_V>li_V>face_G>face_C,4,MONO-cont,GP,boot,300,0.0431720740127846,0.0396943663281834,True,0.0074653877477151,0.0193798449612403,0.0070485768160186,0.0154440154440154,1.108108108108108,3.134386878572925,"[[19.000001907348633, 3.000000238418579], [25.000001907348633, 5.000000476837158], [74.97111511230469, 64.8189697265625], 0.6446800827980042]",0.1244139671325683,
fing_x_face,0,0.01,ri_V>li_V>face_G>face_C,4,S1-Marcialis,rule,boot,300,,,True,0.0075860404789913,0.0077519379844961,0.0078417287719613,0.0038610038610038,1.3127413127413128,3.5500583640118526,"[[38.000003814697266, 3.0], [35.000003814697266, 5.0], [76.3500747680664, 64.80564880371094], 0.6139699816703796]",0.0244162082672119,
fing_x_face,0,0.01,ri_V>li_V>face_G>face_C,4,S2-Symmetric,rule,boot,300,,,True,0.0075860404789913,0.0077519379844961,0.0078417287719613,0.0038610038610038,1.3127413127413128,3.5500583640118526,"[[38.000003814697266, 3.0], [35.000003814697266, 5.0], [76.3500747680664, 64.80564880371094], 0.6139699816703796]",0.0961251258850097,
fing_x_face,0,0.01,ri_V>li_V>face_G>face_C,4,S3-SPRT,rule,boot,300,,,True,0.0077971827587247,0.0232558139534883,0.0081559965280895,0.0154440154440154,1.1891891891891893,2.107195235102212,"[[5.003402553535524, -4.230800395741762], [5.003402553535524, -4.230800395741762], [5.003402553535524, -4.230800395741762], -5.1614901918354406]",0.2112491130828857,
fing_x_face,0,0.01,ri_V>li_V>face_G>face_C,4,S4-Direct,rule,boot,300,,,True,0.0078273459415437,0.0077519379844961,0.0071084373409954,0.0077220077220077,1.1505791505791505,2.862335757684595,"[[20.000001907348633, 3.000000238418579], [35.000003814697266, 4.000000476837158], [76.3500747680664, 71.73239135742188], 0.6190699934959412]",1.0570197105407717,
fing_x_face,0,0.01,parallel,4,P0-Parallel,parallel,boot,300,,,True,0.0077670195759056,0.0193798449612403,0.0074975307533447,0.0115830115830115,4.0,4.0,[6.057527542114258],,
fing_x_face,0,0.01,parallel,4,P1-LLR,parallel,boot,300,,,True,0.0075558772961722,0.0,0.0088593576965669,0.0,4.0,4.0,[-3.552576035124379],,
fing_x_face,0,0.01,parallel,4,P2-LogReg,parallel,boot,300,,,True,0.0075558772961722,0.0,0.0080512406093801,0.0,4.0,4.0,[-3.0652069696333335],,
fing_x_face,0,0.001,face_C,1,HYP,GP,boot,300,,,False,,,,,,,,,
fing_x_face,0,0.001,face_C,1,MONO,GP,boot,300,0.1848059821784499,0.2182036793215889,True,0.0005278556993333,0.1782945736434108,0.0004938493310586,0.2007722007722007,1.0,1.0,[0.6528099775314331],0.0084121227264404,
fing_x_face,0,0.001,face_C,1,MONO-rel,GP,boot,300,0.3020152137489941,0.4052022253169258,True,0.0005278556993333,0.1782945736434108,0.0004938493310586,0.2007722007722007,1.0,1.0,[0.6528099775314331],0.0070517063140869,
fing_x_face,0,0.001,face_C,1,NLS-N2,GP,boot,300,0.1868902758186061,0.2239361739611712,True,0.0005278556993333,0.1782945736434108,0.0004938493310586,0.2007722007722007,1.0,1.0,[0.6528099775314331],0.0074748992919921,
fing_x_face,0,0.001,face_C,1,DE-N2,GP,boot,300,0.1836919985092009,0.2151777306860728,True,0.0005278556993333,0.1782945736434108,0.0004938493310586,0.2007722007722007,1.0,1.0,[0.6528099775314331],0.0070619583129882,
fing_x_face,0,0.001,face_C,1,MAXMONO-K3,GP,boot,300,0.924270801756093,1.0,True,0.0005278556993333,0.1782945736434108,0.0004938493310586,0.2007722007722007,1.0,1.0,[0.6528099775314331],0.007474660873413,
fing_x_face,0,0.001,face_C,1,MONO-cont,GP,boot,300,0.1836957920373531,0.215181257263556,True,0.0005278556993333,0.1782945736434108,0.0004938493310586,0.2007722007722007,1.0,1.0,[0.6528099775314331],0.0071966648101806,
fing_x_face,0,0.001,face_G,1,HYP,GP,boot,300,,,False,,,,,,,,,
fing_x_face,0,0.001,face_G,1,MONO,GP,boot,300,0.2398240426804626,0.2680286036981526,True,0.000603263656381,0.2596899224806202,0.000972733530873,0.22007722007722,1.0,1.0,[75.05699920654297],0.01029634475708,
fing_x_face,0,0.001,face_G,1,MONO-rel,GP,boot,300,0.3165921695191095,0.3875228399210074,True,0.000603263656381,0.2596899224806202,0.000972733530873,0.22007722007722,1.0,1.0,[75.05699920654297],0.0090394020080566,
fing_x_face,0,0.001,face_G,1,NLS-N2,GP,boot,300,0.2393525002743605,0.2695627514663126,True,0.000603263656381,0.2596899224806202,0.000972733530873,0.22007722007722,1.0,1.0,[75.05699920654297],0.0072929859161376,
fing_x_face,0,0.001,face_G,1,DE-N2,GP,boot,300,0.2400191235531147,0.2677549367344627,True,0.000603263656381,0.2596899224806202,0.000972733530873,0.22007722007722,1.0,1.0,[75.05699920654297],0.0075628757476806,
fing_x_face,0,0.001,face_G,1,MAXMONO-K3,GP,boot,300,0.8599920484574972,1.0,True,0.000603263656381,0.2596899224806202,0.000972733530873,0.22007722007722,1.0,1.0,[75.05699920654297],0.0076463222503662,
fing_x_face,0,0.001,face_G,1,MONO-cont,GP,boot,300,0.2400175048295947,0.2677572054772389,True,0.000603263656381,0.2596899224806202,0.000972733530873,0.22007722007722,1.0,1.0,[75.05699920654297],0.0074551105499267,
fing_x_face,0,0.001,li_V,1,HYP,GP,boot,300,,,False,,,,,,,,,
fing_x_face,0,0.001,li_V,1,MONO,GP,boot,300,0.2007321423717673,0.2216743785005052,True,0.0004373661508762,0.1976744186046511,0.0004938493310586,0.1814671814671814,1.0,1.0,[27.0],0.0088820457458496,
fing_x_face,0,0.001,li_V,1,MONO-rel,GP,boot,300,0.2407598046293699,0.2794035063060479,True,0.0004373661508762,0.1976744186046511,0.0004938493310586,0.1814671814671814,1.0,1.0,[27.0],0.0087521076202392,
fing_x_face,0,0.001,li_V,1,NLS-N2,GP,boot,300,0.2056409077584268,0.228597465729156,True,0.0004373661508762,0.1976744186046511,0.0004938493310586,0.1814671814671814,1.0,1.0,[27.0],0.008009910583496,
fing_x_face,0,0.001,li_V,1,DE-N2,GP,boot,300,0.1990048003261853,0.21899644309551,True,0.0004373661508762,0.1976744186046511,0.0004938493310586,0.1814671814671814,1.0,1.0,[27.0],0.0077180862426757,
fing_x_face,0,0.001,li_V,1,MAXMONO-K3,GP,boot,300,0.4085905501571422,0.523642355175669,True,0.0004373661508762,0.1976744186046511,0.0004938493310586,0.1814671814671814,1.0,1.0,[27.0],0.0084216594696044,
fing_x_face,0,0.001,li_V,1,MONO-cont,GP,boot,300,0.1990226991638321,0.2190245220799033,True,0.0004373661508762,0.1976744186046511,0.0004938493310586,0.1814671814671814,1.0,1.0,[27.0],0.008998155593872,
fing_x_face,0,0.001,ri_V,1,HYP,GP,boot,300,,,False,,,,,,,,,
fing_x_face,0,0.001,ri_V,1,MONO,GP,boot,300,0.1100041180774558,0.1229971832690243,True,0.0004976925165143,0.1046511627906976,0.0003142677561282,0.1196911196911196,1.0,1.0,[27.0],0.0074059963226318,
fing_x_face,0,0.001,ri_V,1,MONO-rel,GP,boot,300,0.1341634556683373,0.1586220540456231,True,0.0004976925165143,0.1046511627906976,0.0003142677561282,0.1196911196911196,1.0,1.0,[27.0],0.0082147121429443,
fing_x_face,0,0.001,ri_V,1,NLS-N2,GP,boot,300,0.1099224656832763,0.1229487411678035,True,0.0004976925165143,0.1046511627906976,0.0003142677561282,0.1196911196911196,1.0,1.0,[27.0],0.0110278129577636,
fing_x_face,0,0.001,ri_V,1,DE-N2,GP,boot,300,0.1089410346338742,0.1223651578983463,True,0.0004976925165143,0.1046511627906976,0.0003142677561282,0.1196911196911196,1.0,1.0,[27.0],0.007516860961914,
fing_x_face,0,0.001,ri_V,1,MAXMONO-K3,GP,boot,300,0.2017764449768214,0.2522568165621828,True,0.0004976925165143,0.1046511627906976,0.0003142677561282,0.1196911196911196,1.0,1.0,[27.0],0.0072817802429199,
fing_x_face,0,0.001,ri_V,1,MONO-cont,GP,boot,300,0.1089465402970814,0.1223684385710164,True,0.0004976925165143,0.1046511627906976,0.0003142677561282,0.1196911196911196,1.0,1.0,[27.0],0.0068302154541015,
fing_x_face,0,0.001,face_C>face_G,2,HYP,GP,boot,300,,,False,,,,,,,,,
fing_x_face,0,0.001,face_C>face_G,2,MONO,GP,boot,300,0.0892730006582819,0.1047981248740366,True,0.000603263656381,0.1434108527131783,0.0008081170871868,0.1737451737451737,1.2007722007722008,1.3484481158899764,"[[0.6571400761604309, 0.5435700416564941], 75.3834228515625]",0.0249943733215332,
fing_x_face,0,0.001,face_C>face_G,2,MONO-rel,GP,boot,300,0.1020829942914668,0.2304291072056727,True,0.0006183452477905,0.1472868217054263,0.0008530124809194,0.1737451737451737,1.16988416988417,1.059261919727036,"[[0.6571400761604309, 0.5836500525474548], 75.16844177246094]",0.0204663276672363,
fing_x_face,0,0.001,face_C>face_G,2,NLS-N2,GP,boot,300,0.0853120782410515,0.1054414507545483,True,0.000603263656381,0.1434108527131783,0.0009428032683846,0.1737451737451737,1.196911196911197,1.279279279279279,"[[0.6567800641059875, 0.5500300526618958], 75.28327941894531]",0.028881549835205,
fing_x_face,0,0.001,face_C>face_G,2,DE-N2,GP,boot,300,0.0914711156380405,0.1043303631985317,True,0.000603263656381,0.1434108527131783,0.0008081170871868,0.1737451737451737,1.2007722007722008,1.3830624644578131,"[[0.6571400761604309, 0.5406600832939148], 75.3834228515625]",0.0259649753570556,
fing_x_face,0,0.001,face_C>face_G,2,MAXMONO-K3,GP,boot,300,,,False,,,,,,,,,True
fing_x_face,0,0.001,face_C>face_G,2,MONO-cont,GP,boot,300,0.0914737840983413,0.1043376739088124,True,0.000603263656381,0.1434108527131783,0.0008081170871868,0.1737451737451737,1.2007722007722008,1.3828978480141272,"[[0.6571400761604309, 0.5406700372695923], 75.3834228515625]",0.0257768630981445,
fing_x_face,0,0.001,face_C>face_G,2,S1-Marcialis,rule,boot,300,,,True,0.000603263656381,0.2441860465116279,0.000972733530873,0.2084942084942085,1.4864864864864864,2.0,"[[0.7145800590515137, -1.0], 75.05699920654297]",0.0059995651245117,
fing_x_face,0,0.001,face_C>face_G,2,S2-Symmetric,rule,boot,300,,,True,0.000603263656381,0.2441860465116279,0.000972733530873,0.2084942084942085,1.4864864864864864,2.0,"[[0.7145800590515137, -1.0], 75.05699920654297]",0.0264251232147216,
fing_x_face,0,0.001,face_C>face_G,2,S3-SPRT,rule,boot,300,,,True,0.0005278556993333,0.1395348837209302,0.000673430905989,0.1544401544401544,1.193050193050193,1.2472987938104216,"[[4.253339440302063, -2.436578042085005], 7.061595213175215]",0.1422765254974365,
fing_x_face,0,0.001,face_C>face_G,2,S4-Direct,rule,boot,300,,,True,0.0006334268392,0.1511627906976744,0.0008380473496752,0.1351351351351351,1.1583011583011582,1.0063003202538086,"[[0.6723300814628601, 0.6190700531005859], 74.22122192382812]",0.3449223041534424,
fing_x_face,0,0.001,face_C>li_V,2,HYP,GP,boot,300,,,False,,,,,,,,,
fing_x_face,0,0.001,face_C>li_V,2,MONO,GP,boot,300,0.0776872646087693,0.0934887671038407,True,0.0005278556993333,0.0426356589147286,0.000523779593547,0.0308880308880308,1.2007722007722008,1.999506150668941,"[[0.6528100371360779, -Infinity], 35.0]",0.0133764743804931,
fing_x_face,0,0.001,face_C>li_V,2,MONO-rel,GP,boot,300,,,False,,,,,,,,,True
fing_x_face,0,0.001,face_C>li_V,2,NLS-N2,GP,boot,300,0.0760557033642275,0.0965722723194722,True,0.0005278556993333,0.0426356589147286,0.000523779593547,0.0308880308880308,1.2007722007722008,1.999506150668941,"[[0.6528100371360779, -Infinity], 35.0]",0.0139069557189941,
fing_x_face,0,0.001,face_C>li_V,2,DE-N2,GP,boot,300,0.0790987960714047,0.0884605924662449,True,0.0005278556993333,0.0426356589147286,0.0005088144623028,0.0193050193050193,1.204633204633205,1.999521115800185,"[[0.653890073299408, -Infinity], 33.0]",0.012993574142456,
fing_x_face,0,0.001,face_C>li_V,2,MAXMONO-K3,GP,boot,300,,,False,,,,,,,,,True
fing_x_face,0,0.001,face_C>li_V,2,MONO-cont,GP,boot,300,0.0791083992659087,0.088477112506291,True,0.0005278556993333,0.0426356589147286,0.0005088144623028,0.0193050193050193,1.204633204633205,1.999521115800185,"[[0.653890073299408, -Infinity], 33.0]",0.0130364894866943,
fing_x_face,0,0.001,face_C>li_V,2,S1-Marcialis,rule,boot,300,,,True,0.0004373661508762,0.0891472868217054,0.0004938493310586,0.0424710424710424,1.4864864864864864,2.0,"[[0.7145800590515137, -1.0], 27.0]",0.0052134990692138,
fing_x_face,0,0.001,face_C>li_V,2,S2-Symmetric,rule,boot,300,,,True,0.0004373661508762,0.0891472868217054,0.0004938493310586,0.0424710424710424,1.4864864864864864,2.0,"[[0.7145800590515137, -1.0], 27.0]",0.0255074501037597,
fing_x_face,0,0.001,face_C>li_V,2,S3-SPRT,rule,boot,300,,,False,,,,,,,,,
fing_x_face,0,0.001,face_C>li_V,2,S4-Direct,rule,boot,300,,,False,,,,,,,,,
fing_x_face,0,0.001,face_C>ri_V,2,HYP,GP,boot,300,,,False,,,,,,,,,
fing_x_face,0,0.001,face_C>ri_V,2,MONO,GP,boot,300,0.0575444738289169,0.0624110956353774,True,0.0005429372907429,0.0348837209302325,0.0004938493310586,0.0115830115830115,1.2084942084942083,1.999521115800185,"[[0.6545500755310059, -Infinity], 33.0]",0.0138700008392333,
fing_x_face,0,0.001,face_C>ri_V,2,MONO-rel,GP,boot,300,0.0693854624585661,0.1190422784630393,True,0.0005278556993333,0.0387596899224806,0.0004788841998144,0.0231660231660231,1.1891891891891893,1.2695220137080605,"[[0.6540000438690186, 0.5510300397872925], 33.0]",0.02667236328125,
fing_x_face,0,0.001,face_C>ri_V,2,NLS-N2,GP,boot,300,0.0539280485343932,0.0596501669242194,True,0.0005580188821524,0.0348837209302325,0.0004938493310586,0.0115830115830115,1.2084942084942083,1.999521115800185,"[[0.6543500423431396, -Infinity], 33.0]",0.0118398666381835,
fing_x_face,0,0.001,face_C>ri_V,2,DE-N2,GP,boot,300,0.0596635231641194,0.0629921206583322,True,0.0005580188821524,0.0348837209302325,0.000523779593547,0.0115830115830115,1.2084942084942083,1.999521115800185,"[[0.654930055141449, -Infinity], 32.0]",0.0122520923614501,
fing_x_face,0,0.001,face_C>ri_V,2,MAXMONO-K3,GP,boot,300,,,False,,,,,,,,,True
fing_x_face,0,0.001,face_C>ri_V,2,MONO-cont,GP,boot,300,0.0596667123809446,0.0629938856064504,True,0.0005580188821524,0.0348837209302325,0.000523779593547,0.0115830115830115,1.2084942084942083,1.999521115800185,"[[0.654930055141449, -Infinity], 32.0]",0.01314377784729,
fing_x_face,0,0.001,face_C>ri_V,2,S1-Marcialis,rule,boot,300,,,True,0.0004976925165143,0.0542635658914728,0.0003142677561282,0.0347490347490347,1.4864864864864864,2.0,"[[0.7145800590515137, -1.0], 27.0]",0.0051856040954589,
fing_x_face,0,0.001,face_C>ri_V,2,S2-Symmetric,rule,boot,300,,,True,0.0004976925165143,0.0542635658914728,0.0003142677561282,0.0347490347490347,1.4864864864864864,2.0,"[[0.7145800590515137, -1.0], 27.0]",0.0238096714019775,
fing_x_face,0,0.001,face_C>ri_V,2,S3-SPRT,rule,boot,300,,,True,0.000603263656381,0.0232558139534883,0.000523779593547,0.0193050193050193,1.393822393822394,1.2477477477477477,"[[7.983431868457279, -2.436578042085005], 2.3104374499375564]",0.1513762474060058,
fing_x_face,0,0.001,face_C>ri_V,2,S4-Direct,rule,boot,300,,,True,0.0004826109251048,0.0271317829457364,0.0004788841998144,0.027027027027027,1.3783783783783785,1.343943611385472,"[[0.6979800462722778, 0.5440400838851929], 25.0]",0.3529798984527588,
fing_x_face,0,0.001,face_G>face_C,2,HYP,GP,boot,300,,,False,,,,,,,,,
fing_x_face,0,0.001,face_G>face_C,2,MONO,GP,boot,300,0.1126468290081004,0.1236286009746321,True,0.000603263656381,0.1550387596899224,0.0009278381371404,0.1776061776061776,1.2277992277992278,1.4828200293316571,"[[75.23677062988281, 66.19395446777344], 0.660319983959198]",0.0275647640228271,
fing_x_face,0,0.001,face_G>face_C,2,MONO-rel,GP,boot,300,0.1088312672543702,0.2908115382669753,True,0.000603263656381,0.1627906976744186,0.000897907874652,0.1891891891891892,1.1853281853281854,1.0772350423513215,"[[75.23677062988281, 72.41828918457031], 0.660319983959198]",0.0217146873474121,
fing_x_face,0,0.001,face_G>face_C,2,NLS-N2,GP,boot,300,0.107806991366317,0.1258335059571118,True,0.000603263656381,0.1550387596899224,0.0008679776121636,0.1853281853281853,1.22007722007722,1.3746819909610608,"[[75.27000427246094, 66.54755401611328], 0.6601600050926208]",0.0264151096343994,
fing_x_face,0,0.001,face_G>face_C,2,DE-N2,GP,boot,300,0.1136642080032511,0.1217990623752331,True,0.0006183452477905,0.1511627906976744,0.0009278381371404,0.1776061776061776,1.2316602316602316,1.5546676244350663,"[[75.23677062988281, 65.97200775146484], 0.660319983959198]",0.0260868072509765,
fing_x_face,0,0.001,face_G>face_C,2,MAXMONO-K3,GP,boot,300,0.2675445490306173,1.0,True,0.000603263656381,0.2364341085271318,0.0011523151058034,0.2084942084942085,1.1003861003861004,1.0142767352069677,"[[75.0102767944336, 73.61847686767578], 0.7145800590515137]",0.0184764862060546,
fing_x_face,0,0.001,face_G>face_C,2,MONO-cont,GP,boot,300,0.1136541169951449,0.1217944663235627,True,0.0006183452477905,0.1511627906976744,0.0009278381371404,0.1776061776061776,1.2316602316602316,1.554443147466403,"[[75.23677062988281, 65.97256469726562], 0.660319983959198]",0.0267558097839355,
fing_x_face,0,0.001,face_G>face_C,2,S1-Marcialis,rule,boot,300,,,True,0.0005278556993333,0.1511627906976744,0.0005088144623028,0.1814671814671814,1.359073359073359,1.8273772110981412,"[[76.3500747680664, 64.80564880371094], 0.6528099775314331]",0.0065419673919677,
fing_x_face,0,0.001,face_G>face_C,2,S2-Symmetric,rule,boot,300,,,True,0.0005278556993333,0.1511627906976744,0.0005088144623028,0.1814671814671814,1.359073359073359,1.8273772110981412,"[[76.3500747680664, 64.80564880371094], 0.6528099775314331]",0.039757490158081,
fing_x_face,0,0.001,face_G>face_C,2,S3-SPRT,rule,boot,300,,,True,0.000603263656381,0.1395348837209302,0.0007332914309658,0.1467181467181467,1.3397683397683398,1.8994792134327017,"[[6.76645015119823, -3.750223409229389], 5.947635589987448]",0.1745312213897705,
fing_x_face,0,0.001,face_G>face_C,2,S4-Direct,rule,boot,300,,,True,0.0005881820649714,0.1395348837209302,0.000673430905989,0.1737451737451737,1.274131274131274,1.6412708389452575,"[[75.52446746826172, 65.6849594116211], 0.6554999947547913]",0.3560945987701416,
fing_x_face,0,0.001,face_G>li_V,2,HYP,GP,boot,300,,,False,,,,,,,,,
fing_x_face,0,0.001,face_G>li_V,2,MONO,GP,boot,300,0.1132176745187195,0.1102636144502108,True,0.000603263656381,0.0620155038759689,0.0011074197120708,0.0193050193050193,1.2316602316602316,1.8247732782616504,"[[75.1368408203125, 64.8189697265625], 29.0]",0.022554874420166,
fing_x_face,0,0.001,face_G>li_V,2,MONO-rel,GP,boot,300,0.1197239280609374,0.149726484984991,True,0.0005731004735619,0.0736434108527131,0.0010026637933614,0.0347490347490347,1.2007722007722008,1.2082248361318129,"[[75.10057067871094, 69.7018051147461], 28.0]",0.0244643688201904,
fing_x_face,0,0.001,face_G>li_V,2,NLS-N2,GP,boot,300,0.1099806278725719,0.1090474873887013,True,0.000603263656381,0.0620155038759689,0.0011074197120708,0.0193050193050193,1.2316602316602316,1.8247732782616504,"[[75.1368408203125, 64.8189697265625], 29.0]",0.0220952033996582,
fing_x_face,0,0.001,face_G>li_V,2,DE-N2,GP,boot,300,0.1138385884154925,0.1138816853777374,True,0.0005429372907429,0.065891472868217,0.0010625243183382,0.0193050193050193,1.223938223938224,1.8246984526054293,"[[75.11921691894531, 64.8189697265625], 30.0]",0.0232734680175781,
fing_x_face,0,0.001,face_G>li_V,2,MAXMONO-K3,GP,boot,300,0.3460844811297053,0.6589480993911973,True,0.000603263656381,0.1317829457364341,0.0011523151058034,0.1081081081081081,1.1003861003861004,1.0142767352069677,"[[75.0102767944336, 73.61847686767578], 27.000001907348633]",0.0211756229400634,
fing_x_face,0,0.001,face_G>li_V,2,MONO-cont,GP,boot,300,0.1138348968276924,0.1138853928019119,True,0.0005429372907429,0.065891472868217,0.0010625243183382,0.0193050193050193,1.223938223938224,1.8246984526054293,"[[75.11921691894531, 64.8189697265625], 30.0]",0.0219480991363525,
fing_x_face,0,0.001,face_G>li_V,2,S1-Marcialis,rule,boot,300,,,True,0.0005580188821524,0.0736434108527131,0.000523779593547,0.0193050193050193,1.359073359073359,1.8273772110981412,"[[76.3500747680664, 64.80564880371094], 26.0]",0.0066335201263427,
fing_x_face,0,0.001,face_G>li_V,2,S2-Symmetric,rule,boot,300,,,True,0.0005580188821524,0.0736434108527131,0.000523779593547,0.0193050193050193,1.359073359073359,1.8273772110981412,"[[76.3500747680664, 64.80564880371094], 26.0]",0.0409657955169677,
fing_x_face,0,0.001,face_G>li_V,2,S3-SPRT,rule,boot,300,,,True,0.0005731004735619,0.0426356589147286,0.0008380473496752,0.0231660231660231,1.223938223938224,1.898730956870492,"[[4.349086352070802, -3.750223409229389], 4.453929050015646]",0.1804795265197754,
fing_x_face,0,0.001,face_G>li_V,2,S4-Direct,rule,boot,300,,,True,0.0005881820649714,0.0581395348837209,0.0006435006435006,0.0193050193050193,1.274131274131274,1.9139055999521115,"[[75.52446746826172, 63.75760269165039], 27.0]",0.3487422466278076,
fing_x_face,0,0.001,face_G>ri_V,2,HYP,GP,boot,300,,,False,,,,,,,,,
fing_x_face,0,0.001,face_G>ri_V,2,MONO,GP,boot,300,0.087626012174491,0.0872024185647359,True,0.0006334268392,0.0232558139534883,0.0007632216934542,0.0231660231660231,1.2316602316602316,1.8249229295740923,"[[75.19648742675781, 64.8189697265625], 30.0]",0.0249373912811279,
fing_x_face,0,0.001,face_G>ri_V,2,MONO-rel,GP,boot,300,0.0808183790525443,0.1067258814358897,True,0.000603263656381,0.0348837209302325,0.0008081170871868,0.0347490347490347,1.2123552123552124,1.3404118404118404,"[[75.16844940185547, 66.66815948486328], 29.0]",0.0425019264221191,
fing_x_face,0,0.001,face_G>ri_V,2,NLS-N2,GP,boot,300,0.0824298751041044,0.0830174685281749,True,0.0006334268392,0.0232558139534883,0.0007632216934542,0.0231660231660231,1.2316602316602316,1.8249229295740923,"[[75.19648742675781, 64.8189697265625], 30.0]",0.0232889652252197,
fing_x_face,0,0.001,face_G>ri_V,2,DE-N2,GP,boot,300,0.0888059781110931,0.0882744215911124,True,0.0006334268392,0.0232558139534883,0.0007781868246984,0.0193050193050193,1.2316602316602316,1.8249378947053363,"[[75.20556640625, 64.8189697265625], 29.0]",0.024940013885498,
fing_x_face,0,0.001,face_G>ri_V,2,MAXMONO-K3,GP,boot,300,0.2560157965524147,0.4881118289329072,True,0.000603263656381,0.0968992248062015,0.0011523151058034,0.0926640926640926,1.1274131274131274,1.031636287450241,"[[75.0102767944336, 73.11406707763672], 31.000001907348633]",0.022001028060913,
fing_x_face,0,0.001,face_G>ri_V,2,MONO-cont,GP,boot,300,0.0887955392247148,0.0882652267455232,True,0.0006334268392,0.0232558139534883,0.0007781868246984,0.0193050193050193,1.2316602316602316,1.8249378947053363,"[[75.20556640625, 64.8189697265625], 29.0]",0.0243620872497558,
fing_x_face,0,0.001,face_G>ri_V,2,S1-Marcialis,rule,boot,300,,,True,0.0006334268392,0.0387596899224806,0.0004190236748376,0.0231660231660231,1.359073359073359,1.8273772110981412,"[[76.3500747680664, 64.80564880371094], 26.0]",0.0068335533142089,
fing_x_face,0,0.001,face_G>ri_V,2,S2-Symmetric,rule,boot,300,,,True,0.0006334268392,0.0387596899224806,0.0004190236748376,0.0231660231660231,1.359073359073359,1.8273772110981412,"[[76.3500747680664, 64.80564880371094], 26.0]",0.0416254997253418,
fing_x_face,0,0.001,face_G>ri_V,2,S3-SPRT,rule,boot,300,,,True,0.0005881820649714,0.0155038759689922,0.0006285355122564,0.0154440154440154,1.3397683397683398,1.8994792134327017,"[[6.76645015119823, -3.750223409229389], 2.4954246226275574]",0.1884188652038574,
fing_x_face,0,0.001,face_G>ri_V,2,S4-Direct,rule,boot,300,,,True,0.0004976925165143,0.0193798449612403,0.0006883960372332,0.0193050193050193,1.2393822393822391,1.913561401933495,"[[75.28328704833984, 63.75760269165039], 29.0]",0.3540008068084717,
fing_x_face,0,0.001,li_V>face_C,2,HYP,GP,boot,300,,,False,,,,,,,,,
fing_x_face,0,0.001,li_V>face_C,2,MONO,GP,boot,300,0.13430420572823,0.1278197603482924,True,0.0005580188821524,0.0697674418604651,0.0006135703810122,0.0347490347490347,1.1737451737451738,1.5225075573912783,"[[28.000001907348633, 6.000000476837158], 0.6538900136947632]",0.028731346130371,
fing_x_face,0,0.001,li_V>face_C,2,MONO-rel,GP,boot,300,0.1418043027314814,0.1488895626011699,True,0.000603263656381,0.1085271317829457,0.0007183262997216,0.081081081081081,1.1235521235521235,1.0898207177276944,"[[29.000001907348633, 11.000000953674316], 0.6250500082969666]",0.0249841213226318,
fing_x_face,0,0.001,li_V>face_C,2,NLS-N2,GP,boot,300,0.1335803821626979,0.1307661516623512,True,0.0005429372907429,0.0697674418604651,0.0006883960372332,0.0347490347490347,1.1737451737451738,1.522627278441232,"[[29.000001907348633, 6.000000476837158], 0.649619996547699]",0.027728796005249,
fing_x_face,0,0.001,li_V>face_C,2,DE-N2,GP,boot,300,0.1352152117392312,0.1263908794833956,True,0.0005278556993333,0.0581395348837209,0.0006584657747448,0.0347490347490347,1.1776061776061777,1.6959384633803238,"[[28.000001907348633, 5.000000476837158], 0.6549299955368042]",0.024416446685791,
fing_x_face,0,0.001,li_V>face_C,2,MAXMONO-K3,GP,boot,300,0.2043157393465434,0.2263052836596889,True,0.0006635900220191,0.1317829457364341,0.0006883960372332,0.0888030888030888,1.1003861003861004,1.0206518811169971,"[[27.000001907348633, 15.000000953674316], 0.6118699908256531]",0.023721694946289,
fing_x_face,0,0.001,li_V>face_C,2,MONO-cont,GP,boot,300,0.1352021431203912,0.1263848869253188,True,0.0005278556993333,0.0581395348837209,0.0006584657747448,0.0347490347490347,1.1776061776061777,1.6959384633803238,"[[28.000001907348633, 5.000000476837158], 0.6549299955368042]",0.0326323509216308,
fing_x_face,0,0.001,li_V>face_C,2,S1-Marcialis,rule,boot,300,,,True,0.0005429372907429,0.0387596899224806,0.0006435006435006,0.0347490347490347,1.2625482625482625,1.8590284636796264,"[[35.000003814697266, 5.0], 0.6496800184249878]",0.0064666271209716,
fing_x_face,0,0.001,li_V>face_C,2,S2-Symmetric,rule,boot,300,,,True,0.0005429372907429,0.0387596899224806,0.0006435006435006,0.0347490347490347,1.2625482625482625,1.8590284636796264,"[[35.000003814697266, 5.0], 0.6496800184249878]",0.0158987045288085,
fing_x_face,0,0.001,li_V>face_C,2,S3-SPRT,rule,boot,300,,,True,0.0005731004735619,0.0348837209302325,0.0005686749872796,0.0115830115830115,1.2355212355212355,1.999925174343779,"[[6.621235473258737, -3.476318212001615], 2.884254414632519]",0.1843318939208984,
fing_x_face,0,0.001,li_V>face_C,2,S4-Direct,rule,boot,300,,,True,0.0005731004735619,0.0348837209302325,0.000598605249768,0.0193050193050193,1.1814671814671815,1.858699230792254,"[[27.000001907348633, 4.000000476837158], 0.6601600050926208]",0.3803672790527344,
fing_x_face,0,0.001,li_V>face_G,2,HYP,GP,boot,300,,,False,,,,,,,,,
fing_x_face,0,0.001,li_V>face_G,2,MONO,GP,boot,300,0.1467625082386019,0.1330853071225443,True,0.0006485084306095,0.0813953488372093,0.0010325940558498,0.0347490347490347,1.1737451737451738,1.5225075573912783,"[[28.000001907348633, 6.000000476837158], 74.96544647216797]",0.0406219959259033,
fing_x_face,0,0.001,li_V>face_G,2,MONO-rel,GP,boot,300,0.148444192608949,0.1515788048564167,True,0.0006635900220191,0.1240310077519379,0.0009577683996288,0.0772200772200772,1.1235521235521235,1.0898207177276944,"[[29.000001907348633, 11.000000953674316], 74.12684631347656]",0.0245764255523681,
fing_x_face,0,0.001,li_V>face_G,2,NLS-N2,GP,boot,300,0.145728535454207,0.1335063360298202,True,0.0006334268392,0.0930232558139534,0.000972733530873,0.0424710424710424,1.1583011583011582,1.3764927718416091,"[[28.000001907348633, 7.000000476837158], 74.83255004882812]",0.027388572692871,
fing_x_face,0,0.001,li_V>face_G,2,DE-N2,GP,boot,300,0.1478827284784112,0.1333879328457166,True,0.0006485084306095,0.0813953488372093,0.0010325940558498,0.0347490347490347,1.1737451737451738,1.5225075573912783,"[[28.000001907348633, 6.000000476837158], 74.96544647216797]",0.0337462425231933,
fing_x_face,0,0.001,li_V>face_G,2,MAXMONO-K3,GP,boot,300,0.2410038028000929,0.2548077810086391,True,0.0006334268392,0.1434108527131783,0.0006584657747448,0.0888030888030888,1.0965250965250966,1.0205022298045554,"[[26.000001907348633, 15.000000953674316], 73.92160034179688]",0.024324893951416,
fing_x_face,0,0.001,li_V>face_G,2,MONO-cont,GP,boot,300,0.1478699269050929,0.1333838414656351,True,0.0006485084306095,0.0813953488372093,0.0010325940558498,0.0347490347490347,1.1737451737451738,1.5225075573912783,"[[28.000001907348633, 6.000000476837158], 74.96544647216797]",0.0275683403015136,
fing_x_face,0,0.001,li_V>face_G,2,S1-Marcialis,rule,boot,300,,,True,0.0005580188821524,0.065891472868217,0.001047559187094,0.0308880308880308,1.2625482625482625,1.8590284636796264,"[[35.000003814697266, 5.0], 75.01026916503906]",0.0066058635711669,
fing_x_face,0,0.001,li_V>face_G,2,S2-Symmetric,rule,boot,300,,,True,0.0005580188821524,0.065891472868217,0.001047559187094,0.0308880308880308,1.2625482625482625,1.8590284636796264,"[[35.000003814697266, 5.0], 75.01026916503906]",0.0164129734039306,
fing_x_face,0,0.001,li_V>face_G,2,S3-SPRT,rule,boot,300,,,True,0.0006334268392,0.0465116279069767,0.000598605249768,0.0193050193050193,1.2355212355212355,1.999925174343779,"[[6.621235473258737, -3.476318212001615], 2.863370271789873]",0.1954109668731689,
fing_x_face,0,0.001,li_V>face_G,2,S4-Direct,rule,boot,300,,,True,0.0006183452477905,0.0542635658914728,0.000897907874652,0.0193050193050193,1.1814671814671815,1.858699230792254,"[[27.000001907348633, 4.000000476837158], 75.2187728881836]",0.3328475952148437,
fing_x_face,0,0.001,li_V>ri_V,2,HYP,GP,boot,300,,,False,,,,,,,,,
fing_x_face,0,0.001,li_V>ri_V,2,MONO,GP,boot,300,0.1154421684551503,0.1105542734562828,True,0.0006183452477905,0.0813953488372093,0.0005836401185238,0.0617760617760617,1.1776061776061777,1.6959384633803238,"[[28.000001907348633, 5.000000476837158], 27.0]",0.0216345787048339,
fing_x_face,0,0.001,li_V>ri_V,2,MONO-rel,GP,boot,300,0.1129027625386602,0.1138830140204727,True,0.0006183452477905,0.0813953488372093,0.0005836401185238,0.0617760617760617,1.1776061776061777,1.6959384633803238,"[[28.000001907348633, 5.000000476837158], 27.0]",0.024564504623413,
fing_x_face,0,0.001,li_V>ri_V,2,NLS-N2,GP,boot,300,0.1136361948209072,0.1086470387027035,True,0.0006183452477905,0.0813953488372093,0.0005537098560354,0.0579150579150579,1.166023166023166,1.6958935679865912,"[[27.000001907348633, 5.000000476837158], 28.0]",0.0229556560516357,
fing_x_face,0,0.001,li_V>ri_V,2,DE-N2,GP,boot,300,0.1167408857041721,0.1115453159894356,True,0.0006183452477905,0.0813953488372093,0.0005836401185238,0.0617760617760617,1.1776061776061777,1.6959384633803238,"[[28.000001907348633, 5.000000476837158], 27.0]",0.0228221416473388,
fing_x_face,0,0.001,li_V>ri_V,2,MAXMONO-K3,GP,boot,300,0.2037754343434049,0.2235851558974983,True,0.0006183452477905,0.1317829457364341,0.0004639190685702,0.0849420849420849,1.108108108108108,1.0433689503456944,"[[27.000001907348633, 13.000000953674316], 23.0]",0.027881383895874,
fing_x_face,0,0.001,li_V>ri_V,2,MONO-cont,GP,boot,300,0.1167249713320085,0.1115332760830306,True,0.0006183452477905,0.0813953488372093,0.0005836401185238,0.0617760617760617,1.1776061776061777,1.6959384633803238,"[[28.000001907348633, 5.000000476837158], 27.0]",0.026611328125,
fing_x_face,0,0.001,li_V>ri_V,2,S1-Marcialis,rule,boot,300,,,True,0.0004976925165143,0.0813953488372093,0.0003142677561282,0.0772200772200772,1.2625482625482625,1.8590284636796264,"[[35.000003814697266, 5.0], 27.0]",0.0059611797332763,
fing_x_face,0,0.001,li_V>ri_V,2,S2-Symmetric,rule,boot,300,,,True,0.0004976925165143,0.0813953488372093,0.0003142677561282,0.0772200772200772,1.2625482625482625,1.8590284636796264,"[[35.000003814697266, 5.0], 27.0]",0.0160243511199951,
fing_x_face,0,0.001,li_V>ri_V,2,S3-SPRT,rule,boot,300,,,True,0.0006183452477905,0.0736434108527131,0.0005537098560354,0.054054054054054,1.2355212355212355,1.999925174343779,"[[6.621235473258737, -3.476318212001615], 2.2859330495771797]",0.1717274188995361,
fing_x_face,0,0.001,li_V>ri_V,2,S4-Direct,rule,boot,300,,,True,0.0005278556993333,0.0736434108527131,0.000374128281105,0.0694980694980695,1.22007722007722,1.8589686031546495,"[[31.000001907348633, 4.000000476837158], 27.0]",0.3544154167175293,
fing_x_face,0,0.001,ri_V>face_C,2,HYP,GP,boot,300,,,False,,,,,,,,,
fing_x_face,0,0.001,ri_V>face_C,2,MONO,GP,boot,300,0.0630517303752846,0.0610265758390892,True,0.0006183452477905,0.0465116279069767,0.0006435006435006,0.0154440154440154,1.1274131274131274,1.4708479243362964,"[[28.000001907348633, 6.000000476837158], 0.6496800184249878]",0.0355174541473388,
fing_x_face,0,0.001,ri_V>face_C,2,MONO-rel,GP,boot,300,0.0664415979309347,0.0777857038236153,True,0.0005580188821524,0.065891472868217,0.0003890934123492,0.0424710424710424,1.1158301158301158,1.0764718206578672,"[[30.000001907348633, 11.000000953674316], 0.6339499950408936]",0.0299766063690185,
fing_x_face,0,0.001,ri_V>face_C,2,NLS-N2,GP,boot,300,0.0631099799194303,0.0616363335935219,True,0.000603263656381,0.0465116279069767,0.0005836401185238,0.0193050193050193,1.138996138996139,1.4709077848612733,"[[29.000001907348633, 6.000000476837158], 0.6496800184249878]",0.0284745693206787,
fing_x_face,0,0.001,ri_V>face_C,2,DE-N2,GP,boot,300,0.060807459926537,0.0599796936964828,True,0.000603263656381,0.0426356589147286,0.0005686749872796,0.0154440154440154,1.1274131274131274,1.642722456675945,"[[28.000001907348633, 5.000000476837158], 0.6554999947547913]",0.0225317478179931,
fing_x_face,0,0.001,ri_V>face_C,2,MAXMONO-K3,GP,boot,300,0.1168139559553319,0.1357839165891206,True,0.000603263656381,0.065891472868217,0.000448953937326,0.0617760617760617,1.0733590733590734,1.0187662745802282,"[[28.000001907348633, 15.000000953674316], 0.6148599982261658]",0.0218496322631835,
fing_x_face,0,0.001,ri_V>face_C,2,MONO-cont,GP,boot,300,0.0608183963290883,0.0599878538553094,True,0.000603263656381,0.0426356589147286,0.0005686749872796,0.0154440154440154,1.1274131274131274,1.642722456675945,"[[28.000001907348633, 5.000000476837158], 0.6554999947547913]",0.02531099319458,
fing_x_face,0,0.001,ri_V>face_C,2,S1-Marcialis,rule,boot,300,,,True,0.0005278556993333,0.0387596899224806,0.0004938493310586,0.027027027027027,1.1891891891891893,1.9914998054532935,"[[38.000003814697266, 3.0], 0.6528099775314331]",0.0059220790863037,
fing_x_face,0,0.001,ri_V>face_C,2,S2-Symmetric,rule,boot,300,,,True,0.0005278556993333,0.0387596899224806,0.0004938493310586,0.027027027027027,1.1891891891891893,1.9914998054532935,"[[38.000003814697266, 3.0], 0.6528099775314331]",0.0158605575561523,
fing_x_face,0,0.001,ri_V>face_C,2,S3-SPRT,rule,boot,300,,,True,0.0005731004735619,0.0193798449612403,0.0004938493310586,0.0077220077220077,1.166023166023166,2.0,"[[5.973914479562673, -4.230800395741762], 2.4450028102108234]",0.1526045799255371,
fing_x_face,0,0.001,ri_V>face_C,2,S4-Direct,rule,boot,300,,,True,0.0005881820649714,0.0310077519379844,0.0004190236748376,0.0154440154440154,1.1235521235521235,1.9403190565981263,"[[27.000001907348633, 3.000000238418579], 0.6651999950408936]",0.3066270351409912,
fing_x_face,0,0.001,ri_V>face_G,2,HYP,GP,boot,300,,,False,,,,,,,,,
fing_x_face,0,0.001,ri_V>face_G,2,MONO,GP,boot,300,0.0700333685654646,0.0664328128280106,True,0.0006635900220191,0.0387596899224806,0.000897907874652,0.0193050193050193,1.1274131274131274,1.4708479243362964,"[[28.000001907348633, 6.000000476837158], 74.99199676513672]",0.0350725650787353,
fing_x_face,0,0.001,ri_V>face_G,2,MONO-rel,GP,boot,300,0.0702409289166588,0.072937238004109,True,0.0006485084306095,0.0542635658914728,0.0009278381371404,0.0424710424710424,1.0965250965250966,1.076382029870402,"[[28.000001907348633, 11.000000953674316], 74.23326110839844]",0.0229687690734863,
fing_x_face,0,0.001,ri_V>face_G,2,NLS-N2,GP,boot,300,0.0697157637025674,0.0662791558853185,True,0.0006485084306095,0.0426356589147286,0.0008530124809194,0.027027027027027,1.1196911196911197,1.3328544491335188,"[[28.000001907348633, 7.000000476837158], 74.89425659179688]",0.0262949466705322,
fing_x_face,0,0.001,ri_V>face_G,2,DE-N2,GP,boot,300,0.0679502424229613,0.064925281453059,True,0.0006635900220191,0.0387596899224806,0.000897907874652,0.0193050193050193,1.1274131274131274,1.4708479243362964,"[[28.000001907348633, 6.000000476837158], 74.99199676513672]",0.026993989944458,
fing_x_face,0,0.001,ri_V>face_G,2,MAXMONO-K3,GP,boot,300,0.1347965693364045,0.1520115316908901,True,0.0006183452477905,0.0620155038759689,0.0004190236748376,0.0617760617760617,1.0656370656370655,1.0187213791864955,"[[27.000001907348633, 15.000000953674316], 74.08439636230469]",0.0232319831848144,
fing_x_face,0,0.001,ri_V>face_G,2,MONO-cont,GP,boot,300,0.0679607505245006,0.0649329930714821,True,0.0006635900220191,0.0387596899224806,0.000897907874652,0.0193050193050193,1.1274131274131274,1.4708479243362964,"[[28.000001907348633, 6.000000476837158], 74.99199676513672]",0.035689353942871,
fing_x_face,0,0.001,ri_V>face_G,2,S1-Marcialis,rule,boot,300,,,True,0.000603263656381,0.0387596899224806,0.000972733530873,0.0347490347490347,1.1891891891891893,1.9914998054532935,"[[38.000003814697266, 3.0], 75.05699920654297]",0.007620096206665,
fing_x_face,0,0.001,ri_V>face_G,2,S2-Symmetric,rule,boot,300,,,True,0.000603263656381,0.0387596899224806,0.000972733530873,0.0347490347490347,1.1891891891891893,1.9914998054532935,"[[38.000003814697266, 3.0], 75.05699920654297]",0.0157647132873535,
fing_x_face,0,0.001,ri_V>face_G,2,S3-SPRT,rule,boot,300,,,True,0.0005881820649714,0.0116279069767441,0.0006285355122564,0.0077220077220077,1.166023166023166,2.0,"[[5.973914479562673, -4.230800395741762], 2.4954246226275574]",0.159379243850708,
fing_x_face,0,0.001,ri_V>face_G,2,S4-Direct,rule,boot,300,,,True,0.0006183452477905,0.0193798449612403,0.000523779593547,0.027027027027027,1.1235521235521235,1.9403190565981263,"[[27.000001907348633, 3.000000238418579], 75.45632934570312]",0.3377702236175537,
fing_x_face,0,0.001,ri_V>li_V,2,HYP,GP,boot,300,,,False,,,,,,,,,
fing_x_face,0,0.001,ri_V>li_V,2,MONO,GP,boot,300,0.0631702931526593,0.0591553688099935,True,0.0005731004735619,0.0736434108527131,0.0005088144623028,0.0617760617760617,1.1235521235521235,1.9403190565981263,"[[27.000001907348633, 3.000000238418579], 29.0]",0.0165235996246337,
fing_x_face,0,0.001,ri_V>li_V,2,MONO-rel,GP,boot,300,0.0681467926522535,0.0720019159653554,True,0.0005881820649714,0.0813953488372093,0.0004639190685702,0.0579150579150579,1.1196911196911197,1.4708030289425638,"[[27.000001907348633, 6.000000476837158], 28.0]",0.0279953479766845,
fing_x_face,0,0.001,ri_V>li_V,2,NLS-N2,GP,boot,300,0.0638395645473993,0.0598814610707097,True,0.0005731004735619,0.0736434108527131,0.0005088144623028,0.0617760617760617,1.1235521235521235,1.9403190565981263,"[[27.000001907348633, 3.000000238418579], 29.0]",0.0148508548736572,
fing_x_face,0,0.001,ri_V>li_V,2,DE-N2,GP,boot,300,0.0607367404818888,0.0572259627866228,True,0.0005731004735619,0.0736434108527131,0.0005088144623028,0.0617760617760617,1.1235521235521235,1.9403190565981263,"[[27.000001907348633, 3.000000238418579], 29.0]",0.0146665573120117,
fing_x_face,0,0.001,ri_V>li_V,2,MAXMONO-K3,GP,boot,300,0.137334067002481,0.1488253324897009,True,0.0005429372907429,0.0775193798449612,0.0004040585435934,0.0849420849420849,1.061776061776062,1.0129897339199665,"[[27.000001907348633, 16.000001907348633], 21.0]",0.0237138271331787,
fing_x_face,0,0.001,ri_V>li_V,2,MONO-cont,GP,boot,300,0.0607508774081101,0.0572377040327596,True,0.0005731004735619,0.0736434108527131,0.0005088144623028,0.0617760617760617,1.1235521235521235,1.9403190565981263,"[[27.000001907348633, 3.000000238418579], 29.0]",0.0145833492279052,
fing_x_face,0,0.001,ri_V>li_V,2,S1-Marcialis,rule,boot,300,,,True,0.0004373661508762,0.0852713178294573,0.0004938493310586,0.0733590733590733,1.1891891891891893,1.9914998054532935,"[[38.000003814697266, 3.0], 27.0]",0.0055239200592041,
fing_x_face,0,0.001,ri_V>li_V,2,S2-Symmetric,rule,boot,300,,,True,0.0004373661508762,0.0852713178294573,0.0004938493310586,0.0733590733590733,1.1891891891891893,1.9914998054532935,"[[38.000003814697266, 3.0], 27.0]",0.0126187801361083,
fing_x_face,0,0.001,ri_V>li_V,2,S3-SPRT,rule,boot,300,,,True,0.0006183452477905,0.0736434108527131,0.0005537098560354,0.054054054054054,1.166023166023166,2.0,"[[5.973914479562673, -4.230800395741762], 2.2859330495771797]",0.1501054763793945,
fing_x_face,0,0.001,ri_V>li_V,2,S4-Direct,rule,boot,300,,,True,0.0005731004735619,0.0775193798449612,0.0004938493310586,0.0579150579150579,1.1158301158301158,1.2308521145730449,"[[28.000001907348633, 8.000000953674316], 26.0]",0.33186936378479,
fing_x_face,0,0.001,face_C>face_G>li_V,3,HYP,GP,boot,300,,,False,,,,,,,,,
fing_x_face,0,0.001,face_C>face_G>li_V,3,MONO,GP,boot,300,0.0590736348505519,0.0620016341905994,True,0.0005881820649714,0.0387596899224806,0.0007033611684774,0.027027027027027,1.386100386100386,2.8244590105055223,"[[0.655500054359436, -Infinity], [75.52446746826172, 64.8189697265625], 35.0]",0.0311784744262695,
fing_x_face,0,0.001,face_C>face_G>li_V,3,MONO-rel,GP,boot,300,,,False,,,,,,,,,True
fing_x_face,0,0.001,face_C>face_G>li_V,3,NLS-N2,GP,boot,300,0.055356060313037,0.0580777284330255,True,0.0005731004735619,0.0387596899224806,0.0007033611684774,0.0154440154440154,1.386100386100386,2.824563766424232,"[[0.6567800641059875, -Infinity], [75.52446746826172, 64.8189697265625], 30.000001907348633]",0.0305020809173584,
fing_x_face,0,0.001,face_C>face_G>li_V,3,DE-N2,GP,boot,300,0.0612144670123225,0.0630777126479322,True,0.0005881820649714,0.0387596899224806,0.0007033611684774,0.027027027027027,1.386100386100386,2.8244590105055223,"[[0.655500054359436, -Infinity], [75.52446746826172, 64.8189697265625], 35.0]",0.0273778438568115,
fing_x_face,0,0.001,face_C>face_G>li_V,3,MAXMONO-K3,GP,boot,300,,,False,,,,,,,,,True
fing_x_face,0,0.001,face_C>face_G>li_V,3,MONO-cont,GP,boot,300,0.0612179335917036,0.063084992582638,True,0.0005881820649714,0.0387596899224806,0.0007033611684774,0.027027027027027,1.386100386100386,2.8244590105055223,"[[0.655500054359436, -Infinity], [75.52446746826172, 64.8189697265625], 35.0]",0.0274806022644042,
fing_x_face,0,0.001,face_C>face_G>li_V,3,S1-Marcialis,rule,boot,300,,,True,0.0005580188821524,0.0581395348837209,0.000523779593547,0.0115830115830115,1.8146718146718144,2.827377211098141,"[[0.7145800590515137, -1.0], [76.3500747680664, 64.80564880371094], 26.0]",0.0064790248870849,
fing_x_face,0,0.001,face_C>face_G>li_V,3,S2-Symmetric,rule,boot,300,,,True,0.0005580188821524,0.0581395348837209,0.000523779593547,0.0115830115830115,1.8146718146718144,2.827377211098141,"[[0.7145800590515137, -1.0], [76.3500747680664, 64.80564880371094], 26.0]",0.0542676448822021,
fing_x_face,0,0.001,face_C>face_G>li_V,3,S3-SPRT,rule,boot,300,,,True,0.0005881820649714,0.0348837209302325,0.0006435006435006,0.0386100386100386,1.552123552123552,1.3116638232917304,"[[7.983431868457279, -2.436578042085005], [7.983431868457279, -2.436578042085005], 3.952991279569373]",0.1558926105499267,
fing_x_face,0,0.001,face_C>face_G>li_V,3,S4-Direct,rule,boot,300,,,False,,,,,,,,,
fing_x_face,0,0.001,face_C>face_G>ri_V,3,HYP,GP,boot,300,,,False,,,,,,,,,
fing_x_face,0,0.001,face_C>face_G>ri_V,3,MONO,GP,boot,300,0.0520932889747663,0.0542222342798669,True,0.0005731004735619,0.0232558139534883,0.0005836401185238,0.0154440154440154,1.382239382239382,2.824548801292987,"[[0.6549700498580933, -Infinity], [75.80873107910156, 64.8189697265625], 35.0]",0.0321359634399414,
fing_x_face,0,0.001,face_C>face_G>ri_V,3,MONO-rel,GP,boot,300,,,False,,,,,,,,,True
fing_x_face,0,0.001,face_C>face_G>ri_V,3,NLS-N2,GP,boot,300,0.0474288694557577,0.0504979746193742,True,0.0005881820649714,0.0232558139534883,0.0005836401185238,0.0154440154440154,1.382239382239382,2.824548801292987,"[[0.6549700498580933, -Infinity], [75.80064392089844, 64.8189697265625], 35.0]",0.0306341648101806,
fing_x_face,0,0.001,face_C>face_G>ri_V,3,DE-N2,GP,boot,300,0.0546201314843185,0.0562944743041308,True,0.0005731004735619,0.0232558139534883,0.0005836401185238,0.0154440154440154,1.382239382239382,2.824548801292987,"[[0.6549700498580933, -Infinity], [75.80873107910156, 64.8189697265625], 35.0]",0.0303986072540283,
fing_x_face,0,0.001,face_C>face_G>ri_V,3,MAXMONO-K3,GP,boot,300,,,False,,,,,,,,,True
fing_x_face,0,0.001,face_C>face_G>ri_V,3,MONO-cont,GP,boot,300,0.0546205986358704,0.0562949797500158,True,0.0005731004735619,0.0232558139534883,0.0005836401185238,0.0154440154440154,1.382239382239382,2.824548801292987,"[[0.6549700498580933, -Infinity], [75.80873107910156, 64.8189697265625], 35.0]",0.030548095703125,
fing_x_face,0,0.001,face_C>face_G>ri_V,3,S1-Marcialis,rule,boot,300,,,True,0.0006334268392,0.0271317829457364,0.0004190236748376,0.0154440154440154,1.8146718146718144,2.827377211098141,"[[0.7145800590515137, -1.0], [76.3500747680664, 64.80564880371094], 26.0]",0.0065515041351318,
fing_x_face,0,0.001,face_C>face_G>ri_V,3,S2-Symmetric,rule,boot,300,,,True,0.0006334268392,0.0271317829457364,0.0004190236748376,0.0154440154440154,1.8146718146718144,2.827377211098141,"[[0.7145800590515137, -1.0], [76.3500747680664, 64.80564880371094], 26.0]",0.0586299896240234,
fing_x_face,0,0.001,face_C>face_G>ri_V,3,S3-SPRT,rule,boot,300,,,True,0.000603263656381,0.0232558139534883,0.0010325940558498,0.0347490347490347,1.552123552123552,1.3116638232917304,"[[7.983431868457279, -2.436578042085005], [7.983431868457279, -2.436578042085005], 3.0378743664515424]",0.1316916942596435,
fing_x_face,0,0.001,face_C>face_G>ri_V,3,S4-Direct,rule,boot,300,,,False,,,,,,,,,
fing_x_face,0,0.001,face_C>li_V>face_G,3,HYP,GP,boot,300,,,False,,,,,,,,,
fing_x_face,0,0.001,face_C>li_V>face_G,3,MONO,GP,boot,300,,,False,,,,,,,,,True
fing_x_face,0,0.001,face_C>li_V>face_G,3,MONO-rel,GP,boot,300,,,False,,,,,,,,,True
fing_x_face,0,0.001,face_C>li_V>face_G,3,NLS-N2,GP,boot,300,,,False,,,,,,,,,True
fing_x_face,0,0.001,face_C>li_V>face_G,3,DE-N2,GP,boot,300,0.0673105123371577,0.0718309637046031,True,0.0005278556993333,0.0348837209302325,0.0005686749872796,0.0154440154440154,1.223938223938224,2.129538176049804,"[[0.653890073299408, -Infinity], [31.000001907348633, 10.000000953674316], 76.17057037353516]",0.0321929454803466,
fing_x_face,0,0.001,face_C>li_V>face_G,3,MAXMONO-K3,GP,boot,300,,,False,,,,,,,,,True
fing_x_face,0,0.001,face_C>li_V>face_G,3,MONO-cont,GP,boot,300,0.067312198517762,0.0718409382206389,True,0.0005278556993333,0.0348837209302325,0.0005686749872796,0.0154440154440154,1.223938223938224,2.129538176049804,"[[0.653890073299408, -Infinity], [31.000001907348633, 10.000000953674316], 76.17057037353516]",0.0328743457794189,
fing_x_face,0,0.001,face_C>li_V>face_G,3,S1-Marcialis,rule,boot,300,,,True,0.0005580188821524,0.0620155038759689,0.001047559187094,0.0193050193050193,1.5675675675675675,2.8590284636796266,"[[0.7145800590515137, -1.0], [35.000003814697266, 5.0], 75.01026916503906]",0.0085046291351318,
fing_x_face,0,0.001,face_C>li_V>face_G,3,S2-Symmetric,rule,boot,300,,,True,0.0005580188821524,0.0620155038759689,0.001047559187094,0.0193050193050193,1.5675675675675675,2.8590284636796266,"[[0.7145800590515137, -1.0], [35.000003814697266, 5.0], 75.01026916503906]",0.0336766242980957,
fing_x_face,0,0.001,face_C>li_V>face_G,3,S3-SPRT,rule,boot,300,,,True,0.0005881820649714,0.0193798449612403,0.0006435006435006,0.0231660231660231,1.4285714285714286,1.280715931878723,"[[7.983431868457279, -2.436578042085005], [7.983431868457279, -2.436578042085005], 3.952991279569373]",0.1738476753234863,
fing_x_face,0,0.001,face_C>li_V>face_G,3,S4-Direct,rule,boot,300,,,False,,,,,,,,,
fing_x_face,0,0.001,face_C>li_V>ri_V,3,HYP,GP,boot,300,,,False,,,,,,,,,
fing_x_face,0,0.001,face_C>li_V>ri_V,3,MONO,GP,boot,300,,,False,,,,,,,,,True
fing_x_face,0,0.001,face_C>li_V>ri_V,3,MONO-rel,GP,boot,300,,,False,,,,,,,,,True
fing_x_face,0,0.001,face_C>li_V>ri_V,3,NLS-N2,GP,boot,300,,,False,,,,,,,,,True
fing_x_face,0,0.001,face_C>li_V>ri_V,3,DE-N2,GP,boot,300,,,False,,,,,,,,,True
fing_x_face,0,0.001,face_C>li_V>ri_V,3,MAXMONO-K3,GP,boot,300,,,False,,,,,,,,,True
fing_x_face,0,0.001,face_C>li_V>ri_V,3,MONO-cont,GP,boot,300,,,False,,,,,,,,,True
fing_x_face,0,0.001,face_C>li_V>ri_V,3,S1-Marcialis,rule,boot,300,,,True,0.0004976925165143,0.0387596899224806,0.0003142677561282,0.0231660231660231,1.5675675675675675,2.8590284636796266,"[[0.7145800590515137, -1.0], [35.000003814697266, 5.0], 27.0]",0.0071148872375488,
fing_x_face,0,0.001,face_C>li_V>ri_V,3,S2-Symmetric,rule,boot,300,,,True,0.0004976925165143,0.0387596899224806,0.0003142677561282,0.0231660231660231,1.5675675675675675,2.8590284636796266,"[[0.7145800590515137, -1.0], [35.000003814697266, 5.0], 27.0]",0.0314240455627441,
fing_x_face,0,0.001,face_C>li_V>ri_V,3,S3-SPRT,rule,boot,300,,,False,,,,,,,,,
fing_x_face,0,0.001,face_C>li_V>ri_V,3,S4-Direct,rule,boot,300,,,False,,,,,,,,,
fing_x_face,0,0.001,face_C>ri_V>face_G,3,HYP,GP,boot,300,,,False,,,,,,,,,
fing_x_face,0,0.001,face_C>ri_V>face_G,3,MONO,GP,boot,300,0.0477795074681661,0.0472129823617379,True,0.0005731004735619,0.0155038759689922,0.0007033611684774,0.0154440154440154,1.22007722007722,2.1584508096136004,"[[0.6545500755310059, -Infinity], [33.000003814697266, 9.000000953674316], 75.0666732788086]",0.0374078750610351,
fing_x_face,0,0.001,face_C>ri_V>face_G,3,MONO-rel,GP,boot,300,0.0453505373130246,0.0624556376076051,True,0.0005580188821524,0.0232558139534883,0.000598605249768,0.0115830115830115,1.2123552123552124,1.674134267157523,"[[0.6540000438690186, 0.5195300579071045], [32.000003814697266, 13.000000953674316], 74.8942642211914]",0.0405151844024658,
fing_x_face,0,0.001,face_C>ri_V>face_G,3,NLS-N2,GP,boot,300,0.043882998608428,0.0442084714412473,True,0.0005429372907429,0.0155038759689922,0.000673430905989,0.0154440154440154,1.22007722007722,2.1092604232139114,"[[0.6543500423431396, -Infinity], [33.000003814697266, 10.000000953674316], 75.0666732788086]",0.0330197811126709,
fing_x_face,0,0.001,face_C>ri_V>face_G,3,DE-N2,GP,boot,300,0.0497100043449341,0.0488820565600674,True,0.0005881820649714,0.0155038759689922,0.0008081170871868,0.0154440154440154,1.22007722007722,2.1584508096136004,"[[0.654930055141449, -Infinity], [33.000003814697266, 9.000000953674316], 74.97110748291016]",0.0506453514099121,
fing_x_face,0,0.001,face_C>ri_V>face_G,3,MAXMONO-K3,GP,boot,300,,,False,,,,,,,,,True
fing_x_face,0,0.001,face_C>ri_V>face_G,3,MONO-cont,GP,boot,300,0.0497145452008762,0.0488853852319834,True,0.0005881820649714,0.0155038759689922,0.0008081170871868,0.0154440154440154,1.22007722007722,2.1584508096136004,"[[0.654930055141449, -Infinity], [33.000003814697266, 9.000000953674316], 74.97110748291016]",0.0471022129058837,
fing_x_face,0,0.001,face_C>ri_V>face_G,3,S1-Marcialis,rule,boot,300,,,True,0.000603263656381,0.0348837209302325,0.000972733530873,0.027027027027027,1.5675675675675675,2.991499805453294,"[[0.7145800590515137, -1.0], [38.000003814697266, 3.0], 75.05699920654297]",0.0128684043884277,
fing_x_face,0,0.001,face_C>ri_V>face_G,3,S2-Symmetric,rule,boot,300,,,True,0.000603263656381,0.0348837209302325,0.000972733530873,0.027027027027027,1.5675675675675675,2.991499805453294,"[[0.7145800590515137, -1.0], [38.000003814697266, 3.0], 75.05699920654297]",0.0491530895233154,
fing_x_face,0,0.001,face_C>ri_V>face_G,3,S3-SPRT,rule,boot,300,,,True,0.0005881820649714,0.0077519379844961,0.0010325940558498,0.0154440154440154,1.4247104247104247,1.268833617670827,"[[7.983431868457279, -2.436578042085005], [7.983431868457279, -2.436578042085005], 2.84502405996953]",0.1721303462982177,
fing_x_face,0,0.001,face_C>ri_V>face_G,3,S4-Direct,rule,boot,300,,,True,0.0006334268392,0.0155038759689922,0.0008829427434078,0.0154440154440154,1.2548262548262548,1.6918978779443896,"[[0.6723300814628601, 0.5338900685310364], [28.000001907348633, 6.000000476837158], 74.94096374511719]",0.5927367210388184,
fing_x_face,0,0.001,face_C>ri_V>li_V,3,HYP,GP,boot,300,,,False,,,,,,,,,
fing_x_face,0,0.001,face_C>ri_V>li_V,3,MONO,GP,boot,300,,,False,,,,,,,,,True
fing_x_face,0,0.001,face_C>ri_V>li_V,3,MONO-rel,GP,boot,300,0.0444574356459081,0.0618877836198545,True,0.0005580188821524,0.0271317829457364,0.0005836401185238,0.0,1.2162162162162162,1.835024393163928,"[[0.6540000438690186, 0.5173300504684448], [31.000001907348633, 8.000000953674316], 30.000001907348633]",0.0455517768859863,
fing_x_face,0,0.001,face_C>ri_V>li_V,3,NLS-N2,GP,boot,300,,,False,,,,,,,,,True
fing_x_face,0,0.001,face_C>ri_V>li_V,3,DE-N2,GP,boot,300,0.0474693503912816,0.0475574669841106,True,0.0005580188821524,0.0232558139534883,0.0005088144623028,0.0038610038610038,1.22007722007722,2.9395708000359164,"[[0.6543500423431396, -Infinity], [32.000003814697266, 3.000000238418579], 35.000003814697266]",0.025700569152832,
fing_x_face,0,0.001,face_C>ri_V>li_V,3,MAXMONO-K3,GP,boot,300,,,False,,,,,,,,,True
fing_x_face,0,0.001,face_C>ri_V>li_V,3,MONO-cont,GP,boot,300,0.0474751029820619,0.0475924586953611,True,0.0005580188821524,0.0271317829457364,0.0005088144623028,0.0038610038610038,1.22007722007722,2.9395708000359164,"[[0.6543500423431396, -0.9999999403953552], [32.000003814697266, 3.000000238418579], 35.000003814697266]",0.02569580078125,
fing_x_face,0,0.001,face_C>ri_V>li_V,3,S1-Marcialis,rule,boot,300,,,True,0.0004373661508762,0.0387596899224806,0.0004938493310586,0.0193050193050193,1.5675675675675675,2.991499805453294,"[[0.7145800590515137, -1.0], [38.000003814697266, 3.0], 27.0]",0.0059494972229003,
fing_x_face,0,0.001,face_C>ri_V>li_V,3,S2-Symmetric,rule,boot,300,,,True,0.0004373661508762,0.0387596899224806,0.0004938493310586,0.0193050193050193,1.5675675675675675,2.991499805453294,"[[0.7145800590515137, -1.0], [38.000003814697266, 3.0], 27.0]",0.030757188796997,
fing_x_face,0,0.001,face_C>ri_V>li_V,3,S3-SPRT,rule,boot,300,,,False,,,,,,,,,
fing_x_face,0,0.001,face_C>ri_V>li_V,3,S4-Direct,rule,boot,300,,,True,0.0005731004735619,0.0232558139534883,0.0006435006435006,0.0077220077220077,1.2162162162162162,1.7736074945377271,"[[0.6580700874328613, 0.5294500589370728], [28.000001907348633, 6.000000476837158], 28.0]",0.5565063953399658,
fing_x_face,0,0.001,face_G>face_C>li_V,3,HYP,GP,boot,300,,,False,,,,,,,,,
fing_x_face,0,0.001,face_G>face_C>li_V,3,MONO,GP,boot,300,0.0789546238349763,0.0811608761564947,True,0.0006183452477905,0.0387596899224806,0.0009577683996288,0.0308880308880308,1.416988416988417,2.6496662775732545,"[[75.23677062988281, 64.8189697265625], [0.6603200435638428, -Infinity], 35.0]",0.0308806896209716,
fing_x_face,0,0.001,face_G>face_C>li_V,3,MONO-rel,GP,boot,300,,,False,,,,,,,,,True
fing_x_face,0,0.001,face_G>face_C>li_V,3,NLS-N2,GP,boot,300,0.073727473889656,0.0783744716786828,True,0.000603263656381,0.0387596899224806,0.0008829427434078,0.0308880308880308,1.416988416988417,2.619346921672503,"[[75.27000427246094, 64.8189697265625], [0.6601600646972656, 0.4803500175476074], 35.000003814697266]",0.0397665500640869,
fing_x_face,0,0.001,face_G>face_C>li_V,3,DE-N2,GP,boot,300,0.0805039996438629,0.0817476397937816,True,0.000603263656381,0.0387596899224806,0.0009278381371404,0.0308880308880308,1.420849420849421,2.6496812427044985,"[[75.23368835449219, 64.8189697265625], [0.661810040473938, -Infinity], 35.000003814697266]",0.0408158302307128,
fing_x_face,0,0.001,face_G>face_C>li_V,3,MAXMONO-K3,GP,boot,300,,,False,,,,,,,,,True
fing_x_face,0,0.001,face_G>face_C>li_V,3,MONO-cont,GP,boot,300,0.0804961042171855,0.081743668683671,True,0.000603263656381,0.0387596899224806,0.0009278381371404,0.0308880308880308,1.420849420849421,2.6496812427044985,"[[75.23368835449219, 64.8189697265625], [0.661810040473938, -Infinity], 35.000003814697266]",0.0330538749694824,
fing_x_face,0,0.001,face_G>face_C>li_V,3,S1-Marcialis,rule,boot,300,,,True,0.0005580188821524,0.0581395348837209,0.000523779593547,0.0115830115830115,1.6872586872586872,2.654754422196283,"[[76.3500747680664, 64.80564880371094], [0.7145800590515137, -1.0], 26.0]",0.0076246261596679,
fing_x_face,0,0.001,face_G>face_C>li_V,3,S2-Symmetric,rule,boot,300,,,True,0.0005580188821524,0.0581395348837209,0.000523779593547,0.0115830115830115,1.6872586872586872,2.654754422196283,"[[76.3500747680664, 64.80564880371094], [0.7145800590515137, -1.0], 26.0]",0.0628788471221923,
fing_x_face,0,0.001,face_G>face_C>li_V,3,S3-SPRT,rule,boot,300,,,True,0.0005731004735619,0.0310077519379844,0.0007033611684774,0.0154440154440154,1.4864864864864864,2.0279997605579,"[[6.76645015119823, -3.750223409229389], [6.76645015119823, -3.750223409229389], 4.355821797966744]",0.178638219833374,
fing_x_face,0,0.001,face_G>face_C>li_V,3,S4-Direct,rule,boot,300,,,False,,,,,,,,,
fing_x_face,0,0.001,face_G>face_C>ri_V,3,HYP,GP,boot,300,,,False,,,,,,,,,
fing_x_face,0,0.001,face_G>face_C>ri_V,3,MONO,GP,boot,300,0.0722734585111161,0.0727700229053705,True,0.0006183452477905,0.0193798449612403,0.0008380473496752,0.0193050193050193,1.4131274131274132,2.6497411032294758,"[[75.21878051757812, 64.8189697265625], [0.6638700366020203, -Infinity], 34.0]",0.0353705883026123,
fing_x_face,0,0.001,face_G>face_C>ri_V,3,MONO-rel,GP,boot,300,,,False,,,,,,,,,True
fing_x_face,0,0.001,face_G>face_C>ri_V,3,NLS-N2,GP,boot,300,0.0661817576108944,0.0675794297506541,True,0.0006334268392,0.0193798449612403,0.0008679776121636,0.0193050193050193,1.420849420849421,2.6497261380982318,"[[75.23368835449219, 64.8189697265625], [0.6632700562477112, -Infinity], 34.0]",0.0319750308990478,
fing_x_face,0,0.001,face_G>face_C>ri_V,3,DE-N2,GP,boot,300,0.0741656979736857,0.074314660030951,True,0.0006183452477905,0.0193798449612403,0.0008380473496752,0.0193050193050193,1.4092664092664091,2.6497261380982318,"[[75.21028137207031, 64.8189697265625], [0.6649300456047058, -Infinity], 34.0]",0.0328648090362548,
fing_x_face,0,0.001,face_G>face_C>ri_V,3,MAXMONO-K3,GP,boot,300,,,False,,,,,,,,,True
fing_x_face,0,0.001,face_G>face_C>ri_V,3,MONO-cont,GP,boot,300,0.074154996591494,0.0743043893419818,True,0.0006183452477905,0.0193798449612403,0.0008380473496752,0.0193050193050193,1.4092664092664091,2.6497261380982318,"[[75.21028137207031, 64.8189697265625], [0.6649300456047058, -Infinity], 34.0]",0.032987356185913,
fing_x_face,0,0.001,face_G>face_C>ri_V,3,S1-Marcialis,rule,boot,300,,,True,0.0006334268392,0.0271317829457364,0.0004190236748376,0.0154440154440154,1.6872586872586872,2.654754422196283,"[[76.3500747680664, 64.80564880371094], [0.7145800590515137, -1.0], 26.0]",0.0069987773895263,
fing_x_face,0,0.001,face_G>face_C>ri_V,3,S2-Symmetric,rule,boot,300,,,True,0.0006334268392,0.0271317829457364,0.0004190236748376,0.0154440154440154,1.6872586872586872,2.654754422196283,"[[76.3500747680664, 64.80564880371094], [0.7145800590515137, -1.0], 26.0]",0.0559875965118408,
fing_x_face,0,0.001,face_G>face_C>ri_V,3,S3-SPRT,rule,boot,300,,,True,0.0005881820649714,0.0193798449612403,0.0008530124809194,0.0154440154440154,1.4864864864864864,2.0279997605579,"[[6.76645015119823, -3.750223409229389], [6.76645015119823, -3.750223409229389], 3.5855259363641903]",0.1477303504943847,
fing_x_face,0,0.001,face_G>face_C>ri_V,3,S4-Direct,rule,boot,300,,,False,,,,,,,,,
fing_x_face,0,0.001,face_G>li_V>face_C,3,HYP,GP,boot,300,,,False,,,,,,,,,
fing_x_face,0,0.001,face_G>li_V>face_C,3,MONO,GP,boot,300,0.0937200433518281,0.0893420953315551,True,0.0005881820649714,0.0503875968992248,0.0010026637933614,0.027027027027027,1.250965250965251,2.0420220885337166,"[[75.1368408203125, 64.8189697265625], [30.000001907348633, 8.000000953674316], 0.6635500192642212]",0.0430617332458496,
fing_x_face,0,0.001,face_G>li_V>face_C,3,MONO-rel,GP,boot,300,0.0831061140364923,0.1393082120405469,True,0.0005731004735619,0.0581395348837209,0.0009876986621172,0.0347490347490347,1.2355212355212355,1.5388045853162131,"[[75.10057067871094, 66.11969757080078], [30.000001907348633, 12.000000953674316], 0.6638699769973755]",0.0423681735992431,
fing_x_face,0,0.001,face_G>li_V>face_C,3,NLS-N2,GP,boot,300,0.0885807805387542,0.087137743857325,True,0.0005881820649714,0.0503875968992248,0.0009876986621172,0.027027027027027,1.250965250965251,1.9766843255215347,"[[75.1368408203125, 64.8189697265625], [30.000001907348633, 9.000000953674316], 0.6635500192642212]",0.0419144630432128,
fing_x_face,0,0.001,face_G>li_V>face_C,3,DE-N2,GP,boot,300,0.0952001876148478,0.0899425038578012,True,0.0005881820649714,0.0503875968992248,0.0010625243183382,0.027027027027027,1.2432432432432432,2.0419472628774957,"[[75.11921691894531, 64.8189697265625], [30.000001907348633, 8.000000953674316], 0.6638699769973755]",0.0442402362823486,
fing_x_face,0,0.001,face_G>li_V>face_C,3,MAXMONO-K3,GP,boot,300,,,False,,,,,,,,,True
fing_x_face,0,0.001,face_G>li_V>face_C,3,MONO-cont,GP,boot,300,0.0951865579967244,0.0899343588971706,True,0.0005881820649714,0.0503875968992248,0.0010625243183382,0.027027027027027,1.2432432432432432,2.0419472628774957,"[[75.11921691894531, 64.8189697265625], [30.000001907348633, 8.000000953674316], 0.6638699769973755]",0.0438213348388671,
fing_x_face,0,0.001,face_G>li_V>face_C,3,S1-Marcialis,rule,boot,300,,,True,0.0005429372907429,0.0310077519379844,0.0006584657747448,0.027027027027027,1.416988416988417,2.537053664960642,"[[76.3500747680664, 64.80564880371094], [35.000003814697266, 5.0], 0.6496800184249878]",0.0080108642578125,
fing_x_face,0,0.001,face_G>li_V>face_C,3,S2-Symmetric,rule,boot,300,,,True,0.0005429372907429,0.0310077519379844,0.0006584657747448,0.027027027027027,1.416988416988417,2.537053664960642,"[[76.3500747680664, 64.80564880371094], [35.000003814697266, 5.0], 0.6496800184249878]",0.0465748310089111,
fing_x_face,0,0.001,face_G>li_V>face_C,3,S3-SPRT,rule,boot,300,,,True,0.0005881820649714,0.0232558139534883,0.000673430905989,0.0193050193050193,1.3667953667953667,2.0191703331238213,"[[6.76645015119823, -3.750223409229389], [6.76645015119823, -3.750223409229389], 3.9529912795693725]",0.1880664825439453,
fing_x_face,0,0.001,face_G>li_V>face_C,3,S4-Direct,rule,boot,300,,,False,,,,,,,,,
fing_x_face,0,0.001,face_G>li_V>ri_V,3,HYP,GP,boot,300,,,False,,,,,,,,,
fing_x_face,0,0.001,face_G>li_V>ri_V,3,MONO,GP,boot,300,0.0865191597574071,0.0829727764006731,True,0.0005881820649714,0.0348837209302325,0.0010176289246056,0.0077220077220077,1.247104247104247,2.396291640477687,"[[75.07616424560547, 64.8189697265625], [30.000001907348633, 5.000000476837158], 35.0]",0.0413074493408203,
fing_x_face,0,0.001,face_G>li_V>ri_V,3,MONO-rel,GP,boot,300,0.0706136008015936,0.0846387739579055,True,0.0005881820649714,0.0348837209302325,0.0010026637933614,0.0077220077220077,1.250965250965251,2.1616084523061265,"[[75.10057067871094, 65.16703796386719], [30.000001907348633, 6.000000476837158], 33.0]",0.0478618144989013,
fing_x_face,0,0.001,face_G>li_V>ri_V,3,NLS-N2,GP,boot,300,0.0809284362957596,0.0787323309888755,True,0.0005881820649714,0.0348837209302325,0.0010176289246056,0.0077220077220077,1.247104247104247,2.396291640477687,"[[75.07616424560547, 64.8189697265625], [30.000001907348633, 5.000000476837158], 35.0]",0.0382394790649414,
fing_x_face,0,0.001,face_G>li_V>ri_V,3,DE-N2,GP,boot,300,0.0882092285366693,0.0842878525712262,True,0.0005881820649714,0.0348837209302325,0.0010176289246056,0.0077220077220077,1.247104247104247,2.396291640477687,"[[75.07616424560547, 64.8189697265625], [30.000001907348633, 5.000000476837158], 35.0]",0.0376543998718261,
fing_x_face,0,0.001,face_G>li_V>ri_V,3,MAXMONO-K3,GP,boot,300,,,False,,,,,,,,,True
fing_x_face,0,0.001,face_G>li_V>ri_V,3,MONO-cont,GP,boot,300,0.0881940934358285,0.0842768948177448,True,0.0005881820649714,0.0348837209302325,0.0010176289246056,0.0077220077220077,1.247104247104247,2.396291640477687,"[[75.07616424560547, 64.8189697265625], [30.000001907348633, 5.000000476837158], 35.0]",0.037616491317749,
fing_x_face,0,0.001,face_G>li_V>ri_V,3,S1-Marcialis,rule,boot,300,,,True,0.000603263656381,0.0310077519379844,0.0004190236748376,0.0193050193050193,1.416988416988417,2.537053664960642,"[[76.3500747680664, 64.80564880371094], [35.000003814697266, 5.0], 26.0]",0.0118181705474853,
fing_x_face,0,0.001,face_G>li_V>ri_V,3,S2-Symmetric,rule,boot,300,,,True,0.000603263656381,0.0310077519379844,0.0004190236748376,0.0193050193050193,1.416988416988417,2.537053664960642,"[[76.3500747680664, 64.80564880371094], [35.000003814697266, 5.0], 26.0]",0.0692489147186279,
fing_x_face,0,0.001,face_G>li_V>ri_V,3,S3-SPRT,rule,boot,300,,,True,0.0005881820649714,0.0193798449612403,0.000673430905989,0.0154440154440154,1.3204633204633205,2.019125437730089,"[[6.315871998520415, -3.750223409229389], [6.315871998520415, -3.750223409229389], 1.1551005886058088]",0.2059459686279297,
fing_x_face,0,0.001,face_G>li_V>ri_V,3,S4-Direct,rule,boot,300,,,False,,,,,,,,,
fing_x_face,0,0.001,face_G>ri_V>face_C,3,HYP,GP,boot,300,,,False,,,,,,,,,
fing_x_face,0,0.001,face_G>ri_V>face_C,3,MONO,GP,boot,300,0.0734015337889307,0.0706836848387324,True,0.0006334268392,0.0155038759689922,0.0010026637933614,0.0115830115830115,1.2548262548262548,2.0136631648259558,"[[75.19648742675781, 64.8189697265625], [32.000003814697266, 8.000000953674316], 0.6491699814796448]",0.0476241111755371,
fing_x_face,0,0.001,face_G>ri_V>face_C,3,MONO-rel,GP,boot,300,0.0522046806961396,0.0700467893166269,True,0.0006183452477905,0.0193798449612403,0.0008530124809194,0.0193050193050193,1.250965250965251,1.855317111131065,"[[75.16844940185547, 64.8189697265625], [33.000003814697266, 13.000000953674316], 0.6424599885940552]",0.0362145900726318,
fing_x_face,0,0.001,face_G>ri_V>face_C,3,NLS-N2,GP,boot,300,0.0681554015437296,0.0667133767424505,True,0.0006334268392,0.0155038759689922,0.0009876986621172,0.0154440154440154,1.2586872586872586,2.0136781299572,"[[75.19648742675781, 64.8189697265625], [33.000003814697266, 8.000000953674316], 0.64683997631073]",0.0515937805175781,
fing_x_face,0,0.001,face_G>ri_V>face_C,3,DE-N2,GP,boot,300,0.0741752902299686,0.072605441755944,True,0.0006334268392,0.0193798449612403,0.0008081170871868,0.0154440154440154,1.2548262548262548,2.0977672024183653,"[[75.20556640625, 64.8189697265625], [32.000003814697266, 7.000000476837158], 0.6618099808692932]",0.039475679397583,
fing_x_face,0,0.001,face_G>ri_V>face_C,3,MAXMONO-K3,GP,boot,300,,,False,,,,,,,,,True
fing_x_face,0,0.001,face_G>ri_V>face_C,3,MONO-cont,GP,boot,300,0.0741666859532119,0.0725966085551245,True,0.0006334268392,0.0193798449612403,0.0008081170871868,0.0154440154440154,1.2548262548262548,2.0977672024183653,"[[75.20556640625, 64.8189697265625], [32.000003814697266, 7.000000476837158], 0.6618099808692932]",0.0536386966705322,
fing_x_face,0,0.001,face_G>ri_V>face_C,3,S1-Marcialis,rule,boot,300,,,True,0.0005278556993333,0.0271317829457364,0.0005088144623028,0.0193050193050193,1.416988416988417,2.64712220526174,"[[76.3500747680664, 64.80564880371094], [38.000003814697266, 3.0], 0.6528099775314331]",0.0091016292572021,
fing_x_face,0,0.001,face_G>ri_V>face_C,3,S2-Symmetric,rule,boot,300,,,True,0.0005278556993333,0.0271317829457364,0.0005088144623028,0.0193050193050193,1.416988416988417,2.64712220526174,"[[76.3500747680664, 64.80564880371094], [38.000003814697266, 3.0], 0.6528099775314331]",0.0569720268249511,
fing_x_face,0,0.001,face_G>ri_V>face_C,3,S3-SPRT,rule,boot,300,,,True,0.000603263656381,0.0077519379844961,0.001047559187094,0.0115830115830115,1.3745173745173744,1.9718655532609024,"[[6.76645015119823, -3.750223409229389], [6.76645015119823, -3.750223409229389], 3.037874366451543]",0.1889803409576416,
fing_x_face,0,0.001,face_G>ri_V>face_C,3,S4-Direct,rule,boot,300,,,True,0.000603263656381,0.0116279069767441,0.000598605249768,0.0077220077220077,1.274131274131274,1.925488611535123,"[[75.38343048095703, 63.75760269165039], [28.000001907348633, 16.000001907348633], 0.6324700117111206]",0.4094562530517578,
fing_x_face,0,0.001,face_G>ri_V>li_V,3,HYP,GP,boot,300,,,False,,,,,,,,,
fing_x_face,0,0.001,face_G>ri_V>li_V,3,MONO,GP,boot,300,0.0729458571099332,0.0707361438455382,True,0.0005881820649714,0.0271317829457364,0.0008530124809194,0.0077220077220077,1.2548262548262548,2.5998772859237977,"[[75.16844940185547, 64.8189697265625], [31.000001907348633, 3.000000238418579], 30.000001907348633]",0.0344979763031005,
fing_x_face,0,0.001,face_G>ri_V>li_V,3,MONO-rel,GP,boot,300,0.0529988172538485,0.0640478571234925,True,0.000603263656381,0.0271317829457364,0.000823082218431,0.0077220077220077,1.2548262548262548,2.013558408907246,"[[75.16844940185547, 64.8189697265625], [31.000001907348633, 8.000000953674316], 30.0]",0.0462369918823242,
fing_x_face,0,0.001,face_G>ri_V>li_V,3,NLS-N2,GP,boot,300,0.0679554554708488,0.0663225056247644,True,0.0005881820649714,0.0271317829457364,0.0008530124809194,0.0077220077220077,1.2548262548262548,2.5998772859237977,"[[75.16844940185547, 64.8189697265625], [31.000001907348633, 3.000000238418579], 30.000001907348633]",0.0338227748870849,
fing_x_face,0,0.001,face_G>ri_V>li_V,3,DE-N2,GP,boot,300,0.0736554902576517,0.0716860702938762,True,0.0005731004735619,0.0271317829457364,0.0007931519559426,0.0077220077220077,1.2548262548262548,2.599997006973751,"[[75.1910400390625, 64.8189697265625], [31.000001907348633, 3.000000238418579], 30.000001907348633]",0.0352814197540283,
fing_x_face,0,0.001,face_G>ri_V>li_V,3,MAXMONO-K3,GP,boot,300,,,False,,,,,,,,,True
fing_x_face,0,0.001,face_G>ri_V>li_V,3,MONO-cont,GP,boot,300,0.0736480841035933,0.0716787991010711,True,0.0005731004735619,0.0271317829457364,0.0007931519559426,0.0077220077220077,1.2548262548262548,2.599997006973751,"[[75.1910400390625, 64.8189697265625], [31.000001907348633, 3.000000238418579], 30.000001907348633]",0.0343587398529052,
fing_x_face,0,0.001,face_G>ri_V>li_V,3,S1-Marcialis,rule,boot,300,,,True,0.0005580188821524,0.0387596899224806,0.000523779593547,0.0115830115830115,1.416988416988417,2.64712220526174,"[[76.3500747680664, 64.80564880371094], [38.000003814697266, 3.0], 26.0]",0.0071711540222167,
fing_x_face,0,0.001,face_G>ri_V>li_V,3,S2-Symmetric,rule,boot,300,,,True,0.0005580188821524,0.0387596899224806,0.000523779593547,0.0115830115830115,1.416988416988417,2.64712220526174,"[[76.3500747680664, 64.80564880371094], [38.000003814697266, 3.0], 26.0]",0.0465192794799804,
fing_x_face,0,0.001,face_G>ri_V>li_V,3,S3-SPRT,rule,boot,300,,,True,0.0005731004735619,0.0155038759689922,0.0006584657747448,0.0154440154440154,1.3204633204633205,1.9718356229984135,"[[6.315871998520415, -3.750223409229389], [6.315871998520415, -3.750223409229389], 1.1551005886058088]",0.1780931949615478,
fing_x_face,0,0.001,face_G>ri_V>li_V,3,S4-Direct,rule,boot,300,,,True,0.000603263656381,0.0193798449612403,0.0005088144623028,0.0154440154440154,1.335907335907336,2.34126485289276,"[[75.91592407226562, 63.75760269165039], [28.000001907348633, 6.000000476837158], 27.0]",0.4458518028259277,
fing_x_face,0,0.001,li_V>face_C>face_G,3,HYP,GP,boot,300,,,False,,,,,,,,,
fing_x_face,0,0.001,li_V>face_C>face_G,3,MONO,GP,boot,300,0.1111562128730625,0.1080604083514667,True,0.0006183452477905,0.0503875968992248,0.0010026637933614,0.0308880308880308,1.193050193050193,1.8988057825267128,"[[28.000001907348633, 5.000000476837158], [0.6601600646972656, 0.5493100881576538], 75.23368072509766]",0.04213547706604,
fing_x_face,0,0.001,li_V>face_C>face_G,3,MONO-rel,GP,boot,300,0.104520010992782,0.1384701719330232,True,0.0005881820649714,0.065891472868217,0.0008081170871868,0.0347490347490347,1.1814671814671815,1.5590075124958849,"[[29.000001907348633, 6.000000476837158], [0.6549700498580933, 0.5816300511360168], 75.1104736328125]",0.0493338108062744,
fing_x_face,0,0.001,li_V>face_C>face_G,3,NLS-N2,GP,boot,300,0.1083953389488832,0.1085415504382553,True,0.0006183452477905,0.0542635658914728,0.0009876986621172,0.0308880308880308,1.193050193050193,1.859133219598336,"[[29.000001907348633, 5.000000476837158], [0.6601600646972656, 0.5552400350570679], 75.13683319091797]",0.0547943115234375,
fing_x_face,0,0.001,li_V>face_C>face_G,3,DE-N2,GP,boot,300,0.1131384148102878,0.1092955460213098,True,0.0006334268392,0.0503875968992248,0.0010026637933614,0.0308880308880308,1.193050193050193,1.9173176498757891,"[[28.000001907348633, 5.000000476837158], [0.6603200435638428, 0.5468600392341614], 75.23368072509766]",0.0524353981018066,
fing_x_face,0,0.001,li_V>face_C>face_G,3,MAXMONO-K3,GP,boot,300,,,False,,,,,,,,,True
fing_x_face,0,0.001,li_V>face_C>face_G,3,MONO-cont,GP,boot,300,0.1131219132624563,0.1092831624018234,True,0.0006334268392,0.0503875968992248,0.0010026637933614,0.0308880308880308,1.193050193050193,1.9172428242195685,"[[28.000001907348633, 5.000000476837158], [0.6603200435638428, 0.5468700528144836], 75.23368072509766]",0.043954849243164,
fing_x_face,0,0.001,li_V>face_C>face_G,3,S1-Marcialis,rule,boot,300,,,True,0.0005580188821524,0.0620155038759689,0.001047559187094,0.0231660231660231,1.3436293436293436,2.7180569273592528,"[[35.000003814697266, 5.0], [0.7145800590515137, -1.0], 75.01026916503906]",0.0077202320098876,
fing_x_face,0,0.001,li_V>face_C>face_G,3,S2-Symmetric,rule,boot,300,,,True,0.0005580188821524,0.0620155038759689,0.001047559187094,0.0231660231660231,1.3436293436293436,2.7180569273592528,"[[35.000003814697266, 5.0], [0.7145800590515137, -1.0], 75.01026916503906]",0.0336341857910156,
fing_x_face,0,0.001,li_V>face_C>face_G,3,S3-SPRT,rule,boot,300,,,True,0.0005731004735619,0.0193798449612403,0.0006584657747448,0.0077220077220077,1.281853281853282,2.084807398760887,"[[6.621235473258737, -3.476318212001615], [6.621235473258737, -3.476318212001615], 4.044467662272355]",0.2071709632873535,
fing_x_face,0,0.001,li_V>face_C>face_G,3,S4-Direct,rule,boot,300,,,True,0.0006334268392,0.0310077519379844,0.0010026637933614,0.0115830115830115,1.193050193050193,1.9017688785130649,"[[27.000001907348633, 4.000000476837158], [0.6723300814628601, 0.5870400667190552], 75.01026916503906]",0.5146257877349854,
fing_x_face,0,0.001,li_V>face_C>ri_V,3,HYP,GP,boot,300,,,False,,,,,,,,,
fing_x_face,0,0.001,li_V>face_C>ri_V,3,MONO,GP,boot,300,0.103232231933879,0.1016310627343652,True,0.0005278556993333,0.0426356589147286,0.000598605249768,0.0231660231660231,1.196911196911197,2.391622519529496,"[[28.000001907348633, 5.000000476837158], [0.6597800850868225, -Infinity], 31.000001907348633]",0.0373232364654541,
fing_x_face,0,0.001,li_V>face_C>ri_V,3,MONO-rel,GP,boot,300,0.094188000989176,0.1002771412977502,True,0.0005278556993333,0.0426356589147286,0.0006584657747448,0.0231660231660231,1.1891891891891893,1.859971266948011,"[[29.000001907348633, 5.000000476837158], [0.6567800641059875, 0.5551100373268127], 26.0]",0.0611426830291748,
fing_x_face,0,0.001,li_V>face_C>ri_V,3,NLS-N2,GP,boot,300,0.1002966248857917,0.0993653072311877,True,0.0005580188821524,0.0426356589147286,0.0006435006435006,0.0193050193050193,1.193050193050193,2.391577624135764,"[[28.000001907348633, 5.000000476837158], [0.6580200791358948, -Infinity], 31.000001907348633]",0.0435163974761962,
fing_x_face,0,0.001,li_V>face_C>ri_V,3,DE-N2,GP,boot,300,0.1053091142703422,0.1033280554041838,True,0.0005127741079238,0.0426356589147286,0.000598605249768,0.0231660231660231,1.196911196911197,2.391622519529496,"[[28.000001907348633, 5.000000476837158], [0.6601600646972656, -Infinity], 31.000001907348633]",0.0427281856536865,
fing_x_face,0,0.001,li_V>face_C>ri_V,3,MAXMONO-K3,GP,boot,300,,,False,,,,,,,,,True
fing_x_face,0,0.001,li_V>face_C>ri_V,3,MONO-cont,GP,boot,300,0.1052914467317265,0.1033124411516731,True,0.0005127741079238,0.0426356589147286,0.000598605249768,0.0231660231660231,1.196911196911197,2.391622519529496,"[[28.000001907348633, 5.000000476837158], [0.6601600646972656, -Infinity], 31.000001907348633]",0.0317952632904052,
fing_x_face,0,0.001,li_V>face_C>ri_V,3,S1-Marcialis,rule,boot,300,,,True,0.0004976925165143,0.0387596899224806,0.0003142677561282,0.027027027027027,1.3436293436293436,2.7180569273592528,"[[35.000003814697266, 5.0], [0.7145800590515137, -1.0], 27.0]",0.0076675415039062,
fing_x_face,0,0.001,li_V>face_C>ri_V,3,S2-Symmetric,rule,boot,300,,,True,0.0004976925165143,0.0387596899224806,0.0003142677561282,0.027027027027027,1.3436293436293436,2.7180569273592528,"[[35.000003814697266, 5.0], [0.7145800590515137, -1.0], 27.0]",0.032435655593872,
fing_x_face,0,0.001,li_V>face_C>ri_V,3,S3-SPRT,rule,boot,300,,,True,0.0005429372907429,0.0193798449612403,0.0005836401185238,0.0,1.281853281853282,2.084807398760887,"[[6.621235473258737, -3.476318212001615], [6.621235473258737, -3.476318212001615], 1.1240976562118927]",0.1609563827514648,
fing_x_face,0,0.001,li_V>face_C>ri_V,3,S4-Direct,rule,boot,300,,,True,0.0005429372907429,0.0193798449612403,0.000598605249768,0.0115830115830115,1.2895752895752897,2.261231330998773,"[[35.000003814697266, 4.000000476837158], [0.650070071220398, 0.5338900685310364], 34.0]",0.5307941436767578,
fing_x_face,0,0.001,li_V>face_G>face_C,3,HYP,GP,boot,300,,,False,,,,,,,,,
fing_x_face,0,0.001,li_V>face_G>face_C,3,MONO,GP,boot,300,0.1165881350005952,0.1121220694693287,True,0.000603263656381,0.0503875968992248,0.0007632216934542,0.0347490347490347,1.196911196911197,1.9524857082996616,"[[28.000001907348633, 5.000000476837158], [75.45633697509766, 66.55622863769531], 0.6618099808692932]",0.0446751117706298,
fing_x_face,0,0.001,li_V>face_G>face_C,3,MONO-rel,GP,boot,300,0.1065716990474711,0.1565357396442673,True,0.0005881820649714,0.0542635658914728,0.0008380473496752,0.0347490347490347,1.1891891891891893,1.7487055161473766,"[[29.000001907348633, 5.000000476837158], [75.27000427246094, 72.46672058105469], 0.6597800254821777]",0.0413646697998046,
fing_x_face,0,0.001,li_V>face_G>face_C,3,NLS-N2,GP,boot,300,0.1137827923797615,0.1115906888560618,True,0.000603263656381,0.0503875968992248,0.0007332914309658,0.0347490347490347,1.196911196911197,1.896890245727455,"[[28.000001907348633, 5.000000476837158], [75.49686431884766, 66.87410736083984], 0.6601600050926208]",0.0436601638793945,
fing_x_face,0,0.001,li_V>face_G>face_C,3,DE-N2,GP,boot,300,0.1182549587908161,0.112818211757861,True,0.000603263656381,0.0503875968992248,0.0007632216934542,0.0308880308880308,1.2007722007722008,1.991410014665829,"[[28.000001907348633, 5.000000476837158], [75.45633697509766, 66.37157440185547], 0.6618099808692932]",0.0443038940429687,
fing_x_face,0,0.001,li_V>face_G>face_C,3,MAXMONO-K3,GP,boot,300,0.2186651804501418,0.2276511774040734,True,0.0006485084306095,0.1317829457364341,0.0006435006435006,0.0888030888030888,1.1042471042471045,1.0310227170692288,"[[27.000001907348633, 15.000000953674316], [73.8368911743164, 66.07942962646484], 0.6298099756240845]",0.067967414855957,
fing_x_face,0,0.001,li_V>face_G>face_C,3,MONO-cont,GP,boot,300,0.1182362788979589,0.1128057591177878,True,0.000603263656381,0.0503875968992248,0.0007632216934542,0.0308880308880308,1.2007722007722008,1.991335189009608,"[[28.000001907348633, 5.000000476837158], [75.45633697509766, 66.37181854248047], 0.6618099808692932]",0.0610942840576171,
fing_x_face,0,0.001,li_V>face_G>face_C,3,S1-Marcialis,rule,boot,300,,,True,0.0005429372907429,0.0310077519379844,0.0006584657747448,0.0308880308880308,1.3204633204633205,2.568704917542127,"[[35.000003814697266, 5.0], [76.3500747680664, 64.80564880371094], 0.6496800184249878]",0.0077042579650878,
fing_x_face,0,0.001,li_V>face_G>face_C,3,S2-Symmetric,rule,boot,300,,,True,0.0005429372907429,0.0310077519379844,0.0006584657747448,0.0308880308880308,1.3204633204633205,2.568704917542127,"[[35.000003814697266, 5.0], [76.3500747680664, 64.80564880371094], 0.6496800184249878]",0.0455706119537353,
fing_x_face,0,0.001,li_V>face_G>face_C,3,S3-SPRT,rule,boot,300,,,True,0.0005731004735619,0.0193798449612403,0.0006584657747448,0.0115830115830115,1.2586872586872586,2.098231121486936,"[[6.621235473258737, -3.476318212001615], [6.621235473258737, -3.476318212001615], 4.044467662272355]",0.182854413986206,
fing_x_face,0,0.001,li_V>face_G>face_C,3,S4-Direct,rule,boot,300,,,True,0.0006334268392,0.0348837209302325,0.0009577683996288,0.0154440154440154,1.2123552123552124,2.2711532130136782,"[[28.000001907348633, 4.000000476837158], [75.23368835449219, 66.1951904296875], 0.6662499904632568]",0.584209680557251,
fing_x_face,0,0.001,li_V>face_G>ri_V,3,HYP,GP,boot,300,,,False,,,,,,,,,
fing_x_face,0,0.001,li_V>face_G>ri_V,3,MONO,GP,boot,300,0.110078259357335,0.1059515640334798,True,0.0005580188821524,0.0387596899224806,0.0007781868246984,0.027027027027027,1.196911196911197,2.267711232827512,"[[28.000001907348633, 5.000000476837158], [75.28328704833984, 64.8189697265625], 30.000001907348633]",0.0443356037139892,
fing_x_face,0,0.001,li_V>face_G>ri_V,3,MONO-rel,GP,boot,300,0.0976283691082746,0.1040370129734858,True,0.0006183452477905,0.0310077519379844,0.0008081170871868,0.027027027027027,1.193050193050193,1.8903205531112508,"[[29.000001907348633, 5.000000476837158], [75.21028137207031, 66.9194107055664], 27.0]",0.0428652763366699,
fing_x_face,0,0.001,li_V>face_G>ri_V,3,NLS-N2,GP,boot,300,0.1069924374301724,0.1038073744651561,True,0.0005731004735619,0.0387596899224806,0.0007781868246984,0.027027027027027,1.196911196911197,2.267711232827512,"[[28.000001907348633, 5.000000476837158], [75.27449035644531, 64.8189697265625], 30.000001907348633]",0.0491254329681396,
fing_x_face,0,0.001,li_V>face_G>ri_V,3,DE-N2,GP,boot,300,0.1118918201777573,0.1074442900465412,True,0.0005580188821524,0.0387596899224806,0.0006584657747448,0.027027027027027,1.196911196911197,2.267830953877465,"[[28.000001907348633, 5.000000476837158], [75.38343048095703, 64.8189697265625], 30.000001907348633]",0.0478174686431884,
fing_x_face,0,0.001,li_V>face_G>ri_V,3,MAXMONO-K3,GP,boot,300,0.2139725420890938,0.2122289245557422,True,0.0006635900220191,0.1201550387596899,0.0007033611684774,0.0849420849420849,1.1042471042471045,1.0544281823351591,"[[27.000001907348633, 14.000000953674316], [73.857666015625, 64.8189697265625], 26.0]",0.0581958293914794,
fing_x_face,0,0.001,li_V>face_G>ri_V,3,MONO-cont,GP,boot,300,0.1118719931271887,0.1074288518808928,True,0.0005580188821524,0.0387596899224806,0.0006584657747448,0.027027027027027,1.196911196911197,2.267830953877465,"[[28.000001907348633, 5.000000476837158], [75.38343048095703, 64.8189697265625], 30.000001907348633]",0.0446341037750244,
fing_x_face,0,0.001,li_V>face_G>ri_V,3,S1-Marcialis,rule,boot,300,,,True,0.000603263656381,0.0310077519379844,0.0004190236748376,0.0231660231660231,1.3204633204633205,2.568704917542127,"[[35.000003814697266, 5.0], [76.3500747680664, 64.80564880371094], 26.0]",0.0082387924194335,
fing_x_face,0,0.001,li_V>face_G>ri_V,3,S2-Symmetric,rule,boot,300,,,True,0.000603263656381,0.0310077519379844,0.0004190236748376,0.0231660231660231,1.3204633204633205,2.568704917542127,"[[35.000003814697266, 5.0], [76.3500747680664, 64.80564880371094], 26.0]",0.0491728782653808,
fing_x_face,0,0.001,li_V>face_G>ri_V,3,S3-SPRT,rule,boot,300,,,True,0.0005881820649714,0.0193798449612403,0.0006584657747448,0.0038610038610038,1.2586872586872586,2.098231121486936,"[[6.621235473258737, -3.476318212001615], [6.621235473258737, -3.476318212001615], 1.1160706498018094]",0.2022566795349121,
fing_x_face,0,0.001,li_V>face_G>ri_V,3,S4-Direct,rule,boot,300,,,True,0.0004675293336952,0.0193798449612403,0.0004339888060818,0.0308880308880308,1.3011583011583012,1.9060638711801503,"[[35.000003814697266, 4.000000476837158], [75.91592407226562, 72.75312805175781], 20.0]",0.5113520622253418,
fing_x_face,0,0.001,li_V>ri_V>face_C,3,HYP,GP,boot,300,,,False,,,,,,,,,
fing_x_face,0,0.001,li_V>ri_V>face_C,3,MONO,GP,boot,300,0.1043365932015367,0.1017924002487869,True,0.0005278556993333,0.0503875968992248,0.000673430905989,0.027027027027027,1.2162162162162162,1.9486845649636344,"[[28.000001907348633, 5.000000476837158], [31.000001907348633, 7.000000476837158], 0.6471100449562073]",0.0613017082214355,
fing_x_face,0,0.001,li_V>ri_V>face_C,3,MONO-rel,GP,boot,300,0.0920476503361834,0.0956682030820261,True,0.0005881820649714,0.0620155038759689,0.0005537098560354,0.0347490347490347,1.2084942084942083,1.7396815420071234,"[[28.000001907348633, 5.000000476837158], [31.000001907348633, 12.000000953674316], 0.6332700252532959]",0.0522491931915283,
fing_x_face,0,0.001,li_V>ri_V>face_C,3,NLS-N2,GP,boot,300,0.1022153508498737,0.099228205284024,True,0.0006183452477905,0.0542635658914728,0.0007033611684774,0.0231660231660231,1.204633204633205,1.873888839005118,"[[27.000001907348633, 5.000000476837158], [31.000001907348633, 8.000000953674316], 0.6446800231933594]",0.0460197925567626,
fing_x_face,0,0.001,li_V>ri_V>face_C,3,DE-N2,GP,boot,300,0.1054679630393829,0.1028043512547448,True,0.0005278556993333,0.0465116279069767,0.0007183262997216,0.0231660231660231,1.22007722007722,2.0468558259255936,"[[28.000001907348633, 5.000000476837158], [31.000001907348633, 6.000000476837158], 0.6496800780296326]",0.0465478897094726,
fing_x_face,0,0.001,li_V>ri_V>face_C,3,MAXMONO-K3,GP,boot,300,0.1835899980978995,0.196105952852125,True,0.0006183452477905,0.0697674418604651,0.0005686749872796,0.0501930501930501,1.16988416988417,1.6998443626350603,"[[26.000001907348633, 5.000000476837158], [32.000003814697266, 19.000001907348633], 0.6164900064468384]",0.0877399444580078,
fing_x_face,0,0.001,li_V>ri_V>face_C,3,MONO-cont,GP,boot,300,0.1054519791638618,0.1027894272706865,True,0.0005278556993333,0.0465116279069767,0.0007183262997216,0.0231660231660231,1.22007722007722,2.0468558259255936,"[[28.000001907348633, 5.000000476837158], [31.000001907348633, 6.000000476837158], 0.6496800780296326]",0.0466275215148925,
fing_x_face,0,0.001,li_V>ri_V>face_C,3,S1-Marcialis,rule,boot,300,,,True,0.0005429372907429,0.0232558139534883,0.0006435006435006,0.0115830115830115,1.3629343629343629,2.712684445242585,"[[35.000003814697266, 5.0], [38.000003814697266, 3.0], 0.6496800184249878]",0.0083711147308349,
fing_x_face,0,0.001,li_V>ri_V>face_C,3,S2-Symmetric,rule,boot,300,,,True,0.0005429372907429,0.0232558139534883,0.0006435006435006,0.0115830115830115,1.3629343629343629,2.712684445242585,"[[35.000003814697266, 5.0], [38.000003814697266, 3.0], 0.6496800184249878]",0.024717092514038,
fing_x_face,0,0.001,li_V>ri_V>face_C,3,S3-SPRT,rule,boot,300,,,True,0.0005278556993333,0.0348837209302325,0.000598605249768,0.0231660231660231,1.281853281853282,2.0481128969501063,"[[6.621235473258737, -3.476318212001615], [6.621235473258737, -3.476318212001615], 0.9281238243882376]",0.1690926551818847,
fing_x_face,0,0.001,li_V>ri_V>face_C,3,S4-Direct,rule,boot,300,,,True,0.0005881820649714,0.0232558139534883,0.0005387447247912,0.0077220077220077,1.335907335907336,2.6733560803328245,"[[35.000003814697266, 4.000000476837158], [28.000001907348633, 3.000000238418579], 0.6567800045013428]",0.6256847381591797,
fing_x_face,0,0.001,li_V>ri_V>face_G,3,HYP,GP,boot,300,,,False,,,,,,,,,
fing_x_face,0,0.001,li_V>ri_V>face_G,3,MONO,GP,boot,300,0.1059879492264915,0.1025571358482185,True,0.0006183452477905,0.0503875968992248,0.000972733530873,0.0308880308880308,1.2162162162162162,1.9486845649636344,"[[28.000001907348633, 5.000000476837158], [31.000001907348633, 7.000000476837158], 74.8942642211914]",0.0570130348205566,
fing_x_face,0,0.001,li_V>ri_V>face_G,3,MONO-rel,GP,boot,300,0.0932176636324713,0.0945378668919401,True,0.0006485084306095,0.0581395348837209,0.0009128730058962,0.0347490347490347,1.2084942084942083,1.7396815420071234,"[[28.000001907348633, 5.000000476837158], [31.000001907348633, 12.000000953674316], 74.17046356201172]",0.0465402603149414,
fing_x_face,0,0.001,li_V>ri_V>face_G,3,NLS-N2,GP,boot,300,0.1038269641761592,0.0999827051755281,True,0.000603263656381,0.0503875968992248,0.0009428032683846,0.027027027027027,1.204633204633205,1.873888839005118,"[[27.000001907348633, 5.000000476837158], [31.000001907348633, 8.000000953674316], 74.81546020507812]",0.0645992755889892,
fing_x_face,0,0.001,li_V>ri_V>face_G,3,DE-N2,GP,boot,300,0.1071408085569497,0.1037781637803031,True,0.000603263656381,0.0503875968992248,0.0009278381371404,0.0308880308880308,1.2162162162162162,1.9486845649636344,"[[28.000001907348633, 5.000000476837158], [31.000001907348633, 7.000000476837158], 74.90845489501953]",0.0715062618255615,
fing_x_face,0,0.001,li_V>ri_V>face_G,3,MAXMONO-K3,GP,boot,300,0.1944918502642893,0.2211415054326277,True,0.0006334268392,0.0891472868217054,0.0006883960372332,0.054054054054054,1.162162162162162,1.3838855466762443,"[[26.000001907348633, 7.000000476837158], [28.000001907348633, 16.000001907348633], 74.58306884765625]",0.0929591655731201,
fing_x_face,0,0.001,li_V>ri_V>face_G,3,MONO-cont,GP,boot,300,0.1071249234386393,0.1037634934912069,True,0.000603263656381,0.0503875968992248,0.0009278381371404,0.0308880308880308,1.2162162162162162,1.9486845649636344,"[[28.000001907348633, 5.000000476837158], [31.000001907348633, 7.000000476837158], 74.90845489501953]",0.0754611492156982,
fing_x_face,0,0.001,li_V>ri_V>face_G,3,S1-Marcialis,rule,boot,300,,,True,0.0005580188821524,0.0310077519379844,0.001047559187094,0.0077220077220077,1.3629343629343629,2.712684445242585,"[[35.000003814697266, 5.0], [38.000003814697266, 3.0], 75.01026916503906]",0.0104413032531738,
fing_x_face,0,0.001,li_V>ri_V>face_G,3,S2-Symmetric,rule,boot,300,,,True,0.0005580188821524,0.0310077519379844,0.001047559187094,0.0077220077220077,1.3629343629343629,2.712684445242585,"[[35.000003814697266, 5.0], [38.000003814697266, 3.0], 75.01026916503906]",0.03066086769104,
fing_x_face,0,0.001,li_V>ri_V>face_G,3,S3-SPRT,rule,boot,300,,,True,0.000603263656381,0.0348837209302325,0.0006435006435006,0.0231660231660231,1.281853281853282,2.0481128969501063,"[[6.621235473258737, -3.476318212001615], [6.621235473258737, -3.476318212001615], 0.989813354819278]",0.1829891204833984,
fing_x_face,0,0.001,li_V>ri_V>face_G,3,S4-Direct,rule,boot,300,,,True,0.0006485084306095,0.0193798449612403,0.0006883960372332,0.0154440154440154,1.335907335907336,2.673311184939092,"[[35.000003814697266, 4.000000476837158], [27.000001907348633, 3.000000238418579], 75.2699966430664]",0.5889637470245361,
fing_x_face,0,0.001,ri_V>face_C>face_G,3,HYP,GP,boot,300,,,False,,,,,,,,,
fing_x_face,0,0.001,ri_V>face_C>face_G,3,MONO,GP,boot,300,0.0494173232892861,0.049004758933423,True,0.0006485084306095,0.0155038759689922,0.0007183262997216,0.0154440154440154,1.1428571428571428,2.149202358504684,"[[28.000001907348633, 3.000000238418579], [0.6649300456047058, 0.5561800599098206], 75.3834228515625]",0.0350263118743896,
fing_x_face,0,0.001,ri_V>face_C>face_G,3,MONO-rel,GP,boot,300,0.0458066462623196,0.066500075648324,True,0.0006485084306095,0.0348837209302325,0.000598605249768,0.0193050193050193,1.1544401544401544,1.510340905689743,"[[30.000001907348633, 6.000000476837158], [0.6528100371360779, 0.5785900354385376], 75.21027374267578]",0.0442817211151123,
fing_x_face,0,0.001,ri_V>face_C>face_G,3,NLS-N2,GP,boot,300,0.048818545990118,0.0491811731255826,True,0.0006485084306095,0.0155038759689922,0.0007632216934542,0.0193050193050193,1.1544401544401544,2.110278052138517,"[[29.000001907348633, 3.000000238418579], [0.6638700366020203, 0.5611900687217712], 75.28327941894531]",0.0374825000762939,
fing_x_face,0,0.001,ri_V>face_C>face_G,3,DE-N2,GP,boot,300,0.0476641351509344,0.0472429524716414,True,0.0006485084306095,0.0155038759689922,0.0008530124809194,0.0154440154440154,1.1428571428571428,2.163434198317919,"[[28.000001907348633, 3.000000238418579], [0.6652000546455383, 0.5545600652694702], 75.28327941894531]",0.0361809730529785,
fing_x_face,0,0.001,ri_V>face_C>face_G,3,MAXMONO-K3,GP,boot,300,,,False,,,,,,,,,True
fing_x_face,0,0.001,ri_V>face_C>face_G,3,MONO-cont,GP,boot,300,0.0476745767531071,0.0472521901708328,True,0.0006485084306095,0.0155038759689922,0.0008530124809194,0.0154440154440154,1.1428571428571428,2.163434198317919,"[[28.000001907348633, 3.000000238418579], [0.6652000546455383, 0.5545600652694702], 75.28327941894531]",0.0459613800048828,
fing_x_face,0,0.001,ri_V>face_C>face_G,3,S1-Marcialis,rule,boot,300,,,True,0.000603263656381,0.0348837209302325,0.000972733530873,0.0308880308880308,1.2702702702702702,2.9829996109065875,"[[38.000003814697266, 3.0], [0.7145800590515137, -1.0], 75.05699920654297]",0.0067863464355468,
fing_x_face,0,0.001,ri_V>face_C>face_G,3,S2-Symmetric,rule,boot,300,,,True,0.000603263656381,0.0348837209302325,0.000972733530873,0.0308880308880308,1.2702702702702702,2.9829996109065875,"[[38.000003814697266, 3.0], [0.7145800590515137, -1.0], 75.05699920654297]",0.0336935520172119,
fing_x_face,0,0.001,ri_V>face_C>face_G,3,S3-SPRT,rule,boot,300,,,True,0.000603263656381,0.0077519379844961,0.0010026637933614,0.0,1.1891891891891893,2.090973032833498,"[[5.973914479562673, -4.230800395741762], [5.973914479562673, -4.230800395741762], 3.100495459839073]",0.1703970432281494,
fing_x_face,0,0.001,ri_V>face_C>face_G,3,S4-Direct,rule,boot,300,,,True,0.0006334268392,0.0155038759689922,0.0009128730058962,0.0077220077220077,1.1505791505791505,1.9876687318547783,"[[28.000001907348633, 3.000000238418579], [0.6723300814628601, 0.5870400667190552], 75.01026916503906]",0.4701273441314697,
fing_x_face,0,0.001,ri_V>face_C>li_V,3,HYP,GP,boot,300,,,False,,,,,,,,,
fing_x_face,0,0.001,ri_V>face_C>li_V,3,MONO,GP,boot,300,0.047615567471964,0.0465937617690692,True,0.0005580188821524,0.0232558139534883,0.0005686749872796,0.0077220077220077,1.1428571428571428,2.880443566490078,"[[28.000001907348633, 3.000000238418579], [0.661810040473938, -Infinity], 30.000001907348633]",0.0288264751434326,
fing_x_face,0,0.001,ri_V>face_C>li_V,3,MONO-rel,GP,boot,300,0.0463590367719463,0.0529018547071142,True,0.000603263656381,0.0426356589147286,0.0005686749872796,0.0193050193050193,1.1467181467181466,1.4148184729580078,"[[30.000001907348633, 7.000000476837158], [0.6467700600624084, 0.5554600358009338], 28.0]",0.0457072257995605,
fing_x_face,0,0.001,ri_V>face_C>li_V,3,NLS-N2,GP,boot,300,0.0474263386100299,0.0459940397981365,True,0.0006334268392,0.0232558139534883,0.000598605249768,0.0077220077220077,1.1583011583011582,2.845529915297357,"[[29.000001907348633, 3.000000238418579], [0.6601600646972656, 0.479170024394989], 30.0]",0.0383968353271484,
fing_x_face,0,0.001,ri_V>face_C>li_V,3,DE-N2,GP,boot,300,0.045714805210419,0.0448072888691473,True,0.0005429372907429,0.0232558139534883,0.000523779593547,0.0077220077220077,1.1428571428571428,2.880488461883811,"[[28.000001907348633, 3.000000238418579], [0.6632700562477112, -Infinity], 30.000001907348633]",0.0404937267303466,
fing_x_face,0,0.001,ri_V>face_C>li_V,3,MAXMONO-K3,GP,boot,300,,,False,,,,,,,,,True
fing_x_face,0,0.001,ri_V>face_C>li_V,3,MONO-cont,GP,boot,300,0.0457264508205368,0.0448180166163863,True,0.0005429372907429,0.0232558139534883,0.000523779593547,0.0077220077220077,1.1428571428571428,2.880488461883811,"[[28.000001907348633, 3.000000238418579], [0.6632700562477112, -Infinity], 30.000001907348633]",0.0337738990783691,
fing_x_face,0,0.001,ri_V>face_C>li_V,3,S1-Marcialis,rule,boot,300,,,True,0.0004373661508762,0.0387596899224806,0.0004938493310586,0.0231660231660231,1.2702702702702702,2.9829996109065875,"[[38.000003814697266, 3.0], [0.7145800590515137, -1.0], 27.0]",0.0071601867675781,
fing_x_face,0,0.001,ri_V>face_C>li_V,3,S2-Symmetric,rule,boot,300,,,True,0.0004373661508762,0.0387596899224806,0.0004938493310586,0.0231660231660231,1.2702702702702702,2.9829996109065875,"[[38.000003814697266, 3.0], [0.7145800590515137, -1.0], 27.0]",0.0321974754333496,
fing_x_face,0,0.001,ri_V>face_C>li_V,3,S3-SPRT,rule,boot,300,,,True,0.0005429372907429,0.0155038759689922,0.0005387447247912,0.0,1.1891891891891893,2.090973032833498,"[[5.973914479562673, -4.230800395741762], [5.973914479562673, -4.230800395741762], 1.1240976562118927]",0.1838641166687011,
fing_x_face,0,0.001,ri_V>face_C>li_V,3,S4-Direct,rule,boot,300,,,False,,,,,,,,,
fing_x_face,0,0.001,ri_V>face_G>face_C,3,HYP,GP,boot,300,,,False,,,,,,,,,
fing_x_face,0,0.001,ri_V>face_G>face_C,3,MONO,GP,boot,300,0.0524839253268249,0.0513625096035097,True,0.0006635900220191,0.0193798449612403,0.0005537098560354,0.0193050193050193,1.1583011583011582,2.210349884768489,"[[28.000001907348633, 3.000000238418579], [75.747314453125, 66.8984603881836], 0.6618099808692932]",0.0360989570617675,
fing_x_face,0,0.001,ri_V>face_G>face_C,3,MONO-rel,GP,boot,300,0.0470636185375188,0.0707174493557829,True,0.0006635900220191,0.0310077519379844,0.0007632216934542,0.0193050193050193,1.1428571428571428,1.514291700338212,"[[28.000001907348633, 6.000000476837158], [75.21028137207031, 72.30870056152344], 0.6576499938964844]",0.0423226356506347,
fing_x_face,0,0.001,ri_V>face_G>face_C,3,NLS-N2,GP,boot,300,0.0517616996418433,0.0516434748199922,True,0.0006635900220191,0.0193798449612403,0.0005537098560354,0.0193050193050193,1.1583011583011582,2.1541558169465147,"[[28.000001907348633, 3.000000238418579], [75.747314453125, 67.37449645996094], 0.6618099808692932]",0.0407700538635253,
fing_x_face,0,0.001,ri_V>face_G>face_C,3,DE-N2,GP,boot,300,0.050584714459348,0.0494491059266777,True,0.0006635900220191,0.0193798449612403,0.0005537098560354,0.0193050193050193,1.1583011583011582,2.2414623926251838,"[[28.000001907348633, 3.000000238418579], [75.747314453125, 66.75606536865234], 0.6618099808692932]",0.0359535217285156,
fing_x_face,0,0.001,ri_V>face_G>face_C,3,MAXMONO-K3,GP,boot,300,,,False,,,,,,,,,True
fing_x_face,0,0.001,ri_V>face_G>face_C,3,MONO-cont,GP,boot,300,0.0505937637094865,0.0494572165655395,True,0.0006635900220191,0.0193798449612403,0.0005537098560354,0.0193050193050193,1.1583011583011582,2.2414623926251838,"[[28.000001907348633, 3.000000238418579], [75.747314453125, 66.75606536865234], 0.6618099808692932]",0.0428912639617919,
fing_x_face,0,0.001,ri_V>face_G>face_C,3,S1-Marcialis,rule,boot,300,,,True,0.0005278556993333,0.0271317829457364,0.0005088144623028,0.0231660231660231,1.247104247104247,2.811244799616893,"[[38.000003814697266, 3.0], [76.3500747680664, 64.80564880371094], 0.6528099775314331]",0.0077345371246337,
fing_x_face,0,0.001,ri_V>face_G>face_C,3,S2-Symmetric,rule,boot,300,,,True,0.0005278556993333,0.0271317829457364,0.0005088144623028,0.0231660231660231,1.247104247104247,2.811244799616893,"[[38.000003814697266, 3.0], [76.3500747680664, 64.80564880371094], 0.6528099775314331]",0.0610570907592773,
fing_x_face,0,0.001,ri_V>face_G>face_C,3,S3-SPRT,rule,boot,300,,,True,0.000603263656381,0.0077519379844961,0.0009876986621172,0.0038610038610038,1.1891891891891893,2.105788512765257,"[[5.973914479562673, -4.230800395741762], [5.973914479562673, -4.230800395741762], 3.100495459839073]",0.1919052600860595,
fing_x_face,0,0.001,ri_V>face_G>face_C,3,S4-Direct,rule,boot,300,,,True,0.0006334268392,0.0193798449612403,0.000897907874652,0.0231660231660231,1.1891891891891893,2.3955134536529887,"[[35.000003814697266, 3.000000238418579], [75.23368835449219, 66.1951904296875], 0.660319983959198]",0.4685678482055664,
fing_x_face,0,0.001,ri_V>face_G>li_V,3,HYP,GP,boot,300,,,False,,,,,,,,,
fing_x_face,0,0.001,ri_V>face_G>li_V,3,MONO,GP,boot,300,0.0522481256649135,0.0496597386223447,True,0.0005278556993333,0.0232558139534883,0.0006135703810122,0.0115830115830115,1.1583011583011582,2.7157373320164018,"[[28.000001907348633, 3.000000238418579], [75.45633697509766, 64.8189697265625], 29.000001907348633]",0.0347812175750732,
fing_x_face,0,0.001,ri_V>face_G>li_V,3,MONO-rel,GP,boot,300,0.0487776128079794,0.0511151604242378,True,0.0006635900220191,0.0348837209302325,0.0008829427434078,0.0193050193050193,1.1274131274131274,1.424216575379366,"[[28.000001907348633, 7.000000476837158], [74.97111511230469, 66.98133087158203], 25.0]",0.0458984375,
fing_x_face,0,0.001,ri_V>face_G>li_V,3,NLS-N2,GP,boot,300,0.0518658030726102,0.0494983287084514,True,0.0005429372907429,0.0232558139534883,0.0006883960372332,0.0115830115830115,1.1544401544401544,2.715662506360181,"[[28.000001907348633, 3.000000238418579], [75.38343048095703, 64.8189697265625], 29.000001907348633]",0.0362980365753173,
fing_x_face,0,0.001,ri_V>face_G>li_V,3,DE-N2,GP,boot,300,0.050242120606865,0.0480149044976488,True,0.0005127741079238,0.0232558139534883,0.0005537098560354,0.0115830115830115,1.1583011583011582,2.715797192541378,"[[28.000001907348633, 3.000000238418579], [75.49686431884766, 64.8189697265625], 29.000001907348633]",0.0345404148101806,
fing_x_face,0,0.001,ri_V>face_G>li_V,3,MAXMONO-K3,GP,boot,300,,,False,,,,,,,,,True
fing_x_face,0,0.001,ri_V>face_G>li_V,3,MONO-cont,GP,boot,300,0.0502525619349664,0.0480244599381862,True,0.0005127741079238,0.0232558139534883,0.0005537098560354,0.0115830115830115,1.1583011583011582,2.715797192541378,"[[28.000001907348633, 3.000000238418579], [75.49686431884766, 64.8189697265625], 29.000001907348633]",0.0417995452880859,
fing_x_face,0,0.001,ri_V>face_G>li_V,3,S1-Marcialis,rule,boot,300,,,True,0.0005580188821524,0.0387596899224806,0.000523779593547,0.0154440154440154,1.247104247104247,2.811244799616893,"[[38.000003814697266, 3.0], [76.3500747680664, 64.80564880371094], 26.0]",0.006793737411499,
fing_x_face,0,0.001,ri_V>face_G>li_V,3,S2-Symmetric,rule,boot,300,,,True,0.0005580188821524,0.0387596899224806,0.000523779593547,0.0154440154440154,1.247104247104247,2.811244799616893,"[[38.000003814697266, 3.0], [76.3500747680664, 64.80564880371094], 26.0]",0.0434880256652832,
fing_x_face,0,0.001,ri_V>face_G>li_V,3,S3-SPRT,rule,boot,300,,,True,0.0005731004735619,0.0155038759689922,0.0006135703810122,0.0077220077220077,1.1891891891891893,2.105788512765257,"[[5.973914479562673, -4.230800395741762], [5.973914479562673, -4.230800395741762], 1.1551005886058088]",0.1717700958251953,
fing_x_face,0,0.001,ri_V>face_G>li_V,3,S4-Direct,rule,boot,300,,,True,0.0005881820649714,0.0232558139534883,0.0008679776121636,0.0115830115830115,1.1737451737451738,2.395453593128012,"[[31.000001907348633, 3.000000238418579], [75.23368835449219, 66.1951904296875], 28.0]",0.4364509582519531,
fing_x_face,0,0.001,ri_V>li_V>face_C,3,HYP,GP,boot,300,,,False,,,,,,,,,
fing_x_face,0,0.001,ri_V>li_V>face_C,3,MONO,GP,boot,300,0.0543272729244569,0.0501137680243694,True,0.000603263656381,0.0426356589147286,0.0005088144623028,0.0231660231660231,1.166023166023166,2.1955493699679747,"[[27.000001907348633, 3.000000238418579], [30.000001907348633, 8.000000953674316], 0.6545500159263611]",0.0361835956573486,
fing_x_face,0,0.001,ri_V>li_V>face_C,3,MONO-rel,GP,boot,300,0.050915231155723,0.0530625520272014,True,0.0006183452477905,0.0542635658914728,0.0005088144623028,0.0424710424710424,1.1467181467181466,1.9827751339379247,"[[27.000001907348633, 3.000000238418579], [30.000001907348633, 13.000000953674316], 0.6362400054931641]",0.0303263664245605,
fing_x_face,0,0.001,ri_V>li_V>face_C,3,NLS-N2,GP,boot,300,0.054187757005527,0.0505628854165069,True,0.000603263656381,0.0426356589147286,0.0004639190685702,0.0308880308880308,1.1583011583011582,2.1201101433659573,"[[27.000001907348633, 3.000000238418579], [30.000001907348633, 9.000000953674316], 0.6543499827384949]",0.0358531475067138,
fing_x_face,0,0.001,ri_V>li_V>face_C,3,DE-N2,GP,boot,300,0.0523280433613385,0.0483084680153187,True,0.000603263656381,0.0426356589147286,0.0005088144623028,0.0231660231660231,1.166023166023166,2.1955493699679747,"[[27.000001907348633, 3.000000238418579], [30.000001907348633, 8.000000953674316], 0.6545500159263611]",0.0360360145568847,
fing_x_face,0,0.001,ri_V>li_V>face_C,3,MAXMONO-K3,GP,boot,300,0.1249240097814369,0.1940725792772124,True,0.0006334268392,0.0697674418604651,0.0004938493310586,0.0579150579150579,1.111969111969112,1.3401873634431771,"[[26.000001907348633, 7.000000476837158], [28.000001907348633, 16.000001907348633], 0.666610062122345]",0.057666540145874,
fing_x_face,0,0.001,ri_V>li_V>face_C,3,MONO-cont,GP,boot,300,0.0523374785168727,0.0483173971571436,True,0.000603263656381,0.0426356589147286,0.0005088144623028,0.0231660231660231,1.166023166023166,2.1955493699679747,"[[27.000001907348633, 3.000000238418579], [30.000001907348633, 8.000000953674316], 0.6545500159263611]",0.0392661094665527,
fing_x_face,0,0.001,ri_V>li_V>face_C,3,S1-Marcialis,rule,boot,300,,,True,0.0005429372907429,0.0232558139534883,0.0006435006435006,0.0115830115830115,1.2895752895752897,2.8451557870162523,"[[38.000003814697266, 3.0], [35.000003814697266, 5.0], 0.6496800184249878]",0.0082859992980957,
fing_x_face,0,0.001,ri_V>li_V>face_C,3,S2-Symmetric,rule,boot,300,,,True,0.0005429372907429,0.0232558139534883,0.0006435006435006,0.0115830115830115,1.2895752895752897,2.8451557870162523,"[[38.000003814697266, 3.0], [35.000003814697266, 5.0], 0.6496800184249878]",0.0267653465270996,
fing_x_face,0,0.001,ri_V>li_V>face_C,3,S3-SPRT,rule,boot,300,,,True,0.0005127741079238,0.0348837209302325,0.0005537098560354,0.0154440154440154,1.2162162162162162,2.091347161114603,"[[5.973914479562673, -4.230800395741762], [5.973914479562673, -4.230800395741762], 1.0986029702009699]",0.1870334148406982,
fing_x_face,0,0.001,ri_V>li_V>face_C,3,S4-Direct,rule,boot,300,,,True,0.0005881820649714,0.0232558139534883,0.0005387447247912,0.0077220077220077,1.204633204633205,2.754691568645057,"[[28.000001907348633, 3.000000238418579], [35.000003814697266, 4.000000476837158], 0.6567800045013428]",0.4559769630432129,
fing_x_face,0,0.001,ri_V>li_V>face_G,3,HYP,GP,boot,300,,,False,,,,,,,,,
fing_x_face,0,0.001,ri_V>li_V>face_G,3,MONO,GP,boot,300,0.0559857471549522,0.0511391190492554,True,0.000603263656381,0.0348837209302325,0.000598605249768,0.0308880308880308,1.1583011583011582,2.1201101433659573,"[[27.000001907348633, 3.000000238418579], [30.000001907348633, 9.000000953674316], 75.01026916503906]",0.0320727825164794,
fing_x_face,0,0.001,ri_V>li_V>face_G,3,MONO-rel,GP,boot,300,0.0521011541252029,0.0530578970589091,True,0.0005881820649714,0.0503875968992248,0.0005537098560354,0.0424710424710424,1.1467181467181466,1.9827751339379247,"[[27.000001907348633, 3.000000238418579], [30.000001907348633, 13.000000953674316], 74.43785858154297]",0.027245283126831,
fing_x_face,0,0.001,ri_V>li_V>face_G,3,NLS-N2,GP,boot,300,0.0558148841544006,0.0512655179738534,True,0.000603263656381,0.0348837209302325,0.000598605249768,0.0308880308880308,1.1583011583011582,2.1201101433659573,"[[27.000001907348633, 3.000000238418579], [30.000001907348633, 9.000000953674316], 75.01026916503906]",0.053363561630249,
fing_x_face,0,0.001,ri_V>li_V>face_G,3,DE-N2,GP,boot,300,0.0539978661943199,0.0493676697845934,True,0.000603263656381,0.0348837209302325,0.000598605249768,0.0308880308880308,1.1583011583011582,2.1201101433659573,"[[27.000001907348633, 3.000000238418579], [30.000001907348633, 9.000000953674316], 75.01026916503906]",0.0360510349273681,
fing_x_face,0,0.001,ri_V>li_V>face_G,3,MAXMONO-K3,GP,boot,300,,,False,,,,,,,,,True
fing_x_face,0,0.001,ri_V>li_V>face_G,3,MONO-cont,GP,boot,300,0.0540074595489373,0.049376912073229,True,0.000603263656381,0.0348837209302325,0.000598605249768,0.0308880308880308,1.1583011583011582,2.1201101433659573,"[[27.000001907348633, 3.000000238418579], [30.000001907348633, 9.000000953674316], 75.01026916503906]",0.0392971038818359,
fing_x_face,0,0.001,ri_V>li_V>face_G,3,S1-Marcialis,rule,boot,300,,,True,0.0005580188821524,0.0310077519379844,0.001047559187094,0.0077220077220077,1.2895752895752897,2.8451557870162523,"[[38.000003814697266, 3.0], [35.000003814697266, 5.0], 75.01026916503906]",0.0073602199554443,
fing_x_face,0,0.001,ri_V>li_V>face_G,3,S2-Symmetric,rule,boot,300,,,True,0.0005580188821524,0.0310077519379844,0.001047559187094,0.0077220077220077,1.2895752895752897,2.8451557870162523,"[[38.000003814697266, 3.0], [35.000003814697266, 5.0], 75.01026916503906]",0.0224878787994384,
fing_x_face,0,0.001,ri_V>li_V>face_G,3,S3-SPRT,rule,boot,300,,,True,0.0005731004735619,0.0310077519379844,0.0006285355122564,0.0154440154440154,1.2162162162162162,2.091347161114603,"[[5.973914479562673, -4.230800395741762], [5.973914479562673, -4.230800395741762], 1.1551005886058088]",0.1736640930175781,
fing_x_face,0,0.001,ri_V>li_V>face_G,3,S4-Direct,rule,boot,300,,,True,0.0006334268392,0.0232558139534883,0.0005686749872796,0.0193050193050193,1.1853281853281854,2.7543773008889287,"[[28.000001907348633, 3.000000238418579], [27.000001907348633, 4.000000476837158], 75.91118621826172]",0.4461860656738281,
fing_x_face,0,0.001,face_C>face_G>li_V>ri_V,4,HYP,GP,boot,300,,,False,,,,,,,,,
fing_x_face,0,0.001,face_C>face_G>li_V>ri_V,4,MONO,GP,boot,300,,,False,,,,,,,,,True
fing_x_face,0,0.001,face_C>face_G>li_V>ri_V,4,MONO-rel,GP,boot,300,,,False,,,,,,,,,True
fing_x_face,0,0.001,face_C>face_G>li_V>ri_V,4,NLS-N2,GP,boot,300,,,False,,,,,,,,,True
fing_x_face,0,0.001,face_C>face_G>li_V>ri_V,4,DE-N2,GP,boot,300,,,False,,,,,,,,,True
fing_x_face,0,0.001,face_C>face_G>li_V>ri_V,4,MAXMONO-K3,GP,boot,300,,,False,,,,,,,,,True
fing_x_face,0,0.001,face_C>face_G>li_V>ri_V,4,MONO-cont,GP,boot,300,,,False,,,,,,,,,True
fing_x_face,0,0.001,face_C>face_G>li_V>ri_V,4,S1-Marcialis,rule,boot,300,,,True,0.000603263656381,0.0193798449612403,0.0004190236748376,0.0154440154440154,1.864864864864865,3.537053664960642,"[[0.7145800590515137, -1.0], [76.3500747680664, 64.80564880371094], [35.000003814697266, 5.0], 26.0]",0.0083057880401611,
fing_x_face,0,0.001,face_C>face_G>li_V>ri_V,4,S2-Symmetric,rule,boot,300,,,True,0.000603263656381,0.0193798449612403,0.0004190236748376,0.0154440154440154,1.864864864864865,3.537053664960642,"[[0.7145800590515137, -1.0], [76.3500747680664, 64.80564880371094], [35.000003814697266, 5.0], 26.0]",0.0620341300964355,
fing_x_face,0,0.001,face_C>face_G>li_V>ri_V,4,S3-SPRT,rule,boot,300,,,True,0.0005429372907429,0.0271317829457364,0.0006285355122564,0.0347490347490347,1.5637065637065637,1.330983807727994,"[[7.983431868457279, -2.436578042085005], [7.983431868457279, -2.436578042085005], [7.983431868457279, -2.436578042085005], 1.673759886823695]",0.1470611095428466,
fing_x_face,0,0.001,face_C>face_G>li_V>ri_V,4,S4-Direct,rule,boot,300,,,False,,,,,,,,,
fing_x_face,0,0.001,face_C>face_G>ri_V>li_V,4,HYP,GP,boot,300,,,False,,,,,,,,,
fing_x_face,0,0.001,face_C>face_G>ri_V>li_V,4,MONO,GP,boot,300,,,False,,,,,,,,,True
fing_x_face,0,0.001,face_C>face_G>ri_V>li_V,4,MONO-rel,GP,boot,300,,,False,,,,,,,,,True
fing_x_face,0,0.001,face_C>face_G>ri_V>li_V,4,NLS-N2,GP,boot,300,,,False,,,,,,,,,True
fing_x_face,0,0.001,face_C>face_G>ri_V>li_V,4,DE-N2,GP,boot,300,,,False,,,,,,,,,True
fing_x_face,0,0.001,face_C>face_G>ri_V>li_V,4,MAXMONO-K3,GP,boot,300,,,False,,,,,,,,,True
fing_x_face,0,0.001,face_C>face_G>ri_V>li_V,4,MONO-cont,GP,boot,300,,,False,,,,,,,,,True
fing_x_face,0,0.001,face_C>face_G>ri_V>li_V,4,S1-Marcialis,rule,boot,300,,,True,0.0005580188821524,0.0232558139534883,0.000523779593547,0.0077220077220077,1.861003861003861,3.64712220526174,"[[0.7145800590515137, -1.0], [76.3500747680664, 64.80564880371094], [38.000003814697266, 3.0], 26.0]",0.0098068714141845,
fing_x_face,0,0.001,face_C>face_G>ri_V>li_V,4,S2-Symmetric,rule,boot,300,,,True,0.0005580188821524,0.0232558139534883,0.000523779593547,0.0077220077220077,1.861003861003861,3.64712220526174,"[[0.7145800590515137, -1.0], [76.3500747680664, 64.80564880371094], [38.000003814697266, 3.0], 26.0]",0.0656347274780273,
fing_x_face,0,0.001,face_C>face_G>ri_V>li_V,4,S3-SPRT,rule,boot,300,,,True,0.0005580188821524,0.0232558139534883,0.0006285355122564,0.0347490347490347,1.5637065637065637,1.3261800005986053,"[[7.983431868457279, -2.436578042085005], [7.983431868457279, -2.436578042085005], [7.983431868457279, -2.436578042085005], 1.673759886823695]",0.1517877578735351,
fing_x_face,0,0.001,face_C>face_G>ri_V>li_V,4,S4-Direct,rule,boot,300,,,True,0.0005580188821524,0.0155038759689922,0.0005686749872796,0.0115830115830115,1.386100386100386,2.107075514052258,"[[0.6567800641059875, 0.5338900685310364], [76.3500747680664, 63.75760269165039], [28.000001907348633, 6.000000476837158], 29.0]",1.1888539791107178,
fing_x_face,0,0.001,face_C>li_V>face_G>ri_V,4,HYP,GP,boot,300,,,False,,,,,,,,,
fing_x_face,0,0.001,face_C>li_V>face_G>ri_V,4,MONO,GP,boot,300,,,False,,,,,,,,,True
fing_x_face,0,0.001,face_C>li_V>face_G>ri_V,4,MONO-rel,GP,boot,300,,,False,,,,,,,,,True
fing_x_face,0,0.001,face_C>li_V>face_G>ri_V,4,NLS-N2,GP,boot,300,,,False,,,,,,,,,True
fing_x_face,0,0.001,face_C>li_V>face_G>ri_V,4,DE-N2,GP,boot,300,,,False,,,,,,,,,True
fing_x_face,0,0.001,face_C>li_V>face_G>ri_V,4,MAXMONO-K3,GP,boot,300,,,False,,,,,,,,,True
fing_x_face,0,0.001,face_C>li_V>face_G>ri_V,4,MONO-cont,GP,boot,300,,,False,,,,,,,,,True
fing_x_face,0,0.001,face_C>li_V>face_G>ri_V,4,S1-Marcialis,rule,boot,300,,,True,0.000603263656381,0.0193798449612403,0.0004190236748376,0.0154440154440154,1.617760617760618,3.568704917542127,"[[0.7145800590515137, -1.0], [35.000003814697266, 5.0], [76.3500747680664, 64.80564880371094], 26.0]",0.0087513923645019,
fing_x_face,0,0.001,face_C>li_V>face_G>ri_V,4,S2-Symmetric,rule,boot,300,,,True,0.000603263656381,0.0193798449612403,0.0004190236748376,0.0154440154440154,1.617760617760618,3.568704917542127,"[[0.7145800590515137, -1.0], [35.000003814697266, 5.0], [76.3500747680664, 64.80564880371094], 26.0]",0.0640325546264648,
fing_x_face,0,0.001,face_C>li_V>face_G>ri_V,4,S3-SPRT,rule,boot,300,,,True,0.0005278556993333,0.0155038759689922,0.0007332914309658,0.0193050193050193,1.4401544401544402,1.2944838526233875,"[[7.983431868457279, -2.436578042085005], [7.983431868457279, -2.436578042085005], [7.983431868457279, -2.436578042085005], 1.3320933626775302]",0.2037007808685302,
fing_x_face,0,0.001,face_C>li_V>face_G>ri_V,4,S4-Direct,rule,boot,300,,,False,,,,,,,,,
fing_x_face,0,0.001,face_C>li_V>ri_V>face_G,4,HYP,GP,boot,300,,,False,,,,,,,,,
fing_x_face,0,0.001,face_C>li_V>ri_V>face_G,4,MONO,GP,boot,300,,,False,,,,,,,,,True
fing_x_face,0,0.001,face_C>li_V>ri_V>face_G,4,MONO-rel,GP,boot,300,,,False,,,,,,,,,True
fing_x_face,0,0.001,face_C>li_V>ri_V>face_G,4,NLS-N2,GP,boot,300,,,False,,,,,,,,,True
fing_x_face,0,0.001,face_C>li_V>ri_V>face_G,4,DE-N2,GP,boot,300,,,False,,,,,,,,,True
fing_x_face,0,0.001,face_C>li_V>ri_V>face_G,4,MAXMONO-K3,GP,boot,300,,,False,,,,,,,,,True
fing_x_face,0,0.001,face_C>li_V>ri_V>face_G,4,MONO-cont,GP,boot,300,,,False,,,,,,,,,True
fing_x_face,0,0.001,face_C>li_V>ri_V>face_G,4,S1-Marcialis,rule,boot,300,,,True,0.0005580188821524,0.0271317829457364,0.001047559187094,0.0,1.6023166023166022,3.712684445242585,"[[0.7145800590515137, -1.0], [35.000003814697266, 5.0], [38.000003814697266, 3.0], 75.01026916503906]",0.008392333984375,
fing_x_face,0,0.001,face_C>li_V>ri_V>face_G,4,S2-Symmetric,rule,boot,300,,,True,0.0005580188821524,0.0271317829457364,0.001047559187094,0.0,1.6023166023166022,3.712684445242585,"[[0.7145800590515137, -1.0], [35.000003814697266, 5.0], [38.000003814697266, 3.0], 75.01026916503906]",0.0382075309753418,
fing_x_face,0,0.001,face_C>li_V>ri_V>face_G,4,S3-SPRT,rule,boot,300,,,True,0.0005580188821524,0.0155038759689922,0.000673430905989,0.0193050193050193,1.4324324324324325,1.2853850528269133,"[[7.983431868457279, -2.436578042085005], [7.983431868457279, -2.436578042085005], [7.983431868457279, -2.436578042085005], 1.1733207514215112]",0.1726293563842773,
fing_x_face,0,0.001,face_C>li_V>ri_V>face_G,4,S4-Direct,rule,boot,300,,,False,,,,,,,,,
fing_x_face,0,0.001,face_C>ri_V>face_G>li_V,4,HYP,GP,boot,300,,,False,,,,,,,,,
fing_x_face,0,0.001,face_C>ri_V>face_G>li_V,4,MONO,GP,boot,300,,,False,,,,,,,,,True
fing_x_face,0,0.001,face_C>ri_V>face_G>li_V,4,MONO-rel,GP,boot,300,,,False,,,,,,,,,True
fing_x_face,0,0.001,face_C>ri_V>face_G>li_V,4,NLS-N2,GP,boot,300,,,False,,,,,,,,,True
fing_x_face,0,0.001,face_C>ri_V>face_G>li_V,4,DE-N2,GP,boot,300,,,False,,,,,,,,,True
fing_x_face,0,0.001,face_C>ri_V>face_G>li_V,4,MAXMONO-K3,GP,boot,300,,,False,,,,,,,,,True
fing_x_face,0,0.001,face_C>ri_V>face_G>li_V,4,MONO-cont,GP,boot,300,,,False,,,,,,,,,True
fing_x_face,0,0.001,face_C>ri_V>face_G>li_V,4,S1-Marcialis,rule,boot,300,,,True,0.0005580188821524,0.0232558139534883,0.000523779593547,0.0077220077220077,1.613899613899614,3.811244799616893,"[[0.7145800590515137, -1.0], [38.000003814697266, 3.0], [76.3500747680664, 64.80564880371094], 26.0]",0.0072405338287353,
fing_x_face,0,0.001,face_C>ri_V>face_G>li_V,4,S2-Symmetric,rule,boot,300,,,True,0.0005580188821524,0.0232558139534883,0.000523779593547,0.0077220077220077,1.613899613899614,3.811244799616893,"[[0.7145800590515137, -1.0], [38.000003814697266, 3.0], [76.3500747680664, 64.80564880371094], 26.0]",0.0587220191955566,
fing_x_face,0,0.001,face_C>ri_V>face_G>li_V,4,S3-SPRT,rule,boot,300,,,True,0.0005278556993333,0.0077519379844961,0.00074825656221,0.0154440154440154,1.4362934362934363,1.2781718595672085,"[[7.983431868457279, -2.436578042085005], [7.983431868457279, -2.436578042085005], [7.983431868457279, -2.436578042085005], 1.3320933626775302]",0.1716187000274658,
fing_x_face,0,0.001,face_C>ri_V>face_G>li_V,4,S4-Direct,rule,boot,300,,,True,0.0006183452477905,0.0155038759689922,0.0006285355122564,0.0115830115830115,1.2548262548262548,1.919517524168687,"[[0.663550078868866, 0.5294500589370728], [28.000001907348633, 6.000000476837158], [75.38343048095703, 66.1951904296875], 28.0]",1.1694402694702148,
fing_x_face,0,0.001,face_C>ri_V>li_V>face_G,4,HYP,GP,boot,300,,,False,,,,,,,,,
fing_x_face,0,0.001,face_C>ri_V>li_V>face_G,4,MONO,GP,boot,300,,,False,,,,,,,,,True
fing_x_face,0,0.001,face_C>ri_V>li_V>face_G,4,MONO-rel,GP,boot,300,,,False,,,,,,,,,True
fing_x_face,0,0.001,face_C>ri_V>li_V>face_G,4,NLS-N2,GP,boot,300,,,False,,,,,,,,,True
fing_x_face,0,0.001,face_C>ri_V>li_V>face_G,4,DE-N2,GP,boot,300,,,False,,,,,,,,,True
fing_x_face,0,0.001,face_C>ri_V>li_V>face_G,4,MAXMONO-K3,GP,boot,300,,,False,,,,,,,,,True
fing_x_face,0,0.001,face_C>ri_V>li_V>face_G,4,MONO-cont,GP,boot,300,,,False,,,,,,,,,True
fing_x_face,0,0.001,face_C>ri_V>li_V>face_G,4,S1-Marcialis,rule,boot,300,,,True,0.0005580188821524,0.0271317829457364,0.001047559187094,0.0,1.6023166023166022,3.845155787016252,"[[0.7145800590515137, -1.0], [38.000003814697266, 3.0], [35.000003814697266, 5.0], 75.01026916503906]",0.0081994533538818,
fing_x_face,0,0.001,face_C>ri_V>li_V>face_G,4,S2-Symmetric,rule,boot,300,,,True,0.0005580188821524,0.0271317829457364,0.001047559187094,0.0,1.6023166023166022,3.845155787016252,"[[0.7145800590515137, -1.0], [38.000003814697266, 3.0], [35.000003814697266, 5.0], 75.01026916503906]",0.0421319007873535,
fing_x_face,0,0.001,face_C>ri_V>li_V>face_G,4,S3-SPRT,rule,boot,300,,,True,0.0005580188821524,0.0077519379844961,0.000673430905989,0.0154440154440154,1.4362934362934363,1.2733530873065757,"[[7.983431868457279, -2.436578042085005], [7.983431868457279, -2.436578042085005], [7.983431868457279, -2.436578042085005], 1.2520306742130132]",0.189368724822998,
fing_x_face,0,0.001,face_C>ri_V>li_V>face_G,4,S4-Direct,rule,boot,300,,,False,,,,,,,,,
fing_x_face,0,0.001,face_G>face_C>li_V>ri_V,4,HYP,GP,boot,300,,,False,,,,,,,,,
fing_x_face,0,0.001,face_G>face_C>li_V>ri_V,4,MONO,GP,boot,300,,,False,,,,,,,,,True
fing_x_face,0,0.001,face_G>face_C>li_V>ri_V,4,MONO-rel,GP,boot,300,,,False,,,,,,,,,True
fing_x_face,0,0.001,face_G>face_C>li_V>ri_V,4,NLS-N2,GP,boot,300,,,False,,,,,,,,,True
fing_x_face,0,0.001,face_G>face_C>li_V>ri_V,4,DE-N2,GP,boot,300,,,False,,,,,,,,,True
fing_x_face,0,0.001,face_G>face_C>li_V>ri_V,4,MAXMONO-K3,GP,boot,300,,,False,,,,,,,,,True
fing_x_face,0,0.001,face_G>face_C>li_V>ri_V,4,MONO-cont,GP,boot,300,,,False,,,,,,,,,True
fing_x_face,0,0.001,face_G>face_C>li_V>ri_V,4,S1-Marcialis,rule,boot,300,,,True,0.000603263656381,0.0193798449612403,0.0004190236748376,0.0154440154440154,1.7374517374517375,3.364430876058783,"[[76.3500747680664, 64.80564880371094], [0.7145800590515137, -1.0], [35.000003814697266, 5.0], 26.0]",0.0089802742004394,
fing_x_face,0,0.001,face_G>face_C>li_V>ri_V,4,S2-Symmetric,rule,boot,300,,,True,0.000603263656381,0.0193798449612403,0.0004190236748376,0.0154440154440154,1.7374517374517375,3.364430876058783,"[[76.3500747680664, 64.80564880371094], [0.7145800590515137, -1.0], [35.000003814697266, 5.0], 26.0]",0.0647735595703125,
fing_x_face,0,0.001,face_G>face_C>li_V>ri_V,4,S3-SPRT,rule,boot,300,,,True,0.0005881820649714,0.0193798449612403,0.0007033611684774,0.0115830115830115,1.498069498069498,2.065951333393194,"[[6.76645015119823, -3.750223409229389], [6.76645015119823, -3.750223409229389], [6.76645015119823, -3.750223409229389], 2.2321922237931524]",0.1710684299468994,
fing_x_face,0,0.001,face_G>face_C>li_V>ri_V,4,S4-Direct,rule,boot,300,,,False,,,,,,,,,
fing_x_face,0,0.001,face_G>face_C>ri_V>li_V,4,HYP,GP,boot,300,,,False,,,,,,,,,
fing_x_face,0,0.001,face_G>face_C>ri_V>li_V,4,MONO,GP,boot,300,0.0679827425735474,0.066925461864484,True,0.0006334268392,0.0193798449612403,0.0008829427434078,0.0077220077220077,1.4285714285714286,3.424650564185448,"[[75.20556640625, 64.8189697265625], [0.6652000546455383, -Infinity], [34.000003814697266, 3.000000238418579], 35.0]",0.0482833385467529,
fing_x_face,0,0.001,face_G>face_C>ri_V>li_V,4,MONO-rel,GP,boot,300,,,False,,,,,,,,,True
fing_x_face,0,0.001,face_G>face_C>ri_V>li_V,4,NLS-N2,GP,boot,300,0.061864886997856,0.0615635487274597,True,0.0006485084306095,0.0193798449612403,0.0008829427434078,0.0077220077220077,1.4285714285714286,3.424650564185448,"[[75.20691680908203, 64.8189697265625], [0.6649300456047058, -Infinity], [34.000003814697266, 3.000000238418579], 35.0]",0.0534546375274658,
fing_x_face,0,0.001,face_G>face_C>ri_V>li_V,4,DE-N2,GP,boot,300,0.0697617486700934,0.0686061940822137,True,0.0006183452477905,0.0193798449612403,0.0008679776121636,0.0077220077220077,1.4285714285714286,3.4246655293166923,"[[75.19648742675781, 64.8189697265625], [0.666610062122345, -Infinity], [34.000003814697266, 3.000000238418579], 35.0]",0.0537006855010986,
fing_x_face,0,0.001,face_G>face_C>ri_V>li_V,4,MAXMONO-K3,GP,boot,300,,,False,,,,,,,,,True
fing_x_face,0,0.001,face_G>face_C>ri_V>li_V,4,MONO-cont,GP,boot,300,0.0697520201370531,0.0685969814920228,True,0.0006183452477905,0.0193798449612403,0.0008679776121636,0.0077220077220077,1.4285714285714286,3.4246655293166923,"[[75.19648742675781, 64.8189697265625], [0.666610062122345, -Infinity], [34.000003814697266, 3.000000238418579], 35.0]",0.0521290302276611,
fing_x_face,0,0.001,face_G>face_C>ri_V>li_V,4,S1-Marcialis,rule,boot,300,,,True,0.0005580188821524,0.0232558139534883,0.000523779593547,0.0077220077220077,1.7335907335907337,3.474499416359881,"[[76.3500747680664, 64.80564880371094], [0.7145800590515137, -1.0], [38.000003814697266, 3.0], 26.0]",0.0088336467742919,
fing_x_face,0,0.001,face_G>face_C>ri_V>li_V,4,S2-Symmetric,rule,boot,300,,,True,0.0005580188821524,0.0232558139534883,0.000523779593547,0.0077220077220077,1.7335907335907337,3.474499416359881,"[[76.3500747680664, 64.80564880371094], [0.7145800590515137, -1.0], [38.000003814697266, 3.0], 26.0]",0.0677802562713623,
fing_x_face,0,0.001,face_G>face_C>ri_V>li_V,4,S3-SPRT,rule,boot,300,,,True,0.0005881820649714,0.0155038759689922,0.0007033611684774,0.0115830115830115,1.494208494208494,2.055834904672114,"[[6.76645015119823, -3.750223409229389], [6.76645015119823, -3.750223409229389], [6.76645015119823, -3.750223409229389], 2.232192223793153]",0.1734106540679931,
fing_x_face,0,0.001,face_G>face_C>ri_V>li_V,4,S4-Direct,rule,boot,300,,,True,0.0005580188821524,0.0116279069767441,0.0004788841998144,0.0115830115830115,1.5675675675675675,2.6300320253808627,"[[76.3500747680664, 63.75760269165039], [0.663550078868866, 0.5294500589370728], [28.000001907348633, 6.000000476837158], 27.0]",0.9898061752319336,
fing_x_face,0,0.001,face_G>li_V>face_C>ri_V,4,HYP,GP,boot,300,,,False,,,,,,,,,
fing_x_face,0,0.001,face_G>li_V>face_C>ri_V,4,MONO,GP,boot,300,0.0825995105018865,0.0799717592895986,True,0.000603263656381,0.0271317829457364,0.0010325940558498,0.0038610038610038,1.274131274131274,2.967944688874921,"[[75.06668090820312, 64.8189697265625], [33.000003814697266, 5.000000476837158], [0.6723300814628601, -Infinity], 38.0]",0.0589983463287353,
fing_x_face,0,0.001,face_G>li_V>face_C>ri_V,4,MONO-rel,GP,boot,300,,,False,,,,,,,,,True
fing_x_face,0,0.001,face_G>li_V>face_C>ri_V,4,NLS-N2,GP,boot,300,0.0767456887459807,0.0756924563869333,True,0.000603263656381,0.0271317829457364,0.0010325940558498,0.0038610038610038,1.274131274131274,2.8788871928406814,"[[75.06668090820312, 64.8189697265625], [33.000003814697266, 5.000000476837158], [0.6723300814628601, 0.5031800866127014], 38.0]",0.0639359951019287,
fing_x_face,0,0.001,face_G>li_V>face_C>ri_V,4,DE-N2,GP,boot,300,0.0844343885731572,0.0814085623644136,True,0.0005881820649714,0.0348837209302325,0.0010176289246056,0.0038610038610038,1.274131274131274,2.9679596540061657,"[[75.06217956542969, 64.8189697265625], [33.000003814697266, 5.000000476837158], [0.6843500733375549, -Infinity], 38.000003814697266]",0.0663590431213378,
fing_x_face,0,0.001,face_G>li_V>face_C>ri_V,4,MAXMONO-K3,GP,boot,300,,,False,,,,,,,,,True
fing_x_face,0,0.001,face_G>li_V>face_C>ri_V,4,MONO-cont,GP,boot,300,0.0844187567086079,0.0813967529290453,True,0.0005881820649714,0.0348837209302325,0.0010176289246056,0.0038610038610038,1.274131274131274,2.9679596540061657,"[[75.06217956542969, 64.8189697265625], [33.000003814697266, 5.000000476837158], [0.6843500733375549, -Infinity], 38.000003814697266]",0.0831198692321777,
fing_x_face,0,0.001,face_G>li_V>face_C>ri_V,4,S1-Marcialis,rule,boot,300,,,True,0.000603263656381,0.0193798449612403,0.0004190236748376,0.0154440154440154,1.4671814671814671,3.246730118823142,"[[76.3500747680664, 64.80564880371094], [35.000003814697266, 5.0], [0.7145800590515137, -1.0], 26.0]",0.0096025466918945,
fing_x_face,0,0.001,face_G>li_V>face_C>ri_V,4,S2-Symmetric,rule,boot,300,,,True,0.000603263656381,0.0193798449612403,0.0004190236748376,0.0154440154440154,1.4671814671814671,3.246730118823142,"[[76.3500747680664, 64.80564880371094], [35.000003814697266, 5.0], [0.7145800590515137, -1.0], 26.0]",0.0706870555877685,
fing_x_face,0,0.001,face_G>li_V>face_C>ri_V,4,S3-SPRT,rule,boot,300,,,True,0.0005580188821524,0.0116279069767441,0.0007332914309658,0.0115830115830115,1.3783783783783785,2.056583161234324,"[[6.76645015119823, -3.750223409229389], [6.76645015119823, -3.750223409229389], [6.76645015119823, -3.750223409229389], 1.5304080906420205]",0.2214210033416748,
fing_x_face,0,0.001,face_G>li_V>face_C>ri_V,4,S4-Direct,rule,boot,300,,,False,,,,,,,,,
fing_x_face,0,0.001,face_G>li_V>ri_V>face_C,4,HYP,GP,boot,300,,,False,,,,,,,,,
fing_x_face,0,0.001,face_G>li_V>ri_V>face_C,4,MONO,GP,boot,300,,,False,,,,,,,,,True
fing_x_face,0,0.001,face_G>li_V>ri_V>face_C,4,MONO-rel,GP,boot,300,0.058873488400126,0.0726681859023721,True,0.000603263656381,0.0310077519379844,0.0010625243183382,0.0038610038610038,1.250965250965251,2.4052108586992307,"[[75.06668090820312, 64.8189697265625], [30.000001907348633, 5.000000476837158], [38.000003814697266, 16.000001907348633], 0.6491699814796448]",0.0569491386413574,
fing_x_face,0,0.001,face_G>li_V>ri_V>face_C,4,NLS-N2,GP,boot,300,,,False,,,,,,,,,True
fing_x_face,0,0.001,face_G>li_V>ri_V>face_C,4,DE-N2,GP,boot,300,,,False,,,,,,,,,True
fing_x_face,0,0.001,face_G>li_V>ri_V>face_C,4,MAXMONO-K3,GP,boot,300,,,False,,,,,,,,,True
fing_x_face,0,0.001,face_G>li_V>ri_V>face_C,4,MONO-cont,GP,boot,300,,,False,,,,,,,,,True
fing_x_face,0,0.001,face_G>li_V>ri_V>face_C,4,S1-Marcialis,rule,boot,300,,,True,0.0005429372907429,0.0155038759689922,0.0006584657747448,0.0038610038610038,1.4401544401544402,3.2419562419562418,"[[76.3500747680664, 64.80564880371094], [35.000003814697266, 5.0], [38.000003814697266, 3.0], 0.6496800184249878]",0.0096743106842041,
fing_x_face,0,0.001,face_G>li_V>ri_V>face_C,4,S2-Symmetric,rule,boot,300,,,True,0.0005429372907429,0.0155038759689922,0.0006584657747448,0.0038610038610038,1.4401544401544402,3.2419562419562418,"[[76.3500747680664, 64.80564880371094], [35.000003814697266, 5.0], [38.000003814697266, 3.0], 0.6496800184249878]",0.0569918155670166,
fing_x_face,0,0.001,face_G>li_V>ri_V>face_C,4,S3-SPRT,rule,boot,300,,,True,0.0005580188821524,0.0116279069767441,0.0007033611684774,0.0115830115830115,1.3745173745173744,2.0343449762054413,"[[6.76645015119823, -3.750223409229389], [6.76645015119823, -3.750223409229389], [6.76645015119823, -3.750223409229389], 1.5304080906420205]",0.2318723201751709,
fing_x_face,0,0.001,face_G>li_V>ri_V>face_C,4,S4-Direct,rule,boot,300,,,True,0.0005881820649714,0.0077519379844961,0.000598605249768,0.0115830115830115,1.3629343629343629,2.710469605818443,"[[75.91592407226562, 63.75760269165039], [35.000003814697266, 4.000000476837158], [38.000003814697266, 16.000001907348633], 0.6009899973869324]",0.7816338539123535,
fing_x_face,0,0.001,face_G>ri_V>face_C>li_V,4,HYP,GP,boot,300,,,False,,,,,,,,,
fing_x_face,0,0.001,face_G>ri_V>face_C>li_V,4,MONO,GP,boot,300,0.0681797618217557,0.0668579517568383,True,0.0005731004735619,0.0193798449612403,0.0009577683996288,0.0038610038610038,1.277992277992278,3.1415102810451647,"[[75.1368408203125, 64.8189697265625], [33.000003814697266, 3.000000238418579], [0.6716300845146179, 0.5171100497245789], 30.000001907348633]",0.0770325660705566,
fing_x_face,0,0.001,face_G>ri_V>face_C>li_V,4,MONO-rel,GP,boot,300,,,False,,,,,,,,,True
fing_x_face,0,0.001,face_G>ri_V>face_C>li_V,4,NLS-N2,GP,boot,300,0.0629041328442444,0.0619314156817316,True,0.000603263656381,0.0193798449612403,0.0009577683996288,0.0077220077220077,1.274131274131274,2.953323755649337,"[[75.1368408203125, 64.8189697265625], [33.000003814697266, 3.000000238418579], [0.6716300845146179, 0.5366600751876831], 30.0]",0.0685884952545166,
fing_x_face,0,0.001,face_G>ri_V>face_C>li_V,4,DE-N2,GP,boot,300,0.0690241037685618,0.0678777917526146,True,0.0005731004735619,0.0193798449612403,0.0008829427434078,0.0038610038610038,1.277992277992278,3.293286642123852,"[[75.16844940185547, 64.8189697265625], [33.000003814697266, 3.000000238418579], [0.6716300845146179, 0.49594002962112427], 31.000001907348633]",0.0665712356567382,
fing_x_face,0,0.001,face_G>ri_V>face_C>li_V,4,MAXMONO-K3,GP,boot,300,,,False,,,,,,,,,True
fing_x_face,0,0.001,face_G>ri_V>face_C>li_V,4,MONO-cont,GP,boot,300,0.0690157624548362,0.06786983766193,True,0.0005731004735619,0.0193798449612403,0.0008829427434078,0.0038610038610038,1.277992277992278,3.291954745443117,"[[75.16844940185547, 64.8189697265625], [33.000003814697266, 3.000000238418579], [0.6716300845146179, 0.49616003036499023], 31.000001907348633]",0.0665590763092041,
fing_x_face,0,0.001,face_G>ri_V>face_C>li_V,4,S1-Marcialis,rule,boot,300,,,True,0.0005580188821524,0.0232558139534883,0.000523779593547,0.0077220077220077,1.4633204633204633,3.466867199425339,"[[76.3500747680664, 64.80564880371094], [38.000003814697266, 3.0], [0.7145800590515137, -1.0], 26.0]",0.0080163478851318,
fing_x_face,0,0.001,face_G>ri_V>face_C>li_V,4,S2-Symmetric,rule,boot,300,,,True,0.0005580188821524,0.0232558139534883,0.000523779593547,0.0077220077220077,1.4633204633204633,3.466867199425339,"[[76.3500747680664, 64.80564880371094], [38.000003814697266, 3.0], [0.7145800590515137, -1.0], 26.0]",0.062993049621582,
fing_x_face,0,0.001,face_G>ri_V>face_C>li_V,4,S3-SPRT,rule,boot,300,,,True,0.0005429372907429,0.0077519379844961,0.0007033611684774,0.0115830115830115,1.382239382239382,1.997306276376044,"[[6.76645015119823, -3.750223409229389], [6.76645015119823, -3.750223409229389], [6.76645015119823, -3.750223409229389], 1.5304080906420205]",0.2021040916442871,
fing_x_face,0,0.001,face_G>ri_V>face_C>li_V,4,S4-Direct,rule,boot,300,,,True,0.0005881820649714,0.0077519379844961,0.000598605249768,0.0,1.4054054054054057,2.365179132620993,"[[76.3500747680664, 63.75760269165039], [28.000001907348633, 6.000000476837158], [0.650070071220398, 0.5870400667190552], 28.000001907348633]",0.8898580074310303,
fing_x_face,0,0.001,face_G>ri_V>li_V>face_C,4,HYP,GP,boot,300,,,False,,,,,,,,,
fing_x_face,0,0.001,face_G>ri_V>li_V>face_C,4,MONO,GP,boot,300,0.0699601724959264,0.0675487045735798,True,0.0006183452477905,0.0232558139534883,0.0009577683996288,0.0115830115830115,1.2548262548262548,2.670617461315136,"[[75.11048126220703, 64.8189697265625], [31.000001907348633, 3.000000238418579], [35.000003814697266, 11.000000953674316], 0.6681700348854065]",0.0604729652404785,
fing_x_face,0,0.001,face_G>ri_V>li_V>face_C,4,MONO-rel,GP,boot,300,0.0447147563826221,0.0534597115013401,True,0.0006334268392,0.0232558139534883,0.0008081170871868,0.0077220077220077,1.2625482625482625,2.5111190925144413,"[[75.16844940185547, 64.8189697265625], [31.000001907348633, 4.000000476837158], [35.000003814697266, 15.000000953674316], 0.6460700035095215]",0.0555031299591064,
fing_x_face,0,0.001,face_G>ri_V>li_V>face_C,4,NLS-N2,GP,boot,300,0.0646503692171612,0.0631263912778633,True,0.000603263656381,0.0232558139534883,0.0009577683996288,0.0115830115830115,1.2548262548262548,2.670617461315136,"[[75.11048126220703, 64.8189697265625], [32.000003814697266, 3.000000238418579], [35.000003814697266, 11.000000953674316], 0.6681699752807617]",0.058464765548706,
fing_x_face,0,0.001,face_G>ri_V>li_V>face_C,4,DE-N2,GP,boot,300,0.0708261672190272,0.0688935565915862,True,0.000603263656381,0.0271317829457364,0.0009428032683846,0.0115830115830115,1.2548262548262548,2.7027775283589235,"[[75.11921691894531, 64.8189697265625], [31.000001907348633, 3.000000238418579], [35.000003814697266, 10.000000953674316], 0.6843500733375549]",0.0584239959716796,
fing_x_face,0,0.001,face_G>ri_V>li_V>face_C,4,MAXMONO-K3,GP,boot,300,,,False,,,,,,,,,True
fing_x_face,0,0.001,face_G>ri_V>li_V>face_C,4,MONO-cont,GP,boot,300,0.0708170771923394,0.0688851667420055,True,0.000603263656381,0.0271317829457364,0.0009428032683846,0.0115830115830115,1.2548262548262548,2.7027775283589235,"[[75.11921691894531, 64.8189697265625], [31.000001907348633, 3.000000238418579], [35.000003814697266, 10.000000953674316], 0.6843500733375549]",0.0603444576263427,
fing_x_face,0,0.001,face_G>ri_V>li_V>face_C,4,S1-Marcialis,rule,boot,300,,,True,0.0005429372907429,0.0155038759689922,0.0006584657747448,0.0038610038610038,1.4401544401544402,3.3520247822573404,"[[76.3500747680664, 64.80564880371094], [38.000003814697266, 3.0], [35.000003814697266, 5.0], 0.6496800184249878]",0.0097885131835937,
fing_x_face,0,0.001,face_G>ri_V>li_V>face_C,4,S2-Symmetric,rule,boot,300,,,True,0.0005429372907429,0.0155038759689922,0.0006584657747448,0.0038610038610038,1.4401544401544402,3.3520247822573404,"[[76.3500747680664, 64.80564880371094], [38.000003814697266, 3.0], [35.000003814697266, 5.0], 0.6496800184249878]",0.0731816291809082,
fing_x_face,0,0.001,face_G>ri_V>li_V>face_C,4,S3-SPRT,rule,boot,300,,,True,0.0005429372907429,0.0077519379844961,0.0006883960372332,0.0115830115830115,1.382239382239382,1.985783125318009,"[[6.76645015119823, -3.750223409229389], [6.76645015119823, -3.750223409229389], [6.76645015119823, -3.750223409229389], 1.5304080906420205]",0.2034997940063476,
fing_x_face,0,0.001,face_G>ri_V>li_V>face_C,4,S4-Direct,rule,boot,300,,,True,0.000603263656381,0.0116279069767441,0.000598605249768,0.0077220077220077,1.277992277992278,1.936652599443297,"[[75.38343048095703, 63.75760269165039], [28.000001907348633, 16.000001907348633], [35.000003814697266, 4.000000476837158], 0.6324700117111206]",0.724144458770752,
fing_x_face,0,0.001,li_V>face_C>face_G>ri_V,4,HYP,GP,boot,300,,,False,,,,,,,,,
fing_x_face,0,0.001,li_V>face_C>face_G>ri_V,4,MONO,GP,boot,300,0.1018717734986279,0.1006433075891472,True,0.0004976925165143,0.0348837209302325,0.0006135703810122,0.0231660231660231,1.2084942084942083,2.963515010026638,"[[28.000001907348633, 5.000000476837158], [0.6603200435638428, -Infinity], [75.91119384765625, 64.8189697265625], 33.000003814697266]",0.062894582748413,
fing_x_face,0,0.001,li_V>face_C>face_G>ri_V,4,MONO-rel,GP,boot,300,,,False,,,,,,,,,True
fing_x_face,0,0.001,li_V>face_C>face_G>ri_V,4,NLS-N2,GP,boot,300,0.0986373345849003,0.0981465070512718,True,0.0005127741079238,0.0348837209302325,0.0006285355122564,0.0231660231660231,1.2084942084942083,2.963500044895394,"[[28.000001907348633, 5.000000476837158], [0.6601600646972656, -Infinity], [75.83233642578125, 64.8189697265625], 33.000003814697266]",0.0606365203857421,
fing_x_face,0,0.001,li_V>face_C>face_G>ri_V,4,DE-N2,GP,boot,300,0.1040550466309467,0.1024162935833262,True,0.0004826109251048,0.0348837209302325,0.0005836401185238,0.0231660231660231,1.2084942084942083,2.9635748705516147,"[[28.000001907348633, 5.000000476837158], [0.661810040473938, -Infinity], [75.91119384765625, 64.8189697265625], 33.000003814697266]",0.0643465518951416,
fing_x_face,0,0.001,li_V>face_C>face_G>ri_V,4,MAXMONO-K3,GP,boot,300,,,False,,,,,,,,,True
fing_x_face,0,0.001,li_V>face_C>face_G>ri_V,4,MONO-cont,GP,boot,300,0.1040365921772438,0.1024001562303523,True,0.0004826109251048,0.0348837209302325,0.0005836401185238,0.0231660231660231,1.2084942084942083,2.9635748705516147,"[[28.000001907348633, 5.000000476837158], [0.661810040473938, -Infinity], [75.91119384765625, 64.8189697265625], 33.000003814697266]",0.0701174736022949,
fing_x_face,0,0.001,li_V>face_C>face_G>ri_V,4,S1-Marcialis,rule,boot,300,,,True,0.000603263656381,0.0193798449612403,0.0004190236748376,0.0193050193050193,1.393822393822394,3.427733381221753,"[[35.000003814697266, 5.0], [0.7145800590515137, -1.0], [76.3500747680664, 64.80564880371094], 26.0]",0.0094246864318847,
fing_x_face,0,0.001,li_V>face_C>face_G>ri_V,4,S2-Symmetric,rule,boot,300,,,True,0.000603263656381,0.0193798449612403,0.0004190236748376,0.0193050193050193,1.393822393822394,3.427733381221753,"[[35.000003814697266, 5.0], [0.7145800590515137, -1.0], [76.3500747680664, 64.80564880371094], 26.0]",0.0711674690246582,
fing_x_face,0,0.001,li_V>face_C>face_G>ri_V,4,S3-SPRT,rule,boot,300,,,True,0.0005429372907429,0.0116279069767441,0.000673430905989,0.0,1.2934362934362935,2.112268414593996,"[[6.621235473258737, -3.476318212001615], [6.621235473258737, -3.476318212001615], [6.621235473258737, -3.476318212001615], 1.673759886823695]",0.1868906021118164,
fing_x_face,0,0.001,li_V>face_C>face_G>ri_V,4,S4-Direct,rule,boot,300,,,False,,,,,,,,,
fing_x_face,0,0.001,li_V>face_C>ri_V>face_G,4,HYP,GP,boot,300,,,False,,,,,,,,,
fing_x_face,0,0.001,li_V>face_C>ri_V>face_G,4,MONO,GP,boot,300,0.1007167520001095,0.0994409266466236,True,0.0004675293336952,0.0348837209302325,0.0008380473496752,0.0193050193050193,1.2007722007722008,2.478704618239502,"[[28.000001907348633, 5.000000476837158], [0.6603200435638428, -Infinity], [34.000003814697266, 10.000000953674316], 74.8942642211914]",0.0707399845123291,
fing_x_face,0,0.001,li_V>face_C>ri_V>face_G,4,MONO-rel,GP,boot,300,0.0863590088622034,0.0906464150574354,True,0.000603263656381,0.0348837209302325,0.0007931519559426,0.0231660231660231,1.1891891891891893,2.107120409445991,"[[29.000001907348633, 5.000000476837158], [0.6567800641059875, 0.5267800688743591], [32.000003814697266, 13.000000953674316], 74.22075653076172]",0.0745882987976074,
fing_x_face,0,0.001,li_V>face_C>ri_V>face_G,4,NLS-N2,GP,boot,300,0.0976236316258497,0.0969930544884049,True,0.0004826109251048,0.0387596899224806,0.0008081170871868,0.0193050193050193,1.2007722007722008,2.4532938253868486,"[[28.000001907348633, 5.000000476837158], [0.6601600646972656, -Infinity], [34.000003814697266, 11.000000953674316], 74.81546020507812]",0.0688800811767578,
fing_x_face,0,0.001,li_V>face_C>ri_V>face_G,4,DE-N2,GP,boot,300,0.1027738301838614,0.1011243713214258,True,0.0004373661508762,0.0348837209302325,0.0007931519559426,0.0193050193050193,1.2007722007722008,2.4787345485019903,"[[28.000001907348633, 5.000000476837158], [0.661810040473938, -Infinity], [33.000003814697266, 10.000000953674316], 74.90845489501953]",0.0632951259613037,
fing_x_face,0,0.001,li_V>face_C>ri_V>face_G,4,MAXMONO-K3,GP,boot,300,,,False,,,,,,,,,True
fing_x_face,0,0.001,li_V>face_C>ri_V>face_G,4,MONO-cont,GP,boot,300,0.1027560966247397,0.1011081282461404,True,0.0004373661508762,0.0348837209302325,0.0007931519559426,0.0193050193050193,1.2007722007722008,2.4787345485019903,"[[28.000001907348633, 5.000000476837158], [0.661810040473938, -Infinity], [33.000003814697266, 10.000000953674316], 74.90845489501953]",0.0680098533630371,
fing_x_face,0,0.001,li_V>face_C>ri_V>face_G,4,S1-Marcialis,rule,boot,300,,,True,0.0005580188821524,0.0271317829457364,0.001047559187094,0.0038610038610038,1.3783783783783785,3.571712908922211,"[[35.000003814697266, 5.0], [0.7145800590515137, -1.0], [38.000003814697266, 3.0], 75.01026916503906]",0.0093805789947509,
fing_x_face,0,0.001,li_V>face_C>ri_V>face_G,4,S2-Symmetric,rule,boot,300,,,True,0.0005580188821524,0.0271317829457364,0.001047559187094,0.0038610038610038,1.3783783783783785,3.571712908922211,"[[35.000003814697266, 5.0], [0.7145800590515137, -1.0], [38.000003814697266, 3.0], 75.01026916503906]",0.0405220985412597,
fing_x_face,0,0.001,li_V>face_C>ri_V>face_G,4,S3-SPRT,rule,boot,300,,,True,0.0005580188821524,0.0077519379844961,0.0007183262997216,0.0,1.3011583011583012,2.0957020143066654,"[[6.621235473258737, -3.476318212001615], [6.621235473258737, -3.476318212001615], [6.621235473258737, -3.476318212001615], 1.5304080906420203]",0.1791789531707763,
fing_x_face,0,0.001,li_V>face_C>ri_V>face_G,4,S4-Direct,rule,boot,300,,,True,0.0006635900220191,0.0116279069767441,0.000972733530873,0.0077220077220077,1.308880308880309,2.534644278830325,"[[35.000003814697266, 4.000000476837158], [0.663550078868866, 0.5294500589370728], [28.000001907348633, 6.000000476837158], 74.99199676513672]",1.0872888565063477,
fing_x_face,0,0.001,li_V>face_G>face_C>ri_V,4,HYP,GP,boot,300,,,False,,,,,,,,,
fing_x_face,0,0.001,li_V>face_G>face_C>ri_V,4,MONO,GP,boot,300,0.1062246265929298,0.1028561346248575,True,0.0005580188821524,0.0348837209302325,0.0006285355122564,0.0231660231660231,1.193050193050193,2.83976833976834,"[[27.000001907348633, 5.000000476837158], [75.5078353881836, 64.8189697265625], [0.6681700348854065, -Infinity], 33.000003814697266]",0.082221508026123,
fing_x_face,0,0.001,li_V>face_G>face_C>ri_V,4,MONO-rel,GP,boot,300,,,False,,,,,,,,,True
fing_x_face,0,0.001,li_V>face_G>face_C>ri_V,4,NLS-N2,GP,boot,300,0.1028219658890548,0.1003603849526067,True,0.0005881820649714,0.0348837209302325,0.0006285355122564,0.0231660231660231,1.193050193050193,2.83976833976834,"[[27.000001907348633, 5.000000476837158], [75.5078353881836, 64.8189697265625], [0.6676100492477417, -Infinity], 33.000003814697266]",0.0785596370697021,
fing_x_face,0,0.001,li_V>face_G>face_C>ri_V,4,DE-N2,GP,boot,300,0.1082293155969941,0.1044142920589899,True,0.0005580188821524,0.0348837209302325,0.0006285355122564,0.0231660231660231,1.193050193050193,2.83976833976834,"[[27.000001907348633, 5.000000476837158], [75.5078353881836, 64.8189697265625], [0.6681700348854065, -Infinity], 33.000003814697266]",0.0878314971923828,
fing_x_face,0,0.001,li_V>face_G>face_C>ri_V,4,MAXMONO-K3,GP,boot,300,,,False,,,,,,,,,True
fing_x_face,0,0.001,li_V>face_G>face_C>ri_V,4,MONO-cont,GP,boot,300,0.1082089361358,0.1043974414120367,True,0.0005580188821524,0.0348837209302325,0.0006285355122564,0.0231660231660231,1.193050193050193,2.83976833976834,"[[27.000001907348633, 5.000000476837158], [75.5078353881836, 64.8189697265625], [0.6681700348854065, -Infinity], 33.000003814697266]",0.0760750770568847,
fing_x_face,0,0.001,li_V>face_G>face_C>ri_V,4,S1-Marcialis,rule,boot,300,,,True,0.000603263656381,0.0193798449612403,0.0004190236748376,0.0193050193050193,1.3706563706563706,3.278381371404627,"[[35.000003814697266, 5.0], [76.3500747680664, 64.80564880371094], [0.7145800590515137, -1.0], 26.0]",0.0106594562530517,
fing_x_face,0,0.001,li_V>face_G>face_C>ri_V,4,S2-Symmetric,rule,boot,300,,,True,0.000603263656381,0.0193798449612403,0.0004190236748376,0.0193050193050193,1.3706563706563706,3.278381371404627,"[[35.000003814697266, 5.0], [76.3500747680664, 64.80564880371094], [0.7145800590515137, -1.0], 26.0]",0.0800859928131103,
fing_x_face,0,0.001,li_V>face_G>face_C>ri_V,4,S3-SPRT,rule,boot,300,,,True,0.0005429372907429,0.0077519379844961,0.0006883960372332,0.0038610038610038,1.2664092664092663,2.1300320253808627,"[[6.621235473258737, -3.476318212001615], [6.621235473258737, -3.476318212001615], [6.621235473258737, -3.476318212001615], 1.673759886823695]",0.2122130393981933,
fing_x_face,0,0.001,li_V>face_G>face_C>ri_V,4,S4-Direct,rule,boot,300,,,False,,,,,,,,,
fing_x_face,0,0.001,li_V>face_G>ri_V>face_C,4,HYP,GP,boot,300,,,False,,,,,,,,,
fing_x_face,0,0.001,li_V>face_G>ri_V>face_C,4,MONO,GP,boot,300,0.1063514113245118,0.1024939799933426,True,0.0006183452477905,0.0310077519379844,0.0007033611684774,0.0193050193050193,1.193050193050193,2.3699530094878933,"[[27.000001907348633, 5.000000476837158], [75.49686431884766, 64.8189697265625], [34.000003814697266, 9.000000953674316], 0.6471100449562073]",0.0691046714782714,
fing_x_face,0,0.001,li_V>face_G>ri_V>face_C,4,MONO-rel,GP,boot,300,0.0883718494814852,0.0952166233096937,True,0.0005881820649714,0.0348837209302325,0.0007781868246984,0.0231660231660231,1.2007722007722008,2.2861931699141,"[[29.000001907348633, 5.000000476837158], [75.21028137207031, 64.8189697265625], [33.000003814697266, 14.000000953674316], 0.6389999985694885]",0.0641882419586181,
fing_x_face,0,0.001,li_V>face_G>ri_V>face_C,4,NLS-N2,GP,boot,300,0.103129596470105,0.100131228765457,True,0.0006485084306095,0.0310077519379844,0.0007033611684774,0.0193050193050193,1.193050193050193,2.33919966478106,"[[27.000001907348633, 5.000000476837158], [75.45633697509766, 64.8189697265625], [34.000003814697266, 10.000000953674316], 0.6464099884033203]",0.0697519779205322,
fing_x_face,0,0.001,li_V>face_G>ri_V>face_C,4,DE-N2,GP,boot,300,0.108105200317393,0.1039845212174539,True,0.0005731004735619,0.0310077519379844,0.0006435006435006,0.0193050193050193,1.193050193050193,2.3699679746191373,"[[27.000001907348633, 5.000000476837158], [75.50403594970703, 64.8189697265625], [33.000003814697266, 9.000000953674316], 0.6496800780296326]",0.0713984966278076,
fing_x_face,0,0.001,li_V>face_G>ri_V>face_C,4,MAXMONO-K3,GP,boot,300,,,False,,,,,,,,,True
fing_x_face,0,0.001,li_V>face_G>ri_V>face_C,4,MONO-cont,GP,boot,300,0.1080852963076106,0.1039677387629878,True,0.0005731004735619,0.0310077519379844,0.0006435006435006,0.0193050193050193,1.193050193050193,2.3699679746191373,"[[27.000001907348633, 5.000000476837158], [75.50403594970703, 64.8189697265625], [33.000003814697266, 9.000000953674316], 0.6496800780296326]",0.0753929615020752,
fing_x_face,0,0.001,li_V>face_G>ri_V>face_C,4,S1-Marcialis,rule,boot,300,,,True,0.0005429372907429,0.0155038759689922,0.0006584657747448,0.0077220077220077,1.3436293436293436,3.273607494537727,"[[35.000003814697266, 5.0], [76.3500747680664, 64.80564880371094], [38.000003814697266, 3.0], 0.6496800184249878]",0.0101592540740966,
fing_x_face,0,0.001,li_V>face_G>ri_V>face_C,4,S2-Symmetric,rule,boot,300,,,True,0.0005429372907429,0.0155038759689922,0.0006584657747448,0.0077220077220077,1.3436293436293436,3.273607494537727,"[[35.000003814697266, 5.0], [76.3500747680664, 64.80564880371094], [38.000003814697266, 3.0], 0.6496800184249878]",0.0636961460113525,
fing_x_face,0,0.001,li_V>face_G>ri_V>face_C,4,S3-SPRT,rule,boot,300,,,True,0.0005278556993333,0.0077519379844961,0.0006584657747448,0.0038610038610038,1.2664092664092663,2.110846727125797,"[[6.621235473258737, -3.476318212001615], [6.621235473258737, -3.476318212001615], [6.621235473258737, -3.476318212001615], 1.6737598868236954]",0.186946153640747,
fing_x_face,0,0.001,li_V>face_G>ri_V>face_C,4,S4-Direct,rule,boot,300,,,True,0.000603263656381,0.0077519379844961,0.0005387447247912,0.0115830115830115,1.305019305019305,2.2782317200921853,"[[35.000003814697266, 4.000000476837158], [75.38343048095703, 66.1951904296875], [28.000001907348633, 16.000001907348633], 0.6208500266075134]",0.995579719543457,
fing_x_face,0,0.001,li_V>ri_V>face_C>face_G,4,HYP,GP,boot,300,,,False,,,,,,,,,
fing_x_face,0,0.001,li_V>ri_V>face_C>face_G,4,MONO,GP,boot,300,0.100897410815575,0.0991905724832025,True,0.0006786716134286,0.0387596899224806,0.0009128730058962,0.0231660231660231,1.2123552123552124,2.452156475412289,"[[27.000001907348633, 5.000000476837158], [31.000001907348633, 3.000000238418579], [0.6689900755882263, 0.5673900842666626], 75.2083511352539]",0.0610179901123046,
fing_x_face,0,0.001,li_V>ri_V>face_C>face_G,4,MONO-rel,GP,boot,300,0.0856930663551927,0.0887739405941047,True,0.0006334268392,0.0426356589147286,0.0013917572057106,0.027027027027027,1.2162162162162162,1.8914130076920772,"[[28.000001907348633, 5.000000476837158], [31.000001907348633, 8.000000953674316], [0.6528100371360779, 0.5785900354385376], 74.28241729736328]",0.0670423507690429,
fing_x_face,0,0.001,li_V>ri_V>face_C>face_G,4,NLS-N2,GP,boot,300,0.0985238806432288,0.0972615476577758,True,0.0006937532048381,0.0387596899224806,0.0009128730058962,0.0231660231660231,1.2123552123552124,2.4347969231690163,"[[27.000001907348633, 5.000000476837158], [31.000001907348633, 3.000000238418579], [0.6689900755882263, 0.571880042552948], 75.19103240966797]",0.0655193328857421,
fing_x_face,0,0.001,li_V>ri_V>face_C>face_G,4,DE-N2,GP,boot,300,0.102186027402213,0.1004424806761821,True,0.0006786716134286,0.0387596899224806,0.0009128730058962,0.0231660231660231,1.2123552123552124,2.4610008679776123,"[[27.000001907348633, 5.000000476837158], [31.000001907348633, 3.000000238418579], [0.6689900755882263, 0.5653800368309021], 75.2083511352539]",0.0632293224334716,
fing_x_face,0,0.001,li_V>ri_V>face_C>face_G,4,MAXMONO-K3,GP,boot,300,,,False,,,,,,,,,True
fing_x_face,0,0.001,li_V>ri_V>face_C>face_G,4,MONO-cont,GP,boot,300,0.1021693868939984,0.1004266515176275,True,0.0006786716134286,0.0387596899224806,0.0009128730058962,0.0231660231660231,1.2123552123552124,2.460970937715124,"[[27.000001907348633, 5.000000476837158], [31.000001907348633, 3.000000238418579], [0.6689900755882263, 0.5653900504112244], 75.2083511352539]",0.0651524066925048,
fing_x_face,0,0.001,li_V>ri_V>face_C>face_G,4,S1-Marcialis,rule,boot,300,,,True,0.0005580188821524,0.0271317829457364,0.001047559187094,0.0038610038610038,1.3976833976833978,3.566340426805543,"[[35.000003814697266, 5.0], [38.000003814697266, 3.0], [0.7145800590515137, -1.0], 75.01026916503906]",0.0089132785797119,
fing_x_face,0,0.001,li_V>ri_V>face_C>face_G,4,S2-Symmetric,rule,boot,300,,,True,0.0005580188821524,0.0271317829457364,0.001047559187094,0.0038610038610038,1.3976833976833978,3.566340426805543,"[[35.000003814697266, 5.0], [38.000003814697266, 3.0], [0.7145800590515137, -1.0], 75.01026916503906]",0.0400032997131347,
fing_x_face,0,0.001,li_V>ri_V>face_C>face_G,4,S3-SPRT,rule,boot,300,,,True,0.0005127741079238,0.0310077519379844,0.000673430905989,0.0231660231660231,1.2934362934362935,2.0577354763401274,"[[6.621235473258737, -3.476318212001615], [6.621235473258737, -3.476318212001615], [6.621235473258737, -3.476318212001615], 1.055675466151571]",0.1827940940856933,
fing_x_face,0,0.001,li_V>ri_V>face_C>face_G,4,S4-Direct,rule,boot,300,,,True,0.0006485084306095,0.0155038759689922,0.0008829427434078,0.0038610038610038,1.3474903474903477,2.714689772829308,"[[35.000003814697266, 4.000000476837158], [28.000001907348633, 3.000000238418579], [0.6723300814628601, 0.5870400667190552], 74.96443176269531]",0.9500081539154052,
fing_x_face,0,0.001,li_V>ri_V>face_G>face_C,4,HYP,GP,boot,300,,,False,,,,,,,,,
fing_x_face,0,0.001,li_V>ri_V>face_G>face_C,4,MONO,GP,boot,300,0.1016387277185346,0.0997825798035231,True,0.0006183452477905,0.0387596899224806,0.0005836401185238,0.027027027027027,1.2162162162162162,2.4833737391876927,"[[27.000001907348633, 5.000000476837158], [31.000001907348633, 3.000000238418579], [75.91119384765625, 71.02283477783203], 0.664929986000061]",0.0643777847290039,
fing_x_face,0,0.001,li_V>ri_V>face_G>face_C,4,MONO-rel,GP,boot,300,0.0860801540505167,0.0924835172017411,True,0.0006183452477905,0.0426356589147286,0.0008679776121636,0.0308880308880308,1.22007722007722,1.973481787435276,"[[28.000001907348633, 5.000000476837158], [31.000001907348633, 7.000000476837158], [75.21028137207031, 72.30870056152344], 0.6491699814796448]",0.0679230690002441,
fing_x_face,0,0.001,li_V>ri_V>face_G>face_C,4,NLS-N2,GP,boot,300,0.0992488574323898,0.0979805776384192,True,0.0006183452477905,0.0387596899224806,0.0005836401185238,0.027027027027027,1.2162162162162162,2.461150519290054,"[[27.000001907348633, 5.000000476837158], [31.000001907348633, 3.000000238418579], [75.91119384765625, 71.5770492553711], 0.664929986000061]",0.0961661338806152,
fing_x_face,0,0.001,li_V>ri_V>face_G>face_C,4,DE-N2,GP,boot,300,0.102893270922944,0.1009999317041182,True,0.0006183452477905,0.0387596899224806,0.0005836401185238,0.027027027027027,1.2162162162162162,2.496647810601299,"[[27.000001907348633, 5.000000476837158], [31.000001907348633, 3.000000238418579], [75.91119384765625, 70.0108413696289], 0.664929986000061]",0.097855806350708,
fing_x_face,0,0.001,li_V>ri_V>face_G>face_C,4,MAXMONO-K3,GP,boot,300,0.1880295053341303,0.1900833848078718,True,0.0006183452477905,0.065891472868217,0.000598605249768,0.0501930501930501,1.16988416988417,1.702358504684086,"[[26.000001907348633, 5.000000476837158], [32.000003814697266, 19.000001907348633], [73.7796859741211, 65.72571563720703], 0.6332700252532959]",0.1658172607421875,
fing_x_face,0,0.001,li_V>ri_V>face_G>face_C,4,MONO-cont,GP,boot,300,0.1028764314109971,0.100984120712091,True,0.0006183452477905,0.0387596899224806,0.0005836401185238,0.027027027027027,1.2162162162162162,2.496647810601299,"[[27.000001907348633, 5.000000476837158], [31.000001907348633, 3.000000238418579], [75.91119384765625, 70.01526641845703], 0.664929986000061]",0.0705611705780029,
fing_x_face,0,0.001,li_V>ri_V>face_G>face_C,4,S1-Marcialis,rule,boot,300,,,True,0.0005429372907429,0.0155038759689922,0.0006584657747448,0.0077220077220077,1.386100386100386,3.417587022238185,"[[35.000003814697266, 5.0], [38.000003814697266, 3.0], [76.3500747680664, 64.80564880371094], 0.6496800184249878]",0.0097527503967285,
fing_x_face,0,0.001,li_V>ri_V>face_G>face_C,4,S2-Symmetric,rule,boot,300,,,True,0.0005429372907429,0.0155038759689922,0.0006584657747448,0.0077220077220077,1.386100386100386,3.417587022238185,"[[35.000003814697266, 5.0], [38.000003814697266, 3.0], [76.3500747680664, 64.80564880371094], 0.6496800184249878]",0.059326171875,
fing_x_face,0,0.001,li_V>ri_V>face_G>face_C,4,S3-SPRT,rule,boot,300,,,True,0.0005127741079238,0.0310077519379844,0.000673430905989,0.0231660231660231,1.2857142857142858,2.0570470803028944,"[[6.621235473258737, -3.476318212001615], [6.621235473258737, -3.476318212001615], [6.621235473258737, -3.476318212001615], 1.055675466151571]",0.2013251781463623,
fing_x_face,0,0.001,li_V>ri_V>face_G>face_C,4,S4-Direct,rule,boot,300,,,True,0.0006485084306095,0.0155038759689922,0.0006584657747448,0.0115830115830115,1.3474903474903477,3.065203076830984,"[[35.000003814697266, 4.000000476837158], [28.000001907348633, 3.000000238418579], [75.38343048095703, 66.1951904296875], 0.664929986000061]",1.0795631408691406,
fing_x_face,0,0.001,ri_V>face_C>face_G>li_V,4,HYP,GP,boot,300,,,False,,,,,,,,,
fing_x_face,0,0.001,ri_V>face_C>face_G>li_V,4,MONO,GP,boot,300,0.0449380331980167,0.043890929210647,True,0.0005580188821524,0.0155038759689922,0.000523779593547,0.0077220077220077,1.1544401544401544,3.655906737302086,"[[28.000001907348633, 3.000000238418579], [0.6649300456047058, -Infinity], [75.83233642578125, 64.8189697265625], 31.000001907348633]",0.0552191734313964,
fing_x_face,0,0.001,ri_V>face_C>face_G>li_V,4,MONO-rel,GP,boot,300,,,False,,,,,,,,,True
fing_x_face,0,0.001,ri_V>face_C>face_G>li_V,4,NLS-N2,GP,boot,300,0.0444075233828301,0.0434878866866418,True,0.000603263656381,0.0155038759689922,0.0004938493310586,0.0077220077220077,1.1737451737451738,3.32936757355362,"[[29.000001907348633, 3.000000238418579], [0.6638700366020203, 0.5059200525283813], [75.80064392089844, 64.8189697265625], 30.000001907348633]",0.0727076530456543,
fing_x_face,0,0.001,ri_V>face_C>face_G>li_V,4,DE-N2,GP,boot,300,0.043172117339622,0.0423223999292218,True,0.0005278556993333,0.0155038759689922,0.0004938493310586,0.0077220077220077,1.1544401544401544,3.6559366675645744,"[[28.000001907348633, 3.000000238418579], [0.6652000546455383, -Infinity], [75.91119384765625, 64.8189697265625], 31.000001907348633]",0.0587263107299804,
fing_x_face,0,0.001,ri_V>face_C>face_G>li_V,4,MAXMONO-K3,GP,boot,300,,,False,,,,,,,,,True
fing_x_face,0,0.001,ri_V>face_C>face_G>li_V,4,MONO-cont,GP,boot,300,0.0431827824107221,0.0423325081368269,True,0.0005278556993333,0.0155038759689922,0.0004938493310586,0.0077220077220077,1.1544401544401544,3.6559366675645744,"[[28.000001907348633, 3.000000238418579], [0.6652000546455383, -Infinity], [75.91119384765625, 64.8189697265625], 31.000001907348633]",0.0790939331054687,
fing_x_face,0,0.001,ri_V>face_C>face_G>li_V,4,S1-Marcialis,rule,boot,300,,,True,0.0005580188821524,0.0232558139534883,0.000523779593547,0.0115830115830115,1.3166023166023166,3.8027446050701865,"[[38.000003814697266, 3.0], [0.7145800590515137, -1.0], [76.3500747680664, 64.80564880371094], 26.0]",0.0138947963714599,
fing_x_face,0,0.001,ri_V>face_C>face_G>li_V,4,S2-Symmetric,rule,boot,300,,,True,0.0005580188821524,0.0232558139534883,0.000523779593547,0.0115830115830115,1.3166023166023166,3.8027446050701865,"[[38.000003814697266, 3.0], [0.7145800590515137, -1.0], [76.3500747680664, 64.80564880371094], 26.0]",0.0706658363342285,
fing_x_face,0,0.001,ri_V>face_C>face_G>li_V,4,S3-SPRT,rule,boot,300,,,True,0.0005429372907429,0.003875968992248,0.0006285355122564,0.0,1.196911196911197,2.1204244111220856,"[[5.973914479562673, -4.230800395741762], [5.973914479562673, -4.230800395741762], [5.973914479562673, -4.230800395741762], 1.6737598868236954]",0.1987335681915283,
fing_x_face,0,0.001,ri_V>face_C>face_G>li_V,4,S4-Direct,rule,boot,300,,,False,,,,,,,,,
fing_x_face,0,0.001,ri_V>face_C>li_V>face_G,4,HYP,GP,boot,300,,,False,,,,,,,,,
fing_x_face,0,0.001,ri_V>face_C>li_V>face_G,4,MONO,GP,boot,300,0.0456604127655458,0.0438323679827918,True,0.0006334268392,0.0193798449612403,0.0005537098560354,0.0038610038610038,1.1505791505791505,2.9676453862500374,"[[28.000001907348633, 3.000000238418579], [0.6632700562477112, -Infinity], [35.000003814697266, 11.000000953674316], 74.85189056396484]",0.0532758235931396,
fing_x_face,0,0.001,ri_V>face_C>li_V>face_G,4,MONO-rel,GP,boot,300,0.0411508950175098,0.0579137071164851,True,0.000603263656381,0.0310077519379844,0.0005387447247912,0.0115830115830115,1.1544401544401544,1.8566939032055312,"[[30.000001907348633, 5.000000476837158], [0.654930055141449, 0.548780083656311], [29.000001907348633, 11.000000953674316], 76.17056274414062]",0.0678985118865966,
fing_x_face,0,0.001,ri_V>face_C>li_V>face_G,4,NLS-N2,GP,boot,300,0.0451763190759809,0.0437018402421356,True,0.0006334268392,0.0193798449612403,0.0005836401185238,0.0038610038610038,1.1505791505791505,2.941336685522732,"[[28.000001907348633, 3.000000238418579], [0.6603200435638428, -Infinity], [35.000003814697266, 12.000000953674316], 74.98914337158203]",0.0580413341522216,
fing_x_face,0,0.001,ri_V>face_C>li_V>face_G,4,DE-N2,GP,boot,300,0.0439019884007332,0.0421792640347666,True,0.0006183452477905,0.0193798449612403,0.0005387447247912,0.0038610038610038,1.1505791505791505,2.9676453862500374,"[[28.000001907348633, 3.000000238418579], [0.663550078868866, -Infinity], [35.000003814697266, 11.000000953674316], 74.875244140625]",0.0659220218658447,
fing_x_face,0,0.001,ri_V>face_C>li_V>face_G,4,MAXMONO-K3,GP,boot,300,,,False,,,,,,,,,True
fing_x_face,0,0.001,ri_V>face_C>li_V>face_G,4,MONO-cont,GP,boot,300,0.0439123710082444,0.0421889553262921,True,0.0006183452477905,0.0193798449612403,0.0005387447247912,0.0038610038610038,1.1505791505791505,2.9676453862500374,"[[28.000001907348633, 3.000000238418579], [0.663550078868866, -Infinity], [35.000003814697266, 11.000000953674316], 74.875244140625]",0.0580146312713623,
fing_x_face,0,0.001,ri_V>face_C>li_V>face_G,4,S1-Marcialis,rule,boot,300,,,True,0.0005580188821524,0.0271317829457364,0.001047559187094,0.0038610038610038,1.305019305019305,3.836655592469546,"[[38.000003814697266, 3.0], [0.7145800590515137, -1.0], [35.000003814697266, 5.0], 75.01026916503906]",0.0089404582977294,
fing_x_face,0,0.001,ri_V>face_C>li_V>face_G,4,S2-Symmetric,rule,boot,300,,,True,0.0005580188821524,0.0271317829457364,0.001047559187094,0.0038610038610038,1.305019305019305,3.836655592469546,"[[38.000003814697266, 3.0], [0.7145800590515137, -1.0], [35.000003814697266, 5.0], 75.01026916503906]",0.0400233268737793,
fing_x_face,0,0.001,ri_V>face_C>li_V>face_G,4,S3-SPRT,rule,boot,300,,,True,0.0005429372907429,0.003875968992248,0.0006584657747448,0.0,1.196911196911197,2.1081230732393523,"[[5.973914479562673, -4.230800395741762], [5.973914479562673, -4.230800395741762], [5.973914479562673, -4.230800395741762], 1.6737598868236954]",0.2293319702148437,
fing_x_face,0,0.001,ri_V>face_C>li_V>face_G,4,S4-Direct,rule,boot,300,,,False,,,,,,,,,
fing_x_face,0,0.001,ri_V>face_G>face_C>li_V,4,HYP,GP,boot,300,,,False,,,,,,,,,
fing_x_face,0,0.001,ri_V>face_G>face_C>li_V,4,MONO,GP,boot,300,0.0473187687801018,0.045980770075538,True,0.0005127741079238,0.0155038759689922,0.000523779593547,0.0077220077220077,1.1737451737451738,3.3874622130436083,"[[28.000001907348633, 3.000000238418579], [75.80064392089844, 64.8189697265625], [0.6681700348854065, 0.5001300573348999], 30.000001907348633]",0.058464765548706,
fing_x_face,0,0.001,ri_V>face_G>face_C>li_V,4,MONO-rel,GP,boot,300,,,False,,,,,,,,,True
fing_x_face,0,0.001,ri_V>face_G>face_C>li_V,4,NLS-N2,GP,boot,300,0.0466239624743494,0.0452793769222092,True,0.0005580188821524,0.0155038759689922,0.000523779593547,0.0077220077220077,1.1737451737451738,3.1713806830085898,"[[28.000001907348633, 3.000000238418579], [75.747314453125, 64.8189697265625], [0.6679900884628296, 0.526430070400238], 29.000001907348633]",0.0623750686645507,
fing_x_face,0,0.001,ri_V>face_G>face_C>li_V,4,DE-N2,GP,boot,300,0.0454587817705433,0.0443999913395084,True,0.0004976925165143,0.0155038759689922,0.0004788841998144,0.0077220077220077,1.1737451737451738,3.491350154140852,"[[28.000001907348633, 3.000000238418579], [75.80064392089844, 64.8189697265625], [0.6689900755882263, -Infinity], 31.000001907348633]",0.0511126518249511,
fing_x_face,0,0.001,ri_V>face_G>face_C>li_V,4,MAXMONO-K3,GP,boot,300,,,False,,,,,,,,,True
fing_x_face,0,0.001,ri_V>face_G>face_C>li_V,4,MONO-cont,GP,boot,300,0.0454682920387039,0.0444089159169461,True,0.0004976925165143,0.0155038759689922,0.0004788841998144,0.0077220077220077,1.1737451737451738,3.491350154140852,"[[28.000001907348633, 3.000000238418579], [75.80064392089844, 64.8189697265625], [0.6689900755882263, -Infinity], 31.000001907348633]",0.0581061840057373,
fing_x_face,0,0.001,ri_V>face_G>face_C>li_V,4,S1-Marcialis,rule,boot,300,,,True,0.0005580188821524,0.0232558139534883,0.000523779593547,0.0115830115830115,1.2934362934362935,3.630989793780492,"[[38.000003814697266, 3.0], [76.3500747680664, 64.80564880371094], [0.7145800590515137, -1.0], 26.0]",0.0080175399780273,
fing_x_face,0,0.001,ri_V>face_G>face_C>li_V,4,S2-Symmetric,rule,boot,300,,,True,0.0005580188821524,0.0232558139534883,0.000523779593547,0.0115830115830115,1.2934362934362935,3.630989793780492,"[[38.000003814697266, 3.0], [76.3500747680664, 64.80564880371094], [0.7145800590515137, -1.0], 26.0]",0.0656120777130127,
fing_x_face,0,0.001,ri_V>face_G>face_C>li_V,4,S3-SPRT,rule,boot,300,,,True,0.0005580188821524,0.003875968992248,0.0006584657747448,0.0038610038610038,1.193050193050193,2.1394899883271976,"[[5.973914479562673, -4.230800395741762], [5.973914479562673, -4.230800395741762], [5.973914479562673, -4.230800395741762], 1.5304080906420205]",0.1844987869262695,
fing_x_face,0,0.001,ri_V>face_G>face_C>li_V,4,S4-Direct,rule,boot,300,,,False,,,,,,,,,
fing_x_face,0,0.001,ri_V>face_G>li_V>face_C,4,HYP,GP,boot,300,,,False,,,,,,,,,
fing_x_face,0,0.001,ri_V>face_G>li_V>face_C,4,MONO,GP,boot,300,0.0492465680389043,0.046811613931161,True,0.0006334268392,0.0193798449612403,0.0005836401185238,0.0115830115830115,1.166023166023166,2.819071563257609,"[[28.000001907348633, 3.000000238418579], [75.50403594970703, 64.8189697265625], [35.000003814697266, 10.000000953674316], 0.6464100480079651]",0.0559427738189697,
fing_x_face,0,0.001,ri_V>face_G>li_V>face_C,4,MONO-rel,GP,boot,300,0.0425368228773425,0.0530540999243283,True,0.0006334268392,0.0193798449612403,0.0007931519559426,0.0154440154440154,1.1467181467181466,2.1436502948130856,"[[28.000001907348633, 4.000000476837158], [75.21878051757812, 66.54863739013672], [30.000001907348633, 12.000000953674316], 0.6638699769973755]",0.0660130977630615,
fing_x_face,0,0.001,ri_V>face_G>li_V>face_C,4,NLS-N2,GP,boot,300,0.0485549694132561,0.0463665849420832,True,0.000603263656381,0.0193798449612403,0.000598605249768,0.0115830115830115,1.166023166023166,2.786851635688845,"[[28.000001907348633, 3.000000238418579], [75.49686431884766, 64.8189697265625], [35.000003814697266, 11.000000953674316], 0.6440900564193726]",0.0596911907196044,
fing_x_face,0,0.001,ri_V>face_G>li_V>face_C,4,DE-N2,GP,boot,300,0.0473851227779955,0.045164477977553,True,0.0006183452477905,0.0193798449612403,0.0005836401185238,0.0115830115830115,1.166023166023166,2.819071563257609,"[[28.000001907348633, 3.000000238418579], [75.50403594970703, 64.8189697265625], [35.000003814697266, 10.000000953674316], 0.6478800773620605]",0.0629422664642334,
fing_x_face,0,0.001,ri_V>face_G>li_V>face_C,4,MAXMONO-K3,GP,boot,300,,,False,,,,,,,,,True
fing_x_face,0,0.001,ri_V>face_G>li_V>face_C,4,MONO-cont,GP,boot,300,0.047393939888117,0.0451728165776374,True,0.0006183452477905,0.0193798449612403,0.0005836401185238,0.0115830115830115,1.166023166023166,2.819071563257609,"[[28.000001907348633, 3.000000238418579], [75.50403594970703, 64.8189697265625], [35.000003814697266, 10.000000953674316], 0.6478800773620605]",0.0583999156951904,
fing_x_face,0,0.001,ri_V>face_G>li_V>face_C,4,S1-Marcialis,rule,boot,300,,,True,0.0005429372907429,0.0155038759689922,0.0006584657747448,0.0077220077220077,1.2702702702702702,3.516147376612493,"[[38.000003814697266, 3.0], [76.3500747680664, 64.80564880371094], [35.000003814697266, 5.0], 0.6496800184249878]",0.0084567070007324,
fing_x_face,0,0.001,ri_V>face_G>li_V>face_C,4,S2-Symmetric,rule,boot,300,,,True,0.0005429372907429,0.0155038759689922,0.0006584657747448,0.0077220077220077,1.2702702702702702,3.516147376612493,"[[38.000003814697266, 3.0], [76.3500747680664, 64.80564880371094], [35.000003814697266, 5.0], 0.6496800184249878]",0.066439151763916,
fing_x_face,0,0.001,ri_V>face_G>li_V>face_C,4,S3-SPRT,rule,boot,300,,,True,0.0005580188821524,0.003875968992248,0.000673430905989,0.0038610038610038,1.196911196911197,2.125796893238754,"[[5.973914479562673, -4.230800395741762], [5.973914479562673, -4.230800395741762], [5.973914479562673, -4.230800395741762], 1.5304080906420205]",0.1859045028686523,
fing_x_face,0,0.001,ri_V>face_G>li_V>face_C,4,S4-Direct,rule,boot,300,,,True,0.0006635900220191,0.0155038759689922,0.0007033611684774,0.0115830115830115,1.166023166023166,2.7873454850199035,"[[28.000001907348633, 3.000000238418579], [75.38343048095703, 66.1951904296875], [35.000003814697266, 4.000000476837158], 0.664929986000061]",0.9720578193664552,
fing_x_face,0,0.001,ri_V>li_V>face_C>face_G,4,HYP,GP,boot,300,,,False,,,,,,,,,
fing_x_face,0,0.001,ri_V>li_V>face_C>face_G,4,MONO,GP,boot,300,0.0507893435938234,0.0479815188148631,True,0.000603263656381,0.0271317829457364,0.00074825656221,0.0231660231660231,1.1776061776061777,2.680165215048936,"[[27.000001907348633, 3.000000238418579], [30.000001907348633, 5.000000476837158], [0.6719500422477722, 0.57163006067276], 75.28327941894531]",0.0601017475128173,
fing_x_face,0,0.001,ri_V>li_V>face_C>face_G,4,MONO-rel,GP,boot,300,0.0442560396947756,0.0595379925078319,True,0.000603263656381,0.0348837209302325,0.0005387447247912,0.0231660231660231,1.166023166023166,2.214659842566819,"[[27.000001907348633, 3.000000238418579], [30.000001907348633, 8.000000953674316], [0.6549700498580933, 0.5816300511360168], 75.96874237060547]",0.057401418685913,
fing_x_face,0,0.001,ri_V>li_V>face_C>face_G,4,NLS-N2,GP,boot,300,0.050400847505006,0.0478778650177751,True,0.0006183452477905,0.0271317829457364,0.0007033611684774,0.0231660231660231,1.1776061776061777,2.668327796234773,"[[27.000001907348633, 3.000000238418579], [30.000001907348633, 5.000000476837158], [0.6716300845146179, 0.5750900506973267], 75.27448272705078]",0.063162088394165,
fing_x_face,0,0.001,ri_V>li_V>face_C>face_G,4,DE-N2,GP,boot,300,0.048930990376125,0.0464646845469403,True,0.0006183452477905,0.0271317829457364,0.0007183262997216,0.0231660231660231,1.1814671814671815,2.6828589386728923,"[[27.000001907348633, 3.000000238418579], [31.000001907348633, 5.000000476837158], [0.6723300814628601, 0.570840060710907], 75.2699966430664]",0.0689592361450195,
fing_x_face,0,0.001,ri_V>li_V>face_C>face_G,4,MAXMONO-K3,GP,boot,300,,,False,,,,,,,,,True
fing_x_face,0,0.001,ri_V>li_V>face_C>face_G,4,MONO-cont,GP,boot,300,0.0489397551115119,0.0464732047361704,True,0.0006183452477905,0.0271317829457364,0.0007183262997216,0.0231660231660231,1.1814671814671815,2.6828589386728923,"[[27.000001907348633, 3.000000238418579], [31.000001907348633, 5.000000476837158], [0.6723300814628601, 0.570840060710907], 75.2699966430664]",0.0617785453796386,
fing_x_face,0,0.001,ri_V>li_V>face_C>face_G,4,S1-Marcialis,rule,boot,300,,,True,0.0005580188821524,0.0271317829457364,0.001047559187094,0.0038610038610038,1.3243243243243243,3.6988117685792106,"[[38.000003814697266, 3.0], [35.000003814697266, 5.0], [0.7145800590515137, -1.0], 75.01026916503906]",0.0104384422302246,
fing_x_face,0,0.001,ri_V>li_V>face_C>face_G,4,S2-Symmetric,rule,boot,300,,,True,0.0005580188821524,0.0271317829457364,0.001047559187094,0.0038610038610038,1.3243243243243243,3.6988117685792106,"[[38.000003814697266, 3.0], [35.000003814697266, 5.0], [0.7145800590515137, -1.0], 75.01026916503906]",0.0430810451507568,
fing_x_face,0,0.001,ri_V>li_V>face_C>face_G,4,S3-SPRT,rule,boot,300,,,True,0.0005429372907429,0.0271317829457364,0.0006435006435006,0.0154440154440154,1.22007722007722,2.1074496423333637,"[[5.973914479562673, -4.230800395741762], [5.973914479562673, -4.230800395741762], [5.973914479562673, -4.230800395741762], 1.1733207514215112]",0.1900238990783691,
fing_x_face,0,0.001,ri_V>li_V>face_C>face_G,4,S4-Direct,rule,boot,300,,,True,0.0006485084306095,0.0155038759689922,0.0008829427434078,0.0038610038610038,1.2162162162162162,2.79602526114154,"[[28.000001907348633, 3.000000238418579], [35.000003814697266, 4.000000476837158], [0.6723300814628601, 0.5870400667190552], 74.96443176269531]",0.8856077194213867,
fing_x_face,0,0.001,ri_V>li_V>face_G>face_C,4,HYP,GP,boot,300,,,False,,,,,,,,,
fing_x_face,0,0.001,ri_V>li_V>face_G>face_C,4,MONO,GP,boot,300,0.0515434101718126,0.0485625676757552,True,0.0006183452477905,0.0271317829457364,0.000523779593547,0.027027027027027,1.1776061776061777,2.710664152524618,"[[27.000001907348633, 3.000000238418579], [30.000001907348633, 5.000000476837158], [75.96875, 71.47708892822266], 0.6638699769973755]",0.0608353614807128,
fing_x_face,0,0.001,ri_V>li_V>face_G>face_C,4,MONO-rel,GP,boot,300,0.0446224831200698,0.0557775367635606,True,0.0005881820649714,0.0348837209302325,0.0006285355122564,0.027027027027027,1.16988416988417,2.2162461464787047,"[[27.000001907348633, 3.000000238418579], [30.000001907348633, 8.000000953674316], [75.27000427246094, 72.46672058105469], 0.6666100025177002]",0.0552043914794921,
fing_x_face,0,0.001,ri_V>li_V>face_G>face_C,4,NLS-N2,GP,boot,300,0.0511355240900706,0.0485280792829666,True,0.0006183452477905,0.0271317829457364,0.000523779593547,0.027027027027027,1.1776061776061777,2.692750890425309,"[[27.000001907348633, 3.000000238418579], [30.000001907348633, 5.000000476837158], [75.91592407226562, 71.80294799804688], 0.664929986000061]",0.0630736351013183,
fing_x_face,0,0.001,ri_V>li_V>face_G>face_C,4,DE-N2,GP,boot,300,0.0496557662721502,0.0467665402588371,True,0.0006183452477905,0.0271317829457364,0.000523779593547,0.027027027027027,1.1776061776061777,2.719104486546347,"[[27.000001907348633, 3.000000238418579], [30.000001907348633, 5.000000476837158], [75.96875, 71.29386901855469], 0.6638699769973755]",0.0711181163787841,
fing_x_face,0,0.001,ri_V>li_V>face_G>face_C,4,MAXMONO-K3,GP,boot,300,,,False,,,,,,,,,True
fing_x_face,0,0.001,ri_V>li_V>face_G>face_C,4,MONO-cont,GP,boot,300,0.0496643522706904,0.0467750592347799,True,0.0006183452477905,0.0271317829457364,0.000523779593547,0.027027027027027,1.1776061776061777,2.719104486546347,"[[27.000001907348633, 3.000000238418579], [30.000001907348633, 5.000000476837158], [75.96875, 71.2936782836914], 0.6638699769973755]",0.0624032020568847,
fing_x_face,0,0.001,ri_V>li_V>face_G>face_C,4,S1-Marcialis,rule,boot,300,,,True,0.0005429372907429,0.0155038759689922,0.0006584657747448,0.0077220077220077,1.3127413127413128,3.5500583640118526,"[[38.000003814697266, 3.0], [35.000003814697266, 5.0], [76.3500747680664, 64.80564880371094], 0.6496800184249878]",0.0086381435394287,
fing_x_face,0,0.001,ri_V>li_V>face_G>face_C,4,S2-Symmetric,rule,boot,300,,,True,0.0005429372907429,0.0155038759689922,0.0006584657747448,0.0077220077220077,1.3127413127413128,3.5500583640118526,"[[38.000003814697266, 3.0], [35.000003814697266, 5.0], [76.3500747680664, 64.80564880371094], 0.6496800184249878]",0.0561597347259521,
fing_x_face,0,0.001,ri_V>li_V>face_G>face_C,4,S3-SPRT,rule,boot,300,,,True,0.0005429372907429,0.0271317829457364,0.0006435006435006,0.0154440154440154,1.22007722007722,2.107584328514561,"[[5.973914479562673, -4.230800395741762], [5.973914479562673, -4.230800395741762], [5.973914479562673, -4.230800395741762], 1.1733207514215112]",0.198805570602417,
fing_x_face,0,0.001,ri_V>li_V>face_G>face_C,4,S4-Direct,rule,boot,300,,,True,0.0006485084306095,0.0155038759689922,0.0006584657747448,0.0115830115830115,1.2162162162162162,3.1465385651432163,"[[28.000001907348633, 3.000000238418579], [35.000003814697266, 4.000000476837158], [75.38343048095703, 66.1951904296875], 0.664929986000061]",0.906123161315918,
fing_x_face,0,0.001,parallel,4,P0-Parallel,parallel,boot,300,,,True,0.0006183452477905,0.0426356589147286,0.000448953937326,0.0231660231660231,4.0,4.0,[9.171382904052734],,
fing_x_face,0,0.001,parallel,4,P1-LLR,parallel,boot,300,,,True,0.0005580188821524,0.003875968992248,0.0006883960372332,0.0,4.0,4.0,[1.5304080906420205],,
fing_x_face,0,0.001,parallel,4,P2-LogReg,parallel,boot,300,,,True,0.000603263656381,0.0077519379844961,0.0005537098560354,0.0077220077220077,4.0,4.0,[2.375372924428472],,
fing_x_face,0,0.01,face_C,1,LR-P1-N2,GP,boot,300,0.10391611656143791,0.11126358140996467,True,0.007586040478991343,0.09302325581395349,0.00829068270928736,0.08494208494208494,1.0,1.0,[0.6154500246047974],0.03490018844604492,
fing_x_face,0,0.01,face_C,1,LR-P1-N3,GP,boot,300,0.10394832331869784,0.11129282045491608,True,0.007586040478991343,0.09302325581395349,0.00829068270928736,0.08494208494208494,1.0,1.0,[0.6154500246047974],0.07276296615600586,
fing_x_face,0,0.01,face_C,1,LR-P2-N2,GP,boot,300,0.11913605009163009,0.12462882716683872,True,0.007586040478991343,0.09302325581395349,0.00829068270928736,0.08494208494208494,1.0,1.0,[0.6154500246047974],0.026829957962036133,
fing_x_face,0,0.01,face_C,1,LR-P1-N2-rel,GP,boot,300,0.10392371214872251,0.11779077855307733,True,0.007586040478991343,0.09302325581395349,0.00829068270928736,0.08494208494208494,1.0,1.0,[0.6154500246047974],0.022309541702270508,
fing_x_face,0,0.01,face_C,1,LR-P2-N2-rel,GP,boot,300,0.10991689843481951,0.1262885591129216,True,0.007586040478991343,0.09302325581395349,0.00829068270928736,0.08494208494208494,1.0,1.0,[0.6154500246047974],0.02209305763244629,
fing_x_face,0,0.01,face_G,1,LR-P1-N2,GP,boot,300,0.1451385728607199,0.15469923388935244,True,0.0074653877477151385,0.11627906976744186,0.010116428721079884,0.11583011583011583,1.0,1.0,[73.87599182128906],0.023021459579467773,
fing_x_face,0,0.01,face_G,1,LR-P1-N3,GP,boot,300,0.1451385728607199,0.15469923388935244,True,0.0074653877477151385,0.11627906976744186,0.010116428721079884,0.11583011583011583,1.0,1.0,[73.87599182128906],0.02382802963256836,
fing_x_face,0,0.01,face_G,1,LR-P2-N2,GP,boot,300,0.17394093692337495,0.18249113116472215,True,0.0074653877477151385,0.11627906976744186,0.010116428721079884,0.11583011583011583,1.0,1.0,[73.87599182128906],0.023255586624145508,
fing_x_face,0,0.01,face_G,1,LR-P1-N2-rel,GP,boot,300,0.12654015914315697,0.1423732575354506,True,0.0074653877477151385,0.11627906976744186,0.010116428721079884,0.11583011583011583,1.0,1.0,[73.87599182128906],0.02447199821472168,
fing_x_face,0,0.01,face_G,1,LR-P2-N2-rel,GP,boot,300,0.13501363682862372,0.1537180188230559,True,0.0074653877477151385,0.11627906976744186,0.010116428721079884,0.11583011583011583,1.0,1.0,[73.87599182128906],0.027549028396606445,
fing_x_face,0,0.01,li_V,1,LR-P1-N2,GP,boot,300,0.15245108140800068,0.15891472868217058,True,0.0069827768226103214,0.14728682170542637,0.008006345215647541,0.10424710424710425,1.0,1.0,[19.0],0.026065587997436523,
fing_x_face,0,0.01,li_V,1,LR-P1-N3,GP,boot,300,0.15245108140800068,0.15891472868217058,True,0.0069827768226103214,0.14728682170542637,0.008006345215647541,0.10424710424710425,1.0,1.0,[19.0],0.024712562561035156,
fing_x_face,0,0.01,li_V,1,LR-P2-N2,GP,boot,300,0.1530768897444131,0.1602379264104545,True,0.0069827768226103214,0.14728682170542637,0.008006345215647541,0.10424710424710425,1.0,1.0,[19.0],0.02469182014465332,
fing_x_face,0,0.01,li_V,1,LR-P1-N2-rel,GP,boot,300,0.16001034697640712,0.1711970568824187,True,0.0069827768226103214,0.14728682170542637,0.008006345215647541,0.10424710424710425,1.0,1.0,[19.0],0.02554011344909668,
fing_x_face,0,0.01,li_V,1,LR-P2-N2-rel,GP,boot,300,0.17612533442761405,0.19233595222303507,True,0.0069827768226103214,0.14728682170542637,0.008006345215647541,0.10424710424710425,1.0,1.0,[19.0],0.035186767578125,
fing_x_face,0,0.01,ri_V,1,LR-P1-N2,GP,boot,300,0.07446748946771145,0.08191109217261645,True,0.005625433595753024,0.07364341085271318,0.004758911735655922,0.07722007722007722,1.0,1.0,[20.0],0.03637123107910156,
fing_x_face,0,0.01,ri_V,1,LR-P1-N3,GP,boot,300,0.07446748946771145,0.08191109217261645,True,0.005625433595753024,0.07364341085271318,0.004758911735655922,0.07722007722007722,1.0,1.0,[20.0],0.04124021530151367,
fing_x_face,0,0.01,ri_V,1,LR-P2-N2,GP,boot,300,0.08262962866291318,0.08946918380201883,True,0.005625433595753024,0.07364341085271318,0.004758911735655922,0.07722007722007722,1.0,1.0,[20.0],0.033678293228149414,
fing_x_face,0,0.01,ri_V,1,LR-P1-N2-rel,GP,boot,300,0.07707450594555769,0.08845247152575118,True,0.005625433595753024,0.07364341085271318,0.004758911735655922,0.07722007722007722,1.0,1.0,[20.0],0.022152423858642578,
fing_x_face,0,0.01,ri_V,1,LR-P2-N2-rel,GP,boot,300,0.1024057151666853,0.12440528921031355,True,0.005625433595753024,0.07364341085271318,0.004758911735655922,0.07722007722007722,1.0,1.0,[20.0],0.02239704132080078,
fing_x_face,0,0.01,face_C>face_G,2,LR-P1-N2,GP,boot,300,0.05411667768051592,0.04984671504195496,True,0.007917835490000904,0.06589147286821706,0.010131393852324085,0.0694980694980695,1.1003861003861004,1.994851994851995,"[[0.6221100687980652, -Infinity], 74.24305725097656]",0.03050065040588379,
fing_x_face,0,0.01,face_C>face_G,2,LR-P1-N3,GP,boot,300,0.054157029186462514,0.049880500664933644,True,0.007917835490000904,0.06589147286821706,0.010131393852324085,0.0694980694980695,1.1003861003861004,1.994851994851995,"[[0.6221100687980652, -Infinity], 74.24305725097656]",0.03690147399902344,
fing_x_face,0,0.01,face_C>face_G,2,LR-P2-N2,GP,boot,300,0.08604720330631803,0.07536848707609736,True,0.007947998672819956,0.06201550387596899,0.010011672802370477,0.0694980694980695,1.1042471042471043,1.9952111580018557,"[[0.6229500770568848, -Infinity], 74.22630310058594]",0.032176971435546875,
fing_x_face,0,0.01,face_C>face_G,2,LR-P1-N2-rel,GP,boot,300,0.03558906488135307,0.04043394738664437,True,0.007963080264229481,0.06589147286821706,0.010191254377300889,0.07335907335907337,1.0926640926640927,1.5740325042650625,"[[0.6221600770950317, 0.525070071220398], 74.21753692626953]",0.05372929573059082,
fing_x_face,0,0.01,face_C>face_G,2,LR-P2-N2-rel,GP,boot,300,0.036226205764861824,0.045102022916905155,True,0.008023406629867584,0.06589147286821706,0.010101463589835684,0.07335907335907337,1.0888030888030888,1.425039657597797,"[[0.6221100687980652, 0.536750078201294], 74.18865203857422]",0.055006980895996094,
fing_x_face,0,0.01,face_C>li_V,2,LR-P1-N2,GP,boot,300,0.05319134403519562,0.04955283032425499,True,0.007435224564896088,0.015503875968992248,0.008051240609380145,0.003861003861003861,1.0888030888030888,1.9932507258088654,"[[0.6184900403022766, -Infinity], 24.0]",0.03142118453979492,
fing_x_face,0,0.01,face_C>li_V,2,LR-P1-N3,GP,boot,300,0.05323235418230893,0.04958716994437833,True,0.007435224564896088,0.015503875968992248,0.008051240609380145,0.003861003861003861,1.0888030888030888,1.9932507258088654,"[[0.6184900403022766, -Infinity], 24.0]",0.029337167739868164,
fing_x_face,0,0.01,face_C>li_V,2,LR-P2-N2,GP,boot,300,0.08228116866204922,0.0738858741140667,True,0.006937532048381745,0.015503875968992248,0.0073029840471700936,0.003861003861003861,1.0926640926640927,1.9944629014396456,"[[0.6210900545120239, -Infinity], 23.0]",0.029383420944213867,
fing_x_face,0,0.01,face_C>li_V,2,LR-P1-N2-rel,GP,boot,300,0.037412270602656644,0.03998759125919978,True,0.007661448436038971,0.015503875968992248,0.008260752446798959,0.003861003861003861,1.0888030888030888,1.9930412139714466,"[[0.6178000569343567, -Infinity], 24.0]",0.029672861099243164,
fing_x_face,0,0.01,face_C>li_V,2,LR-P2-N2-rel,GP,boot,300,0.04144926942924415,0.04760293666165979,True,0.007405061382077037,0.01937984496124031,0.008036275478135943,0.003861003861003861,1.0888030888030888,1.6499655801981383,"[[0.618630051612854, 0.5188600420951843], 23.0]",0.0447087287902832,
fing_x_face,0,0.01,face_C>ri_V,2,LR-P1-N2,GP,boot,300,0.043528597524057445,0.04163590473896231,True,0.007691611618858022,0.007751937984496124,0.007572356409565712,0.0,1.0926640926640927,1.9941486336835175,"[[0.6204700469970703, -Infinity], 23.0]",0.029582977294921875,
fing_x_face,0,0.01,face_C>ri_V,2,LR-P1-N3,GP,boot,300,0.043567020739032174,0.041670992264375165,True,0.007691611618858022,0.007751937984496124,0.007572356409565712,0.0,1.0926640926640927,1.9941486336835175,"[[0.6204700469970703, -Infinity], 23.0]",0.031633615493774414,
fing_x_face,0,0.01,face_C>ri_V,2,LR-P2-N2,GP,boot,300,0.07213740705396186,0.06748594635983392,True,0.007209000693753205,0.007751937984496124,0.007078507078507079,0.0,1.0965250965250966,1.9946424830145761,"[[0.6215900778770447, -Infinity], 23.0]",0.037512779235839844,
fing_x_face,0,0.01,face_C>ri_V,2,LR-P1-N2-rel,GP,boot,300,0.025413841458544254,0.027123373452183686,True,0.007540795704762767,0.007751937984496124,0.00769207745951932,0.0,1.0888030888030888,1.9936398192212146,"[[0.6191500425338745, -Infinity], 24.0]",0.02825641632080078,
fing_x_face,0,0.01,face_C>ri_V,2,LR-P2-N2-rel,GP,boot,300,0.03055148631455728,0.03556105271068495,True,0.007239163876572256,0.011627906976744186,0.0073029840471700936,0.0,1.0926640926640927,1.7913711053245938,"[[0.6204800605773926, 0.5063700675964355], 23.0]",0.03895115852355957,
fing_x_face,0,0.01,face_G>face_C,2,LR-P1-N2,GP,boot,300,0.07500363492029077,0.07030646989678369,True,0.008008325038458058,0.06201550387596899,0.010086498458591482,0.0694980694980695,1.138996138996139,1.8192661099637844,"[[74.17733764648438, 64.8189697265625], 0.6238200068473816]",0.037665605545043945,
fing_x_face,0,0.01,face_G>face_C,2,LR-P1-N3,GP,boot,300,0.07500821039363771,0.07030905830848744,True,0.008008325038458058,0.06201550387596899,0.010086498458591482,0.0694980694980695,1.138996138996139,1.8192661099637844,"[[74.17733764648438, 64.8189697265625], 0.6238200068473816]",0.04049420356750488,
fing_x_face,0,0.01,face_G>face_C,2,LR-P2-N2,GP,boot,300,0.10921511001700475,0.09967665447763688,True,0.008008325038458058,0.06201550387596899,0.010116428721079884,0.0694980694980695,1.138996138996139,1.8190715632576098,"[[74.14342498779297, 64.8189697265625], 0.6243900060653687]",0.051931142807006836,
fing_x_face,0,0.01,face_G>face_C,2,LR-P1-N2-rel,GP,boot,300,0.04304785962599245,0.046240016796968264,True,0.008023406629867584,0.06201550387596899,0.01005656819610308,0.0694980694980695,1.138996138996139,1.6725778935081261,"[[74.1745376586914, 65.54523468017578], 0.6237199902534485]",0.049094200134277344,
fing_x_face,0,0.01,face_G>face_C,2,LR-P2-N2-rel,GP,boot,300,0.043935611346510826,0.05155615825449232,True,0.007993243447048532,0.06976744186046512,0.010116428721079884,0.07335907335907337,1.1274131274131274,1.4963934033701476,"[[74.17733764648438, 66.13663482666016], 0.62295001745224]",0.04779672622680664,
fing_x_face,0,0.01,face_G>li_V,2,LR-P1-N2,GP,boot,300,0.08193817120115862,0.074958171855757,True,0.007525714113353241,0.027131782945736434,0.009921882014905271,0.007722007722007722,1.1235521235521235,1.8170961659333753,"[[73.99324035644531, 64.8189697265625], 23.0]",0.04223370552062988,
fing_x_face,0,0.01,face_G>li_V,2,LR-P1-N3,GP,boot,300,0.08193817120115862,0.074958171855757,True,0.007525714113353241,0.027131782945736434,0.009921882014905271,0.007722007722007722,1.1235521235521235,1.8170961659333753,"[[73.99324035644531, 64.8189697265625], 23.0]",0.04436135292053223,
fing_x_face,0,0.01,face_G>li_V,2,LR-P2-N2,GP,boot,300,0.11572134237384911,0.10375891676473545,True,0.0074653877477151385,0.023255813953488372,0.009832091227440064,0.007722007722007722,1.135135135135135,1.8181586902517135,"[[74.07091522216797, 64.8189697265625], 22.0]",0.04322504997253418,
fing_x_face,0,0.01,face_G>li_V,2,LR-P1-N2-rel,GP,boot,300,0.049510503799190156,0.05247358506511042,True,0.007299490242210358,0.027131782945736434,0.009712370177486456,0.007722007722007722,1.1235521235521235,1.8169016192272007,"[[73.97602844238281, 64.8189697265625], 24.0]",0.04156637191772461,
fing_x_face,0,0.01,face_G>li_V,2,LR-P2-N2-rel,GP,boot,300,0.05457348005933405,0.06002356857975035,True,0.00735981660784846,0.027131782945736434,0.009637544521265452,0.007722007722007722,1.1235521235521235,1.75416778905151,"[[74.001220703125, 65.18347930908203], 23.0]",0.044974327087402344,
fing_x_face,0,0.01,face_G>ri_V,2,LR-P1-N2,GP,boot,300,0.06867717295006365,0.06511641035508753,True,0.008008325038458058,0.011627906976744186,0.009338241896381431,0.003861003861003861,1.135135135135135,1.8181437251204693,"[[74.06879425048828, 64.8189697265625], 22.0]",0.0414423942565918,
fing_x_face,0,0.01,face_G>ri_V,2,LR-P1-N3,GP,boot,300,0.06867717295006365,0.06511641035508753,True,0.008008325038458058,0.011627906976744186,0.009338241896381431,0.003861003861003861,1.135135135135135,1.8181437251204693,"[[74.06879425048828, 64.8189697265625], 22.0]",0.04549860954284668,
fing_x_face,0,0.01,face_G>ri_V,2,LR-P2-N2,GP,boot,300,0.10117567933595341,0.09464413968543488,True,0.0077670195759056496,0.011627906976744186,0.009143695190206818,0.003861003861003861,1.135135135135135,1.8183382718266439,"[[74.08538055419922, 64.8189697265625], 22.0]",0.04312634468078613,
fing_x_face,0,0.01,face_G>ri_V,2,LR-P1-N2-rel,GP,boot,300,0.035407441112442255,0.036186252755832655,True,0.007736856393086598,0.011627906976744186,0.009487893208823442,0.003861003861003861,1.1235521235521235,1.8173954685582592,"[[74.01181030273438, 64.8189697265625], 23.0]",0.038700103759765625,
fing_x_face,0,0.01,face_G>ri_V,2,LR-P2-N2-rel,GP,boot,300,0.041143967474103114,0.0430774028692827,True,0.008008325038458058,0.011627906976744186,0.009338241896381431,0.003861003861003861,1.135135135135135,1.8181437251204693,"[[74.06879425048828, 64.8189697265625], 22.0]",0.04241943359375,
fing_x_face,0,0.01,li_V>face_C,2,LR-P1-N2,GP,boot,300,0.11041828463907098,0.10321575282299389,True,0.007827345941543752,0.03488372093023256,0.008096136003112746,0.023166023166023165,1.1235521235521235,1.693424321331298,"[[21.000001907348633, 5.000000476837158], 0.6168599724769592]",0.04185175895690918,
fing_x_face,0,0.01,li_V>face_C,2,LR-P1-N3,GP,boot,300,0.11042349634058979,0.10321808763906552,True,0.007827345941543752,0.03488372093023256,0.008096136003112746,0.023166023166023165,1.1235521235521235,1.693424321331298,"[[21.000001907348633, 5.000000476837158], 0.6168599724769592]",0.0397031307220459,
fing_x_face,0,0.01,li_V>face_C,2,LR-P2-N2,GP,boot,300,0.1087704772734156,0.10072607589199928,True,0.007782101167315175,0.03488372093023256,0.008021310346891743,0.023166023166023165,1.1081081081081081,1.6923169016192272,"[[20.000001907348633, 5.000000476837158], 0.6204800009727478]",0.0401158332824707,
fing_x_face,0,0.01,li_V>face_C,2,LR-P1-N2-rel,GP,boot,300,0.09222451490882004,0.08981350722186057,True,0.007646366844629445,0.03488372093023256,0.007961449821914938,0.023166023166023165,1.1274131274131274,1.6944419502559038,"[[22.000001907348633, 5.000000476837158], 0.6151400804519653]",0.03948855400085449,
fing_x_face,0,0.01,li_V>face_C,2,LR-P2-N2-rel,GP,boot,300,0.08794752097129499,0.08650729801791213,True,0.007827345941543752,0.03488372093023256,0.008096136003112746,0.023166023166023165,1.1235521235521235,1.693424321331298,"[[21.000001907348633, 5.000000476837158], 0.6168599724769592]",0.03990983963012695,
fing_x_face,0,0.01,li_V>face_G,2,LR-P1-N2,GP,boot,300,0.11780093434401452,0.10678551665155027,True,0.007963080264229481,0.03875968992248062,0.009981742539882075,0.02702702702702703,1.1235521235521235,1.693424321331298,"[[21.000001907348633, 5.000000476837158], 73.91620635986328]",0.04266643524169922,
fing_x_face,0,0.01,li_V>face_G,2,LR-P1-N3,GP,boot,300,0.11780093434401452,0.10678551665155027,True,0.007963080264229481,0.03875968992248062,0.009981742539882075,0.02702702702702703,1.1235521235521235,1.693424321331298,"[[21.000001907348633, 5.000000476837158], 73.91620635986328]",0.04038643836975098,
fing_x_face,0,0.01,li_V>face_G,2,LR-P2-N2,GP,boot,300,0.1187360565038171,0.10561546148351017,True,0.008113896178324738,0.03875968992248062,0.010191254377300889,0.02702702702702703,1.1081081081081081,1.6923169016192272,"[[20.000001907348633, 5.000000476837158], 73.9999771118164]",0.041875600814819336,
fing_x_face,0,0.01,li_V>face_G,2,LR-P1-N2-rel,GP,boot,300,0.0968968133892915,0.0917025136345488,True,0.007963080264229481,0.03875968992248062,0.009981742539882075,0.02702702702702703,1.1235521235521235,1.693424321331298,"[[21.000001907348633, 5.000000476837158], 73.91620635986328]",0.0415499210357666,
fing_x_face,0,0.01,li_V>face_G,2,LR-P2-N2-rel,GP,boot,300,0.09392512349067664,0.09105249999999782,True,0.007963080264229481,0.03875968992248062,0.009981742539882075,0.02702702702702703,1.1235521235521235,1.693424321331298,"[[21.000001907348633, 5.000000476837158], 73.91620635986328]",0.043016672134399414,
fing_x_face,0,0.01,li_V>ri_V,2,LR-P1-N2,GP,boot,300,0.1047070235469659,0.10037840272476435,True,0.007148674328115103,0.05426356589147287,0.006764239322378857,0.05019305019305019,1.1081081081081081,1.6923169016192272,"[[20.000001907348633, 5.000000476837158], 21.0]",0.04709029197692871,
fing_x_face,0,0.01,li_V>ri_V,2,LR-P1-N3,GP,boot,300,0.1047070235469659,0.10037840272476435,True,0.007148674328115103,0.05426356589147287,0.006764239322378857,0.05019305019305019,1.1081081081081081,1.6923169016192272,"[[20.000001907348633, 5.000000476837158], 21.0]",0.044208526611328125,
fing_x_face,0,0.01,li_V>ri_V,2,LR-P2-N2,GP,boot,300,0.1019656356299806,0.09746150751836086,True,0.007148674328115103,0.05426356589147287,0.006764239322378857,0.05019305019305019,1.1081081081081081,1.6923169016192272,"[[20.000001907348633, 5.000000476837158], 21.0]",0.051229000091552734,
fing_x_face,0,0.01,li_V>ri_V,2,LR-P1-N2-rel,GP,boot,300,0.08539919678589876,0.08392684452187262,True,0.007148674328115103,0.05426356589147287,0.006764239322378857,0.05019305019305019,1.1081081081081081,1.6923169016192272,"[[20.000001907348633, 5.000000476837158], 21.0]",0.07242822647094727,
fing_x_face,0,0.01,li_V>ri_V,2,LR-P2-N2-rel,GP,boot,300,0.08474449839453524,0.08501588991584572,True,0.007148674328115103,0.05426356589147287,0.006764239322378857,0.05019305019305019,1.1081081081081081,1.6923169016192272,"[[20.000001907348633, 5.000000476837158], 21.0]",0.04024791717529297,
fing_x_face,0,0.01,ri_V>face_C,2,LR-P1-N2,GP,boot,300,0.04499847732095928,0.04189528301035345,True,0.007902753898591379,0.015503875968992248,0.007347879440902697,0.003861003861003861,1.0772200772200773,1.9380892520427404,"[[21.000001907348633, 3.000000238418579], 0.6222400069236755]",0.032675743103027344,
fing_x_face,0,0.01,ri_V>face_C,2,LR-P1-N3,GP,boot,300,0.04500075450653394,0.04189654115929099,True,0.007902753898591379,0.015503875968992248,0.007347879440902697,0.003861003861003861,1.0772200772200773,1.9380892520427404,"[[21.000001907348633, 3.000000238418579], 0.6222400069236755]",0.03000926971435547,
fing_x_face,0,0.01,ri_V>face_C,2,LR-P2-N2,GP,boot,300,0.05588340970967415,0.05113058365805734,True,0.007902753898591379,0.015503875968992248,0.007347879440902697,0.003861003861003861,1.0772200772200773,1.9380892520427404,"[[21.000001907348633, 3.000000238418579], 0.6222400069236755]",0.03076338768005371,
fing_x_face,0,0.01,ri_V>face_C,2,LR-P1-N2-rel,GP,boot,300,0.038123159531771846,0.03718374606287955,True,0.007857509124362803,0.011627906976744186,0.00769207745951932,0.003861003861003861,1.084942084942085,1.938807578342462,"[[22.000001907348633, 3.000000238418579], 0.6197100281715393]",0.030412673950195312,
fing_x_face,0,0.01,ri_V>face_C,2,LR-P2-N2-rel,GP,boot,300,0.040921836950965504,0.04249005802824497,True,0.007706693210267547,0.01937984496124031,0.007123402472239681,0.007722007722007722,1.0733590733590734,1.6404477567268265,"[[21.000001907348633, 5.000000476837158], 0.6186800003051758]",0.04297947883605957,
fing_x_face,0,0.01,ri_V>face_G,2,LR-P1-N2,GP,boot,300,0.0488289730628118,0.04431872644626888,True,0.00803848822127711,0.011627906976744186,0.009502858340067642,0.007722007722007722,1.0772200772200773,1.9380892520427404,"[[21.000001907348633, 3.000000238418579], 74.08439636230469]",0.03242635726928711,
fing_x_face,0,0.01,ri_V>face_G,2,LR-P1-N3,GP,boot,300,0.0488289730628118,0.04431872644626888,True,0.00803848822127711,0.011627906976744186,0.009502858340067642,0.007722007722007722,1.0772200772200773,1.9380892520427404,"[[21.000001907348633, 3.000000238418579], 74.08439636230469]",0.031565189361572266,
fing_x_face,0,0.01,ri_V>face_G,2,LR-P2-N2,GP,boot,300,0.06145229540717423,0.054314287404287245,True,0.008008325038458058,0.011627906976744186,0.009502858340067642,0.007722007722007722,1.0772200772200773,1.9380892520427404,"[[21.000001907348633, 3.000000238418579], 74.08443450927734]",0.031227827072143555,
fing_x_face,0,0.01,ri_V>face_G,2,LR-P1-N2-rel,GP,boot,300,0.04051106350803503,0.038508103834851024,True,0.00803848822127711,0.011627906976744186,0.009502858340067642,0.007722007722007722,1.0772200772200773,1.9380892520427404,"[[21.000001907348633, 3.000000238418579], 74.08439636230469]",0.032764434814453125,
fing_x_face,0,0.01,ri_V>face_G,2,LR-P2-N2-rel,GP,boot,300,0.04445309157317223,0.04547375256716967,True,0.007706693210267547,0.023255813953488372,0.008335578103019964,0.011583011583011582,1.0733590733590734,1.4685732243871779,"[[21.000001907348633, 6.000000476837158], 73.80854797363281]",0.044400691986083984,
fing_x_face,0,0.01,ri_V>li_V,2,LR-P1-N2,GP,boot,300,0.04851769351278567,0.04376220455103777,True,0.007827345941543752,0.04263565891472868,0.0072131932597048875,0.04633204633204633,1.0772200772200773,1.9371763790368441,"[[20.000001907348633, 3.000000238418579], 21.0]",0.03346371650695801,
fing_x_face,0,0.01,ri_V>li_V,2,LR-P1-N3,GP,boot,300,0.04851769351278567,0.04376220455103777,True,0.007827345941543752,0.04263565891472868,0.0072131932597048875,0.04633204633204633,1.0772200772200773,1.9371763790368441,"[[20.000001907348633, 3.000000238418579], 21.0]",0.029213905334472656,
fing_x_face,0,0.01,ri_V>li_V,2,LR-P2-N2,GP,boot,300,0.05895292145647157,0.05257650989936213,True,0.007827345941543752,0.04263565891472868,0.0072131932597048875,0.04633204633204633,1.0772200772200773,1.9371763790368441,"[[20.000001907348633, 3.000000238418579], 21.0]",0.03096747398376465,
fing_x_face,0,0.01,ri_V>li_V,2,LR-P1-N2-rel,GP,boot,300,0.04215026238517374,0.03921453520017543,True,0.007827345941543752,0.04263565891472868,0.0072131932597048875,0.04633204633204633,1.0772200772200773,1.9371763790368441,"[[20.000001907348633, 3.000000238418579], 21.0]",0.029964208602905273,
fing_x_face,0,0.01,ri_V>li_V,2,LR-P2-N2-rel,GP,boot,300,0.04840318998179767,0.0478666794008762,True,0.007827345941543752,0.04263565891472868,0.0072131932597048875,0.04633204633204633,1.0772200772200773,1.9371763790368441,"[[20.000001907348633, 3.000000238418579], 21.0]",0.033129215240478516,
fing_x_face,0,0.01,face_C>face_G>li_V,3,LR-P1-N2,GP,boot,300,0.044089305049709974,0.04080046755268783,True,0.00793291708141043,0.015503875968992248,0.009442997815090838,0.003861003861003861,1.1544401544401544,2.8104666127921942,"[[0.619360089302063, -Infinity], [74.5313949584961, 64.8189697265625], 27.0]",0.053679466247558594,
fing_x_face,0,0.01,face_C>face_G>li_V,3,LR-P1-N3,GP,boot,300,0.04412798718726454,0.040835729129125725,True,0.00793291708141043,0.015503875968992248,0.009442997815090838,0.003861003861003861,1.1544401544401544,2.8104666127921942,"[[0.619360089302063, -Infinity], [74.5313949584961, 64.8189697265625], 27.0]",0.051877737045288086,
fing_x_face,0,0.01,face_C>face_G>li_V,3,LR-P2-N2,GP,boot,300,0.07625580078002514,0.06810625133385187,True,0.007947998672819956,0.015503875968992248,0.009368172158869833,0.0,1.162162162162162,2.810990392385741,"[[0.6196800470352173, -0.9999999403953552], [74.58414459228516, 64.8189697265625], 25.0]",0.053124427795410156,
fing_x_face,0,0.01,face_C>face_G>li_V,3,LR-P1-N2-rel,GP,boot,300,0.02197813264082684,0.022002354157981064,True,0.007947998672819956,0.015503875968992248,0.01007153332734728,0.0,1.1737451737451738,2.8112298344856486,"[[0.6221300363540649, -Infinity], [74.33892822265625, 64.8189697265625], 25.0]",0.04673290252685547,
fing_x_face,0,0.01,face_C>face_G>li_V,3,LR-P2-N2-rel,GP,boot,300,0.02240640381433304,0.02345221384044936,True,0.0077670195759056496,0.01937984496124031,0.00974230043997486,0.007722007722007722,1.166023166023166,2.3433001107419713,"[[0.6221100687980652, -Infinity], [74.37593841552734, 66.60950469970703], 23.0]",0.0507810115814209,
fing_x_face,0,0.01,face_C>face_G>ri_V,3,LR-P1-N2,GP,boot,300,0.042017267854821586,0.03962104167730597,True,0.00793291708141043,0.007751937984496124,0.008904253090299602,0.0,1.1583011583011582,2.810077519379845,"[[0.6179300546646118, -Infinity], [74.69171142578125, 64.8189697265625], 28.0]",0.04928278923034668,
fing_x_face,0,0.01,face_C>face_G>ri_V,3,LR-P1-N3,GP,boot,300,0.04205557721224185,0.039656503119497,True,0.00793291708141043,0.007751937984496124,0.008904253090299602,0.0,1.1583011583011582,2.810077519379845,"[[0.6179300546646118, -Infinity], [74.69171142578125, 64.8189697265625], 28.0]",0.04734492301940918,
fing_x_face,0,0.01,face_C>face_G>ri_V,3,LR-P2-N2,GP,boot,300,0.07374411333540544,0.06720905876557483,True,0.007827345941543752,0.011627906976744186,0.008814462302834395,0.0,1.1583011583011582,2.8101074496423335,"[[0.6178000569343567, -0.9999999403953552], [74.71853637695312, 64.8189697265625], 29.0]",0.05185389518737793,
fing_x_face,0,0.01,face_C>face_G>ri_V,3,LR-P1-N2-rel,GP,boot,300,0.019029708569218998,0.01909645910893159,True,0.008023406629867584,0.007751937984496124,0.009562718865044447,0.0,1.162162162162162,2.811274729879381,"[[0.6211400628089905, -Infinity], [74.44435119628906, 64.8189697265625], 25.0]",0.047835588455200195,
fing_x_face,0,0.01,face_C>face_G>ri_V,3,LR-P2-N2-rel,GP,boot,300,0.01955757128559834,0.02039288493526642,True,0.007993243447048532,0.015503875968992248,0.009338241896381431,0.007722007722007722,1.166023166023166,2.4207446649307114,"[[0.6221100687980652, -Infinity], [74.4576644897461, 66.35096740722656], 23.0]",0.05807971954345703,
fing_x_face,0,0.01,face_C>li_V>face_G,3,LR-P1-N2,GP,boot,300,0.04816426934329674,0.043239253198210426,True,0.0078122643501342265,0.015503875968992248,0.008604950465415581,0.0,1.0926640926640927,2.683592230103858,"[[0.6177100539207458, -Infinity], [25.000001907348633, 5.000000476837158], 74.84239196777344]",0.05420541763305664,
fing_x_face,0,0.01,face_C>li_V>face_G,3,LR-P1-N3,GP,boot,300,0.048204151169687216,0.04327434748232816,True,0.0078122643501342265,0.015503875968992248,0.008604950465415581,0.0,1.0926640926640927,2.683592230103858,"[[0.6177100539207458, -Infinity], [25.000001907348633, 5.000000476837158], 74.84239196777344]",0.05387997627258301,
fing_x_face,0,0.01,face_C>li_V>face_G,3,LR-P2-N2,GP,boot,300,0.07663202386354487,0.06813818099685064,True,0.008008325038458058,0.007751937984496124,0.009128730058962618,0.0,1.0965250965250966,2.684400347191045,"[[0.619670033454895, -Infinity], [23.000001907348633, 5.000000476837158], 74.6300277709961]",0.05225944519042969,
fing_x_face,0,0.01,face_C>li_V>face_G,3,LR-P1-N2-rel,GP,boot,300,0.0276930109173481,0.027281500945170654,True,0.007782101167315175,0.015503875968992248,0.00857502020292718,0.0,1.0926640926640927,2.25537996468229,"[[0.6177600622177124, -Infinity], [25.000001907348633, 8.000000953674316], 74.4259033203125]",0.05699944496154785,
fing_x_face,0,0.01,face_C>li_V>face_G,3,LR-P2-N2-rel,GP,boot,300,0.027434280110071232,0.02849493210419704,True,0.007736856393086598,0.011627906976744186,0.0088743228278112,0.0,1.0926640926640927,2.2553949298135345,"[[0.618630051612854, -Infinity], [24.000001907348633, 8.000000953674316], 74.33271026611328]",0.05424046516418457,
fing_x_face,0,0.01,face_C>li_V>ri_V,3,LR-P1-N2,GP,boot,300,,,False,,,,,,,,,True
fing_x_face,0,0.01,face_C>li_V>ri_V,3,LR-P1-N3,GP,boot,300,,,False,,,,,,,,,True
fing_x_face,0,0.01,face_C>li_V>ri_V,3,LR-P2-N2,GP,boot,300,,,False,,,,,,,,,True
fing_x_face,0,0.01,face_C>li_V>ri_V,3,LR-P1-N2-rel,GP,boot,300,,,False,,,,,,,,,True
fing_x_face,0,0.01,face_C>li_V>ri_V,3,LR-P2-N2-rel,GP,boot,300,0.02533266790292024,0.027419072359679067,True,0.007555877296172292,0.007751937984496124,0.00814103139684535,0.0,1.0926640926640927,2.6837867768100327,"[[0.618630051612854, -0.9999999403953552], [24.000001907348633, 5.000000476837158], 26.0]",0.045932769775390625,
fing_x_face,0,0.01,face_C>ri_V>face_G,3,LR-P1-N2,GP,boot,300,0.03975788167671082,0.03771371159233075,True,0.007963080264229481,0.003875968992248062,0.008829427434078597,0.0,1.0926640926640927,2.927568764778067,"[[0.619670033454895, -Infinity], [24.000001907348633, 3.000000238418579], 74.6830825805664]",0.04514431953430176,
fing_x_face,0,0.01,face_C>ri_V>face_G,3,LR-P1-N3,GP,boot,300,0.03979552849571573,0.037749329885846054,True,0.007963080264229481,0.003875968992248062,0.008829427434078597,0.0,1.0926640926640927,2.927568764778067,"[[0.619670033454895, -Infinity], [24.000001907348633, 3.000000238418579], 74.6830825805664]",0.042052268981933594,
fing_x_face,0,0.01,face_C>ri_V>face_G,3,LR-P2-N2,GP,boot,300,0.06869911624212406,0.0642869766721562,True,0.008023406629867584,0.003875968992248062,0.009203555715183623,0.0,1.0926640926640927,2.928017718715393,"[[0.6202100515365601, -Infinity], [24.000001907348633, 3.000000238418579], 74.58413696289062]",0.052252769470214844,
fing_x_face,0,0.01,face_C>ri_V>face_G,3,LR-P1-N2-rel,GP,boot,300,0.01947451588210153,0.01922294720994751,True,0.008008325038458058,0.003875968992248062,0.008994043877764807,0.0,1.0888030888030888,2.323082218431056,"[[0.6191500425338745, -Infinity], [24.000001907348633, 7.000000476837158], 74.30506896972656]",0.05049753189086914,
fing_x_face,0,0.01,face_C>ri_V>face_G,3,LR-P2-N2-rel,GP,boot,300,0.019479001101793795,0.020232722867531534,True,0.007902753898591379,0.003875968992248062,0.008754601777857592,0.0,1.0926640926640927,2.2224267456825597,"[[0.6204800605773926, -Infinity], [24.000001907348633, 8.000000953674316], 74.01180267333984]",0.04690384864807129,
fing_x_face,0,0.01,face_C>ri_V>li_V,3,LR-P1-N2,GP,boot,300,0.039443745767101863,0.0376571496196293,True,0.007706693210267547,0.007751937984496124,0.00812606626560115,0.0,1.0888030888030888,2.925982460866182,"[[0.6176900863647461, -Infinity], [24.000001907348633, 3.000000238418579], 29.0]",0.041974544525146484,
fing_x_face,0,0.01,face_C>ri_V>li_V,3,LR-P1-N3,GP,boot,300,0.03948143919839,0.03769283893174369,True,0.007706693210267547,0.007751937984496124,0.00812606626560115,0.0,1.0888030888030888,2.925982460866182,"[[0.6176900863647461, -Infinity], [24.000001907348633, 3.000000238418579], 29.0]",0.040427207946777344,
fing_x_face,0,0.01,face_C>ri_V>li_V,3,LR-P2-N2,GP,boot,300,0.06816641911156487,0.06410212382649333,True,0.007691611618858022,0.007751937984496124,0.00814103139684535,0.0,1.0888030888030888,2.9266259615096826,"[[0.6187000870704651, -Infinity], [24.000001907348633, 3.000000238418579], 26.0]",0.04450631141662598,
fing_x_face,0,0.01,face_C>ri_V>li_V,3,LR-P1-N2-rel,GP,boot,300,0.019396387844693535,0.020767441363762698,True,0.007782101167315175,0.007751937984496124,0.00814103139684535,0.0,1.0888030888030888,2.926072251653647,"[[0.618600070476532, -Infinity], [23.000001907348633, 3.000000238418579], 31.0]",0.042172908782958984,
fing_x_face,0,0.01,face_C>ri_V>li_V,3,LR-P2-N2-rel,GP,boot,300,0.020231427561235145,0.021184596856164098,True,0.007917835490000904,0.007751937984496124,0.008215857053066355,0.0,1.0926640926640927,2.323321660530963,"[[0.6204800605773926, -0.9999999403953552], [23.000001907348633, 7.000000476837158], 23.0]",0.050650835037231445,
fing_x_face,0,0.01,face_G>face_C>li_V,3,LR-P1-N2,GP,boot,300,0.06463639091848974,0.06161020644236468,True,0.007827345941543752,0.023255813953488372,0.01050552213342911,0.003861003861003861,1.2046332046332047,2.6333842147795634,"[[74.05944061279297, 64.8189697265625], [0.6291900873184204, -Infinity], 29.0]",0.050423622131347656,
fing_x_face,0,0.01,face_G>face_C>li_V,3,LR-P1-N3,GP,boot,300,0.06464281760719753,0.061607549212899945,True,0.007842427532953278,0.023255813953488372,0.01050552213342911,0.003861003861003861,1.2046332046332047,2.6333842147795634,"[[74.05870056152344, 64.8189697265625], [0.6291900873184204, -Infinity], 29.0]",0.0637364387512207,
fing_x_face,0,0.01,face_G>face_C>li_V,3,LR-P2-N2,GP,boot,300,0.10048895370092649,0.09257690220308286,True,0.007797182758724701,0.023255813953488372,0.010325940558498697,0.003861003861003861,1.193050193050193,2.633114842417168,"[[74.01514434814453, 64.8189697265625], [0.6339700818061829, -Infinity], 27.0]",0.05352210998535156,
fing_x_face,0,0.01,face_G>face_C>li_V,3,LR-P1-N2-rel,GP,boot,300,0.028974435725455026,0.029801156034216864,True,0.007947998672819956,0.01937984496124031,0.010146358983568285,0.003861003861003861,1.2084942084942085,2.5594265361707222,"[[74.1745376586914, 64.8189697265625], [0.6250700354576111, 0.4934200346469879], 27.0]",0.06772184371948242,
fing_x_face,0,0.01,face_G>face_C>li_V,3,LR-P2-N2-rel,GP,boot,300,0.02870317360955612,0.030499112402016373,True,0.007917835490000904,0.015503875968992248,0.01007153332734728,0.007722007722007722,1.2007722007722008,2.1738499296638834,"[[74.17733764648438, 64.8189697265625], [0.6258600354194641, 0.5378100872039795], 24.0]",0.08776092529296875,
fing_x_face,0,0.01,face_G>face_C>ri_V,3,LR-P1-N2,GP,boot,300,0.06265036735219351,0.06025440053773089,True,0.007827345941543752,0.011627906976744186,0.010146358983568285,0.0,1.193050193050193,2.6329053305797494,"[[74.00566101074219, 64.8189697265625], [0.6340400576591492, -Infinity], 28.0]",0.05565285682678223,
fing_x_face,0,0.01,face_G>face_C>ri_V,3,LR-P1-N3,GP,boot,300,0.06265633931539134,0.060257918959380215,True,0.007827345941543752,0.011627906976744186,0.010146358983568285,0.0,1.193050193050193,2.6329053305797494,"[[74.00566101074219, 64.8189697265625], [0.6340400576591492, -Infinity], 28.0]",0.05598807334899902,
fing_x_face,0,0.01,face_G>face_C>ri_V,3,LR-P2-N2,GP,boot,300,0.09802587338798088,0.09152301797610121,True,0.00793291708141043,0.007751937984496124,0.010281045164766096,0.0,1.1853281853281854,2.6320223878363413,"[[73.9598388671875, 64.8189697265625], [0.638390064239502, -Infinity], 29.0]",0.05881333351135254,
fing_x_face,0,0.01,face_G>face_C>ri_V,3,LR-P1-N2-rel,GP,boot,300,0.026243561826503586,0.026830013466805306,True,0.007827345941543752,0.011627906976744186,0.009891951752416868,0.0,1.2084942084942085,2.634985483822693,"[[74.14141082763672, 64.8189697265625], [0.6268300414085388, -Infinity], 27.0]",0.05261635780334473,
fing_x_face,0,0.01,face_G>face_C>ri_V,3,LR-P2-N2-rel,GP,boot,300,0.026086297148266997,0.027668853706668037,True,0.007872590715772329,0.011627906976744186,0.009981742539882075,0.003861003861003861,1.2046332046332047,2.246266199754572,"[[74.17733764648438, 64.8189697265625], [0.627530038356781, 0.5308500528335571], 24.0]",0.0655672550201416,
fing_x_face,0,0.01,face_G>li_V>face_C,3,LR-P1-N2,GP,boot,300,0.07368744827233513,0.06684700897191541,True,0.007797182758724701,0.015503875968992248,0.010415731345963904,0.0,1.1235521235521235,2.381326509233486,"[[73.93898010253906, 64.8189697265625], [25.000001907348633, 5.000000476837158], 0.6426699757575989]",0.06395387649536133,
fing_x_face,0,0.01,face_G>li_V>face_C,3,LR-P1-N3,GP,boot,300,0.07368782370500838,0.06684689287120348,True,0.007797182758724701,0.015503875968992248,0.010415731345963904,0.0,1.1235521235521235,2.381326509233486,"[[73.93898010253906, 64.8189697265625], [25.000001907348633, 5.000000476837158], 0.6426699757575989]",0.07655882835388184,
fing_x_face,0,0.01,face_G>li_V>face_C,3,LR-P2-N2,GP,boot,300,0.10538159527979919,0.09519976277818552,True,0.007917835490000904,0.015503875968992248,0.010325940558498697,0.0,1.1312741312741312,2.3818652539582774,"[[73.97615051269531, 64.8189697265625], [23.000001907348633, 5.000000476837158], 0.6426699757575989]",0.08192133903503418,
fing_x_face,0,0.01,face_G>li_V>face_C,3,LR-P1-N2-rel,GP,boot,300,0.03735514202653216,0.03620142216905938,True,0.007842427532953278,0.01937984496124031,0.01020621950854509,0.007722007722007722,1.1235521235521235,2.1220556104277035,"[[73.97602844238281, 64.8189697265625], [24.000001907348633, 7.000000476837158], 0.6324399709701538]",0.07213640213012695,
fing_x_face,0,0.01,face_G>li_V>face_C,3,LR-P2-N2-rel,GP,boot,300,0.03664438161246112,0.03636734255702748,True,0.007947998672819956,0.01937984496124031,0.010385801083475503,0.007722007722007722,1.1235521235521235,2.031711113106462,"[[74.001220703125, 64.8189697265625], [24.000001907348633, 8.000000953674316], 0.6206499934196472]",0.06796407699584961,
fing_x_face,0,0.01,face_G>li_V>ri_V,3,LR-P1-N2,GP,boot,300,,,False,,,,,,,,,True
fing_x_face,0,0.01,face_G>li_V>ri_V,3,LR-P1-N3,GP,boot,300,,,False,,,,,,,,,True
fing_x_face,0,0.01,face_G>li_V>ri_V,3,LR-P2-N2,GP,boot,300,,,False,,,,,,,,,True
fing_x_face,0,0.01,face_G>li_V>ri_V,3,LR-P1-N2-rel,GP,boot,300,,,False,,,,,,,,,True
fing_x_face,0,0.01,face_G>li_V>ri_V,3,LR-P2-N2-rel,GP,boot,300,0.035437351781286805,0.03720833531297798,True,0.007480469339124664,0.007751937984496124,0.009712370177486456,0.003861003861003861,1.1312741312741312,2.3824788243392896,"[[74.00114440917969, 64.8189697265625], [23.000001907348633, 5.000000476837158], 26.0]",0.08193087577819824,
fing_x_face,0,0.01,face_G>ri_V>face_C,3,LR-P1-N2,GP,boot,300,0.06288501610580205,0.06013388239796127,True,0.007827345941543752,0.011627906976744186,0.010011672802370477,0.0,1.1274131274131274,2.584343479692317,"[[74.00167083740234, 64.8189697265625], [24.000001907348633, 3.000000238418579], 0.640030026435852]",0.0742788314819336,
fing_x_face,0,0.01,face_G>ri_V>face_C,3,LR-P1-N3,GP,boot,300,0.06288519034489362,0.06013386492961042,True,0.007827345941543752,0.011627906976744186,0.010011672802370477,0.0,1.1274131274131274,2.584343479692317,"[[74.00167083740234, 64.8189697265625], [24.000001907348633, 3.000000238418579], 0.640030026435852]",0.05863308906555176,
fing_x_face,0,0.01,face_G>ri_V>face_C,3,LR-P2-N2,GP,boot,300,0.09501191456049851,0.0897838989843536,True,0.007782101167315175,0.011627906976744186,0.010026637933614678,0.0,1.1274131274131274,2.583954386279968,"[[73.99200439453125, 64.8189697265625], [24.000001907348633, 3.000000238418579], 0.6421899795532227]",0.05925488471984863,
fing_x_face,0,0.01,face_G>ri_V>face_C,3,LR-P1-N2-rel,GP,boot,300,0.02814433239692145,0.028043827814266346,True,0.007782101167315175,0.011627906976744186,0.01005656819610308,0.0,1.1274131274131274,2.198707012660501,"[[74.01181030273438, 64.8189697265625], [24.000001907348633, 6.000000476837158], 0.6326199769973755]",0.06934499740600586,
fing_x_face,0,0.01,face_G>ri_V>face_C,3,LR-P2-N2-rel,GP,boot,300,0.02769842092229202,0.028458412484407496,True,0.007917835490000904,0.011627906976744186,0.009802160964951663,0.0,1.138996138996139,2.0872167848912033,"[[74.06879425048828, 64.8189697265625], [23.000001907348633, 7.000000476837158], 0.6257399916648865]",0.06867265701293945,
fing_x_face,0,0.01,face_G>ri_V>li_V,3,LR-P1-N2,GP,boot,300,0.06333388811313982,0.06096107343477974,True,0.0077670195759056496,0.007751937984496124,0.009847056358684266,0.003861003861003861,1.1274131274131274,2.5829666876178505,"[[73.9681167602539, 64.8189697265625], [23.000001907348633, 3.000000238418579], 35.000003814697266]",0.05680084228515625,
fing_x_face,0,0.01,face_G>ri_V>li_V,3,LR-P1-N3,GP,boot,300,0.06333388811313982,0.06096107343477974,True,0.0077670195759056496,0.007751937984496124,0.009847056358684266,0.003861003861003861,1.1274131274131274,2.5829666876178505,"[[73.9681167602539, 64.8189697265625], [23.000001907348633, 3.000000238418579], 35.000003814697266]",0.057570695877075195,
fing_x_face,0,0.01,face_G>ri_V>li_V,3,LR-P2-N2,GP,boot,300,0.09561262411272198,0.09015609716279488,True,0.007661448436038971,0.007751937984496124,0.009876986621172668,0.003861003861003861,1.1274131274131274,2.5833707461614437,"[[73.98460388183594, 64.8189697265625], [23.000001907348633, 3.000000238418579], 29.0]",0.06674551963806152,
fing_x_face,0,0.01,face_G>ri_V>li_V,3,LR-P1-N2-rel,GP,boot,300,0.028548909254686696,0.028788410834309757,True,0.007586040478991343,0.011627906976744186,0.009787195833707461,0.003861003861003861,1.1274131274131274,2.5835503277363743,"[[73.99022674560547, 64.8189697265625], [23.000001907348633, 3.000000238418579], 29.0]",0.05429482460021973,
fing_x_face,0,0.01,face_G>ri_V>li_V,3,LR-P2-N2-rel,GP,boot,300,0.029319992902791428,0.030085548016461388,True,0.007842427532953278,0.007751937984496124,0.009398102421358235,0.003861003861003861,1.138996138996139,2.1991110712040944,"[[74.06879425048828, 64.8189697265625], [22.000001907348633, 6.000000476837158], 24.0]",0.06690382957458496,
fing_x_face,0,0.01,li_V>face_C>face_G,3,LR-P1-N2,GP,boot,300,0.10112704994141573,0.09806760053517788,True,0.007435224564896088,0.031007751937984496,0.008949148484032205,0.019305019305019305,1.1274131274131274,2.3841249887761515,"[[21.000001907348633, 5.000000476837158], [0.6264500617980957, -Infinity], 74.30677795410156]",0.0959773063659668,
fing_x_face,0,0.01,li_V>face_C>face_G,3,LR-P1-N3,GP,boot,300,0.10113384364468997,0.09807032528236906,True,0.007435224564896088,0.031007751937984496,0.008949148484032205,0.019305019305019305,1.1274131274131274,2.3841249887761515,"[[21.000001907348633, 5.000000476837158], [0.6264500617980957, -Infinity], 74.30677795410156]",0.09817290306091309,
fing_x_face,0,0.01,li_V>face_C>face_G,3,LR-P2-N2,GP,boot,300,0.10234125957468461,0.09634693703063948,True,0.007209000693753205,0.031007751937984496,0.008530124809194576,0.019305019305019305,1.111969111969112,2.382733231570441,"[[20.000001907348633, 5.000000476837158], [0.6317200660705566, -Infinity], 74.4439468383789]",0.09893250465393066,
fing_x_face,0,0.01,li_V>face_C>face_G,3,LR-P1-N2-rel,GP,boot,300,0.07729552330920415,0.07858045353843819,True,0.007978161855639007,0.031007751937984496,0.009592649127532849,0.019305019305019305,1.1312741312741312,2.034075603843046,"[[22.000001907348633, 5.000000476837158], [0.6250200867652893, 0.5321100354194641], 74.06273651123047]",0.06996870040893555,
fing_x_face,0,0.01,li_V>face_C>face_G,3,LR-P2-N2-rel,GP,boot,300,0.06881783931818097,0.07197597983477473,True,0.007842427532953278,0.031007751937984496,0.009188590583939421,0.019305019305019305,1.1274131274131274,1.9343030738379576,"[[21.000001907348633, 5.000000476837158], [0.6257500648498535, 0.5438500642776489], 74.212158203125]",0.06109809875488281,
fing_x_face,0,0.01,li_V>face_C>ri_V,3,LR-P1-N2,GP,boot,300,0.09894966628815367,0.09713138299330025,True,0.007314571833619884,0.027131782945736434,0.007527461015833109,0.019305019305019305,1.111969111969112,2.3821795217144053,"[[20.000001907348633, 5.000000476837158], [0.6281800866127014, -Infinity], 23.000001907348633]",0.04987907409667969,
fing_x_face,0,0.01,li_V>face_C>ri_V,3,LR-P1-N3,GP,boot,300,0.09895590926816145,0.09713403056707867,True,0.007314571833619884,0.027131782945736434,0.007527461015833109,0.019305019305019305,1.111969111969112,2.3821795217144053,"[[20.000001907348633, 5.000000476837158], [0.6281800866127014, -Infinity], 23.000001907348633]",0.04942584037780762,
fing_x_face,0,0.01,li_V>face_C>ri_V,3,LR-P2-N2,GP,boot,300,0.09940339289846688,0.09515100311988067,True,0.007148674328115103,0.027131782945736434,0.0076022866720541135,0.019305019305019305,1.0965250965250966,2.3800095776839965,"[[19.000001907348633, 5.000000476837158], [0.6359200477600098, -Infinity], 24.000001907348633]",0.05638837814331055,
fing_x_face,0,0.01,li_V>face_C>ri_V,3,LR-P1-N2-rel,GP,boot,300,0.074958562359032,0.07629298733034695,True,0.007661448436038971,0.027131782945736434,0.0073029840471700936,0.019305019305019305,1.1274131274131274,2.3835114183951394,"[[21.000001907348633, 5.000000476837158], [0.6228800415992737, -Infinity], 24.0]",0.07284092903137207,
fing_x_face,0,0.01,li_V>face_C>ri_V,3,LR-P2-N2-rel,GP,boot,300,0.06734474242439842,0.06988292635138192,True,0.0072844086508008325,0.027131782945736434,0.007048576816018676,0.019305019305019305,1.1274131274131274,2.1366765436532877,"[[21.000001907348633, 5.000000476837158], [0.6240200400352478, 0.520240068435669], 23.0]",0.07361960411071777,
fing_x_face,0,0.01,li_V>face_G>face_C,3,LR-P1-N2,GP,boot,300,0.10463161977128688,0.09942421235106,True,0.008083732995505686,0.031007751937984496,0.009727335308730658,0.019305019305019305,1.1158301158301158,2.258028792912514,"[[20.000001907348633, 5.000000476837158], [74.36258697509766, 64.8189697265625], 0.6263899803161621]",0.06513476371765137,
fing_x_face,0,0.01,li_V>face_G>face_C,3,LR-P1-N3,GP,boot,300,0.1046322570422747,0.09942196911823206,True,0.008083732995505686,0.031007751937984496,0.00974230043997486,0.019305019305019305,1.1158301158301158,2.25801382778127,"[[20.000001907348633, 5.000000476837158], [74.36152648925781, 64.8189697265625], 0.6263899803161621]",0.061540842056274414,
fing_x_face,0,0.01,li_V>face_G>face_C,3,LR-P2-N2,GP,boot,300,0.10613639332830976,0.09782017481588354,True,0.008098814586915212,0.031007751937984496,0.009667474783753854,0.019305019305019305,1.1003861003861004,2.255873814013349,"[[19.000001907348633, 5.000000476837158], [74.51271057128906, 64.8189697265625], 0.6329600214958191]",0.07016253471374512,
fing_x_face,0,0.01,li_V>face_G>face_C,3,LR-P1-N2-rel,GP,boot,300,0.07883362514949863,0.07926097779653386,True,0.007902753898591379,0.031007751937984496,0.009368172158869833,0.019305019305019305,1.1312741312741312,2.0654275537996467,"[[21.000001907348633, 5.000000476837158], [74.26345825195312, 66.0013198852539], 0.6248800158500671]",0.07861590385437012,
fing_x_face,0,0.01,li_V>face_G>face_C,3,LR-P2-N2-rel,GP,boot,300,0.07065384381761679,0.07310667002640689,True,0.008023406629867584,0.031007751937984496,0.009413067552602437,0.023166023166023165,1.1274131274131274,1.9534883720930232,"[[21.000001907348633, 5.000000476837158], [74.28726959228516, 66.51709747314453], 0.6224499940872192]",0.07226824760437012,
fing_x_face,0,0.01,li_V>face_G>ri_V,3,LR-P1-N2,GP,boot,300,0.10318257286370582,0.09868697740961083,True,0.008083732995505686,0.023255813953488372,0.009832091227440064,0.023166023166023165,1.1003861003861004,2.2550956271886506,"[[19.000001907348633, 5.000000476837158], [74.38662719726562, 64.8189697265625], 24.0]",0.07623076438903809,
fing_x_face,0,0.01,li_V>face_G>ri_V,3,LR-P1-N3,GP,boot,300,0.10318257286370582,0.09868697740961083,True,0.008083732995505686,0.023255813953488372,0.009832091227440064,0.023166023166023165,1.1003861003861004,2.2550956271886506,"[[19.000001907348633, 5.000000476837158], [74.38662719726562, 64.8189697265625], 24.0]",0.06753134727478027,
fing_x_face,0,0.01,li_V>face_G>ri_V,3,LR-P2-N2,GP,boot,300,0.1043303667530844,0.09736891953153586,True,0.007480469339124664,0.023255813953488372,0.008799497171590195,0.023166023166023165,1.1003861003861004,2.2561282212445004,"[[19.000001907348633, 5.000000476837158], [74.5626449584961, 64.8189697265625], 23.000001907348633]",0.06370806694030762,
fing_x_face,0,0.01,li_V>face_G>ri_V,3,LR-P1-N2-rel,GP,boot,300,0.0769215669720368,0.07757155566232021,True,0.007420142973486562,0.023255813953488372,0.008530124809194576,0.023166023166023165,1.1312741312741312,2.2588818053934334,"[[21.000001907348633, 5.000000476837158], [74.19688415527344, 64.8189697265625], 23.0]",0.06357789039611816,
fing_x_face,0,0.01,li_V>face_G>ri_V,3,LR-P2-N2-rel,GP,boot,300,0.06992837227906114,0.07128652249791345,True,0.007676530027448497,0.023255813953488372,0.008769566909101793,0.023166023166023165,1.1312741312741312,2.1787285624494928,"[[21.000001907348633, 5.000000476837158], [74.21754455566406, 65.41767120361328], 22.0]",0.07101845741271973,
fing_x_face,0,0.01,li_V>ri_V>face_C,3,LR-P1-N2,GP,boot,300,0.0991916704389419,0.09715579434278106,True,0.007269327059391307,0.031007751937984496,0.007452635359612104,0.019305019305019305,1.138996138996139,2.3505581993954086,"[[20.000001907348633, 5.000000476837158], [23.000001907348633, 3.000000238418579], 0.6285200715065002]",0.06256413459777832,
fing_x_face,0,0.01,li_V>ri_V>face_C,3,LR-P1-N3,GP,boot,300,0.09919194420755074,0.09715673657039489,True,0.007269327059391307,0.031007751937984496,0.007452635359612104,0.019305019305019305,1.138996138996139,2.3505581993954086,"[[20.000001907348633, 5.000000476837158], [23.000001907348633, 3.000000238418579], 0.6285400390625]",0.07456612586975098,
fing_x_face,0,0.01,li_V>ri_V>face_C,3,LR-P2-N2,GP,boot,300,0.09676461958945164,0.09379222618198552,True,0.007872590715772329,0.031007751937984496,0.008350543234264164,0.019305019305019305,1.1235521235521235,2.3472958007841727,"[[19.000001907348633, 5.000000476837158], [23.000001907348633, 3.000000238418579], 0.633560061454773]",0.06474781036376953,
fing_x_face,0,0.01,li_V>ri_V>face_C,3,LR-P1-N2-rel,GP,boot,300,0.07736903090452192,0.07746597206480564,True,0.007947998672819956,0.031007751937984496,0.007871659034449733,0.023166023166023165,1.135135135135135,2.157388285295262,"[[20.000001907348633, 5.000000476837158], [23.000001907348633, 5.000000476837158], 0.6210899949073792]",0.06466507911682129,
fing_x_face,0,0.01,li_V>ri_V>face_C,3,LR-P2-N2-rel,GP,boot,300,0.0695358727149492,0.0706538157576483,True,0.007857509124362803,0.03488372093023256,0.008215857053066355,0.023166023166023165,1.135135135135135,1.9415162670976625,"[[20.000001907348633, 5.000000476837158], [22.000001907348633, 7.000000476837158], 0.6154999732971191]",0.06904292106628418,
fing_x_face,0,0.01,li_V>ri_V>face_G,3,LR-P1-N2,GP,boot,300,0.09993208162073856,0.0973164590180139,True,0.007706693210267547,0.027131782945736434,0.00915866032145102,0.023166023166023165,1.138996138996139,2.3502289665080363,"[[20.000001907348633, 5.000000476837158], [22.000001907348633, 3.000000238418579], 74.30131530761719]",0.061769962310791016,
fing_x_face,0,0.01,li_V>ri_V>face_G,3,LR-P1-N3,GP,boot,300,0.09993208162073856,0.0973164590180139,True,0.007706693210267547,0.027131782945736434,0.00915866032145102,0.023166023166023165,1.138996138996139,2.3502289665080363,"[[20.000001907348633, 5.000000476837158], [22.000001907348633, 3.000000238418579], 74.30131530761719]",0.06101536750793457,
fing_x_face,0,0.01,li_V>ri_V>face_G,3,LR-P2-N2,GP,boot,300,0.09787884110016541,0.09411475163114305,True,0.007978161855639007,0.027131782945736434,0.009712370177486456,0.023166023166023165,1.1235521235521235,2.3472958007841727,"[[19.000001907348633, 5.000000476837158], [23.000001907348633, 3.000000238418579], 74.42152404785156]",0.0617978572845459,
fing_x_face,0,0.01,li_V>ri_V>face_G,3,LR-P1-N2-rel,GP,boot,300,0.07786603831310354,0.07769393888493406,True,0.007963080264229481,0.031007751937984496,0.009577683996288647,0.02702702702702703,1.135135135135135,2.157388285295262,"[[20.000001907348633, 5.000000476837158], [23.000001907348633, 5.000000476837158], 74.02485656738281]",0.06505942344665527,
fing_x_face,0,0.01,li_V>ri_V>face_G,3,LR-P2-N2-rel,GP,boot,300,0.07040934739896247,0.07109268721882987,True,0.00803848822127711,0.03488372093023256,0.009128730058962618,0.02702702702702703,1.135135135135135,1.9415162670976625,"[[20.000001907348633, 5.000000476837158], [22.000001907348633, 7.000000476837158], 73.80854797363281]",0.07056689262390137,
fing_x_face,0,0.01,ri_V>face_C>face_G,3,LR-P1-N2,GP,boot,300,0.039951904709690324,0.03811737493623053,True,0.007736856393086598,0.011627906976744186,0.008619915596659783,0.003861003861003861,1.0810810810810811,2.8733949896740594,"[[21.000001907348633, 3.000000238418579], [0.6314900517463684, -Infinity], 74.45807647705078]",0.06693029403686523,
fing_x_face,0,0.01,ri_V>face_C>face_G,3,LR-P1-N3,GP,boot,300,0.03995522600568768,0.038119086461285305,True,0.007736856393086598,0.011627906976744186,0.008619915596659783,0.003861003861003861,1.0810810810810811,2.8733949896740594,"[[21.000001907348633, 3.000000238418579], [0.6314900517463684, -Infinity], 74.45807647705078]",0.04554557800292969,
fing_x_face,0,0.01,ri_V>face_C>face_G,3,LR-P2-N2,GP,boot,300,0.05220254894944879,0.04805683134225865,True,0.008023406629867584,0.011627906976744186,0.008200891921822155,0.003861003861003861,1.0810810810810811,2.872227709437012,"[[20.000001907348633, 3.000000238418579], [0.6344600319862366, -Infinity], 74.56289672851562]",0.04741621017456055,
fing_x_face,0,0.01,ri_V>face_C>face_G,3,LR-P1-N2-rel,GP,boot,300,0.029905778802820214,0.030149424425811887,True,0.007947998672819956,0.011627906976744186,0.009547753733800245,0.003861003861003861,1.084942084942085,2.30136781299572,"[[22.000001907348633, 3.000000238418579], [0.6285400390625, 0.5403000712394714], 74.23432922363281]",0.05637478828430176,
fing_x_face,0,0.01,ri_V>face_C>face_G,3,LR-P2-N2-rel,GP,boot,300,0.028128579895430682,0.03026452613224347,True,0.008008325038458058,0.011627906976744186,0.009143695190206818,0.003861003861003861,1.0772200772200773,2.185447906378139,"[[21.000001907348633, 3.000000238418579], [0.6298100352287292, 0.5514800548553467], 74.31532287597656]",0.05576157569885254,
fing_x_face,0,0.01,ri_V>face_C>li_V,3,LR-P1-N2,GP,boot,300,0.0397036332151219,0.037861491844851144,True,0.007947998672819956,0.011627906976744186,0.007587321540809913,0.003861003861003861,1.0772200772200773,2.8710753943312084,"[[20.000001907348633, 3.000000238418579], [0.6292100548744202, -Infinity], 25.0]",0.046875,
fing_x_face,0,0.01,ri_V>face_C>li_V,3,LR-P1-N3,GP,boot,300,0.03970690422655075,0.037863099269192464,True,0.007947998672819956,0.011627906976744186,0.007587321540809913,0.003861003861003861,1.0772200772200773,2.8710753943312084,"[[20.000001907348633, 3.000000238418579], [0.6292100548744202, -Infinity], 25.0]",0.047518014907836914,
fing_x_face,0,0.01,ri_V>face_C>li_V,3,LR-P2-N2,GP,boot,300,0.05167959896370905,0.047925805228472534,True,0.007510632521943715,0.011627906976744186,0.006794169584867259,0.003861003861003861,1.0810810810810811,2.872242674568256,"[[20.000001907348633, 3.000000238418579], [0.6345300674438477, -Infinity], 24.0]",0.048627376556396484,
fing_x_face,0,0.01,ri_V>face_C>li_V,3,LR-P1-N2-rel,GP,boot,300,0.030098517914162747,0.029888391538177038,True,0.007405061382077037,0.011627906976744186,0.007288018915925893,0.003861003861003861,1.084942084942085,2.828993445272515,"[[22.000001907348633, 3.000000238418579], [0.624250054359436, 0.4824000298976898], 24.0]",0.0509033203125,
fing_x_face,0,0.01,ri_V>face_C>li_V,3,LR-P2-N2-rel,GP,boot,300,0.029069417704140413,0.0299343099077233,True,0.007540795704762767,0.011627906976744186,0.007138367603483882,0.003861003861003861,1.0772200772200773,2.3152404896590943,"[[21.000001907348633, 3.000000238418579], [0.626300036907196, 0.5389200448989868], 23.0]",0.05945539474487305,
fing_x_face,0,0.01,ri_V>face_G>face_C,3,LR-P1-N2,GP,boot,300,0.04168564130386144,0.0390316504014627,True,0.008023406629867584,0.011627906976744186,0.008305647840531562,0.003861003861003861,1.0810810810810811,2.7072371374696957,"[[20.000001907348633, 3.000000238418579], [74.53955078125, 64.8189697265625], 0.6345800161361694]",0.062404632568359375,
fing_x_face,0,0.01,ri_V>face_G>face_C,3,LR-P1-N3,GP,boot,300,0.04168588775933184,0.03903170496431736,True,0.008023406629867584,0.011627906976744186,0.008305647840531562,0.003861003861003861,1.0810810810810811,2.7072371374696957,"[[20.000001907348633, 3.000000238418579], [74.53955078125, 64.8189697265625], 0.6345800161361694]",0.0574491024017334,
fing_x_face,0,0.01,ri_V>face_G>face_C,3,LR-P2-N2,GP,boot,300,0.05425423800118138,0.04927914381011293,True,0.007917835490000904,0.011627906976744186,0.008021310346891743,0.003861003861003861,1.0810810810810811,2.707566370357068,"[[20.000001907348633, 3.000000238418579], [74.59745025634766, 64.8189697265625], 0.6340200304985046]",0.05421853065490723,
fing_x_face,0,0.01,ri_V>face_G>face_C,3,LR-P1-N2-rel,GP,boot,300,0.03068986509178241,0.030552915768133144,True,0.008098814586915212,0.011627906976744186,0.00947292807757924,0.003861003861003861,1.0810810810810811,2.3345155787016254,"[[21.000001907348633, 3.000000238418579], [74.38858032226562, 66.379150390625], 0.6291000247001648]",0.055268287658691406,
fing_x_face,0,0.01,ri_V>face_G>face_C,3,LR-P2-N2-rel,GP,boot,300,0.029271951277965103,0.031093478352803766,True,0.008128977769734263,0.011627906976744186,0.009009009009009009,0.007722007722007722,1.0772200772200773,2.2081051150818594,"[[21.000001907348633, 3.000000238418579], [74.45762634277344, 66.87808990478516], 0.6260300278663635]",0.054343461990356445,
fing_x_face,0,0.01,ri_V>face_G>li_V,3,LR-P1-N2,GP,boot,300,0.042198955699524414,0.03925323927102673,True,0.007676530027448497,0.007751937984496124,0.00845529915297357,0.007722007722007722,1.0810810810810811,2.7062045434138455,"[[20.000001907348633, 3.000000238418579], [74.40491485595703, 64.8189697265625], 24.0]",0.05295276641845703,
fing_x_face,0,0.01,ri_V>face_G>li_V,3,LR-P1-N3,GP,boot,300,0.042198955699524414,0.03925323927102673,True,0.007676530027448497,0.007751937984496124,0.00845529915297357,0.007722007722007722,1.0810810810810811,2.7062045434138455,"[[20.000001907348633, 3.000000238418579], [74.40491485595703, 64.8189697265625], 24.0]",0.05289030075073242,
fing_x_face,0,0.01,ri_V>face_G>li_V,3,LR-P2-N2,GP,boot,300,0.05488136379316876,0.049488987012644405,True,0.007646366844629445,0.007751937984496124,0.007886624165693933,0.007722007722007722,1.0810810810810811,2.7071623118134744,"[[20.000001907348633, 3.000000238418579], [74.5313949584961, 64.8189697265625], 23.0]",0.07381916046142578,
fing_x_face,0,0.01,ri_V>face_G>li_V,3,LR-P1-N2-rel,GP,boot,300,0.03133218368675417,0.030499249687195182,True,0.007842427532953278,0.007751937984496124,0.009009009009009009,0.007722007722007722,1.0810810810810811,2.7063990901200206,"[[21.000001907348633, 3.000000238418579], [74.2328109741211, 64.8189697265625], 24.0]",0.05540752410888672,
fing_x_face,0,0.01,ri_V>face_G>li_V,3,LR-P2-N2-rel,GP,boot,300,0.031128832591842806,0.03086844461624748,True,0.008008325038458058,0.007751937984496124,0.009248451108916225,0.007722007722007722,1.0810810810810811,2.3395139325371885,"[[21.000001907348633, 3.000000238418579], [74.28016662597656, 66.35742950439453], 21.0]",0.06898951530456543,
fing_x_face,0,0.01,ri_V>li_V>face_C,3,LR-P1-N2,GP,boot,300,0.04432339009344031,0.04024393794784907,True,0.007947998672819956,0.01937984496124031,0.007183262997216486,0.015444015444015444,1.1042471042471043,2.5939959893448266,"[[19.000001907348633, 3.000000238418579], [24.000001907348633, 5.000000476837158], 0.634880006313324]",0.06773757934570312,
fing_x_face,0,0.01,ri_V>li_V>face_C,3,LR-P1-N3,GP,boot,300,0.044323592004174614,0.04024397055104068,True,0.007947998672819956,0.01937984496124031,0.007183262997216486,0.015444015444015444,1.1042471042471043,2.5939959893448266,"[[19.000001907348633, 3.000000238418579], [24.000001907348633, 5.000000476837158], 0.634880006313324]",0.05489540100097656,
fing_x_face,0,0.01,ri_V>li_V>face_C,3,LR-P2-N2,GP,boot,300,0.05399851456845151,0.0489507488159276,True,0.007947998672819956,0.023255813953488372,0.007153332734728083,0.015444015444015444,1.1042471042471043,2.593636826194966,"[[19.000001907348633, 3.000000238418579], [23.000001907348633, 5.000000476837158], 0.6391699910163879]",0.05105018615722656,
fing_x_face,0,0.01,ri_V>li_V>face_C,3,LR-P1-N2-rel,GP,boot,300,0.035094523181132896,0.03299881146517592,True,0.007872590715772329,0.027131782945736434,0.006809134716111461,0.015444015444015444,1.1081081081081081,2.4342432133129805,"[[20.000001907348633, 3.000000238418579], [24.000001907348633, 6.000000476837158], 0.6236900091171265]",0.057665348052978516,
fing_x_face,0,0.01,ri_V>li_V>face_C,3,LR-P2-N2-rel,GP,boot,300,0.03498323222925321,0.03470239574969877,True,0.007043103188248424,0.031007751937984496,0.006614588009936847,0.019305019305019305,1.1042471042471043,2.1901619227200624,"[[20.000001907348633, 3.000000238418579], [24.000001907348633, 8.000000953674316], 0.6161800622940063]",0.05438661575317383,
fing_x_face,0,0.01,ri_V>li_V>face_G,3,LR-P1-N2,GP,boot,300,0.04509241606878536,0.04048031640052336,True,0.008098814586915212,0.015503875968992248,0.008485229415461974,0.019305019305019305,1.1042471042471043,2.5939959893448266,"[[19.000001907348633, 3.000000238418579], [24.000001907348633, 5.000000476837158], 74.457763671875]",0.053347110748291016,
fing_x_face,0,0.01,ri_V>li_V>face_G,3,LR-P1-N3,GP,boot,300,0.04509241606878536,0.04048031640052336,True,0.008098814586915212,0.015503875968992248,0.008485229415461974,0.019305019305019305,1.1042471042471043,2.5939959893448266,"[[19.000001907348633, 3.000000238418579], [24.000001907348633, 5.000000476837158], 74.457763671875]",0.062340736389160156,
fing_x_face,0,0.01,ri_V>li_V>face_G,3,LR-P2-N2,GP,boot,300,0.05514244709114299,0.04963613967345996,True,0.007118511145296051,0.015503875968992248,0.007572356409565712,0.019305019305019305,1.1081081081081081,2.596255724162701,"[[20.000001907348633, 3.000000238418579], [23.000001907348633, 5.000000476837158], 74.44435119628906]",0.06299805641174316,
fing_x_face,0,0.01,ri_V>li_V>face_G,3,LR-P1-N2-rel,GP,boot,300,0.035600906791055466,0.03341228745961758,True,0.007239163876572256,0.027131782945736434,0.007452635359612104,0.019305019305019305,1.1042471042471043,2.296459249947622,"[[20.000001907348633, 3.000000238418579], [24.000001907348633, 7.000000476837158], 74.02613067626953]",0.0584559440612793,
fing_x_face,0,0.01,ri_V>li_V>face_G,3,LR-P2-N2-rel,GP,boot,300,0.035893117671561905,0.03490250884010323,True,0.0074653877477151385,0.027131782945736434,0.00769207745951932,0.019305019305019305,1.1042471042471043,2.1898027595702017,"[[20.000001907348633, 3.000000238418579], [23.000001907348633, 8.000000953674316], 73.85490417480469]",0.05724215507507324,
fing_x_face,0,0.01,face_C>face_G>li_V>ri_V,4,LR-P1-N2,GP,boot,300,,,False,,,,,,,,,True
fing_x_face,0,0.01,face_C>face_G>li_V>ri_V,4,LR-P1-N3,GP,boot,300,,,False,,,,,,,,,True
fing_x_face,0,0.01,face_C>face_G>li_V>ri_V,4,LR-P2-N2,GP,boot,300,,,False,,,,,,,,,True
fing_x_face,0,0.01,face_C>face_G>li_V>ri_V,4,LR-P1-N2-rel,GP,boot,300,0.018592660078444054,0.018550264624670663,True,0.008023406629867584,0.007751937984496124,0.00975726557121906,0.0,1.166023166023166,3.3758642363293525,"[[0.6202100515365601, -Infinity], [74.4244155883789, 64.8189697265625], [27.000001907348633, 5.000000476837158], 32.0]",0.07860565185546875,
fing_x_face,0,0.01,face_C>face_G>li_V>ri_V,4,LR-P2-N2-rel,GP,boot,300,0.017945050720984557,0.018311008360599554,True,0.007993243447048532,0.011627906976744186,0.009876986621172668,0.0,1.16988416988417,3.116638232917303,"[[0.621660053730011, -Infinity], [74.39929962158203, 64.8189697265625], [26.000001907348633, 7.000000476837158], 25.0]",0.08700942993164062,
fing_x_face,0,0.01,face_C>face_G>ri_V>li_V,4,LR-P1-N2,GP,boot,300,,,False,,,,,,,,,True
fing_x_face,0,0.01,face_C>face_G>ri_V>li_V,4,LR-P1-N3,GP,boot,300,,,False,,,,,,,,,True
fing_x_face,0,0.01,face_C>face_G>ri_V>li_V,4,LR-P2-N2,GP,boot,300,,,False,,,,,,,,,True
fing_x_face,0,0.01,face_C>face_G>ri_V>li_V,4,LR-P1-N2-rel,GP,boot,300,0.017392416901082935,0.01807701092884642,True,0.007947998672819956,0.011627906976744186,0.00915866032145102,0.0,1.162162162162162,3.3324503905899254,"[[0.6196500658988953, -0.9999999403953552], [74.54005432128906, 64.8189697265625], [26.000001907348633, 5.000000476837158], 35.0]",0.07946944236755371,
fing_x_face,0,0.01,face_C>face_G>ri_V>li_V,4,LR-P2-N2-rel,GP,boot,300,0.016581081972841742,0.016979220349461296,True,0.00803848822127711,0.003875968992248062,0.009517823471311844,0.0,1.166023166023166,2.997306276376044,"[[0.6213800311088562, -Infinity], [74.48825073242188, 64.8189697265625], [24.000001907348633, 8.000000953674316], 25.0]",0.07241702079772949,
fing_x_face,0,0.01,face_C>li_V>face_G>ri_V,4,LR-P1-N2,GP,boot,300,,,False,,,,,,,,,True
fing_x_face,0,0.01,face_C>li_V>face_G>ri_V,4,LR-P1-N3,GP,boot,300,,,False,,,,,,,,,True
fing_x_face,0,0.01,face_C>li_V>face_G>ri_V,4,LR-P2-N2,GP,boot,300,,,False,,,,,,,,,True
fing_x_face,0,0.01,face_C>li_V>face_G>ri_V,4,LR-P1-N2-rel,GP,boot,300,,,False,,,,,,,,,True
fing_x_face,0,0.01,face_C>li_V>face_G>ri_V,4,LR-P2-N2-rel,GP,boot,300,0.021846753311985646,0.025318382541342582,True,0.007872590715772329,0.007751937984496124,0.008739636646613392,0.0,1.0888030888030888,2.8236808236808235,"[[0.6174900531768799, -Infinity], [25.000001907348633, 5.000000476837158], [74.86454772949219, 69.75732421875], 32.0]",0.07056903839111328,
fing_x_face,0,0.01,face_C>li_V>ri_V>face_G,4,LR-P1-N2,GP,boot,300,,,False,,,,,,,,,True
fing_x_face,0,0.01,face_C>li_V>ri_V>face_G,4,LR-P1-N3,GP,boot,300,,,False,,,,,,,,,True
fing_x_face,0,0.01,face_C>li_V>ri_V>face_G,4,LR-P2-N2,GP,boot,300,,,False,,,,,,,,,True
fing_x_face,0,0.01,face_C>li_V>ri_V>face_G,4,LR-P1-N2-rel,GP,boot,300,,,False,,,,,,,,,True
fing_x_face,0,0.01,face_C>li_V>ri_V>face_G,4,LR-P2-N2-rel,GP,boot,300,,,False,,,,,,,,,True
fing_x_face,0,0.01,face_C>ri_V>face_G>li_V,4,LR-P1-N2,GP,boot,300,,,False,,,,,,,,,True
fing_x_face,0,0.01,face_C>ri_V>face_G>li_V,4,LR-P1-N3,GP,boot,300,,,False,,,,,,,,,True
fing_x_face,0,0.01,face_C>ri_V>face_G>li_V,4,LR-P2-N2,GP,boot,300,,,False,,,,,,,,,True
fing_x_face,0,0.01,face_C>ri_V>face_G>li_V,4,LR-P1-N2-rel,GP,boot,300,,,False,,,,,,,,,True
fing_x_face,0,0.01,face_C>ri_V>face_G>li_V,4,LR-P2-N2-rel,GP,boot,300,0.016688271322503594,0.017005922079943152,True,0.00793291708141043,0.003875968992248062,0.008709706384124988,0.0,1.0926640926640927,2.7699859327766303,"[[0.6204800605773926, -0.9999999403953552], [24.000001907348633, 5.000000476837158], [74.66610717773438, 67.63776397705078], 21.0]",0.07485270500183105,
fing_x_face,0,0.01,face_C>ri_V>li_V>face_G,4,LR-P1-N2,GP,boot,300,,,False,,,,,,,,,True
fing_x_face,0,0.01,face_C>ri_V>li_V>face_G,4,LR-P1-N3,GP,boot,300,,,False,,,,,,,,,True
fing_x_face,0,0.01,face_C>ri_V>li_V>face_G,4,LR-P2-N2,GP,boot,300,,,False,,,,,,,,,True
fing_x_face,0,0.01,face_C>ri_V>li_V>face_G,4,LR-P1-N2-rel,GP,boot,300,,,False,,,,,,,,,True
fing_x_face,0,0.01,face_C>ri_V>li_V>face_G,4,LR-P2-N2-rel,GP,boot,300,0.017399507880737207,0.017906462125145704,True,0.007857509124362803,0.007751937984496124,0.008260752446798959,0.0,1.0926640926640927,3.0518541797611567,"[[0.6199100613594055, -0.9999999403953552], [23.000001907348633, 3.000000238418579], [27.000001907348633, 10.000000953674316], 74.39639282226562]",0.07468128204345703,
fing_x_face,0,0.01,face_G>face_C>li_V>ri_V,4,LR-P1-N2,GP,boot,300,,,False,,,,,,,,,True
fing_x_face,0,0.01,face_G>face_C>li_V>ri_V,4,LR-P1-N3,GP,boot,300,,,False,,,,,,,,,True
fing_x_face,0,0.01,face_G>face_C>li_V>ri_V,4,LR-P2-N2,GP,boot,300,,,False,,,,,,,,,True
fing_x_face,0,0.01,face_G>face_C>li_V>ri_V,4,LR-P1-N2-rel,GP,boot,300,,,False,,,,,,,,,True
fing_x_face,0,0.01,face_G>face_C>li_V>ri_V,4,LR-P2-N2-rel,GP,boot,300,0.024707340257715354,0.025247996212321426,True,0.008098814586915212,0.015503875968992248,0.010296010296010296,0.0,1.2123552123552124,2.940229265810661,"[[74.17084503173828, 64.8189697265625], [0.6259700655937195, -Infinity], [26.000001907348633, 7.000000476837158], 26.0]",0.1322803497314453,
fing_x_face,0,0.01,face_G>face_C>ri_V>li_V,4,LR-P1-N2,GP,boot,300,,,False,,,,,,,,,True
fing_x_face,0,0.01,face_G>face_C>ri_V>li_V,4,LR-P1-N3,GP,boot,300,,,False,,,,,,,,,True
fing_x_face,0,0.01,face_G>face_C>ri_V>li_V,4,LR-P2-N2,GP,boot,300,,,False,,,,,,,,,True
fing_x_face,0,0.01,face_G>face_C>ri_V>li_V,4,LR-P1-N2-rel,GP,boot,300,,,False,,,,,,,,,True
fing_x_face,0,0.01,face_G>face_C>ri_V>li_V,4,LR-P2-N2-rel,GP,boot,300,0.02344409191564202,0.02513678090226438,True,0.007947998672819956,0.011627906976744186,0.009951812277393673,0.0,1.2084942084942085,2.8209122744006465,"[[74.16650390625, 64.8189697265625], [0.6279700398445129, -Infinity], [24.000001907348633, 8.000000953674316], 30.0]",0.07318782806396484,
fing_x_face,0,0.01,face_G>li_V>face_C>ri_V,4,LR-P1-N2,GP,boot,300,,,False,,,,,,,,,True
fing_x_face,0,0.01,face_G>li_V>face_C>ri_V,4,LR-P1-N3,GP,boot,300,,,False,,,,,,,,,True
fing_x_face,0,0.01,face_G>li_V>face_C>ri_V,4,LR-P2-N2,GP,boot,300,,,False,,,,,,,,,True
fing_x_face,0,0.01,face_G>li_V>face_C>ri_V,4,LR-P1-N2-rel,GP,boot,300,,,False,,,,,,,,,True
fing_x_face,0,0.01,face_G>li_V>face_C>ri_V,4,LR-P2-N2-rel,GP,boot,300,,,False,,,,,,,,,True
fing_x_face,0,0.01,face_G>li_V>ri_V>face_C,4,LR-P1-N2,GP,boot,300,,,False,,,,,,,,,True
fing_x_face,0,0.01,face_G>li_V>ri_V>face_C,4,LR-P1-N3,GP,boot,300,,,False,,,,,,,,,True
fing_x_face,0,0.01,face_G>li_V>ri_V>face_C,4,LR-P2-N2,GP,boot,300,,,False,,,,,,,,,True
fing_x_face,0,0.01,face_G>li_V>ri_V>face_C,4,LR-P1-N2-rel,GP,boot,300,,,False,,,,,,,,,True
fing_x_face,0,0.01,face_G>li_V>ri_V>face_C,4,LR-P2-N2-rel,GP,boot,300,,,False,,,,,,,,,True
fing_x_face,0,0.01,face_G>ri_V>face_C>li_V,4,LR-P1-N2,GP,boot,300,,,False,,,,,,,,,True
fing_x_face,0,0.01,face_G>ri_V>face_C>li_V,4,LR-P1-N3,GP,boot,300,,,False,,,,,,,,,True
fing_x_face,0,0.01,face_G>ri_V>face_C>li_V,4,LR-P2-N2,GP,boot,300,,,False,,,,,,,,,True
fing_x_face,0,0.01,face_G>ri_V>face_C>li_V,4,LR-P1-N2-rel,GP,boot,300,,,False,,,,,,,,,True
fing_x_face,0,0.01,face_G>ri_V>face_C>li_V,4,LR-P2-N2-rel,GP,boot,300,0.02479975260005463,0.025515898702352657,True,0.008008325038458058,0.011627906976744186,0.00990691688366107,0.0,1.138996138996139,2.7510849720152044,"[[74.05944061279297, 64.8189697265625], [23.000001907348633, 3.000000238418579], [0.6386600732803345, 0.5581900477409363], 27.0]",0.07880926132202148,
fing_x_face,0,0.01,face_G>ri_V>li_V>face_C,4,LR-P1-N2,GP,boot,300,,,False,,,,,,,,,True
fing_x_face,0,0.01,face_G>ri_V>li_V>face_C,4,LR-P1-N3,GP,boot,300,,,False,,,,,,,,,True
fing_x_face,0,0.01,face_G>ri_V>li_V>face_C,4,LR-P2-N2,GP,boot,300,,,False,,,,,,,,,True
fing_x_face,0,0.01,face_G>ri_V>li_V>face_C,4,LR-P1-N2-rel,GP,boot,300,,,False,,,,,,,,,True
fing_x_face,0,0.01,face_G>ri_V>li_V>face_C,4,LR-P2-N2-rel,GP,boot,300,,,False,,,,,,,,,True
fing_x_face,0,0.01,li_V>face_C>face_G>ri_V,4,LR-P1-N2,GP,boot,300,0.09858218015550305,0.09673236950695487,True,0.007917835490000904,0.023255813953488372,0.008919218221543804,0.019305019305019305,1.0965250965250966,2.9435515249468738,"[[19.000001907348633, 5.000000476837158], [0.6285200715065002, -Infinity], [74.94097137451172, 64.8189697265625], 29.0]",0.07455110549926758,
fing_x_face,0,0.01,li_V>face_C>face_G>ri_V,4,LR-P1-N3,GP,boot,300,0.09858831253971044,0.09673484752626108,True,0.007917835490000904,0.023255813953488372,0.008919218221543804,0.019305019305019305,1.0965250965250966,2.9435515249468738,"[[19.000001907348633, 5.000000476837158], [0.6285200715065002, -Infinity], [74.94097137451172, 64.8189697265625], 29.0]",0.07651972770690918,
fing_x_face,0,0.01,li_V>face_C>face_G>ri_V,4,LR-P2-N2,GP,boot,300,0.09957707116583443,0.09509456313107044,True,0.007148674328115103,0.023255813953488372,0.00784172877196133,0.019305019305019305,1.0965250965250966,2.9455269222711085,"[[19.000001907348633, 5.000000476837158], [0.6340200304985046, -Infinity], [75.11921691894531, 64.8189697265625], 27.000001907348633]",0.08022856712341309,
fing_x_face,0,0.01,li_V>face_C>face_G>ri_V,4,LR-P1-N2-rel,GP,boot,300,0.07350965848133545,0.07520916943417352,True,0.007420142973486562,0.023255813953488372,0.008036275478135943,0.019305019305019305,1.1274131274131274,2.949507647182066,"[[21.000001907348633, 5.000000476837158], [0.6262900829315186, -Infinity], [74.58307647705078, 64.8189697265625], 24.000001907348633]",0.08486056327819824,
fing_x_face,0,0.01,li_V>face_C>face_G>ri_V,4,LR-P2-N2-rel,GP,boot,300,0.0644242670106566,0.06671105091069375,True,0.007827345941543752,0.023255813953488372,0.00829068270928736,0.019305019305019305,1.1274131274131274,2.6146029750680913,"[[21.000001907348633, 5.000000476837158], [0.625950038433075, -Infinity], [74.58414459228516, 66.66703033447266], 22.0]",0.09083175659179688,
fing_x_face,0,0.01,li_V>face_C>ri_V>face_G,4,LR-P1-N2,GP,boot,300,0.0981458124282235,0.0965605401701322,True,0.007887672307181855,0.023255813953488372,0.008799497171590195,0.019305019305019305,1.0965250965250966,3.0349585465864535,"[[19.000001907348633, 5.000000476837158], [0.6314300298690796, -Infinity], [26.000001907348633, 3.000000238418579], 74.8942642211914]",0.0841054916381836,
fing_x_face,0,0.01,li_V>face_C>ri_V>face_G,4,LR-P1-N3,GP,boot,300,0.0981518261430096,0.09656387568659014,True,0.007887672307181855,0.023255813953488372,0.008799497171590195,0.019305019305019305,1.0965250965250966,3.0349585465864535,"[[19.000001907348633, 5.000000476837158], [0.6314900517463684, -Infinity], [26.000001907348633, 3.000000238418579], 74.8942642211914]",0.0837857723236084,
fing_x_face,0,0.01,li_V>face_C>ri_V>face_G,4,LR-P2-N2,GP,boot,300,0.09860964101351609,0.09482641808137342,True,0.006847042499924592,0.023255813953488372,0.007572356409565712,0.019305019305019305,1.0965250965250966,3.0366645715482923,"[[19.000001907348633, 5.000000476837158], [0.638390064239502, -Infinity], [27.000001907348633, 3.000000238418579], 75.06217956542969]",0.08974242210388184,
fing_x_face,0,0.01,li_V>face_C>ri_V>face_G,4,LR-P1-N2-rel,GP,boot,300,0.07355669861180983,0.07503356015531955,True,0.007978161855639007,0.023255813953488372,0.008784532040345993,0.019305019305019305,1.111969111969112,2.5564335099218822,"[[20.000001907348633, 5.000000476837158], [0.6243700385093689, -Infinity], [25.000001907348633, 8.000000953674316], 74.30506896972656]",0.08638143539428711,
fing_x_face,0,0.01,li_V>face_C>ri_V>face_G,4,LR-P2-N2-rel,GP,boot,300,0.06433139854388241,0.0666142836100436,True,0.007857509124362803,0.023255813953488372,0.008335578103019964,0.019305019305019305,1.1274131274131274,2.5058513663164828,"[[21.000001907348633, 5.000000476837158], [0.6248800754547119, -Infinity], [24.000001907348633, 9.000000953674316], 73.82276916503906]",0.08576130867004395,
fing_x_face,0,0.01,li_V>face_G>face_C>ri_V,4,LR-P1-N2,GP,boot,300,0.10184587186278882,0.09823226631369959,True,0.007405061382077037,0.023255813953488372,0.008949148484032205,0.019305019305019305,1.1003861003861004,2.8205231809882974,"[[19.000001907348633, 5.000000476837158], [74.5172348022461, 64.8189697265625], [0.6447800397872925, -Infinity], 26.000001907348633]",0.0837852954864502,
fing_x_face,0,0.01,li_V>face_G>face_C>ri_V,4,LR-P1-N3,GP,boot,300,0.10184698626702607,0.09823258653633994,True,0.007405061382077037,0.023255813953488372,0.008949148484032205,0.019305019305019305,1.1003861003861004,2.8205231809882974,"[[19.000001907348633, 5.000000476837158], [74.5172348022461, 64.8189697265625], [0.6447800397872925, -Infinity], 26.000001907348633]",0.08388042449951172,
fing_x_face,0,0.01,li_V>face_G>face_C>ri_V,4,LR-P2-N2,GP,boot,300,0.10346790752257679,0.09705243791320284,True,0.006877205682743643,0.023255813953488372,0.008305647840531562,0.019305019305019305,1.1003861003861004,2.8215258447816587,"[[19.000001907348633, 5.000000476837158], [74.58958435058594, 64.8189697265625], [0.6496800780296326, -Infinity], 27.000001907348633]",0.08570218086242676,
fing_x_face,0,0.01,li_V>face_G>face_C>ri_V,4,LR-P1-N2-rel,GP,boot,300,0.07481318446125161,0.07593194895557272,True,0.007872590715772329,0.023255813953488372,0.009203555715183623,0.019305019305019305,1.1158301158301158,2.8224686480500436,"[[20.000001907348633, 5.000000476837158], [74.36320495605469, 64.8189697265625], [0.6339500546455383, -Infinity], 25.0]",0.08482551574707031,
fing_x_face,0,0.01,li_V>face_G>face_C>ri_V,4,LR-P2-N2-rel,GP,boot,300,0.06577879957908275,0.06775686086576012,True,0.007842427532953278,0.023255813953488372,0.009442997815090838,0.019305019305019305,1.1158301158301158,2.471027505911227,"[[20.000001907348633, 5.000000476837158], [74.33382415771484, 64.8189697265625], [0.6340400576591492, 0.5432500839233398], 23.0]",0.08273839950561523,
fing_x_face,0,0.01,li_V>face_G>ri_V>face_C,4,LR-P1-N2,GP,boot,300,0.10189222227629936,0.09822130597840609,True,0.007435224564896088,0.023255813953488372,0.008964113615276405,0.019305019305019305,1.1042471042471043,2.7933614677800724,"[[19.000001907348633, 5.000000476837158], [74.51271057128906, 64.8189697265625], [26.000001907348633, 3.000000238418579], 0.6447800397872925]",0.09588432312011719,
fing_x_face,0,0.01,li_V>face_G>ri_V>face_C,4,LR-P1-N3,GP,boot,300,0.10189218702462628,0.09822129010590341,True,0.007435224564896088,0.023255813953488372,0.008964113615276405,0.019305019305019305,1.1042471042471043,2.7933614677800724,"[[19.000001907348633, 5.000000476837158], [74.51271057128906, 64.8189697265625], [26.000001907348633, 3.000000238418579], 0.6447800397872925]",0.09375405311584473,
fing_x_face,0,0.01,li_V>face_G>ri_V>face_C,4,LR-P2-N2,GP,boot,300,0.10287658076229753,0.09688414981421696,True,0.006696226585829337,0.023255813953488372,0.007916554428182334,0.019305019305019305,1.1042471042471043,2.795187213791865,"[[19.000001907348633, 5.000000476837158], [74.68309020996094, 64.8189697265625], [27.000001907348633, 3.000000238418579], 0.6478800773620605]",0.09149861335754395,
fing_x_face,0,0.01,li_V>face_G>ri_V>face_C,4,LR-P1-N2-rel,GP,boot,300,0.07516740423506485,0.07609682127179587,True,0.007917835490000904,0.01937984496124031,0.009697405046242256,0.019305019305019305,1.1196911196911197,2.399404387776481,"[[20.000001907348633, 5.000000476837158], [74.25396728515625, 64.8189697265625], [25.000001907348633, 8.000000953674316], 0.620650053024292]",0.12175941467285156,
fing_x_face,0,0.01,li_V>face_G>ri_V>face_C,4,LR-P2-N2-rel,GP,boot,300,0.06610943519937959,0.06786737816292215,True,0.008083732995505686,0.01937984496124031,0.00974230043997486,0.019305019305019305,1.1196911196911197,2.3568884499117058,"[[20.000001907348633, 5.000000476837158], [74.27037048339844, 64.8189697265625], [24.000001907348633, 9.000000953674316], 0.6164900064468384]",0.1264040470123291,
fing_x_face,0,0.01,li_V>ri_V>face_C>face_G,4,LR-P1-N2,GP,boot,300,0.0980972085718515,0.09659760699621742,True,0.007254245467981781,0.027131782945736434,0.008245787315554757,0.019305019305019305,1.1274131274131274,2.980724910957469,"[[19.000001907348633, 5.000000476837158], [24.000001907348633, 3.000000238418579], [0.6424600481987, 0.47871002554893494], 74.83255767822266]",0.09050726890563965,
fing_x_face,0,0.01,li_V>ri_V>face_C>face_G,4,LR-P1-N3,GP,boot,300,0.09809777329260233,0.09659771934858802,True,0.007254245467981781,0.027131782945736434,0.008245787315554757,0.019305019305019305,1.1274131274131274,2.981099039238574,"[[19.000001907348633, 5.000000476837158], [24.000001907348633, 3.000000238418579], [0.6424600481987, 0.47853001952171326], 74.83255767822266]",0.1041860580444336,
fing_x_face,0,0.01,li_V>ri_V>face_C>face_G,4,LR-P2-N2,GP,boot,300,0.09592827538947649,0.09355076454439087,True,0.006816879317105541,0.027131782945736434,0.00784172877196133,0.019305019305019305,1.1274131274131274,3.004160306485888,"[[19.000001907348633, 5.000000476837158], [24.000001907348633, 3.000000238418579], [0.6458800435066223, -Infinity], 74.96910858154297]",0.11681866645812988,
fing_x_face,0,0.01,li_V>ri_V>face_C>face_G,4,LR-P1-N2-rel,GP,boot,300,0.0752929661116699,0.0762307569242128,True,0.008128977769734263,0.027131782945736434,0.009921882014905271,0.019305019305019305,1.1274131274131274,2.484526054293496,"[[19.000001907348633, 5.000000476837158], [24.000001907348633, 3.000000238418579], [0.6397700309753418, 0.5581600666046143], 74.35623168945312]",0.1203923225402832,
fing_x_face,0,0.01,li_V>ri_V>face_C>face_G,4,LR-P2-N2-rel,GP,boot,300,0.06603656256440747,0.06840954731234576,True,0.008128977769734263,0.027131782945736434,0.009368172158869833,0.019305019305019305,1.138996138996139,2.4602825416778904,"[[20.000001907348633, 5.000000476837158], [23.000001907348633, 3.000000238418579], [0.6388700604438782, 0.5633500814437866], 74.15989685058594]",0.11274337768554688,
fing_x_face,0,0.01,li_V>ri_V>face_G>face_C,4,LR-P1-N2,GP,boot,300,0.09841474868270177,0.09665445804340936,True,0.007751937984496124,0.027131782945736434,0.008664810990392386,0.019305019305019305,1.1274131274131274,2.8855466762443505,"[[19.000001907348633, 5.000000476837158], [23.000001907348633, 3.000000238418579], [74.88140106201172, 64.8189697265625], 0.6416400671005249]",0.09393906593322754,
fing_x_face,0,0.01,li_V>ri_V>face_G>face_C,4,LR-P1-N3,GP,boot,300,0.09841474268061036,0.09665490798024366,True,0.007736856393086598,0.027131782945736434,0.008664810990392386,0.019305019305019305,1.1274131274131274,2.8855466762443505,"[[19.000001907348633, 5.000000476837158], [23.000001907348633, 3.000000238418579], [74.88140106201172, 64.8189697265625], 0.6417600512504578]",0.0848691463470459,
fing_x_face,0,0.01,li_V>ri_V>face_G>face_C,4,LR-P2-N2,GP,boot,300,0.09630374659804784,0.09362023234892565,True,0.007344735016438934,0.027131782945736434,0.008320612971775762,0.019305019305019305,1.1274131274131274,2.8857561880817695,"[[19.000001907348633, 5.000000476837158], [23.000001907348633, 3.000000238418579], [74.99200439453125, 64.8189697265625], 0.6447800397872925]",0.08004927635192871,
fing_x_face,0,0.01,li_V>ri_V>face_G>face_C,4,LR-P1-N2-rel,GP,boot,300,0.07546731898526612,0.07632752185824608,True,0.008144059361143787,0.027131782945736434,0.009009009009009009,0.023166023166023165,1.1235521235521235,2.4936847146149472,"[[19.000001907348633, 5.000000476837158], [23.000001907348633, 3.000000238418579], [74.7483901977539, 67.396240234375], 0.6383900046348572]",0.0800023078918457,
fing_x_face,0,0.01,li_V>ri_V>face_G>face_C,4,LR-P2-N2-rel,GP,boot,300,0.06633073294783343,0.06866515584576126,True,0.008023406629867584,0.027131782945736434,0.008395438627996767,0.023166023166023165,1.138996138996139,2.473646403878962,"[[20.000001907348633, 5.000000476837158], [22.000001907348633, 3.000000238418579], [74.71321868896484, 70.9732894897461], 0.6305599808692932]",0.07762813568115234,
fing_x_face,0,0.01,ri_V>face_C>face_G>li_V,4,LR-P1-N2,GP,boot,300,0.038738532262259186,0.0373326305398941,True,0.007646366844629445,0.011627906976744186,0.007347879440902697,0.003861003861003861,1.0810810810810811,3.64160007183263,"[[20.000001907348633, 3.000000238418579], [0.633560061454773, -Infinity], [74.89985656738281, 64.8189697265625], 26.000001907348633]",0.07338595390319824,
fing_x_face,0,0.01,ri_V>face_C>face_G>li_V,4,LR-P1-N3,GP,boot,300,0.038741589432379486,0.03733432812840711,True,0.007646366844629445,0.011627906976744186,0.007347879440902697,0.003861003861003861,1.0810810810810811,3.64160007183263,"[[20.000001907348633, 3.000000238418579], [0.633560061454773, -Infinity], [74.89985656738281, 64.8189697265625], 26.000001907348633]",0.06975054740905762,
fing_x_face,0,0.01,ri_V>face_C>face_G>li_V,4,LR-P2-N2,GP,boot,300,,,False,,,,,,,,,True
fing_x_face,0,0.01,ri_V>face_C>face_G>li_V,4,LR-P1-N2-rel,GP,boot,300,0.028201617182142,0.02813302892214997,True,0.007450306156305614,0.007751937984496124,0.008305647840531562,0.003861003861003861,1.084942084942085,3.3808027296399388,"[[22.000001907348633, 3.000000238418579], [0.6288400888442993, -Infinity], [74.58414459228516, 66.00505065917969], 23.000001907348633]",0.0727849006652832,
fing_x_face,0,0.01,ri_V>face_C>face_G>li_V,4,LR-P2-N2-rel,GP,boot,300,0.025637233456016272,0.026972384077544806,True,0.00803848822127711,0.011627906976744186,0.009113764927718416,0.003861003861003861,1.0772200772200773,2.7958157493041216,"[[21.000001907348633, 3.000000238418579], [0.6298100352287292, 0.5187400579452515], [74.4244155883789, 66.6885986328125], 29.0]",0.08110570907592773,
fing_x_face,0,0.01,ri_V>face_C>li_V>face_G,4,LR-P1-N2,GP,boot,300,0.03914964812843923,0.03746405973919218,True,0.007887672307181855,0.011627906976744186,0.00754242614707731,0.003861003861003861,1.0810810810810811,3.5294962736823203,"[[20.000001907348633, 3.000000238418579], [0.6309900879859924, -Infinity], [27.000001907348633, 5.000000476837158], 74.84239959716797]",0.08304977416992188,
fing_x_face,0,0.01,ri_V>face_C>li_V>face_G,4,LR-P1-N3,GP,boot,300,0.03915279521331152,0.03746574076876509,True,0.007887672307181855,0.011627906976744186,0.00754242614707731,0.003861003861003861,1.0810810810810811,3.5294962736823203,"[[20.000001907348633, 3.000000238418579], [0.6309900879859924, -Infinity], [27.000001907348633, 5.000000476837158], 74.84239959716797]",0.08037519454956055,
fing_x_face,0,0.01,ri_V>face_C>li_V>face_G,4,LR-P2-N2,GP,boot,300,0.05097353491794469,0.04745955211759102,True,0.007902753898591379,0.011627906976744186,0.007153332734728083,0.003861003861003861,1.0772200772200773,3.5270569572895156,"[[19.000001907348633, 3.000000238418579], [0.6362400650978088, -Infinity], [26.000001907348633, 5.000000476837158], 76.17057037353516]",0.07869482040405273,
fing_x_face,0,0.01,ri_V>face_C>li_V>face_G,4,LR-P1-N2-rel,GP,boot,300,0.02882821148131797,0.02841659291093775,True,0.007917835490000904,0.011627906976744186,0.007781868246984526,0.003861003861003861,1.0772200772200773,3.049938642961899,"[[21.000001907348633, 3.000000238418579], [0.6250500679016113, -Infinity], [27.000001907348633, 9.000000953674316], 74.35323333740234]",0.07677388191223145,
fing_x_face,0,0.01,ri_V>face_C>li_V>face_G,4,LR-P2-N2-rel,GP,boot,300,0.026495928640246986,0.026605672576971887,True,0.007978161855639007,0.011627906976744186,0.00785669390320553,0.003861003861003861,1.0772200772200773,2.8928346951602766,"[[21.000001907348633, 3.000000238418579], [0.626300036907196, 0.49351003766059875], [26.000001907348633, 10.000000953674316], 73.99072265625]",0.08842349052429199,
fing_x_face,0,0.01,ri_V>face_G>face_C>li_V,4,LR-P1-N2,GP,boot,300,0.04034928432807506,0.038197703718747394,True,0.008083732995505686,0.011627906976744186,0.008051240609380145,0.003861003861003861,1.0772200772200773,3.474394660441172,"[[19.000001907348633, 3.000000238418579], [74.65919494628906, 64.8189697265625], [0.6440900564193726, -Infinity], 30.0]",0.076934814453125,
fing_x_face,0,0.01,ri_V>face_G>face_C>li_V,4,LR-P1-N3,GP,boot,300,0.04034986486184834,0.038197881177445485,True,0.008083732995505686,0.011627906976744186,0.008051240609380145,0.003861003861003861,1.0772200772200773,3.474394660441172,"[[19.000001907348633, 3.000000238418579], [74.65919494628906, 64.8189697265625], [0.6440900564193726, -Infinity], 30.0]",0.07994508743286133,
fing_x_face,0,0.01,ri_V>face_G>face_C>li_V,4,LR-P2-N2,GP,boot,300,0.0530536644032057,0.048503123373561954,True,0.007963080264229481,0.011627906976744186,0.007916554428182334,0.003861003861003861,1.0772200772200773,3.4748136841160098,"[[19.000001907348633, 3.000000238418579], [74.68309020996094, 64.8189697265625], [0.6465500593185425, -Infinity], 28.0]",0.08045172691345215,
fing_x_face,0,0.01,ri_V>face_G>face_C>li_V,4,LR-P1-N2-rel,GP,boot,300,0.028818129281775323,0.02852467417211396,True,0.0078122643501342265,0.007751937984496124,0.008589985334171381,0.003861003861003861,1.0810810810810811,3.135120170003891,"[[21.000001907348633, 3.000000238418579], [74.44435119628906, 64.8189697265625], [0.6341400742530823, 0.5286300778388977], 25.0]",0.08887791633605957,
fing_x_face,0,0.01,ri_V>face_G>face_C>li_V,4,LR-P2-N2-rel,GP,boot,300,0.02645771782217654,0.02688273155554276,True,0.007706693210267547,0.007751937984496124,0.008500194546706174,0.003861003861003861,1.0810810810810811,2.893612881984975,"[[21.000001907348633, 3.000000238418579], [74.45762634277344, 64.9520263671875], [0.6346100568771362, 0.5529900789260864], 23.0]",0.08423447608947754,
fing_x_face,0,0.01,ri_V>face_G>li_V>face_C,4,LR-P1-N2,GP,boot,300,0.04126262640821503,0.03855059049366775,True,0.008083732995505686,0.011627906976744186,0.008739636646613392,0.003861003861003861,1.0810810810810811,3.2426596031247192,"[[19.000001907348633, 3.000000238418579], [74.46685791015625, 64.8189697265625], [27.000001907348633, 5.000000476837158], 0.6666100025177002]",0.08659768104553223,
fing_x_face,0,0.01,ri_V>face_G>li_V>face_C,4,LR-P1-N3,GP,boot,300,0.041262594513481334,0.03855050631799422,True,0.008083732995505686,0.011627906976744186,0.008739636646613392,0.003861003861003861,1.0810810810810811,3.2426596031247192,"[[19.000001907348633, 3.000000238418579], [74.46685791015625, 64.8189697265625], [27.000001907348633, 5.000000476837158], 0.6666100025177002]",0.08935308456420898,
fing_x_face,0,0.01,ri_V>face_G>li_V>face_C,4,LR-P2-N2,GP,boot,300,0.05356724259667382,0.0486580247839224,True,0.008083732995505686,0.011627906976744186,0.008350543234264164,0.003861003861003861,1.0810810810810811,3.244171081380384,"[[19.000001907348633, 3.000000238418579], [74.58958435058594, 64.8189697265625], [27.000001907348633, 5.000000476837158], 0.6464099884033203]",0.08520078659057617,
fing_x_face,0,0.01,ri_V>face_G>li_V>face_C,4,LR-P1-N2-rel,GP,boot,300,0.029751528943850067,0.029063402431231757,True,0.007947998672819956,0.011627906976744186,0.009203555715183623,0.007722007722007722,1.0810810810810811,2.913172308521146,"[[21.000001907348633, 3.000000238418579], [74.25396728515625, 64.8189697265625], [26.000001907348633, 8.000000953674316], 0.6252800226211548]",0.08305692672729492,
fing_x_face,0,0.01,ri_V>face_G>li_V>face_C,4,LR-P2-N2-rel,GP,boot,300,0.027733469104463164,0.027694097842474005,True,0.007978161855639007,0.011627906976744186,0.00917362545269522,0.007722007722007722,1.0810810810810811,2.8519649217323635,"[[21.000001907348633, 3.000000238418579], [74.30131530761719, 64.8189697265625], [26.000001907348633, 9.000000953674316], 0.6161800622940063]",0.08892583847045898,
fing_x_face,0,0.01,ri_V>li_V>face_C>face_G,4,LR-P1-N2,GP,boot,300,0.043149339658339725,0.039892762191393746,True,0.007389979790667511,0.01937984496124031,0.00695878602855347,0.015444015444015444,1.1042471042471043,3.072730537846817,"[[19.000001907348633, 3.000000238418579], [26.000001907348633, 5.000000476837158], [0.646090030670166, 0.5133600831031799], 74.83255767822266]",0.09053325653076172,
fing_x_face,0,0.01,ri_V>li_V>face_C>face_G,4,LR-P1-N3,GP,boot,300,0.043149886519110045,0.03989286891718258,True,0.007389979790667511,0.01937984496124031,0.00695878602855347,0.015444015444015444,1.1042471042471043,3.0729849450779683,"[[19.000001907348633, 3.000000238418579], [26.000001907348633, 5.000000476837158], [0.646090030670166, 0.5133100748062134], 74.83255767822266]",0.0832517147064209,
fing_x_face,0,0.01,ri_V>li_V>face_C>face_G,4,LR-P2-N2,GP,boot,300,0.053133841277418735,0.0486394840582517,True,0.007555877296172292,0.015503875968992248,0.0072131932597048875,0.015444015444015444,1.1042471042471043,3.2515339259525304,"[[19.000001907348633, 3.000000238418579], [24.000001907348633, 5.000000476837158], [0.646090030670166, -Infinity], 74.99100494384766]",0.09048271179199219,
fing_x_face,0,0.01,ri_V>li_V>face_C>face_G,4,LR-P1-N2-rel,GP,boot,300,0.032863667898970834,0.03159857698299565,True,0.007978161855639007,0.01937984496124031,0.007662147197030918,0.015444015444015444,1.1042471042471043,2.70668342761366,"[[19.000001907348633, 3.000000238418579], [25.000001907348633, 5.000000476837158], [0.6421900391578674, 0.562730073928833], 74.6300277709961]",0.08702468872070312,
fing_x_face,0,0.01,ri_V>li_V>face_C>face_G,4,LR-P2-N2-rel,GP,boot,300,0.0310766009546026,0.031896452504012004,True,0.007978161855639007,0.015503875968992248,0.0075124958845889074,0.015444015444015444,1.1042471042471043,2.6802699709676454,"[[19.000001907348633, 3.000000238418579], [24.000001907348633, 5.000000476837158], [0.6417600512504578, 0.5686200857162476], 74.8260726928711]",0.08128547668457031,
fing_x_face,0,0.01,ri_V>li_V>face_G>face_C,4,LR-P1-N2,GP,boot,300,0.0434698844247822,0.03996261357595741,True,0.0074653877477151385,0.01937984496124031,0.007048576816018676,0.015444015444015444,1.1081081081081081,3.134386878572925,"[[19.000001907348633, 3.000000238418579], [25.000001907348633, 5.000000476837158], [74.96910858154297, 64.8189697265625], 0.6446800827980042]",0.0860300064086914,
fing_x_face,0,0.01,ri_V>li_V>face_G>face_C,4,LR-P1-N3,GP,boot,300,0.043469849709426064,0.03996259561886836,True,0.0074653877477151385,0.01937984496124031,0.007048576816018676,0.015444015444015444,1.1081081081081081,3.134386878572925,"[[19.000001907348633, 3.000000238418579], [25.000001907348633, 5.000000476837158], [74.96910858154297, 64.8189697265625], 0.6446800827980042]",0.08327674865722656,
fing_x_face,0,0.01,ri_V>li_V>face_G>face_C,4,LR-P2-N2,GP,boot,300,0.053516405476660464,0.04872764355225394,True,0.007902753898591379,0.015503875968992248,0.007587321540809913,0.015444015444015444,1.1081081081081081,3.1332944239920986,"[[19.000001907348633, 3.000000238418579], [23.000001907348633, 5.000000476837158], [75.0102767944336, 64.8189697265625], 0.6451200842857361]",0.08507585525512695,
fing_x_face,0,0.01,ri_V>li_V>face_G>face_C,4,LR-P1-N2-rel,GP,boot,300,0.03304227260774634,0.03172032468779819,True,0.007978161855639007,0.01937984496124031,0.007347879440902697,0.019305019305019305,1.1042471042471043,2.7213193259704886,"[[19.000001907348633, 3.000000238418579], [25.000001907348633, 5.000000476837158], [74.84239959716797, 70.82915496826172], 0.6389700174331665]",0.1309950351715088,
fing_x_face,0,0.01,ri_V>li_V>face_G>face_C,4,LR-P2-N2-rel,GP,boot,300,0.03137839145926733,0.032151876478962116,True,0.008008325038458058,0.015503875968992248,0.007557391278321511,0.019305019305019305,1.1042471042471043,2.6964023824488943,"[[19.000001907348633, 3.000000238418579], [24.000001907348633, 5.000000476837158], [74.83409118652344, 71.5404281616211], 0.641759991645813]",0.09176921844482422,
fing_x_face,0,0.001,face_C,1,LR-P1-N2,GP,boot,300,0.18367895093764858,0.21514968718683322,True,0.0005278556993333936,0.17829457364341086,0.0004938493310586334,0.20077220077220076,1.0,1.0,[0.6528099775314331],0.011749267578125,
fing_x_face,0,0.001,face_C,1,LR-P1-N3,GP,boot,300,0.18366380208304164,0.21510944019620393,True,0.0005278556993333936,0.17829457364341086,0.0004938493310586334,0.20077220077220076,1.0,1.0,[0.6528099775314331],0.0073699951171875,
fing_x_face,0,0.001,face_C,1,LR-P2-N2,GP,boot,300,0.17948269961540864,0.20509679402946787,True,0.0005278556993333936,0.17829457364341086,0.0004938493310586334,0.20077220077220076,1.0,1.0,[0.6528099775314331],0.00701904296875,
fing_x_face,0,0.001,face_C,1,LR-P1-N2-rel,GP,boot,300,0.2952342040808875,0.3944831930397697,True,0.0005278556993333936,0.17829457364341086,0.0004938493310586334,0.20077220077220076,1.0,1.0,[0.6528099775314331],0.007499217987060547,
fing_x_face,0,0.001,face_C,1,LR-P2-N2-rel,GP,boot,300,0.3496792366218774,0.48211855912736584,True,0.0005278556993333936,0.17829457364341086,0.0004938493310586334,0.20077220077220076,1.0,1.0,[0.6528099775314331],0.0068454742431640625,
fing_x_face,0,0.001,face_G,1,LR-P1-N2,GP,boot,300,0.23991465622267213,0.2679020122236697,True,0.0006032636563810213,0.2596899224806202,0.0009727335308730657,0.22007722007722008,1.0,1.0,[75.05699920654297],0.007447719573974609,
fing_x_face,0,0.001,face_G,1,LR-P1-N3,GP,boot,300,0.23991465622267213,0.2679020122236697,True,0.0006032636563810213,0.2596899224806202,0.0009727335308730657,0.22007722007722008,1.0,1.0,[75.05699920654297],0.007751941680908203,
fing_x_face,0,0.001,face_G,1,LR-P2-N2,GP,boot,300,0.2538811564317398,0.27586599232253994,True,0.0006032636563810213,0.2596899224806202,0.0009727335308730657,0.22007722007722008,1.0,1.0,[75.05699920654297],0.0076940059661865234,
fing_x_face,0,0.001,face_G,1,LR-P1-N2-rel,GP,boot,300,0.3203323507874278,0.39278560734624657,True,0.0006032636563810213,0.2596899224806202,0.0009727335308730657,0.22007722007722008,1.0,1.0,[75.05699920654297],0.007200002670288086,
fing_x_face,0,0.001,face_G,1,LR-P2-N2-rel,GP,boot,300,0.3752339666496611,0.4696344707701402,True,0.0006032636563810213,0.2596899224806202,0.0009727335308730657,0.22007722007722008,1.0,1.0,[75.05699920654297],0.0072252750396728516,
fing_x_face,0,0.001,li_V,1,LR-P1-N2,GP,boot,300,0.19898373871328753,0.21898022429603142,True,0.00043736615087624044,0.19767441860465115,0.0004938493310586334,0.18146718146718147,1.0,1.0,[27.0],0.007413625717163086,
fing_x_face,0,0.001,li_V,1,LR-P1-N3,GP,boot,300,0.19898373871328753,0.21898022429603142,True,0.00043736615087624044,0.19767441860465115,0.0004938493310586334,0.18146718146718147,1.0,1.0,[27.0],0.008831262588500977,
fing_x_face,0,0.001,li_V,1,LR-P2-N2,GP,boot,300,0.20525941967181602,0.22809177966632205,True,0.00043736615087624044,0.19767441860465115,0.0004938493310586334,0.18146718146718147,1.0,1.0,[27.0],0.007377147674560547,
fing_x_face,0,0.001,li_V,1,LR-P1-N2-rel,GP,boot,300,0.24683448262617952,0.2884523824631461,True,0.00043736615087624044,0.19767441860465115,0.0004938493310586334,0.18146718146718147,1.0,1.0,[27.0],0.00702977180480957,
fing_x_face,0,0.001,li_V,1,LR-P2-N2-rel,GP,boot,300,0.30978510731707076,0.379474791922714,True,0.00043736615087624044,0.19767441860465115,0.0004938493310586334,0.18146718146718147,1.0,1.0,[27.0],0.007540464401245117,
fing_x_face,0,0.001,ri_V,1,LR-P1-N2,GP,boot,300,0.1090546476975458,0.1224300584203733,True,0.0004976925165143426,0.10465116279069768,0.00031426775612822125,0.11969111969111969,1.0,1.0,[27.0],0.0070226192474365234,
fing_x_face,0,0.001,ri_V,1,LR-P1-N3,GP,boot,300,0.1090546476975458,0.1224300584203733,True,0.0004976925165143426,0.10465116279069768,0.00031426775612822125,0.11969111969111969,1.0,1.0,[27.0],0.007675886154174805,
fing_x_face,0,0.001,ri_V,1,LR-P2-N2,GP,boot,300,0.1136057264111961,0.12511632637209633,True,0.0004976925165143426,0.10465116279069768,0.00031426775612822125,0.11969111969111969,1.0,1.0,[27.0],0.006864070892333984,
fing_x_face,0,0.001,ri_V,1,LR-P1-N2-rel,GP,boot,300,0.1337419905250029,0.1580548639404629,True,0.0004976925165143426,0.10465116279069768,0.00031426775612822125,0.11969111969111969,1.0,1.0,[27.0],0.007188320159912109,
fing_x_face,0,0.001,ri_V,1,LR-P2-N2-rel,GP,boot,300,0.22316232650052548,0.2825868547365266,True,0.0004976925165143426,0.10465116279069768,0.00031426775612822125,0.11969111969111969,1.0,1.0,[27.0],0.006840229034423828,
fing_x_face,0,0.001,face_C>face_G,2,LR-P1-N2,GP,boot,300,0.0915158042467463,0.10465180922912672,True,0.0006032636563810213,0.1434108527131783,0.0008081170871868546,0.17374517374517376,1.2007722007722008,1.3761336086917482,"[[0.6571400761604309, 0.5412000417709351], 75.3834228515625]",0.02666926383972168,
fing_x_face,0,0.001,face_C>face_G,2,LR-P1-N3,GP,boot,300,0.09154601032568166,0.10465549334443303,True,0.0006032636563810213,0.1434108527131783,0.0008081170871868546,0.17374517374517376,1.2007722007722008,1.3763730507916554,"[[0.6571400761604309, 0.5411800742149353], 75.3834228515625]",0.025696754455566406,
fing_x_face,0,0.001,face_C>face_G,2,LR-P2-N2,GP,boot,300,0.11861531577762405,0.11518618114264731,True,0.0005881820649714958,0.1434108527131783,0.0006734309059890455,0.17374517374517376,1.2123552123552124,1.6914638891383078,"[[0.655500054359436, 0.5158600807189941], 75.52445983886719]",0.035849571228027344,
fing_x_face,0,0.001,face_C>face_G,2,LR-P1-N2-rel,GP,boot,300,0.10107154966527142,0.22724983009260996,True,0.0006183452477905468,0.14728682170542637,0.0008530124809194577,0.17374517374517376,1.16988416988417,1.0593966059082338,"[[0.6571400761604309, 0.583590030670166], 75.16844177246094]",0.021352529525756836,
fing_x_face,0,0.001,face_C>face_G,2,LR-P2-N2-rel,GP,boot,300,0.1152303020630837,0.32252489208475826,True,0.0006032636563810213,0.14728682170542637,0.0008081170871868546,0.1776061776061776,1.1583011583011582,1.0431444733770314,"[[0.6571400761604309, 0.5893800854682922], 75.13683319091797]",0.021587133407592773,
fing_x_face,0,0.001,face_C>li_V,2,LR-P1-N2,GP,boot,300,0.07919066792884888,0.08854006784776003,True,0.0005278556993333936,0.04263565891472868,0.0005088144623028344,0.019305019305019305,1.2046332046332047,1.9995211158001855,"[[0.653890073299408, -Infinity], 33.0]",0.013492822647094727,
fing_x_face,0,0.001,face_C>li_V,2,LR-P1-N3,GP,boot,300,0.07922011579835414,0.08855263116400908,True,0.0005278556993333936,0.04263565891472868,0.0005088144623028344,0.019305019305019305,1.2046332046332047,1.9995211158001855,"[[0.653890073299408, -Infinity], 33.0]",0.013352394104003906,
fing_x_face,0,0.001,face_C>li_V,2,LR-P2-N2,GP,boot,300,0.10600722141784673,0.10638075191980323,True,0.0004976925165143426,0.04263565891472868,0.0005836401185238395,0.023166023166023165,1.2084942084942085,1.9995211158001855,"[[0.6545500755310059, -Infinity], 31.0]",0.013932228088378906,
fing_x_face,0,0.001,face_C>li_V,2,LR-P1-N2-rel,GP,boot,300,0.10562989301506422,0.15312286415575277,True,0.0005278556993333936,0.046511627906976744,0.0005686749872796385,0.02702702702702703,1.1776061776061777,1.1552632366585855,"[[0.6525400876998901, 0.5643800497055054], 28.000001907348633]",0.02575230598449707,
fing_x_face,0,0.001,face_C>li_V,2,LR-P2-N2-rel,GP,boot,300,0.1318482752230561,0.21561811631642755,True,0.0005429372907429192,0.06201550387596899,0.0005387447247912364,0.04247104247104247,1.162162162162162,1.0684505103109754,"[[0.653890073299408, 0.5811000466346741], 27.0]",0.021503448486328125,
fing_x_face,0,0.001,face_C>ri_V,2,LR-P1-N2,GP,boot,300,0.059769648204568426,0.06305962270147847,True,0.0005580188821524447,0.03488372093023256,0.0005237795935470355,0.011583011583011582,1.2084942084942085,1.9995211158001855,"[[0.654930055141449, -Infinity], 32.0]",0.013856887817382812,
fing_x_face,0,0.001,face_C>ri_V,2,LR-P1-N3,GP,boot,300,0.05980138042477012,0.06308262542969673,True,0.0005580188821524447,0.03488372093023256,0.0005237795935470355,0.011583011583011582,1.2084942084942085,1.9995211158001855,"[[0.654930055141449, -Infinity], 32.0]",0.013436555862426758,
fing_x_face,0,0.001,face_C>ri_V,2,LR-P2-N2,GP,boot,300,0.08572994609386372,0.08341565087641499,True,0.0005580188821524447,0.03488372093023256,0.0005237795935470355,0.011583011583011582,1.2084942084942085,1.9995211158001855,"[[0.654930055141449, -Infinity], 32.0]",0.016185522079467773,
fing_x_face,0,0.001,face_C>ri_V,2,LR-P1-N2-rel,GP,boot,300,0.06844480201605914,0.11578747129906272,True,0.0005278556993333936,0.03875968992248062,0.00047888419981443237,0.023166023166023165,1.1891891891891893,1.280446559516327,"[[0.6540000438690186, 0.5498900413513184], 33.0]",0.027880191802978516,
fing_x_face,0,0.001,face_C>ri_V,2,LR-P2-N2-rel,GP,boot,300,0.09717951901848594,0.1633906557059211,True,0.0005429372907429192,0.050387596899224806,0.0005686749872796385,0.03474903474903475,1.1776061776061777,1.0838496303612584,"[[0.654930055141449, 0.5770800709724426], 26.0]",0.021640300750732422,
fing_x_face,0,0.001,face_G>face_C,2,LR-P1-N2,GP,boot,300,0.11298444776739333,0.12147674835058259,True,0.0006183452477905468,0.15503875968992248,0.0009278381371404627,0.1776061776061776,1.2316602316602316,1.5489359791685373,"[[75.23677062988281, 65.98997497558594], 0.660319983959198]",0.028038978576660156,
fing_x_face,0,0.001,face_G>face_C,2,LR-P1-N3,GP,boot,300,0.11297943793607357,0.12144369291070634,True,0.0006183452477905468,0.15503875968992248,0.0009278381371404627,0.1776061776061776,1.2316602316602316,1.549654305468259,"[[75.23677062988281, 65.98771667480469], 0.660319983959198]",0.032390594482421875,
fing_x_face,0,0.001,face_G>face_C,2,LR-P2-N2,GP,boot,300,0.1407481621283576,0.13636038154844782,True,0.0006032636563810213,0.1511627906976744,0.0008679776121636587,0.1776061776061776,1.2393822393822393,1.8250576157552902,"[[75.27391052246094, 64.8189697265625], 0.6601600050926208]",0.027053356170654297,
fing_x_face,0,0.001,face_G>face_C,2,LR-P1-N2-rel,GP,boot,300,0.10894851146883047,0.2876435663130017,True,0.0006032636563810213,0.16279069767441862,0.0008979078746520607,0.1891891891891892,1.1853281853281854,1.0787465206069857,"[[75.23677062988281, 72.40047454833984], 0.660319983959198]",0.025735139846801758,
fing_x_face,0,0.001,face_G>face_C,2,LR-P2-N2-rel,GP,boot,300,0.12207713126997895,0.41439964933004736,True,0.0006032636563810213,0.16279069767441862,0.0008829427434078596,0.1891891891891892,1.1814671814671815,1.0589177217084194,"[[75.23677062988281, 72.66102600097656], 0.6601600050926208]",0.022716522216796875,
fing_x_face,0,0.001,face_G>li_V,2,LR-P1-N2,GP,boot,300,0.11314915935028155,0.1134326256213676,True,0.0005429372907429192,0.06589147286821706,0.0010625243183382718,0.019305019305019305,1.223938223938224,1.8246984526054293,"[[75.11921691894531, 64.8189697265625], 30.0]",0.0273895263671875,
fing_x_face,0,0.001,face_G>li_V,2,LR-P1-N3,GP,boot,300,0.11314915935028155,0.1134326256213676,True,0.0005429372907429192,0.06589147286821706,0.0010625243183382718,0.019305019305019305,1.223938223938224,1.8246984526054293,"[[75.11921691894531, 64.8189697265625], 30.0]",0.022612810134887695,
fing_x_face,0,0.001,face_G>li_V,2,LR-P2-N2,GP,boot,300,0.14624250691741394,0.13704717487605297,True,0.0005429372907429192,0.06589147286821706,0.0009428032683846638,0.019305019305019305,1.2316602316602316,1.8249378947053365,"[[75.20556640625, 64.8189697265625], 29.0]",0.02680182456970215,
fing_x_face,0,0.001,face_G>li_V,2,LR-P1-N2-rel,GP,boot,300,0.12233975334165313,0.15031190949892104,True,0.0006032636563810213,0.07364341085271318,0.0010176289246056687,0.03861003861003861,1.196911196911197,1.1888599563018167,"[[75.11048126220703, 70.9326400756836], 27.0]",0.02897334098815918,
fing_x_face,0,0.001,face_G>li_V,2,LR-P2-N2-rel,GP,boot,300,0.15164516207322695,0.2159996111076215,True,0.0005580188821524447,0.09302325581395349,0.0008530124809194577,0.05405405405405406,1.1814671814671815,1.0876807039597738,"[[75.1368408203125, 72.28921508789062], 26.0]",0.02350473403930664,
fing_x_face,0,0.001,face_G>ri_V,2,LR-P1-N2,GP,boot,300,0.08813775684600889,0.08771815616488483,True,0.0006334268392000724,0.023255813953488372,0.0007781868246984526,0.019305019305019305,1.2316602316602316,1.8249378947053365,"[[75.20556640625, 64.8189697265625], 29.0]",0.02607107162475586,
fing_x_face,0,0.001,face_G>ri_V,2,LR-P1-N3,GP,boot,300,0.08813775684600889,0.08771815616488483,True,0.0006334268392000724,0.023255813953488372,0.0007781868246984526,0.019305019305019305,1.2316602316602316,1.8249378947053365,"[[75.20556640625, 64.8189697265625], 29.0]",0.02390313148498535,
fing_x_face,0,0.001,face_G>ri_V,2,LR-P2-N2,GP,boot,300,0.1186244736538066,0.11349887441356049,True,0.0006032636563810213,0.023255813953488372,0.0007781868246984526,0.019305019305019305,1.2316602316602316,1.8249378947053365,"[[75.20835876464844, 64.8189697265625], 29.0]",0.025900602340698242,
fing_x_face,0,0.001,face_G>ri_V,2,LR-P1-N2-rel,GP,boot,300,0.0811129006840318,0.09971842035845842,True,0.0006334268392000724,0.031007751937984496,0.0008230822184310556,0.03088803088803089,1.2123552123552124,1.3369099997006975,"[[75.16844940185547, 66.68061828613281], 28.0]",0.02762436866760254,
fing_x_face,0,0.001,face_G>ri_V,2,LR-P2-N2-rel,GP,boot,300,0.11419915507593931,0.16487714890086747,True,0.0005731004735619702,0.05813953488372093,0.0007931519559426536,0.04633204633204633,1.1891891891891893,1.1056089311903265,"[[75.20556640625, 72.08133697509766], 25.0]",0.02784276008605957,
fing_x_face,0,0.001,li_V>face_C,2,LR-P1-N2,GP,boot,300,0.13533254373160683,0.12647915032850238,True,0.0005278556993333936,0.05813953488372093,0.0006584657747448446,0.03474903474903475,1.1776061776061777,1.6959384633803238,"[[28.000001907348633, 5.000000476837158], 0.6549299955368042]",0.025250673294067383,
fing_x_face,0,0.001,li_V>face_C,2,LR-P1-N3,GP,boot,300,0.13532810335236536,0.12647223405182778,True,0.0005278556993333936,0.05813953488372093,0.0006584657747448446,0.03474903474903475,1.1776061776061777,1.6959384633803238,"[[28.000001907348633, 5.000000476837158], 0.6549299955368042]",0.025968313217163086,
fing_x_face,0,0.001,li_V>face_C,2,LR-P2-N2,GP,boot,300,0.13150523994468585,0.12420133115012418,True,0.0005278556993333936,0.05813953488372093,0.0006584657747448446,0.03474903474903475,1.1776061776061777,1.6959384633803238,"[[28.000001907348633, 5.000000476837158], 0.6549299955368042]",0.023332595825195312,
fing_x_face,0,0.001,li_V>face_C,2,LR-P1-N2-rel,GP,boot,300,0.1413733897443556,0.15128302350136133,True,0.0006032636563810213,0.10465116279069768,0.0007482565622100506,0.0694980694980695,1.135135135135135,1.1300020951183742,"[[29.000001907348633, 10.000000953674316], 0.6298099756240845]",0.02293682098388672,
fing_x_face,0,0.001,li_V>face_C,2,LR-P2-N2-rel,GP,boot,300,0.1546159801659121,0.17622440359976832,True,0.0005731004735619702,0.10852713178294573,0.0007931519559426536,0.08108108108108109,1.1235521235521235,1.089700996677741,"[[28.000001907348633, 11.000000953674316], 0.6288999915122986]",0.021607160568237305,
fing_x_face,0,0.001,li_V>face_G,2,LR-P1-N2,GP,boot,300,0.1479468444764751,0.13347521101837925,True,0.0006485084306095979,0.08139534883720931,0.0010325940558498698,0.03474903474903475,1.1737451737451738,1.5225075573912783,"[[28.000001907348633, 6.000000476837158], 74.96544647216797]",0.028349876403808594,
fing_x_face,0,0.001,li_V>face_G,2,LR-P1-N3,GP,boot,300,0.1479468444764751,0.13347521101837925,True,0.0006485084306095979,0.08139534883720931,0.0010325940558498698,0.03474903474903475,1.1737451737451738,1.5225075573912783,"[[28.000001907348633, 6.000000476837158], 74.96544647216797]",0.02799510955810547,
fing_x_face,0,0.001,li_V>face_G,2,LR-P2-N2,GP,boot,300,0.14901571137551106,0.13603108288813306,True,0.0006032636563810213,0.06976744186046512,0.001047559187094071,0.03861003861003861,1.1776061776061777,1.6959384633803238,"[[28.000001907348633, 5.000000476837158], 75.11048126220703]",0.02389669418334961,
fing_x_face,0,0.001,li_V>face_G,2,LR-P1-N2-rel,GP,boot,300,0.14893843852731634,0.15005135035279238,True,0.0006635900220191234,0.12015503875968993,0.0009727335308730657,0.07722007722007722,1.1235521235521235,1.089700996677741,"[[28.000001907348633, 11.000000953674316], 74.23280334472656]",0.023137331008911133,
fing_x_face,0,0.001,li_V>face_G,2,LR-P2-N2-rel,GP,boot,300,0.16513394083858243,0.17908600857643506,True,0.0006334268392000724,0.13178294573643412,0.0009128730058962617,0.07722007722007722,1.1235521235521235,1.0624045972883183,"[[28.000001907348633, 12.000000953674316], 74.10652160644531]",0.021660804748535156,
fing_x_face,0,0.001,li_V>ri_V,2,LR-P1-N2,GP,boot,300,0.11688443704411373,0.11165974933006684,True,0.0006183452477905468,0.08139534883720931,0.0005836401185238395,0.06177606177606178,1.1776061776061777,1.6959384633803238,"[[28.000001907348633, 5.000000476837158], 27.0]",0.02284693717956543,
fing_x_face,0,0.001,li_V>ri_V,2,LR-P1-N3,GP,boot,300,0.11688443704411373,0.11165974933006684,True,0.0006183452477905468,0.08139534883720931,0.0005836401185238395,0.06177606177606178,1.1776061776061777,1.6959384633803238,"[[28.000001907348633, 5.000000476837158], 27.0]",0.023269176483154297,
fing_x_face,0,0.001,li_V>ri_V,2,LR-P2-N2,GP,boot,300,0.11449745251312435,0.10904164267843755,True,0.0006183452477905468,0.08139534883720931,0.0005537098560354374,0.05791505791505792,1.166023166023166,1.6958935679865912,"[[27.000001907348633, 5.000000476837158], 28.0]",0.022379159927368164,
fing_x_face,0,0.001,li_V>ri_V,2,LR-P1-N2-rel,GP,boot,300,0.11203241450455144,0.11248529175302793,True,0.0006183452477905468,0.08139534883720931,0.0005537098560354374,0.05791505791505792,1.166023166023166,1.6958935679865912,"[[27.000001907348633, 5.000000476837158], 28.0]",0.019878625869750977,
fing_x_face,0,0.001,li_V>ri_V,2,LR-P2-N2-rel,GP,boot,300,0.14418101263217897,0.17197600853252226,True,0.0005127741079238681,0.10852713178294573,0.0006135703810122415,0.07722007722007722,1.1467181467181466,1.1857921043967556,"[[28.000001907348633, 9.000000953674316], 25.0]",0.022707223892211914,
fing_x_face,0,0.001,ri_V>face_C,2,LR-P1-N2,GP,boot,300,0.06109981591323983,0.06019818321480185,True,0.0006032636563810213,0.04263565891472868,0.0005686749872796385,0.015444015444015444,1.1274131274131274,1.642722456675945,"[[28.000001907348633, 5.000000476837158], 0.6554999947547913]",0.026014089584350586,
fing_x_face,0,0.001,ri_V>face_C,2,LR-P1-N3,GP,boot,300,0.061096995734340985,0.060193107138378055,True,0.0006032636563810213,0.04263565891472868,0.0005686749872796385,0.015444015444015444,1.1274131274131274,1.642722456675945,"[[28.000001907348633, 5.000000476837158], 0.6554999947547913]",0.02688908576965332,
fing_x_face,0,0.001,ri_V>face_C,2,LR-P2-N2,GP,boot,300,0.06946253541254191,0.06509281422900803,True,0.0006032636563810213,0.03488372093023256,0.0005836401185238395,0.011583011583011582,1.1312741312741312,1.940363951991859,"[[28.000001907348633, 3.000000238418579], 0.65802001953125]",0.015396356582641602,
fing_x_face,0,0.001,ri_V>face_C,2,LR-P1-N2-rel,GP,boot,300,0.0661007002860248,0.07706818122828162,True,0.0005580188821524447,0.06589147286821706,0.0003890934123492263,0.04247104247104247,1.1158301158301158,1.0764718206578672,"[[30.000001907348633, 11.000000953674316], 0.6339499950408936]",0.02234935760498047,
fing_x_face,0,0.001,ri_V>face_C,2,LR-P2-N2-rel,GP,boot,300,0.08916233729764193,0.12494718643898814,True,0.0005580188821524447,0.06201550387596899,0.0003890934123492263,0.04633204633204633,1.0888030888030888,1.0537996468229027,"[[28.000001907348633, 12.000000953674316], 0.6332700252532959]",0.0208742618560791,
fing_x_face,0,0.001,ri_V>face_G,2,LR-P1-N2,GP,boot,300,0.06823019936066926,0.06514645323011922,True,0.0006635900220191234,0.03875968992248062,0.0008979078746520607,0.019305019305019305,1.1274131274131274,1.4708479243362964,"[[28.000001907348633, 6.000000476837158], 74.99199676513672]",0.02639627456665039,
fing_x_face,0,0.001,ri_V>face_G,2,LR-P1-N3,GP,boot,300,0.06823019936066926,0.06514645323011922,True,0.0006635900220191234,0.03875968992248062,0.0008979078746520607,0.019305019305019305,1.1274131274131274,1.4708479243362964,"[[28.000001907348633, 6.000000476837158], 74.99199676513672]",0.027885913848876953,
fing_x_face,0,0.001,ri_V>face_G,2,LR-P2-N2,GP,boot,300,0.07927049680925806,0.07196218788453224,True,0.0006334268392000724,0.023255813953488372,0.0008230822184310556,0.023166023166023165,1.1312741312741312,1.940363951991859,"[[28.000001907348633, 3.000000238418579], 75.2083511352539]",0.01631450653076172,
fing_x_face,0,0.001,ri_V>face_G,2,LR-P1-N2-rel,GP,boot,300,0.07028694793969306,0.07297928006984647,True,0.0006485084306095979,0.05426356589147287,0.0009278381371404627,0.04247104247104247,1.0965250965250966,1.0763820298704019,"[[28.000001907348633, 11.000000953674316], 74.23326110839844]",0.02438211441040039,
fing_x_face,0,0.001,ri_V>face_G,2,LR-P2-N2-rel,GP,boot,300,0.09685767584169759,0.11527626715454789,True,0.0006485084306095979,0.05426356589147287,0.0008081170871868546,0.05019305019305019,1.0888030888030888,1.0537996468229027,"[[28.000001907348633, 12.000000953674316], 74.16063690185547]",0.02071690559387207,
fing_x_face,0,0.001,ri_V>li_V,2,LR-P1-N2,GP,boot,300,0.06103696157129614,0.05745292826124851,True,0.0005731004735619702,0.07364341085271318,0.0005088144623028344,0.06177606177606178,1.1235521235521235,1.9403190565981263,"[[27.000001907348633, 3.000000238418579], 29.0]",0.014425277709960938,
fing_x_face,0,0.001,ri_V>li_V,2,LR-P1-N3,GP,boot,300,0.06103696157129614,0.05745292826124851,True,0.0005731004735619702,0.07364341085271318,0.0005088144623028344,0.06177606177606178,1.1235521235521235,1.9403190565981263,"[[27.000001907348633, 3.000000238418579], 29.0]",0.014886140823364258,
fing_x_face,0,0.001,ri_V>li_V,2,LR-P2-N2,GP,boot,300,0.07177580557290862,0.06659641091416367,True,0.0005429372907429192,0.07364341085271318,0.0005088144623028344,0.05791505791505792,1.1312741312741312,1.940363951991859,"[[28.000001907348633, 3.000000238418579], 28.0]",0.014527320861816406,
fing_x_face,0,0.001,ri_V>li_V,2,LR-P1-N2-rel,GP,boot,300,0.06907204685117499,0.07330700190758926,True,0.0005881820649714958,0.08139534883720931,0.00046391906857023134,0.05791505791505792,1.1196911196911197,1.4708030289425638,"[[27.000001907348633, 6.000000476837158], 28.0]",0.025043725967407227,
fing_x_face,0,0.001,ri_V>li_V,2,LR-P2-N2-rel,GP,boot,300,0.10532261607274762,0.13364501997523426,True,0.0005580188821524447,0.07364341085271318,0.00046391906857023134,0.0694980694980695,1.0888030888030888,1.0763371344766695,"[[27.000001907348633, 11.000000953674316], 25.0]",0.025028467178344727,
fing_x_face,0,0.001,face_C>face_G>li_V,3,LR-P1-N2,GP,boot,300,0.061192979639643805,0.06116630213028423,True,0.0005731004735619702,0.03875968992248062,0.0007033611684774476,0.015444015444015444,1.386100386100386,2.8245637664242316,"[[0.6567800641059875, -Infinity], [75.52446746826172, 64.8189697265625], 30.000001907348633]",0.03054046630859375,
fing_x_face,0,0.001,face_C>face_G>li_V,3,LR-P1-N3,GP,boot,300,0.0612241751682333,0.06118980425372471,True,0.0005731004735619702,0.03875968992248062,0.0007033611684774476,0.015444015444015444,1.386100386100386,2.8245637664242316,"[[0.6567800641059875, -Infinity], [75.52446746826172, 64.8189697265625], 30.000001907348633]",0.03019237518310547,
fing_x_face,0,0.001,face_C>face_G>li_V,3,LR-P2-N2,GP,boot,300,0.09299766844951685,0.08776782075322787,True,0.0005580188821524447,0.03875968992248062,0.0005986052497680404,0.02702702702702703,1.3822393822393821,2.824548801292987,"[[0.654930055141449, -Infinity], [75.80873107910156, 64.8189697265625], 35.000003814697266]",0.0316007137298584,
fing_x_face,0,0.001,face_C>face_G>li_V,3,LR-P1-N2-rel,GP,boot,300,,,False,,,,,,,,,True
fing_x_face,0,0.001,face_C>face_G>li_V,3,LR-P2-N2-rel,GP,boot,300,,,False,,,,,,,,,True
fing_x_face,0,0.001,face_C>face_G>ri_V,3,LR-P1-N2,GP,boot,300,0.05459121251709988,0.05630739831845694,True,0.0005731004735619702,0.023255813953488372,0.0005836401185238395,0.015444015444015444,1.3822393822393821,2.824548801292987,"[[0.6549700498580933, -Infinity], [75.80873107910156, 64.8189697265625], 35.0]",0.035439252853393555,
fing_x_face,0,0.001,face_C>face_G>ri_V,3,LR-P1-N3,GP,boot,300,0.05462372672456166,0.05633329446915734,True,0.0005731004735619702,0.023255813953488372,0.0005836401185238395,0.015444015444015444,1.3822393822393821,2.824548801292987,"[[0.6549700498580933, -Infinity], [75.80873107910156, 64.8189697265625], 35.0]",0.03441166877746582,
fing_x_face,0,0.001,face_C>face_G>ri_V,3,LR-P2-N2,GP,boot,300,,,False,,,,,,,,,True
fing_x_face,0,0.001,face_C>face_G>ri_V,3,LR-P1-N2-rel,GP,boot,300,,,False,,,,,,,,,True
fing_x_face,0,0.001,face_C>face_G>ri_V,3,LR-P2-N2-rel,GP,boot,300,,,False,,,,,,,,,True
fing_x_face,0,0.001,face_C>li_V>face_G,3,LR-P1-N2,GP,boot,300,0.06741267831183467,0.07203379178319938,True,0.0005278556993333936,0.03488372093023256,0.0005686749872796385,0.015444015444015444,1.223938223938224,2.1295381760498038,"[[0.653890073299408, -Infinity], [31.000001907348633, 10.000000953674316], 76.17057037353516]",0.041490793228149414,
fing_x_face,0,0.001,face_C>li_V>face_G,3,LR-P1-N3,GP,boot,300,0.06744385071473467,0.07205340441397794,True,0.0005278556993333936,0.03488372093023256,0.0005686749872796385,0.015444015444015444,1.223938223938224,2.1295381760498038,"[[0.653890073299408, -Infinity], [31.000001907348633, 10.000000953674316], 76.17057037353516]",0.03785276412963867,
fing_x_face,0,0.001,face_C>li_V>face_G,3,LR-P2-N2,GP,boot,300,0.093363022265703,0.08811868292402333,True,0.0005127741079238681,0.03488372093023256,0.0006135703810122415,0.019305019305019305,1.2277992277992278,2.375939061985574,"[[0.6545500755310059, -Infinity], [30.000001907348633, 7.000000476837158], 76.17056274414062]",0.04189491271972656,
fing_x_face,0,0.001,face_C>li_V>face_G,3,LR-P1-N2-rel,GP,boot,300,0.0739270610517124,0.1623272065060805,True,0.0005429372907429192,0.04263565891472868,0.0005686749872796385,0.015444015444015444,1.196911196911197,1.3683367753135196,"[[0.6525400876998901, 0.5447200536727905], [29.000001907348633, 11.000000953674316], 76.17057037353516]",0.04281330108642578,
fing_x_face,0,0.001,face_C>li_V>face_G,3,LR-P2-N2-rel,GP,boot,300,,,False,,,,,,,,,True
fing_x_face,0,0.001,face_C>li_V>ri_V,3,LR-P1-N2,GP,boot,300,,,False,,,,,,,,,True
fing_x_face,0,0.001,face_C>li_V>ri_V,3,LR-P1-N3,GP,boot,300,,,False,,,,,,,,,True
fing_x_face,0,0.001,face_C>li_V>ri_V,3,LR-P2-N2,GP,boot,300,,,False,,,,,,,,,True
fing_x_face,0,0.001,face_C>li_V>ri_V,3,LR-P1-N2-rel,GP,boot,300,,,False,,,,,,,,,True
fing_x_face,0,0.001,face_C>li_V>ri_V,3,LR-P2-N2-rel,GP,boot,300,,,False,,,,,,,,,True
fing_x_face,0,0.001,face_C>ri_V>face_G,3,LR-P1-N2,GP,boot,300,0.04986042586833876,0.04900374705172847,True,0.0005881820649714958,0.015503875968992248,0.0008081170871868546,0.015444015444015444,1.22007722007722,2.1584508096136004,"[[0.654930055141449, -Infinity], [33.000003814697266, 9.000000953674316], 74.97110748291016]",0.03050827980041504,
fing_x_face,0,0.001,face_C>ri_V>face_G,3,LR-P1-N3,GP,boot,300,0.04989381440211126,0.04903296166477109,True,0.0005881820649714958,0.015503875968992248,0.0008081170871868546,0.015444015444015444,1.22007722007722,2.1584508096136004,"[[0.654930055141449, -Infinity], [33.000003814697266, 9.000000953674316], 74.97110748291016]",0.030584335327148438,
fing_x_face,0,0.001,face_C>ri_V>face_G,3,LR-P2-N2,GP,boot,300,0.07795045692923687,0.07375780603525352,True,0.0005881820649714958,0.01937984496124031,0.0005088144623028344,0.011583011583011582,1.22007722007722,2.3323306695399717,"[[0.654930055141449, -Infinity], [32.000003814697266, 7.000000476837158], 75.82415008544922]",0.0326542854309082,
fing_x_face,0,0.001,face_C>ri_V>face_G,3,LR-P1-N2-rel,GP,boot,300,0.04492970043721414,0.061261949461157,True,0.0005580188821524447,0.023255813953488372,0.0006135703810122415,0.011583011583011582,1.2123552123552124,1.7047229954206697,"[[0.6540000438690186, 0.5170600414276123], [32.000003814697266, 13.000000953674316], 74.8942642211914]",0.03709292411804199,
fing_x_face,0,0.001,face_C>ri_V>face_G,3,LR-P2-N2-rel,GP,boot,300,,,False,,,,,,,,,True
fing_x_face,0,0.001,face_C>ri_V>li_V,3,LR-P1-N2,GP,boot,300,0.04762549222990007,0.047681763775891534,True,0.0005580188821524447,0.023255813953488372,0.0005088144623028344,0.003861003861003861,1.22007722007722,2.9395708000359164,"[[0.6543500423431396, -Infinity], [32.000003814697266, 3.000000238418579], 35.000003814697266]",0.02140641212463379,
fing_x_face,0,0.001,face_C>ri_V>li_V,3,LR-P1-N3,GP,boot,300,0.047659394691892044,0.047711672024106214,True,0.0005580188821524447,0.023255813953488372,0.0005088144623028344,0.003861003861003861,1.22007722007722,2.9395708000359164,"[[0.6543500423431396, -Infinity], [32.000003814697266, 3.000000238418579], 35.000003814697266]",0.021245241165161133,
fing_x_face,0,0.001,face_C>ri_V>li_V,3,LR-P2-N2,GP,boot,300,0.07584913247985473,0.07268219354106574,True,0.0005580188821524447,0.023255813953488372,0.0005088144623028344,0.003861003861003861,1.22007722007722,2.9395708000359164,"[[0.6543500423431396, -Infinity], [32.000003814697266, 3.000000238418579], 35.000003814697266]",0.02272820472717285,
fing_x_face,0,0.001,face_C>ri_V>li_V,3,LR-P1-N2-rel,GP,boot,300,0.04442007796210691,0.062146665545933365,True,0.0005580188821524447,0.027131782945736434,0.0005836401185238395,0.0,1.2162162162162162,1.8589985334171382,"[[0.6540000438690186, 0.5156800746917725], [31.000001907348633, 8.000000953674316], 30.000001907348633]",0.03957676887512207,
fing_x_face,0,0.001,face_C>ri_V>li_V,3,LR-P2-N2-rel,GP,boot,300,,,False,,,,,,,,,True
fing_x_face,0,0.001,face_G>face_C>li_V,3,LR-P1-N2,GP,boot,300,0.07984504846153918,0.08119097451473489,True,0.0006032636563810213,0.03875968992248062,0.0009278381371404627,0.03088803088803089,1.420849420849421,2.6496812427044985,"[[75.23368835449219, 64.8189697265625], [0.661810040473938, -Infinity], 35.000003814697266]",0.03282356262207031,
fing_x_face,0,0.001,face_G>face_C>li_V,3,LR-P1-N3,GP,boot,300,0.07985164783307577,0.08119127582130611,True,0.0006032636563810213,0.03875968992248062,0.0009278381371404627,0.03088803088803089,1.420849420849421,2.6496812427044985,"[[75.23368835449219, 64.8189697265625], [0.661810040473938, -Infinity], 35.000003814697266]",0.039699554443359375,
fing_x_face,0,0.001,face_G>face_C>li_V,3,LR-P2-N2,GP,boot,300,0.11670194667950644,0.11148159463859786,True,0.0005881820649714958,0.03875968992248062,0.0008979078746520607,0.03088803088803089,1.420849420849421,2.6497261380982313,"[[75.23368835449219, 64.8189697265625], [0.663550078868866, -Infinity], 35.0]",0.037664175033569336,
fing_x_face,0,0.001,face_G>face_C>li_V,3,LR-P1-N2-rel,GP,boot,300,,,False,,,,,,,,,True
fing_x_face,0,0.001,face_G>face_C>li_V,3,LR-P2-N2-rel,GP,boot,300,,,False,,,,,,,,,True
fing_x_face,0,0.001,face_G>face_C>ri_V,3,LR-P1-N2,GP,boot,300,0.0734996074978625,0.0737040225766989,True,0.0006183452477905468,0.01937984496124031,0.0008380473496752566,0.019305019305019305,1.4092664092664093,2.6497261380982313,"[[75.21028137207031, 64.8189697265625], [0.6649300456047058, -Infinity], 34.0]",0.03253030776977539,
fing_x_face,0,0.001,face_G>face_C>ri_V,3,LR-P1-N3,GP,boot,300,0.07350729353129583,0.07370750063873963,True,0.0006183452477905468,0.01937984496124031,0.0008380473496752566,0.019305019305019305,1.4092664092664093,2.6497261380982313,"[[75.21028137207031, 64.8189697265625], [0.6649300456047058, -Infinity], 34.0]",0.03223752975463867,
fing_x_face,0,0.001,face_G>face_C>ri_V,3,LR-P2-N2,GP,boot,300,0.10974649065107578,0.10397994821308659,True,0.0006334268392000724,0.01937984496124031,0.0008530124809194577,0.019305019305019305,1.4092664092664093,2.649696207835743,"[[75.20691680908203, 64.8189697265625], [0.6652000546455383, -Infinity], 34.0]",0.03346848487854004,
fing_x_face,0,0.001,face_G>face_C>ri_V,3,LR-P1-N2-rel,GP,boot,300,,,False,,,,,,,,,True
fing_x_face,0,0.001,face_G>face_C>ri_V,3,LR-P2-N2-rel,GP,boot,300,,,False,,,,,,,,,True
fing_x_face,0,0.001,face_G>li_V>face_C,3,LR-P1-N2,GP,boot,300,0.09453281450995124,0.08940154011308041,True,0.0005881820649714958,0.050387596899224806,0.0010625243183382718,0.02702702702702703,1.2432432432432432,2.0419472628774953,"[[75.11921691894531, 64.8189697265625], [30.000001907348633, 8.000000953674316], 0.6638699769973755]",0.0474390983581543,
fing_x_face,0,0.001,face_G>li_V>face_C,3,LR-P1-N3,GP,boot,300,0.09453151558495466,0.08939837962908347,True,0.0005881820649714958,0.050387596899224806,0.0010625243183382718,0.02702702702702703,1.2432432432432432,2.0419472628774953,"[[75.11921691894531, 64.8189697265625], [30.000001907348633, 8.000000953674316], 0.6638699769973755]",0.04541635513305664,
fing_x_face,0,0.001,face_G>li_V>face_C,3,LR-P2-N2,GP,boot,300,0.12370742658184417,0.11408159382384063,True,0.0006032636563810213,0.050387596899224806,0.0008979078746520607,0.019305019305019305,1.2586872586872586,2.2544970219388825,"[[75.20556640625, 64.8189697265625], [30.000001907348633, 6.000000476837158], 0.6632699966430664]",0.04482889175415039,
fing_x_face,0,0.001,face_G>li_V>face_C,3,LR-P1-N2-rel,GP,boot,300,0.08367059432222847,0.12834173080424463,True,0.0005881820649714958,0.06201550387596899,0.0010325940558498698,0.03474903474903475,1.2316602316602316,1.4869653706863009,"[[75.11048126220703, 66.27267456054688], [30.000001907348633, 12.000000953674316], 0.6549699902534485]",0.04398846626281738,
fing_x_face,0,0.001,face_G>li_V>face_C,3,LR-P2-N2-rel,GP,boot,300,0.0969364121484698,0.19404722699670263,True,0.0006032636563810213,0.06201550387596899,0.0009428032683846638,0.03474903474903475,1.2162162162162162,1.2391128670198437,"[[75.1368408203125, 68.33084106445312], [27.000001907348633, 10.000000953674316], 0.6638699769973755]",0.04377484321594238,
fing_x_face,0,0.001,face_G>li_V>ri_V,3,LR-P1-N2,GP,boot,300,0.08753873980823412,0.0844886188246584,True,0.0005881820649714958,0.03488372093023256,0.0010325940558498698,0.007722007722007722,1.247104247104247,2.3962766753464426,"[[75.06668090820312, 64.8189697265625], [30.000001907348633, 5.000000476837158], 38.0]",0.04159975051879883,
fing_x_face,0,0.001,face_G>li_V>ri_V,3,LR-P1-N3,GP,boot,300,0.08753873980823412,0.0844886188246584,True,0.0005881820649714958,0.03488372093023256,0.0010325940558498698,0.007722007722007722,1.247104247104247,2.3962766753464426,"[[75.06668090820312, 64.8189697265625], [30.000001907348633, 5.000000476837158], 38.0]",0.043740034103393555,
fing_x_face,0,0.001,face_G>li_V>ri_V,3,LR-P2-N2,GP,boot,300,0.11703319460047347,0.10845642489968776,True,0.0006183452477905468,0.031007751937984496,0.0010026637933614679,0.007722007722007722,1.250965250965251,2.396351501002664,"[[75.11048126220703, 64.8189697265625], [30.000001907348633, 5.000000476837158], 32.0]",0.04341411590576172,
fing_x_face,0,0.001,face_G>li_V>ri_V,3,LR-P1-N2-rel,GP,boot,300,0.07103199812583752,0.08600595789817367,True,0.0006032636563810213,0.031007751937984496,0.0010026637933614679,0.007722007722007722,1.250965250965251,2.0494148633683515,"[[75.11048126220703, 65.49163055419922], [30.000001907348633, 6.000000476837158], 32.0]",0.0483245849609375,
fing_x_face,0,0.001,face_G>li_V>ri_V,3,LR-P2-N2-rel,GP,boot,300,0.09267021157006262,0.18023152580847202,True,0.0006032636563810213,0.05813953488372093,0.0009727335308730657,0.03088803088803089,1.2162162162162162,1.2955912723354583,"[[75.1368408203125, 67.25484466552734], [26.000001907348633, 8.000000953674316], 35.0]",0.045983076095581055,
fing_x_face,0,0.001,face_G>ri_V>face_C,3,LR-P1-N2,GP,boot,300,0.0735552606761822,0.07201919493776386,True,0.0006334268392000724,0.01937984496124031,0.0008081170871868546,0.015444015444015444,1.2548262548262548,2.0977672024183653,"[[75.20556640625, 64.8189697265625], [32.000003814697266, 7.000000476837158], 0.6618099808692932]",0.047119855880737305,
fing_x_face,0,0.001,face_G>ri_V>face_C,3,LR-P1-N3,GP,boot,300,0.07355440341191873,0.07201721301870759,True,0.0006334268392000724,0.01937984496124031,0.0008081170871868546,0.015444015444015444,1.2548262548262548,2.0977672024183653,"[[75.20556640625, 64.8189697265625], [32.000003814697266, 7.000000476837158], 0.6618099808692932]",0.044708967208862305,
fing_x_face,0,0.001,face_G>ri_V>face_C,3,LR-P2-N2,GP,boot,300,0.10509362294010789,0.10022929670397973,True,0.0006183452477905468,0.01937984496124031,0.0008081170871868546,0.015444015444015444,1.2548262548262548,2.210768908443327,"[[75.20835876464844, 64.8189697265625], [32.000003814697266, 6.000000476837158], 0.6651999950408936]",0.04568052291870117,
fing_x_face,0,0.001,face_G>ri_V>face_C,3,LR-P1-N2-rel,GP,boot,300,0.05222707444719441,0.06986230761598083,True,0.0006183452477905468,0.01937984496124031,0.0008530124809194577,0.019305019305019305,1.250965250965251,1.8553171111310647,"[[75.16844940185547, 64.8189697265625], [33.000003814697266, 13.000000953674316], 0.6424599885940552]",0.037194013595581055,
fing_x_face,0,0.001,face_G>ri_V>face_C,3,LR-P2-N2-rel,GP,boot,300,0.0678583772036295,0.15156125922995173,True,0.0006183452477905468,0.027131782945736434,0.0007632216934542516,0.03474903474903475,1.2162162162162162,1.3265840591421987,"[[75.20556640625, 66.8172607421875], [27.000001907348633, 11.000000953674316], 0.6635500192642212]",0.04763293266296387,
fing_x_face,0,0.001,face_G>ri_V>li_V,3,LR-P1-N2,GP,boot,300,0.07303340987480052,0.07094844858658031,True,0.0005881820649714958,0.027131782945736434,0.0008530124809194577,0.007722007722007722,1.2548262548262548,2.5998772859237977,"[[75.16844940185547, 64.8189697265625], [31.000001907348633, 3.000000238418579], 30.000001907348633]",0.04696393013000488,
fing_x_face,0,0.001,face_G>ri_V>li_V,3,LR-P1-N3,GP,boot,300,0.07303340987480052,0.07094844858658031,True,0.0005881820649714958,0.027131782945736434,0.0008530124809194577,0.007722007722007722,1.2548262548262548,2.5998772859237977,"[[75.16844940185547, 64.8189697265625], [31.000001907348633, 3.000000238418579], 30.000001907348633]",0.0363154411315918,
fing_x_face,0,0.001,face_G>ri_V>li_V,3,LR-P2-N2,GP,boot,300,0.10539750516656735,0.09924801615147262,True,0.0006032636563810213,0.027131782945736434,0.0008380473496752566,0.007722007722007722,1.2548262548262548,2.6000269372362395,"[[75.19648742675781, 64.8189697265625], [31.000001907348633, 3.000000238418579], 30.0]",0.03548860549926758,
fing_x_face,0,0.001,face_G>ri_V>li_V,3,LR-P1-N2-rel,GP,boot,300,0.05362882145312772,0.0664604547001156,True,0.0006032636563810213,0.027131782945736434,0.0008081170871868546,0.011583011583011582,1.250965250965251,1.9553889437610368,"[[75.16844940185547, 64.8189697265625], [31.000001907348633, 9.000000953674316], 30.0]",0.041967153549194336,
fing_x_face,0,0.001,face_G>ri_V>li_V,3,LR-P2-N2-rel,GP,boot,300,,,False,,,,,,,,,True
fing_x_face,0,0.001,li_V>face_C>face_G,3,LR-P1-N2,GP,boot,300,0.11327203366634198,0.10944646492454727,True,0.0006334268392000724,0.050387596899224806,0.0010026637933614679,0.03088803088803089,1.193050193050193,1.9132471341773667,"[[28.000001907348633, 5.000000476837158], [0.6603200435638428, 0.5473700761795044], 75.23368072509766]",0.04534578323364258,
fing_x_face,0,0.001,li_V>face_C>face_G,3,LR-P1-N3,GP,boot,300,0.11327851114898356,0.10944680138445169,True,0.0006334268392000724,0.050387596899224806,0.0010026637933614679,0.03088803088803089,1.193050193050193,1.9133518900960762,"[[28.000001907348633, 5.000000476837158], [0.6603200435638428, 0.5473600625991821], 75.23368072509766]",0.044184207916259766,
fing_x_face,0,0.001,li_V>face_C>face_G,3,LR-P2-N2,GP,boot,300,0.1162077526048545,0.10932875312107813,True,0.0006183452477905468,0.050387596899224806,0.0009428032683846638,0.03088803088803089,1.193050193050193,2.018317320642902,"[[28.000001907348633, 5.000000476837158], [0.661810040473938, 0.5345500707626343], 75.27448272705078]",0.04978299140930176,
fing_x_face,0,0.001,li_V>face_C>face_G,3,LR-P1-N2-rel,GP,boot,300,0.1032810329905063,0.13330675602444145,True,0.0006334268392000724,0.06589147286821706,0.0009428032683846638,0.03088803088803089,1.1814671814671815,1.5582592559336745,"[[29.000001907348633, 6.000000476837158], [0.655500054359436, 0.5819900631904602], 74.96544647216797]",0.04090690612792969,
fing_x_face,0,0.001,li_V>face_C>face_G,3,LR-P2-N2-rel,GP,boot,300,0.1074721514305018,0.19242640821905693,True,0.0006183452477905468,0.07751937984496124,0.0008380473496752566,0.05019305019305019,1.162162162162162,1.4080841638981174,"[[28.000001907348633, 7.000000476837158], [0.6471100449562073, 0.5785200595855713], 75.49685668945312]",0.04261493682861328,
fing_x_face,0,0.001,li_V>face_C>ri_V,3,LR-P1-N2,GP,boot,300,0.10545625417000896,0.10344924838571742,True,0.0005127741079238681,0.04263565891472868,0.0005986052497680404,0.023166023166023165,1.196911196911197,2.3916225195294962,"[[28.000001907348633, 5.000000476837158], [0.6601600646972656, -Infinity], 31.000001907348633]",0.03338623046875,
fing_x_face,0,0.001,li_V>face_C>ri_V,3,LR-P1-N3,GP,boot,300,0.10546289573163563,0.10345221422722449,True,0.0005127741079238681,0.04263565891472868,0.0005986052497680404,0.023166023166023165,1.196911196911197,2.3916225195294962,"[[28.000001907348633, 5.000000476837158], [0.6601600646972656, -Infinity], 31.000001907348633]",0.033807992935180664,
fing_x_face,0,0.001,li_V>face_C>ri_V,3,LR-P2-N2,GP,boot,300,0.10753605956398359,0.10280112186222304,True,0.0005731004735619702,0.04263565891472868,0.0005686749872796385,0.023166023166023165,1.1814671814671815,2.3916075543982522,"[[27.000001907348633, 5.000000476837158], [0.663550078868866, -Infinity], 32.0]",0.036376237869262695,
fing_x_face,0,0.001,li_V>face_C>ri_V,3,LR-P1-N2-rel,GP,boot,300,0.09259379281022133,0.09925257345041699,True,0.0005429372907429192,0.04263565891472868,0.0006584657747448446,0.023166023166023165,1.1891891891891893,1.8640717129089222,"[[29.000001907348633, 5.000000476837158], [0.6567800641059875, 0.5544800758361816], 26.0]",0.040566205978393555,
fing_x_face,0,0.001,li_V>face_C>ri_V,3,LR-P2-N2-rel,GP,boot,300,0.10163789151577694,0.1161412727767934,True,0.0006183452477905468,0.07751937984496124,0.0008380473496752566,0.04633204633204633,1.162162162162162,1.4244111220855407,"[[28.000001907348633, 7.000000476837158], [0.6496200561523438, 0.570050060749054], 24.0]",0.043325185775756836,
fing_x_face,0,0.001,li_V>face_G>face_C,3,LR-P1-N2,GP,boot,300,0.11823014456837933,0.11288006488524885,True,0.0006032636563810213,0.050387596899224806,0.0007632216934542516,0.03088803088803089,1.2007722007722008,1.9893897219478616,"[[28.000001907348633, 5.000000476837158], [75.45633697509766, 66.38227844238281], 0.6618099808692932]",0.044530391693115234,
fing_x_face,0,0.001,li_V>face_G>face_C,3,LR-P1-N3,GP,boot,300,0.11822895280817253,0.1128748292000867,True,0.0006032636563810213,0.050387596899224806,0.0007632216934542516,0.03088803088803089,1.2007722007722008,1.9900631528538506,"[[28.000001907348633, 5.000000476837158], [75.45633697509766, 66.37899780273438], 0.6618099808692932]",0.04470419883728027,
fing_x_face,0,0.001,li_V>face_G>face_C,3,LR-P2-N2,GP,boot,300,0.12137462373056232,0.11290025237296145,True,0.0006032636563810213,0.050387596899224806,0.0007632216934542516,0.02702702702702703,1.2007722007722008,2.1890844332704797,"[[28.000001907348633, 5.000000476837158], [75.52446746826172, 65.40636444091797], 0.6576500535011292]",0.0443422794342041,
fing_x_face,0,0.001,li_V>face_G>face_C,3,LR-P1-N2-rel,GP,boot,300,0.10573129737672927,0.15659811606108598,True,0.0006032636563810213,0.050387596899224806,0.0009128730058962617,0.03474903474903475,1.1891891891891893,1.751264553590135,"[[28.000001907348633, 5.000000476837158], [75.23677062988281, 72.41730499267578], 0.664929986000061]",0.041777610778808594,
fing_x_face,0,0.001,li_V>face_G>face_C,3,LR-P2-N2-rel,GP,boot,300,0.11077572734476027,0.20267616371099936,True,0.0006183452477905468,0.07751937984496124,0.0008230822184310556,0.05019305019305019,1.166023166023166,1.4127832151087965,"[[28.000001907348633, 7.000000476837158], [75.06217956542969, 72.2232894897461], 0.6618099808692932]",0.045400381088256836,
fing_x_face,0,0.001,li_V>face_G>ri_V,3,LR-P1-N2,GP,boot,300,0.11187458506089966,0.10738897533335427,True,0.0005580188821524447,0.03875968992248062,0.0007781868246984526,0.02702702702702703,1.196911196911197,2.2677112328275117,"[[28.000001907348633, 5.000000476837158], [75.28328704833984, 64.8189697265625], 30.000001907348633]",0.04246401786804199,
fing_x_face,0,0.001,li_V>face_G>ri_V,3,LR-P1-N3,GP,boot,300,0.11187458506089966,0.10738897533335427,True,0.0005580188821524447,0.03875968992248062,0.0007781868246984526,0.02702702702702703,1.196911196911197,2.2677112328275117,"[[28.000001907348633, 5.000000476837158], [75.28328704833984, 64.8189697265625], 30.000001907348633]",0.043756723403930664,
fing_x_face,0,0.001,li_V>face_G>ri_V,3,LR-P2-N2,GP,boot,300,0.11500890437799503,0.10799760352369385,True,0.0005580188821524447,0.03488372093023256,0.0005237795935470355,0.02702702702702703,1.1853281853281854,2.2678908144024423,"[[27.000001907348633, 5.000000476837158], [75.52446746826172, 64.8189697265625], 31.000001907348633]",0.043468475341796875,
fing_x_face,0,0.001,li_V>face_G>ri_V,3,LR-P1-N2-rel,GP,boot,300,0.09659796289945118,0.10381655518397331,True,0.0005881820649714958,0.03488372093023256,0.0008530124809194577,0.02702702702702703,1.193050193050193,1.8858310137379906,"[[28.000001907348633, 5.000000476837158], [75.21878051757812, 66.95153045654297], 29.0]",0.04136300086975098,
fing_x_face,0,0.001,li_V>face_G>ri_V,3,LR-P2-N2-rel,GP,boot,300,0.10817921854614021,0.12611090700275956,True,0.0006334268392000724,0.06589147286821706,0.0009278381371404627,0.04247104247104247,1.1583011583011582,1.4342432133129808,"[[28.000001907348633, 7.000000476837158], [74.9941177368164, 71.57586669921875], 25.0]",0.04467582702636719,
fing_x_face,0,0.001,li_V>ri_V>face_C,3,LR-P1-N2,GP,boot,300,0.10565570341076969,0.10294737112398737,True,0.0005278556993333936,0.046511627906976744,0.0007183262997216486,0.023166023166023165,1.22007722007722,2.0468558259255936,"[[28.000001907348633, 5.000000476837158], [31.000001907348633, 6.000000476837158], 0.6496800780296326]",0.04721188545227051,
fing_x_face,0,0.001,li_V>ri_V>face_C,3,LR-P1-N3,GP,boot,300,0.10565504318854357,0.102946820555517,True,0.0005278556993333936,0.046511627906976744,0.0007183262997216486,0.023166023166023165,1.22007722007722,2.0468558259255936,"[[28.000001907348633, 5.000000476837158], [31.000001907348633, 6.000000476837158], 0.6496800780296326]",0.06616854667663574,
fing_x_face,0,0.001,li_V>ri_V>face_C,3,LR-P2-N2,GP,boot,300,0.1038439971043073,0.10013674430418495,True,0.0006183452477905468,0.050387596899224806,0.0005986052497680404,0.02702702702702703,1.2046332046332047,2.1650354673610486,"[[27.000001907348633, 5.000000476837158], [31.000001907348633, 5.000000476837158], 0.6597800254821777]",0.0453641414642334,
fing_x_face,0,0.001,li_V>ri_V>face_C,3,LR-P1-N2-rel,GP,boot,300,0.09053141704441586,0.0943436268897234,True,0.0006032636563810213,0.06201550387596899,0.0005387447247912364,0.03088803088803089,1.196911196911197,1.7396366466133908,"[[27.000001907348633, 5.000000476837158], [31.000001907348633, 12.000000953674316], 0.640030026435852]",0.04598379135131836,
fing_x_face,0,0.001,li_V>ri_V>face_C,3,LR-P2-N2-rel,GP,boot,300,0.09821187303995121,0.12331226601878058,True,0.0005580188821524447,0.06201550387596899,0.0004938493310586334,0.04247104247104247,1.2007722007722008,1.7265870521684474,"[[28.000001907348633, 5.000000476837158], [31.000001907348633, 13.000000953674316], 0.6332700252532959]",0.03857994079589844,
fing_x_face,0,0.001,li_V>ri_V>face_G,3,LR-P1-N2,GP,boot,300,0.10732508851102875,0.10388706224421657,True,0.0006183452477905468,0.050387596899224806,0.0009577683996288647,0.03088803088803089,1.2162162162162162,1.9486845649636346,"[[28.000001907348633, 5.000000476837158], [31.000001907348633, 7.000000476837158], 74.89923095703125]",0.049622297286987305,
fing_x_face,0,0.001,li_V>ri_V>face_G,3,LR-P1-N3,GP,boot,300,0.10732508851102875,0.10388706224421657,True,0.0006183452477905468,0.050387596899224806,0.0009577683996288647,0.03088803088803089,1.2162162162162162,1.9486845649636346,"[[28.000001907348633, 5.000000476837158], [31.000001907348633, 7.000000476837158], 74.89923095703125]",0.04800748825073242,
fing_x_face,0,0.001,li_V>ri_V>face_G,3,LR-P2-N2,GP,boot,300,0.10621804843160254,0.10146663597179677,True,0.0006334268392000724,0.04263565891472868,0.0007183262997216486,0.03088803088803089,1.2046332046332047,2.1650354673610486,"[[27.000001907348633, 5.000000476837158], [31.000001907348633, 5.000000476837158], 75.27448272705078]",0.04667496681213379,
fing_x_face,0,0.001,li_V>ri_V>face_G,3,LR-P1-N2-rel,GP,boot,300,0.09186207445940955,0.09254584775473584,True,0.0006485084306095979,0.05426356589147287,0.0008829427434078596,0.03088803088803089,1.196911196911197,1.7396366466133908,"[[27.000001907348633, 5.000000476837158], [31.000001907348633, 12.000000953674316], 74.28849029541016]",0.04088139533996582,
fing_x_face,0,0.001,li_V>ri_V>face_G,3,LR-P2-N2-rel,GP,boot,300,0.10156049934980398,0.11685341622161272,True,0.0006334268392000724,0.06201550387596899,0.0007183262997216486,0.04247104247104247,1.2007722007722008,1.718281404327916,"[[28.000001907348633, 5.000000476837158], [31.000001907348633, 14.000000953674316], 74.00113677978516]",0.03934979438781738,
fing_x_face,0,0.001,ri_V>face_C>face_G,3,LR-P1-N2,GP,boot,300,0.04795840839990241,0.0475297445748652,True,0.0006485084306095979,0.015503875968992248,0.0008530124809194577,0.015444015444015444,1.1428571428571428,2.159707880638113,"[[28.000001907348633, 3.000000238418579], [0.6652000546455383, 0.5549700856208801], 75.28327941894531]",0.036556243896484375,
fing_x_face,0,0.001,ri_V>face_C>face_G,3,LR-P1-N3,GP,boot,300,0.047961696442052025,0.047529157108821295,True,0.0006485084306095979,0.015503875968992248,0.0008530124809194577,0.015444015444015444,1.1428571428571428,2.1597976714255784,"[[28.000001907348633, 3.000000238418579], [0.6652000546455383, 0.5549600720405579], 75.28327941894531]",0.03561592102050781,
fing_x_face,0,0.001,ri_V>face_C>face_G,3,LR-P2-N2,GP,boot,300,0.0605149541620459,0.05627578995730106,True,0.0006485084306095979,0.015503875968992248,0.0006135703810122415,0.015444015444015444,1.1428571428571428,2.285235401514471,"[[28.000001907348633, 3.000000238418579], [0.6649300456047058, 0.5422000885009766], 75.49685668945312]",0.03987383842468262,
fing_x_face,0,0.001,ri_V>face_C>face_G,3,LR-P1-N2-rel,GP,boot,300,0.04564582005032991,0.06688541097786868,True,0.0006485084306095979,0.03488372093023256,0.0005836401185238395,0.019305019305019305,1.1544401544401544,1.5089042530902996,"[[30.000001907348633, 6.000000476837158], [0.6540000438690186, 0.5793400406837463], 75.21027374267578]",0.04570150375366211,
fing_x_face,0,0.001,ri_V>face_C>face_G,3,LR-P2-N2-rel,GP,boot,300,0.05705280431114798,0.08744924216436388,True,0.0006183452477905468,0.03875968992248062,0.0008679776121636587,0.023166023166023165,1.1235521235521235,1.258552572506061,"[[28.000001907348633, 8.000000953674316], [0.6444700360298157, 0.573180079460144], 74.908447265625]",0.03901863098144531,
fing_x_face,0,0.001,ri_V>face_C>li_V,3,LR-P1-N2,GP,boot,300,0.0460159649538491,0.04507302870735159,True,0.0005429372907429192,0.023255813953488372,0.0005237795935470355,0.007722007722007722,1.1428571428571428,2.880488461883811,"[[28.000001907348633, 3.000000238418579], [0.6632700562477112, -Infinity], 30.000001907348633]",0.02283787727355957,
fing_x_face,0,0.001,ri_V>face_C>li_V,3,LR-P1-N3,GP,boot,300,0.04601888711318822,0.0450735002711038,True,0.0005429372907429192,0.023255813953488372,0.0005237795935470355,0.007722007722007722,1.1428571428571428,2.880488461883811,"[[28.000001907348633, 3.000000238418579], [0.6632700562477112, -Infinity], 30.000001907348633]",0.022393465042114258,
fing_x_face,0,0.001,ri_V>face_C>li_V,3,LR-P2-N2,GP,boot,300,0.058554235068590525,0.0546039399643104,True,0.0005731004735619702,0.023255813953488372,0.0005537098560354374,0.007722007722007722,1.1428571428571428,2.8805183921462993,"[[28.000001907348633, 3.000000238418579], [0.6638700366020203, -Infinity], 30.0]",0.025680065155029297,
fing_x_face,0,0.001,ri_V>face_C>li_V,3,LR-P1-N2-rel,GP,boot,300,,,False,,,,,,,,,True
fing_x_face,0,0.001,ri_V>face_C>li_V,3,LR-P2-N2-rel,GP,boot,300,,,False,,,,,,,,,True
fing_x_face,0,0.001,ri_V>face_G>face_C,3,LR-P1-N2,GP,boot,300,0.05079716178433104,0.04967065349366908,True,0.0006635900220191234,0.01937984496124031,0.0005537098560354374,0.019305019305019305,1.1583011583011582,2.2402801472568914,"[[28.000001907348633, 3.000000238418579], [75.747314453125, 66.76127624511719], 0.6618099808692932]",0.04744315147399902,
fing_x_face,0,0.001,ri_V>face_G>face_C,3,LR-P1-N3,GP,boot,300,0.05079645200117717,0.04966662869944283,True,0.0006635900220191234,0.01937984496124031,0.0005537098560354374,0.019305019305019305,1.1583011583011582,2.240699170931729,"[[28.000001907348633, 3.000000238418579], [75.747314453125, 66.75965118408203], 0.6618099808692932]",0.05097150802612305,
fing_x_face,0,0.001,ri_V>face_G>face_C,3,LR-P2-N2,GP,boot,300,0.06341194035518992,0.05852293491606316,True,0.0006334268392000724,0.01937984496124031,0.0005237795935470355,0.015444015444015444,1.166023166023166,2.4877734877734876,"[[28.000001907348633, 3.000000238418579], [75.80873107910156, 65.8858413696289], 0.6632699966430664]",0.04410910606384277,
fing_x_face,0,0.001,ri_V>face_G>face_C,3,LR-P1-N2-rel,GP,boot,300,0.04704108998162549,0.0695382501269667,True,0.000678671613428649,0.031007751937984496,0.0007632216934542516,0.019305019305019305,1.1428571428571428,1.51563856215019,"[[28.000001907348633, 6.000000476837158], [75.20835876464844, 72.27626037597656], 0.6576499938964844]",0.04642915725708008,
fing_x_face,0,0.001,ri_V>face_G>face_C,3,LR-P2-N2-rel,GP,boot,300,0.05960441237539784,0.08492665578396996,True,0.0006334268392000724,0.03875968992248062,0.0010176289246056687,0.02702702702702703,1.1235521235521235,1.2615904941486338,"[[28.000001907348633, 8.000000953674316], [74.94097137451172, 71.91048431396484], 0.6406400203704834]",0.04502606391906738,
fing_x_face,0,0.001,ri_V>face_G>li_V,3,LR-P1-N2,GP,boot,300,0.05046157592382605,0.048100201353725745,True,0.0005278556993333936,0.023255813953488372,0.0006135703810122415,0.011583011583011582,1.1583011583011582,2.7157373320164018,"[[28.000001907348633, 3.000000238418579], [75.45633697509766, 64.8189697265625], 29.000001907348633]",0.03752756118774414,
fing_x_face,0,0.001,ri_V>face_G>li_V,3,LR-P1-N3,GP,boot,300,0.05046157592382605,0.048100201353725745,True,0.0005278556993333936,0.023255813953488372,0.0006135703810122415,0.011583011583011582,1.1583011583011582,2.7157373320164018,"[[28.000001907348633, 3.000000238418579], [75.45633697509766, 64.8189697265625], 29.000001907348633]",0.038342952728271484,
fing_x_face,0,0.001,ri_V>face_G>li_V,3,LR-P2-N2,GP,boot,300,0.06378354798527389,0.05859149330066249,True,0.0004675293336952915,0.023255813953488372,0.0005237795935470355,0.011583011583011582,1.1583011583011582,2.715827122803867,"[[28.000001907348633, 3.000000238418579], [75.52446746826172, 64.8189697265625], 29.000001907348633]",0.03940010070800781,
fing_x_face,0,0.001,ri_V>face_G>li_V,3,LR-P1-N2-rel,GP,boot,300,0.049116064872169095,0.05208644355427586,True,0.0006334268392000724,0.03875968992248062,0.0008679776121636587,0.019305019305019305,1.1274131274131274,1.4173475801382778,"[[28.000001907348633, 7.000000476837158], [74.96720123291016, 67.12157440185547], 26.0]",0.04751157760620117,
fing_x_face,0,0.001,ri_V>face_G>li_V,3,LR-P2-N2-rel,GP,boot,300,0.06546441446593163,0.07417627494786322,True,0.0006334268392000724,0.04263565891472868,0.0008979078746520607,0.02702702702702703,1.1196911196911197,1.1948011134057646,"[[28.000001907348633, 9.000000953674316], [74.66610717773438, 67.63724517822266], 23.0]",0.04284214973449707,
fing_x_face,0,0.001,ri_V>li_V>face_C,3,LR-P1-N2,GP,boot,300,0.05263618207922381,0.048566120398867436,True,0.0006032636563810213,0.04263565891472868,0.0005088144623028344,0.023166023166023165,1.166023166023166,2.1955493699679747,"[[27.000001907348633, 3.000000238418579], [30.000001907348633, 8.000000953674316], 0.6545500159263611]",0.039798736572265625,
fing_x_face,0,0.001,ri_V>li_V>face_C,3,LR-P1-N3,GP,boot,300,0.05263559593075986,0.048565355477169336,True,0.0006032636563810213,0.04263565891472868,0.0005088144623028344,0.023166023166023165,1.166023166023166,2.1955493699679747,"[[27.000001907348633, 3.000000238418579], [30.000001907348633, 8.000000953674316], 0.6545500159263611]",0.03750276565551758,
fing_x_face,0,0.001,ri_V>li_V>face_C,3,LR-P2-N2,GP,boot,300,0.06165638412012397,0.05727080449420097,True,0.0005278556993333936,0.04263565891472868,0.0005537098560354374,0.019305019305019305,1.1776061776061777,2.4405584986980338,"[[28.000001907348633, 3.000000238418579], [30.000001907348633, 6.000000476837158], 0.6576500535011292]",0.03742408752441406,
fing_x_face,0,0.001,ri_V>li_V>face_C,3,LR-P1-N2-rel,GP,boot,300,0.050958412753681764,0.053414241893637755,True,0.0006183452477905468,0.05426356589147287,0.0005088144623028344,0.04247104247104247,1.1467181467181466,1.9827751339379247,"[[27.000001907348633, 3.000000238418579], [30.000001907348633, 13.000000953674316], 0.6362400054931641]",0.02744460105895996,
fing_x_face,0,0.001,ri_V>li_V>face_C,3,LR-P2-N2-rel,GP,boot,300,0.07040410520486987,0.08809864774501586,True,0.0006183452477905468,0.06201550387596899,0.0005237795935470355,0.04633204633204633,1.1274131274131274,1.372990931130466,"[[27.000001907348633, 7.000000476837158], [28.000001907348633, 11.000000953674316], 0.6396499872207642]",0.04004788398742676,
fing_x_face,0,0.001,ri_V>li_V>face_G,3,LR-P1-N2,GP,boot,300,0.0543002626356891,0.04962446842451495,True,0.0006032636563810213,0.03488372093023256,0.0005986052497680404,0.03088803088803089,1.1583011583011582,2.1201101433659573,"[[27.000001907348633, 3.000000238418579], [30.000001907348633, 9.000000953674316], 75.01026916503906]",0.030223846435546875,
fing_x_face,0,0.001,ri_V>li_V>face_G,3,LR-P1-N3,GP,boot,300,0.0543002626356891,0.04962446842451495,True,0.0006032636563810213,0.03488372093023256,0.0005986052497680404,0.03088803088803089,1.1583011583011582,2.1201101433659573,"[[27.000001907348633, 3.000000238418579], [30.000001907348633, 9.000000953674316], 75.01026916503906]",0.03200078010559082,
fing_x_face,0,0.001,ri_V>li_V>face_G,3,LR-P2-N2,GP,boot,300,0.06407675854916516,0.057955931046187785,True,0.0005580188821524447,0.03875968992248062,0.0007033611684774476,0.02702702702702703,1.1737451737451738,2.440498638173057,"[[28.000001907348633, 3.000000238418579], [29.000001907348633, 6.000000476837158], 75.21878051757812]",0.03362107276916504,
fing_x_face,0,0.001,ri_V>li_V>face_G,3,LR-P1-N2-rel,GP,boot,300,0.05231433684274849,0.053681927821167805,True,0.0005881820649714958,0.050387596899224806,0.0005537098560354374,0.04247104247104247,1.1467181467181466,1.9827751339379247,"[[27.000001907348633, 3.000000238418579], [30.000001907348633, 13.000000953674316], 74.43785858154297]",0.028202533721923828,
fing_x_face,0,0.001,ri_V>li_V>face_G,3,LR-P2-N2-rel,GP,boot,300,0.07314212733314115,0.08757768261150582,True,0.0006183452477905468,0.05813953488372093,0.0006734309059890455,0.04633204633204633,1.1274131274131274,1.372990931130466,"[[27.000001907348633, 7.000000476837158], [28.000001907348633, 11.000000953674316], 74.53108978271484]",0.03925299644470215,
fing_x_face,0,0.001,face_C>face_G>li_V>ri_V,4,LR-P1-N2,GP,boot,300,,,False,,,,,,,,,True
fing_x_face,0,0.001,face_C>face_G>li_V>ri_V,4,LR-P1-N3,GP,boot,300,,,False,,,,,,,,,True
fing_x_face,0,0.001,face_C>face_G>li_V>ri_V,4,LR-P2-N2,GP,boot,300,,,False,,,,,,,,,True
fing_x_face,0,0.001,face_C>face_G>li_V>ri_V,4,LR-P1-N2-rel,GP,boot,300,,,False,,,,,,,,,True
fing_x_face,0,0.001,face_C>face_G>li_V>ri_V,4,LR-P2-N2-rel,GP,boot,300,,,False,,,,,,,,,True
fing_x_face,0,0.001,face_C>face_G>ri_V>li_V,4,LR-P1-N2,GP,boot,300,,,False,,,,,,,,,True
fing_x_face,0,0.001,face_C>face_G>ri_V>li_V,4,LR-P1-N3,GP,boot,300,,,False,,,,,,,,,True
fing_x_face,0,0.001,face_C>face_G>ri_V>li_V,4,LR-P2-N2,GP,boot,300,,,False,,,,,,,,,True
fing_x_face,0,0.001,face_C>face_G>ri_V>li_V,4,LR-P1-N2-rel,GP,boot,300,,,False,,,,,,,,,True
fing_x_face,0,0.001,face_C>face_G>ri_V>li_V,4,LR-P2-N2-rel,GP,boot,300,,,False,,,,,,,,,True
fing_x_face,0,0.001,face_C>li_V>face_G>ri_V,4,LR-P1-N2,GP,boot,300,,,False,,,,,,,,,True
fing_x_face,0,0.001,face_C>li_V>face_G>ri_V,4,LR-P1-N3,GP,boot,300,,,False,,,,,,,,,True
fing_x_face,0,0.001,face_C>li_V>face_G>ri_V,4,LR-P2-N2,GP,boot,300,,,False,,,,,,,,,True
fing_x_face,0,0.001,face_C>li_V>face_G>ri_V,4,LR-P1-N2-rel,GP,boot,300,,,False,,,,,,,,,True
fing_x_face,0,0.001,face_C>li_V>face_G>ri_V,4,LR-P2-N2-rel,GP,boot,300,,,False,,,,,,,,,True
fing_x_face,0,0.001,face_C>li_V>ri_V>face_G,4,LR-P1-N2,GP,boot,300,,,False,,,,,,,,,True
fing_x_face,0,0.001,face_C>li_V>ri_V>face_G,4,LR-P1-N3,GP,boot,300,,,False,,,,,,,,,True
fing_x_face,0,0.001,face_C>li_V>ri_V>face_G,4,LR-P2-N2,GP,boot,300,,,False,,,,,,,,,True
fing_x_face,0,0.001,face_C>li_V>ri_V>face_G,4,LR-P1-N2-rel,GP,boot,300,,,False,,,,,,,,,True
fing_x_face,0,0.001,face_C>li_V>ri_V>face_G,4,LR-P2-N2-rel,GP,boot,300,,,False,,,,,,,,,True
fing_x_face,0,0.001,face_C>ri_V>face_G>li_V,4,LR-P1-N2,GP,boot,300,,,False,,,,,,,,,True
fing_x_face,0,0.001,face_C>ri_V>face_G>li_V,4,LR-P1-N3,GP,boot,300,,,False,,,,,,,,,True
fing_x_face,0,0.001,face_C>ri_V>face_G>li_V,4,LR-P2-N2,GP,boot,300,,,False,,,,,,,,,True
fing_x_face,0,0.001,face_C>ri_V>face_G>li_V,4,LR-P1-N2-rel,GP,boot,300,,,False,,,,,,,,,True
fing_x_face,0,0.001,face_C>ri_V>face_G>li_V,4,LR-P2-N2-rel,GP,boot,300,,,False,,,,,,,,,True
fing_x_face,0,0.001,face_C>ri_V>li_V>face_G,4,LR-P1-N2,GP,boot,300,,,False,,,,,,,,,True
fing_x_face,0,0.001,face_C>ri_V>li_V>face_G,4,LR-P1-N3,GP,boot,300,,,False,,,,,,,,,True
fing_x_face,0,0.001,face_C>ri_V>li_V>face_G,4,LR-P2-N2,GP,boot,300,0.07384727115516522,0.07074130108620665,True,0.0005429372907429192,0.015503875968992248,0.0005088144623028344,0.003861003861003861,1.223938223938224,3.065726856424531,"[[0.653890073299408, -Infinity], [33.000003814697266, 3.000000238418579], [35.000003814697266, 10.000000953674316], 76.17057037353516]",0.055548906326293945,
fing_x_face,0,0.001,face_C>ri_V>li_V>face_G,4,LR-P1-N2-rel,GP,boot,300,,,False,,,,,,,,,True
fing_x_face,0,0.001,face_C>ri_V>li_V>face_G,4,LR-P2-N2-rel,GP,boot,300,,,False,,,,,,,,,True
fing_x_face,0,0.001,face_G>face_C>li_V>ri_V,4,LR-P1-N2,GP,boot,300,,,False,,,,,,,,,True
fing_x_face,0,0.001,face_G>face_C>li_V>ri_V,4,LR-P1-N3,GP,boot,300,,,False,,,,,,,,,True
fing_x_face,0,0.001,face_G>face_C>li_V>ri_V,4,LR-P2-N2,GP,boot,300,0.10882438311132703,0.10203205918342642,True,0.0006334268392000724,0.01937984496124031,0.0008979078746520607,0.007722007722007722,1.4401544401544402,3.22139415162671,"[[75.1910400390625, 64.8189697265625], [0.6649300456047058, -Infinity], [35.000003814697266, 5.000000476837158], 35.000003814697266]",0.05992627143859863,
fing_x_face,0,0.001,face_G>face_C>li_V>ri_V,4,LR-P1-N2-rel,GP,boot,300,,,False,,,,,,,,,True
fing_x_face,0,0.001,face_G>face_C>li_V>ri_V,4,LR-P2-N2-rel,GP,boot,300,,,False,,,,,,,,,True
fing_x_face,0,0.001,face_G>face_C>ri_V>li_V,4,LR-P1-N2,GP,boot,300,0.06910548749033285,0.0678637141445423,True,0.0006183452477905468,0.01937984496124031,0.0008829427434078596,0.007722007722007722,1.4285714285714286,3.4246206339229595,"[[75.1910400390625, 64.8189697265625], [0.666610062122345, -Infinity], [34.000003814697266, 3.000000238418579], 35.0]",0.05240488052368164,
fing_x_face,0,0.001,face_G>face_C>ri_V>li_V,4,LR-P1-N3,GP,boot,300,0.06911377169841267,0.06786947068168953,True,0.0006183452477905468,0.01937984496124031,0.0008829427434078596,0.007722007722007722,1.4285714285714286,3.4246206339229595,"[[75.1910400390625, 64.8189697265625], [0.666610062122345, -Infinity], [34.000003814697266, 3.000000238418579], 35.0]",0.0550227165222168,
fing_x_face,0,0.001,face_G>face_C>ri_V>li_V,4,LR-P2-N2,GP,boot,300,0.10612674589751041,0.10051622658211423,True,0.0006032636563810213,0.01937984496124031,0.0009278381371404627,0.007722007722007722,1.4285714285714286,3.4244410523480293,"[[75.16844940185547, 64.8189697265625], [0.666610062122345, -Infinity], [35.000003814697266, 3.000000238418579], 35.000003814697266]",0.056707143783569336,
fing_x_face,0,0.001,face_G>face_C>ri_V>li_V,4,LR-P1-N2-rel,GP,boot,300,,,False,,,,,,,,,True
fing_x_face,0,0.001,face_G>face_C>ri_V>li_V,4,LR-P2-N2-rel,GP,boot,300,,,False,,,,,,,,,True
fing_x_face,0,0.001,face_G>li_V>face_C>ri_V,4,LR-P1-N2,GP,boot,300,0.08376594160154364,0.08083083267714808,True,0.0005881820649714958,0.03488372093023256,0.0010176289246056687,0.003861003861003861,1.274131274131274,2.9679596540061657,"[[75.06217956542969, 64.8189697265625], [33.000003814697266, 5.000000476837158], [0.6843500733375549, -Infinity], 38.000003814697266]",0.0627756118774414,
fing_x_face,0,0.001,face_G>li_V>face_C>ri_V,4,LR-P1-N3,GP,boot,300,0.08376725347704563,0.08083223417606068,True,0.0005881820649714958,0.03488372093023256,0.0010176289246056687,0.003861003861003861,1.274131274131274,2.9679596540061657,"[[75.06217956542969, 64.8189697265625], [33.000003814697266, 5.000000476837158], [0.6843500733375549, -Infinity], 38.000003814697266]",0.06708669662475586,
fing_x_face,0,0.001,face_G>li_V>face_C>ri_V,4,LR-P2-N2,GP,boot,300,0.11463142780062852,0.1069488203674335,True,0.0005580188821524447,0.027131782945736434,0.0010325940558498698,0.003861003861003861,1.2702702702702702,2.9679596540061657,"[[75.10057067871094, 64.8189697265625], [30.000001907348633, 5.000000476837158], [0.6723300814628601, -Infinity], 35.000003814697266]",0.0627593994140625,
fing_x_face,0,0.001,face_G>li_V>face_C>ri_V,4,LR-P1-N2-rel,GP,boot,300,,,False,,,,,,,,,True
fing_x_face,0,0.001,face_G>li_V>face_C>ri_V,4,LR-P2-N2-rel,GP,boot,300,,,False,,,,,,,,,True
fing_x_face,0,0.001,face_G>li_V>ri_V>face_C,4,LR-P1-N2,GP,boot,300,,,False,,,,,,,,,True
fing_x_face,0,0.001,face_G>li_V>ri_V>face_C,4,LR-P1-N3,GP,boot,300,,,False,,,,,,,,,True
fing_x_face,0,0.001,face_G>li_V>ri_V>face_C,4,LR-P2-N2,GP,boot,300,0.113211215699702,0.10584086682227006,True,0.0005731004735619702,0.031007751937984496,0.001047559187094071,0.003861003861003861,1.2548262548262548,2.4982790099069168,"[[75.06668090820312, 64.8189697265625], [30.000001907348633, 5.000000476837158], [38.000003814697266, 9.000000953674316], 0.6719500422477722]",0.07215213775634766,
fing_x_face,0,0.001,face_G>li_V>ri_V>face_C,4,LR-P1-N2-rel,GP,boot,300,0.05884285148406225,0.07360605893552355,True,0.0006032636563810213,0.031007751937984496,0.0010625243183382718,0.003861003861003861,1.250965250965251,2.4052108586992307,"[[75.06668090820312, 64.8189697265625], [30.000001907348633, 5.000000476837158], [38.000003814697266, 16.000001907348633], 0.6491699814796448]",0.0599827766418457,
fing_x_face,0,0.001,face_G>li_V>ri_V>face_C,4,LR-P2-N2-rel,GP,boot,300,,,False,,,,,,,,,True
fing_x_face,0,0.001,face_G>ri_V>face_C>li_V,4,LR-P1-N2,GP,boot,300,0.06840070134268282,0.06743741946607879,True,0.0005580188821524447,0.01937984496124031,0.0008829427434078596,0.003861003861003861,1.277992277992278,3.2858639370267277,"[[75.16844940185547, 64.8189697265625], [33.000003814697266, 3.000000238418579], [0.6719500422477722, 0.49734002351760864], 31.000001907348633]",0.09916925430297852,
fing_x_face,0,0.001,face_G>ri_V>face_C>li_V,4,LR-P1-N3,GP,boot,300,0.06840118890765105,0.06743697026234588,True,0.0005580188821524447,0.01937984496124031,0.0008829427434078596,0.003861003861003861,1.277992277992278,3.2867917751638682,"[[75.16844940185547, 64.8189697265625], [33.000003814697266, 3.000000238418579], [0.6719500422477722, 0.49713003635406494], 31.000001907348633]",0.10601663589477539,
fing_x_face,0,0.001,face_G>ri_V>face_C>li_V,4,LR-P2-N2,GP,boot,300,0.10117357717381861,0.09662308782590319,True,0.0005881820649714958,0.01937984496124031,0.0008081170871868546,0.007722007722007722,1.2702702702702702,3.174717907276047,"[[75.1910400390625, 64.8189697265625], [32.000003814697266, 3.000000238418579], [0.6716300845146179, 0.513420045375824], 35.000003814697266]",0.07452106475830078,
fing_x_face,0,0.001,face_G>ri_V>face_C>li_V,4,LR-P1-N2-rel,GP,boot,300,0.04290839538691433,0.05426315217171701,True,0.0006183452477905468,0.015503875968992248,0.0009577683996288647,0.007722007722007722,1.2625482625482625,1.9892400706354194,"[[75.16844940185547, 64.8189697265625], [33.000003814697266, 9.000000953674316], [0.6471100449562073, 0.5578700304031372], 30.000001907348633]",0.06764745712280273,
fing_x_face,0,0.001,face_G>ri_V>face_C>li_V,4,LR-P2-N2-rel,GP,boot,300,,,False,,,,,,,,,True
fing_x_face,0,0.001,face_G>ri_V>li_V>face_C,4,LR-P1-N2,GP,boot,300,0.07020140030228357,0.06829467625144979,True,0.0006032636563810213,0.027131782945736434,0.0009428032683846638,0.011583011583011582,1.2548262548262548,2.7027775283589235,"[[75.11921691894531, 64.8189697265625], [31.000001907348633, 3.000000238418579], [35.000003814697266, 10.000000953674316], 0.6843500733375549]",0.06699395179748535,
fing_x_face,0,0.001,face_G>ri_V>li_V>face_C,4,LR-P1-N3,GP,boot,300,0.07020120045761703,0.06829467625144979,True,0.0006032636563810213,0.027131782945736434,0.0009428032683846638,0.011583011583011582,1.2548262548262548,2.7027775283589235,"[[75.11921691894531, 64.8189697265625], [31.000001907348633, 3.000000238418579], [35.000003814697266, 10.000000953674316], 0.6843500733375549]",0.06133246421813965,
fing_x_face,0,0.001,face_G>ri_V>li_V>face_C,4,LR-P2-N2,GP,boot,300,0.10195662148387048,0.09739559336072016,True,0.0005881820649714958,0.027131782945736434,0.0008829427434078596,0.011583011583011582,1.2625482625482625,2.7465355721169673,"[[75.1368408203125, 64.8189697265625], [32.000003814697266, 3.000000238418579], [33.000003814697266, 9.000000953674316], 0.6843500137329102]",0.06531929969787598,
fing_x_face,0,0.001,face_G>ri_V>li_V>face_C,4,LR-P1-N2-rel,GP,boot,300,0.04489564149177174,0.06517117250128024,True,0.0006183452477905468,0.023255813953488372,0.0008081170871868546,0.011583011583011582,1.2625482625482625,2.371284906168627,"[[75.16844940185547, 64.8189697265625], [31.000001907348633, 5.000000476837158], [33.000003814697266, 14.000000953674316], 0.6666100025177002]",0.0642242431640625,
fing_x_face,0,0.001,face_G>ri_V>li_V>face_C,4,LR-P2-N2-rel,GP,boot,300,,,False,,,,,,,,,True
fing_x_face,0,0.001,li_V>face_C>face_G>ri_V,4,LR-P1-N2,GP,boot,300,0.10417237189076212,0.1025316438724651,True,0.00048261092510481704,0.03488372093023256,0.0005836401185238395,0.023166023166023165,1.2084942084942085,2.9635748705516147,"[[28.000001907348633, 5.000000476837158], [0.661810040473938, -Infinity], [75.91119384765625, 64.8189697265625], 33.000003814697266]",0.061691999435424805,
fing_x_face,0,0.001,li_V>face_C>face_G>ri_V,4,LR-P1-N3,GP,boot,300,0.10417918397948478,0.10253501369269562,True,0.00048261092510481704,0.03488372093023256,0.0005836401185238395,0.023166023166023165,1.2084942084942085,2.9635748705516147,"[[28.000001907348633, 5.000000476837158], [0.661810040473938, -Infinity], [75.91119384765625, 64.8189697265625], 33.000003814697266]",0.06209850311279297,
fing_x_face,0,0.001,li_V>face_C>face_G>ri_V,4,LR-P2-N2,GP,boot,300,0.10746890272692168,0.10278606270092738,True,0.0005127741079238681,0.03488372093023256,0.0005836401185238395,0.023166023166023165,1.1891891891891893,2.9635299751578823,"[[27.000001907348633, 5.000000476837158], [0.663550078868866, -Infinity], [76.17057037353516, 64.8189697265625], 34.000003814697266]",0.06128287315368652,
fing_x_face,0,0.001,li_V>face_C>face_G>ri_V,4,LR-P1-N2-rel,GP,boot,300,,,False,,,,,,,,,True
fing_x_face,0,0.001,li_V>face_C>face_G>ri_V,4,LR-P2-N2-rel,GP,boot,300,,,False,,,,,,,,,True
fing_x_face,0,0.001,li_V>face_C>ri_V>face_G,4,LR-P1-N2,GP,boot,300,0.10293189830876948,0.10134882482448548,True,0.000452447742285766,0.03488372093023256,0.0008081170871868546,0.019305019305019305,1.2007722007722008,2.4787345485019903,"[[28.000001907348633, 5.000000476837158], [0.661810040473938, -Infinity], [34.000003814697266, 10.000000953674316], 74.89923095703125]",0.06593465805053711,
fing_x_face,0,0.001,li_V>face_C>ri_V>face_G,4,LR-P1-N3,GP,boot,300,0.10293884986887882,0.10135277445112395,True,0.000452447742285766,0.03488372093023256,0.0008081170871868546,0.019305019305019305,1.2007722007722008,2.4787345485019903,"[[28.000001907348633, 5.000000476837158], [0.661810040473938, -Infinity], [34.000003814697266, 10.000000953674316], 74.89923095703125]",0.06360960006713867,
fing_x_face,0,0.001,li_V>face_C>ri_V>face_G,4,LR-P2-N2,GP,boot,300,0.10539868651599131,0.10149283483442484,True,0.00048261092510481704,0.03488372093023256,0.0006135703810122415,0.023166023166023165,1.1853281853281854,2.5158929693813414,"[[27.000001907348633, 5.000000476837158], [0.6649300456047058, -Infinity], [35.000003814697266, 9.000000953674316], 75.23368835449219]",0.06670212745666504,
fing_x_face,0,0.001,li_V>face_C>ri_V>face_G,4,LR-P1-N2-rel,GP,boot,300,0.08466665892226262,0.08932309457650749,True,0.0006032636563810213,0.03488372093023256,0.0007931519559426536,0.023166023166023165,1.1891891891891893,2.118613630241537,"[[29.000001907348633, 5.000000476837158], [0.6567800641059875, 0.5255000591278076], [32.000003814697266, 13.000000953674316], 74.22075653076172]",0.07206845283508301,
fing_x_face,0,0.001,li_V>face_C>ri_V>face_G,4,LR-P2-N2-rel,GP,boot,300,0.08636499082021887,0.10608758104897811,True,0.0005881820649714958,0.03875968992248062,0.0008979078746520607,0.023166023166023165,1.1891891891891893,1.8394241417497232,"[[28.000001907348633, 5.000000476837158], [0.6580700874328613, 0.5610100626945496], [26.000001907348633, 11.000000953674316], 74.89425659179688]",0.06943726539611816,
fing_x_face,0,0.001,li_V>face_G>face_C>ri_V,4,LR-P1-N2,GP,boot,300,0.10821469445262516,0.1044484459998853,True,0.0005580188821524447,0.03488372093023256,0.0006285355122564425,0.023166023166023165,1.193050193050193,2.83976833976834,"[[27.000001907348633, 5.000000476837158], [75.5078353881836, 64.8189697265625], [0.6681700348854065, -Infinity], 33.000003814697266]",0.06534528732299805,
fing_x_face,0,0.001,li_V>face_G>face_C>ri_V,4,LR-P1-N3,GP,boot,300,0.10821630639604235,0.10444885917451732,True,0.0005580188821524447,0.03488372093023256,0.0006285355122564425,0.023166023166023165,1.193050193050193,2.83976833976834,"[[27.000001907348633, 5.000000476837158], [75.5078353881836, 64.8189697265625], [0.6681700348854065, -Infinity], 33.000003814697266]",0.06345391273498535,
fing_x_face,0,0.001,li_V>face_G>face_C>ri_V,4,LR-P2-N2,GP,boot,300,0.11263712383081143,0.1064754187340251,True,0.0004976925165143426,0.03488372093023256,0.0004938493310586334,0.02702702702702703,1.2007722007722008,2.839992816737003,"[[27.000001907348633, 5.000000476837158], [75.80064392089844, 64.8189697265625], [0.6716300845146179, -Infinity], 34.000003814697266]",0.07739710807800293,
fing_x_face,0,0.001,li_V>face_G>face_C>ri_V,4,LR-P1-N2-rel,GP,boot,300,,,False,,,,,,,,,True
fing_x_face,0,0.001,li_V>face_G>face_C>ri_V,4,LR-P2-N2-rel,GP,boot,300,,,False,,,,,,,,,True
fing_x_face,0,0.001,li_V>face_G>ri_V>face_C,4,LR-P1-N2,GP,boot,300,0.10810298379334048,0.10396697967718098,True,0.0005881820649714958,0.031007751937984496,0.0006584657747448446,0.019305019305019305,1.193050193050193,2.3699530094878933,"[[27.000001907348633, 5.000000476837158], [75.49686431884766, 64.8189697265625], [33.000003814697266, 9.000000953674316], 0.6496800780296326]",0.07328963279724121,
fing_x_face,0,0.001,li_V>face_G>ri_V>face_C,4,LR-P1-N3,GP,boot,300,0.10810275693252223,0.10396681219202125,True,0.0005881820649714958,0.031007751937984496,0.0006584657747448446,0.019305019305019305,1.193050193050193,2.3699530094878933,"[[27.000001907348633, 5.000000476837158], [75.49686431884766, 64.8189697265625], [33.000003814697266, 9.000000953674316], 0.6496800780296326]",0.09573507308959961,
fing_x_face,0,0.001,li_V>face_G>ri_V>face_C,4,LR-P2-N2,GP,boot,300,0.11130777469996195,0.10460946756289809,True,0.0006183452477905468,0.03488372093023256,0.0006285355122564425,0.023166023166023165,1.196911196911197,2.4129777618149713,"[[26.000001907348633, 5.000000476837158], [75.80064392089844, 64.8189697265625], [35.000003814697266, 8.000000953674316], 0.6651999950408936]",0.07618308067321777,
fing_x_face,0,0.001,li_V>face_G>ri_V>face_C,4,LR-P1-N2-rel,GP,boot,300,0.08692143246918017,0.09215665390941422,True,0.0006183452477905468,0.03488372093023256,0.0008829427434078596,0.023166023166023165,1.2007722007722008,2.2772739516925564,"[[28.000001907348633, 5.000000476837158], [75.21878051757812, 64.90044403076172], [33.000003814697266, 14.000000953674316], 0.6406400203704834]",0.08646106719970703,
fing_x_face,0,0.001,li_V>face_G>ri_V>face_C,4,LR-P2-N2-rel,GP,boot,300,0.08995490614446716,0.13310082260746875,True,0.0006183452477905468,0.031007751937984496,0.0008230822184310556,0.02702702702702703,1.196911196911197,1.8713298015623596,"[[28.000001907348633, 5.000000476837158], [75.27391052246094, 67.2834243774414], [27.000001907348633, 11.000000953674316], 0.6635500192642212]",0.07395482063293457,
fing_x_face,0,0.001,li_V>ri_V>face_C>face_G,4,LR-P1-N2,GP,boot,300,0.10237355726997391,0.10059358247458909,True,0.000678671613428649,0.03875968992248062,0.0009128730058962617,0.023166023166023165,1.2123552123552124,2.4587112028972493,"[[27.000001907348633, 5.000000476837158], [31.000001907348633, 3.000000238418579], [0.6689900755882263, 0.5658900737762451], 75.2083511352539]",0.0801997184753418,
fing_x_face,0,0.001,li_V>ri_V>face_C>face_G,4,LR-P1-N3,GP,boot,300,0.10237419426254724,0.10059343840997793,True,0.000678671613428649,0.03875968992248062,0.0009128730058962617,0.023166023166023165,1.2123552123552124,2.458771063422226,"[[27.000001907348633, 5.000000476837158], [31.000001907348633, 3.000000238418579], [0.6689900755882263, 0.5658700466156006], 75.2083511352539]",0.0698549747467041,
fing_x_face,0,0.001,li_V>ri_V>face_C>face_G,4,LR-P2-N2,GP,boot,300,0.10137658000862503,0.09860257164709721,True,0.000678671613428649,0.03875968992248062,0.0008829427434078596,0.023166023166023165,1.2162162162162162,2.4805303642512944,"[[27.000001907348633, 5.000000476837158], [31.000001907348633, 3.000000238418579], [0.6716300845146179, 0.5613900423049927], 75.2083511352539]",0.0668342113494873,
fing_x_face,0,0.001,li_V>ri_V>face_C>face_G,4,LR-P1-N2-rel,GP,boot,300,0.08402956883367178,0.09062388242786416,True,0.0006485084306095979,0.046511627906976744,0.0006734309059890455,0.023166023166023165,1.2046332046332047,1.971117296698692,"[[27.000001907348633, 5.000000476837158], [31.000001907348633, 7.000000476837158], [0.6540000438690186, 0.5793400406837463], 75.2699966430664]",0.07067608833312988,
fing_x_face,0,0.001,li_V>ri_V>face_C>face_G,4,LR-P2-N2-rel,GP,boot,300,0.08423953924323475,0.09780231851035828,True,0.0006485084306095979,0.046511627906976744,0.0010774894495824729,0.02702702702702703,1.2162162162162162,1.8366406273383018,"[[28.000001907348633, 5.000000476837158], [31.000001907348633, 9.000000953674316], [0.6444700360298157, 0.573180079460144], 74.44486999511719]",0.06749773025512695,
fing_x_face,0,0.001,li_V>ri_V>face_G>face_C,4,LR-P1-N2,GP,boot,300,0.10306346411870056,0.10114338310283537,True,0.0006183452477905468,0.03875968992248062,0.0005836401185238395,0.02702702702702703,1.2162162162162162,2.4960791356140195,"[[27.000001907348633, 5.000000476837158], [31.000001907348633, 3.000000238418579], [75.91119384765625, 70.12562561035156], 0.664929986000061]",0.06609582901000977,
fing_x_face,0,0.001,li_V>ri_V>face_G>face_C,4,LR-P1-N3,GP,boot,300,0.10306328064375592,0.10114260223404314,True,0.0006183452477905468,0.03875968992248062,0.0005836401185238395,0.02702702702702703,1.2162162162162162,2.4962437520577057,"[[27.000001907348633, 5.000000476837158], [31.000001907348633, 3.000000238418579], [75.91119384765625, 70.0923843383789], 0.664929986000061]",0.06515789031982422,
fing_x_face,0,0.001,li_V>ri_V>face_G>face_C,4,LR-P2-N2,GP,boot,300,0.10207532394770258,0.0990289690137031,True,0.0006334268392000724,0.03875968992248062,0.0006135703810122415,0.02702702702702703,1.2162162162162162,2.568270928736045,"[[27.000001907348633, 5.000000476837158], [31.000001907348633, 3.000000238418579], [75.96875, 66.76371002197266], 0.6632699966430664]",0.10050606727600098,
fing_x_face,0,0.001,li_V>ri_V>face_G>face_C,4,LR-P1-N2-rel,GP,boot,300,0.08447307619635218,0.0921114404574083,True,0.0006485084306095979,0.046511627906976744,0.0007332914309658496,0.03088803088803089,1.2084942084942085,1.9742001137349974,"[[27.000001907348633, 5.000000476837158], [31.000001907348633, 7.000000476837158], [75.20835876464844, 72.27626037597656], 0.6601600050926208]",0.11336469650268555,
fing_x_face,0,0.001,li_V>ri_V>face_G>face_C,4,LR-P2-N2-rel,GP,boot,300,0.08534987770180182,0.10264603717084496,True,0.0006334268392000724,0.050387596899224806,0.0008829427434078596,0.03088803088803089,1.2162162162162162,1.8378976983628146,"[[28.000001907348633, 5.000000476837158], [31.000001907348633, 9.000000953674316], [74.94097137451172, 71.91048431396484], 0.638670027256012]",0.06755900382995605,
fing_x_face,0,0.001,ri_V>face_C>face_G>li_V,4,LR-P1-N2,GP,boot,300,0.04345923825794594,0.0425981268052609,True,0.0005278556993333936,0.015503875968992248,0.0004938493310586334,0.007722007722007722,1.1544401544401544,3.6559366675645744,"[[28.000001907348633, 3.000000238418579], [0.6652000546455383, -Infinity], [75.91119384765625, 64.8189697265625], 31.000001907348633]",0.0488283634185791,
fing_x_face,0,0.001,ri_V>face_C>face_G>li_V,4,LR-P1-N3,GP,boot,300,0.043462631536558986,0.04259975230318421,True,0.0005278556993333936,0.015503875968992248,0.0004938493310586334,0.007722007722007722,1.1544401544401544,3.6559366675645744,"[[28.000001907348633, 3.000000238418579], [0.6652000546455383, -Infinity], [75.91119384765625, 64.8189697265625], 31.000001907348633]",0.048688411712646484,
fing_x_face,0,0.001,ri_V>face_C>face_G>li_V,4,LR-P2-N2,GP,boot,300,0.05659760610869993,0.05332203472372099,True,0.0004976925165143426,0.015503875968992248,0.0004938493310586334,0.007722007722007722,1.1544401544401544,3.6559366675645744,"[[28.000001907348633, 3.000000238418579], [0.6652000546455383, -Infinity], [75.96875, 64.8189697265625], 31.000001907348633]",0.05042386054992676,
fing_x_face,0,0.001,ri_V>face_C>face_G>li_V,4,LR-P1-N2-rel,GP,boot,300,,,False,,,,,,,,,True
fing_x_face,0,0.001,ri_V>face_C>face_G>li_V,4,LR-P2-N2-rel,GP,boot,300,,,False,,,,,,,,,True
fing_x_face,0,0.001,ri_V>face_C>li_V>face_G,4,LR-P1-N2,GP,boot,300,0.04420345343038227,0.04244258425347669,True,0.0006183452477905468,0.01937984496124031,0.0005537098560354374,0.003861003861003861,1.1505791505791505,2.9676453862500374,"[[28.000001907348633, 3.000000238418579], [0.663550078868866, -Infinity], [35.000003814697266, 11.000000953674316], 74.84239959716797]",0.05289888381958008,
fing_x_face,0,0.001,ri_V>face_C>li_V>face_G,4,LR-P1-N3,GP,boot,300,0.04420669832784266,0.042444339296709765,True,0.0006183452477905468,0.01937984496124031,0.0005537098560354374,0.003861003861003861,1.1505791505791505,2.9676453862500374,"[[28.000001907348633, 3.000000238418579], [0.663550078868866, -Infinity], [35.000003814697266, 11.000000953674316], 74.84239959716797]",0.05233049392700195,
fing_x_face,0,0.001,ri_V>face_C>li_V>face_G,4,LR-P2-N2,GP,boot,300,0.056570445447458435,0.05300945500570403,True,0.0005731004735619702,0.015503875968992248,0.0005836401185238395,0.011583011583011582,1.1505791505791505,3.0603244440453743,"[[28.000001907348633, 3.000000238418579], [0.6649300456047058, -Infinity], [33.000003814697266, 9.000000953674316], 75.21878051757812]",0.05565786361694336,
fing_x_face,0,0.001,ri_V>face_C>li_V>face_G,4,LR-P1-N2-rel,GP,boot,300,0.040971488668512565,0.05122310310811668,True,0.0006183452477905468,0.031007751937984496,0.0005537098560354374,0.011583011583011582,1.1544401544401544,1.8409356200053875,"[[30.000001907348633, 5.000000476837158], [0.655500054359436, 0.5509200692176819], [29.000001907348633, 11.000000953674316], 75.49685668945312]",0.07052278518676758,
fing_x_face,0,0.001,ri_V>face_C>li_V>face_G,4,LR-P2-N2-rel,GP,boot,300,,,False,,,,,,,,,True
fing_x_face,0,0.001,ri_V>face_G>face_C>li_V,4,LR-P1-N2,GP,boot,300,0.04567590020169641,0.04451221383186183,True,0.0005127741079238681,0.015503875968992248,0.0004938493310586334,0.007722007722007722,1.1737451737451738,3.491335189009608,"[[28.000001907348633, 3.000000238418579], [75.80064392089844, 64.8189697265625], [0.6681700348854065, -Infinity], 31.000001907348633]",0.05130338668823242,
fing_x_face,0,0.001,ri_V>face_G>face_C>li_V,4,LR-P1-N3,GP,boot,300,0.045676491382744155,0.044512019596947956,True,0.0005127741079238681,0.015503875968992248,0.0004938493310586334,0.007722007722007722,1.1737451737451738,3.491335189009608,"[[28.000001907348633, 3.000000238418579], [75.80064392089844, 64.8189697265625], [0.6681700348854065, -Infinity], 31.000001907348633]",0.05276679992675781,
fing_x_face,0,0.001,ri_V>face_G>face_C>li_V,4,LR-P2-N2,GP,boot,300,0.05946460702561131,0.05458367550163858,True,0.0006032636563810213,0.015503875968992248,0.0005537098560354374,0.007722007722007722,1.166023166023166,3.378797402053216,"[[27.000001907348633, 3.000000238418579], [75.82415771484375, 64.8189697265625], [0.6689900755882263, 0.5016200542449951], 30.000001907348633]",0.06436467170715332,
fing_x_face,0,0.001,ri_V>face_G>face_C>li_V,4,LR-P1-N2-rel,GP,boot,300,,,False,,,,,,,,,True
fing_x_face,0,0.001,ri_V>face_G>face_C>li_V,4,LR-P2-N2-rel,GP,boot,300,,,False,,,,,,,,,True
fing_x_face,0,0.001,ri_V>face_G>li_V>face_C,4,LR-P1-N2,GP,boot,300,0.04760495543997701,0.04537773649654561,True,0.0006183452477905468,0.01937984496124031,0.0005836401185238395,0.011583011583011582,1.166023166023166,2.8190715632576095,"[[28.000001907348633, 3.000000238418579], [75.50403594970703, 64.8189697265625], [35.000003814697266, 10.000000953674316], 0.6478800773620605]",0.0617673397064209,
fing_x_face,0,0.001,ri_V>face_G>li_V>face_C,4,LR-P1-N3,GP,boot,300,0.04760475455602646,0.04537755299385162,True,0.0006183452477905468,0.01937984496124031,0.0005836401185238395,0.011583011583011582,1.166023166023166,2.8190715632576095,"[[28.000001907348633, 3.000000238418579], [75.50403594970703, 64.8189697265625], [35.000003814697266, 10.000000953674316], 0.6478800773620605]",0.06029629707336426,
fing_x_face,0,0.001,ri_V>face_G>li_V>face_C,4,LR-P2-N2,GP,boot,300,0.06030612136093914,0.05505083036714129,True,0.0006183452477905468,0.023255813953488372,0.00044895393732603036,0.015444015444015444,1.162162162162162,2.925249169435216,"[[27.000001907348633, 3.000000238418579], [75.80064392089844, 64.8189697265625], [33.000003814697266, 8.000000953674316], 0.664929986000061]",0.0654144287109375,
fing_x_face,0,0.001,ri_V>face_G>li_V>face_C,4,LR-P1-N2-rel,GP,boot,300,0.042637088457827904,0.053471107117764975,True,0.0006485084306095979,0.01937984496124031,0.0008081170871868546,0.015444015444015444,1.1467181467181466,2.119930561791027,"[[28.000001907348633, 4.000000476837158], [75.21028137207031, 66.64270782470703], [30.000001907348633, 12.000000953674316], 0.6638699769973755]",0.07318997383117676,
fing_x_face,0,0.001,ri_V>face_G>li_V>face_C,4,LR-P2-N2-rel,GP,boot,300,,,False,,,,,,,,,True
fing_x_face,0,0.001,ri_V>li_V>face_C>face_G,4,LR-P1-N2,GP,boot,300,0.04924173315187429,0.04673826945273061,True,0.0006183452477905468,0.027131782945736434,0.0007183262997216486,0.023166023166023165,1.1814671814671815,2.681422286073449,"[[27.000001907348633, 3.000000238418579], [31.000001907348633, 5.000000476837158], [0.6723300814628601, 0.5712400674819946], 75.2699966430664]",0.06302785873413086,
fing_x_face,0,0.001,ri_V>li_V>face_C>face_G,4,LR-P1-N3,GP,boot,300,0.04924230680425348,0.04673808257234223,True,0.0006183452477905468,0.027131782945736434,0.0007183262997216486,0.023166023166023165,1.1814671814671815,2.681527041992158,"[[27.000001907348633, 3.000000238418579], [31.000001907348633, 5.000000476837158], [0.6723300814628601, 0.5712200403213501], 75.2699966430664]",0.0656425952911377,
fing_x_face,0,0.001,ri_V>li_V>face_C>face_G,4,LR-P2-N2,GP,boot,300,0.05911840617786608,0.054657865931504325,True,0.0006032636563810213,0.027131782945736434,0.0005986052497680404,0.023166023166023165,1.1776061776061777,2.716725030678519,"[[27.000001907348633, 3.000000238418579], [30.000001907348633, 5.000000476837158], [0.6716300845146179, 0.5629300475120544], 75.49685668945312]",0.06219959259033203,
fing_x_face,0,0.001,ri_V>li_V>face_C>face_G,4,LR-P1-N2-rel,GP,boot,300,0.04413115058120223,0.06083523534663287,True,0.0006032636563810213,0.03488372093023256,0.0005387447247912364,0.023166023166023165,1.166023166023166,2.214420400466912,"[[27.000001907348633, 3.000000238418579], [30.000001907348633, 8.000000953674316], [0.655500054359436, 0.5819900631904602], 75.96874237060547]",0.06027841567993164,
fing_x_face,0,0.001,ri_V>li_V>face_C>face_G,4,LR-P2-N2-rel,GP,boot,300,0.057018762114978645,0.11666682446357962,True,0.0006032636563810213,0.04263565891472868,0.0005088144623028344,0.03474903474903475,1.1505791505791505,1.7907276046810932,"[[27.000001907348633, 5.000000476837158], [30.000001907348633, 9.000000953674316], [0.6471100449562073, 0.5785200595855713], 76.17056274414062]",0.07092905044555664,
fing_x_face,0,0.001,ri_V>li_V>face_G>face_C,4,LR-P1-N2,GP,boot,300,0.04995018792525568,0.04703363544449585,True,0.0006183452477905468,0.027131782945736434,0.0005237795935470355,0.02702702702702703,1.1776061776061777,2.7187752536589747,"[[27.000001907348633, 3.000000238418579], [30.000001907348633, 5.000000476837158], [75.96875, 71.30188751220703], 0.6638699769973755]",0.06671905517578125,
fing_x_face,0,0.001,ri_V>li_V>face_G>face_C,4,LR-P1-N3,GP,boot,300,0.049949992521480836,0.047032711357703816,True,0.0006183452477905468,0.027131782945736434,0.0005237795935470355,0.02702702702702703,1.1776061776061777,2.7188949747089284,"[[27.000001907348633, 3.000000238418579], [30.000001907348633, 5.000000476837158], [75.96875, 71.2988052368164], 0.6638699769973755]",0.06066417694091797,
fing_x_face,0,0.001,ri_V>li_V>face_G>face_C,4,LR-P2-N2,GP,boot,300,0.05982897073137071,0.055064493624287086,True,0.0006183452477905468,0.027131782945736434,0.0005237795935470355,0.02702702702702703,1.1776061776061777,2.8018466971955345,"[[27.000001907348633, 3.000000238418579], [30.000001907348633, 5.000000476837158], [75.96875, 66.83146667480469], 0.6638699769973755]",0.06558346748352051,
fing_x_face,0,0.001,ri_V>li_V>face_G>face_C,4,LR-P1-N2-rel,GP,boot,300,0.04457034017111838,0.05810552137410023,True,0.0005881820649714958,0.03488372093023256,0.0006584657747448446,0.02702702702702703,1.16988416988417,2.2173236359282873,"[[27.000001907348633, 3.000000238418579], [30.000001907348633, 8.000000953674316], [75.23677062988281, 72.41682434082031], 0.6681699752807617]",0.05628824234008789,
fing_x_face,0,0.001,ri_V>li_V>face_G>face_C,4,LR-P2-N2-rel,GP,boot,300,,,False,,,,,,,,,True
